# Blender 4.5.10 LTS
# www.blender.org
o plinth
v 0.000000 0.000000 1.721451 1.0000 1.0000 1.0000
v 0.000000 0.024759 1.736668 1.0000 1.0000 1.0000
v 0.000000 0.007252 1.737733 1.0000 1.0000 1.0000
v 0.000000 0.260000 1.581451 0.9265 0.9265 0.9265
v 0.000000 0.235241 1.623332 1.0000 1.0000 1.0000
v 0.000000 0.252748 1.605543 0.9700 0.9700 0.9700
v -0.658771 0.000000 1.590414 1.0000 1.0000 1.0000
v -0.664594 0.024759 1.604472 1.0000 1.0000 1.0000
v -0.665002 0.007252 1.605456 1.0000 1.0000 1.0000
v -0.605195 0.260000 1.461071 0.9378 0.9378 0.9378
v -0.621222 0.235241 1.499763 1.0000 1.0000 1.0000
v -0.614415 0.252748 1.483328 0.9802 0.9802 0.9802
v -1.217250 0.000000 1.217250 1.0000 1.0000 1.0000
v -1.228010 0.024759 1.228010 0.9700 0.9700 0.9700
v -1.228763 0.007252 1.228763 1.0000 1.0000 1.0000
v -1.118255 0.260000 1.118255 0.9595 0.9595 0.9595
v -1.147869 0.235241 1.147869 0.9595 0.9595 0.9595
v -1.135291 0.252748 1.135291 0.9595 0.9595 0.9595
v -1.590414 0.000000 0.658771 0.9902 0.9902 0.9902
v -1.604472 0.024759 0.664594 0.9488 0.9488 0.9488
v -1.605456 0.007252 0.665002 0.9700 0.9700 0.9700
v -1.461071 0.260000 0.605195 0.9378 0.9378 0.9378
v -1.499763 0.235241 0.621222 0.9378 0.9378 0.9378
v -1.483328 0.252748 0.614415 0.9488 0.9488 0.9488
v -1.721451 0.000000 0.000000 1.0000 1.0000 1.0000
v -1.736668 0.024759 0.000000 1.0000 1.0000 1.0000
v -1.737733 0.007252 0.000000 1.0000 1.0000 1.0000
v -1.581451 0.260000 0.000000 0.9595 0.9595 0.9595
v -1.623332 0.235241 0.000000 0.9902 0.9902 0.9902
v -1.605543 0.252748 0.000000 0.9902 0.9902 0.9902
v -1.590414 0.000000 -0.658771 1.0000 1.0000 1.0000
v -1.604472 0.024759 -0.664594 1.0000 1.0000 1.0000
v -1.605456 0.007252 -0.665002 1.0000 1.0000 1.0000
v -1.461071 0.260000 -0.605195 0.9378 0.9378 0.9378
v -1.499763 0.235241 -0.621222 1.0000 1.0000 1.0000
v -1.483328 0.252748 -0.614415 0.9902 0.9902 0.9902
v -1.217250 0.000000 -1.217250 1.0000 1.0000 1.0000
v -1.228010 0.024759 -1.228010 1.0000 1.0000 1.0000
v -1.228763 0.007252 -1.228763 1.0000 1.0000 1.0000
v -1.118255 0.260000 -1.118255 0.9595 0.9595 0.9595
v -1.147869 0.235241 -1.147869 1.0000 1.0000 1.0000
v -1.135291 0.252748 -1.135291 1.0000 1.0000 1.0000
v -0.658771 0.000000 -1.590414 1.0000 1.0000 1.0000
v -0.664594 0.024759 -1.604472 0.9595 0.9595 0.9595
v -0.665002 0.007252 -1.605456 0.9802 0.9802 0.9802
v -0.605195 0.260000 -1.461071 0.9488 0.9488 0.9488
v -0.621222 0.235241 -1.499763 0.9902 0.9902 0.9902
v -0.614415 0.252748 -1.483328 0.9802 0.9802 0.9802
v -0.000000 0.000000 -1.721451 0.9802 0.9802 0.9802
v 0.000000 0.024759 -1.736668 0.6181 0.6181 0.6181
v -0.000000 0.007252 -1.737733 0.6181 0.6181 0.6181
v 0.000000 0.260000 -1.581451 0.6181 0.6181 0.6181
v 0.000000 0.235241 -1.623332 0.7895 0.7895 0.7895
v 0.000000 0.252748 -1.605543 0.7895 0.7895 0.7895
v 0.658771 0.000000 -1.590414 0.9902 0.9902 0.9902
v 0.664594 0.024759 -1.604472 0.9029 0.9029 0.9029
v 0.665002 0.007252 -1.605456 0.9595 0.9595 0.9595
v 0.605195 0.260000 -1.461071 0.9488 0.9488 0.9488
v 0.621222 0.235241 -1.499763 0.9378 0.9378 0.9378
v 0.614415 0.252748 -1.483328 0.9488 0.9488 0.9488
v 1.217250 0.000000 -1.217250 1.0000 1.0000 1.0000
v 1.228010 0.024759 -1.228010 1.0000 1.0000 1.0000
v 1.228763 0.007252 -1.228763 1.0000 1.0000 1.0000
v 1.118255 0.260000 -1.118255 0.9802 0.9802 0.9802
v 1.147869 0.235241 -1.147869 1.0000 1.0000 1.0000
v 1.135291 0.252748 -1.135291 0.9802 0.9802 0.9802
v 1.590414 0.000000 -0.658771 1.0000 1.0000 1.0000
v 1.604472 0.024759 -0.664594 1.0000 1.0000 1.0000
v 1.605456 0.007252 -0.665002 1.0000 1.0000 1.0000
v 1.461071 0.260000 -0.605195 0.9700 0.9700 0.9700
v 1.499763 0.235241 -0.621222 1.0000 1.0000 1.0000
v 1.483328 0.252748 -0.614415 0.9802 0.9802 0.9802
v 1.721451 0.000000 -0.000000 1.0000 1.0000 1.0000
v 1.736668 0.024759 0.000000 0.9902 0.9902 0.9902
v 1.737733 0.007252 -0.000000 0.9902 0.9902 0.9902
v 1.581451 0.260000 0.000000 0.9488 0.9488 0.9488
v 1.623332 0.235241 0.000000 0.9802 0.9802 0.9802
v 1.605543 0.252748 0.000000 0.9378 0.9378 0.9378
v 1.590414 0.000000 0.658771 0.9802 0.9802 0.9802
v 1.604472 0.024759 0.664594 0.8905 0.8905 0.8905
v 1.605456 0.007252 0.665002 0.9378 0.9378 0.9378
v 1.461071 0.260000 0.605195 0.9029 0.9029 0.9029
v 1.499763 0.235241 0.621222 0.8777 0.8777 0.8777
v 1.483328 0.252748 0.614415 0.9148 0.9148 0.9148
v 1.217250 0.000000 1.217250 1.0000 1.0000 1.0000
v 1.228010 0.024759 1.228010 0.9802 0.9802 0.9802
v 1.228763 0.007252 1.228763 0.9902 0.9902 0.9902
v 1.118255 0.260000 1.118255 0.9378 0.9378 0.9378
v 1.147869 0.235241 1.147869 0.9378 0.9378 0.9378
v 1.135291 0.252748 1.135291 0.9488 0.9488 0.9488
v 0.658771 0.000000 1.590414 1.0000 1.0000 1.0000
v 0.664594 0.024759 1.604472 1.0000 1.0000 1.0000
v 0.665002 0.007252 1.605456 1.0000 1.0000 1.0000
v 0.605195 0.260000 1.461071 0.9488 0.9488 0.9488
v 0.621222 0.235241 1.499763 1.0000 1.0000 1.0000
v 0.614415 0.252748 1.483328 0.9902 0.9902 0.9902
v 0.000000 0.260000 1.271451 0.6591 0.6591 0.6591
v 0.000000 0.285769 1.288833 0.8905 0.8905 0.8905
v 0.000000 0.267548 1.288368 0.8060 0.8060 0.8060
v 0.000000 0.500000 1.167451 0.9029 0.9029 0.9029
v 0.000000 0.474231 1.207167 0.9488 0.9488 0.9488
v 0.000000 0.492452 1.190909 0.9488 0.9488 0.9488
v -0.486564 0.260000 1.174668 0.6181 0.6181 0.6181
v -0.493215 0.285769 1.190727 0.8645 0.8645 0.8645
v -0.493037 0.267548 1.190296 0.8216 0.8216 0.8216
v -0.446764 0.500000 1.078584 0.9378 0.9378 0.9378
v -0.461963 0.474231 1.115276 0.9378 0.9378 0.9378
v -0.455741 0.492452 1.100256 0.9595 0.9595 0.9595
v -0.899052 0.260000 0.899052 0.6181 0.6181 0.6181
v -0.911343 0.285769 0.911343 0.8060 0.8060 0.8060
v -0.911013 0.267548 0.911013 0.7536 0.7536 0.7536
v -0.825513 0.500000 0.825513 0.9595 0.9595 0.9595
v -0.853596 0.474231 0.853596 0.9265 0.9265 0.9265
v -0.842100 0.492452 0.842100 0.9595 0.9595 0.9595
v -1.174668 0.260000 0.486564 0.6181 0.6181 0.6181
v -1.190727 0.285769 0.493215 0.8060 0.8060 0.8060
v -1.190296 0.267548 0.493037 0.6875 0.6875 0.6875
v -1.078584 0.500000 0.446764 0.9265 0.9265 0.9265
v -1.115276 0.474231 0.461963 0.9148 0.9148 0.9148
v -1.100256 0.492452 0.455741 0.9488 0.9488 0.9488
v -1.271451 0.260000 0.000000 0.6181 0.6181 0.6181
v -1.288833 0.285769 0.000000 0.8905 0.8905 0.8905
v -1.288368 0.267548 0.000000 0.7895 0.7895 0.7895
v -1.167451 0.500000 0.000000 0.9595 0.9595 0.9595
v -1.207167 0.474231 0.000000 0.9595 0.9595 0.9595
v -1.190909 0.492452 0.000000 0.9802 0.9802 0.9802
v -1.174668 0.260000 -0.486564 0.6181 0.6181 0.6181
v -1.190727 0.285769 -0.493215 0.9148 0.9148 0.9148
v -1.190296 0.267548 -0.493037 0.8365 0.8365 0.8365
v -1.078584 0.500000 -0.446764 0.9595 0.9595 0.9595
v -1.115276 0.474231 -0.461963 0.9902 0.9902 0.9902
v -1.100256 0.492452 -0.455741 0.9902 0.9902 0.9902
v -0.899052 0.260000 -0.899052 0.6181 0.6181 0.6181
v -0.911343 0.285769 -0.911343 0.9265 0.9265 0.9265
v -0.911013 0.267548 -0.911013 0.8365 0.8365 0.8365
v -0.825513 0.500000 -0.825513 0.9595 0.9595 0.9595
v -0.853596 0.474231 -0.853596 0.9902 0.9902 0.9902
v -0.842100 0.492452 -0.842100 0.9902 0.9902 0.9902
v -0.486564 0.260000 -1.174668 0.6181 0.6181 0.6181
v -0.493215 0.285769 -1.190727 0.8645 0.8645 0.8645
v -0.493037 0.267548 -1.190296 0.7536 0.7536 0.7536
v -0.446764 0.500000 -1.078584 0.9378 0.9378 0.9378
v -0.461963 0.474231 -1.115276 0.9700 0.9700 0.9700
v -0.455741 0.492452 -1.100256 0.9802 0.9802 0.9802
v -0.000000 0.260000 -1.271451 0.6181 0.6181 0.6181
v 0.000000 0.285769 -1.288833 0.6181 0.6181 0.6181
v -0.000000 0.267548 -1.288368 0.6181 0.6181 0.6181
v 0.000000 0.500000 -1.167451 0.9148 0.9148 0.9148
v 0.000000 0.474231 -1.207167 0.8905 0.8905 0.8905
v 0.000000 0.492452 -1.190909 0.9148 0.9148 0.9148
v 0.486564 0.260000 -1.174668 0.6181 0.6181 0.6181
v 0.493215 0.285769 -1.190727 0.8645 0.8645 0.8645
v 0.493037 0.267548 -1.190296 0.7895 0.7895 0.7895
v 0.446764 0.500000 -1.078584 0.9488 0.9488 0.9488
v 0.461963 0.474231 -1.115276 0.9029 0.9029 0.9029
v 0.455741 0.492452 -1.100256 0.9265 0.9265 0.9265
v 0.899052 0.260000 -0.899052 0.6181 0.6181 0.6181
v 0.911343 0.285769 -0.911343 0.9265 0.9265 0.9265
v 0.911013 0.267548 -0.911013 0.8508 0.8508 0.8508
v 0.825513 0.500000 -0.825513 0.9595 0.9595 0.9595
v 0.853596 0.474231 -0.853596 0.9378 0.9378 0.9378
v 0.842100 0.492452 -0.842100 0.9595 0.9595 0.9595
v 1.174668 0.260000 -0.486564 0.6181 0.6181 0.6181
v 1.190727 0.285769 -0.493215 0.9265 0.9265 0.9265
v 1.190296 0.267548 -0.493037 0.8508 0.8508 0.8508
v 1.078584 0.500000 -0.446764 0.9378 0.9378 0.9378
v 1.115276 0.474231 -0.461963 0.9488 0.9488 0.9488
v 1.100256 0.492452 -0.455741 0.9488 0.9488 0.9488
v 1.271451 0.260000 -0.000000 0.6181 0.6181 0.6181
v 1.288833 0.285769 0.000000 0.8777 0.8777 0.8777
v 1.288368 0.267548 -0.000000 0.8216 0.8216 0.8216
v 1.167451 0.500000 0.000000 0.9378 0.9378 0.9378
v 1.207167 0.474231 0.000000 0.9148 0.9148 0.9148
v 1.190909 0.492452 0.000000 0.9265 0.9265 0.9265
v 1.174668 0.260000 0.486564 0.6181 0.6181 0.6181
v 1.190727 0.285769 0.493215 0.8060 0.8060 0.8060
v 1.190296 0.267548 0.493037 0.7536 0.7536 0.7536
v 1.078584 0.500000 0.446764 0.9378 0.9378 0.9378
v 1.115276 0.474231 0.461963 0.8905 0.8905 0.8905
v 1.100256 0.492452 0.455741 0.9378 0.9378 0.9378
v 0.899052 0.260000 0.899052 0.6181 0.6181 0.6181
v 0.911343 0.285769 0.911343 0.8060 0.8060 0.8060
v 0.911013 0.267548 0.911013 0.7721 0.7721 0.7721
v 0.825513 0.500000 0.825513 0.9265 0.9265 0.9265
v 0.853596 0.474231 0.853596 0.9029 0.9029 0.9029
v 0.842100 0.492452 0.842100 0.9378 0.9378 0.9378
v 0.486564 0.260000 1.174668 0.6181 0.6181 0.6181
v 0.493215 0.285769 1.190727 0.8905 0.8905 0.8905
v 0.493037 0.267548 1.190296 0.7895 0.7895 0.7895
v 0.446764 0.500000 1.078584 0.9265 0.9265 0.9265
v 0.461963 0.474231 1.115276 0.9595 0.9595 0.9595
v 0.455741 0.492452 1.100256 0.9488 0.9488 0.9488
v 0.344295 0.500000 -0.530168 0.6181 0.6181 0.6181
v 0.338474 0.528000 -0.557557 0.8365 0.8365 0.8365
v 0.371684 0.528000 -0.535990 0.8777 0.8777 0.8777
v 0.340179 0.508201 -0.549535 0.7895 0.7895 0.7895
v 0.356747 0.511834 -0.549342 0.8216 0.8216 0.8216
v 0.359545 0.528000 -0.553651 0.8508 0.8508 0.8508
v 0.363662 0.508201 -0.534285 0.7895 0.7895 0.7895
v 0.338474 1.222000 -0.557557 0.8060 0.8060 0.8060
v 0.344295 1.250000 -0.530168 0.6181 0.6181 0.6181
v 0.371684 1.222000 -0.535990 0.7536 0.7536 0.7536
v 0.340179 1.241799 -0.549535 0.6181 0.6181 0.6181
v 0.356747 1.238166 -0.549342 0.7536 0.7536 0.7536
v 0.363662 1.241799 -0.534285 0.6181 0.6181 0.6181
v 0.359545 1.222000 -0.553651 0.7895 0.7895 0.7895
v 0.530168 0.500000 0.344295 0.6181 0.6181 0.6181
v 0.557557 0.528000 0.338474 0.8508 0.8508 0.8508
v 0.535990 0.528000 0.371684 0.8365 0.8365 0.8365
v 0.549535 0.508201 0.340179 0.7721 0.7721 0.7721
v 0.549342 0.511834 0.356747 0.7895 0.7895 0.7895
v 0.553651 0.528000 0.359545 0.7895 0.7895 0.7895
v 0.534285 0.508201 0.363662 0.7721 0.7721 0.7721
v 0.530168 1.250000 0.344295 0.6181 0.6181 0.6181
v 0.535990 1.222000 0.371684 0.7895 0.7895 0.7895
v 0.557557 1.222000 0.338474 0.7721 0.7721 0.7721
v 0.534285 1.241799 0.363662 0.6181 0.6181 0.6181
v 0.549342 1.238166 0.356747 0.6181 0.6181 0.6181
v 0.553651 1.222000 0.359545 0.8365 0.8365 0.8365
v 0.549535 1.241799 0.340179 0.6181 0.6181 0.6181
v -0.530168 0.500000 -0.344295 0.6181 0.6181 0.6181
v -0.557557 0.528000 -0.338474 0.8216 0.8216 0.8216
v -0.535990 0.528000 -0.371684 0.8508 0.8508 0.8508
v -0.549535 0.508201 -0.340179 0.7721 0.7721 0.7721
v -0.549342 0.511834 -0.356747 0.8060 0.8060 0.8060
v -0.553651 0.528000 -0.359545 0.8905 0.8905 0.8905
v -0.534285 0.508201 -0.363662 0.8060 0.8060 0.8060
v -0.530168 1.250000 -0.344295 0.6875 0.6875 0.6875
v -0.535990 1.222000 -0.371684 0.8365 0.8365 0.8365
v -0.557557 1.222000 -0.338474 0.8777 0.8777 0.8777
v -0.534285 1.241799 -0.363662 0.7895 0.7895 0.7895
v -0.549342 1.238166 -0.356747 0.8216 0.8216 0.8216
v -0.553651 1.222000 -0.359545 0.8365 0.8365 0.8365
v -0.549535 1.241799 -0.340179 0.8060 0.8060 0.8060
v -0.344295 0.500000 0.530168 0.6181 0.6181 0.6181
v -0.338474 0.528000 0.557557 0.8216 0.8216 0.8216
v -0.371684 0.528000 0.535990 0.7536 0.7536 0.7536
v -0.340179 0.508201 0.549535 0.7721 0.7721 0.7721
v -0.356747 0.511834 0.549342 0.7536 0.7536 0.7536
v -0.359545 0.528000 0.553651 0.7895 0.7895 0.7895
v -0.363662 0.508201 0.534285 0.7118 0.7118 0.7118
v -0.344295 1.250000 0.530168 0.6875 0.6875 0.6875
v -0.371684 1.222000 0.535990 0.8905 0.8905 0.8905
v -0.338474 1.222000 0.557557 0.8777 0.8777 0.8777
v -0.363662 1.241799 0.534285 0.8216 0.8216 0.8216
v -0.356747 1.238166 0.549342 0.8645 0.8645 0.8645
v -0.359545 1.222000 0.553651 0.8777 0.8777 0.8777
v -0.340179 1.241799 0.549535 0.8216 0.8216 0.8216
v 0.836726 1.230657 -0.668796 0.9148 0.9148 0.9148
v 0.840859 1.258647 -0.696499 0.9802 0.9802 0.9802
v 0.865229 1.257921 -0.665296 0.9595 0.9595 0.9595
v 0.839350 1.238855 -0.688421 0.9595 0.9595 0.9595
v 0.855041 1.242068 -0.682834 0.9488 0.9488 0.9488
v 0.859505 1.258134 -0.685947 0.9700 0.9700 0.9700
v 0.856582 1.238341 -0.666358 0.9378 0.9378 0.9378
v 0.844567 1.402599 -0.696043 0.9902 0.9902 0.9902
v 0.841875 1.430589 -0.668163 0.9488 0.9488 0.9488
v 0.868936 1.401873 -0.664841 0.9902 0.9902 0.9902
v 0.844077 1.422391 -0.687841 0.9802 0.9802 0.9802
v 0.859581 1.418340 -0.682277 1.0000 1.0000 1.0000
v 0.861309 1.421878 -0.665777 1.0000 1.0000 1.0000
v 0.863212 1.402085 -0.685491 0.9902 0.9902 0.9902
v 0.654653 1.230657 0.814068 0.9148 0.9148 0.9148
v 0.683156 1.257921 0.817568 0.9700 0.9700 0.9700
v 0.651962 1.258647 0.841948 0.9595 0.9595 0.9595
v 0.674509 1.238341 0.816506 0.9595 0.9595 0.9595
v 0.669028 1.242068 0.832120 0.9595 0.9595 0.9595
v 0.672606 1.258134 0.836220 0.9700 0.9700 0.9700
v 0.652451 1.238855 0.833745 0.9700 0.9700 0.9700
v 0.659802 1.430589 0.814700 0.8905 0.8905 0.8905
v 0.655669 1.402599 0.842403 0.9902 0.9902 0.9902
v 0.686863 1.401873 0.818023 0.9802 0.9802 0.9802
v 0.657178 1.422391 0.834326 0.9700 0.9700 0.9700
v 0.673567 1.418340 0.832678 0.9700 0.9700 0.9700
v 0.676313 1.402085 0.836675 0.9902 0.9902 0.9902
v 0.679236 1.421878 0.817086 0.9148 0.9148 0.9148
v -0.645639 1.269411 -0.850807 0.9148 0.9148 0.9148
v -0.672700 1.298128 -0.854130 0.9802 0.9802 0.9802
v -0.641506 1.297401 -0.878510 0.9700 0.9700 0.9700
v -0.665073 1.278122 -0.853194 0.9265 0.9265 0.9265
v -0.659404 1.281660 -0.868785 0.9378 0.9378 0.9378
v -0.662150 1.297915 -0.872782 0.9802 0.9802 0.9802
v -0.643015 1.277609 -0.870433 0.9378 0.9378 0.9378
v -0.640490 1.469343 -0.850175 0.9148 0.9148 0.9148
v -0.637798 1.441353 -0.878055 0.9902 0.9902 0.9902
v -0.668993 1.442079 -0.853675 1.0000 1.0000 1.0000
v -0.638288 1.461145 -0.869852 0.9902 0.9902 0.9902
v -0.654864 1.457932 -0.868227 0.9902 0.9902 0.9902
v -0.658443 1.441866 -0.872327 0.9902 0.9902 0.9902
v -0.660346 1.461659 -0.852613 0.9802 0.9802 0.9802
v -0.827712 1.269411 0.632056 0.9378 0.9378 0.9378
v -0.830403 1.297401 0.659936 0.9488 0.9488 0.9488
v -0.854773 1.298128 0.628734 0.9595 0.9595 0.9595
v -0.829913 1.277609 0.651734 0.9488 0.9488 0.9488
v -0.845417 1.281660 0.646170 0.9488 0.9488 0.9488
v -0.849049 1.297915 0.649384 0.9488 0.9488 0.9488
v -0.847145 1.278122 0.629670 0.9488 0.9488 0.9488
v -0.822563 1.469343 0.632689 0.8060 0.8060 0.8060
v -0.851065 1.442079 0.629189 0.9700 0.9700 0.9700
v -0.826696 1.441353 0.660392 0.9148 0.9148 0.9148
v -0.842418 1.461659 0.630251 0.9378 0.9378 0.9378
v -0.840877 1.457932 0.646727 0.9265 0.9265 0.9265
v -0.845341 1.441866 0.649840 0.9700 0.9700 0.9700
v -0.825187 1.461145 0.652314 0.8645 0.8645 0.8645
v 0.741030 1.461849 0.629564 0.8508 0.8508 0.8508
v 0.743987 1.489845 0.601717 0.8905 0.8905 0.8905
v 0.768362 1.490304 0.632920 0.9802 0.9802 0.9802
v 0.743309 1.470049 0.609897 0.8645 0.8645 0.8645
v 0.758851 1.473947 0.615465 0.8905 0.8905 0.8905
v 0.762636 1.490170 0.612270 0.9265 0.9265 0.9265
v 0.760545 1.470374 0.631961 0.9488 0.9488 0.9488
v 0.742619 1.573834 0.601549 0.9378 0.9378 0.9378
v 0.738751 1.601830 0.629285 0.9802 0.9802 0.9802
v 0.766995 1.574293 0.632752 0.9902 0.9902 0.9902
v 0.741298 1.593630 0.609650 0.9488 0.9488 0.9488
v 0.756957 1.590263 0.615233 0.9700 0.9700 0.9700
v 0.758534 1.593955 0.631714 0.9902 0.9902 0.9902
v 0.761269 1.574159 0.612102 0.9595 0.9595 0.9595
v 0.721043 1.461849 0.792342 0.9148 0.9148 0.9148
v 0.748375 1.490304 0.795698 0.9802 0.9802 0.9802
v 0.717175 1.489845 0.820077 0.9700 0.9700 0.9700
v 0.740559 1.470374 0.794738 0.9700 0.9700 0.9700
v 0.734924 1.473947 0.810333 0.9700 0.9700 0.9700
v 0.737824 1.490170 0.814350 0.9802 0.9802 0.9802
v 0.718497 1.470049 0.811977 0.9700 0.9700 0.9700
v 0.718765 1.601830 0.792062 1.0000 1.0000 1.0000
v 0.715808 1.573834 0.819909 1.0000 1.0000 1.0000
v 0.747008 1.574293 0.795530 1.0000 1.0000 1.0000
v 0.716485 1.593630 0.811730 1.0000 1.0000 1.0000
v 0.733030 1.590263 0.810101 1.0000 1.0000 1.0000
v 0.736456 1.574159 0.814182 1.0000 1.0000 1.0000
v 0.738547 1.593955 0.794491 1.0000 1.0000 1.0000
v -0.692014 1.438170 0.453609 0.6181 0.6181 0.6181
v -0.720257 1.465707 0.450141 0.6181 0.6181 0.6181
v -0.689057 1.466166 0.425761 0.6181 0.6181 0.6181
v -0.711796 1.446045 0.451180 0.6181 0.6181 0.6181
v -0.706280 1.449737 0.435570 0.6181 0.6181 0.6181
v -0.709706 1.465841 0.431489 0.6181 0.6181 0.6181
v -0.689735 1.446370 0.433941 0.6181 0.6181 0.6181
v -0.694293 1.578151 0.453329 0.6181 0.6181 0.6181
v -0.690425 1.550155 0.425594 0.6181 0.6181 0.6181
v -0.721624 1.549696 0.449973 0.6181 0.6181 0.6181
v -0.691746 1.569951 0.433694 0.6181 0.6181 0.6181
v -0.708173 1.566053 0.435337 0.6181 0.6181 0.6181
v -0.711073 1.549830 0.431321 0.6181 0.6181 0.6181
v -0.713808 1.569626 0.450933 0.6181 0.6181 0.6181
v -0.712000 1.438170 0.616386 0.6181 0.6181 0.6181
v -0.715869 1.466166 0.644122 0.6181 0.6181 0.6181
v -0.740244 1.465707 0.612918 0.6181 0.6181 0.6181
v -0.714547 1.446370 0.636021 0.6181 0.6181 0.6181
v -0.730206 1.449737 0.630438 0.6181 0.6181 0.6181
v -0.734518 1.465841 0.633569 0.6181 0.6181 0.6181
v -0.731783 1.446045 0.613957 0.6181 0.6181 0.6181
v -0.714279 1.578151 0.616106 0.6181 0.6181 0.6181
v -0.741611 1.549696 0.612751 0.6181 0.6181 0.6181
v -0.717236 1.550155 0.643954 0.6181 0.6181 0.6181
v -0.733794 1.569626 0.613710 0.6181 0.6181 0.6181
v -0.732100 1.566053 0.630206 0.6181 0.6181 0.6181
v -0.735885 1.549830 0.633401 0.6181 0.6181 0.6181
v -0.716559 1.569951 0.635774 0.6181 0.6181 0.6181
v 0.742343 1.458317 -0.625025 0.6181 0.6181 0.6181
v 0.745435 1.486315 -0.652855 0.6181 0.6181 0.6181
v 0.769812 1.486637 -0.621652 0.6181 0.6181 0.6181
v 0.744662 1.466517 -0.644688 0.6181 0.6181 0.6181
v 0.760222 1.470336 -0.639117 0.6181 0.6181 0.6181
v 0.764086 1.486543 -0.642303 0.6181 0.6181 0.6181
v 0.761899 1.466745 -0.622624 0.6181 0.6181 0.6181
v 0.744475 1.570309 -0.652973 0.6181 0.6181 0.6181
v 0.740743 1.598307 -0.625221 0.9902 0.9902 0.9902
v 0.768852 1.570632 -0.621770 0.6181 0.6181 0.6181
v 0.743250 1.590107 -0.644861 0.9265 0.9265 0.9265
v 0.758893 1.586660 -0.639280 0.9265 0.9265 0.9265
v 0.760487 1.590335 -0.622797 0.9802 0.9802 0.9802
v 0.763126 1.570537 -0.642421 0.6181 0.6181 0.6181
v 0.722356 1.458317 -0.462247 0.6181 0.6181 0.6181
v 0.749826 1.486637 -0.458874 0.6181 0.6181 0.6181
v 0.718624 1.486315 -0.434495 0.6181 0.6181 0.6181
v 0.741913 1.466745 -0.459846 0.6181 0.6181 0.6181
v 0.736295 1.470336 -0.444248 0.6181 0.6181 0.6181
v 0.739274 1.486543 -0.440222 0.6181 0.6181 0.6181
v 0.719850 1.466517 -0.442607 0.6181 0.6181 0.6181
v 0.720757 1.598307 -0.462444 0.9902 0.9902 0.9902
v 0.717664 1.570309 -0.434613 0.6181 0.6181 0.6181
v 0.748866 1.570632 -0.458992 0.6181 0.6181 0.6181
v 0.718437 1.590107 -0.442781 0.9148 0.9148 0.9148
v 0.734966 1.586660 -0.444412 0.9029 0.9029 0.9029
v 0.738314 1.570537 -0.440340 0.6181 0.6181 0.6181
v 0.740500 1.590335 -0.460019 0.9802 0.9802 0.9802
v -0.690799 1.441693 -0.800992 0.8777 0.8777 0.8777
v -0.718908 1.469368 -0.804444 0.9902 0.9902 0.9902
v -0.687706 1.469691 -0.828823 0.9378 0.9378 0.9378
v -0.710543 1.449665 -0.803417 0.9378 0.9378 0.9378
v -0.705008 1.453340 -0.819024 0.9378 0.9378 0.9378
v -0.708356 1.469463 -0.823096 0.9700 0.9700 0.9700
v -0.688480 1.449893 -0.820655 0.9265 0.9265 0.9265
v -0.692399 1.581683 -0.801189 0.9902 0.9902 0.9902
v -0.688666 1.553685 -0.828941 0.9902 0.9902 0.9902
v -0.719868 1.553363 -0.804562 1.0000 1.0000 1.0000
v -0.689892 1.573483 -0.820829 0.9902 0.9902 0.9902
v -0.706338 1.569664 -0.819187 0.9902 0.9902 0.9902
v -0.709316 1.553457 -0.823214 0.9902 0.9902 0.9902
v -0.711955 1.573255 -0.803590 0.9902 0.9902 0.9902
v -0.710785 1.441693 -0.638215 0.8645 0.8645 0.8645
v -0.714518 1.469691 -0.610463 0.8365 0.8365 0.8365
v -0.738895 1.469368 -0.641666 0.9802 0.9802 0.9802
v -0.713292 1.449893 -0.618575 0.8216 0.8216 0.8216
v -0.728935 1.453340 -0.624156 0.8905 0.8905 0.8905
v -0.733168 1.469463 -0.621015 0.8777 0.8777 0.8777
v -0.730529 1.449665 -0.640639 0.9378 0.9378 0.9378
v -0.712385 1.581683 -0.638411 0.9902 0.9902 0.9902
v -0.739855 1.553363 -0.641784 0.9902 0.9902 0.9902
v -0.715478 1.553685 -0.610581 0.9029 0.9029 0.9029
v -0.731942 1.573255 -0.640813 1.0000 1.0000 1.0000
v -0.730264 1.569664 -0.624319 0.9488 0.9488 0.9488
v -0.734128 1.553457 -0.621133 0.9378 0.9378 0.9378
v -0.714704 1.573483 -0.618748 0.9265 0.9265 0.9265
v -0.459272 1.450085 -0.712453 0.6181 0.6181 0.6181
v -0.455888 1.478085 -0.740248 0.6181 0.6181 0.6181
v -0.431509 1.478114 -0.709044 0.6181 0.6181 0.6181
v -0.456867 1.458286 -0.732105 0.6181 0.6181 0.6181
v -0.441268 1.461936 -0.726530 0.6181 0.6181 0.6181
v -0.437236 1.478105 -0.729695 0.6181 0.6181 0.6181
v -0.439629 1.458306 -0.710041 0.6181 0.6181 0.6181
v -0.455974 1.562085 -0.740259 0.6181 0.6181 0.6181
v -0.459416 1.590085 -0.712471 0.9802 0.9802 0.9802
v -0.431596 1.562114 -0.709055 0.6181 0.6181 0.6181
v -0.456994 1.581884 -0.732121 0.9148 0.9148 0.9148
v -0.441388 1.578268 -0.726544 0.6181 0.6181 0.6181
v -0.439756 1.581905 -0.710057 0.9378 0.9378 0.9378
v -0.437323 1.562106 -0.729706 0.6181 0.6181 0.6181
v -0.635251 1.450085 0.720784 0.8777 0.8777 0.8777
v -0.607488 1.478114 0.724192 0.9029 0.9029 0.9029
v -0.638692 1.478085 0.748571 0.9595 0.9595 0.9595
v -0.615608 1.458306 0.723195 0.9265 0.9265 0.9265
v -0.621188 1.461936 0.738797 0.9265 0.9265 0.9265
v -0.618041 1.478105 0.742844 0.9265 0.9265 0.9265
v -0.637672 1.458286 0.740434 0.9378 0.9378 0.9378
v -0.635395 1.590085 0.720766 0.9902 0.9902 0.9902
v -0.638779 1.562085 0.748561 0.9802 0.9802 0.9802
v -0.607575 1.562114 0.724182 0.9488 0.9488 0.9488
v -0.637799 1.581884 0.740418 0.9902 0.9902 0.9902
v -0.621308 1.578268 0.738783 0.9802 0.9802 0.9802
v -0.618128 1.562106 0.742834 0.9595 0.9595 0.9595
v -0.615735 1.581905 0.723180 0.9802 0.9802 0.9802
v -0.622049 1.449915 -0.732440 0.6181 0.6181 0.6181
v -0.649869 1.477886 -0.735855 0.6181 0.6181 0.6181
v -0.618666 1.477915 -0.760234 0.6181 0.6181 0.6181
v -0.641709 1.458095 -0.734854 0.6181 0.6181 0.6181
v -0.636136 1.461732 -0.750457 0.6181 0.6181 0.6181
v -0.639316 1.477894 -0.754507 0.6181 0.6181 0.6181
v -0.619645 1.458116 -0.752092 0.6181 0.6181 0.6181
v -0.622193 1.589915 -0.732457 0.9902 0.9902 0.9902
v -0.618752 1.561915 -0.760245 0.6181 0.6181 0.6181
v -0.649956 1.561886 -0.735866 0.6181 0.6181 0.6181
v -0.619772 1.581714 -0.752108 0.9265 0.9265 0.9265
v -0.636256 1.578064 -0.750471 0.6181 0.6181 0.6181
v -0.639403 1.561895 -0.754518 0.6181 0.6181 0.6181
v -0.641836 1.581694 -0.734869 0.9148 0.9148 0.9148
v -0.798028 1.449915 0.700797 0.9029 0.9029 0.9029
v -0.801470 1.477915 0.728585 0.9488 0.9488 0.9488
v -0.825848 1.477886 0.697381 0.9595 0.9595 0.9595
v -0.800450 1.458116 0.720447 0.9378 0.9378 0.9378
v -0.816056 1.461733 0.714871 0.9488 0.9488 0.9488
v -0.820122 1.477895 0.718032 0.9488 0.9488 0.9488
v -0.817688 1.458096 0.698383 0.9029 0.9029 0.9029
v -0.798172 1.589915 0.700779 0.9700 0.9700 0.9700
v -0.825935 1.561886 0.697371 0.9700 0.9700 0.9700
v -0.801556 1.561915 0.728574 0.9595 0.9595 0.9595
v -0.817815 1.581693 0.698367 0.9700 0.9700 0.9700
v -0.816176 1.578064 0.714856 0.9700 0.9700 0.9700
v -0.820208 1.561894 0.718021 0.9700 0.9700 0.9700
v -0.800577 1.581714 0.720432 0.9700 0.9700 0.9700
v 0.778765 1.449397 -0.706879 0.8508 0.8508 0.8508
v 0.782382 1.477397 -0.734645 0.9802 0.9802 0.9802
v 0.806760 1.477190 -0.703442 0.9595 0.9595 0.9595
v 0.781238 1.457598 -0.726523 0.9488 0.9488 0.9488
v 0.796866 1.461112 -0.720944 0.9378 0.9378 0.9378
v 0.801034 1.477251 -0.724093 0.9595 0.9595 0.9595
v 0.798476 1.457452 -0.704459 0.9148 0.9148 0.9148
v 0.782997 1.561394 -0.734570 0.9902 0.9902 0.9902
v 0.779789 1.589394 -0.706753 1.0000 1.0000 1.0000
v 0.807375 1.561188 -0.703366 0.9902 0.9902 0.9902
v 0.782142 1.581193 -0.726412 0.9902 0.9902 0.9902
v 0.797718 1.577441 -0.720840 1.0000 1.0000 1.0000
v 0.799380 1.581047 -0.704348 1.0000 1.0000 1.0000
v 0.801648 1.561249 -0.724017 0.9902 0.9902 0.9902
v 0.602786 1.449397 0.726357 0.7336 0.7336 0.7336
v 0.630781 1.477190 0.729795 0.6181 0.6181 0.6181
v 0.599578 1.477397 0.754174 0.6181 0.6181 0.6181
v 0.622497 1.457452 0.728778 0.7721 0.7721 0.7721
v 0.616947 1.461112 0.744383 0.7721 0.7721 0.7721
v 0.620228 1.477251 0.748447 0.6181 0.6181 0.6181
v 0.600433 1.457598 0.746016 0.7721 0.7721 0.7721
v 0.603810 1.589394 0.726483 0.6181 0.6181 0.6181
v 0.600193 1.561394 0.754249 0.6181 0.6181 0.6181
v 0.631396 1.561188 0.729870 0.6181 0.6181 0.6181
v 0.601337 1.581193 0.746127 0.6181 0.6181 0.6181
v 0.617798 1.577441 0.744488 0.6181 0.6181 0.6181
v 0.620843 1.561249 0.748522 0.6181 0.6181 0.6181
v 0.623401 1.581047 0.728889 0.6181 0.6181 0.6181
v 0.615992 1.450606 -0.726865 0.8216 0.8216 0.8216
v 0.588406 1.478812 -0.730252 0.8645 0.8645 0.8645
v 0.619609 1.478606 -0.754631 0.9378 0.9378 0.9378
v 0.596401 1.458953 -0.729271 0.8060 0.8060 0.8060
v 0.602004 1.462559 -0.744870 0.8905 0.8905 0.8905
v 0.598959 1.478752 -0.748904 0.9265 0.9265 0.9265
v 0.618465 1.458807 -0.746509 0.9148 0.9148 0.9148
v 0.617016 1.590603 -0.726740 0.9902 0.9902 0.9902
v 0.620224 1.562603 -0.754556 0.9802 0.9802 0.9802
v 0.589021 1.562810 -0.730177 0.9029 0.9029 0.9029
v 0.619369 1.582402 -0.746398 0.9700 0.9700 0.9700
v 0.602855 1.578888 -0.744766 0.9488 0.9488 0.9488
v 0.599573 1.562749 -0.748829 0.9265 0.9265 0.9265
v 0.597305 1.582548 -0.729160 0.9488 0.9488 0.9488
v 0.440013 1.450606 0.706371 0.6875 0.6875 0.6875
v 0.436805 1.478606 0.734188 0.6181 0.6181 0.6181
v 0.412427 1.478812 0.702984 0.6181 0.6181 0.6181
v 0.437660 1.458807 0.726030 0.7336 0.7336 0.7336
v 0.422084 1.462559 0.720457 0.6181 0.6181 0.6181
v 0.418154 1.478752 0.723635 0.6181 0.6181 0.6181
v 0.420422 1.458953 0.703966 0.6591 0.6591 0.6591
v 0.441037 1.590603 0.706497 0.6181 0.6181 0.6181
v 0.413041 1.562810 0.703060 0.6181 0.6181 0.6181
v 0.437420 1.562603 0.734263 0.6181 0.6181 0.6181
v 0.421326 1.582548 0.704077 0.6181 0.6181 0.6181
v 0.422935 1.578888 0.720562 0.6181 0.6181 0.6181
v 0.418768 1.562749 0.723711 0.6181 0.6181 0.6181
v 0.438564 1.582402 0.726141 0.6181 0.6181 0.6181
v -1.555985 0.018848 1.287982 1.0000 1.0000 1.0000
v -1.526459 0.046899 1.288565 0.9802 0.9802 0.9802
v -1.568444 0.048640 1.312805 0.9902 0.9902 0.9902
v -1.535287 0.027103 1.288913 0.9902 0.9902 0.9902
v -1.546450 0.031779 1.303568 0.9902 0.9902 0.9902
v -1.544097 0.048169 1.306466 0.9902 0.9902 0.9902
v -1.564975 0.028334 1.306054 1.0000 1.0000 1.0000
v -1.610440 2.356324 1.025802 1.0000 1.0000 1.0000
v -1.621603 2.330463 1.056867 1.0000 1.0000 1.0000
v -1.579618 2.328722 1.032627 0.9700 0.9700 0.9700
v -1.619050 2.349510 1.045703 1.0000 1.0000 1.0000
v -1.600357 2.345733 1.044027 1.0000 1.0000 1.0000
v -1.597255 2.329992 1.050529 0.9902 0.9902 0.9902
v -1.589362 2.348279 1.028562 1.0000 1.0000 1.0000
v -1.823653 0.019171 1.288258 1.0000 1.0000 1.0000
v -1.811071 0.048932 1.313055 1.0000 1.0000 1.0000
v -1.853110 0.047292 1.288902 1.0000 1.0000 1.0000
v -1.814603 0.028635 1.306312 1.0000 1.0000 1.0000
v -1.833125 0.032124 1.303864 1.0000 1.0000 1.0000
v -1.835432 0.048520 1.306767 1.0000 1.0000 1.0000
v -1.844329 0.027476 1.289232 1.0000 1.0000 1.0000
v -1.764108 2.356509 1.025961 1.0000 1.0000 1.0000
v -1.794983 2.328981 1.032849 1.0000 1.0000 1.0000
v -1.752943 2.330621 1.057003 1.0000 1.0000 1.0000
v -1.785199 2.348515 1.028764 1.0000 1.0000 1.0000
v -1.774179 2.345942 1.044207 1.0000 1.0000 1.0000
v -1.777305 2.330209 1.050715 1.0000 1.0000 1.0000
v -1.755473 2.349674 1.045844 1.0000 1.0000 1.0000
v -1.957745 0.003179 1.057152 1.0000 1.0000 1.0000
v -1.974657 0.032797 1.079417 1.0000 1.0000 1.0000
v -1.974711 0.029417 1.031023 1.0000 1.0000 1.0000
v -1.969383 0.012562 1.073703 1.0000 1.0000 1.0000
v -1.976738 0.014997 1.056348 1.0000 1.0000 1.0000
v -1.981380 0.031115 1.055227 1.0000 1.0000 1.0000
v -1.969422 0.010172 1.039483 1.0000 1.0000 1.0000
v -1.841090 2.347328 0.893283 1.0000 1.0000 1.0000
v -1.860833 2.317755 0.871056 1.0000 1.0000 1.0000
v -1.860779 2.321135 0.919449 1.0000 1.0000 1.0000
v -1.853580 2.337974 0.876757 1.0000 1.0000 1.0000
v -1.861258 2.335557 0.894127 1.0000 1.0000 1.0000
v -1.867503 2.319452 0.895259 1.0000 1.0000 1.0000
v -1.853542 2.340364 0.910976 1.0000 1.0000 1.0000
v -1.824169 -0.013134 0.825770 1.0000 1.0000 1.0000
v -1.853632 0.014629 0.821288 1.0000 1.0000 1.0000
v -1.811646 0.012889 0.797048 1.0000 1.0000 1.0000
v -1.844849 -0.005042 0.823696 1.0000 1.0000 1.0000
v -1.833678 -0.002475 0.808535 1.0000 1.0000 1.0000
v -1.835994 0.013359 0.803387 1.0000 1.0000 1.0000
v -1.815161 -0.006273 0.806556 0.9902 0.9902 0.9902
v -1.764404 2.337963 0.760446 1.0000 1.0000 1.0000
v -1.753305 2.308009 0.733280 0.9802 0.9802 0.9802
v -1.795290 2.309750 0.757520 1.0000 1.0000 1.0000
v -1.755812 2.328429 0.741688 1.0000 1.0000 1.0000
v -1.774514 2.324963 0.743869 1.0000 1.0000 1.0000
v -1.777652 2.308479 0.739618 1.0000 1.0000 1.0000
v -1.785500 2.329659 0.758828 1.0000 1.0000 1.0000
v -1.556501 -0.013457 0.825494 0.9902 0.9902 0.9902
v -1.569020 0.012596 0.796798 0.9148 0.9148 0.9148
v -1.526981 0.014236 0.820951 0.8365 0.8365 0.8365
v -1.565533 -0.006574 0.806298 0.9488 0.9488 0.9488
v -1.547003 -0.002820 0.808240 0.9029 0.9029 0.9029
v -1.544659 0.013008 0.803086 0.8645 0.8645 0.8645
v -1.535807 -0.005414 0.823377 0.9148 0.9148 0.9148
v -1.610736 2.337777 0.760288 1.0000 1.0000 1.0000
v -1.579925 2.309490 0.757298 0.9802 0.9802 0.9802
v -1.621964 2.307850 0.733144 0.9802 0.9802 0.9802
v -1.589664 2.329423 0.758626 0.9802 0.9802 0.9802
v -1.600692 2.324754 0.743690 0.9802 0.9802 0.9802
v -1.597603 2.308262 0.739433 0.9802 0.9802 0.9802
v -1.619390 2.328264 0.741547 1.0000 1.0000 1.0000
v -1.422409 0.002534 1.056600 0.9802 0.9802 0.9802
v -1.405434 0.028731 1.030436 0.8508 0.8508 0.8508
v -1.405380 0.032111 1.078830 0.9488 0.9488 0.9488
v -1.410752 0.009499 1.038907 0.9265 0.9265 0.9265
v -1.403389 0.014306 1.055756 0.9378 0.9378 0.9378
v -1.398711 0.030413 1.054626 0.9265 0.9265 0.9265
v -1.410714 0.011889 1.073126 0.9700 0.9700 0.9700
v -1.533754 2.346958 0.892966 1.0000 1.0000 1.0000
v -1.514074 2.320717 0.919092 0.9700 0.9700 0.9700
v -1.514128 2.317337 0.870698 0.9700 0.9700 0.9700
v -1.521282 2.339964 0.910633 0.9902 0.9902 0.9902
v -1.513613 2.335139 0.893769 0.9700 0.9700 0.9700
v -1.507405 2.319019 0.894888 0.9700 0.9700 0.9700
v -1.521320 2.337574 0.876414 0.9700 0.9700 0.9700
v 1.803930 -0.007497 0.765943 0.9902 0.9902 0.9902
v 1.791794 0.020078 0.738714 0.9700 0.9700 0.9700
v 1.833811 0.019842 0.762973 0.9802 0.9802 0.9802
v 1.795019 0.000430 0.747147 0.9802 0.9802 0.9802
v 1.813593 0.003757 0.749316 0.9802 0.9802 0.9802
v 1.816148 0.019761 0.745046 0.9802 0.9802 0.9802
v 1.824730 0.000263 0.764300 0.9902 0.9902 0.9902
v 1.784092 1.945003 0.819299 1.0000 1.0000 1.0000
v 1.814541 1.916342 0.814798 1.0000 1.0000 1.0000
v 1.772524 1.916578 0.790539 0.9802 0.9802 0.9802
v 1.805058 1.936361 0.817208 1.0000 1.0000 1.0000
v 1.793995 1.932588 0.802025 1.0000 1.0000 1.0000
v 1.796879 1.916261 0.796872 0.9802 0.9802 0.9802
v 1.775347 1.936528 0.800054 0.9802 0.9802 0.9802
v 1.937808 -0.004656 0.997708 1.0000 1.0000 1.0000
v 1.955022 0.022414 0.972808 0.9902 0.9902 0.9902
v 1.955036 0.023542 1.021313 1.0000 1.0000 1.0000
v 1.949542 0.002912 0.980370 0.9902 0.9902 0.9902
v 1.956919 0.006798 0.997436 1.0000 1.0000 1.0000
v 1.961723 0.022851 0.997061 1.0000 1.0000 1.0000
v 1.949552 0.003709 1.014668 1.0000 1.0000 1.0000
v 1.860951 1.946634 0.952355 1.0000 1.0000 1.0000
v 1.880383 1.918867 0.977261 1.0000 1.0000 1.0000
v 1.880368 1.917739 0.928755 1.0000 1.0000 1.0000
v 1.873340 1.938607 0.969696 1.0000 1.0000 1.0000
v 1.880993 1.934434 0.952633 1.0000 1.0000 1.0000
v 1.887071 1.918175 0.953009 1.0000 1.0000 1.0000
v 1.873330 1.937810 0.935398 1.0000 1.0000 1.0000
v 1.804067 0.003281 1.229433 1.0000 1.0000 1.0000
v 1.833949 0.030728 1.231112 1.0000 1.0000 1.0000
v 1.791945 0.032092 1.255358 1.0000 1.0000 1.0000
v 1.824867 0.011109 1.230701 1.0000 1.0000 1.0000
v 1.813739 0.015296 1.245513 1.0000 1.0000 1.0000
v 1.816296 0.031481 1.249033 1.0000 1.0000 1.0000
v 1.795166 0.012073 1.247846 1.0000 1.0000 1.0000
v 1.784170 1.951191 1.085388 1.0000 1.0000 1.0000
v 1.772619 1.924133 1.115445 1.0000 1.0000 1.0000
v 1.814623 1.922769 1.091198 1.0000 1.0000 1.0000
v 1.775437 1.943619 1.105011 1.0000 1.0000 1.0000
v 1.794083 1.939592 1.103215 1.0000 1.0000 1.0000
v 1.796970 1.923522 1.109120 1.0000 1.0000 1.0000
v 1.805138 1.942655 1.087866 1.0000 1.0000 1.0000
v 1.536447 0.008377 1.229393 1.0000 1.0000 1.0000
v 1.549648 0.036706 1.255322 1.0000 1.0000 1.0000
v 1.507631 0.036942 1.231063 0.9902 0.9902 0.9902
v 1.545670 0.016824 1.247808 1.0000 1.0000 1.0000
v 1.527234 0.020751 1.245470 1.0000 1.0000 1.0000
v 1.525294 0.037022 1.248989 0.9902 0.9902 0.9902
v 1.515959 0.016991 1.230655 1.0000 1.0000 1.0000
v 1.630529 1.954116 1.085365 1.0000 1.0000 1.0000
v 1.599015 1.926875 1.091166 0.9802 0.9802 0.9802
v 1.641032 1.926639 1.115425 1.0000 1.0000 1.0000
v 1.609251 1.946385 1.087837 1.0000 1.0000 1.0000
v 1.620176 1.942904 1.103189 1.0000 1.0000 1.0000
v 1.616678 1.926955 1.109093 1.0000 1.0000 1.0000
v 1.638962 1.946218 1.104991 1.0000 1.0000 1.0000
v 1.402569 0.005536 0.997628 0.9902 0.9902 0.9902
v 1.386420 0.034370 1.021228 0.8905 0.8905 0.8905
v 1.386406 0.033242 0.972723 0.6591 0.6591 0.6591
v 1.391147 0.014342 1.014585 0.9488 0.9488 0.9488
v 1.383909 0.017710 0.997351 0.6591 0.6591 0.6591
v 1.379718 0.033933 0.996974 0.6591 0.6591 0.6591
v 1.391137 0.013545 0.980287 0.6591 0.6591 0.6591
v 1.553670 1.952485 0.952309 1.0000 1.0000 1.0000
v 1.533174 1.924350 0.928704 0.9802 0.9802 0.9802
v 1.533188 1.925478 0.977209 0.9802 0.9802 0.9802
v 1.540969 1.944139 0.935349 0.9802 0.9802 0.9802
v 1.533178 1.941058 0.952581 0.9802 0.9802 0.9802
v 1.526486 1.925041 0.952955 0.9802 0.9802 0.9802
v 1.540979 1.944936 0.969647 0.9902 0.9902 0.9902
v 1.536311 -0.002401 0.765903 0.9802 0.9802 0.9802
v 1.507493 0.026056 0.762924 0.6591 0.6591 0.6591
v 1.549496 0.024692 0.738678 0.6591 0.6591 0.6591
v 1.515822 0.006145 0.764254 0.6875 0.6875 0.6875
v 1.527088 0.009213 0.749273 0.6591 0.6591 0.6591
v 1.525146 0.025303 0.745003 0.6875 0.6875 0.6875
v 1.545523 0.005181 0.747110 0.8905 0.8905 0.8905
v 1.630451 1.947929 0.819276 1.0000 1.0000 1.0000
v 1.640937 1.919083 0.790520 0.9700 0.9700 0.9700
v 1.598934 1.920447 0.814766 0.9700 0.9700 0.9700
v 1.638872 1.939126 0.800034 0.9802 0.9802 0.9802
v 1.620088 1.935900 0.801999 0.9700 0.9700 0.9700
v 1.616586 1.919694 0.796845 0.9700 0.9700 0.9700
v 1.609172 1.940091 0.817178 0.9700 0.9700 0.9700
v -0.271396 0.001722 -1.908887 0.9902 0.9902 0.9902
v -0.288143 0.030659 -1.885721 0.6181 0.6181 0.6181
v -0.288143 0.028802 -1.934200 0.9595 0.9595 0.9595
v -0.282997 0.010605 -1.892062 0.9265 0.9265 0.9265
v -0.290308 0.013601 -1.909342 0.9488 0.9488 0.9488
v -0.294839 0.029754 -1.909961 0.9148 0.9148 0.9148
v -0.282997 0.009292 -1.926342 0.9802 0.9802 0.9802
v -0.149938 2.149739 -1.991169 1.0000 1.0000 1.0000
v -0.169845 2.120929 -2.014340 1.0000 1.0000 1.0000
v -0.169845 2.122786 -1.965861 0.9902 0.9902 0.9902
v -0.162465 2.140939 -2.007997 1.0000 1.0000 1.0000
v -0.170186 2.137996 -1.990719 1.0000 1.0000 1.0000
v -0.176541 2.121881 -1.990102 1.0000 1.0000 1.0000
v -0.162465 2.142252 -1.973717 1.0000 1.0000 1.0000
v -0.137563 -0.007615 -2.140507 1.0000 1.0000 1.0000
v -0.166895 0.020343 -2.144038 1.0000 1.0000 1.0000
v -0.124880 0.019269 -2.168272 1.0000 1.0000 1.0000
v -0.158203 0.000586 -2.142318 1.0000 1.0000 1.0000
v -0.146998 0.003603 -2.157363 1.0000 1.0000 1.0000
v -0.149236 0.019596 -2.161950 1.0000 1.0000 1.0000
v -0.128495 -0.000174 -2.159454 1.0000 1.0000 1.0000
v -0.073104 2.144378 -2.124142 1.0000 1.0000 1.0000
v -0.062099 2.115269 -2.152333 1.0000 1.0000 1.0000
v -0.104113 2.116343 -2.128099 1.0000 1.0000 1.0000
v -0.064527 2.135419 -2.143213 1.0000 1.0000 1.0000
v -0.083249 2.131930 -2.141177 1.0000 1.0000 1.0000
v -0.086454 2.115596 -2.146011 1.0000 1.0000 1.0000
v -0.094236 2.136179 -2.126077 1.0000 1.0000 1.0000
v 0.130104 -0.008543 -2.140472 1.0000 1.0000 1.0000
v 0.117615 0.018428 -2.168240 1.0000 1.0000 1.0000
v 0.159630 0.019211 -2.143995 0.9902 0.9902 0.9902
v 0.121093 -0.001039 -2.159420 1.0000 1.0000 1.0000
v 0.139621 0.002609 -2.157325 1.0000 1.0000 1.0000
v 0.141971 0.018586 -2.161911 1.0000 1.0000 1.0000
v 0.150801 -0.000485 -2.142277 0.9902 0.9902 0.9902
v 0.080563 2.143846 -2.124121 1.0000 1.0000 1.0000
v 0.111378 2.115596 -2.128070 1.0000 1.0000 1.0000
v 0.069364 2.114813 -2.152315 1.0000 1.0000 1.0000
v 0.101638 2.135500 -2.126051 1.0000 1.0000 1.0000
v 0.090625 2.131328 -2.141154 1.0000 1.0000 1.0000
v 0.093719 2.114971 -2.145987 1.0000 1.0000 1.0000
v 0.071929 2.134946 -2.143195 1.0000 1.0000 1.0000
v 0.263937 -0.000134 -1.908816 0.9802 0.9802 0.9802
v 0.280878 0.026829 -1.934124 0.9488 0.9488 0.9488
v 0.280878 0.028686 -1.885645 0.6181 0.6181 0.6181
v 0.275595 0.007356 -1.926268 0.9700 0.9700 0.9700
v 0.282931 0.011614 -1.909266 0.9265 0.9265 0.9265
v 0.287574 0.027735 -1.909884 0.8905 0.8905 0.8905
v 0.275595 0.008669 -1.891988 0.9148 0.9148 0.9148
v 0.157397 2.148673 -1.991128 1.0000 1.0000 1.0000
v 0.177110 2.121583 -1.965815 0.9902 0.9902 0.9902
v 0.177110 2.119726 -2.014294 1.0000 1.0000 1.0000
v 0.169867 2.141100 -1.973673 1.0000 1.0000 1.0000
v 0.177563 2.136790 -1.990673 1.0000 1.0000 1.0000
v 0.183806 2.120631 -1.990054 1.0000 1.0000 1.0000
v 0.169867 2.139787 -2.007952 1.0000 1.0000 1.0000
v 0.130104 0.009203 -1.677196 0.6181 0.6181 0.6181
v 0.159630 0.037145 -1.675806 0.6181 0.6181 0.6181
v 0.117615 0.038219 -1.651572 0.6181 0.6181 0.6181
v 0.150801 0.017375 -1.676013 0.6181 0.6181 0.6181
v 0.139621 0.021612 -1.661245 0.6181 0.6181 0.6181
v 0.141971 0.037893 -1.657894 0.6181 0.6181 0.6181
v 0.121093 0.018135 -1.658877 0.6181 0.6181 0.6181
v 0.080563 2.154034 -1.858155 1.0000 1.0000 1.0000
v 0.069364 2.127243 -1.827823 0.9802 0.9802 0.9802
v 0.111378 2.126169 -1.852057 0.9802 0.9802 0.9802
v 0.071929 2.146620 -1.838457 0.9802 0.9802 0.9802
v 0.090626 2.142855 -1.840214 0.9802 0.9802 0.9802
v 0.093719 2.126916 -1.834144 0.9802 0.9802 0.9802
v 0.101638 2.145860 -1.855592 1.0000 1.0000 1.0000
v -0.137563 0.010131 -1.677232 0.6181 0.6181 0.6181
v -0.124880 0.039060 -1.651605 0.6181 0.6181 0.6181
v -0.166895 0.038277 -1.675850 0.6181 0.6181 0.6181
v -0.128495 0.019000 -1.658910 0.6181 0.6181 0.6181
v -0.146998 0.022606 -1.661284 0.6181 0.6181 0.6181
v -0.149236 0.038902 -1.657933 0.6181 0.6181 0.6181
v -0.158203 0.018447 -1.676054 0.6181 0.6181 0.6181
v -0.073104 2.154566 -1.858175 1.0000 1.0000 1.0000
v -0.104113 2.126916 -1.852085 0.9802 0.9802 0.9802
v -0.062099 2.127699 -1.827840 0.9802 0.9802 0.9802
v -0.094236 2.146539 -1.855619 0.9902 0.9902 0.9902
v -0.083249 2.143458 -1.840237 0.9802 0.9802 0.9802
v -0.086454 2.127541 -1.834169 0.9802 0.9802 0.9802
v -0.064527 2.147093 -1.838475 0.9802 0.9802 0.9802
v 0.622000 0.000000 -1.862000 1.0000 1.0000 1.0000
v 0.622000 0.028000 -1.890000 1.0000 1.0000 1.0000
v 0.650000 0.028000 -1.862000 0.9802 0.9802 0.9802
v 0.622000 0.008201 -1.881799 1.0000 1.0000 1.0000
v 0.638166 0.011834 -1.878166 1.0000 1.0000 1.0000
v 0.641799 0.028000 -1.881799 1.0000 1.0000 1.0000
v 0.641799 0.008201 -1.862000 1.0000 1.0000 1.0000
v 0.622000 0.132000 -1.890000 1.0000 1.0000 1.0000
v 0.622000 0.160000 -1.862000 0.9902 0.9902 0.9902
v 0.650000 0.132000 -1.862000 0.9802 0.9802 0.9802
v 0.622000 0.151799 -1.881799 0.9802 0.9802 0.9802
v 0.638166 0.148166 -1.878166 1.0000 1.0000 1.0000
v 0.641799 0.151799 -1.862000 1.0000 1.0000 1.0000
v 0.641799 0.132000 -1.881799 1.0000 1.0000 1.0000
v 0.622000 0.000000 -1.498000 0.9802 0.9802 0.9802
v 0.650000 0.028000 -1.498000 0.6591 0.6591 0.6591
v 0.622000 0.028000 -1.470000 0.6591 0.6591 0.6591
v 0.641799 0.008201 -1.498000 0.6591 0.6591 0.6591
v 0.638166 0.011834 -1.481834 0.6591 0.6591 0.6591
v 0.641799 0.028000 -1.478201 0.6591 0.6591 0.6591
v 0.622000 0.008201 -1.478201 0.6875 0.6875 0.6875
v 0.622000 0.160000 -1.498000 0.6875 0.6875 0.6875
v 0.622000 0.132000 -1.470000 0.6591 0.6591 0.6591
v 0.650000 0.132000 -1.498000 0.6591 0.6591 0.6591
v 0.622000 0.151799 -1.478201 0.6875 0.6875 0.6875
v 0.638166 0.148166 -1.481834 0.6875 0.6875 0.6875
v 0.641799 0.132000 -1.478201 0.6591 0.6591 0.6591
v 0.641799 0.151799 -1.498000 0.6875 0.6875 0.6875
v -0.622000 0.000000 -1.862000 1.0000 1.0000 1.0000
v -0.650000 0.028000 -1.862000 1.0000 1.0000 1.0000
v -0.622000 0.028000 -1.890000 1.0000 1.0000 1.0000
v -0.641799 0.008201 -1.862000 1.0000 1.0000 1.0000
v -0.638166 0.011834 -1.878166 1.0000 1.0000 1.0000
v -0.641799 0.028000 -1.881799 1.0000 1.0000 1.0000
v -0.622000 0.008201 -1.881799 1.0000 1.0000 1.0000
v -0.622000 0.160000 -1.862000 0.9488 0.9488 0.9488
v -0.622000 0.132000 -1.890000 0.9902 0.9902 0.9902
v -0.650000 0.132000 -1.862000 1.0000 1.0000 1.0000
v -0.622000 0.151799 -1.881799 0.9595 0.9595 0.9595
v -0.638166 0.148166 -1.878166 0.9902 0.9902 0.9902
v -0.641799 0.132000 -1.881799 1.0000 1.0000 1.0000
v -0.641799 0.151799 -1.862000 0.9902 0.9902 0.9902
v -0.622000 0.000000 -1.498000 0.9802 0.9802 0.9802
v -0.622000 0.028000 -1.470000 0.6875 0.6875 0.6875
v -0.650000 0.028000 -1.498000 0.6591 0.6591 0.6591
v -0.622000 0.008201 -1.478201 0.6875 0.6875 0.6875
v -0.638166 0.011834 -1.481834 0.6591 0.6591 0.6591
v -0.641799 0.028000 -1.478201 0.6591 0.6591 0.6591
v -0.641799 0.008201 -1.498000 0.6591 0.6591 0.6591
v -0.622000 0.160000 -1.498000 0.6875 0.6875 0.6875
v -0.650000 0.132000 -1.498000 0.6591 0.6591 0.6591
v -0.622000 0.132000 -1.470000 0.6591 0.6591 0.6591
v -0.641799 0.151799 -1.498000 0.6591 0.6591 0.6591
v -0.638166 0.148166 -1.481834 0.6875 0.6875 0.6875
v -0.641799 0.132000 -1.478201 0.6591 0.6591 0.6591
v -0.622000 0.151799 -1.478201 0.6875 0.6875 0.6875
v 0.497000 0.150000 -1.562000 0.6181 0.6181 0.6181
v 0.497000 0.178000 -1.590000 0.8508 0.8508 0.8508
v 0.525000 0.178000 -1.562000 0.8508 0.8508 0.8508
v 0.497000 0.158201 -1.581799 0.6181 0.6181 0.6181
v 0.513166 0.161834 -1.578166 0.6181 0.6181 0.6181
v 0.516799 0.178000 -1.581799 0.8905 0.8905 0.8905
v 0.516799 0.158201 -1.562000 0.6181 0.6181 0.6181
v 0.497000 0.262000 -1.590000 0.9265 0.9265 0.9265
v 0.497000 0.290000 -1.562000 0.9700 0.9700 0.9700
v 0.525000 0.262000 -1.562000 0.9488 0.9488 0.9488
v 0.497000 0.281799 -1.581799 0.9488 0.9488 0.9488
v 0.513166 0.278166 -1.578166 0.9700 0.9700 0.9700
v 0.516799 0.281799 -1.562000 0.9802 0.9802 0.9802
v 0.516799 0.262000 -1.581799 0.9488 0.9488 0.9488
v 0.497000 0.150000 -1.278000 0.6591 0.6591 0.6591
v 0.525000 0.178000 -1.278000 0.6875 0.6875 0.6875
v 0.497000 0.178000 -1.250000 0.6875 0.6875 0.6875
v 0.516799 0.158201 -1.278000 0.6875 0.6875 0.6875
v 0.513166 0.161834 -1.261834 0.6875 0.6875 0.6875
v 0.516799 0.178000 -1.258201 0.6875 0.6875 0.6875
v 0.497000 0.158201 -1.258201 0.6875 0.6875 0.6875
v 0.497000 0.290000 -1.278000 0.9029 0.9029 0.9029
v 0.497000 0.262000 -1.250000 0.7895 0.7895 0.7895
v 0.525000 0.262000 -1.278000 0.8365 0.8365 0.8365
v 0.497000 0.281799 -1.258201 0.8216 0.8216 0.8216
v 0.513166 0.278166 -1.261834 0.8216 0.8216 0.8216
v 0.516799 0.262000 -1.258201 0.8060 0.8060 0.8060
v 0.516799 0.281799 -1.278000 0.8905 0.8905 0.8905
v -0.497000 0.150000 -1.562000 0.6181 0.6181 0.6181
v -0.525000 0.178000 -1.562000 0.8645 0.8645 0.8645
v -0.497000 0.178000 -1.590000 0.8508 0.8508 0.8508
v -0.516799 0.158201 -1.562000 0.6181 0.6181 0.6181
v -0.513166 0.161834 -1.578166 0.6181 0.6181 0.6181
v -0.516799 0.178000 -1.581799 0.9029 0.9029 0.9029
v -0.497000 0.158201 -1.581799 0.6181 0.6181 0.6181
v -0.497000 0.290000 -1.562000 0.9700 0.9700 0.9700
v -0.497000 0.262000 -1.590000 0.9378 0.9378 0.9378
v -0.525000 0.262000 -1.562000 0.9595 0.9595 0.9595
v -0.497000 0.281799 -1.581799 0.9802 0.9802 0.9802
v -0.513166 0.278166 -1.578166 0.9902 0.9902 0.9902
v -0.516799 0.262000 -1.581799 0.9700 0.9700 0.9700
v -0.516799 0.281799 -1.562000 0.9902 0.9902 0.9902
v -0.497000 0.150000 -1.278000 0.6591 0.6591 0.6591
v -0.497000 0.178000 -1.250000 0.6875 0.6875 0.6875
v -0.525000 0.178000 -1.278000 0.6591 0.6591 0.6591
v -0.497000 0.158201 -1.258201 0.6875 0.6875 0.6875
v -0.513166 0.161834 -1.261834 0.6875 0.6875 0.6875
v -0.516799 0.178000 -1.258201 0.6875 0.6875 0.6875
v -0.516799 0.158201 -1.278000 0.6875 0.6875 0.6875
v -0.497000 0.290000 -1.278000 0.9029 0.9029 0.9029
v -0.525000 0.262000 -1.278000 0.8216 0.8216 0.8216
v -0.497000 0.262000 -1.250000 0.7721 0.7721 0.7721
v -0.516799 0.281799 -1.278000 0.8905 0.8905 0.8905
v -0.513166 0.278166 -1.261834 0.8216 0.8216 0.8216
v -0.516799 0.262000 -1.258201 0.7721 0.7721 0.7721
v -0.497000 0.281799 -1.258201 0.8060 0.8060 0.8060
vn 0.1382 -0.9673 -0.2128
vn 0.2504 -0.8881 -0.3855
vn 0.3423 -0.9152 -0.2127
vn -0.0257 -0.1794 -0.9834
vn 0.1333 -0.3251 -0.9363
vn -0.0564 -0.3791 -0.9236
vn 0.9089 -0.1794 -0.3766
vn 0.8011 -0.3251 -0.5026
vn 0.8164 -0.1369 -0.5611
vn -0.0257 0.1794 -0.9834
vn 0.1333 0.3251 -0.9363
vn 0.1805 0.1369 -0.9740
vn 0.1382 0.9673 -0.2128
vn 0.2504 0.8881 -0.3855
vn 0.0551 0.9152 -0.3993
vn 0.9089 0.1794 -0.3766
vn 0.8011 0.3251 -0.5026
vn 0.8667 0.3791 -0.3241
vn 0.2128 -0.9673 0.1382
vn 0.3855 -0.8881 0.2504
vn 0.2127 -0.9152 0.3423
vn 0.9834 -0.1794 -0.0257
vn 0.9363 -0.3251 0.1333
vn 0.9236 -0.3791 -0.0564
vn 0.3766 -0.1794 0.9089
vn 0.5026 -0.3251 0.8011
vn 0.5611 -0.1369 0.8164
vn 0.2127 0.9673 0.1382
vn 0.3855 0.8881 0.2504
vn 0.3992 0.9152 0.0550
vn 0.3766 0.1794 0.9089
vn 0.5026 0.3251 0.8011
vn 0.3241 0.3791 0.8667
vn 0.9834 0.1794 -0.0257
vn 0.9363 0.3251 0.1333
vn 0.9740 0.1369 0.1805
vn -0.2128 -0.9673 -0.1382
vn -0.3855 -0.8881 -0.2504
vn -0.2127 -0.9152 -0.3423
vn -0.9834 -0.1794 0.0257
vn -0.9363 -0.3251 -0.1333
vn -0.9236 -0.3791 0.0564
vn -0.3766 -0.1794 -0.9089
vn -0.5026 -0.3251 -0.8011
vn -0.5611 -0.1369 -0.8164
vn -0.2127 0.9673 -0.1382
vn -0.3855 0.8881 -0.2504
vn -0.3992 0.9152 -0.0550
vn -0.3766 0.1794 -0.9089
vn -0.5026 0.3251 -0.8011
vn -0.3241 0.3791 -0.8667
vn -0.9834 0.1794 0.0257
vn -0.9363 0.3251 -0.1333
vn -0.9740 0.1369 -0.1805
vn -0.1382 -0.9673 0.2128
vn -0.2504 -0.8881 0.3855
vn -0.3423 -0.9152 0.2127
vn 0.0257 -0.1794 0.9834
vn -0.1333 -0.3251 0.9362
vn 0.0564 -0.3791 0.9236
vn -0.9089 -0.1794 0.3766
vn -0.8011 -0.3251 0.5026
vn -0.8164 -0.1369 0.5611
vn -0.1382 0.9673 0.2128
vn -0.2504 0.8881 0.3855
vn -0.0551 0.9152 0.3993
vn -0.9089 0.1794 0.3766
vn -0.8011 0.3251 0.5026
vn -0.8667 0.3791 0.3241
vn 0.0257 0.1794 0.9834
vn -0.1333 0.3251 0.9363
vn -0.1805 0.1369 0.9740
vn 0.1749 -0.9716 -0.1592
vn 0.3393 -0.8962 -0.2858
vn 0.3692 -0.9247 -0.0925
vn 0.2912 -0.1840 -0.9388
vn 0.4224 -0.3334 -0.8429
vn 0.2376 -0.3825 -0.8929
vn 0.9770 -0.2044 -0.0608
vn 0.9124 -0.3480 -0.2155
vn 0.9507 -0.1605 -0.2652
vn 0.3005 0.1747 -0.9377
vn 0.4391 0.3165 -0.8408
vn 0.4912 0.1270 -0.8617
vn 0.2247 0.9623 -0.1531
vn 0.3850 0.8793 -0.2802
vn 0.2056 0.9113 -0.3567
vn 0.9862 0.1542 -0.0596
vn 0.9291 0.3019 -0.2134
vn 0.9345 0.3552 -0.0231
vn 0.1312 -0.9716 0.1968
vn 0.2600 -0.8962 0.3594
vn 0.0660 -0.9184 0.3900
vn 0.9333 -0.2044 0.2953
vn 0.8332 -0.3480 0.4298
vn 0.8816 -0.4027 0.2461
vn 0.0555 -0.1840 0.9814
vn 0.2059 -0.3334 0.9200
vn 0.2611 -0.1466 0.9541
vn 0.1810 0.9623 0.2030
vn 0.3058 0.8793 0.3650
vn 0.3830 0.9050 0.1849
vn 0.0647 0.1747 0.9825
vn 0.2227 0.3165 0.9221
vn 0.0340 0.3754 0.9262
vn 0.9425 0.1542 0.2965
vn 0.8499 0.3019 0.4319
vn 0.8654 0.1131 0.4882
vn -0.1810 -0.9623 -0.2030
vn -0.3058 -0.8793 -0.3650
vn -0.1132 -0.9113 -0.3958
vn -0.9425 -0.1542 -0.2965
vn -0.8499 -0.3019 -0.4319
vn -0.9011 -0.3552 -0.2485
vn -0.0647 -0.1747 -0.9825
vn -0.2227 -0.3165 -0.9221
vn -0.2681 -0.1270 -0.9550
vn -0.1312 0.9716 -0.1968
vn -0.2600 0.8962 -0.3594
vn -0.3359 0.9247 -0.1791
vn -0.0555 0.1840 -0.9814
vn -0.2059 0.3334 -0.9200
vn -0.0145 0.3825 -0.9238
vn -0.9333 0.2044 -0.2953
vn -0.8332 0.3480 -0.4298
vn -0.8583 0.1606 -0.4873
vn -0.2247 -0.9623 0.1531
vn -0.3850 -0.8793 0.2802
vn -0.4164 -0.9050 0.0868
vn -0.3005 -0.1747 0.9377
vn -0.4391 -0.3165 0.8408
vn -0.2571 -0.3754 0.8905
vn -0.9862 -0.1542 0.0596
vn -0.9291 -0.3019 0.2134
vn -0.9578 -0.1131 0.2643
vn -0.1749 0.9716 0.1592
vn -0.3393 0.8962 0.2858
vn -0.1584 0.9184 0.3625
vn -0.9770 0.2044 0.0608
vn -0.9124 0.3480 0.2155
vn -0.9150 0.4027 0.0255
vn -0.2912 0.1840 0.9388
vn -0.4224 0.3334 0.8429
vn -0.4841 0.1466 0.8626
vn 0.2156 -0.9642 -0.1543
vn 0.3767 -0.8826 -0.2813
vn 0.4078 -0.9088 -0.0878
vn 0.2988 -0.1764 -0.9379
vn 0.4361 -0.3197 -0.8412
vn 0.2535 -0.3768 -0.8909
vn 0.9847 -0.1635 -0.0598
vn 0.9262 -0.3105 -0.2138
vn 0.9567 -0.1218 -0.2645
vn 0.2930 0.1823 -0.9386
vn 0.4255 0.3303 -0.8425
vn 0.4855 0.1431 -0.8624
vn 0.1841 0.9701 -0.1581
vn 0.3477 0.8933 -0.2848
vn 0.1671 0.9173 -0.3614
vn 0.9789 0.1952 -0.0605
vn 0.9157 0.3396 -0.2151
vn 0.9188 0.3940 -0.0251
vn 0.1719 -0.9642 0.2018
vn 0.2974 -0.8826 0.3640
vn 0.1045 -0.9128 0.3948
vn 0.9410 -0.1635 0.2963
vn 0.8470 -0.3105 0.4315
vn 0.8977 -0.3640 0.2481
vn 0.0631 -0.1764 0.9823
vn 0.2197 -0.3197 0.9217
vn 0.2669 -0.1306 0.9548
vn 0.1404 0.9701 0.1980
vn 0.2685 0.8933 0.3605
vn 0.3446 0.9213 0.1802
vn 0.0572 0.1823 0.9816
vn 0.2091 0.3303 0.9204
vn 0.0181 0.3813 0.9243
vn 0.9352 0.1952 0.2956
vn 0.8364 0.3396 0.4302
vn 0.8598 0.1519 0.4875
vn -0.1404 -0.9701 -0.1980
vn -0.2685 -0.8933 -0.3605
vn -0.0747 -0.9173 -0.3911
vn -0.9352 -0.1952 -0.2956
vn -0.8364 -0.3396 -0.4302
vn -0.8854 -0.3940 -0.2466
vn -0.0572 -0.1823 -0.9816
vn -0.2091 -0.3303 -0.9204
vn -0.2624 -0.1431 -0.9543
vn -0.1719 0.9642 -0.2018
vn -0.2974 0.8826 -0.3640
vn -0.3744 0.9088 -0.1839
vn -0.0631 0.1764 -0.9823
vn -0.2197 0.3197 -0.9217
vn -0.0305 0.3768 -0.9258
vn -0.9410 0.1635 -0.2963
vn -0.8470 0.3105 -0.4315
vn -0.8643 0.1218 -0.4880
vn -0.1841 -0.9701 0.1581
vn -0.3478 -0.8933 0.2848
vn -0.3780 -0.9213 0.0915
vn -0.2930 -0.1823 0.9386
vn -0.4255 -0.3303 0.8425
vn -0.2412 -0.3813 0.8924
vn -0.9789 -0.1952 0.0605
vn -0.9157 -0.3396 0.2151
vn -0.9522 -0.1519 0.2650
vn -0.2156 0.9642 0.1543
vn -0.3767 0.8826 0.2813
vn -0.1969 0.9128 0.3578
vn -0.9847 0.1635 0.0598
vn -0.9262 0.3105 0.2138
vn -0.9311 0.3640 0.0236
vn -0.2988 0.1764 0.9379
vn -0.4361 0.3197 0.8412
vn -0.4900 0.1306 0.8619
vn 0.2109 -0.9652 -0.1548
vn 0.3724 -0.8843 -0.2818
vn 0.4034 -0.9108 -0.0884
vn 0.2980 -0.1773 -0.9380
vn 0.4346 -0.3213 -0.8414
vn 0.2517 -0.3775 -0.8912
vn 0.9839 -0.1682 -0.0599
vn 0.9247 -0.3148 -0.2140
vn 0.9561 -0.1263 -0.2645
vn 0.2939 0.1814 -0.9385
vn 0.4271 0.3288 -0.8423
vn 0.4862 0.1412 -0.8624
vn 0.1888 0.9693 -0.1575
vn 0.3521 0.8918 -0.2843
vn 0.1716 0.9167 -0.3609
vn 0.9798 0.1905 -0.0604
vn 0.9173 0.3353 -0.2149
vn 0.9206 0.3896 -0.0248
vn 0.1672 -0.9652 0.2013
vn 0.2931 -0.8843 0.3635
vn 0.1001 -0.9136 0.3942
vn 0.9402 -0.1682 0.2962
vn 0.8455 -0.3148 0.4313
vn 0.8960 -0.3685 0.2479
vn 0.0622 -0.1773 0.9822
vn 0.2181 -0.3213 0.9215
vn 0.2663 -0.1325 0.9548
vn 0.1451 0.9693 0.1985
vn 0.2729 0.8918 0.3610
vn 0.3491 0.9195 0.1807
vn 0.0581 0.1814 0.9817
vn 0.2107 0.3288 0.9206
vn 0.0200 0.3806 0.9245
vn 0.9361 0.1905 0.2957
vn 0.8381 0.3353 0.4304
vn 0.8605 0.1474 0.4876
vn -0.1451 -0.9693 -0.1985
vn -0.2728 -0.8918 -0.3610
vn -0.0792 -0.9167 -0.3917
vn -0.9361 -0.1905 -0.2957
vn -0.8381 -0.3353 -0.4304
vn -0.8873 -0.3896 -0.2468
vn -0.0581 -0.1814 -0.9817
vn -0.2107 -0.3288 -0.9206
vn -0.2631 -0.1412 -0.9544
vn -0.1672 0.9652 -0.2013
vn -0.2931 0.8843 -0.3635
vn -0.3700 0.9108 -0.1833
vn -0.0622 0.1773 -0.9822
vn -0.2181 0.3213 -0.9215
vn -0.0286 0.3775 -0.9256
vn -0.9402 0.1682 -0.2962
vn -0.8455 0.3148 -0.4313
vn -0.8637 0.1263 -0.4880
vn -0.1888 -0.9693 0.1575
vn -0.3521 -0.8918 0.2843
vn -0.3825 -0.9195 0.0909
vn -0.2939 -0.1814 0.9385
vn -0.4271 -0.3288 0.8423
vn -0.2430 -0.3806 0.8922
vn -0.9798 -0.1905 0.0604
vn -0.9173 -0.3353 0.2149
vn -0.9529 -0.1474 0.2649
vn -0.2109 0.9652 0.1548
vn -0.3724 0.8843 0.2818
vn -0.1925 0.9136 0.3583
vn -0.9839 0.1682 0.0599
vn -0.9247 0.3148 0.2140
vn -0.9293 0.3685 0.0238
vn -0.2980 0.1773 0.9380
vn -0.4346 0.3213 0.8414
vn -0.4893 0.1325 0.8620
vn 0.2009 -0.9671 -0.1561
vn 0.3632 -0.8877 -0.2829
vn 0.3939 -0.9148 -0.0895
vn 0.2961 -0.1792 -0.9382
vn 0.4312 -0.3247 -0.8418
vn 0.2478 -0.3789 -0.8916
vn 0.9821 -0.1784 -0.0601
vn 0.9214 -0.3241 -0.2144
vn 0.9547 -0.1359 -0.2647
vn 0.2957 0.1796 -0.9382
vn 0.4305 0.3254 -0.8419
vn 0.4876 0.1373 -0.8622
vn 0.1989 0.9675 -0.1563
vn 0.3613 0.8884 -0.2831
vn 0.1811 0.9153 -0.3597
vn 0.9818 0.1804 -0.0602
vn 0.9207 0.3260 -0.2144
vn 0.9247 0.3800 -0.0244
vn 0.1572 -0.9671 0.2000
vn 0.2839 -0.8877 0.3624
vn 0.0906 -0.9150 0.3930
vn 0.9384 -0.1784 0.2959
vn 0.8422 -0.3241 0.4309
vn 0.8921 -0.3781 0.2474
vn 0.0603 -0.1792 0.9820
vn 0.2147 -0.3247 0.9211
vn 0.2649 -0.1365 0.9546
vn 0.1552 0.9675 0.1998
vn 0.2821 0.8884 0.3621
vn 0.3586 0.9156 0.1819
vn 0.0600 0.1796 0.9819
vn 0.2141 0.3254 0.9210
vn 0.0239 0.3792 0.9250
vn 0.9380 0.1804 0.2959
vn 0.8415 0.3260 0.4308
vn 0.8620 0.1378 0.4878
vn -0.1552 -0.9675 -0.1998
vn -0.2821 -0.8884 -0.3621
vn -0.0887 -0.9153 -0.3928
vn -0.9380 -0.1804 -0.2959
vn -0.8415 -0.3260 -0.4308
vn -0.8913 -0.3800 -0.2473
vn -0.0600 -0.1796 -0.9819
vn -0.2141 -0.3254 -0.9210
vn -0.2646 -0.1373 -0.9545
vn -0.1572 0.9671 -0.2000
vn -0.2839 0.8877 -0.3624
vn -0.3605 0.9148 -0.1822
vn -0.0603 0.1792 -0.9820
vn -0.2147 0.3247 -0.9211
vn -0.0247 0.3789 -0.9251
vn -0.9384 0.1784 -0.2959
vn -0.8422 0.3241 -0.4309
vn -0.8623 0.1359 -0.4878
vn -0.1989 -0.9675 0.1563
vn -0.3613 -0.8884 0.2831
vn -0.3920 -0.9156 0.0898
vn -0.2957 -0.1796 0.9382
vn -0.4305 -0.3254 0.8419
vn -0.2470 -0.3792 0.8917
vn -0.9818 -0.1804 0.0602
vn -0.9207 -0.3260 0.2144
vn -0.9544 -0.1378 0.2647
vn -0.2009 0.9671 0.1561
vn -0.3632 0.8877 0.2829
vn -0.1830 0.9150 0.3595
vn -0.9821 0.1784 0.0601
vn -0.9214 0.3241 0.2144
vn -0.9254 0.3781 0.0243
vn -0.2961 0.1792 0.9382
vn -0.4312 0.3247 0.8418
vn -0.4879 0.1365 0.8621
vn 0.1928 -0.9686 -0.1571
vn 0.3557 -0.8904 -0.2838
vn 0.3862 -0.9180 -0.0905
vn 0.2946 -0.1807 -0.9384
vn 0.4285 -0.3274 -0.8421
vn 0.2446 -0.3801 -0.8920
vn 0.9806 -0.1865 -0.0603
vn 0.9187 -0.3316 -0.2147
vn 0.9535 -0.1436 -0.2649
vn 0.2972 0.1781 -0.9381
vn 0.4332 0.3227 -0.8415
vn 0.4888 0.1341 -0.8620
vn 0.2070 0.9659 -0.1553
vn 0.3687 0.8857 -0.2822
vn 0.1887 0.9142 -0.3587
vn 0.9832 0.1722 -0.0600
vn 0.9234 0.3185 -0.2141
vn 0.9278 0.3723 -0.0240
vn 0.1491 -0.9686 0.1990
vn 0.2765 -0.8904 0.3614
vn 0.0829 -0.9162 0.3921
vn 0.9369 -0.1865 0.2958
vn 0.8394 -0.3316 0.4306
vn 0.8889 -0.3858 0.2470
vn 0.0588 -0.1807 0.9818
vn 0.2120 -0.3274 0.9208
vn 0.2637 -0.1397 0.9544
vn 0.1633 0.9659 0.2008
vn 0.2895 0.8857 0.3630
vn 0.3663 0.9124 0.1829
vn 0.0615 0.1781 0.9821
vn 0.2168 0.3226 0.9214
vn 0.0271 0.3781 0.9254
vn 0.9395 0.1722 0.2961
vn 0.8442 0.3185 0.4311
vn 0.8631 0.1301 0.4879
vn -0.1633 -0.9659 -0.2008
vn -0.2895 -0.8857 -0.3630
vn -0.0963 -0.9142 -0.3938
vn -0.9395 -0.1722 -0.2961
vn -0.8442 -0.3185 -0.4312
vn -0.8944 -0.3723 -0.2477
vn -0.0615 -0.1781 -0.9821
vn -0.2168 -0.3227 -0.9214
vn -0.2657 -0.1341 -0.9547
vn -0.1491 0.9686 -0.1990
vn -0.2765 0.8904 -0.3614
vn -0.3529 0.9180 -0.1812
vn -0.0588 0.1807 -0.9818
vn -0.2120 0.3274 -0.9208
vn -0.0215 0.3801 -0.9247
vn -0.9369 0.1865 -0.2958
vn -0.8394 0.3316 -0.4306
vn -0.8611 0.1436 -0.4877
vn -0.2070 -0.9659 0.1553
vn -0.3687 -0.8857 0.2822
vn -0.3996 -0.9124 0.0888
vn -0.2972 -0.1781 0.9381
vn -0.4332 -0.3227 0.8415
vn -0.2501 -0.3781 0.8913
vn -0.9832 -0.1722 0.0600
vn -0.9234 -0.3185 0.2141
vn -0.9555 -0.1301 0.2646
vn -0.1928 0.9686 0.1571
vn -0.3558 0.8904 0.2838
vn -0.1753 0.9162 0.3604
vn -0.9806 0.1865 0.0603
vn -0.9187 0.3316 0.2147
vn -0.9222 0.3858 0.0246
vn -0.2946 0.1807 0.9384
vn -0.4285 0.3274 0.8421
vn -0.4868 0.1396 0.8623
vn 0.1445 -0.9372 0.3175
vn 0.2637 -0.8155 0.5152
vn 0.0814 -0.8653 0.4947
vn 0.7946 -0.1145 0.5962
vn 0.4749 -0.2590 0.8411
vn 0.7548 -0.3266 0.5689
vn 0.1128 -0.0862 0.9899
vn 0.4976 -0.0532 0.8658
vn 0.1404 0.9749 0.1731
vn 0.2545 0.8907 0.3768
vn 0.3235 0.9214 0.2152
vn 0.1116 0.3005 0.9472
vn 0.4604 0.4500 0.7652
vn 0.0911 0.4945 0.8644
vn 0.7824 0.2726 0.5599
vn 0.4909 0.2595 0.8317
vn -0.1461 -0.9368 0.3178
vn -0.2646 -0.8149 0.5158
vn -0.3350 -0.8749 0.3498
vn -0.1109 -0.0859 0.9901
vn -0.4737 -0.2579 0.8421
vn -0.0946 -0.2990 0.9495
vn -0.7937 -0.1126 0.5978
vn -0.4960 -0.0520 0.8668
vn -0.1376 0.9752 0.1734
vn -0.2515 0.8913 0.3773
vn -0.0793 0.9316 0.3547
vn -0.7806 0.2745 0.5616
vn -0.4578 0.4511 0.7661
vn -0.7308 0.4696 0.4953
vn -0.1089 0.3007 0.9475
vn -0.4886 0.2607 0.8327
vn -0.2916 -0.9542 0.0670
vn -0.5292 -0.8464 0.0597
vn -0.4174 -0.9050 -0.0824
vn -0.9057 -0.1259 0.4047
vn -0.9490 -0.3145 0.0230
vn -0.8498 -0.3361 0.4061
vn -0.9066 -0.1808 -0.3813
vn -0.9937 -0.1114 0.0089
vn -0.2769 0.9586 -0.0666
vn -0.5051 0.8610 -0.0596
vn -0.4018 0.9125 0.0764
vn -0.8919 0.2073 -0.4020
vn -0.9177 0.3963 -0.0267
vn -0.8214 0.4072 -0.3993
vn -0.8910 0.2614 0.3712
vn -0.9793 0.2022 -0.0130
vn -0.1466 -0.9719 -0.1842
vn -0.2656 -0.8786 -0.3969
vn -0.0834 -0.9254 -0.3696
vn -0.7950 -0.1945 -0.5746
vn -0.4756 -0.3724 -0.7970
vn -0.7556 -0.4008 -0.5181
vn -0.1131 -0.2227 -0.9683
vn -0.4979 -0.1720 -0.8500
vn -0.1382 0.9416 -0.3070
vn -0.2525 0.8302 -0.4970
vn -0.3215 0.8833 -0.3413
vn -0.1110 0.1661 -0.9798
vn -0.4595 0.3403 -0.8204
vn -0.0901 0.3697 -0.9248
vn -0.7819 0.1939 -0.5925
vn -0.4905 0.1425 -0.8597
vn 0.1439 -0.9722 -0.1845
vn 0.2626 -0.8792 -0.3974
vn 0.3329 -0.9158 -0.2247
vn 0.1106 -0.2230 -0.9685
vn 0.4730 -0.3735 -0.7980
vn 0.0937 -0.4283 -0.8987
vn 0.7933 -0.1964 -0.5763
vn 0.4957 -0.1732 -0.8510
vn 0.1398 0.9413 -0.3073
vn 0.2535 0.8296 -0.4975
vn 0.0813 0.8731 -0.4807
vn 0.7811 0.1920 -0.5941
vn 0.4587 0.3392 -0.8213
vn 0.7318 0.3946 -0.5557
vn 0.1094 0.1658 -0.9801
vn 0.4890 0.1413 -0.8607
vn 0.2894 -0.9549 0.0664
vn 0.5273 -0.8477 0.0586
vn 0.4153 -0.8857 0.2074
vn 0.9054 -0.1830 -0.3831
vn 0.9482 -0.3168 0.0211
vn 0.8490 -0.3912 -0.3553
vn 0.9063 -0.1281 0.4028
vn 0.9935 -0.1138 0.0068
vn 0.2791 0.9579 -0.0672
vn 0.5070 0.8598 -0.0606
vn 0.4038 0.8922 -0.2025
vn 0.8924 0.2592 0.3694
vn 0.9186 0.3941 -0.0286
vn 0.8224 0.4569 0.3389
vn 0.8915 0.2052 -0.4038
vn 0.9797 0.1998 -0.0150
vn 0.1276 -0.9647 -0.2304
vn 0.2489 -0.8631 -0.4395
vn 0.3182 -0.9095 -0.2674
vn 0.1089 -0.1715 -0.9791
vn 0.4695 -0.3360 -0.8165
vn 0.0887 -0.3805 -0.9205
vn 0.7921 -0.1754 -0.5847
vn 0.4950 -0.1331 -0.8586
vn 0.1565 0.9523 -0.2619
vn 0.2681 0.8486 -0.4561
vn 0.0977 0.8937 -0.4380
vn 0.7842 0.2134 -0.5827
vn 0.4648 0.3766 -0.8013
vn 0.7375 0.4136 -0.5339
vn 0.1143 0.2172 -0.9694
vn 0.4925 0.1813 -0.8512
vn 0.2735 -0.9616 0.0223
vn 0.5142 -0.8574 0.0198
vn 0.4003 -0.9010 0.1672
vn 0.9041 -0.1730 -0.3908
vn 0.9454 -0.3259 0.0073
vn 0.8454 -0.3822 -0.3731
vn 0.9043 -0.1547 0.3979
vn 0.9925 -0.1225 0.0026
vn 0.2949 0.9553 -0.0223
vn 0.5201 0.8539 -0.0200
vn 0.4186 0.8940 -0.1597
vn 0.8945 0.2337 0.3812
vn 0.9223 0.3863 -0.0093
vn 0.8268 0.4327 0.3595
vn 0.8942 0.2157 -0.3921
vn 0.9815 0.1917 -0.0047
vn 0.1277 -0.9530 0.2749
vn 0.2492 -0.8417 0.4790
vn 0.0650 -0.8879 0.4554
vn 0.7924 -0.1480 0.5918
vn 0.4700 -0.2977 0.8310
vn 0.7499 -0.3588 0.5558
vn 0.1094 -0.1258 0.9860
vn 0.4955 -0.0930 0.8636
vn 0.1567 0.9635 0.2172
vn 0.2684 0.8688 0.4161
vn 0.3381 0.9053 0.2573
vn 0.1149 0.2620 0.9582
vn 0.4652 0.4134 0.7827
vn 0.0976 0.4588 0.8832
vn 0.7845 0.2403 0.5716
vn 0.4930 0.2206 0.8416
vn -0.1640 -0.9474 0.2748
vn -0.2812 -0.8316 0.4789
vn -0.3524 -0.8834 0.3091
vn -0.1145 -0.1216 0.9860
vn -0.4812 -0.2796 0.8308
vn -0.1023 -0.3337 0.9371
vn -0.7977 -0.1177 0.5915
vn -0.4989 -0.0741 0.8635
vn -0.1200 0.9687 0.2172
vn -0.2352 0.8784 0.4160
vn -0.0632 0.9161 0.3959
vn -0.7750 0.2700 0.5714
vn -0.4494 0.4309 0.7826
vn -0.7207 0.4657 0.5134
vn -0.1051 0.2662 0.9582
vn -0.4845 0.2393 0.8415
vn -0.3099 -0.9505 0.0222
vn -0.5465 -0.8372 0.0196
vn -0.4345 -0.8919 -0.1255
vn -0.9097 -0.1201 0.3976
vn -0.9571 -0.2897 0.0070
vn -0.8590 -0.3320 0.3897
vn -0.9099 -0.1384 -0.3911
vn -0.9964 -0.0846 0.0023
vn -0.2584 0.9658 -0.0224
vn -0.4872 0.8731 -0.0202
vn -0.3841 0.9158 0.1176
vn -0.8853 0.2496 -0.3924
vn -0.9069 0.4211 -0.0095
vn -0.8100 0.4467 -0.3800
vn -0.8850 0.2676 0.3809
vn -0.9734 0.2289 -0.0050
vn -0.1641 -0.9591 -0.2304
vn -0.2814 -0.8530 -0.4396
vn -0.0992 -0.9050 -0.4137
vn -0.7980 -0.1451 -0.5849
vn -0.4817 -0.3179 -0.8166
vn -0.7635 -0.3554 -0.5391
vn -0.1150 -0.1673 -0.9792
vn -0.4994 -0.1141 -0.8588
vn -0.1201 0.9576 -0.2619
vn -0.2355 0.8581 -0.4562
vn -0.3037 0.9045 -0.2994
vn -0.1057 0.2214 -0.9694
vn -0.4499 0.3940 -0.8015
vn -0.0809 0.4206 -0.9036
vn -0.7753 0.2431 -0.5829
vn -0.4850 0.1999 -0.8514
vn -0.2944 -0.9550 0.0366
vn -0.5322 -0.8460 0.0324
vn -0.4199 -0.9007 -0.1116
vn -0.9070 -0.1328 0.3995
vn -0.9510 -0.3091 0.0118
vn -0.8523 -0.3435 0.3946
vn -0.9070 -0.1629 -0.3882
vn -0.9944 -0.1052 0.0040
vn -0.2741 0.9610 -0.0368
vn -0.5020 0.8643 -0.0331
vn -0.3991 0.9109 0.1043
vn -0.8901 0.2256 -0.3961
vn -0.9153 0.4026 -0.0154
vn -0.8186 0.4246 -0.3869
vn -0.8901 0.2552 0.3777
vn -0.9779 0.2087 -0.0080
vn -0.1489 -0.9651 -0.2153
vn -0.2676 -0.8645 -0.4255
vn -0.0851 -0.9129 -0.3993
vn -0.7951 -0.1708 -0.5819
vn -0.4760 -0.3422 -0.8101
vn -0.7568 -0.3793 -0.5323
vn -0.1124 -0.1882 -0.9757
vn -0.4974 -0.1398 -0.8562
vn -0.1354 0.9513 -0.2769
vn -0.2495 0.8466 -0.4701
vn -0.3184 0.8947 -0.3133
vn -0.1093 0.2007 -0.9735
vn -0.4569 0.3706 -0.8086
vn -0.0878 0.4019 -0.9115
vn -0.7799 0.2179 -0.5867
vn -0.4886 0.1746 -0.8549
vn 0.1422 -0.9661 -0.2153
vn 0.2617 -0.8663 -0.4255
vn 0.3317 -0.9087 -0.2533
vn 0.1114 -0.1890 -0.9756
vn 0.4739 -0.3455 -0.8100
vn 0.0942 -0.3968 -0.9131
vn 0.7941 -0.1763 -0.5817
vn 0.4967 -0.1433 -0.8560
vn 0.1420 0.9504 -0.2768
vn 0.2555 0.8449 -0.4700
vn 0.0838 0.8879 -0.4522
vn 0.7816 0.2124 -0.5865
vn 0.4597 0.3674 -0.8085
vn 0.7323 0.4132 -0.5413
vn 0.1109 0.2000 -0.9735
vn 0.4900 0.1712 -0.8547
vn 0.2878 -0.9570 0.0367
vn 0.5263 -0.8497 0.0325
vn 0.4136 -0.8924 0.1803
vn 0.9060 -0.1692 -0.3880
vn 0.9488 -0.3157 0.0121
vn 0.8498 -0.3785 -0.3669
vn 0.9060 -0.1391 0.3998
vn 0.9937 -0.1120 0.0043
vn 0.2807 0.9591 -0.0367
vn 0.5079 0.8608 -0.0330
vn 0.4054 0.8975 -0.1736
vn 0.8917 0.2490 0.3779
vn 0.9180 0.3962 -0.0152
vn 0.8216 0.4472 0.3535
vn 0.8917 0.2194 -0.3959
vn 0.9794 0.2020 -0.0077
vn 0.1422 -0.9468 0.2885
vn 0.2617 -0.8312 0.4905
vn 0.0789 -0.8802 0.4679
vn 0.7941 -0.1312 0.5934
vn 0.4739 -0.2825 0.8341
vn 0.7543 -0.3427 0.5600
vn 0.1114 -0.1138 0.9872
vn 0.4967 -0.0774 0.8645
vn 0.1420 0.9688 0.2033
vn 0.2555 0.8784 0.4040
vn 0.3247 0.9138 0.2440
vn 0.1109 0.2738 0.9554
vn 0.4597 0.4282 0.7780
vn 0.0908 0.4699 0.8781
vn 0.7816 0.2567 0.5685
vn 0.4900 0.2361 0.8391
vn -0.1489 -0.9458 0.2885
vn -0.2676 -0.8294 0.4904
vn -0.3379 -0.8844 0.3220
vn -0.1124 -0.1130 0.9872
vn -0.4760 -0.2792 0.8339
vn -0.0967 -0.3252 0.9407
vn -0.7951 -0.1257 0.5932
vn -0.4974 -0.0739 0.8644
vn -0.1354 0.9697 0.2033
vn -0.2495 0.8801 0.4039
vn -0.0776 0.9205 0.3830
vn -0.7799 0.2621 0.5683
vn -0.4569 0.4313 0.7779
vn -0.7293 0.4585 0.5079
vn -0.1093 0.2746 0.9553
vn -0.4886 0.2395 0.8390
vn 0.1794 -0.9673 -0.1794
vn 0.3251 -0.8881 -0.3251
vn 0.3791 -0.9152 -0.1369
vn 0.1794 -0.1794 -0.9673
vn 0.3251 -0.3251 -0.8881
vn 0.1369 -0.3791 -0.9152
vn 0.9673 -0.1794 -0.1794
vn 0.8881 -0.3251 -0.3251
vn 0.9152 -0.1369 -0.3791
vn 0.1794 0.1794 -0.9673
vn 0.3251 0.3251 -0.8881
vn 0.3791 0.1369 -0.9152
vn 0.1794 0.9673 -0.1794
vn 0.3251 0.8881 -0.3251
vn 0.1369 0.9152 -0.3791
vn 0.9673 0.1794 -0.1794
vn 0.8881 0.3251 -0.3251
vn 0.9152 0.3791 -0.1369
vn 0.1794 -0.9673 0.1794
vn 0.3251 -0.8881 0.3251
vn 0.1369 -0.9152 0.3791
vn 0.9673 -0.1794 0.1794
vn 0.8881 -0.3251 0.3251
vn 0.9152 -0.3791 0.1369
vn 0.1794 -0.1794 0.9673
vn 0.3251 -0.3251 0.8881
vn 0.3791 -0.1369 0.9152
vn 0.1794 0.9673 0.1794
vn 0.3251 0.8881 0.3251
vn 0.3791 0.9152 0.1369
vn 0.1794 0.1794 0.9673
vn 0.3251 0.3251 0.8881
vn 0.1369 0.3791 0.9152
vn 0.9673 0.1794 0.1794
vn 0.8881 0.3251 0.3251
vn 0.9152 0.1369 0.3791
vn -0.1794 -0.9673 -0.1794
vn -0.3251 -0.8881 -0.3251
vn -0.1369 -0.9152 -0.3791
vn -0.9673 -0.1794 -0.1794
vn -0.8881 -0.3251 -0.3251
vn -0.9152 -0.3791 -0.1369
vn -0.1794 -0.1794 -0.9673
vn -0.3251 -0.3251 -0.8881
vn -0.3791 -0.1369 -0.9152
vn -0.1794 0.9673 -0.1794
vn -0.3251 0.8881 -0.3251
vn -0.3791 0.9152 -0.1369
vn -0.1794 0.1794 -0.9673
vn -0.3251 0.3251 -0.8881
vn -0.1369 0.3791 -0.9152
vn -0.9673 0.1794 -0.1794
vn -0.8881 0.3251 -0.3251
vn -0.9152 0.1369 -0.3791
vn -0.1794 -0.9673 0.1794
vn -0.3251 -0.8881 0.3251
vn -0.3791 -0.9152 0.1369
vn -0.1794 -0.1794 0.9673
vn -0.3251 -0.3251 0.8881
vn -0.1369 -0.3791 0.9152
vn -0.9673 -0.1794 0.1794
vn -0.8881 -0.3251 0.3251
vn -0.9152 -0.1369 0.3791
vn -0.1794 0.9673 0.1794
vn -0.3251 0.8881 0.3251
vn -0.1369 0.9152 0.3791
vn -0.9673 0.1794 0.1794
vn -0.8881 0.3251 0.3251
vn -0.9152 0.3791 0.1369
vn -0.1794 0.1794 0.9673
vn -0.3251 0.3251 0.8881
vn -0.3791 0.1369 0.9152
vn 0.3251 0.3250 0.8881
vn -0.3251 -0.3250 0.8881
vn -0.3688 0.2670 0.8903
vn -0.0000 0.0607 0.9982
vn -0.0000 0.2670 0.9637
vn -0.1557 -0.9135 0.3759
vn -0.0000 -0.9726 0.2326
vn -0.0000 -0.9135 0.4069
vn -0.3086 0.5914 0.7450
vn -0.0000 0.8472 0.5313
vn -0.2033 0.8472 0.4908
vn -0.0000 0.9866 0.1634
vn -0.0625 0.9866 0.1510
vn -0.6814 0.2670 0.6814
vn -0.3820 0.0607 0.9222
vn -0.2877 -0.9135 0.2877
vn -0.0890 -0.9726 0.2149
vn -0.3757 0.8472 0.3757
vn -0.5702 0.5914 0.5702
vn -0.1155 0.9866 0.1155
vn -0.9222 0.0607 0.3820
vn -0.7058 0.0607 0.7058
vn -0.3759 -0.9135 0.1557
vn -0.1644 -0.9726 0.1644
vn -0.4908 0.8472 0.2033
vn -0.7450 0.5914 0.3086
vn -0.1510 0.9866 0.0625
vn -0.8903 0.2670 0.3688
vn -0.9982 0.0607 -0.0000
vn -0.2326 -0.9726 -0.0000
vn -0.2149 -0.9726 0.0890
vn -0.5313 0.8472 -0.0000
vn -0.8064 0.5914 -0.0000
vn -0.1634 0.9866 -0.0000
vn -0.8903 0.2670 -0.3688
vn -0.9637 0.2670 -0.0000
vn -0.3759 -0.9135 -0.1557
vn -0.4069 -0.9135 -0.0000
vn -0.7450 0.5914 -0.3086
vn -0.4908 0.8472 -0.2033
vn -0.1510 0.9866 -0.0625
vn -0.6814 0.2670 -0.6814
vn -0.9222 0.0607 -0.3820
vn -0.2877 -0.9135 -0.2877
vn -0.2149 -0.9726 -0.0890
vn -0.3757 0.8472 -0.3757
vn -0.5702 0.5914 -0.5702
vn -0.1155 0.9866 -0.1155
vn -0.3820 0.0607 -0.9222
vn -0.7058 0.0607 -0.7058
vn -0.1557 -0.9135 -0.3759
vn -0.1644 -0.9726 -0.1644
vn -0.2033 0.8472 -0.4908
vn -0.3086 0.5914 -0.7450
vn -0.0625 0.9866 -0.1510
vn -0.3688 0.2670 -0.8903
vn -0.0000 0.0607 -0.9982
vn -0.0000 -0.9726 -0.2326
vn -0.0890 -0.9726 -0.2149
vn -0.0000 0.8472 -0.5313
vn -0.0000 0.5914 -0.8064
vn -0.0000 0.9866 -0.1634
vn 0.3688 0.2670 -0.8903
vn -0.0000 0.2670 -0.9637
vn 0.1557 -0.9135 -0.3759
vn -0.0000 -0.9135 -0.4069
vn 0.3086 0.5914 -0.7450
vn 0.2033 0.8472 -0.4908
vn 0.0625 0.9866 -0.1510
vn 0.6814 0.2670 -0.6814
vn 0.3820 0.0607 -0.9222
vn 0.2877 -0.9135 -0.2877
vn 0.0890 -0.9726 -0.2149
vn 0.3757 0.8472 -0.3757
vn 0.5702 0.5914 -0.5702
vn 0.1155 0.9866 -0.1155
vn 0.9222 0.0607 -0.3820
vn 0.7058 0.0607 -0.7058
vn 0.3759 -0.9135 -0.1557
vn 0.1644 -0.9726 -0.1644
vn 0.4908 0.8472 -0.2033
vn 0.7450 0.5914 -0.3086
vn 0.1510 0.9866 -0.0625
vn 0.8903 0.2670 -0.3688
vn 0.9982 0.0607 -0.0000
vn 0.2326 -0.9726 -0.0000
vn 0.2149 -0.9726 -0.0890
vn 0.5313 0.8472 -0.0000
vn 0.8064 0.5914 -0.0000
vn 0.1634 0.9866 -0.0000
vn 0.8903 0.2670 0.3688
vn 0.9637 0.2670 -0.0000
vn 0.3759 -0.9135 0.1557
vn 0.4069 -0.9135 -0.0000
vn 0.7450 0.5914 0.3086
vn 0.4908 0.8472 0.2033
vn 0.1510 0.9866 0.0625
vn 0.6814 0.2670 0.6814
vn 0.9222 0.0607 0.3820
vn 0.2877 -0.9135 0.2877
vn 0.2149 -0.9726 0.0890
vn 0.3757 0.8472 0.3757
vn 0.5702 0.5914 0.5702
vn 0.1155 0.9866 0.1155
vn 0.3820 0.0607 0.9222
vn 0.7058 0.0607 0.7058
vn 0.1557 -0.9135 0.3759
vn 0.1644 -0.9726 0.1644
vn 0.2033 0.8472 0.4908
vn 0.3086 0.5914 0.7450
vn 0.0625 0.9866 0.1510
vn 0.3688 0.2670 0.8903
vn 0.0890 -0.9726 0.2149
vn -0.0000 0.5914 0.8064
vn -0.3760 0.1857 0.9078
vn -0.0000 -0.0255 0.9997
vn -0.0000 0.1857 0.9826
vn -0.1559 -0.9132 0.3764
vn -0.0000 -0.9725 0.2329
vn -0.0000 -0.9132 0.4075
vn -0.3246 0.5297 0.7836
vn -0.0000 0.8233 0.5675
vn -0.2172 0.8233 0.5243
vn -0.0000 0.9848 0.1738
vn -0.0665 0.9848 0.1606
vn -0.6948 0.1857 0.6948
vn -0.3826 -0.0256 0.9236
vn -0.2881 -0.9132 0.2881
vn -0.0891 -0.9725 0.2152
vn -0.4013 0.8233 0.4013
vn -0.5997 0.5297 0.5997
vn -0.1229 0.9848 0.1229
vn -0.9236 -0.0256 0.3826
vn -0.7069 -0.0256 0.7069
vn -0.2152 -0.9725 0.0891
vn -0.1647 -0.9725 0.1647
vn -0.7836 0.5297 0.3246
vn -0.5243 0.8233 0.2172
vn -0.1606 0.9848 0.0665
vn -0.9826 0.1857 -0.0000
vn -0.9078 0.1857 0.3760
vn -0.3764 -0.9132 0.1559
vn -0.2329 -0.9725 -0.0000
vn -0.5675 0.8233 -0.0000
vn -0.8482 0.5297 -0.0000
vn -0.1738 0.9848 -0.0000
vn -0.9078 0.1857 -0.3760
vn -0.9997 -0.0255 -0.0000
vn -0.3764 -0.9132 -0.1559
vn -0.4075 -0.9132 -0.0000
vn -0.7836 0.5297 -0.3246
vn -0.5243 0.8233 -0.2172
vn -0.1606 0.9848 -0.0665
vn -0.6948 0.1857 -0.6948
vn -0.9236 -0.0256 -0.3826
vn -0.2881 -0.9132 -0.2881
vn -0.2152 -0.9725 -0.0891
vn -0.4013 0.8233 -0.4013
vn -0.5997 0.5297 -0.5997
vn -0.1229 0.9848 -0.1229
vn -0.3826 -0.0255 -0.9236
vn -0.7069 -0.0256 -0.7069
vn -0.0891 -0.9725 -0.2152
vn -0.1647 -0.9725 -0.1647
vn -0.3246 0.5297 -0.7836
vn -0.2172 0.8233 -0.5243
vn -0.0665 0.9848 -0.1606
vn -0.0000 0.1857 -0.9826
vn -0.3760 0.1857 -0.9078
vn -0.1559 -0.9132 -0.3764
vn -0.0000 -0.9725 -0.2329
vn -0.0000 0.8233 -0.5675
vn -0.0000 0.5297 -0.8482
vn -0.0000 0.9848 -0.1738
vn 0.3760 0.1857 -0.9078
vn -0.0000 -0.0255 -0.9997
vn 0.1559 -0.9132 -0.3764
vn -0.0000 -0.9132 -0.4075
vn 0.3246 0.5297 -0.7836
vn 0.2172 0.8233 -0.5243
vn 0.0665 0.9848 -0.1606
vn 0.6948 0.1857 -0.6948
vn 0.3826 -0.0256 -0.9236
vn 0.2881 -0.9132 -0.2881
vn 0.0891 -0.9725 -0.2152
vn 0.4013 0.8233 -0.4013
vn 0.5997 0.5297 -0.5997
vn 0.1229 0.9848 -0.1229
vn 0.9236 -0.0256 -0.3826
vn 0.7069 -0.0256 -0.7069
vn 0.2152 -0.9725 -0.0891
vn 0.1647 -0.9725 -0.1647
vn 0.7836 0.5297 -0.3246
vn 0.5243 0.8233 -0.2172
vn 0.1606 0.9848 -0.0665
vn 0.9826 0.1857 -0.0000
vn 0.9078 0.1857 -0.3760
vn 0.3764 -0.9132 -0.1559
vn 0.2329 -0.9725 -0.0000
vn 0.5675 0.8233 -0.0000
vn 0.8482 0.5297 -0.0000
vn 0.1738 0.9848 -0.0000
vn 0.9078 0.1857 0.3760
vn 0.9997 -0.0255 -0.0000
vn 0.3764 -0.9132 0.1559
vn 0.4075 -0.9132 -0.0000
vn 0.7836 0.5297 0.3246
vn 0.5243 0.8233 0.2172
vn 0.1606 0.9848 0.0665
vn 0.6948 0.1857 0.6948
vn 0.9236 -0.0256 0.3826
vn 0.2881 -0.9132 0.2881
vn 0.2152 -0.9725 0.0891
vn 0.4013 0.8233 0.4013
vn 0.5997 0.5297 0.5997
vn 0.1229 0.9848 0.1229
vn 0.3826 -0.0255 0.9236
vn 0.7069 -0.0256 0.7069
vn 0.0891 -0.9725 0.2152
vn 0.1647 -0.9725 0.1647
vn 0.3246 0.5297 0.7836
vn 0.2172 0.8233 0.5243
vn 0.0665 0.9848 0.1606
vn 0.3760 0.1857 0.9078
vn 0.1559 -0.9132 0.3764
vn -0.0000 0.5297 0.8482
vn 0.3993 -0.9152 0.0550
vn 0.8667 -0.3791 -0.3241
vn 0.1805 -0.1369 -0.9740
vn 0.8164 0.1369 -0.5611
vn 0.3423 0.9152 -0.2127
vn 0.9236 0.3791 -0.0564
vn 0.5611 0.1369 0.8164
vn 0.9740 -0.1369 0.1805
vn -0.0551 -0.9152 0.3993
vn 0.3241 -0.3791 0.8667
vn 0.2127 0.9152 0.3423
vn 0.0564 0.3791 0.9236
vn -0.8164 0.1369 0.5611
vn -0.1805 -0.1369 0.9740
vn -0.3993 -0.9152 -0.0550
vn -0.8667 -0.3791 0.3241
vn -0.3423 0.9152 0.2127
vn -0.9236 0.3791 0.0564
vn -0.5611 0.1369 -0.8164
vn -0.9740 -0.1369 -0.1805
vn 0.0551 -0.9152 -0.3993
vn -0.3241 -0.3791 -0.8667
vn -0.2127 0.9152 -0.3423
vn -0.0564 0.3791 -0.9236
vn 0.3359 -0.9247 0.1791
vn 0.9150 -0.4027 -0.0255
vn 0.4841 -0.1466 -0.8626
vn 0.4164 0.9050 -0.0868
vn 0.9011 0.3552 0.2485
vn 0.2681 0.1270 0.9550
vn 0.8583 -0.1605 0.4873
vn -0.2056 -0.9113 0.3567
vn 0.0145 -0.3825 0.9238
vn 0.1132 0.9113 0.3958
vn -0.9507 0.1605 0.2652
vn -0.3830 -0.9050 -0.1849
vn -0.9345 -0.3552 0.0231
vn -0.3692 0.9247 0.0925
vn -0.2611 0.1466 -0.9541
vn 0.1584 -0.9184 -0.3625
vn -0.0660 0.9184 -0.3900
vn 0.3744 -0.9088 0.1839
vn 0.4900 -0.1306 -0.8619
vn 0.3780 0.9213 -0.0915
vn 0.8854 0.3940 0.2466
vn 0.2624 0.1431 0.9543
vn -0.1671 -0.9173 0.3614
vn 0.0747 0.9173 0.3911
vn -0.2535 0.3768 0.8909
vn -0.9567 0.1218 0.2645
vn -0.3446 -0.9213 -0.1802
vn -0.4078 0.9088 0.0878
vn -0.8977 0.3640 -0.2481
vn -0.2669 0.1306 -0.9548
vn 0.1969 -0.9128 -0.3578
vn -0.0181 -0.3813 -0.9243
vn -0.1045 0.9128 -0.3948
vn 0.2412 0.3813 -0.8924
vn 0.3700 -0.9108 0.1833
vn 0.4893 -0.1325 -0.8620
vn 0.9529 0.1474 -0.2649
vn 0.3825 0.9195 -0.0909
vn 0.8873 0.3896 0.2468
vn 0.2631 0.1412 0.9544
vn -0.1716 -0.9167 0.3609
vn 0.0792 0.9167 0.3917
vn -0.2517 0.3775 0.8912
vn -0.9561 0.1263 0.2645
vn -0.4862 -0.1412 0.8624
vn -0.3491 -0.9195 -0.1807
vn -0.4034 0.9108 0.0884
vn -0.8960 0.3685 -0.2479
vn -0.2663 0.1325 -0.9548
vn -0.8605 -0.1474 -0.4876
vn 0.1925 -0.9136 -0.3583
vn -0.0200 -0.3806 -0.9245
vn -0.1001 0.9135 -0.3942
vn 0.2430 0.3806 -0.8922
vn 0.3605 -0.9148 0.1822
vn 0.9254 -0.3781 -0.0243
vn 0.4879 -0.1365 -0.8621
vn 0.9544 0.1378 -0.2647
vn 0.3920 0.9156 -0.0898
vn 0.8913 0.3800 0.2473
vn 0.2646 0.1373 0.9545
vn 0.8623 -0.1359 0.4878
vn -0.1811 -0.9153 0.3597
vn 0.0887 0.9153 0.3928
vn -0.9547 0.1359 0.2647
vn -0.4876 -0.1373 0.8622
vn -0.3586 -0.9156 -0.1819
vn -0.9247 -0.3800 0.0244
vn -0.3939 0.9148 0.0895
vn -0.8921 0.3781 -0.2474
vn -0.2649 0.1365 -0.9546
vn 0.1830 -0.9150 -0.3595
vn -0.0906 0.9150 -0.3930
vn 0.2470 0.3792 -0.8917
vn 0.3529 -0.9180 0.1812
vn 0.9222 -0.3858 -0.0246
vn 0.4868 -0.1397 -0.8623
vn 0.3996 0.9124 -0.0888
vn 0.8944 0.3723 0.2477
vn 0.2657 0.1341 0.9547
vn 0.8611 -0.1436 0.4877
vn -0.1887 -0.9142 0.3588
vn 0.0215 -0.3801 0.9247
vn 0.0963 0.9142 0.3937
vn -0.9535 0.1436 0.2648
vn -0.3663 -0.9124 -0.1829
vn -0.9278 -0.3723 0.0240
vn -0.3862 0.9180 0.0905
vn -0.8889 0.3858 -0.2470
vn -0.2637 0.1397 -0.9544
vn -0.8631 -0.1301 -0.4879
vn 0.1753 -0.9162 -0.3604
vn -0.0271 -0.3781 -0.9254
vn -0.0829 0.9162 -0.3921
vn 0.2501 0.3781 -0.8913
vn 0.0958 -0.2993 0.9493
vn -0.0881 0.4947 0.8646
vn -0.7544 -0.3248 0.5704
vn -0.8206 0.4589 0.3406
vn -0.3208 0.9222 0.2159
vn -0.8506 -0.3892 -0.3535
vn -0.7320 0.3963 -0.5542
vn -0.0966 -0.4281 -0.8985
vn 0.0891 0.3695 -0.9250
vn -0.0802 0.8733 -0.4806
vn 0.7536 -0.4026 -0.5196
vn 0.8216 0.4053 -0.4010
vn 0.3229 0.8825 -0.3420
vn 0.8498 -0.3382 0.4043
vn 0.3336 -0.8757 0.3491
vn 0.7330 0.4679 0.4938
vn 0.7496 -0.3842 -0.5389
vn 0.4002 -0.9078 -0.1254
vn 0.8265 0.4155 -0.3797
vn 0.3380 0.8923 -0.2993
vn 0.8457 -0.3645 0.3899
vn 0.7378 0.4380 0.5137
vn 0.0892 -0.3373 0.9372
vn -0.0989 -0.8848 0.4554
vn -0.0804 0.4621 0.8832
vn 0.0980 0.9131 0.3959
vn -0.7632 -0.3300 0.5555
vn -0.8098 0.4639 0.3593
vn -0.3035 0.9175 0.2572
vn -0.8593 -0.3497 -0.3733
vn -0.3525 -0.8968 -0.2675
vn -0.7210 0.4414 -0.5341
vn -0.3842 0.9093 -0.1598
vn -0.1028 -0.3769 -0.9205
vn 0.0971 0.4172 -0.9036
vn -0.0635 0.8967 -0.4380
vn -0.8523 -0.3726 -0.3671
vn -0.3379 -0.9064 -0.2534
vn -0.7293 0.4183 -0.5415
vn -0.0967 -0.3962 -0.9131
vn 0.0908 0.4013 -0.9114
vn 0.7543 -0.3845 -0.5321
vn 0.8216 0.4189 -0.3867
vn 0.3247 0.8924 -0.3132
vn 0.8498 -0.3494 0.3948
vn 0.7323 0.4535 0.5081
vn 0.0942 -0.3258 0.9407
vn -0.0851 -0.8797 0.4679
vn -0.0878 0.4705 0.8780
vn -0.7568 -0.3375 0.5598
vn -0.4199 -0.8895 0.1802
vn -0.8186 0.4529 0.3533
vn -0.3184 0.9160 0.2440
vn 0.3791 -0.9152 0.1369
vn 0.9152 -0.3791 -0.1369
vn 0.3791 -0.1369 -0.9152
vn 0.9152 0.1369 -0.3791
vn 0.3791 0.9152 -0.1369
vn 0.9152 0.3791 0.1369
vn 0.3791 0.1369 0.9152
vn 0.9152 -0.1369 0.3791
vn -0.1369 -0.9152 0.3791
vn 0.1369 -0.3791 0.9152
vn 0.1369 0.9152 0.3791
vn -0.1369 0.3791 0.9152
vn -0.9152 0.1369 0.3791
vn -0.3791 -0.1369 0.9152
vn -0.3791 -0.9152 -0.1369
vn -0.9152 -0.3791 0.1369
vn -0.3791 0.9152 0.1369
vn -0.9152 0.3791 -0.1369
vn -0.3791 0.1369 -0.9152
vn -0.9152 -0.1369 -0.3791
vn 0.1369 -0.9152 -0.3791
vn -0.1369 -0.3791 -0.9152
vn -0.1369 0.9152 -0.3791
vn 0.1369 0.3791 -0.9152
vn 0.2571 0.3754 -0.8905
vn 0.9578 0.1131 -0.2643
vn -0.8654 -0.1131 -0.4882
vn -0.0340 -0.3754 -0.9262
vn -0.8816 0.4027 -0.2461
vn -0.4912 -0.1270 0.8617
vn -0.2376 0.3825 0.8929
vn 0.9311 -0.3640 -0.0236
vn 0.9522 0.1518 -0.2650
vn 0.8643 -0.1218 0.4881
vn 0.0305 -0.3768 0.9258
vn -0.8598 -0.1518 -0.4875
vn -0.4855 -0.1431 0.8624
vn -0.9188 -0.3940 0.0251
vn 0.9293 -0.3685 -0.0238
vn 0.8637 -0.1263 0.4880
vn 0.0286 -0.3775 0.9256
vn -0.9207 -0.3896 0.0248
vn 0.0247 -0.3789 0.9251
vn -0.8620 -0.1378 -0.4878
vn -0.0239 -0.3792 -0.9250
vn -0.2478 0.3789 0.8916
vn 0.9555 0.1301 -0.2646
vn -0.4888 -0.1341 0.8620
vn -0.2446 0.3801 0.8920
vn 0.0823 0.9314 0.3545
vn -0.0825 -0.8651 0.4948
vn -0.4170 -0.8847 0.2083
vn -0.4021 0.8931 -0.2017
vn -0.3356 -0.9150 -0.2240
vn 0.0804 -0.9256 -0.3698
vn 0.4150 -0.9060 -0.0832
vn 0.4041 0.9116 0.0756
vn 0.0648 -0.9081 -0.4137
vn 0.4187 0.9005 0.1177
vn 0.3184 -0.8961 0.3092
vn -0.4344 -0.8851 0.1671
vn -0.3991 0.9003 -0.1737
vn -0.0776 0.8885 -0.4523
vn 0.0789 -0.9135 -0.3992
vn 0.4136 -0.9036 -0.1115
vn 0.4054 0.9082 0.1044
vn 0.3317 -0.8867 0.3221
vn 0.0838 0.9199 0.3830
vt 0.145876 0.185101
vt 0.133425 0.165927
vt 0.126510 0.180984
vt 0.151698 -0.143526
vt 0.133425 -0.159692
vt 0.149993 -0.163325
vt 0.179279 -0.143526
vt 0.165927 -0.159692
vt 0.161618 -0.143526
vt 0.151698 0.550474
vt 0.133425 0.566640
vt 0.130626 0.550474
vt 0.149993 0.165735
vt 0.179279 0.550474
vt 0.165927 0.566640
vt 0.180984 0.570273
vt -0.039997 1.059565
vt -0.059170 1.072016
vt -0.044113 1.078931
vt 1.053743 -0.143526
vt 1.072016 -0.159692
vt 1.055449 -0.163325
vt -0.045818 -0.143526
vt -0.059170 -0.159692
vt -0.063480 -0.143526
vt -0.059363 1.055449
vt -0.045818 0.550474
vt -0.059170 0.566640
vt -0.044113 0.570273
vt 1.053743 0.550474
vt 1.072016 0.566640
vt 1.074815 0.550474
vt 1.020340 0.370974
vt 1.039514 0.358523
vt 1.024457 0.351608
vt 0.376796 -0.143526
vt 0.358523 -0.159692
vt 0.375090 -0.163325
vt 1.026162 -0.143526
vt 1.039514 -0.159692
vt 1.043823 -0.143526
vt 1.039707 0.375090
vt 1.026162 0.550474
vt 1.039514 0.566640
vt 1.024457 0.570273
vt 0.376796 0.550474
vt 0.358523 0.566640
vt 0.355724 0.550474
vt 0.834467 1.245438
vt 0.846919 1.264612
vt 0.853834 1.249554
vt 0.828646 -0.143526
vt 0.846919 -0.159692
vt 0.830351 -0.163325
vt 1.251259 -0.143526
vt 1.264612 -0.159692
vt 1.268921 -0.143526
vt 0.830351 1.264804
vt 1.251259 0.550474
vt 1.264612 0.566640
vt 1.249554 0.570273
vt 0.828646 0.550474
vt 0.846919 0.566640
vt 0.849717 0.550474
vt -0.346554 0.046474
vt -0.364869 0.032435
vt -0.366410 0.048912
vt -0.350687 0.587121
vt -0.364869 0.570542
vt -0.349178 0.567329
vt 0.049973 0.586395
vt 0.032435 0.570542
vt 0.029323 0.586608
vt -0.354395 0.731073
vt -0.369409 0.746814
vt -0.373040 0.730559
vt -0.351703 0.047106
vt -0.369409 0.032993
vt -0.353905 0.027429
vt 0.050429 0.730346
vt 0.032993 0.746814
vt 0.049492 0.750352
vt -0.164481 1.529338
vt -0.178856 1.547390
vt -0.162280 1.549015
vt 1.532837 0.586395
vt 1.547390 0.570542
vt 1.531775 0.566815
vt -0.161790 0.587121
vt -0.178856 0.570542
vt -0.182434 0.586608
vt -0.169631 1.529970
vt -0.183396 1.547947
vt -0.189064 1.532356
vt -0.165497 0.731073
vt -0.183396 0.746814
vt -0.167007 0.750865
vt 1.533293 0.730346
vt 1.547947 0.746814
vt 1.551945 0.730559
vt 1.135811 -0.135538
vt 1.149576 -0.153515
vt 1.133187 -0.155163
vt -0.138861 0.626601
vt -0.153515 0.610134
vt -0.137924 0.606596
vt 1.131678 0.625875
vt 1.149576 0.610134
vt 1.152322 0.626389
vt 1.130661 -0.134906
vt 1.145036 -0.152958
vt 1.150517 -0.137344
vt 1.127970 0.769827
vt 1.145036 0.786406
vt 1.128460 0.789619
vt -0.138405 0.770553
vt -0.152958 0.786406
vt -0.157058 0.770340
vt 1.317883 1.347326
vt 1.335589 1.361439
vt 1.337317 1.344940
vt 1.320575 0.625875
vt 1.335589 0.610134
vt 1.320085 0.606083
vt 1.344003 0.626601
vt 1.361439 0.610134
vt 1.364654 0.626389
vt 1.312734 1.347958
vt 1.331049 1.361997
vt 1.315358 1.367584
vt 1.344459 0.770553
vt 1.361997 0.786406
vt 1.345520 0.790133
vt 1.316868 0.769827
vt 1.331049 0.786406
vt 1.335513 0.770340
vt -0.250858 1.344834
vt -0.268679 1.330735
vt -0.270373 1.347230
vt -0.253815 0.818319
vt -0.268679 0.802421
vt -0.253138 0.798523
vt 1.348190 0.818778
vt 1.330735 0.802421
vt 1.327539 0.818644
vt -0.252448 0.902308
vt -0.266785 0.918737
vt -0.271097 0.902633
vt -0.248580 1.344554
vt -0.266785 1.330502
vt -0.251126 1.324919
vt 1.348022 0.902767
vt 1.330502 0.918737
vt 1.346983 0.922429
vt -0.230872 1.507611
vt -0.244752 1.525603
vt -0.228325 1.527246
vt 1.510967 0.818778
vt 1.525603 0.802421
vt 1.510007 0.798847
vt -0.227004 0.818319
vt -0.244752 0.802421
vt -0.247652 0.818644
vt -0.228593 1.507332
vt -0.242859 1.525370
vt -0.248375 1.509760
vt -0.225636 0.902308
vt -0.242859 0.918737
vt -0.226314 0.922104
vt 1.510799 0.902767
vt 1.525370 0.918737
vt 1.529452 0.902633
vt 1.182186 1.168878
vt 1.196451 1.150839
vt 1.179906 1.149210
vt 1.165410 0.794181
vt 1.150839 0.778211
vt 1.166449 0.774519
vt 1.179229 0.794640
vt 1.196451 0.778211
vt 1.199877 0.794315
vt 1.184464 1.168598
vt 1.198345 1.150607
vt 1.203980 1.166202
vt 1.180596 0.878629
vt 1.198345 0.894527
vt 1.181918 0.898425
vt 1.165242 0.878170
vt 1.150607 0.894527
vt 1.146590 0.878304
vt 1.202172 1.331656
vt 1.220378 1.345707
vt 1.221954 1.329227
vt 1.206040 0.794640
vt 1.220378 0.778211
vt 1.204719 0.774844
vt 1.328188 0.794181
vt 1.345707 0.778211
vt 1.348839 0.794315
vt 1.204451 1.331376
vt 1.222272 1.345475
vt 1.206730 1.351044
vt 1.328020 0.878170
vt 1.345475 0.894527
vt 1.328980 0.898100
vt 1.207408 0.878629
vt 1.222272 0.894527
vt 1.226057 0.878304
vt -0.252171 0.090245
vt -0.270050 0.076153
vt -0.271727 0.092646
vt -0.255263 0.814789
vt -0.270050 0.798810
vt -0.254490 0.794991
vt 0.093618 0.815111
vt 0.076153 0.798810
vt 0.072967 0.815017
vt -0.254304 0.898783
vt -0.268721 0.915134
vt -0.272954 0.899011
vt -0.250571 0.090048
vt -0.268721 0.075990
vt -0.253078 0.070408
vt 0.093500 0.899106
vt 0.075990 0.915134
vt 0.092472 0.918809
vt -0.232185 0.253022
vt -0.246123 0.271021
vt -0.229678 0.272662
vt 0.256395 0.815111
vt 0.271021 0.798810
vt 0.255424 0.795219
vt -0.228452 0.814789
vt -0.246123 0.798810
vt -0.249102 0.815017
vt -0.230585 0.252826
vt -0.244794 0.270858
vt -0.250329 0.255250
vt -0.227492 0.898783
vt -0.244794 0.915134
vt -0.228266 0.918581
vt 0.256277 0.899106
vt 0.270858 0.915134
vt 0.274929 0.899011
vt 1.180971 -0.085723
vt 1.195180 -0.103755
vt 1.178651 -0.105386
vt -0.089174 0.797842
vt -0.103755 0.781814
vt -0.088147 0.778139
vt 1.177878 0.798165
vt 1.195180 0.781814
vt 1.198528 0.797937
vt 1.182570 -0.085919
vt 1.196509 -0.103918
vt 1.202127 -0.088321
vt 1.178838 0.882159
vt 1.196509 0.898138
vt 1.180064 0.901957
vt -0.089292 0.881837
vt -0.103918 0.898138
vt -0.107944 0.881931
vt 1.200957 0.077055
vt 1.219107 0.091113
vt 1.220701 0.074630
vt 1.204690 0.798165
vt 1.219107 0.781814
vt 1.203464 0.778367
vt 0.073603 0.797842
vt 0.091113 0.781814
vt 0.094254 0.797937
vt 1.202557 0.076858
vt 1.220436 0.090950
vt 1.204876 0.096521
vt 0.073485 0.881837
vt 0.090950 0.898138
vt 0.074457 0.901729
vt 1.205649 0.882159
vt 1.220436 0.898138
vt 1.224300 0.881931
vt 0.949443 0.002816
vt 0.931440 -0.011260
vt 0.929800 0.005228
vt 0.946060 0.806559
vt 0.931440 0.790410
vt 0.947039 0.786760
vt 0.006225 0.806588
vt -0.011260 0.790410
vt -0.014426 0.806579
vt 0.946146 0.890559
vt 0.931560 0.906741
vt 0.927494 0.890579
vt 0.949587 0.002799
vt 0.931560 -0.011275
vt 0.947166 -0.016852
vt 0.006215 0.890588
vt -0.011275 0.906741
vt 0.005213 0.910378
vt 1.125423 1.436053
vt 1.111360 1.454067
vt 1.127844 1.455703
vt 1.439462 0.806588
vt 1.454067 0.790410
vt 1.438465 0.786780
vt 1.128864 0.806559
vt 1.111360 0.790410
vt 1.108213 0.806579
vt 1.125567 1.436035
vt 1.111480 1.454052
vt 1.105907 1.438449
vt 1.128950 0.890559
vt 1.111480 0.906741
vt 1.127971 0.910358
vt 1.439451 0.890588
vt 1.454052 0.906741
vt 1.458103 0.890579
vt 1.112221 -0.017170
vt 1.126308 -0.035187
vt 1.109816 -0.036823
vt -0.020586 0.806360
vt -0.035187 0.790206
vt -0.019584 0.786569
vt 1.108837 0.806389
vt 1.126308 0.790206
vt 1.129488 0.806368
vt 1.112365 -0.017188
vt 1.126428 -0.035202
vt 1.132008 -0.019600
vt 1.108924 0.890389
vt 1.126428 0.906538
vt 1.109944 0.910188
vt -0.020597 0.890360
vt -0.035202 0.906538
vt -0.039249 0.890368
vt 1.288200 1.416066
vt 1.306228 1.430140
vt 1.307860 1.413653
vt 1.291641 0.806389
vt 1.306228 0.790206
vt 1.290622 0.786590
vt 1.412651 0.806360
vt 1.430140 0.790206
vt 1.433301 0.806368
vt 1.288344 1.416049
vt 1.306348 1.430125
vt 1.290749 1.435701
vt 1.412640 0.890360
vt 1.430125 0.906538
vt 1.413637 0.910167
vt 1.291728 0.890389
vt 1.306348 0.906538
vt 1.310380 0.890368
vt -0.288593 0.008390
vt -0.306695 -0.005674
vt -0.308304 0.010810
vt -0.292210 0.805871
vt -0.306695 0.789586
vt -0.291066 0.786072
vt 0.011828 0.805664
vt -0.005674 0.789586
vt -0.008823 0.805725
vt -0.292825 0.889868
vt -0.307546 0.905915
vt -0.311476 0.889722
vt -0.289618 0.008516
vt -0.307546 -0.005570
vt -0.291970 -0.011143
vt 0.011903 0.889662
vt -0.005570 0.905915
vt 0.010921 0.909521
vt -0.112614 1.441627
vt -0.126775 1.459653
vt -0.110261 1.461286
vt 1.445064 0.805664
vt 1.459653 0.789586
vt 1.444047 0.785926
vt -0.109406 0.805871
vt -0.126775 0.789586
vt -0.130057 0.805725
vt -0.113638 1.441753
vt -0.127626 1.459757
vt -0.133229 1.444158
vt -0.110021 0.889868
vt -0.127626 0.905915
vt -0.111165 0.909667
vt 1.445140 0.889662
vt 1.459757 0.905915
vt 1.463792 0.889722
vt -0.125820 -0.011596
vt -0.111832 -0.029601
vt -0.128293 -0.031240
vt -0.014983 0.807286
vt -0.029601 0.791033
vt -0.014001 0.787427
vt -0.129437 0.807080
vt -0.111832 0.791033
vt -0.108787 0.807225
vt -0.126844 -0.011470
vt -0.112683 -0.029496
vt -0.107133 -0.013890
vt -0.130052 0.891077
vt -0.112683 0.907362
vt -0.129197 0.910876
vt -0.014907 0.891284
vt -0.029496 0.907362
vt -0.033560 0.891223
vt 0.050159 1.421641
vt 0.068088 1.435727
vt 0.069750 1.419235
vt 0.053367 0.807080
vt 0.068088 0.791033
vt 0.052512 0.787281
vt 1.418254 0.807286
vt 1.435727 0.791033
vt 1.438905 0.807225
vt 0.049135 1.421767
vt 0.067237 1.435831
vt 0.051608 1.441411
vt 1.418329 0.891284
vt 1.435831 0.907362
vt 1.419346 0.911022
vt 0.052752 0.891077
vt 0.067237 0.907362
vt 0.071404 0.891223
vt 2.046157 2.003251
vt 2.036622 2.018838
vt 2.055147 2.021323
vt 2.003834 -0.624627
vt 2.018838 -0.639748
vt 2.004183 -0.644423
vt 2.058616 -0.622887
vt 2.036622 -0.639748
vt 2.034269 -0.623357
vt 2.100612 1.741072
vt 2.090528 1.759296
vt 2.079534 1.743832
vt 2.111774 1.658937
vt 2.090528 1.674206
vt 2.109222 1.677984
vt 1.747897 1.657196
vt 1.759296 1.674206
vt 1.765798 1.658466
vt 2.313825 2.003527
vt 2.323297 2.019134
vt 2.334501 2.004502
vt 2.301242 -0.622594
vt 2.323297 -0.639402
vt 2.304775 -0.642891
vt 2.343282 -0.624234
vt 2.325604 -0.623006
vt 2.254280 1.741230
vt 2.264351 1.759476
vt 2.245645 1.761113
vt 1.748119 1.657455
vt 1.759476 1.674416
vt 1.744034 1.676989
vt 2.243115 1.659095
vt 2.264351 1.674416
vt 2.267476 1.658683
vt 2.447917 1.772421
vt 2.466910 1.771617
vt 2.459593 1.754753
vt 1.794686 -0.638729
vt 1.771617 -0.656529
vt 1.788972 -0.658964
vt 1.746293 -0.642109
vt 1.770496 -0.640411
vt 2.331262 1.608552
vt 2.351429 1.609397
vt 2.343714 1.626246
vt 1.586325 1.646229
vt 1.609397 1.664031
vt 1.592026 1.666448
vt 1.634719 1.649609
vt 1.610529 1.647926
vt 2.314341 1.541039
vt 2.323849 1.523805
vt 2.305332 1.521825
vt 1.536558 -0.656897
vt 1.523805 -0.674001
vt 1.538965 -0.676568
vt 2.301818 -0.658637
vt 2.323849 -0.674001
vt 2.326165 -0.658167
vt 2.254576 1.475716
vt 2.264686 1.459139
vt 2.275672 1.474097
vt 2.243476 1.636483
vt 2.264686 1.653437
vt 2.245984 1.656903
vt 2.285462 1.638223
vt 2.267824 1.636953
vt 2.046673 1.540763
vt 2.037174 1.523509
vt 2.025979 1.538647
vt 2.059192 -0.658930
vt 2.037174 -0.674346
vt 2.055705 -0.678100
vt 1.536221 -0.657290
vt 1.523509 -0.674346
vt 1.518356 -0.658518
vt 2.100908 1.475557
vt 2.090864 1.458959
vt 2.109561 1.456816
vt 1.472567 1.637964
vt 1.458959 1.653228
vt 1.473895 1.657897
vt 2.112136 1.636324
vt 2.090864 1.653228
vt 2.087775 1.636736
vt 1.912581 1.771869
vt 1.893561 1.771026
vt 1.900886 1.788396
vt 1.745705 -0.642795
vt 1.771026 -0.657220
vt 1.754176 -0.662027
vt 1.794099 -0.639415
vt 1.769895 -0.641113
vt 2.023926 1.608235
vt 2.003785 1.609038
vt 2.011492 1.591683
vt 1.634361 1.649191
vt 1.609038 1.663613
vt 1.625903 1.668438
vt 1.585967 1.645811
vt 1.610157 1.647493
vt -1.313759 1.481213
vt -1.323421 1.464586
vt -1.334558 1.479570
vt -1.301622 -0.651448
vt -1.323421 -0.667769
vt -1.304848 -0.671096
vt 1.478242 -0.651684
vt 1.464586 -0.667769
vt 1.460316 -0.651765
vt -1.293920 1.534568
vt -1.303823 1.517294
vt -1.285176 1.515324
vt 1.530068 1.244815
vt 1.517294 1.261062
vt 1.532477 1.264835
vt -1.282352 1.245052
vt -1.303823 1.261062
vt -1.306707 1.244735
vt -1.447637 1.712978
vt -1.466747 1.712706
vt -1.459380 1.729938
vt 1.688077 -0.649112
vt 1.712706 -0.664728
vt 1.695640 -0.668614
vt 1.736582 -0.647984
vt 1.712331 -0.648675
vt -1.370779 1.667624
vt -1.390821 1.667902
vt -1.383159 1.650667
vt 1.692530 1.247340
vt 1.667902 1.262908
vt 1.684966 1.267081
vt 1.644025 1.246212
vt 1.668278 1.246649
vt -1.313895 1.944703
vt -1.323567 1.960783
vt -1.304995 1.963115
vt 1.946381 -0.640798
vt 1.960783 -0.656231
vt 1.945971 -0.660417
vt -1.301774 -0.639434
vt -1.323567 -0.656231
vt -1.326124 -0.640045
vt -1.293998 1.800658
vt -1.303912 1.818484
vt -1.314966 1.803136
vt -1.282448 1.252607
vt -1.303912 1.268066
vt -1.285265 1.272093
vt 1.806468 1.251243
vt 1.818484 1.268066
vt 1.824389 1.251996
vt -1.046275 1.944662
vt -1.037062 1.960740
vt -1.025787 1.945924
vt -1.059476 -0.634820
vt -1.037062 -0.650775
vt -1.055498 -0.654702
vt 1.946332 -0.634584
vt 1.960740 -0.650775
vt 1.964259 -0.634504
vt -1.140357 1.800635
vt -1.130004 1.818458
vt -1.148790 1.820260
vt 1.806436 1.255349
vt 1.818458 1.271378
vt 1.803107 1.274859
vt -1.150860 1.255113
vt -1.130004 1.271378
vt -1.126506 1.255429
vt -0.912397 1.712898
vt -0.893737 1.712620
vt -0.900965 1.695556
vt 1.736497 -0.637156
vt 1.712620 -0.653816
vt 1.729854 -0.657184
vt 1.687992 -0.638284
vt 1.712244 -0.637593
vt -1.063498 1.667578
vt -1.043006 1.667850
vt -1.050807 1.684916
vt 1.643973 1.252824
vt 1.667850 1.269531
vt 1.650618 1.272612
vt 1.692478 1.253952
vt 1.668225 1.253515
vt -1.046139 1.481173
vt -1.036916 1.464543
vt -1.055351 1.462379
vt 1.478194 -0.645470
vt 1.464543 -0.662314
vt 1.479524 -0.665381
vt -1.059325 -0.646834
vt -1.036916 -0.662314
vt -1.034974 -0.646223
vt -1.140279 1.534545
vt -1.129916 1.517268
vt -1.119000 1.532448
vt -1.150765 1.247557
vt -1.129916 1.264374
vt -1.148700 1.267600
vt -1.108762 1.248921
vt -1.126414 1.248168
vt 0.761568 -1.193618
vt 0.780480 -1.194073
vt 0.773169 -1.211073
vt -1.170451 -0.640867
vt -1.194073 -0.657925
vt -1.176793 -0.660921
vt -1.218930 -0.642724
vt -1.194691 -0.641772
vt 0.640110 -1.275899
vt 0.660357 -1.275450
vt 0.652636 -1.258448
vt -1.299071 1.449403
vt -1.275450 1.466470
vt -1.292727 1.469413
vt -1.250592 1.451260
vt -1.274832 1.450355
vt 0.627735 -1.425238
vt 0.637170 -1.442093
vt 0.618667 -1.444184
vt -1.428769 -0.651183
vt -1.442093 -0.667923
vt -1.427048 -0.670940
vt 0.615052 -0.652257
vt 0.637170 -0.667923
vt 0.639407 -0.651931
vt 0.563276 -1.408872
vt 0.573420 -1.425908
vt 0.584408 -1.410807
vt 0.552271 1.443743
vt 0.573420 1.460404
vt 0.554699 1.463893
vt 0.594285 1.444817
vt 0.576626 1.444070
vt 0.360068 -1.425202
vt 0.350550 -1.442055
vt 0.339370 -1.427007
vt 0.372556 -0.653098
vt 0.350550 -0.668917
vt 0.369079 -0.672565
vt -1.428725 -0.652315
vt -1.442055 -0.668917
vt -1.446642 -0.652940
vt 0.409609 -1.408852
vt 0.399546 -1.425885
vt 0.418242 -1.427925
vt -1.412801 1.444070
vt -1.425885 1.459802
vt -1.410782 1.463974
vt 0.420808 1.443287
vt 0.399546 1.459802
vt 0.396453 1.443445
vt 0.226234 -1.193547
vt 0.207240 -1.193997
vt 0.214577 -1.176719
vt -1.218855 -0.644697
vt -1.193997 -0.659912
vt -1.210999 -0.664170
vt -1.170376 -0.642840
vt -1.194614 -0.643791
vt 0.332775 -1.275859
vt 0.312609 -1.275403
vt 0.320305 -1.292683
vt -1.250546 1.450057
vt -1.275403 1.465264
vt -1.258404 1.469574
vt -1.299024 1.448200
vt -1.274784 1.449105
vt 0.360068 -0.961927
vt 0.350550 -0.945976
vt 0.369079 -0.943607
vt -0.960537 -0.634381
vt -0.945976 -0.649914
vt -0.960743 -0.654151
vt 0.372556 -0.633307
vt 0.350550 -0.649914
vt 0.348201 -0.633633
vt 0.409609 -1.142885
vt 0.399546 -1.124945
vt 0.388534 -1.140323
vt 0.420808 1.455717
vt 0.399546 1.471329
vt 0.418242 1.475094
vt -1.136787 1.454643
vt -1.124945 1.471329
vt -1.118875 1.455390
vt 0.627735 -0.961962
vt 0.637170 -0.946014
vt 0.648375 -0.960785
vt 0.615052 -0.632466
vt 0.637170 -0.648921
vt 0.618667 -0.652526
vt -0.960580 -0.633249
vt -0.946014 -0.648921
vt -0.942664 -0.632624
vt 0.563276 -1.142906
vt 0.573420 -1.124968
vt 0.554699 -1.123205
vt -1.136816 1.455390
vt -1.124968 1.471932
vt -1.140349 1.475013
vt 0.552271 1.456173
vt 0.573420 1.471932
vt 0.576626 1.456015
vt -0.131828 -1.146731
vt -0.147994 -1.162896
vt -0.151627 -1.146731
vt -0.131828 -0.643526
vt -0.147994 -0.659692
vt -0.131828 -0.663325
vt -1.146731 -0.643526
vt -1.162896 -0.659692
vt -1.166530 -0.643526
vt -0.131828 -0.539526
vt -0.147994 -0.523360
vt -0.151627 -0.539526
vt -0.131828 -1.166530
vt -1.146731 -0.539526
vt -1.162896 -0.523360
vt -1.146731 -0.519727
vt -0.131828 -0.782730
vt -0.147994 -0.766565
vt -0.131828 -0.762931
vt -0.782730 -0.643526
vt -0.766565 -0.659692
vt -0.782730 -0.663325
vt -0.151627 -0.643526
vt -0.151627 -0.782730
vt -0.131828 -0.519727
vt -0.782730 -0.539526
vt -0.766565 -0.523360
vt -0.762931 -0.539526
vt 1.112172 -1.146731
vt 1.128338 -1.162896
vt 1.112172 -1.166530
vt -1.146731 -0.663325
vt 1.112172 -0.643526
vt 1.128338 -0.659692
vt 1.131971 -0.643526
vt 1.131971 -1.146731
vt 1.112172 -0.539526
vt 1.128338 -0.523360
vt 1.112172 -0.519727
vt -1.166530 -0.539526
vt 1.112172 -0.782730
vt 1.128338 -0.766565
vt 1.131971 -0.782730
vt 1.112172 -0.663325
vt -0.762931 -0.643526
vt 1.112172 -0.762931
vt -0.782730 -0.519727
vt 1.131971 -0.539526
vt -0.006828 -0.846730
vt -0.022994 -0.862896
vt -0.026627 -0.846730
vt -0.006828 -0.493526
vt -0.022994 -0.509692
vt -0.006828 -0.513325
vt -0.846730 -0.493526
vt -0.862896 -0.509692
vt -0.866529 -0.493526
vt -0.006828 -0.409526
vt -0.022994 -0.393360
vt -0.026627 -0.409526
vt -0.006828 -0.866529
vt -0.846730 -0.409526
vt -0.862896 -0.393360
vt -0.846730 -0.389727
vt -0.006828 -0.562731
vt -0.022994 -0.546565
vt -0.006828 -0.542932
vt -0.562731 -0.493526
vt -0.546565 -0.509692
vt -0.562731 -0.513325
vt -0.026627 -0.493526
vt -0.022994 -0.546565
vt -0.026627 -0.562730
vt -0.006828 -0.389727
vt -0.562731 -0.409526
vt -0.546565 -0.393360
vt -0.542931 -0.409526
vt 0.987172 -0.846730
vt 1.003338 -0.862896
vt 0.987172 -0.866529
vt -0.846730 -0.513325
vt 0.987172 -0.493526
vt 1.003338 -0.509692
vt 1.006971 -0.493526
vt 1.006971 -0.846730
vt 0.987172 -0.409526
vt 1.003338 -0.393360
vt 0.987172 -0.389727
vt -0.866529 -0.409526
vt 0.987172 -0.562731
vt 1.003338 -0.546565
vt 1.006971 -0.562730
vt 0.987172 -0.513325
vt -0.546565 -0.509692
vt -0.542931 -0.493526
vt 1.003338 -0.546565
vt 0.987172 -0.542932
vt -0.546565 -0.393360
vt -0.562731 -0.389727
vt 1.006971 -0.409526
vt 1.154766 -0.646767
vt 0.490172 -0.664274
vt 0.490172 -0.646767
vt 1.155174 2.320726
vt 0.490172 2.436721
vt 0.490172 2.453003
vt 1.111394 2.215033
vt 0.490172 2.320813
vt 1.104587 2.198598
vt 0.490172 2.296721
vt 1.095367 2.176340
vt 1.718182 -0.646767
vt 1.155174 -0.664274
vt 1.718935 1.944033
vt 1.148943 2.305683
vt 1.625462 1.850560
vt 1.638041 1.863138
vt 1.608427 1.833524
vt 1.943279 -0.646767
vt 1.380271 -0.664274
vt 1.944033 -0.664274
vt 2.095628 1.380271
vt 1.707422 1.932519
vt 1.973500 1.329684
vt 1.989935 1.336492
vt 1.951242 1.320465
vt 1.379864 -0.646767
vt 0.715269 -0.664274
vt 2.211623 0.715269
vt 2.080585 1.374041
vt 2.095715 0.715269
vt 2.113504 0.715269
vt 2.071623 0.715269
vt 0.050675 -0.646767
vt 0.715269 -0.646767
vt 2.095628 0.050268
vt 2.227905 0.715269
vt 1.989935 0.094047
vt 1.973500 0.100855
vt 1.951242 0.110074
vt -0.512740 -0.646767
vt 0.050268 -0.664274
vt 1.718935 -0.513494
vt 2.080585 0.056498
vt 1.625462 -0.420021
vt 1.638041 -0.432600
vt 1.608427 -0.402986
vt 1.718935 -0.664274
vt 1.155174 -0.890187
vt 1.707422 -0.501981
vt 1.104587 -0.768059
vt 1.111394 -0.784494
vt 1.095367 -0.745801
vt 0.490172 -1.006182
vt 1.148943 -0.875144
vt 0.490172 -0.890274
vt 0.490172 -0.908062
vt 0.490172 -0.866182
vt -0.174422 -0.646767
vt -0.174830 -0.890187
vt 0.490172 -1.022464
vt -0.131051 -0.784494
vt -0.124243 -0.768059
vt -0.115024 -0.745801
vt -0.737838 -0.646767
vt -0.174830 -0.664274
vt -0.738591 -0.513494
vt -0.168599 -0.875144
vt -0.645119 -0.420021
vt -0.657697 -0.432600
vt -0.628083 -0.402986
vt -0.513494 -0.664274
vt -1.115285 0.050268
vt -0.727078 -0.501981
vt -0.993157 0.100855
vt -1.009591 0.094047
vt -0.970899 0.110074
vt -1.231280 0.715269
vt -1.100242 0.056498
vt -1.115371 0.715269
vt -1.133160 0.715269
vt -1.091280 0.715269
vt -1.115285 1.380271
vt -1.247562 0.715269
vt -1.009591 1.336492
vt -0.993157 1.329684
vt -0.970899 1.320465
vt -0.738591 1.944033
vt -1.100242 1.374041
vt -0.645119 1.850560
vt -0.657697 1.863138
vt -0.628083 1.833524
vt -0.738591 -0.664274
vt -0.174830 2.320726
vt -0.727078 1.932519
vt -0.124243 2.198598
vt -0.131051 2.215033
vt -0.115024 2.176340
vt -0.168599 2.305683
vt 0.490172 2.338601
vt 0.983387 -0.385757
vt 0.490172 -0.403978
vt 0.490172 -0.385757
vt 0.983209 1.905566
vt 0.490172 1.986721
vt 0.490172 2.003637
vt 0.952134 -0.197295
vt 0.490172 -0.179074
vt 0.945913 -0.179074
vt 0.945913 1.815526
vt 0.490172 1.882721
vt 0.936936 1.793854
vt 1.401515 -0.385757
vt 0.983209 -0.403978
vt 1.401185 1.626283
vt 0.976735 1.889937
vt 0.952134 1.830546
vt 1.332272 1.557369
vt 1.343767 1.568865
vt 1.315685 1.540782
vt 1.626612 -0.385757
vt 1.208306 -0.403978
vt 1.626283 -0.403978
vt 1.664840 1.201833
vt 1.389224 1.614321
vt 1.605448 1.177232
vt 1.590428 1.171011
vt 1.568756 1.162034
vt 0.715269 -0.385757
vt 1.208485 -0.385757
vt 1.680468 1.208306
vt 1.761623 0.715269
vt 1.177232 -0.197295
vt 0.715269 -0.179074
vt 0.715269 -0.197295
vt 1.657623 0.715269
vt 1.681081 0.715269
vt 0.222054 -0.385757
vt 0.715269 -0.403978
vt 1.680468 0.222232
vt 1.778539 0.715269
vt 0.253307 -0.197295
vt 0.259528 -0.179074
vt 1.590428 0.259528
vt 1.568756 0.268505
vt -0.196073 -0.385757
vt 0.222232 -0.403978
vt 1.401185 -0.195744
vt 1.664840 0.228706
vt 1.605448 0.253307
vt 1.332272 -0.126830
vt 1.343767 -0.138326
vt 1.315685 -0.110243
vt 1.401185 -0.403978
vt 0.976735 -0.459399
vt 1.389224 -0.183782
vt 0.952134 -0.400007
vt 0.945913 -0.384987
vt 0.936936 -0.363315
vt 0.983209 -0.475027
vt 0.490172 -0.556182
vt 0.490172 -0.197295
vt 0.490172 -0.452182
vt 0.490172 -0.475639
vt -0.003043 -0.385757
vt -0.002865 -0.475027
vt 0.490172 -0.573098
vt 0.028209 -0.197295
vt 0.034431 -0.179074
vt 0.034431 -0.384987
vt 0.043407 -0.363315
vt -0.421171 -0.385757
vt -0.002865 -0.403978
vt -0.420842 -0.195744
vt 0.003608 -0.459399
vt 0.028209 -0.400007
vt -0.351928 -0.126830
vt -0.363424 -0.138326
vt -0.335341 -0.110243
vt -0.195744 -0.403978
vt -0.684496 0.228706
vt -0.408880 -0.183782
vt -0.625105 0.253307
vt -0.610085 0.259528
vt -0.588413 0.268505
vt -0.700125 0.222232
vt -0.781280 0.715269
vt -0.677280 0.715269
vt -0.700737 0.715269
vt -0.700125 1.208306
vt -0.798196 0.715269
vt 1.171011 -0.179074
vt -0.610085 1.171011
vt -0.588413 1.162034
vt -0.420842 1.626283
vt -0.684496 1.201833
vt -0.625105 1.177232
vt -0.351928 1.557369
vt -0.363424 1.568865
vt -0.335341 1.540782
vt -0.420842 -0.403978
vt 0.003608 1.889937
vt -0.408880 1.614321
vt 0.028209 1.830546
vt 0.034431 1.815526
vt 0.043407 1.793854
vt -0.002865 1.905566
vt 0.490172 1.906178
vt 0.180984 -0.163325
vt 0.130626 -0.143526
vt 0.161618 0.550474
vt 1.055449 0.570273
vt -0.063480 0.550474
vt 1.074815 -0.143526
vt -0.044113 -0.163325
vt 0.830351 0.570273
vt 1.268921 0.550474
vt 0.849717 -0.143526
vt 1.249554 -0.163325
vt 0.375090 0.570273
vt 1.043823 0.550474
vt 0.355724 -0.143526
vt 1.024457 -0.163325
vt 0.149993 0.570273
vt -0.184337 1.531775
vt 0.048912 0.566815
vt -0.369333 0.586608
vt -0.371137 0.049492
vt 1.532356 0.750352
vt -0.186142 0.730559
vt 1.551489 0.586608
vt 1.320085 1.367003
vt -0.162280 0.567329
vt -0.167007 1.549595
vt 1.365109 0.770340
vt 1.155244 -0.137924
vt 1.344940 0.606596
vt 1.332590 1.345520
vt 1.148614 0.770340
vt -0.349178 0.026848
vt 1.128460 -0.154583
vt -0.250387 1.510007
vt -0.272464 0.818644
vt -0.268362 1.346983
vt 1.509760 0.922429
vt -0.246285 0.902633
vt 1.204719 1.351291
vt -0.226314 1.526999
vt 1.206730 0.898425
vt 1.348671 0.878304
vt 1.201968 1.166449
vt 1.223966 1.328980
vt 1.166202 0.898100
vt 1.201245 0.878304
vt -0.253138 1.325166
vt 1.179906 0.774844
vt 1.181918 1.148963
vt -0.251126 0.922104
vt -0.251741 0.255424
vt -0.273914 0.815017
vt 0.072849 0.899011
vt -0.270315 0.092472
vt 0.255250 0.918809
vt -0.248142 0.899011
vt 1.203464 0.096694
vt -0.228266 0.272489
vt 1.204876 0.901957
vt 0.094136 0.881931
vt 1.223340 0.797937
vt 1.200714 -0.088147
vt 1.222113 0.074457
vt -0.088321 0.901729
vt 1.199488 0.881931
vt -0.107826 0.797937
vt -0.254490 0.070582
vt 1.178651 0.778367
vt 1.180064 -0.105559
vt -0.253078 0.918581
vt 1.105780 1.438465
vt 0.005228 0.786780
vt 0.927408 0.806579
vt -0.014436 0.890579
vt 0.929928 0.005213
vt 1.438449 0.910378
vt 1.108299 0.890579
vt 1.458114 0.806579
vt 1.290622 1.435717
vt 1.127971 1.455688
vt 1.433291 0.890368
vt 1.310293 0.806368
vt 1.131881 -0.019584
vt 1.413653 0.786569
vt 1.307987 1.413637
vt -0.019600 0.910167
vt 1.129575 0.890368
vt 0.947039 -0.016836
vt 1.109944 -0.036838
vt 0.947166 0.910358
vt -0.132325 1.444047
vt 0.010810 0.785926
vt -0.310862 0.805725
vt -0.309208 0.010921
vt 1.444158 0.909521
vt -0.130671 0.889722
vt 1.463716 0.805725
vt 0.052512 1.441300
vt -0.110261 0.786072
vt -0.111165 1.461397
vt 1.438980 0.891223
vt -0.106229 -0.014001
vt 1.419235 0.787427
vt 0.068846 1.419346
vt -0.013890 0.911022
vt -0.109402 0.891223
vt -0.033635 0.807225
vt -0.291066 -0.011254
vt -0.128293 0.787281
vt -0.129197 -0.031129
vt -0.291970 0.909667
vt 2.055147 -0.643192
vt 2.245645 1.678148
vt 2.021735 -0.623357
vt 2.087427 1.658466
vt 2.004171 -0.624234
vt 1.765984 1.658683
vt 2.004502 -0.644050
vt 1.626246 1.668838
vt 2.275371 1.744034
vt 1.754753 -0.661354
vt 1.472789 1.638223
vt 1.474097 1.658133
vt 1.454888 1.636953
vt 2.305332 -0.677799
vt 2.109561 1.656738
vt 2.245984 1.456957
vt 1.454702 1.636736
vt 1.538647 -0.676940
vt 1.591683 1.666048
vt 2.079835 1.473895
vt 1.788396 -0.659637
vt 2.025459 2.004183
vt 1.743832 1.676753
vt 1.479570 -0.671263
vt -1.459370 1.695640
vt 1.650667 1.266284
vt -1.314886 1.532477
vt -1.325976 -0.651765
vt 1.512141 1.244735
vt 1.729938 -0.667817
vt 1.803136 1.271129
vt -1.306798 1.251996
vt -1.304995 -0.659453
vt -1.055498 1.963078
vt -1.148790 1.274692
vt -1.285265 1.820280
vt 1.824362 1.255429
vt 1.945924 -0.654535
vt 1.684916 1.273410
vt -1.119079 1.803107
vt 1.695556 -0.657981
vt -1.025650 1.479524
vt 1.532448 1.268565
vt 1.530035 1.248921
vt -1.050797 1.650618
vt 1.512114 1.248168
vt -1.055351 -0.666345
vt -1.285176 1.265002
vt -1.148700 1.515303
vt -1.211073 -0.662234
vt 0.648375 -1.427048
vt -1.410807 1.464653
vt -1.412829 1.444817
vt -1.430741 1.444070
vt 0.618667 -0.671700
vt 0.418242 1.463420
vt -1.430717 1.443445
vt -1.427007 -0.672011
vt -1.292683 1.468261
vt 0.388534 -1.410782
vt -1.176719 -0.662857
vt -1.140323 1.474334
vt 0.396453 1.455390
vt 0.369079 -0.653391
vt 0.618667 -0.943641
vt 0.554699 1.475567
vt -1.118899 1.456015
vt -0.960785 -0.653080
vt 0.773169 -1.176793
vt -1.258448 1.470726
vt 0.584408 -1.140349
vt -0.026627 -0.562731
vt -0.542932 -0.493526
vt 0.987172 -0.542931
vt -0.006828 -0.542931
vt -0.542932 -0.409526
vt 1.006971 -0.562731
vt 0.490172 -0.436285
vt 1.111394 -0.436285
vt 1.863138 -0.436285
vt 0.715269 -0.436285
vt 0.094047 -0.436285
vt 1.638041 -0.436285
vt -0.131051 -0.436285
vt -0.432600 -0.436285
vt 1.336492 -0.436285
vt -0.657697 -0.436285
vt 1.568865 -0.197295
vt 1.343767 -0.197295
vt -0.138326 -0.197295
vt -0.363424 -0.197295
vt -0.353905 0.750865
vt 0.029778 0.730559
vt -0.157513 0.626389
vt 1.133187 0.606083
vt -0.137344 0.790133
vt 1.339220 0.626389
vt 1.315358 0.789619
vt 1.347230 0.798847
vt 1.327371 0.902633
vt 1.529619 0.818644
vt -0.228325 0.798523
vt 1.146758 0.794315
vt 1.224690 0.794315
vt 1.329227 0.774519
vt 0.092646 0.795219
vt 0.275047 0.815017
vt -0.229678 0.794991
vt 0.074630 0.778139
vt 1.127844 0.786760
vt -0.039238 0.806368
vt 1.109816 0.786590
vt 1.290749 0.910188
vt -0.008748 0.889722
vt 0.072018 0.807225
vt 0.051608 0.910876
vt 2.016631 -0.624627
vt 2.109222 1.760972
vt 2.304775 2.021581
vt 2.019134 -0.639402
vt 2.459555 1.788972
vt 2.343752 1.592026
vt 2.335021 1.538965
vt 1.518656 -0.658167
vt 1.459139 1.653437
vt 2.055705 1.521568
vt 2.034831 -0.658518
vt 2.070096 1.637964
vt 1.900924 1.754176
vt 2.011454 1.625903
vt -1.304848 1.462416
vt -1.383169 1.684966
vt -1.334695 1.945971
vt -1.343777 -0.640798
vt -1.035122 -0.634504
vt -0.900975 1.729854
vt 1.460273 -0.646223
vt 1.517268 1.264374
vt 0.652636 -1.292727
vt -1.446681 -0.651931
vt 0.554699 -1.427944
vt -1.425908 1.460404
vt 0.369079 -1.444151
vt 0.348201 -0.652940
vt 0.378794 1.444070
vt 0.214577 -1.210999
vt 0.320305 -1.258404
vt 0.339370 -0.960743
vt 0.330542 -0.634381
vt 0.418242 -1.123187
vt 0.639407 -0.632624
vt -0.562730 -0.389727
vt -0.562730 -0.513325
vt 2.022036 -0.623006
vt 1.964303 -0.640045
vt -0.942625 -0.633633
s 1
f 193/1/1 197/2/2 199/3/3
f 194/4/4 197/5/5 196/6/6
f 195/7/7 197/8/8 198/9/9
f 200/10/10 204/11/11 206/12/12
f 201/1/13 204/2/14 203/13/15
f 202/14/16 204/15/17 205/16/18
f 207/17/19 211/18/20 213/19/21
f 208/20/22 211/21/23 210/22/24
f 209/23/25 211/24/26 212/25/27
f 214/17/28 218/18/29 220/26/30
f 215/27/31 218/28/32 217/29/33
f 216/30/34 218/31/35 219/32/36
f 221/33/37 225/34/38 227/35/39
f 222/36/40 225/37/41 224/38/42
f 223/39/43 225/40/44 226/41/45
f 228/33/46 232/34/47 234/42/48
f 229/43/49 232/44/50 231/45/51
f 230/46/52 232/47/53 233/48/54
f 235/49/55 239/50/56 241/51/57
f 236/52/58 239/53/59 238/54/60
f 237/55/61 239/56/62 240/57/63
f 242/49/64 246/50/65 248/58/66
f 243/59/67 246/60/68 245/61/69
f 244/62/70 246/63/71 247/64/72
f 249/65/73 253/66/74 255/67/75
f 250/68/76 253/69/77 252/70/78
f 251/71/79 253/72/80 254/73/81
f 256/74/82 260/75/83 262/76/84
f 257/77/85 260/78/86 259/79/87
f 258/80/88 260/81/89 261/82/90
f 263/83/91 267/84/92 269/85/93
f 264/86/94 267/87/95 266/88/96
f 265/89/97 267/90/98 268/91/99
f 270/92/100 274/93/101 276/94/102
f 271/95/103 274/96/104 273/97/105
f 272/98/106 274/99/107 275/100/108
f 277/101/109 281/102/110 283/103/111
f 278/104/112 281/105/113 280/106/114
f 279/107/115 281/108/116 282/109/117
f 284/110/118 288/111/119 290/112/120
f 285/113/121 288/114/122 287/115/123
f 286/116/124 288/117/125 289/118/126
f 291/119/127 295/120/128 297/121/129
f 292/122/130 295/123/131 294/124/132
f 293/125/133 295/126/134 296/127/135
f 298/128/136 302/129/137 304/130/138
f 299/131/139 302/132/140 301/133/141
f 300/134/142 302/135/143 303/136/144
f 305/137/145 309/138/146 311/139/147
f 306/140/148 309/141/149 308/142/150
f 307/143/151 309/144/152 310/145/153
f 312/146/154 316/147/155 318/148/156
f 313/149/157 316/150/158 315/151/159
f 314/152/160 316/153/161 317/154/162
f 319/155/163 323/156/164 325/157/165
f 320/158/166 323/159/167 322/160/168
f 321/161/169 323/162/170 324/163/171
f 326/164/172 330/165/173 332/166/174
f 327/167/175 330/168/176 329/169/177
f 328/170/178 330/171/179 331/172/180
f 333/173/181 337/174/182 339/175/183
f 334/176/184 337/177/185 336/178/186
f 335/179/187 337/180/188 338/181/189
f 340/182/190 344/183/191 346/184/192
f 341/185/193 344/186/194 343/187/195
f 342/188/196 344/189/197 345/190/198
f 347/191/199 351/192/200 353/193/201
f 348/194/202 351/195/203 350/196/204
f 349/197/205 351/198/206 352/199/207
f 354/200/208 358/201/209 360/202/210
f 355/203/211 358/204/212 357/205/213
f 356/206/214 358/207/215 359/208/216
f 361/209/217 365/210/218 367/211/219
f 362/212/220 365/213/221 364/214/222
f 363/215/223 365/216/224 366/217/225
f 368/218/226 372/219/227 374/220/228
f 369/221/229 372/222/230 371/223/231
f 370/224/232 372/225/233 373/226/234
f 375/227/235 379/228/236 381/229/237
f 376/230/238 379/231/239 378/232/240
f 377/233/241 379/234/242 380/235/243
f 382/236/244 386/237/245 388/238/246
f 383/239/247 386/240/248 385/241/249
f 384/242/250 386/243/251 387/244/252
f 389/245/253 393/246/254 395/247/255
f 390/248/256 393/249/257 392/250/258
f 391/251/259 393/252/260 394/253/261
f 396/254/262 400/255/263 402/256/264
f 397/257/265 400/258/266 399/259/267
f 398/260/268 400/261/269 401/262/270
f 403/263/271 407/264/272 409/265/273
f 404/266/274 407/267/275 406/268/276
f 405/269/277 407/270/278 408/271/279
f 410/272/280 414/273/281 416/274/282
f 411/275/283 414/276/284 413/277/285
f 412/278/286 414/279/287 415/280/288
f 417/281/289 421/282/290 423/283/291
f 418/284/292 421/285/293 420/286/294
f 419/287/295 421/288/296 422/289/297
f 424/290/298 428/291/299 430/292/300
f 425/293/301 428/294/302 427/295/303
f 426/296/304 428/297/305 429/298/306
f 431/299/307 435/300/308 437/301/309
f 432/302/310 435/303/311 434/304/312
f 433/305/313 435/306/314 436/307/315
f 438/308/316 442/309/317 444/310/318
f 439/311/319 442/312/320 441/313/321
f 440/314/322 442/315/323 443/316/324
f 445/317/325 449/318/326 451/319/327
f 446/320/328 449/321/329 448/322/330
f 447/323/331 449/324/332 450/325/333
f 452/326/334 456/327/335 458/328/336
f 453/329/337 456/330/338 455/331/339
f 454/332/340 456/333/341 457/334/342
f 459/335/343 463/336/344 465/337/345
f 460/338/346 463/339/347 462/340/348
f 461/341/349 463/342/350 464/343/351
f 466/344/352 470/345/353 472/346/354
f 467/347/355 470/348/356 469/349/357
f 468/350/358 470/351/359 471/352/360
f 473/353/361 477/354/362 479/355/363
f 474/356/364 477/357/365 476/358/366
f 475/359/367 477/360/368 478/361/369
f 480/362/370 484/363/371 486/364/372
f 481/365/373 484/366/374 483/367/375
f 482/368/376 484/369/377 485/370/378
f 487/371/379 491/372/380 493/373/381
f 488/374/382 491/375/383 490/376/384
f 489/377/385 491/378/386 492/379/387
f 494/380/388 498/381/389 500/382/390
f 495/383/391 498/384/392 497/385/393
f 496/386/394 498/387/395 499/388/396
f 501/389/397 505/390/398 507/391/399
f 502/392/400 505/393/401 504/394/402
f 503/395/403 505/396/404 506/397/405
f 508/398/406 512/399/407 514/400/408
f 509/401/409 512/402/410 511/403/411
f 510/404/412 512/405/413 513/406/414
f 515/407/415 519/408/416 521/409/417
f 516/410/418 519/411/419 518/412/420
f 517/413/421 519/414/422 520/415/423
f 522/416/424 526/417/425 528/418/426
f 523/419/427 526/420/428 525/421/429
f 524/422/430 526/423/431 527/424/432
f 529/425/433 533/426/434 535/427/435
f 530/428/436 533/429/437 532/430/438
f 531/431/439 533/432/437 534/433/440
f 536/434/441 540/435/442 542/436/443
f 537/437/444 540/438/445 539/439/446
f 538/440/447 540/441/445 541/442/448
f 543/443/449 547/444/450 549/445/451
f 544/446/452 547/447/453 546/448/454
f 545/449/455 547/447/453 548/450/456
f 550/451/457 554/452/458 556/453/459
f 551/454/460 554/455/461 553/456/462
f 552/457/463 554/458/461 555/459/464
f 557/460/465 561/461/466 563/462/467
f 558/463/468 561/464/469 560/465/470
f 559/466/471 561/464/469 562/467/472
f 564/468/473 568/469/474 570/470/475
f 565/471/476 568/472/477 567/473/478
f 566/474/479 568/472/477 569/475/480
f 571/476/481 575/477/482 577/478/483
f 572/479/484 575/480/485 574/481/486
f 573/482/487 575/483/485 576/484/488
f 578/485/489 582/486/490 584/487/491
f 579/488/492 582/489/493 581/490/494
f 580/491/495 582/489/493 583/492/496
f 585/493/497 589/494/498 591/495/499
f 586/496/500 589/497/501 588/498/502
f 587/499/503 589/500/501 590/501/504
f 592/502/505 596/503/506 598/504/507
f 593/505/508 596/506/509 595/507/510
f 594/508/511 596/509/509 597/510/512
f 599/511/513 603/512/514 605/513/515
f 600/514/516 603/515/517 602/516/518
f 601/517/519 603/515/517 604/518/520
f 606/519/521 610/520/522 612/521/523
f 607/522/524 610/523/525 609/524/526
f 608/525/527 610/523/525 611/526/528
f 613/527/529 617/528/530 619/529/531
f 614/530/532 617/531/533 616/532/534
f 615/533/535 617/534/533 618/535/536
f 620/536/537 624/537/538 626/538/539
f 621/539/540 624/540/541 623/541/542
f 622/542/543 624/543/541 625/544/544
f 627/545/545 631/546/546 633/547/547
f 628/548/548 631/549/549 630/550/550
f 629/551/551 631/549/549 632/552/552
f 634/553/553 638/554/554 640/555/555
f 635/556/556 638/557/557 637/558/558
f 636/559/559 638/557/557 639/560/560
f 641/561/561 645/562/562 647/563/563
f 642/564/564 645/565/565 644/566/566
f 643/567/567 645/568/565 646/569/568
f 648/570/569 652/571/570 654/572/571
f 649/573/572 652/574/573 651/575/574
f 650/576/575 652/577/573 653/578/576
f 655/579/577 659/580/578 661/581/579
f 656/582/580 659/583/581 658/584/582
f 657/585/583 659/586/581 660/587/584
f 662/588/585 666/589/586 668/590/587
f 663/591/588 666/592/589 665/593/590
f 664/594/591 666/595/589 667/596/592
f 669/597/593 673/598/594 675/599/595
f 670/600/596 673/601/597 672/602/598
f 671/603/599 673/601/597 674/604/600
f 676/605/601 680/606/602 682/607/603
f 677/608/604 680/609/605 679/610/606
f 678/611/607 680/609/605 681/612/608
f 683/613/609 687/614/610 689/615/611
f 684/616/612 687/617/613 686/618/614
f 685/619/615 687/620/613 688/621/616
f 690/622/617 694/623/618 696/624/619
f 691/625/620 694/626/621 693/627/622
f 692/628/623 694/626/621 695/629/624
f 697/630/625 701/631/626 703/632/627
f 698/633/628 701/634/629 700/635/630
f 699/636/631 701/634/629 702/637/632
f 704/638/633 708/639/634 710/640/635
f 705/641/636 708/642/637 707/643/638
f 706/644/639 708/642/637 709/645/640
f 711/646/641 715/647/642 717/648/643
f 712/649/644 715/650/645 714/651/646
f 713/652/647 715/653/645 716/654/648
f 718/655/649 722/656/650 724/657/651
f 719/658/652 722/659/653 721/660/654
f 720/661/655 722/659/653 723/662/656
f 725/663/657 729/664/658 731/665/659
f 726/666/660 729/667/661 728/668/662
f 727/669/663 729/670/661 730/671/664
f 732/672/665 736/673/666 738/674/667
f 733/675/668 736/676/669 735/677/670
f 734/678/671 736/679/669 737/680/672
f 739/681/673 743/682/674 745/683/675
f 740/684/676 743/685/677 742/686/678
f 741/687/679 743/685/677 744/688/680
f 746/689/681 750/690/682 752/691/683
f 747/692/684 750/693/685 749/694/686
f 748/695/687 750/693/685 751/696/688
f 753/697/689 757/698/690 759/699/691
f 754/700/692 757/701/693 756/702/694
f 755/703/695 757/704/693 758/705/696
f 760/706/697 764/707/698 766/708/699
f 761/709/700 764/710/701 763/711/702
f 762/712/703 764/713/701 765/714/704
f 767/715/705 771/716/706 773/717/707
f 768/718/708 771/719/709 770/720/710
f 769/721/711 771/722/709 772/723/712
f 774/724/713 778/725/714 780/726/715
f 775/727/716 778/728/717 777/729/718
f 776/730/719 778/731/717 779/732/720
f 781/733/721 785/734/722 787/735/723
f 782/736/724 785/737/725 784/738/726
f 783/739/727 785/740/728 786/741/729
f 788/742/730 792/743/731 794/744/732
f 789/733/733 792/734/734 791/745/735
f 790/746/736 792/747/737 793/748/738
f 795/749/739 799/750/740 801/751/741
f 796/752/742 799/753/743 798/754/744
f 797/736/745 799/737/746 800/755/747
f 802/749/748 806/750/749 808/756/750
f 803/742/751 806/743/752 805/757/753
f 804/758/754 806/759/755 807/760/756
f 809/761/757 813/762/758 815/763/759
f 810/739/760 813/740/761 812/764/762
f 811/765/763 813/766/764 814/767/765
f 816/761/766 820/762/767 822/768/768
f 817/769/769 820/770/770 819/771/771
f 818/746/772 820/747/773 821/772/774
f 823/773/775 827/774/776 829/775/777
f 824/765/778 827/766/779 826/776/780
f 825/752/781 827/753/782 828/777/783
f 830/773/784 834/774/785 836/778/786
f 831/758/787 834/759/788 833/779/789
f 832/769/790 834/770/791 835/780/792
f 837/781/721 841/782/722 843/783/723
f 838/784/724 841/785/725 840/786/726
f 839/787/727 841/788/728 842/789/729
f 844/790/730 848/791/731 850/792/732
f 845/781/733 848/782/734 847/793/735
f 846/794/736 848/795/737 849/796/738
f 851/797/739 855/798/740 857/799/741
f 852/800/742 855/801/743 854/802/744
f 853/784/745 855/785/746 856/803/747
f 858/797/748 862/804/749 864/805/750
f 859/790/751 862/791/793 861/806/753
f 860/807/754 862/808/755 863/809/756
f 865/810/757 869/811/758 871/812/759
f 866/787/760 869/788/761 868/813/762
f 867/814/763 869/815/764 870/816/765
f 872/810/766 876/811/767 878/817/768
f 873/818/769 876/819/770 875/820/771
f 874/794/772 876/795/773 877/821/774
f 879/822/775 883/823/776 885/824/777
f 880/814/778 883/815/794 882/825/780
f 881/800/781 883/826/782 884/827/783
f 886/822/784 890/828/785 892/829/786
f 887/807/787 890/830/788 889/831/789
f 888/818/790 890/819/791 891/832/792
f 8/833/795 3/834/796 2/835/797
f 9/836/798 1/837/799 3/838/800
f 11/839/801 6/840/802 12/841/803
f 12/841/803 4/842/804 10/843/805
f 14/844/806 9/845/807 8/833/795
f 15/846/808 7/847/809 9/836/798
f 11/839/801 18/848/810 17/849/811
f 18/848/810 10/843/805 16/850/812
f 14/851/806 21/852/813 15/853/814
f 21/854/815 13/855/816 15/846/808
f 17/849/811 24/856/817 23/857/818
f 18/848/810 22/858/819 24/856/817
f 20/859/820 27/860/821 21/852/813
f 21/854/815 25/861/822 19/862/823
f 23/857/818 30/863/824 29/864/825
f 24/856/817 28/865/826 30/863/824
f 32/866/827 27/860/821 26/867/828
f 33/868/829 25/861/822 27/869/830
f 35/870/831 30/863/824 36/871/832
f 36/871/832 28/865/826 34/872/833
f 38/873/834 33/874/835 32/866/827
f 39/875/836 31/876/837 33/868/829
f 35/870/831 42/877/838 41/878/839
f 42/877/838 34/872/833 40/879/840
f 38/844/834 45/845/841 39/880/842
f 45/881/843 37/882/844 39/875/836
f 41/878/839 48/883/845 47/884/846
f 42/877/838 46/885/847 48/883/845
f 44/833/848 51/834/849 45/845/841
f 45/881/843 49/886/850 43/887/851
f 47/884/846 54/888/852 53/889/853
f 48/883/845 52/890/854 54/888/852
f 56/891/855 51/834/849 50/835/856
f 57/892/857 49/886/850 51/893/858
f 59/894/859 54/888/852 60/895/860
f 60/895/860 52/890/854 58/896/861
f 62/897/862 57/898/863 56/891/855
f 63/899/864 55/900/865 57/892/857
f 59/894/859 66/901/866 65/902/867
f 66/901/866 58/896/861 64/903/868
f 62/873/862 69/874/869 63/904/870
f 69/905/871 61/906/872 63/899/864
f 65/902/867 72/907/873 71/908/874
f 66/901/866 70/909/875 72/907/873
f 68/866/876 75/860/877 69/874/869
f 69/905/871 73/910/878 67/911/879
f 71/908/874 78/912/880 77/913/881
f 72/907/873 76/914/882 78/912/880
f 80/859/883 75/860/877 74/867/884
f 81/915/885 73/910/878 75/916/886
f 83/917/887 78/912/880 84/918/888
f 84/918/888 76/914/882 82/919/889
f 86/851/890 81/852/891 80/859/883
f 87/920/892 79/921/893 81/915/885
f 83/917/887 90/922/894 89/923/895
f 90/922/894 82/919/889 88/924/896
f 86/897/890 93/898/897 87/925/898
f 93/926/899 85/927/900 87/920/892
f 89/923/895 96/928/901 95/929/902
f 90/922/894 94/930/903 96/928/901
f 92/891/904 3/834/796 93/898/897
f 93/926/899 1/837/799 91/931/905
f 95/929/902 6/840/802 5/932/906
f 96/928/901 4/842/804 6/840/802
f 104/933/907 99/934/908 98/935/909
f 105/936/910 97/937/911 99/938/912
f 107/939/913 102/940/914 108/941/915
f 108/942/915 100/943/916 106/944/917
f 110/945/918 105/946/919 104/933/907
f 111/947/920 103/948/921 105/936/910
f 107/949/913 114/950/922 113/951/923
f 114/950/922 106/944/917 112/952/924
f 110/953/918 117/954/925 111/955/926
f 111/947/920 115/956/927 109/957/928
f 119/958/929 114/950/922 120/959/930
f 114/950/922 118/960/931 120/959/930
f 122/961/932 117/954/925 116/962/933
f 117/963/934 121/964/935 115/956/927
f 119/965/929 126/966/936 125/967/937
f 120/959/930 124/968/938 126/969/936
f 128/970/939 123/971/940 122/961/932
f 129/972/941 121/964/935 123/973/942
f 131/974/943 126/966/936 132/975/944
f 132/976/944 124/968/938 130/977/945
f 134/978/946 129/979/947 128/970/939
f 135/980/948 127/981/949 129/972/941
f 131/982/943 138/983/950 137/984/951
f 138/983/950 130/977/945 136/985/952
f 134/945/946 141/946/953 135/986/954
f 135/980/948 139/987/955 133/988/956
f 143/989/957 138/983/950 144/990/958
f 138/983/950 142/991/959 144/990/958
f 146/935/960 141/946/953 140/933/961
f 141/992/962 145/993/963 139/987/955
f 143/939/957 150/940/964 149/994/965
f 144/990/958 148/995/966 150/996/964
f 152/997/967 147/934/968 146/935/960
f 153/998/969 145/993/963 147/999/970
f 155/1000/971 150/940/964 156/1001/972
f 156/1002/972 148/995/966 154/1003/973
f 158/1004/974 153/1005/975 152/997/967
f 159/1006/976 151/1007/977 153/998/969
f 155/1008/971 162/1009/978 161/1010/979
f 162/1009/978 154/1003/973 160/1011/980
f 158/978/974 165/979/981 159/1012/982
f 159/1006/976 163/1013/983 157/1014/984
f 167/1015/985 162/1009/978 168/1016/986
f 162/1009/978 166/1017/987 168/1016/986
f 170/961/988 165/979/981 164/970/989
f 165/1018/990 169/1019/991 163/1013/983
f 167/974/985 174/966/992 173/967/993
f 168/1016/986 172/1020/994 174/1021/992
f 176/962/995 171/971/996 170/961/988
f 177/1022/997 169/1019/991 171/1023/998
f 179/965/999 174/966/992 180/1024/1000
f 180/1025/1000 172/1020/994 178/1026/1001
f 182/953/1002 177/954/1003 176/962/995
f 183/1027/1004 175/1028/1005 177/1022/997
f 179/1029/999 186/1030/1006 185/1031/1007
f 186/1030/1006 178/1026/1001 184/1032/1008
f 182/1004/1002 189/1005/1009 183/1033/1010
f 183/1027/1004 187/1034/1011 181/1035/1012
f 191/1036/1013 186/1030/1006 192/1037/1014
f 186/1030/1006 190/1038/1015 192/1037/1014
f 98/935/909 189/1005/1009 188/997/1016
f 189/1039/1017 97/937/911 187/1034/1011
f 191/1000/1013 102/940/914 101/994/1018
f 192/1037/1014 100/943/916 102/1040/914
f 193/1/1 210/26/1019 207/17/19
f 199/1041/1020 208/20/22 210/22/24
f 200/10/10 198/1042/1021 194/4/4
f 206/1043/1022 195/7/7 198/9/9
f 201/1/13 220/26/30 205/3/1023
f 220/1044/1024 202/14/16 205/16/18
f 209/23/25 219/1045/1025 215/27/31
f 212/1046/1026 216/30/34 219/32/36
f 207/17/19 238/58/1027 235/49/55
f 213/1047/1028 236/52/58 238/54/60
f 214/17/28 248/58/66 217/19/1029
f 248/1048/1030 215/27/31 217/29/33
f 237/55/61 247/1049/1031 243/59/67
f 240/1050/1032 244/62/70 247/64/72
f 235/49/55 224/42/1033 221/33/37
f 241/1051/1034 222/36/40 224/38/42
f 242/49/64 234/42/48 245/51/1035
f 234/1052/1036 243/59/67 245/61/69
f 223/39/43 233/1053/1037 229/43/49
f 226/1054/1038 230/46/52 233/48/54
f 221/33/37 196/13/1039 193/1/1
f 227/1055/1040 194/4/4 196/6/6
f 228/33/46 203/13/15 231/35/1041
f 203/1056/1042 229/43/49 231/45/51
f 249/65/73 266/1057/1043 263/83/91
f 255/1058/1044 264/86/94 266/88/96
f 250/68/76 262/76/84 254/1059/1045
f 254/73/81 258/80/88 251/71/79
f 257/77/85 276/94/102 261/1060/1046
f 276/1061/1047 258/80/88 261/82/90
f 271/95/103 268/91/99 275/1062/1048
f 268/1063/1049 272/98/106 275/100/108
f 263/83/91 294/1064/1050 291/119/127
f 269/1065/1051 292/122/130 294/124/132
f 270/92/100 304/130/138 273/1066/1052
f 273/97/105 300/134/142 271/95/103
f 293/125/133 303/1067/1053 299/131/139
f 303/136/144 292/122/130 300/134/142
f 277/101/109 297/121/129 280/1068/1054
f 297/1069/1055 278/104/112 280/106/114
f 284/110/118 301/1070/1056 298/128/136
f 301/133/141 286/116/124 299/131/139
f 285/113/121 282/109/117 289/1071/1057
f 289/118/126 278/104/112 286/116/124
f 277/101/109 252/1072/1058 249/65/73
f 252/70/78 279/107/115 250/68/76
f 257/77/85 287/1073/1059 284/110/118
f 287/115/123 256/74/82 285/113/121
f 305/137/145 322/1074/1060 319/155/163
f 322/160/168 307/143/151 320/158/166
f 312/146/154 310/1075/1061 306/140/148
f 310/145/153 314/152/160 307/143/151
f 313/149/157 332/166/174 317/1076/1062
f 332/1077/1063 314/152/160 317/154/162
f 327/167/175 324/163/171 331/1078/1064
f 331/172/180 320/158/166 328/170/178
f 347/191/199 325/157/165 350/1079/1065
f 350/196/204 321/161/169 348/194/202
f 326/164/172 360/202/210 329/1080/1066
f 360/1081/1067 327/167/175 329/169/177
f 349/197/205 359/1082/1068 355/203/211
f 359/208/216 348/194/202 356/206/214
f 347/191/199 336/1083/1069 333/173/181
f 336/178/186 349/197/205 334/176/184
f 354/200/208 346/184/192 357/1084/1070
f 346/1085/1071 355/203/211 357/205/213
f 335/179/187 345/1086/1072 341/185/193
f 345/190/198 334/176/184 342/188/196
f 333/173/181 308/1087/1073 305/137/145
f 339/1088/1074 306/140/148 308/142/150
f 313/149/157 343/1089/1075 340/182/190
f 315/1090/1076 341/185/193 343/187/195
f 361/209/217 378/1091/1077 375/227/235
f 378/232/240 363/215/223 376/230/238
f 362/212/220 374/220/228 366/1092/1078
f 374/1093/1079 363/215/223 366/217/225
f 369/221/229 388/238/246 373/1094/1080
f 388/1095/1081 370/224/232 373/226/234
f 377/233/241 387/1096/1082 383/239/247
f 387/244/252 376/230/238 384/242/250
f 375/227/235 406/1097/1083 403/263/271
f 406/268/276 377/233/241 404/266/274
f 382/236/244 416/274/282 385/1098/1084
f 416/1099/1085 383/239/247 385/241/249
f 405/269/277 415/1100/1086 411/275/283
f 408/1101/1087 412/278/286 415/280/288
f 403/263/271 392/1102/1088 389/245/253
f 392/250/258 405/269/277 390/248/256
f 396/254/262 413/1103/1089 410/272/280
f 402/1104/1090 411/275/283 413/277/285
f 397/257/265 394/253/261 401/1105/1091
f 394/1106/1092 398/260/268 401/262/270
f 389/245/253 364/1107/1093 361/209/217
f 395/1108/1094 362/212/220 364/214/222
f 396/254/262 371/223/231 399/1109/1095
f 371/1110/1096 397/257/265 399/259/267
f 431/299/307 423/283/291 434/1111/1097
f 423/1112/1098 432/302/310 434/304/312
f 418/284/292 430/292/300 422/1113/1099
f 430/1114/1100 419/287/295 422/289/297
f 438/308/316 429/1115/1101 425/293/301
f 444/1116/1102 426/296/304 429/298/306
f 433/305/313 443/1117/1103 439/311/319
f 436/1118/1104 440/314/322 443/316/324
f 431/299/307 462/1119/1105 459/335/343
f 462/340/348 433/305/313 460/338/346
f 466/344/352 441/1120/1106 438/308/316
f 441/313/321 468/350/358 439/311/319
f 461/341/349 471/1121/1107 467/347/355
f 464/1122/1108 468/350/358 471/352/360
f 459/335/343 448/1123/1109 445/317/325
f 465/1124/1110 446/320/328 448/322/330
f 452/326/334 469/1125/1111 466/344/352
f 458/1126/1112 467/347/355 469/349/357
f 453/329/337 450/325/333 457/1127/1113
f 457/334/342 446/320/328 454/332/340
f 445/317/325 420/1128/1114 417/281/289
f 420/286/294 447/323/331 418/284/292
f 452/326/334 427/295/303 455/1129/1115
f 427/1130/1116 453/329/337 455/331/339
f 473/353/361 490/1131/1117 487/371/379
f 479/1132/1118 488/374/382 490/376/384
f 480/362/370 478/1133/1119 474/356/364
f 478/361/369 482/368/376 475/359/367
f 481/365/373 500/382/390 485/1134/1120
f 500/1135/1121 482/368/376 485/370/378
f 495/383/391 492/379/387 499/1136/1122
f 492/1137/1123 496/386/394 499/388/396
f 515/407/415 493/373/381 518/1138/1124
f 493/1139/1125 516/410/418 518/412/420
f 494/380/388 528/418/426 497/1140/1126
f 497/385/393 524/422/430 495/383/391
f 517/413/421 527/1141/1127 523/419/427
f 527/424/432 516/410/418 524/422/430
f 515/407/415 504/1142/1128 501/389/397
f 521/1143/1129 502/392/400 504/394/402
f 508/398/406 525/1144/1130 522/416/424
f 514/1145/1131 523/419/427 525/421/429
f 509/401/409 506/397/405 513/1146/1132
f 506/1147/1133 510/404/412 513/406/414
f 501/389/397 476/1148/1134 473/353/361
f 507/1149/1135 474/356/364 476/358/366
f 508/398/406 483/367/375 511/1150/1136
f 483/1151/1137 509/401/409 511/403/411
f 544/446/452 535/1152/1138 531/431/439
f 535/427/435 543/443/449 529/425/433
f 537/437/444 556/1153/1139 552/457/463
f 556/453/459 536/434/441 550/451/457
f 530/428/436 541/442/448 534/1154/440
f 541/1155/448 531/431/439 534/433/440
f 545/1156/455 555/1157/464 551/454/460
f 555/459/464 544/446/452 552/457/463
f 558/463/468 549/1158/1140 545/1156/455
f 549/445/451 557/460/465 543/443/449
f 566/474/479 553/456/462 570/1159/1141
f 553/1160/1142 564/468/473 570/470/475
f 559/466/471 569/475/480 565/471/476
f 569/475/480 558/463/468 566/474/479
f 559/466/471 574/481/486 563/1161/1143
f 563/462/467 571/476/481 557/460/465
f 580/1162/495 567/473/478 584/1163/1144
f 584/487/491 564/468/473 578/485/489
f 573/482/487 583/492/496 579/488/492
f 583/1164/496 572/479/484 580/1162/495
f 573/482/487 588/498/502 577/1165/1145
f 577/478/483 585/493/497 571/476/481
f 579/488/492 598/1166/1146 594/508/511
f 581/1167/1147 592/502/505 598/504/507
f 587/499/503 597/1168/512 593/505/508
f 597/510/512 586/496/500 594/508/511
f 600/514/516 591/1169/1148 587/499/503
f 591/495/499 599/511/513 585/493/497
f 593/505/508 612/1170/1149 608/525/527
f 595/1171/1150 606/519/521 612/521/523
f 601/517/519 611/526/528 607/522/524
f 611/526/528 600/514/516 608/525/527
f 601/517/519 532/430/438 605/1172/1151
f 532/1173/1152 599/511/513 605/513/515
f 607/522/524 542/1174/1153 538/440/447
f 542/436/443 606/519/521 536/434/441
f 628/548/548 619/1175/1154 615/533/535
f 630/1176/1155 613/527/529 619/529/531
f 636/559/559 623/541/542 640/1177/1156
f 623/1178/1157 634/553/553 640/555/555
f 614/530/532 625/544/544 618/1179/536
f 625/1180/544 615/533/535 618/535/536
f 629/551/551 639/560/560 635/556/556
f 639/560/560 628/548/548 636/559/559
f 642/564/564 633/1181/1158 629/551/551
f 633/547/547 641/561/561 627/545/545
f 635/556/556 654/1182/1159 650/576/575
f 654/572/571 634/553/553 648/570/569
f 643/567/567 653/1183/576 649/573/572
f 653/578/576 642/564/564 650/576/575
f 643/567/567 658/584/582 647/1184/1160
f 658/1185/1161 641/561/561 647/563/563
f 649/573/572 668/1186/1162 664/594/591
f 651/1187/1163 662/588/585 668/590/587
f 657/585/583 667/1188/592 663/591/588
f 667/596/592 656/582/580 664/594/591
f 670/600/596 661/1189/1164 657/585/583
f 661/581/579 669/597/593 655/579/577
f 663/591/588 682/1190/1165 678/611/607
f 665/1191/1166 676/605/601 682/607/603
f 671/603/599 681/612/608 677/608/604
f 681/612/608 670/600/596 678/611/607
f 684/616/612 675/1192/1167 671/603/599
f 686/1193/1168 669/597/593 675/599/595
f 677/608/604 696/1194/1169 692/1195/623
f 679/1196/1170 690/622/617 696/624/619
f 685/619/615 695/629/624 691/625/620
f 695/1197/624 684/616/612 692/1195/623
f 685/619/615 616/532/534 689/1198/1171
f 689/615/611 613/527/529 683/613/609
f 691/625/620 626/1199/1172 622/542/543
f 693/1200/1173 620/536/537 626/538/539
f 699/636/631 714/651/646 703/1201/1174
f 714/1202/1175 697/630/625 703/632/627
f 705/641/636 724/1203/1176 720/1204/655
f 724/657/651 704/638/633 718/655/649
f 698/633/628 709/645/640 702/637/632
f 709/645/640 699/636/631 702/637/632
f 713/652/647 723/662/656 719/658/652
f 723/1205/656 712/649/644 720/1204/655
f 726/666/660 717/1206/1177 713/652/647
f 717/648/643 725/663/657 711/646/641
f 734/678/671 721/660/654 738/1207/1178
f 738/674/667 718/655/649 732/672/665
f 727/669/663 737/1208/672 733/675/668
f 737/680/672 726/666/660 734/678/671
f 727/669/663 742/686/678 731/1209/1179
f 731/665/659 739/681/673 725/663/657
f 733/675/668 752/1210/1180 748/695/687
f 735/1211/1181 746/689/681 752/691/683
f 741/687/679 751/696/688 747/692/684
f 751/696/688 740/684/676 748/695/687
f 754/700/692 745/1212/1182 741/687/679
f 745/683/675 753/697/689 739/681/673
f 762/712/703 749/694/686 766/1213/1183
f 766/708/699 746/689/681 760/706/697
f 755/703/695 765/1214/704 761/709/700
f 765/714/704 754/700/692 762/712/703
f 755/703/695 770/720/710 759/1215/1184
f 770/1216/1185 753/697/689 759/699/691
f 761/709/700 780/1217/1186 776/730/719
f 780/726/715 760/706/697 774/724/713
f 769/721/711 779/1218/720 775/727/716
f 779/732/720 768/718/708 776/730/719
f 698/633/628 773/1219/1187 769/721/711
f 700/1220/1188 767/715/705 773/717/707
f 775/727/716 710/1221/1189 706/644/639
f 777/1222/1190 704/638/633 710/640/635
f 781/733/721 798/756/1191 795/749/739
f 787/764/1192 796/752/742 798/754/744
f 788/742/730 786/755/1193 782/736/724
f 794/772/1194 783/739/727 786/741/729
f 802/749/748 793/735/1195 789/733/733
f 808/779/1196 790/746/736 793/748/738
f 797/736/745 807/744/1197 803/742/751
f 800/777/1198 804/758/754 807/760/756
f 795/749/739 826/778/1199 823/773/775
f 801/738/1200 824/765/778 826/776/780
f 830/773/784 805/751/1201 802/749/748
f 836/771/1202 803/742/751 805/757/753
f 825/752/781 835/760/1203 831/758/787
f 828/767/1204 832/769/790 835/780/792
f 823/773/775 812/768/1205 809/761/757
f 829/754/1206 810/739/760 812/764/762
f 816/761/766 833/775/1207 830/773/784
f 822/748/1208 831/758/787 833/779/789
f 811/765/763 821/780/1209 817/769/769
f 814/741/1210 818/746/772 821/772/774
f 809/761/757 784/745/1211 781/733/721
f 815/776/1212 782/736/724 784/738/726
f 789/733/733 819/763/1213 816/761/766
f 791/757/1214 817/769/769 819/771/771
f 837/781/721 854/1223/1191 851/797/739
f 843/813/1192 852/800/742 854/802/744
f 844/790/730 842/803/1193 838/784/724
f 850/821/1194 839/787/727 842/789/729
f 858/797/748 849/783/1195 845/781/733
f 849/796/738 860/807/754 846/794/736
f 853/784/745 863/792/1197 859/790/751
f 856/1224/1198 860/807/754 863/809/756
f 851/797/739 882/1225/1199 879/822/775
f 857/786/1200 880/814/778 882/825/780
f 886/822/784 861/1226/1201 858/797/748
f 892/820/1202 859/790/751 861/806/753
f 881/800/781 891/1227/1203 887/807/787
f 884/816/1204 888/818/790 891/832/792
f 879/822/775 868/817/1205 865/810/757
f 868/813/762 881/800/781 866/787/760
f 872/810/766 889/1228/1207 886/822/784
f 878/796/1208 887/807/787 889/831/789
f 867/814/763 877/832/1209 873/818/769
f 870/789/1210 874/794/772 877/821/774
f 865/810/757 840/793/1211 837/781/721
f 871/825/1212 838/784/724 840/786/726
f 845/781/733 875/812/1213 872/810/766
f 847/806/1214 873/818/769 875/820/771
f 43/887/851 67/911/879 91/931/905
f 5/1229/906 8/833/795 2/835/797
f 92/891/904 5/1229/906 2/835/797
f 28/865/826 16/850/812 64/903/868
f 11/1230/801 14/844/806 8/833/795
f 17/1231/811 20/859/820 14/851/806
f 20/859/820 29/1232/825 26/867/828
f 29/1232/825 32/866/827 26/867/828
f 35/1233/831 38/873/834 32/866/827
f 41/1234/839 44/833/848 38/844/834
f 44/833/848 53/1229/853 50/835/856
f 53/1229/853 56/891/855 50/835/856
f 59/1235/859 62/897/862 56/891/855
f 65/1236/867 68/866/876 62/873/862
f 68/866/876 77/1232/881 74/867/884
f 77/1232/881 80/859/883 74/867/884
f 83/1237/887 86/851/890 80/859/883
f 89/1238/895 92/891/904 86/897/890
f 139/987/955 163/1013/983 187/1034/1011
f 98/935/909 107/939/913 104/933/907
f 191/1000/1013 98/935/909 188/997/1016
f 160/1011/980 136/985/952 112/952/924
f 107/939/913 110/945/918 104/933/907
f 113/1239/923 116/962/933 110/953/918
f 119/965/929 122/961/932 116/962/933
f 122/961/932 131/974/943 128/970/939
f 131/974/943 134/978/946 128/970/939
f 137/1240/951 140/933/961 134/945/946
f 143/939/957 146/935/960 140/933/961
f 146/935/960 155/1000/971 152/997/967
f 155/1000/971 158/1004/974 152/997/967
f 161/1241/979 164/970/989 158/978/974
f 167/974/985 170/961/988 164/970/989
f 170/961/988 179/965/999 176/962/995
f 179/965/999 182/953/1002 176/962/995
f 185/1242/1007 188/997/1016 182/1004/1002
f 235/49/55 193/1/1 207/17/19
f 202/14/16 208/20/22 195/7/7
f 229/43/49 194/4/4 223/39/43
f 214/17/28 228/33/46 242/49/64
f 215/27/31 236/52/58 209/23/25
f 243/59/67 222/36/40 237/55/61
f 291/119/127 249/65/73 263/83/91
f 258/80/88 264/86/94 251/71/79
f 285/113/121 250/68/76 279/107/115
f 298/128/136 257/77/85 284/110/118
f 271/95/103 292/122/130 265/89/97
f 293/125/133 286/116/124 278/104/112
f 347/191/199 305/137/145 319/155/163
f 314/152/160 320/158/166 307/143/151
f 341/185/193 306/140/148 335/179/187
f 326/164/172 340/182/190 354/200/208
f 327/167/175 348/194/202 321/161/169
f 355/203/211 334/176/184 349/197/205
f 403/263/271 361/209/217 375/227/235
f 370/224/232 376/230/238 363/215/223
f 397/257/265 362/212/220 391/251/259
f 410/272/280 369/221/229 396/254/262
f 383/239/247 404/266/274 377/233/241
f 411/275/283 390/248/256 405/269/277
f 459/335/343 417/281/289 431/299/307
f 426/296/304 432/302/310 419/287/295
f 453/329/337 418/284/292 447/323/331
f 438/308/316 452/326/334 466/344/352
f 433/305/313 468/350/358 460/338/346
f 467/347/355 446/320/328 461/341/349
f 515/407/415 473/353/361 487/371/379
f 475/359/367 496/386/394 488/374/382
f 503/395/403 480/362/370 474/356/364
f 494/380/388 508/398/406 522/416/424
f 495/383/391 516/410/418 489/377/385
f 523/419/427 502/392/400 517/413/421
f 585/493/497 599/511/513 543/443/449
f 537/437/444 544/446/452 531/431/439
f 607/522/524 530/428/436 601/517/519
f 592/502/505 578/485/489 564/468/473
f 551/454/460 558/463/468 545/1156/455
f 559/466/471 580/1162/495 572/479/484
f 579/488/492 586/496/500 573/482/487
f 593/505/508 600/514/516 587/499/503
f 627/545/545 655/579/577 683/613/609
f 621/539/540 628/548/548 615/533/535
f 691/625/620 614/530/532 685/619/615
f 662/588/585 648/570/569 620/536/537
f 635/556/556 642/564/564 629/551/551
f 649/573/572 656/582/580 643/567/567
f 657/585/583 678/611/607 670/600/596
f 677/608/604 684/616/612 671/603/599
f 739/681/673 753/697/689 767/715/705
f 699/636/631 720/1204/655 712/649/644
f 775/727/716 698/633/628 769/721/711
f 746/689/681 732/672/665 704/638/633
f 713/652/647 734/678/671 726/666/660
f 727/669/663 748/695/687 740/684/676
f 747/692/684 754/700/692 741/687/679
f 761/709/700 768/718/708 755/703/695
f 823/773/775 781/733/721 795/749/739
f 790/746/736 796/752/742 783/739/727
f 817/769/769 782/736/724 811/765/763
f 802/749/748 816/761/766 830/773/784
f 803/742/751 824/765/778 797/736/745
f 831/758/787 810/739/760 825/752/781
f 879/822/775 837/781/721 851/797/739
f 846/794/736 852/800/742 839/787/727
f 873/818/769 838/784/724 867/814/763
f 858/797/748 872/810/766 886/822/784
f 859/790/751 880/814/778 853/784/745
f 887/807/787 866/787/760 881/800/781
f 193/1/1 196/13/1039 197/2/2
f 194/4/4 198/1042/1021 197/5/5
f 195/7/7 199/1041/1020 197/8/8
f 200/10/10 203/1056/1042 204/11/11
f 201/1/13 205/3/1023 204/2/14
f 202/14/16 206/1043/1022 204/15/17
f 207/17/19 210/26/1019 211/18/20
f 208/20/22 212/1046/1026 211/21/23
f 209/23/25 213/1047/1028 211/24/26
f 214/17/28 217/19/1029 218/18/29
f 215/27/31 219/1045/1025 218/28/32
f 216/30/34 220/1044/1024 218/31/35
f 221/33/37 224/42/1033 225/34/38
f 222/36/40 226/1054/1038 225/37/41
f 223/39/43 227/1055/1040 225/40/44
f 228/33/46 231/35/1041 232/34/47
f 229/43/49 233/1053/1037 232/44/50
f 230/46/52 234/1052/1036 232/47/53
f 235/49/55 238/58/1027 239/50/56
f 236/52/58 240/1050/1032 239/53/59
f 237/55/61 241/1051/1034 239/56/62
f 242/49/64 245/51/1035 246/50/65
f 243/59/67 247/1049/1031 246/60/68
f 244/62/70 248/1048/1030 246/63/71
f 249/65/73 252/1072/1058 253/66/74
f 250/68/76 254/1059/1045 253/69/77
f 251/71/79 255/1058/1044 253/72/80
f 256/74/82 259/1243/1215 260/75/83
f 257/77/85 261/1060/1046 260/78/86
f 258/80/88 262/1244/1216 260/81/89
f 263/83/91 266/1057/1043 267/84/92
f 264/86/94 268/1063/1049 267/87/95
f 265/89/97 269/1065/1051 267/90/98
f 270/92/100 273/1066/1052 274/93/101
f 271/95/103 275/1062/1048 274/96/104
f 272/98/106 276/1061/1047 274/99/107
f 277/101/109 280/1068/1054 281/102/110
f 278/104/112 282/1245/1217 281/105/113
f 279/107/115 283/1246/1218 281/108/116
f 284/110/118 287/1073/1059 288/111/119
f 285/113/121 289/1071/1057 288/114/122
f 286/116/124 290/1247/1219 288/117/125
f 291/119/127 294/1064/1050 295/120/128
f 292/122/130 296/1248/1220 295/123/131
f 293/125/133 297/1069/1055 295/126/134
f 298/128/136 301/1070/1056 302/129/137
f 299/131/139 303/1067/1053 302/132/140
f 300/134/142 304/1249/1221 302/135/143
f 305/137/145 308/1087/1073 309/138/146
f 306/140/148 310/1075/1061 309/141/149
f 307/143/151 311/1250/1222 309/144/152
f 312/146/154 315/1090/1076 316/147/155
f 313/149/157 317/1076/1062 316/150/158
f 314/152/160 318/1251/1223 316/153/161
f 319/155/163 322/1074/1060 323/156/164
f 320/158/166 324/1252/1224 323/159/167
f 321/161/169 325/1253/1225 323/162/170
f 326/164/172 329/1080/1066 330/165/173
f 327/167/175 331/1078/1064 330/168/176
f 328/170/178 332/1077/1063 330/171/179
f 333/173/181 336/1083/1069 337/174/182
f 334/176/184 338/1254/1226 337/177/185
f 335/179/187 339/1088/1074 337/180/188
f 340/182/190 343/1089/1075 344/183/191
f 341/185/193 345/1086/1072 344/186/194
f 342/188/196 346/1085/1071 344/189/197
f 347/191/199 350/1079/1065 351/192/200
f 348/194/202 352/1255/1227 351/195/203
f 349/197/205 353/1256/1228 351/198/206
f 354/200/208 357/1084/1070 358/201/209
f 355/203/211 359/1082/1068 358/204/212
f 356/206/214 360/1081/1067 358/207/215
f 361/209/217 364/1107/1093 365/210/218
f 362/212/220 366/1092/1078 365/213/221
f 363/215/223 367/1257/1229 365/216/224
f 368/218/226 371/1110/1096 372/219/227
f 369/221/229 373/1094/1080 372/222/230
f 370/224/232 374/1093/1079 372/225/233
f 375/227/235 378/1091/1077 379/228/236
f 376/230/238 380/1258/1230 379/231/239
f 377/233/241 381/1259/1231 379/234/242
f 382/236/244 385/1098/1084 386/237/245
f 383/239/247 387/1096/1082 386/240/248
f 384/242/250 388/1095/1081 386/243/251
f 389/245/253 392/1102/1088 393/246/254
f 390/248/256 394/1106/1092 393/249/257
f 391/251/259 395/1108/1094 393/252/260
f 396/254/262 399/1109/1095 400/255/263
f 397/257/265 401/1105/1091 400/258/266
f 398/260/268 402/1104/1090 400/261/269
f 403/263/271 406/1097/1083 407/264/272
f 404/266/274 408/1101/1087 407/267/275
f 405/269/277 409/1260/1232 407/270/278
f 410/272/280 413/1103/1089 414/273/281
f 411/275/283 415/1100/1086 414/276/284
f 412/278/286 416/1099/1085 414/279/287
f 417/281/289 420/1128/1114 421/282/290
f 418/284/292 422/1113/1099 421/285/293
f 419/287/295 423/1112/1098 421/288/296
f 424/290/298 427/1130/1116 428/291/299
f 425/293/301 429/1115/1101 428/294/302
f 426/296/304 430/1114/1100 428/297/305
f 431/299/307 434/1111/1097 435/300/308
f 432/302/310 436/1118/1104 435/303/311
f 433/305/313 437/1261/1233 435/306/314
f 438/308/316 441/1120/1106 442/309/317
f 439/311/319 443/1117/1103 442/312/320
f 440/314/322 444/1116/1102 442/315/323
f 445/317/325 448/1123/1109 449/318/326
f 446/320/328 450/1262/1234 449/321/329
f 447/323/331 451/1263/1235 449/324/332
f 452/326/334 455/1129/1115 456/327/335
f 453/329/337 457/1127/1113 456/330/338
f 454/332/340 458/1126/1112 456/333/341
f 459/335/343 462/1119/1105 463/336/344
f 460/338/346 464/1122/1108 463/339/347
f 461/341/349 465/1124/1110 463/342/350
f 466/344/352 469/1125/1111 470/345/353
f 467/347/355 471/1121/1107 470/348/356
f 468/350/358 472/1264/1236 470/351/359
f 473/353/361 476/1148/1134 477/354/362
f 474/356/364 478/1133/1119 477/357/365
f 475/359/367 479/1132/1118 477/360/368
f 480/362/370 483/1151/1137 484/363/371
f 481/365/373 485/1134/1120 484/366/374
f 482/368/376 486/1265/1237 484/369/377
f 487/371/379 490/1131/1117 491/372/380
f 488/374/382 492/1137/1123 491/375/383
f 489/377/385 493/1139/1125 491/378/386
f 494/380/388 497/1140/1126 498/381/389
f 495/383/391 499/1136/1122 498/384/392
f 496/386/394 500/1135/1121 498/387/395
f 501/389/397 504/1142/1128 505/390/398
f 502/392/400 506/1147/1133 505/393/401
f 503/395/403 507/1149/1135 505/396/404
f 508/398/406 511/1150/1136 512/399/407
f 509/401/409 513/1146/1132 512/402/410
f 510/404/412 514/1145/1131 512/405/413
f 515/407/415 518/1138/1124 519/408/416
f 516/410/418 520/1266/1238 519/411/419
f 517/413/421 521/1143/1129 519/414/422
f 522/416/424 525/1144/1130 526/417/425
f 523/419/427 527/1141/1127 526/420/428
f 524/422/430 528/1267/1239 526/423/431
f 529/425/433 532/1173/1152 533/426/434
f 530/1268/436 534/433/440 533/432/437
f 531/431/439 535/1152/1138 533/432/437
f 536/434/441 539/1269/1240 540/435/442
f 537/437/444 541/1155/448 540/438/445
f 538/440/447 542/1174/1153 540/441/445
f 543/443/449 546/1270/1241 547/444/450
f 544/446/452 548/450/456 547/447/453
f 545/1156/455 549/1158/1140 547/1271/453
f 550/451/457 553/1160/1142 554/452/458
f 551/454/460 555/1157/464 554/455/461
f 552/457/463 556/1153/1139 554/458/461
f 557/460/465 560/1272/1242 561/461/466
f 558/463/468 562/467/472 561/464/469
f 559/466/471 563/1161/1143 561/464/469
f 564/468/473 567/1273/1243 568/469/474
f 565/471/476 569/475/480 568/472/477
f 566/474/479 570/1159/1141 568/472/477
f 571/476/481 574/1274/1244 575/477/482
f 572/479/484 576/1275/488 575/480/485
f 573/482/487 577/1165/1145 575/483/485
f 578/485/489 581/1167/1147 582/486/490
f 579/488/492 583/492/496 582/489/493
f 580/1162/495 584/1163/1144 582/1276/493
f 585/493/497 588/1277/1245 589/494/498
f 586/496/500 590/1278/504 589/497/501
f 587/499/503 591/1169/1148 589/500/501
f 592/502/505 595/1171/1150 596/503/506
f 593/1279/508 597/510/512 596/509/509
f 594/508/511 598/1166/1146 596/509/509
f 599/511/513 602/1280/1246 603/512/514
f 600/514/516 604/518/520 603/515/517
f 601/517/519 605/1172/1151 603/515/517
f 606/519/521 609/1281/1247 610/520/522
f 607/522/524 611/526/528 610/523/525
f 608/525/527 612/1170/1149 610/523/525
f 613/527/529 616/1282/1248 617/528/530
f 614/530/532 618/1179/536 617/531/533
f 615/533/535 619/1175/1154 617/534/533
f 620/536/537 623/1178/1157 624/537/538
f 621/539/540 625/1180/544 624/540/541
f 622/542/543 626/1199/1172 624/543/541
f 627/545/545 630/1176/1155 631/546/546
f 628/548/548 632/552/552 631/549/549
f 629/551/551 633/1181/1158 631/549/549
f 634/553/553 637/1283/1249 638/554/554
f 635/556/556 639/560/560 638/557/557
f 636/559/559 640/1177/1156 638/557/557
f 641/561/561 644/1284/1250 645/562/562
f 642/1285/564 646/569/568 645/568/565
f 643/567/567 647/1184/1160 645/568/565
f 648/570/569 651/1187/1163 652/571/570
f 649/573/572 653/1183/576 652/574/573
f 650/576/575 654/1182/1159 652/577/573
f 655/579/577 658/1185/1161 659/580/578
f 656/582/580 660/1286/584 659/583/581
f 657/585/583 661/1189/1164 659/586/581
f 662/588/585 665/1191/1166 666/589/586
f 663/591/588 667/1188/592 666/592/589
f 664/594/591 668/1186/1162 666/595/589
f 669/597/593 672/1287/1251 673/598/594
f 670/600/596 674/604/600 673/601/597
f 671/603/599 675/1192/1167 673/601/597
f 676/605/601 679/1196/1170 680/606/602
f 677/608/604 681/612/608 680/609/605
f 678/611/607 682/1190/1165 680/609/605
f 683/613/609 686/1193/1168 687/614/610
f 684/616/612 688/1288/616 687/617/613
f 685/619/615 689/1198/1171 687/620/613
f 690/622/617 693/1200/1173 694/623/618
f 691/625/620 695/629/624 694/626/621
f 692/1195/623 696/1194/1169 694/1289/621
f 697/630/625 700/1220/1188 701/631/626
f 698/633/628 702/637/632 701/634/629
f 699/636/631 703/1201/1174 701/634/629
f 704/638/633 707/1290/1252 708/639/634
f 705/641/636 709/645/640 708/642/637
f 706/644/639 710/1221/1189 708/642/637
f 711/646/641 714/1202/1175 715/647/642
f 712/649/644 716/1291/648 715/650/645
f 713/652/647 717/1206/1177 715/653/645
f 718/655/649 721/1292/1253 722/656/650
f 719/658/652 723/662/656 722/659/653
f 720/1204/655 724/1203/1176 722/1293/653
f 725/663/657 728/1294/1254 729/664/658
f 726/666/660 730/1295/664 729/667/661
f 727/669/663 731/1209/1179 729/670/661
f 732/672/665 735/1211/1181 736/673/666
f 733/1296/668 737/680/672 736/679/669
f 734/678/671 738/1207/1178 736/679/669
f 739/681/673 742/1297/1255 743/682/674
f 740/684/676 744/688/680 743/685/677
f 741/687/679 745/1212/1182 743/685/677
f 746/689/681 749/1298/1256 750/690/682
f 747/692/684 751/696/688 750/693/685
f 748/695/687 752/1210/1180 750/693/685
f 753/697/689 756/1299/1257 757/698/690
f 754/1300/692 758/705/696 757/704/693
f 755/703/695 759/1215/1184 757/704/693
f 760/706/697 763/1301/1258 764/707/698
f 761/709/700 765/1214/704 764/710/701
f 762/712/703 766/1213/1183 764/713/701
f 767/715/705 770/1216/1185 771/716/706
f 768/718/708 772/1302/712 771/719/709
f 769/721/711 773/1219/1187 771/722/709
f 774/724/713 777/1222/1190 778/725/714
f 775/727/716 779/1218/720 778/728/717
f 776/730/719 780/1217/1186 778/731/717
f 781/733/721 784/745/1211 785/734/722
f 782/736/724 786/755/1193 785/737/725
f 783/739/727 787/764/1192 785/740/728
f 788/742/730 791/757/1214 792/743/731
f 789/733/733 793/735/1195 792/734/734
f 790/746/736 794/772/1194 792/747/737
f 795/749/739 798/756/1191 799/750/740
f 796/752/742 800/777/1198 799/753/743
f 797/736/745 801/738/1200 799/737/746
f 802/749/748 805/751/1201 806/750/749
f 803/742/751 807/744/1197 806/743/752
f 804/758/754 808/779/1196 806/759/755
f 809/761/757 812/768/1205 813/762/758
f 810/739/760 814/741/1210 813/740/761
f 811/765/763 815/776/1212 813/766/764
f 816/761/766 819/763/1213 820/762/767
f 817/769/769 821/780/1209 820/770/770
f 818/746/772 822/748/1208 820/747/773
f 823/773/775 826/778/1199 827/774/776
f 824/765/778 828/767/1204 827/766/779
f 825/752/781 829/754/1206 827/753/782
f 830/773/784 833/775/1207 834/774/785
f 831/758/787 835/760/1203 834/759/788
f 832/769/790 836/771/1202 834/770/791
f 837/781/721 840/793/1211 841/782/722
f 838/784/724 842/803/1193 841/785/725
f 839/787/727 843/813/1192 841/788/728
f 844/790/730 847/806/1214 848/791/731
f 845/781/733 849/783/1195 848/782/734
f 846/794/736 850/821/1194 848/795/737
f 851/797/739 854/1223/1191 855/798/740
f 852/800/742 856/1224/1198 855/801/743
f 853/784/745 857/786/1200 855/785/746
f 858/797/748 861/1226/1201 862/804/749
f 859/790/751 863/792/1197 862/791/793
f 860/807/754 864/1303/1196 862/808/755
f 865/810/757 868/817/1205 869/811/758
f 866/787/760 870/789/1210 869/788/761
f 867/814/763 871/825/1212 869/815/764
f 872/810/766 875/812/1213 876/811/767
f 873/818/769 877/832/1209 876/819/770
f 874/794/772 878/796/1208 876/795/773
f 879/822/775 882/1225/1199 883/823/776
f 880/814/778 884/816/1204 883/815/794
f 881/800/781 885/1304/1206 883/826/782
f 886/822/784 889/1228/1207 890/828/785
f 887/807/787 891/1227/1203 890/830/788
f 888/818/790 892/820/1202 890/819/791
f 8/833/795 9/845/807 3/834/796
f 9/836/798 7/847/809 1/837/799
f 11/839/801 5/932/906 6/840/802
f 12/841/803 6/840/802 4/842/804
f 14/844/806 15/880/814 9/845/807
f 15/846/808 13/855/816 7/847/809
f 11/839/801 12/841/803 18/848/810
f 18/848/810 12/841/803 10/843/805
f 14/851/806 20/859/820 21/852/813
f 21/854/815 19/862/823 13/855/816
f 17/849/811 18/848/810 24/856/817
f 18/848/810 16/850/812 22/858/819
f 20/859/820 26/867/828 27/860/821
f 21/854/815 27/869/830 25/861/822
f 23/857/818 24/856/817 30/863/824
f 24/856/817 22/858/819 28/865/826
f 32/866/827 33/874/835 27/860/821
f 33/868/829 31/876/837 25/861/822
f 35/870/831 29/864/825 30/863/824
f 36/871/832 30/863/824 28/865/826
f 38/873/834 39/904/842 33/874/835
f 39/875/836 37/882/844 31/876/837
f 35/870/831 36/871/832 42/877/838
f 42/877/838 36/871/832 34/872/833
f 38/844/834 44/833/848 45/845/841
f 45/881/843 43/887/851 37/882/844
f 41/878/839 42/877/838 48/883/845
f 42/877/838 40/879/840 46/885/847
f 44/833/848 50/835/856 51/834/849
f 45/881/843 51/893/858 49/886/850
f 47/884/846 48/883/845 54/888/852
f 48/883/845 46/885/847 52/890/854
f 56/891/855 57/898/863 51/834/849
f 57/892/857 55/900/865 49/886/850
f 59/894/859 53/889/853 54/888/852
f 60/895/860 54/888/852 52/890/854
f 62/897/862 63/925/870 57/898/863
f 63/899/864 61/906/872 55/900/865
f 59/894/859 60/895/860 66/901/866
f 66/901/866 60/895/860 58/896/861
f 62/873/862 68/866/876 69/874/869
f 69/905/871 67/911/879 61/906/872
f 65/902/867 66/901/866 72/907/873
f 66/901/866 64/903/868 70/909/875
f 68/866/876 74/867/884 75/860/877
f 69/905/871 75/916/886 73/910/878
f 71/908/874 72/907/873 78/912/880
f 72/907/873 70/909/875 76/914/882
f 80/859/883 81/852/891 75/860/877
f 81/915/885 79/921/893 73/910/878
f 83/917/887 77/913/881 78/912/880
f 84/918/888 78/912/880 76/914/882
f 86/851/890 87/853/898 81/852/891
f 87/920/892 85/927/900 79/921/893
f 83/917/887 84/918/888 90/922/894
f 90/922/894 84/918/888 82/919/889
f 86/897/890 92/891/904 93/898/897
f 93/926/899 91/931/905 85/927/900
f 89/923/895 90/922/894 96/928/901
f 90/922/894 88/924/896 94/930/903
f 92/891/904 2/835/797 3/834/796
f 93/926/899 3/838/800 1/837/799
f 95/929/902 96/928/901 6/840/802
f 96/928/901 94/930/903 4/842/804
f 104/933/907 105/946/919 99/934/908
f 105/936/910 103/948/921 97/937/911
f 107/939/913 101/994/1018 102/940/914
f 108/942/915 102/1040/914 100/943/916
f 110/945/918 111/986/926 105/946/919
f 111/947/920 109/957/928 103/948/921
f 107/949/913 108/942/915 114/950/922
f 114/950/922 108/942/915 106/944/917
f 110/953/918 116/962/933 117/954/925
f 111/947/920 117/963/934 115/956/927
f 119/958/929 113/951/923 114/950/922
f 114/950/922 112/952/924 118/960/931
f 122/961/932 123/971/940 117/954/925
f 117/963/934 123/973/942 121/964/935
f 119/965/929 120/1024/930 126/966/936
f 120/959/930 118/960/931 124/968/938
f 128/970/939 129/979/947 123/971/940
f 129/972/941 127/981/949 121/964/935
f 131/974/943 125/967/937 126/966/936
f 132/976/944 126/969/936 124/968/938
f 134/978/946 135/1012/954 129/979/947
f 135/980/948 133/988/956 127/981/949
f 131/982/943 132/976/944 138/983/950
f 138/983/950 132/976/944 130/977/945
f 134/945/946 140/933/961 141/946/953
f 135/980/948 141/992/962 139/987/955
f 143/989/957 137/984/951 138/983/950
f 138/983/950 136/985/952 142/991/959
f 146/935/960 147/934/968 141/946/953
f 141/992/962 147/999/970 145/993/963
f 143/939/957 144/941/958 150/940/964
f 144/990/958 142/991/959 148/995/966
f 152/997/967 153/1005/975 147/934/968
f 153/998/969 151/1007/977 145/993/963
f 155/1000/971 149/994/965 150/940/964
f 156/1002/972 150/996/964 148/995/966
f 158/1004/974 159/1033/982 153/1005/975
f 159/1006/976 157/1014/984 151/1007/977
f 155/1008/971 156/1002/972 162/1009/978
f 162/1009/978 156/1002/972 154/1003/973
f 158/978/974 164/970/989 165/979/981
f 159/1006/976 165/1018/990 163/1013/983
f 167/1015/985 161/1010/979 162/1009/978
f 162/1009/978 160/1011/980 166/1017/987
f 170/961/988 171/971/996 165/979/981
f 165/1018/990 171/1023/998 169/1019/991
f 167/974/985 168/975/986 174/966/992
f 168/1016/986 166/1017/987 172/1020/994
f 176/962/995 177/954/1003 171/971/996
f 177/1022/997 175/1028/1005 169/1019/991
f 179/965/999 173/967/993 174/966/992
f 180/1025/1000 174/1021/992 172/1020/994
f 182/953/1002 183/955/1010 177/954/1003
f 183/1027/1004 181/1035/1012 175/1028/1005
f 179/1029/999 180/1025/1000 186/1030/1006
f 186/1030/1006 180/1025/1000 178/1026/1001
f 182/1004/1002 188/997/1016 189/1005/1009
f 183/1027/1004 189/1039/1017 187/1034/1011
f 191/1036/1013 185/1031/1007 186/1030/1006
f 186/1030/1006 184/1032/1008 190/1038/1015
f 98/935/909 99/934/908 189/1005/1009
f 189/1039/1017 99/938/912 97/937/911
f 191/1000/1013 192/1001/1014 102/940/914
f 192/1037/1014 190/1038/1015 100/943/916
f 193/1/1 199/3/3 210/26/1019
f 199/1041/1020 195/7/7 208/20/22
f 200/10/10 206/12/12 198/1042/1021
f 206/1043/1022 202/14/16 195/7/7
f 201/1/13 214/17/28 220/26/30
f 220/1044/1024 216/30/34 202/14/16
f 209/23/25 212/25/27 219/1045/1025
f 212/1046/1026 208/20/22 216/30/34
f 207/17/19 213/19/21 238/58/1027
f 213/1047/1028 209/23/25 236/52/58
f 214/17/28 242/49/64 248/58/66
f 248/1048/1030 244/62/70 215/27/31
f 237/55/61 240/57/63 247/1049/1031
f 240/1050/1032 236/52/58 244/62/70
f 235/49/55 241/51/57 224/42/1033
f 241/1051/1034 237/55/61 222/36/40
f 242/49/64 228/33/46 234/42/48
f 234/1052/1036 230/46/52 243/59/67
f 223/39/43 226/41/45 233/1053/1037
f 226/1054/1038 222/36/40 230/46/52
f 221/33/37 227/35/39 196/13/1039
f 227/1055/1040 223/39/43 194/4/4
f 228/33/46 201/1/13 203/13/15
f 203/1056/1042 200/10/10 229/43/49
f 249/65/73 255/67/75 266/1057/1043
f 255/1058/1044 251/71/79 264/86/94
f 250/68/76 256/74/82 262/76/84
f 254/73/81 262/1244/1216 258/80/88
f 257/77/85 270/92/100 276/94/102
f 276/1061/1047 272/98/106 258/80/88
f 271/95/103 265/89/97 268/91/99
f 268/1063/1049 264/86/94 272/98/106
f 263/83/91 269/85/93 294/1064/1050
f 269/1065/1051 265/89/97 292/122/130
f 270/92/100 298/128/136 304/130/138
f 273/97/105 304/1249/1221 300/134/142
f 293/125/133 296/127/135 303/1067/1053
f 303/136/144 296/1248/1220 292/122/130
f 277/101/109 291/119/127 297/121/129
f 297/1069/1055 293/125/133 278/104/112
f 284/110/118 290/112/120 301/1070/1056
f 301/133/141 290/1247/1219 286/116/124
f 285/113/121 279/107/115 282/109/117
f 289/118/126 282/1245/1217 278/104/112
f 277/101/109 283/103/111 252/1072/1058
f 252/70/78 283/1246/1218 279/107/115
f 257/77/85 259/79/87 287/1073/1059
f 287/115/123 259/1243/1215 256/74/82
f 305/137/145 311/139/147 322/1074/1060
f 322/160/168 311/1250/1222 307/143/151
f 312/146/154 318/148/156 310/1075/1061
f 310/145/153 318/1251/1223 314/152/160
f 313/149/157 326/164/172 332/166/174
f 332/1077/1063 328/170/178 314/152/160
f 327/167/175 321/161/169 324/163/171
f 331/172/180 324/1252/1224 320/158/166
f 347/191/199 319/155/163 325/157/165
f 350/196/204 325/1253/1225 321/161/169
f 326/164/172 354/200/208 360/202/210
f 360/1081/1067 356/206/214 327/167/175
f 349/197/205 352/199/207 359/1082/1068
f 359/208/216 352/1255/1227 348/194/202
f 347/191/199 353/193/201 336/1083/1069
f 336/178/186 353/1256/1228 349/197/205
f 354/200/208 340/182/190 346/184/192
f 346/1085/1071 342/188/196 355/203/211
f 335/179/187 338/181/189 345/1086/1072
f 345/190/198 338/1254/1226 334/176/184
f 333/173/181 339/175/183 308/1087/1073
f 339/1088/1074 335/179/187 306/140/148
f 313/149/157 315/151/159 343/1089/1075
f 315/1090/1076 312/146/154 341/185/193
f 361/209/217 367/211/219 378/1091/1077
f 378/232/240 367/1257/1229 363/215/223
f 362/212/220 368/218/226 374/220/228
f 374/1093/1079 370/224/232 363/215/223
f 369/221/229 382/236/244 388/238/246
f 388/1095/1081 384/242/250 370/224/232
f 377/233/241 380/235/243 387/1096/1082
f 387/244/252 380/1258/1230 376/230/238
f 375/227/235 381/229/237 406/1097/1083
f 406/268/276 381/1259/1231 377/233/241
f 382/236/244 410/272/280 416/274/282
f 416/1099/1085 412/278/286 383/239/247
f 405/269/277 408/271/279 415/1100/1086
f 408/1101/1087 404/266/274 412/278/286
f 403/263/271 409/265/273 392/1102/1088
f 392/250/258 409/1260/1232 405/269/277
f 396/254/262 402/256/264 413/1103/1089
f 402/1104/1090 398/260/268 411/275/283
f 397/257/265 391/251/259 394/253/261
f 394/1106/1092 390/248/256 398/260/268
f 389/245/253 395/247/255 364/1107/1093
f 395/1108/1094 391/251/259 362/212/220
f 396/254/262 369/221/229 371/223/231
f 371/1110/1096 368/218/226 397/257/265
f 431/299/307 417/281/289 423/283/291
f 423/1112/1098 419/287/295 432/302/310
f 418/284/292 424/290/298 430/292/300
f 430/1114/1100 426/296/304 419/287/295
f 438/308/316 444/310/318 429/1115/1101
f 444/1116/1102 440/314/322 426/296/304
f 433/305/313 436/307/315 443/1117/1103
f 436/1118/1104 432/302/310 440/314/322
f 431/299/307 437/301/309 462/1119/1105
f 462/340/348 437/1261/1233 433/305/313
f 466/344/352 472/346/354 441/1120/1106
f 441/313/321 472/1264/1236 468/350/358
f 461/341/349 464/343/351 471/1121/1107
f 464/1122/1108 460/338/346 468/350/358
f 459/335/343 465/337/345 448/1123/1109
f 465/1124/1110 461/341/349 446/320/328
f 452/326/334 458/328/336 469/1125/1111
f 458/1126/1112 454/332/340 467/347/355
f 453/329/337 447/323/331 450/325/333
f 457/334/342 450/1262/1234 446/320/328
f 445/317/325 451/319/327 420/1128/1114
f 420/286/294 451/1263/1235 447/323/331
f 452/326/334 425/293/301 427/295/303
f 427/1130/1116 424/290/298 453/329/337
f 473/353/361 479/355/363 490/1131/1117
f 479/1132/1118 475/359/367 488/374/382
f 480/362/370 486/364/372 478/1133/1119
f 478/361/369 486/1265/1237 482/368/376
f 481/365/373 494/380/388 500/382/390
f 500/1135/1121 496/386/394 482/368/376
f 495/383/391 489/377/385 492/379/387
f 492/1137/1123 488/374/382 496/386/394
f 515/407/415 487/371/379 493/373/381
f 493/1139/1125 489/377/385 516/410/418
f 494/380/388 522/416/424 528/418/426
f 497/385/393 528/1267/1239 524/422/430
f 517/413/421 520/415/423 527/1141/1127
f 527/424/432 520/1266/1238 516/410/418
f 515/407/415 521/409/417 504/1142/1128
f 521/1143/1129 517/413/421 502/392/400
f 508/398/406 514/400/408 525/1144/1130
f 514/1145/1131 510/404/412 523/419/427
f 509/401/409 503/395/403 506/397/405
f 506/1147/1133 502/392/400 510/404/412
f 501/389/397 507/391/399 476/1148/1134
f 507/1149/1135 503/395/403 474/356/364
f 508/398/406 481/365/373 483/367/375
f 483/1151/1137 480/362/370 509/401/409
f 544/446/452 546/448/454 535/1152/1138
f 535/427/435 546/1270/1241 543/443/449
f 537/437/444 539/439/446 556/1153/1139
f 556/453/459 539/1269/1240 536/434/441
f 530/428/436 538/440/447 541/442/448
f 541/1155/448 537/437/444 531/431/439
f 545/1156/455 548/1305/456 555/1157/464
f 555/459/464 548/450/456 544/446/452
f 558/463/468 560/465/470 549/1158/1140
f 549/445/451 560/1272/1242 557/460/465
f 566/474/479 551/454/460 553/456/462
f 553/1160/1142 550/451/457 564/468/473
f 559/466/471 562/467/472 569/475/480
f 569/475/480 562/467/472 558/463/468
f 559/466/471 572/479/484 574/481/486
f 563/462/467 574/1274/1244 571/476/481
f 580/1162/495 565/471/476 567/473/478
f 584/487/491 567/1273/1243 564/468/473
f 573/482/487 576/484/488 583/492/496
f 583/1164/496 576/1275/488 572/479/484
f 573/482/487 586/496/500 588/498/502
f 577/478/483 588/1277/1245 585/493/497
f 579/488/492 581/490/494 598/1166/1146
f 581/1167/1147 578/485/489 592/502/505
f 587/499/503 590/501/504 597/1168/512
f 597/510/512 590/1278/504 586/496/500
f 600/514/516 602/516/518 591/1169/1148
f 591/495/499 602/1280/1246 599/511/513
f 593/505/508 595/507/510 612/1170/1149
f 595/1171/1150 592/502/505 606/519/521
f 601/517/519 604/518/520 611/526/528
f 611/526/528 604/518/520 600/514/516
f 601/517/519 530/428/436 532/430/438
f 532/1173/1152 529/425/433 599/511/513
f 607/522/524 609/524/526 542/1174/1153
f 542/436/443 609/1281/1247 606/519/521
f 628/548/548 630/550/550 619/1175/1154
f 630/1176/1155 627/545/545 613/527/529
f 636/559/559 621/539/540 623/541/542
f 623/1178/1157 620/536/537 634/553/553
f 614/530/532 622/542/543 625/544/544
f 625/1180/544 621/539/540 615/533/535
f 629/551/551 632/552/552 639/560/560
f 639/560/560 632/552/552 628/548/548
f 642/564/564 644/566/566 633/1181/1158
f 633/547/547 644/1284/1250 641/561/561
f 635/556/556 637/558/558 654/1182/1159
f 654/572/571 637/1283/1249 634/553/553
f 643/567/567 646/569/568 653/1183/576
f 653/578/576 646/1306/568 642/564/564
f 643/567/567 656/582/580 658/584/582
f 658/1185/1161 655/579/577 641/561/561
f 649/573/572 651/575/574 668/1186/1162
f 651/1187/1163 648/570/569 662/588/585
f 657/585/583 660/587/584 667/1188/592
f 667/596/592 660/1286/584 656/582/580
f 670/600/596 672/602/598 661/1189/1164
f 661/581/579 672/1287/1251 669/597/593
f 663/591/588 665/593/590 682/1190/1165
f 665/1191/1166 662/588/585 676/605/601
f 671/603/599 674/604/600 681/612/608
f 681/612/608 674/604/600 670/600/596
f 684/616/612 686/618/614 675/1192/1167
f 686/1193/1168 683/613/609 669/597/593
f 677/608/604 679/610/606 696/1194/1169
f 679/1196/1170 676/605/601 690/622/617
f 685/619/615 688/621/616 695/629/624
f 695/1197/624 688/1288/616 684/616/612
f 685/619/615 614/530/532 616/532/534
f 689/615/611 616/1282/1248 613/527/529
f 691/625/620 693/627/622 626/1199/1172
f 693/1200/1173 690/622/617 620/536/537
f 699/636/631 712/649/644 714/651/646
f 714/1202/1175 711/646/641 697/630/625
f 705/641/636 707/643/638 724/1203/1176
f 724/657/651 707/1290/1252 704/638/633
f 698/633/628 706/644/639 709/645/640
f 709/645/640 705/641/636 699/636/631
f 713/652/647 716/654/648 723/662/656
f 723/1205/656 716/1291/648 712/649/644
f 726/666/660 728/668/662 717/1206/1177
f 717/648/643 728/1294/1254 725/663/657
f 734/678/671 719/658/652 721/660/654
f 738/674/667 721/1292/1253 718/655/649
f 727/669/663 730/671/664 737/1208/672
f 737/680/672 730/1295/664 726/666/660
f 727/669/663 740/684/676 742/686/678
f 731/665/659 742/1297/1255 739/681/673
f 733/675/668 735/677/670 752/1210/1180
f 735/1211/1181 732/672/665 746/689/681
f 741/687/679 744/688/680 751/696/688
f 751/696/688 744/688/680 740/684/676
f 754/700/692 756/702/694 745/1212/1182
f 745/683/675 756/1299/1257 753/697/689
f 762/712/703 747/692/684 749/694/686
f 766/708/699 749/1298/1256 746/689/681
f 755/703/695 758/705/696 765/1214/704
f 765/714/704 758/1307/696 754/700/692
f 755/703/695 768/718/708 770/720/710
f 770/1216/1185 767/715/705 753/697/689
f 761/709/700 763/711/702 780/1217/1186
f 780/726/715 763/1301/1258 760/706/697
f 769/721/711 772/723/712 779/1218/720
f 779/732/720 772/1302/712 768/718/708
f 698/633/628 700/635/630 773/1219/1187
f 700/1220/1188 697/630/625 767/715/705
f 775/727/716 777/729/718 710/1221/1189
f 777/1222/1190 774/724/713 704/638/633
f 781/733/721 787/735/723 798/756/1191
f 787/764/1192 783/739/727 796/752/742
f 788/742/730 794/744/732 786/755/1193
f 794/772/1194 790/746/736 783/739/727
f 802/749/748 808/756/750 793/735/1195
f 808/779/1196 804/758/754 790/746/736
f 797/736/745 800/755/747 807/744/1197
f 800/777/1198 796/752/742 804/758/754
f 795/749/739 801/751/741 826/778/1199
f 801/738/1200 797/736/745 824/765/778
f 830/773/784 836/778/786 805/751/1201
f 836/771/1202 832/769/790 803/742/751
f 825/752/781 828/777/783 835/760/1203
f 828/767/1204 824/765/778 832/769/790
f 823/773/775 829/775/777 812/768/1205
f 829/754/1206 825/752/781 810/739/760
f 816/761/766 822/768/768 833/775/1207
f 822/748/1208 818/746/772 831/758/787
f 811/765/763 814/767/765 821/780/1209
f 814/741/1210 810/739/760 818/746/772
f 809/761/757 815/763/759 784/745/1211
f 815/776/1212 811/765/763 782/736/724
f 789/733/733 791/745/735 819/763/1213
f 791/757/1214 788/742/730 817/769/769
f 837/781/721 843/783/723 854/1223/1191
f 843/813/1192 839/787/727 852/800/742
f 844/790/730 850/792/732 842/803/1193
f 850/821/1194 846/794/736 839/787/727
f 858/797/748 864/805/750 849/783/1195
f 849/796/738 864/1303/1196 860/807/754
f 853/784/745 856/803/747 863/792/1197
f 856/1224/1198 852/800/742 860/807/754
f 851/797/739 857/799/741 882/1225/1199
f 857/786/1200 853/784/745 880/814/778
f 886/822/784 892/829/786 861/1226/1201
f 892/820/1202 888/818/790 859/790/751
f 881/800/781 884/827/783 891/1227/1203
f 884/816/1204 880/814/778 888/818/790
f 879/822/775 885/824/777 868/817/1205
f 868/813/762 885/1304/1206 881/800/781
f 872/810/766 878/817/768 889/1228/1207
f 878/796/1208 874/794/772 887/807/787
f 867/814/763 870/816/765 877/832/1209
f 870/789/1210 866/787/760 874/794/772
f 865/810/757 871/812/759 840/793/1211
f 871/825/1212 867/814/763 838/784/724
f 845/781/733 847/793/735 875/812/1213
f 847/806/1214 844/790/730 873/818/769
f 91/931/905 1/837/799 19/862/823
f 1/837/799 7/847/809 19/862/823
f 7/847/809 13/855/816 19/862/823
f 19/862/823 25/861/822 43/887/851
f 25/861/822 31/876/837 43/887/851
f 31/876/837 37/882/844 43/887/851
f 43/887/851 49/886/850 67/911/879
f 49/886/850 55/900/865 67/911/879
f 55/900/865 61/906/872 67/911/879
f 67/911/879 73/910/878 91/931/905
f 73/910/878 79/921/893 91/931/905
f 79/921/893 85/927/900 91/931/905
f 91/931/905 19/862/823 43/887/851
f 5/1229/906 11/1230/801 8/833/795
f 92/891/904 95/1235/902 5/1229/906
f 16/850/812 10/843/805 4/842/804
f 4/842/804 94/930/903 88/924/896
f 88/924/896 82/919/889 76/914/882
f 76/914/882 70/909/875 64/903/868
f 64/903/868 58/896/861 52/890/854
f 52/890/854 46/885/847 40/879/840
f 40/879/840 34/872/833 28/865/826
f 28/865/826 22/858/819 16/850/812
f 16/850/812 4/842/804 88/924/896
f 88/924/896 76/914/882 16/850/812
f 76/914/882 64/903/868 16/850/812
f 64/903/868 52/890/854 40/879/840
f 40/879/840 28/865/826 64/903/868
f 11/1230/801 17/1234/811 14/844/806
f 17/1231/811 23/1237/818 20/859/820
f 20/859/820 23/1237/818 29/1232/825
f 29/1232/825 35/1233/831 32/866/827
f 35/1233/831 41/1236/839 38/873/834
f 41/1234/839 47/1230/846 44/833/848
f 44/833/848 47/1230/846 53/1229/853
f 53/1229/853 59/1235/859 56/891/855
f 59/1235/859 65/1238/867 62/897/862
f 65/1236/867 71/1233/874 68/866/876
f 68/866/876 71/1233/874 77/1232/881
f 77/1232/881 83/1237/887 80/859/883
f 83/1237/887 89/1231/895 86/851/890
f 89/1238/895 95/1235/902 92/891/904
f 187/1034/1011 97/937/911 115/956/927
f 97/937/911 103/948/921 115/956/927
f 103/948/921 109/957/928 115/956/927
f 115/956/927 121/964/935 139/987/955
f 121/964/935 127/981/949 139/987/955
f 127/981/949 133/988/956 139/987/955
f 139/987/955 145/993/963 163/1013/983
f 145/993/963 151/1007/977 163/1013/983
f 151/1007/977 157/1014/984 163/1013/983
f 163/1013/983 169/1019/991 187/1034/1011
f 169/1019/991 175/1028/1005 187/1034/1011
f 175/1028/1005 181/1035/1012 187/1034/1011
f 187/1034/1011 115/956/927 139/987/955
f 98/935/909 101/994/1018 107/939/913
f 191/1000/1013 101/994/1018 98/935/909
f 112/952/924 106/944/917 100/943/916
f 100/943/916 190/1038/1015 184/1032/1008
f 184/1032/1008 178/1026/1001 172/1020/994
f 172/1020/994 166/1017/987 160/1011/980
f 160/1011/980 154/1003/973 148/995/966
f 148/995/966 142/991/959 136/985/952
f 136/985/952 130/977/945 124/968/938
f 124/968/938 118/960/931 112/952/924
f 112/952/924 100/943/916 184/1032/1008
f 184/1032/1008 172/1020/994 160/1011/980
f 160/1011/980 148/995/966 136/985/952
f 136/985/952 124/968/938 112/952/924
f 112/952/924 184/1032/1008 160/1011/980
f 107/939/913 113/1240/923 110/945/918
f 113/1239/923 119/965/929 116/962/933
f 119/965/929 125/967/937 122/961/932
f 122/961/932 125/967/937 131/974/943
f 131/974/943 137/1241/951 134/978/946
f 137/1240/951 143/939/957 140/933/961
f 143/939/957 149/994/965 146/935/960
f 146/935/960 149/994/965 155/1000/971
f 155/1000/971 161/1242/979 158/1004/974
f 161/1241/979 167/974/985 164/970/989
f 167/974/985 173/967/993 170/961/988
f 170/961/988 173/967/993 179/965/999
f 179/965/999 185/1239/1007 182/953/1002
f 185/1242/1007 191/1000/1013 188/997/1016
f 235/49/55 221/33/37 193/1/1
f 202/14/16 216/30/34 208/20/22
f 229/43/49 200/10/10 194/4/4
f 214/17/28 201/1/13 228/33/46
f 215/27/31 244/62/70 236/52/58
f 243/59/67 230/46/52 222/36/40
f 291/119/127 277/101/109 249/65/73
f 258/80/88 272/98/106 264/86/94
f 285/113/121 256/74/82 250/68/76
f 298/128/136 270/92/100 257/77/85
f 271/95/103 300/134/142 292/122/130
f 293/125/133 299/131/139 286/116/124
f 347/191/199 333/173/181 305/137/145
f 314/152/160 328/170/178 320/158/166
f 341/185/193 312/146/154 306/140/148
f 326/164/172 313/149/157 340/182/190
f 327/167/175 356/206/214 348/194/202
f 355/203/211 342/188/196 334/176/184
f 403/263/271 389/245/253 361/209/217
f 370/224/232 384/242/250 376/230/238
f 397/257/265 368/218/226 362/212/220
f 410/272/280 382/236/244 369/221/229
f 383/239/247 412/278/286 404/266/274
f 411/275/283 398/260/268 390/248/256
f 459/335/343 445/317/325 417/281/289
f 426/296/304 440/314/322 432/302/310
f 453/329/337 424/290/298 418/284/292
f 438/308/316 425/293/301 452/326/334
f 433/305/313 439/311/319 468/350/358
f 467/347/355 454/332/340 446/320/328
f 515/407/415 501/389/397 473/353/361
f 475/359/367 482/368/376 496/386/394
f 503/395/403 509/401/409 480/362/370
f 494/380/388 481/365/373 508/398/406
f 495/383/391 524/422/430 516/410/418
f 523/419/427 510/404/412 502/392/400
f 599/511/513 529/425/433 543/443/449
f 543/443/449 557/460/465 571/476/481
f 571/476/481 585/493/497 543/443/449
f 537/437/444 552/457/463 544/446/452
f 607/522/524 538/440/447 530/428/436
f 564/468/473 550/451/457 536/434/441
f 536/434/441 606/519/521 564/468/473
f 606/519/521 592/502/505 564/468/473
f 551/454/460 566/474/479 558/463/468
f 559/466/471 565/471/476 580/1162/495
f 579/488/492 594/508/511 586/496/500
f 593/505/508 608/525/527 600/514/516
f 683/613/609 613/527/529 627/545/545
f 627/545/545 641/561/561 655/579/577
f 655/579/577 669/597/593 683/613/609
f 621/539/540 636/559/559 628/548/548
f 691/625/620 622/542/543 614/530/532
f 648/570/569 634/553/553 620/536/537
f 620/536/537 690/622/617 676/605/601
f 676/605/601 662/588/585 620/536/537
f 635/556/556 650/576/575 642/564/564
f 649/573/572 664/594/591 656/582/580
f 657/585/583 663/591/588 678/611/607
f 677/608/604 692/1195/623 684/616/612
f 767/715/705 697/630/625 711/646/641
f 711/646/641 725/663/657 767/715/705
f 725/663/657 739/681/673 767/715/705
f 699/636/631 705/641/636 720/1204/655
f 775/727/716 706/644/639 698/633/628
f 732/672/665 718/655/649 704/638/633
f 704/638/633 774/724/713 760/706/697
f 760/706/697 746/689/681 704/638/633
f 713/652/647 719/658/652 734/678/671
f 727/669/663 733/675/668 748/695/687
f 747/692/684 762/712/703 754/700/692
f 761/709/700 776/730/719 768/718/708
f 823/773/775 809/761/757 781/733/721
f 790/746/736 804/758/754 796/752/742
f 817/769/769 788/742/730 782/736/724
f 802/749/748 789/733/733 816/761/766
f 803/742/751 832/769/790 824/765/778
f 831/758/787 818/746/772 810/739/760
f 879/822/775 865/810/757 837/781/721
f 846/794/736 860/807/754 852/800/742
f 873/818/769 844/790/730 838/784/724
f 858/797/748 845/781/733 872/810/766
f 859/790/751 888/818/790 880/814/778
f 887/807/787 874/794/772 866/787/760
