# Blender 4.5.10 LTS
# www.blender.org
o barrow
v 0.009668 0.000078 2.235173 0.9902 0.9902 0.9902
v 0.010605 0.027169 2.256699 0.9700 0.9700 0.9700
v 0.009942 0.008013 2.253374 0.9902 0.9902 0.9902
v 0.018659 0.259922 2.166173 0.8777 0.8777 0.8777
v 0.017722 0.232831 2.202087 0.9595 0.9595 0.9595
v 0.018385 0.251987 2.188588 0.9488 0.9488 0.9488
v -0.975214 0.034159 2.010246 0.9700 0.9700 0.9700
v -0.983611 0.061573 2.029640 0.9378 0.9378 0.9378
v -0.982832 0.042366 2.026644 0.9265 0.9265 0.9265
v -0.936303 0.292968 1.948079 0.8905 0.8905 0.8905
v -0.952813 0.266415 1.980436 0.9265 0.9265 0.9265
v -0.946297 0.285369 1.968274 0.9378 0.9378 0.9378
v -1.765028 0.061489 1.380013 1.0000 1.0000 1.0000
v -1.780911 0.089162 1.393434 0.9902 0.9902 0.9902
v -1.778975 0.069916 1.391361 1.0000 1.0000 1.0000
v -1.702122 0.319468 1.336992 0.9378 0.9378 0.9378
v -1.731122 0.293348 1.359384 0.9802 0.9802 0.9802
v -1.719911 0.312139 1.350968 0.9802 0.9802 0.9802
v -2.203342 0.076657 0.469300 0.9595 0.9595 0.9595
v -2.223378 0.104474 0.474090 0.9700 0.9700 0.9700
v -2.220802 0.085205 0.473351 0.9595 0.9595 0.9595
v -2.127120 0.334175 0.453946 0.9700 0.9700 0.9700
v -2.163050 0.308294 0.461938 0.9488 0.9488 0.9488
v -2.149235 0.326996 0.458934 0.9700 0.9700 0.9700
v -2.203342 0.076657 -0.541514 0.9595 0.9595 0.9595
v -2.223378 0.104474 -0.546304 0.9029 0.9029 0.9029
v -2.220802 0.085205 -0.545564 0.9488 0.9488 0.9488
v -2.127120 0.334175 -0.526160 0.8645 0.8645 0.8645
v -2.163050 0.308294 -0.534152 0.8905 0.8905 0.8905
v -2.149235 0.326996 -0.531148 0.8905 0.8905 0.8905
v -1.765028 0.061489 -1.452227 1.0000 1.0000 1.0000
v -1.780911 0.089162 -1.465648 1.0000 1.0000 1.0000
v -1.778975 0.069916 -1.463575 1.0000 1.0000 1.0000
v -1.702122 0.319468 -1.409206 0.9488 0.9488 0.9488
v -1.731122 0.293348 -1.431598 1.0000 1.0000 1.0000
v -1.719911 0.312139 -1.423182 1.0000 1.0000 1.0000
v -0.975214 0.034159 -2.082459 0.9700 0.9700 0.9700
v -0.983611 0.061573 -2.101854 0.9029 0.9029 0.9029
v -0.982832 0.042366 -2.098858 0.9700 0.9700 0.9700
v -0.936303 0.292968 -2.020293 0.9148 0.9148 0.9148
v -0.952813 0.266415 -2.052650 0.9029 0.9029 0.9029
v -0.946297 0.285369 -2.040488 0.9148 0.9148 0.9148
v 0.009668 0.000078 -2.307387 1.0000 1.0000 1.0000
v 0.010605 0.027169 -2.328913 0.9902 0.9902 0.9902
v 0.009942 0.008013 -2.325588 1.0000 1.0000 1.0000
v 0.018659 0.259922 -2.238387 0.9378 0.9378 0.9378
v 0.017722 0.232831 -2.274301 0.9595 0.9595 0.9595
v 0.018385 0.251987 -2.260802 0.9700 0.9700 0.9700
v 0.994549 -0.034003 -2.082459 1.0000 1.0000 1.0000
v 1.004821 -0.007235 -2.101854 1.0000 1.0000 1.0000
v 1.002717 -0.026341 -2.098858 1.0000 1.0000 1.0000
v 0.973621 0.226877 -2.020293 0.9595 0.9595 0.9595
v 0.988257 0.199247 -2.052650 0.9902 0.9902 0.9902
v 0.983066 0.218606 -2.040488 0.9802 0.9802 0.9802
v 1.784363 -0.061334 -1.452227 1.0000 1.0000 1.0000
v 1.802121 -0.034825 -1.465648 0.8645 0.8645 0.8645
v 1.798859 -0.053891 -1.463575 0.9488 0.9488 0.9488
v 1.739441 0.200376 -1.409206 0.6181 0.6181 0.6181
v 1.766565 0.172314 -1.431598 0.6181 0.6181 0.6181
v 1.756681 0.191836 -1.423182 0.6181 0.6181 0.6181
v 2.222677 -0.076501 -0.541514 1.0000 1.0000 1.0000
v 2.244589 -0.050136 -0.546304 0.9802 0.9802 0.9802
v 2.240686 -0.069180 -0.545564 0.9902 0.9902 0.9902
v 2.164439 0.185670 -0.526160 0.9148 0.9148 0.9148
v 2.198494 0.157368 -0.534152 0.9595 0.9595 0.9595
v 2.186004 0.176979 -0.531148 0.9488 0.9488 0.9488
v 2.222677 -0.076501 0.469300 1.0000 1.0000 1.0000
v 2.244589 -0.050136 0.474090 0.9902 0.9902 0.9902
v 2.240686 -0.069180 0.473351 1.0000 1.0000 1.0000
v 2.164439 0.185670 0.453946 0.9378 0.9378 0.9378
v 2.198494 0.157368 0.461938 0.9802 0.9802 0.9802
v 2.186004 0.176979 0.458934 0.9700 0.9700 0.9700
v 1.784363 -0.061334 1.380013 1.0000 1.0000 1.0000
v 1.802121 -0.034825 1.393434 0.9265 0.9265 0.9265
v 1.798859 -0.053891 1.391361 0.9595 0.9595 0.9595
v 1.739441 0.200376 1.336992 0.8060 0.8060 0.8060
v 1.766565 0.172314 1.359384 0.7895 0.7895 0.7895
v 1.756681 0.191836 1.350968 0.8216 0.8216 0.8216
v 0.994549 -0.034003 2.010246 1.0000 1.0000 1.0000
v 1.004821 -0.007235 2.029640 0.9700 0.9700 0.9700
v 1.002717 -0.026341 2.026644 1.0000 1.0000 1.0000
v 0.973621 0.226877 1.948079 0.9029 0.9029 0.9029
v 0.988257 0.199247 1.980436 0.9700 0.9700 0.9700
v 0.983066 0.218606 1.968274 0.9802 0.9802 0.9802
v 0.482943 0.260065 1.927432 0.6875 0.6875 0.6875
v 0.487005 0.287254 1.948990 0.9029 0.9029 0.9029
v 0.486809 0.268028 1.945337 0.8060 0.8060 0.8060
v 0.461778 0.499935 1.870740 0.9148 0.9148 0.9148
v 0.470638 0.472746 1.905150 0.9265 0.9265 0.9265
v 0.467049 0.491972 1.892410 0.9378 0.9378 0.9378
v -0.393908 0.232017 1.929516 0.6181 0.6181 0.6181
v -0.399596 0.258894 1.951097 0.6181 0.6181 0.6181
v -0.398189 0.239720 1.947441 0.6181 0.6181 0.6181
v -0.388385 0.472742 1.872761 0.9148 0.9148 0.9148
v -0.395325 0.445047 1.907208 0.9700 0.9700 0.9700
v -0.393033 0.464461 1.894454 0.9595 0.9595 0.9595
v -1.184917 0.209525 1.550758 0.6181 0.6181 0.6181
v -1.199401 0.236152 1.568128 0.6181 0.6181 0.6181
v -1.196548 0.217019 1.565163 0.6181 0.6181 0.6181
v -1.155317 0.450934 1.505531 0.9488 0.9488 0.9488
v -1.176511 0.422834 1.533153 0.8905 0.8905 0.8905
v -1.168914 0.442399 1.522940 0.9488 0.9488 0.9488
v -1.733415 0.197042 0.866175 0.6181 0.6181 0.6181
v -1.753997 0.223531 0.875933 0.6181 0.6181 0.6181
v -1.750142 0.204420 0.874220 0.6181 0.6181 0.6181
v -1.687121 0.438832 0.841785 0.9488 0.9488 0.9488
v -1.718198 0.410507 0.857072 0.8777 0.8777 0.8777
v -1.706922 0.430155 0.851449 0.9488 0.9488 0.9488
v -1.930765 0.197042 0.011358 0.6181 0.6181 0.6181
v -1.953542 0.223531 0.011611 0.6181 0.6181 0.6181
v -1.949326 0.204420 0.011461 0.6181 0.6181 0.6181
v -1.878464 0.438832 0.012986 0.9488 0.9488 0.9488
v -1.913097 0.410507 0.012870 0.8777 0.8777 0.8777
v -1.900498 0.430155 0.012980 0.9378 0.9378 0.9378
v -1.737879 0.209525 -0.844386 0.6181 0.6181 0.6181
v -1.758512 0.236152 -0.853649 0.6181 0.6181 0.6181
v -1.754649 0.217019 -0.852235 0.6181 0.6181 0.6181
v -1.691449 0.450934 -0.816712 0.9378 0.9378 0.9378
v -1.722607 0.422834 -0.832248 0.9265 0.9265 0.9265
v -1.711301 0.442399 -0.826398 0.9700 0.9700 0.9700
v -1.192962 0.232017 -1.531567 0.6181 0.6181 0.6181
v -1.207535 0.258894 -1.548471 0.6181 0.6181 0.6181
v -1.204668 0.239720 -1.545801 0.6181 0.6181 0.6181
v -1.163118 0.472742 -1.482977 0.8905 0.8905 0.8905
v -1.184456 0.445047 -1.510896 0.9378 0.9378 0.9378
v -1.176805 0.464461 -1.500437 0.9488 0.9488 0.9488
v -0.403940 0.260065 -1.914080 0.6181 0.6181 0.6181
v -0.409739 0.287254 -1.935237 0.8508 0.8508 0.8508
v -0.408314 0.268028 -1.931868 0.6181 0.6181 0.6181
v -0.398111 0.499935 -1.853848 0.9595 0.9595 0.9595
v -0.405232 0.472746 -1.888659 0.9802 0.9802 0.9802
v -0.402873 0.491972 -1.875635 0.9902 0.9902 0.9902
v 0.472912 0.288112 -1.916164 0.6591 0.6591 0.6591
v 0.476862 0.315613 -1.937344 0.8365 0.8365 0.8365
v 0.476684 0.296336 -1.933972 0.7721 0.7721 0.7721
v 0.452052 0.527129 -1.855868 0.9488 0.9488 0.9488
v 0.460730 0.500446 -1.890717 0.9265 0.9265 0.9265
v 0.457209 0.519483 -1.877679 0.9700 0.9700 0.9700
v 1.263920 0.310604 -1.537406 0.7336 0.7336 0.7336
v 1.276666 0.338355 -1.554375 0.9148 0.9148 0.9148
v 1.275043 0.319037 -1.551695 0.8508 0.8508 0.8508
v 1.218984 0.548937 -1.488639 0.9700 0.9700 0.9700
v 1.241917 0.522659 -1.516662 0.9700 0.9700 0.9700
v 1.233090 0.541545 -1.506165 0.9700 0.9700 0.9700
v 1.812418 0.323087 -0.852824 0.7536 0.7536 0.7536
v 1.831263 0.350976 -0.862180 0.8905 0.8905 0.8905
v 1.828637 0.331636 -0.860751 0.8645 0.8645 0.8645
v 1.750788 0.561039 -0.824892 0.9595 0.9595 0.9595
v 1.783604 0.534986 -0.840581 0.9595 0.9595 0.9595
v 1.771098 0.553789 -0.834674 0.9700 0.9700 0.9700
v 2.009769 0.323087 0.001993 0.7118 0.7118 0.7118
v 2.030807 0.350976 0.002142 0.9265 0.9265 0.9265
v 2.027821 0.331636 0.002009 0.8508 0.8508 0.8508
v 1.942131 0.561039 0.003906 0.9595 0.9595 0.9595
v 1.978503 0.534986 0.003621 0.9488 0.9488 0.9488
v 1.964674 0.553789 0.003795 0.9595 0.9595 0.9595
v 1.816883 0.310604 0.857738 0.7721 0.7721 0.7721
v 1.835777 0.338355 0.867402 0.9029 0.9029 0.9029
v 1.833143 0.319037 0.865704 0.8777 0.8777 0.8777
v 1.755116 0.548937 0.833605 0.9595 0.9595 0.9595
v 1.788013 0.522659 0.848739 0.9378 0.9378 0.9378
v 1.775478 0.541545 0.843173 0.9700 0.9700 0.9700
v 1.271966 0.288112 1.544919 0.7895 0.7895 0.7895
v 1.284800 0.315613 1.562223 0.8905 0.8905 0.8905
v 1.283162 0.296336 1.559270 0.8645 0.8645 0.8645
v 1.226785 0.527129 1.499869 0.9488 0.9488 0.9488
v 1.249862 0.500446 1.527387 0.9595 0.9595 0.9595
v 1.240981 0.519483 1.517212 0.9802 0.9802 0.9802
v 0.774861 0.500029 1.469778 0.6181 0.6181 0.6181
v 0.784110 0.527333 1.490177 0.8365 0.8365 0.8365
v 0.782785 0.508026 1.486445 0.6181 0.6181 0.6181
v 0.747951 0.719971 1.426160 0.9148 0.9148 0.9148
v 0.763882 0.692667 1.457389 0.9265 0.9265 0.9265
v 0.757832 0.711974 1.445999 0.9378 0.9378 0.9378
v 0.050727 0.483334 1.638817 0.6181 0.6181 0.6181
v 0.050275 0.510414 1.661480 0.8777 0.8777 0.8777
v 0.050655 0.491147 1.657350 0.7118 0.7118 0.7118
v 0.045914 0.703785 1.590040 0.9029 0.9029 0.9029
v 0.046658 0.676131 1.624814 0.9488 0.9488 0.9488
v 0.046193 0.695566 1.612121 0.9378 0.9378 0.9378
v -0.675092 0.469945 1.476859 0.6181 0.6181 0.6181
v -0.685267 0.496846 1.497352 0.8645 0.8645 0.8645
v -0.683178 0.477610 1.493604 0.8060 0.8060 0.8060
v -0.657756 0.690805 1.433025 0.8645 0.8645 0.8645
v -0.672235 0.662870 1.464401 0.9378 0.9378 0.9378
v -0.667102 0.682409 1.452957 0.9595 0.9595 0.9595
v -1.258839 0.462515 1.015982 0.6591 0.6591 0.6591
v -1.276834 0.489317 1.030301 0.8060 0.8060 0.8060
v -1.273370 0.470098 1.027638 0.7536 0.7536 0.7536
v -1.223689 0.683602 0.986211 0.9265 0.9265 0.9265
v -1.250411 0.655511 1.007922 0.9148 0.9148 0.9148
v -1.240776 0.675107 1.000032 0.9595 0.9595 0.9595
v -1.584895 0.462515 0.347468 0.6591 0.6591 0.6591
v -1.607257 0.489317 0.352832 0.8365 0.8365 0.8365
v -1.603027 0.470098 0.351742 0.7721 0.7721 0.7721
v -1.539795 0.683602 0.338098 0.9595 0.9595 0.9595
v -1.573355 0.655511 0.345788 0.9595 0.9595 0.9595
v -1.561206 0.675107 0.343054 1.0000 1.0000 1.0000
v -1.588681 0.469945 -0.396275 0.6875 0.6875 0.6875
v -1.611094 0.496846 -0.400875 0.8905 0.8905 0.8905
v -1.606854 0.477610 -0.400213 0.7895 0.7895 0.7895
v -1.543465 0.690805 -0.382950 0.9488 0.9488 0.9488
v -1.577105 0.662870 -0.390858 0.9378 0.9378 0.9378
v -1.564927 0.682409 -0.387856 0.9802 0.9802 0.9802
v -1.269447 0.483334 -1.067940 0.7118 0.7118 0.7118
v -1.287583 0.510414 -1.081537 0.9148 0.9148 0.9148
v -1.284095 0.491147 -1.079293 0.8060 0.8060 0.8060
v -1.233973 0.703785 -1.034118 0.9378 0.9378 0.9378
v -1.260917 0.676131 -1.056112 0.9902 0.9902 0.9902
v -1.251201 0.695567 -1.047931 1.0000 1.0000 1.0000
v -0.690421 0.500029 -1.534495 0.6875 0.6875 0.6875
v -0.700801 0.527333 -1.554342 0.8905 0.8905 0.8905
v -0.698676 0.508026 -1.551000 0.8365 0.8365 0.8365
v -0.672617 0.719971 -1.486436 0.9595 0.9595 0.9595
v -0.687417 0.692667 -1.518215 0.9488 0.9488 0.9488
v -0.682167 0.711974 -1.506436 0.9700 0.9700 0.9700
v 0.033713 0.516724 -1.703533 0.6181 0.6181 0.6181
v 0.033034 0.544252 -1.725645 0.8777 0.8777 0.8777
v 0.033453 0.524906 -1.721905 0.8365 0.8365 0.8365
v 0.029420 0.736157 -1.650316 0.9802 0.9802 0.9802
v 0.029807 0.709203 -1.685640 0.9700 0.9700 0.9700
v 0.029473 0.728381 -1.672558 1.0000 1.0000 1.0000
v 0.759532 0.530113 -1.541575 0.6181 0.6181 0.6181
v 0.768576 0.557820 -1.561517 0.8905 0.8905 0.8905
v 0.767287 0.538442 -1.558159 0.8508 0.8508 0.8508
v 0.733090 0.749137 -1.493300 0.9902 0.9902 0.9902
v 0.748699 0.722464 -1.525228 0.9595 0.9595 0.9595
v 0.742768 0.741539 -1.513394 0.9802 0.9802 0.9802
v 1.343278 0.537543 -1.080698 0.6181 0.6181 0.6181
v 1.360143 0.565350 -1.094466 0.9265 0.9265 0.9265
v 1.357479 0.545955 -1.092192 0.6181 0.6181 0.6181
v 1.299023 0.756340 -1.046487 0.9902 0.9902 0.9902
v 1.326875 0.729823 -1.068749 0.9802 0.9802 0.9802
v 1.316442 0.748840 -1.060469 1.0000 1.0000 1.0000
v 1.669334 0.537543 -0.412184 0.6181 0.6181 0.6181
v 1.690566 0.565350 -0.416997 0.8645 0.8645 0.8645
v 1.687135 0.545954 -0.416297 0.6181 0.6181 0.6181
v 1.615129 0.756340 -0.398373 0.9902 0.9902 0.9902
v 1.649820 0.729823 -0.406615 0.9595 0.9595 0.9595
v 1.636872 0.748840 -0.403491 0.9902 0.9902 0.9902
v 1.673120 0.530113 0.331559 0.6181 0.6181 0.6181
v 1.694403 0.557820 0.336710 0.8508 0.8508 0.8508
v 1.690963 0.538442 0.335658 0.6181 0.6181 0.6181
v 1.618800 0.749137 0.322674 0.9802 0.9802 0.9802
v 1.653569 0.722464 0.330031 0.9148 0.9148 0.9148
v 1.640592 0.741539 0.327419 0.9700 0.9700 0.9700
v 1.353886 0.516724 1.003223 0.6181 0.6181 0.6181
v 1.370892 0.544252 1.017372 0.8216 0.8216 0.8216
v 1.368204 0.524906 1.014739 0.6181 0.6181 0.6181
v 1.309307 0.736157 0.973843 0.9378 0.9378 0.9378
v 1.337382 0.709203 0.995286 0.9148 0.9148 0.9148
v 1.326867 0.728381 0.987495 0.9595 0.9595 0.9595
v 0.827290 0.720000 1.034446 0.6181 0.6181 0.6181
v 0.841745 0.747447 1.052387 0.8216 0.8216 0.8216
v 0.839011 0.728039 1.048946 0.6181 0.6181 0.6181
v 0.800914 0.920000 1.002533 0.9488 0.9488 0.9488
v 0.822608 0.892553 1.029233 0.9029 0.9029 0.9029
v 0.814755 0.911961 1.019599 0.9488 0.9488 0.9488
v 0.287437 0.718785 1.299418 0.6181 0.6181 0.6181
v 0.292687 0.746211 1.321876 0.6181 0.6181 0.6181
v 0.291709 0.726807 1.317574 0.6181 0.6181 0.6181
v 0.277601 0.918822 1.259387 0.6181 0.6181 0.6181
v 0.285551 0.891344 1.292832 0.6181 0.6181 0.6181
v 0.282663 0.910763 1.280761 0.6181 0.6181 0.6181
v -0.313921 0.717810 1.303916 0.6181 0.6181 0.6181
v -0.318924 0.745219 1.326451 0.6181 0.6181 0.6181
v -0.317947 0.725819 1.322134 0.6181 0.6181 0.6181
v -0.305333 0.917877 1.263747 0.6181 0.6181 0.6181
v -0.312693 0.890374 1.297307 0.6181 0.6181 0.6181
v -0.310049 0.909802 1.285194 0.6181 0.6181 0.6181
v -0.857679 0.717269 1.047048 0.6875 0.6875 0.6875
v -0.871952 0.744669 1.065203 0.8508 0.8508 0.8508
v -0.869207 0.725271 1.061722 0.8216 0.8216 0.8216
v -0.832431 0.917352 1.014749 0.9595 0.9595 0.9595
v -0.853634 0.889836 1.041770 0.9029 0.9029 0.9029
v -0.845989 0.909269 1.032019 0.9488 0.9488 0.9488
v -1.236137 0.717269 0.579691 0.6875 0.6875 0.6875
v -1.256863 0.744669 0.589878 0.8365 0.8365 0.8365
v -1.252887 0.725271 0.587917 0.7536 0.7536 0.7536
v -1.199295 0.917353 0.561711 0.9802 0.9802 0.9802
v -1.230132 0.889836 0.576833 0.9378 0.9378 0.9378
v -1.219006 0.909269 0.571382 0.9700 0.9700 0.9700
v -1.374338 0.717810 -0.005589 0.6875 0.6875 0.6875
v -1.397420 0.745219 -0.005381 0.8645 0.8645 0.8645
v -1.392994 0.725819 -0.005439 0.8365 0.8365 0.8365
v -1.333261 0.917877 -0.005638 0.9902 0.9902 0.9902
v -1.367618 0.890374 -0.005417 0.9595 0.9595 0.9595
v -1.355220 0.909802 -0.005484 0.9802 0.9802 0.9802
v -1.244909 0.718785 -0.592871 0.7118 0.7118 0.7118
v -1.265785 0.746211 -0.602676 0.9148 0.9148 0.9148
v -1.261780 0.726807 -0.600824 0.8216 0.8216 0.8216
v -1.207798 0.918822 -0.574927 0.9902 0.9902 0.9902
v -1.238859 0.891344 -0.589657 0.9902 0.9902 0.9902
v -1.227652 0.910763 -0.584323 1.0000 1.0000 1.0000
v -0.873486 0.720000 -1.065837 0.6181 0.6181 0.6181
v -0.888029 0.747447 -1.083706 0.9029 0.9029 0.9029
v -0.885232 0.728039 -1.080316 0.8365 0.8365 0.8365
v -0.847754 0.920000 -1.033402 0.9700 0.9700 0.9700
v -0.869359 0.892553 -1.060173 0.9802 0.9802 0.9802
v -0.861569 0.911961 -1.050489 0.9802 0.9802 0.9802
v -0.333632 0.721216 -1.330809 0.6181 0.6181 0.6181
v -0.338971 0.748683 -1.353195 0.8645 0.8645 0.8645
v -0.337930 0.729271 -1.348944 0.8060 0.8060 0.8060
v -0.324440 0.921178 -1.290256 0.9595 0.9595 0.9595
v -0.332302 0.893762 -1.323773 0.9595 0.9595 0.9595
v -0.329477 0.913159 -1.311651 0.9802 0.9802 0.9802
v 0.267726 0.722190 -1.335307 0.6181 0.6181 0.6181
v 0.272640 0.749674 -1.357770 0.8905 0.8905 0.8905
v 0.271726 0.730259 -1.353503 0.6181 0.6181 0.6181
v 0.258494 0.922123 -1.294616 0.9802 0.9802 0.9802
v 0.265942 0.894732 -1.328247 0.9488 0.9488 0.9488
v 0.263236 0.914119 -1.316084 0.9902 0.9902 0.9902
v 0.811484 0.722731 -1.078439 0.6181 0.6181 0.6181
v 0.825668 0.750224 -1.096523 0.8905 0.8905 0.8905
v 0.822985 0.730808 -1.093092 0.6181 0.6181 0.6181
v 0.785592 0.922647 -1.045618 0.9700 0.9700 0.9700
v 0.806883 0.895270 -1.072710 0.9378 0.9378 0.9378
v 0.799175 0.914652 -1.062909 0.9595 0.9595 0.9595
v 1.189942 0.722731 -0.611082 0.6181 0.6181 0.6181
v 1.210579 0.750224 -0.621197 0.8905 0.8905 0.8905
v 1.206665 0.730808 -0.619286 0.6181 0.6181 0.6181
v 1.152455 0.922647 -0.592580 0.9902 0.9902 0.9902
v 1.183381 0.895270 -0.607773 0.9595 0.9595 0.9595
v 1.172192 0.914652 -0.602271 0.9802 0.9802 0.9802
v 1.328143 0.722190 -0.025801 0.6181 0.6181 0.6181
v 1.351136 0.749674 -0.025938 0.9029 0.9029 0.9029
v 1.346773 0.730259 -0.025930 0.6181 0.6181 0.6181
v 1.286422 0.922123 -0.025231 1.0000 1.0000 1.0000
v 1.320866 0.894732 -0.025524 0.9488 0.9488 0.9488
v 1.308406 0.914119 -0.025406 0.9802 0.9802 0.9802
v 1.198714 0.721215 0.561481 0.6181 0.6181 0.6181
v 1.219501 0.748683 0.571357 0.8508 0.8508 0.8508
v 1.215559 0.729271 0.569455 0.6181 0.6181 0.6181
v 1.160958 0.921178 0.544058 0.9700 0.9700 0.9700
v 1.192108 0.893762 0.558717 0.9029 0.9029 0.9029
v 1.180838 0.913159 0.553433 0.9488 0.9488 0.9488
v 0.538633 -0.132132 1.458276 1.0000 1.0000 1.0000
v 0.541981 -0.108857 1.426416 0.8777 0.8777 0.8777
v 0.566937 -0.104477 1.456847 0.8777 0.8777 0.8777
v 0.540811 -0.127129 1.437552 0.9265 0.9265 0.9265
v 0.556572 -0.122972 1.442245 0.9265 0.9265 0.9265
v 0.560825 -0.107574 1.436541 0.8508 0.8508 0.8508
v 0.558457 -0.124032 1.459070 0.9488 0.9488 0.9488
v 0.581128 2.255669 1.053964 0.9902 0.9902 0.9902
v 0.578695 2.287704 1.077111 1.0000 1.0000 1.0000
v 0.606084 2.260049 1.084394 1.0000 1.0000 1.0000
v 0.580605 2.276507 1.058939 1.0000 1.0000 1.0000
v 0.596247 2.273487 1.064763 1.0000 1.0000 1.0000
v 0.598251 2.279604 1.080457 1.0000 1.0000 1.0000
v 0.599971 2.256952 1.064089 1.0000 1.0000 1.0000
v 0.509312 -0.087705 1.737243 0.9802 0.9802 0.9802
v 0.537616 -0.060049 1.735814 0.8905 0.8905 0.8905
v 0.506879 -0.055669 1.760391 0.8645 0.8645 0.8645
v 0.529137 -0.079605 1.738037 0.9378 0.9378 0.9378
v 0.523914 -0.073487 1.752971 0.9265 0.9265 0.9265
v 0.527416 -0.056952 1.754405 0.9029 0.9029 0.9029
v 0.507402 -0.076507 1.755415 0.9488 0.9488 0.9488
v 0.549374 2.332132 1.356078 1.0000 1.0000 1.0000
v 0.546026 2.308857 1.387938 1.0000 1.0000 1.0000
v 0.576763 2.304477 1.363361 1.0000 1.0000 1.0000
v 0.547196 2.327129 1.376802 1.0000 1.0000 1.0000
v 0.563589 2.322972 1.375488 1.0000 1.0000 1.0000
v 0.566563 2.307574 1.381952 1.0000 1.0000 1.0000
v 0.568931 2.324032 1.359424 1.0000 1.0000 1.0000
v -0.549374 -0.132132 1.343922 1.0000 1.0000 1.0000
v -0.576763 -0.104477 1.336639 0.8777 0.8777 0.8777
v -0.546026 -0.108857 1.312062 0.8905 0.8905 0.8905
v -0.568931 -0.124032 1.340577 0.9700 0.9700 0.9700
v -0.563589 -0.122972 1.324512 0.9488 0.9488 0.9488
v -0.566563 -0.107574 1.318048 0.8905 0.8905 0.8905
v -0.547196 -0.127129 1.323198 0.9378 0.9378 0.9378
v -0.509312 2.287704 0.962757 1.0000 1.0000 1.0000
v -0.506879 2.255669 0.939609 0.9902 0.9902 0.9902
v -0.537617 2.260049 0.964186 1.0000 1.0000 1.0000
v -0.507402 2.276507 0.944585 1.0000 1.0000 1.0000
v -0.523914 2.273487 0.947029 1.0000 1.0000 1.0000
v -0.527416 2.256952 0.945596 0.9902 0.9902 0.9902
v -0.529137 2.279604 0.961964 1.0000 1.0000 1.0000
v -0.578695 -0.087705 1.622889 0.9902 0.9902 0.9902
v -0.581128 -0.055669 1.646037 0.8905 0.8905 0.8905
v -0.606084 -0.060049 1.615606 0.9148 0.9148 0.9148
v -0.580605 -0.076507 1.641061 0.9148 0.9148 0.9148
v -0.596247 -0.073487 1.635237 0.9378 0.9378 0.9378
v -0.599971 -0.056952 1.635911 0.9265 0.9265 0.9265
v -0.598251 -0.079605 1.619543 0.9595 0.9595 0.9595
v -0.538633 2.332132 1.241724 1.0000 1.0000 1.0000
v -0.566937 2.304477 1.243153 1.0000 1.0000 1.0000
v -0.541981 2.308857 1.273584 1.0000 1.0000 1.0000
v -0.558457 2.324032 1.240930 1.0000 1.0000 1.0000
v -0.556572 2.322972 1.257755 1.0000 1.0000 1.0000
v -0.560825 2.307574 1.263459 1.0000 1.0000 1.0000
v -0.540811 2.327129 1.262448 1.0000 1.0000 1.0000
v 0.617731 0.920000 -0.891165 0.6181 0.6181 0.6181
v 0.615777 0.948000 -0.919097 0.8645 0.8645 0.8645
v 0.645662 0.948000 -0.893119 0.8905 0.8905 0.8905
v 0.616350 0.928201 -0.910916 0.8216 0.8216 0.8216
v 0.632729 0.931834 -0.908419 0.8508 0.8508 0.8508
v 0.636100 0.948000 -0.912297 0.8905 0.8905 0.8905
v 0.637481 0.928201 -0.892546 0.7895 0.7895 0.7895
v 0.615777 1.112000 -0.919097 0.9378 0.9378 0.9378
v 0.617731 1.140000 -0.891165 0.9802 0.9802 0.9802
v 0.645662 1.112000 -0.893119 0.9265 0.9265 0.9265
v 0.616350 1.131799 -0.910916 0.9595 0.9595 0.9595
v 0.632729 1.128166 -0.908419 0.9700 0.9700 0.9700
v 0.637481 1.131799 -0.892546 0.9700 0.9700 0.9700
v 0.636100 1.112000 -0.912297 0.9488 0.9488 0.9488
v 0.673117 0.920000 -0.099099 0.6181 0.6181 0.6181
v 0.701049 0.948000 -0.101053 0.8645 0.8645 0.8645
v 0.675070 0.948000 -0.071168 0.8645 0.8645 0.8645
v 0.692868 0.928201 -0.100481 0.8060 0.8060 0.8060
v 0.690371 0.931834 -0.084101 0.8216 0.8216 0.8216
v 0.694249 0.948000 -0.080730 0.8216 0.8216 0.8216
v 0.674498 0.928201 -0.079349 0.7895 0.7895 0.7895
v 0.673117 1.140000 -0.099099 0.9700 0.9700 0.9700
v 0.675070 1.112000 -0.071168 0.8905 0.8905 0.8905
v 0.701049 1.112000 -0.101053 0.9148 0.9148 0.9148
v 0.674498 1.131799 -0.079349 0.9148 0.9148 0.9148
v 0.690371 1.128166 -0.084101 0.9265 0.9265 0.9265
v 0.694249 1.112000 -0.080730 0.8777 0.8777 0.8777
v 0.692868 1.131799 -0.100481 0.9700 0.9700 0.9700
v -0.673117 0.920000 -0.800900 0.6181 0.6181 0.6181
v -0.701049 0.948000 -0.798947 0.8645 0.8645 0.8645
v -0.675070 0.948000 -0.828832 0.8645 0.8645 0.8645
v -0.692868 0.928201 -0.799519 0.7536 0.7536 0.7536
v -0.690371 0.931834 -0.815899 0.8365 0.8365 0.8365
v -0.694249 0.948000 -0.819270 0.9029 0.9029 0.9029
v -0.674498 0.928201 -0.820651 0.8060 0.8060 0.8060
v -0.673117 1.140000 -0.800900 0.9700 0.9700 0.9700
v -0.675070 1.112000 -0.828832 0.9488 0.9488 0.9488
v -0.701049 1.112000 -0.798947 0.9378 0.9378 0.9378
v -0.674498 1.131799 -0.820651 0.9700 0.9700 0.9700
v -0.690371 1.128166 -0.815899 0.9595 0.9595 0.9595
v -0.694249 1.112000 -0.819270 0.9595 0.9595 0.9595
v -0.692868 1.131799 -0.799519 0.9802 0.9802 0.9802
v -0.617731 0.920000 -0.008835 0.6181 0.6181 0.6181
v -0.615777 0.948000 0.019097 0.7895 0.7895 0.7895
v -0.645662 0.948000 -0.006881 0.7895 0.7895 0.7895
v -0.616349 0.928201 0.010916 0.7336 0.7336 0.7336
v -0.632729 0.931834 0.008419 0.7336 0.7336 0.7336
v -0.636100 0.948000 0.012297 0.7536 0.7536 0.7536
v -0.637481 0.928201 -0.007453 0.7336 0.7336 0.7336
v -0.617731 1.140000 -0.008835 0.9148 0.9148 0.9148
v -0.645662 1.112000 -0.006881 0.8508 0.8508 0.8508
v -0.615777 1.112000 0.019097 0.8216 0.8216 0.8216
v -0.637481 1.131799 -0.007453 0.9148 0.9148 0.9148
v -0.632729 1.128166 0.008420 0.8645 0.8645 0.8645
v -0.636100 1.112000 0.012297 0.8365 0.8365 0.8365
v -0.616350 1.131799 0.010916 0.8777 0.8777 0.8777
v -0.000000 1.140000 0.310559 0.6875 0.6875 0.6875
v -0.000000 1.166796 0.331459 0.8365 0.8365 0.8365
v -0.000000 1.147848 0.328875 0.7536 0.7536 0.7536
v -0.000000 1.300000 0.259559 0.9488 0.9488 0.9488
v -0.000000 1.273204 0.297541 0.8645 0.8645 0.8645
v -0.000000 1.292152 0.282879 0.8905 0.8905 0.8905
v -0.182542 1.140000 0.251248 0.6591 0.6591 0.6591
v -0.194827 1.166796 0.268156 0.8365 0.8365 0.8365
v -0.193308 1.147848 0.266066 0.7721 0.7721 0.7721
v -0.152565 1.300000 0.209988 0.9265 0.9265 0.9265
v -0.174890 1.273204 0.240716 0.8645 0.8645 0.8645
v -0.166272 1.292151 0.228854 0.9148 0.9148 0.9148
v -0.295359 1.140000 0.095968 0.6875 0.6875 0.6875
v -0.315236 1.166796 0.102426 0.8216 0.8216 0.8216
v -0.312779 1.147848 0.101628 0.7536 0.7536 0.7536
v -0.246855 1.300000 0.080208 0.8777 0.8777 0.8777
v -0.282978 1.273204 0.091945 0.8508 0.8508 0.8508
v -0.269034 1.292152 0.087414 0.8645 0.8645 0.8645
v -0.295359 1.140000 -0.095968 0.6181 0.6181 0.6181
v -0.315236 1.166796 -0.102426 0.8365 0.8365 0.8365
v -0.312779 1.147848 -0.101628 0.7536 0.7536 0.7536
v -0.246855 1.300000 -0.080208 0.6181 0.6181 0.6181
v -0.282978 1.273204 -0.091945 0.9029 0.9029 0.9029
v -0.269034 1.292152 -0.087414 0.8905 0.8905 0.8905
v -0.182542 1.140000 -0.251248 0.6181 0.6181 0.6181
v -0.194827 1.166796 -0.268156 0.8777 0.8777 0.8777
v -0.193308 1.147848 -0.266066 0.7895 0.7895 0.7895
v -0.152565 1.300000 -0.209988 0.9488 0.9488 0.9488
v -0.174890 1.273204 -0.240716 0.8905 0.8905 0.8905
v -0.166272 1.292151 -0.228854 0.9148 0.9148 0.9148
v -0.000000 1.140000 -0.310559 0.6181 0.6181 0.6181
v -0.000000 1.166796 -0.331459 0.8645 0.8645 0.8645
v -0.000000 1.147848 -0.328875 0.7895 0.7895 0.7895
v -0.000000 1.300000 -0.259559 0.9265 0.9265 0.9265
v -0.000000 1.273204 -0.297541 0.9265 0.9265 0.9265
v -0.000000 1.292152 -0.282879 0.9378 0.9378 0.9378
v 0.182542 1.140000 -0.251248 0.6181 0.6181 0.6181
v 0.194827 1.166796 -0.268156 0.8508 0.8508 0.8508
v 0.193308 1.147848 -0.266066 0.8060 0.8060 0.8060
v 0.152565 1.300000 -0.209988 0.9265 0.9265 0.9265
v 0.174890 1.273204 -0.240716 0.9029 0.9029 0.9029
v 0.166272 1.292151 -0.228854 0.9378 0.9378 0.9378
v 0.295359 1.140000 -0.095968 0.6181 0.6181 0.6181
v 0.315236 1.166796 -0.102426 0.8508 0.8508 0.8508
v 0.312779 1.147848 -0.101628 0.7895 0.7895 0.7895
v 0.246855 1.300000 -0.080208 0.8777 0.8777 0.8777
v 0.282978 1.273204 -0.091945 0.9265 0.9265 0.9265
v 0.269034 1.292152 -0.087414 0.9378 0.9378 0.9378
v 0.295359 1.140000 0.095968 0.7118 0.7118 0.7118
v 0.315236 1.166796 0.102426 0.8777 0.8777 0.8777
v 0.312779 1.147848 0.101628 0.8216 0.8216 0.8216
v 0.246855 1.300000 0.080208 0.9029 0.9029 0.9029
v 0.282978 1.273204 0.091945 0.9148 0.9148 0.9148
v 0.269034 1.292152 0.087414 0.9488 0.9488 0.9488
v 0.182542 1.140000 0.251248 0.6875 0.6875 0.6875
v 0.194827 1.166796 0.268156 0.8508 0.8508 0.8508
v 0.193308 1.147848 0.266066 0.7895 0.7895 0.7895
v 0.152565 1.300000 0.209988 0.9378 0.9378 0.9378
v 0.174890 1.273204 0.240716 0.8905 0.8905 0.8905
v 0.166272 1.292151 0.228854 0.9378 0.9378 0.9378
v -0.349128 1.220000 -0.418729 0.7336 0.7336 0.7336
v -0.354949 1.248000 -0.446117 0.7895 0.7895 0.7895
v -0.321739 1.248000 -0.424550 0.8060 0.8060 0.8060
v -0.353244 1.228201 -0.438095 0.7721 0.7721 0.7721
v -0.336676 1.231834 -0.437903 0.7536 0.7536 0.7536
v -0.333878 1.248000 -0.442212 0.7895 0.7895 0.7895
v -0.329761 1.228201 -0.422845 0.7536 0.7536 0.7536
v -0.354949 1.392000 -0.446117 0.9488 0.9488 0.9488
v -0.349128 1.420000 -0.418729 0.9802 0.9802 0.9802
v -0.321739 1.392000 -0.424550 0.9148 0.9148 0.9148
v -0.353244 1.411799 -0.438095 0.9802 0.9802 0.9802
v -0.336676 1.408166 -0.437903 0.9378 0.9378 0.9378
v -0.329761 1.411799 -0.422845 0.9488 0.9488 0.9488
v -0.333878 1.392000 -0.442212 0.9378 0.9378 0.9378
v -0.331663 1.220000 -0.336565 0.6591 0.6591 0.6591
v -0.304275 1.248000 -0.342386 0.7721 0.7721 0.7721
v -0.325842 1.248000 -0.309176 0.7536 0.7536 0.7536
v -0.312297 1.228201 -0.340681 0.7118 0.7118 0.7118
v -0.312489 1.231834 -0.324113 0.7118 0.7118 0.7118
v -0.308180 1.248000 -0.321315 0.7336 0.7336 0.7336
v -0.327547 1.228201 -0.317198 0.6181 0.6181 0.6181
v -0.331663 1.420000 -0.336565 0.9700 0.9700 0.9700
v -0.325841 1.392000 -0.309176 0.8777 0.8777 0.8777
v -0.304275 1.392000 -0.342386 0.8905 0.8905 0.8905
v -0.327547 1.411799 -0.317198 0.9029 0.9029 0.9029
v -0.312489 1.408166 -0.324113 0.9029 0.9029 0.9029
v -0.308180 1.392000 -0.321315 0.8365 0.8365 0.8365
v -0.312297 1.411799 -0.340681 0.9148 0.9148 0.9148
v -0.489981 1.220000 -0.388790 0.7336 0.7336 0.7336
v -0.517369 1.248000 -0.382968 0.9029 0.9029 0.9029
v -0.495802 1.248000 -0.416178 0.8905 0.8905 0.8905
v -0.509347 1.228201 -0.384673 0.8645 0.8645 0.8645
v -0.509154 1.231834 -0.401241 0.8777 0.8777 0.8777
v -0.513464 1.248000 -0.404040 0.9378 0.9378 0.9378
v -0.494097 1.228201 -0.408156 0.8365 0.8365 0.8365
v -0.489981 1.420000 -0.388790 0.9902 0.9902 0.9902
v -0.495802 1.392000 -0.416178 0.9802 0.9802 0.9802
v -0.517369 1.392000 -0.382968 0.9595 0.9595 0.9595
v -0.494097 1.411799 -0.408156 1.0000 1.0000 1.0000
v -0.509155 1.408166 -0.401241 0.9902 0.9902 0.9902
v -0.513464 1.392000 -0.404040 0.9902 0.9902 0.9902
v -0.509347 1.411799 -0.384673 0.9802 0.9802 0.9802
v -0.472516 1.220000 -0.306625 0.7336 0.7336 0.7336
v -0.466695 1.248000 -0.279237 0.8060 0.8060 0.8060
v -0.499904 1.248000 -0.300804 0.8365 0.8365 0.8365
v -0.468400 1.228201 -0.287259 0.7336 0.7336 0.7336
v -0.484968 1.231834 -0.287452 0.8060 0.8060 0.8060
v -0.487766 1.248000 -0.283142 0.8060 0.8060 0.8060
v -0.491883 1.228201 -0.302509 0.7895 0.7895 0.7895
v -0.472516 1.420000 -0.306625 0.9700 0.9700 0.9700
v -0.499905 1.392000 -0.300804 0.9029 0.9029 0.9029
v -0.466695 1.392000 -0.279237 0.8645 0.8645 0.8645
v -0.491883 1.411799 -0.302509 0.9488 0.9488 0.9488
v -0.484968 1.408166 -0.287452 0.9029 0.9029 0.9029
v -0.487766 1.392000 -0.283142 0.8777 0.8777 0.8777
v -0.468400 1.411799 -0.287259 0.9148 0.9148 0.9148
v -0.193375 1.220000 -0.157640 0.6181 0.6181 0.6181
v -0.218411 1.248000 -0.170177 0.6181 0.6181 0.6181
v -0.180837 1.248000 -0.182677 0.6181 0.6181 0.6181
v -0.211078 1.228201 -0.166505 0.6181 0.6181 0.6181
v -0.200591 1.231834 -0.179333 0.6181 0.6181 0.6181
v -0.202213 1.248000 -0.184209 0.6181 0.6181 0.6181
v -0.184509 1.228201 -0.175344 0.6181 0.6181 0.6181
v -0.218411 1.392000 -0.170177 0.9265 0.9265 0.9265
v -0.193375 1.420000 -0.157640 0.9595 0.9595 0.9595
v -0.180837 1.392000 -0.182677 0.9265 0.9265 0.9265
v -0.211078 1.411799 -0.166505 0.9378 0.9378 0.9378
v -0.200591 1.408166 -0.179333 0.9378 0.9378 0.9378
v -0.184510 1.411799 -0.175344 0.9488 0.9488 0.9488
v -0.202213 1.392000 -0.184209 0.9029 0.9029 0.9029
v -0.118266 1.220000 -0.120028 0.6181 0.6181 0.6181
v -0.105728 1.248000 -0.145065 0.6181 0.6181 0.6181
v -0.093229 1.248000 -0.107491 0.6181 0.6181 0.6181
v -0.109400 1.228201 -0.137732 0.6181 0.6181 0.6181
v -0.096573 1.231834 -0.127245 0.6181 0.6181 0.6181
v -0.091697 1.248000 -0.128867 0.6181 0.6181 0.6181
v -0.100562 1.228201 -0.111163 0.6181 0.6181 0.6181
v -0.118266 1.420000 -0.120028 0.9700 0.9700 0.9700
v -0.093229 1.392000 -0.107491 0.8216 0.8216 0.8216
v -0.105728 1.392000 -0.145065 0.9265 0.9265 0.9265
v -0.100562 1.411799 -0.111163 0.9148 0.9148 0.9148
v -0.096573 1.408166 -0.127245 0.9378 0.9378 0.9378
v -0.091697 1.392000 -0.128867 0.8905 0.8905 0.8905
v -0.109401 1.411799 -0.137732 0.9700 0.9700 0.9700
v -0.257852 1.220000 -0.028882 0.6181 0.6181 0.6181
v -0.270389 1.248000 -0.003846 0.6181 0.6181 0.6181
v -0.282888 1.248000 -0.041419 0.6181 0.6181 0.6181
v -0.266717 1.228201 -0.011179 0.6181 0.6181 0.6181
v -0.279545 1.231834 -0.021666 0.6181 0.6181 0.6181
v -0.284420 1.248000 -0.020044 0.6181 0.6181 0.6181
v -0.275555 1.228201 -0.037747 0.6181 0.6181 0.6181
v -0.257852 1.420000 -0.028882 0.9700 0.9700 0.9700
v -0.282888 1.392000 -0.041419 0.9148 0.9148 0.9148
v -0.270389 1.392000 -0.003846 0.8365 0.8365 0.8365
v -0.275555 1.411799 -0.037747 0.9595 0.9595 0.9595
v -0.279545 1.408166 -0.021666 0.9029 0.9029 0.9029
v -0.284420 1.392000 -0.020044 0.8508 0.8508 0.8508
v -0.266717 1.411799 -0.011179 0.8905 0.8905 0.8905
v -0.182743 1.220000 0.008730 0.6181 0.6181 0.6181
v -0.157707 1.248000 0.021267 0.6181 0.6181 0.6181
v -0.195280 1.248000 0.033766 0.6181 0.6181 0.6181
v -0.165040 1.228201 0.017595 0.6181 0.6181 0.6181
v -0.175527 1.231834 0.030423 0.6181 0.6181 0.6181
v -0.173905 1.248000 0.035298 0.6181 0.6181 0.6181
v -0.191608 1.228201 0.026433 0.6181 0.6181 0.6181
v -0.182743 1.420000 0.008730 0.9378 0.9378 0.9378
v -0.195280 1.392000 0.033766 0.8216 0.8216 0.8216
v -0.157707 1.392000 0.021267 0.8060 0.8060 0.8060
v -0.191608 1.411799 0.026433 0.8777 0.8777 0.8777
v -0.175527 1.408166 0.030423 0.8777 0.8777 0.8777
v -0.173905 1.392000 0.035298 0.8508 0.8508 0.8508
v -0.165040 1.411799 0.017595 0.8905 0.8905 0.8905
v 0.107843 1.220000 -0.116476 0.6181 0.6181 0.6181
v 0.082425 1.248000 -0.104732 0.6181 0.6181 0.6181
v 0.096098 1.248000 -0.141894 0.6181 0.6181 0.6181
v 0.089870 1.228201 -0.108172 0.6181 0.6181 0.6181
v 0.086387 1.231834 -0.124371 0.6181 0.6181 0.6181
v 0.081565 1.248000 -0.126145 0.6181 0.6181 0.6181
v 0.099538 1.228201 -0.134450 0.6181 0.6181 0.6181
v 0.082425 1.392000 -0.104732 0.8365 0.8365 0.8365
v 0.107843 1.420000 -0.116476 0.9595 0.9595 0.9595
v 0.096098 1.392000 -0.141894 0.9148 0.9148 0.9148
v 0.089870 1.411799 -0.108172 0.9029 0.9029 0.9029
v 0.086387 1.408166 -0.124371 0.9148 0.9148 0.9148
v 0.099538 1.411799 -0.134450 0.9378 0.9378 0.9378
v 0.081565 1.392000 -0.126145 0.8905 0.8905 0.8905
v 0.184096 1.220000 -0.151710 0.6181 0.6181 0.6181
v 0.172351 1.248000 -0.177128 0.6181 0.6181 0.6181
v 0.209514 1.248000 -0.163455 0.6181 0.6181 0.6181
v 0.175791 1.228201 -0.169684 0.6181 0.6181 0.6181
v 0.191990 1.231834 -0.173166 0.6181 0.6181 0.6181
v 0.193764 1.248000 -0.177988 0.6181 0.6181 0.6181
v 0.202069 1.228201 -0.160015 0.6181 0.6181 0.6181
v 0.184096 1.420000 -0.151710 0.9802 0.9802 0.9802
v 0.209514 1.392000 -0.163455 0.9488 0.9488 0.9488
v 0.172351 1.392000 -0.177128 0.9148 0.9148 0.9148
v 0.202069 1.411799 -0.160015 0.9595 0.9595 0.9595
v 0.191990 1.408166 -0.173166 0.9488 0.9488 0.9488
v 0.193764 1.392000 -0.177988 0.9265 0.9265 0.9265
v 0.175791 1.411799 -0.169684 0.9700 0.9700 0.9700
v 0.168244 1.220000 0.014243 0.6181 0.6181 0.6181
v 0.179988 1.248000 0.039661 0.6181 0.6181 0.6181
v 0.142826 1.248000 0.025988 0.6181 0.6181 0.6181
v 0.176549 1.228201 0.032217 0.6181 0.6181 0.6181
v 0.160350 1.231834 0.035699 0.6181 0.6181 0.6181
v 0.158575 1.248000 0.040521 0.6181 0.6181 0.6181
v 0.150271 1.228201 0.022548 0.6181 0.6181 0.6181
v 0.168244 1.420000 0.014243 0.9595 0.9595 0.9595
v 0.142826 1.392000 0.025988 0.8365 0.8365 0.8365
v 0.179988 1.392000 0.039661 0.8777 0.8777 0.8777
v 0.150271 1.411799 0.022548 0.9029 0.9029 0.9029
v 0.160350 1.408166 0.035699 0.8905 0.8905 0.8905
v 0.158575 1.392000 0.040521 0.8508 0.8508 0.8508
v 0.176549 1.411799 0.032217 0.9029 0.9029 0.9029
v 0.244497 1.220000 -0.020990 0.6181 0.6181 0.6181
v 0.269915 1.248000 -0.032735 0.6181 0.6181 0.6181
v 0.256242 1.248000 0.004427 0.6181 0.6181 0.6181
v 0.262470 1.228201 -0.029295 0.6181 0.6181 0.6181
v 0.265953 1.231834 -0.013096 0.6181 0.6181 0.6181
v 0.270775 1.248000 -0.011322 0.6181 0.6181 0.6181
v 0.252802 1.228201 -0.003017 0.6181 0.6181 0.6181
v 0.244497 1.420000 -0.020990 0.9902 0.9902 0.9902
v 0.256242 1.392000 0.004427 0.8905 0.8905 0.8905
v 0.269915 1.392000 -0.032735 0.9488 0.9488 0.9488
v 0.252802 1.411799 -0.003017 0.9378 0.9378 0.9378
v 0.265953 1.408166 -0.013096 0.9378 0.9378 0.9378
v 0.270775 1.392000 -0.011322 0.8905 0.8905 0.8905
v 0.262470 1.411799 -0.029295 0.9802 0.9802 0.9802
v 0.327936 1.220000 -0.326203 0.6875 0.6875 0.6875
v 0.321257 1.248000 -0.299011 0.8216 0.8216 0.8216
v 0.300745 1.248000 -0.332882 0.7895 0.7895 0.7895
v 0.323214 1.228201 -0.306975 0.7721 0.7721 0.7721
v 0.308381 1.231834 -0.314360 0.7536 0.7536 0.7536
v 0.303986 1.248000 -0.311698 0.8216 0.8216 0.8216
v 0.308709 1.228201 -0.330925 0.7721 0.7721 0.7721
v 0.321257 1.392000 -0.299011 0.8905 0.8905 0.8905
v 0.327936 1.420000 -0.326203 0.9802 0.9802 0.9802
v 0.300745 1.392000 -0.332882 0.8905 0.8905 0.8905
v 0.323214 1.411799 -0.306975 0.9265 0.9265 0.9265
v 0.308381 1.408166 -0.314360 0.8905 0.8905 0.8905
v 0.308709 1.411799 -0.330925 0.9378 0.9378 0.9378
v 0.303986 1.392000 -0.311698 0.8645 0.8645 0.8645
v 0.347973 1.220000 -0.407778 0.7118 0.7118 0.7118
v 0.320781 1.248000 -0.414457 0.8060 0.8060 0.8060
v 0.354652 1.248000 -0.434970 0.8060 0.8060 0.8060
v 0.328746 1.228201 -0.412501 0.7536 0.7536 0.7536
v 0.336130 1.231834 -0.427333 0.7536 0.7536 0.7536
v 0.333468 1.248000 -0.431728 0.8060 0.8060 0.8060
v 0.352696 1.228201 -0.427005 0.7721 0.7721 0.7721
v 0.347973 1.420000 -0.407778 0.9802 0.9802 0.9802
v 0.354652 1.392000 -0.434970 0.9148 0.9148 0.9148
v 0.320781 1.392000 -0.414457 0.9029 0.9029 0.9029
v 0.352696 1.411799 -0.427005 0.9595 0.9595 0.9595
v 0.336130 1.408166 -0.427333 0.9265 0.9265 0.9265
v 0.333468 1.392000 -0.431728 0.9148 0.9148 0.9148
v 0.328746 1.411799 -0.412501 0.9265 0.9265 0.9265
v 0.467780 1.220000 -0.291854 0.7336 0.7336 0.7336
v 0.494971 1.248000 -0.285175 0.8777 0.8777 0.8777
v 0.461101 1.248000 -0.264662 0.8508 0.8508 0.8508
v 0.487007 1.228201 -0.287131 0.8508 0.8508 0.8508
v 0.479623 1.231834 -0.272299 0.8508 0.8508 0.8508
v 0.482284 1.248000 -0.267904 0.8645 0.8645 0.8645
v 0.463057 1.228201 -0.272626 0.8060 0.8060 0.8060
v 0.467780 1.420000 -0.291854 1.0000 1.0000 1.0000
v 0.461101 1.392000 -0.264662 0.9029 0.9029 0.9029
v 0.494971 1.392000 -0.285175 0.9029 0.9029 0.9029
v 0.463057 1.411799 -0.272626 0.9378 0.9378 0.9378
v 0.479623 1.408166 -0.272299 0.9378 0.9378 0.9378
v 0.482284 1.392000 -0.267904 0.9029 0.9029 0.9029
v 0.487007 1.411799 -0.287131 0.9595 0.9595 0.9595
v 0.487816 1.220000 -0.373429 0.7536 0.7536 0.7536
v 0.494495 1.248000 -0.400621 0.8777 0.8777 0.8777
v 0.515008 1.248000 -0.366750 0.9029 0.9029 0.9029
v 0.492539 1.228201 -0.392657 0.8365 0.8365 0.8365
v 0.507372 1.231834 -0.385272 0.8645 0.8645 0.8645
v 0.511767 1.248000 -0.387934 0.8905 0.8905 0.8905
v 0.507044 1.228201 -0.368706 0.8216 0.8216 0.8216
v 0.487816 1.420000 -0.373429 1.0000 1.0000 1.0000
v 0.515008 1.392000 -0.366750 0.9595 0.9595 0.9595
v 0.494495 1.392000 -0.400621 0.9378 0.9378 0.9378
v 0.507044 1.411799 -0.368706 0.9802 0.9802 0.9802
v 0.507372 1.408166 -0.385272 0.9802 0.9802 0.9802
v 0.511767 1.392000 -0.387934 0.9378 0.9378 0.9378
v 0.492539 1.411799 -0.392657 0.9700 0.9700 0.9700
v 0.301343 1.220000 -0.629054 0.7118 0.7118 0.7118
v 0.318427 1.248000 -0.606870 0.7895 0.7895 0.7895
v 0.279159 1.248000 -0.611970 0.7336 0.7336 0.7336
v 0.313423 1.228201 -0.613368 0.7895 0.7895 0.7895
v 0.298398 1.231834 -0.606383 0.7721 0.7721 0.7721
v 0.297737 1.248000 -0.601288 0.7721 0.7721 0.7721
v 0.285656 1.228201 -0.616974 0.7336 0.7336 0.7336
v 0.318427 1.392000 -0.606870 0.8645 0.8645 0.8645
v 0.301343 1.420000 -0.629054 0.9802 0.9802 0.9802
v 0.279159 1.392000 -0.611970 0.8508 0.8508 0.8508
v 0.313423 1.411799 -0.613368 0.9148 0.9148 0.9148
v 0.298398 1.408166 -0.606383 0.8905 0.8905 0.8905
v 0.285656 1.411799 -0.616974 0.9029 0.9029 0.9029
v 0.297737 1.392000 -0.601288 0.8777 0.8777 0.8777
v 0.250091 1.220000 -0.695607 0.7536 0.7536 0.7536
v 0.227907 1.248000 -0.678523 0.7895 0.7895 0.7895
v 0.233007 1.248000 -0.717791 0.9029 0.9029 0.9029
v 0.234404 1.228201 -0.683526 0.8060 0.8060 0.8060
v 0.227419 1.231834 -0.698551 0.8216 0.8216 0.8216
v 0.222324 1.248000 -0.699213 0.8508 0.8508 0.8508
v 0.238010 1.228201 -0.711293 0.8216 0.8216 0.8216
v 0.250091 1.420000 -0.695607 0.9802 0.9802 0.9802
v 0.233007 1.392000 -0.717791 0.9378 0.9378 0.9378
v 0.227907 1.392000 -0.678523 0.8365 0.8365 0.8365
v 0.238010 1.411799 -0.711293 0.9488 0.9488 0.9488
v 0.227419 1.408166 -0.698551 0.9378 0.9378 0.9378
v 0.222324 1.392000 -0.699213 0.9029 0.9029 0.9029
v 0.234404 1.411799 -0.683526 0.9148 0.9148 0.9148
v 0.415433 1.220000 -0.716915 0.7721 0.7721 0.7721
v 0.437617 1.248000 -0.733999 0.9378 0.9378 0.9378
v 0.432517 1.248000 -0.694731 0.8365 0.8365 0.8365
v 0.431119 1.228201 -0.728996 0.8645 0.8645 0.8645
v 0.438104 1.231834 -0.713971 0.8365 0.8365 0.8365
v 0.443199 1.248000 -0.713309 0.8777 0.8777 0.8777
v 0.427513 1.228201 -0.701229 0.8216 0.8216 0.8216
v 0.415433 1.420000 -0.716915 0.9902 0.9902 0.9902
v 0.432517 1.392000 -0.694731 0.8905 0.8905 0.8905
v 0.437617 1.392000 -0.733999 0.9595 0.9595 0.9595
v 0.427513 1.411799 -0.701229 0.9595 0.9595 0.9595
v 0.438104 1.408166 -0.713971 0.9700 0.9700 0.9700
v 0.443199 1.392000 -0.713309 0.9265 0.9265 0.9265
v 0.431119 1.411799 -0.728996 0.9802 0.9802 0.9802
v 0.364180 1.220000 -0.783468 0.7895 0.7895 0.7895
v 0.347096 1.248000 -0.805652 0.9265 0.9265 0.9265
v 0.386365 1.248000 -0.800552 0.9378 0.9378 0.9378
v 0.352100 1.228201 -0.799154 0.8905 0.8905 0.8905
v 0.367125 1.231834 -0.806139 0.9148 0.9148 0.9148
v 0.367787 1.248000 -0.811234 0.9265 0.9265 0.9265
v 0.379867 1.228201 -0.795548 0.9029 0.9029 0.9029
v 0.364180 1.420000 -0.783468 0.9902 0.9902 0.9902
v 0.386365 1.392000 -0.800552 0.9802 0.9802 0.9802
v 0.347096 1.392000 -0.805652 0.9700 0.9700 0.9700
v 0.379867 1.411799 -0.795548 0.9902 0.9902 0.9902
v 0.367125 1.408166 -0.806139 0.9902 0.9902 0.9902
v 0.367787 1.392000 -0.811234 0.9802 0.9802 0.9802
v 0.352100 1.411799 -0.799154 0.9700 0.9700 0.9700
v 0.048067 1.220000 -0.797214 0.7336 0.7336 0.7336
v 0.076063 1.248000 -0.796725 0.7895 0.7895 0.7895
v 0.047578 1.248000 -0.769218 0.8216 0.8216 0.8216
v 0.067863 1.228201 -0.796869 0.7336 0.7336 0.7336
v 0.063948 1.231834 -0.780769 0.7336 0.7336 0.7336
v 0.067517 1.248000 -0.777072 0.7536 0.7536 0.7536
v 0.047721 1.228201 -0.777418 0.7536 0.7536 0.7536
v 0.076063 1.392000 -0.796725 0.8905 0.8905 0.8905
v 0.048067 1.420000 -0.797214 0.9902 0.9902 0.9902
v 0.047578 1.392000 -0.769218 0.8777 0.8777 0.8777
v 0.067863 1.411799 -0.796869 0.9802 0.9802 0.9802
v 0.063948 1.408166 -0.780769 0.9265 0.9265 0.9265
v 0.047722 1.411799 -0.777418 0.9265 0.9265 0.9265
v 0.067517 1.392000 -0.777072 0.8508 0.8508 0.8508
v -0.035920 1.220000 -0.798680 0.7536 0.7536 0.7536
v -0.036409 1.248000 -0.770684 0.7895 0.7895 0.7895
v -0.063916 1.248000 -0.799169 0.8365 0.8365 0.8365
v -0.036266 1.228201 -0.778884 0.7536 0.7536 0.7536
v -0.052366 1.231834 -0.782799 0.7895 0.7895 0.7895
v -0.056062 1.248000 -0.779230 0.7895 0.7895 0.7895
v -0.055716 1.228201 -0.799026 0.7536 0.7536 0.7536
v -0.035920 1.420000 -0.798680 0.9802 0.9802 0.9802
v -0.063916 1.392000 -0.799169 0.9029 0.9029 0.9029
v -0.036409 1.392000 -0.770684 0.8645 0.8645 0.8645
v -0.055716 1.411799 -0.799026 0.9595 0.9595 0.9595
v -0.052366 1.408166 -0.782799 0.8905 0.8905 0.8905
v -0.056062 1.392000 -0.779230 0.8645 0.8645 0.8645
v -0.036266 1.411799 -0.778884 0.8905 0.8905 0.8905
v 0.050580 1.220000 -0.941192 0.8216 0.8216 0.8216
v 0.051069 1.248000 -0.969188 0.9488 0.9488 0.9488
v 0.078576 1.248000 -0.940703 0.8905 0.8905 0.8905
v 0.050926 1.228201 -0.960988 0.9265 0.9265 0.9265
v 0.067026 1.231834 -0.957073 0.9148 0.9148 0.9148
v 0.070722 1.248000 -0.960643 0.9265 0.9265 0.9265
v 0.070376 1.228201 -0.940847 0.8216 0.8216 0.8216
v 0.050580 1.420000 -0.941192 1.0000 1.0000 1.0000
v 0.078576 1.392000 -0.940703 0.9378 0.9378 0.9378
v 0.051069 1.392000 -0.969188 0.9802 0.9802 0.9802
v 0.070376 1.411799 -0.940847 0.9902 0.9902 0.9902
v 0.067026 1.408166 -0.957073 0.9802 0.9802 0.9802
v 0.070722 1.392000 -0.960643 0.9802 0.9802 0.9802
v 0.050926 1.411799 -0.960988 1.0000 1.0000 1.0000
v -0.033407 1.220000 -0.942658 0.8060 0.8060 0.8060
v -0.061403 1.248000 -0.943147 0.9148 0.9148 0.9148
v -0.032918 1.248000 -0.970654 0.9265 0.9265 0.9265
v -0.053203 1.228201 -0.943004 0.8365 0.8365 0.8365
v -0.049288 1.231834 -0.959104 0.9029 0.9029 0.9029
v -0.052857 1.248000 -0.962800 0.9488 0.9488 0.9488
v -0.033061 1.228201 -0.962454 0.9029 0.9029 0.9029
v -0.033407 1.420000 -0.942658 1.0000 1.0000 1.0000
v -0.032918 1.392000 -0.970654 0.9595 0.9595 0.9595
v -0.061403 1.392000 -0.943147 0.9595 0.9595 0.9595
v -0.033061 1.411799 -0.962454 1.0000 1.0000 1.0000
v -0.049288 1.408166 -0.959104 0.9902 0.9902 0.9902
v -0.052857 1.392000 -0.962800 0.9802 0.9802 0.9802
v -0.053203 1.411799 -0.943004 1.0000 1.0000 1.0000
v -0.241367 1.220000 -0.704185 0.7536 0.7536 0.7536
v -0.223519 1.248000 -0.725759 0.9148 0.9148 0.9148
v -0.219792 1.248000 -0.686337 0.7895 0.7895 0.7895
v -0.228746 1.228201 -0.719440 0.8777 0.8777 0.8777
v -0.218606 1.231834 -0.706337 0.8508 0.8508 0.8508
v -0.213491 1.248000 -0.706820 0.8508 0.8508 0.8508
v -0.226111 1.228201 -0.691565 0.7721 0.7721 0.7721
v -0.223519 1.392000 -0.725759 0.9595 0.9595 0.9595
v -0.241367 1.420000 -0.704185 0.9902 0.9902 0.9902
v -0.219792 1.392000 -0.686337 0.8777 0.8777 0.8777
v -0.228746 1.411799 -0.719440 0.9595 0.9595 0.9595
v -0.218606 1.408166 -0.706337 0.9378 0.9378 0.9378
v -0.226111 1.411799 -0.691565 0.9488 0.9488 0.9488
v -0.213491 1.392000 -0.706820 0.9148 0.9148 0.9148
v -0.294910 1.220000 -0.639462 0.7336 0.7336 0.7336
v -0.273336 1.248000 -0.621614 0.8060 0.8060 0.8060
v -0.312758 1.248000 -0.617888 0.8365 0.8365 0.8365
v -0.279655 1.228201 -0.626842 0.7721 0.7721 0.7721
v -0.292759 1.231834 -0.616701 0.7721 0.7721 0.7721
v -0.292275 1.248000 -0.611586 0.8508 0.8508 0.8508
v -0.307531 1.228201 -0.624207 0.7721 0.7721 0.7721
v -0.294910 1.420000 -0.639462 0.9802 0.9802 0.9802
v -0.312758 1.392000 -0.617888 0.8777 0.8777 0.8777
v -0.273336 1.392000 -0.621614 0.8365 0.8365 0.8365
v -0.307531 1.411799 -0.624207 0.9265 0.9265 0.9265
v -0.292759 1.408166 -0.616701 0.9029 0.9029 0.9029
v -0.292275 1.392000 -0.611586 0.8777 0.8777 0.8777
v -0.279655 1.411799 -0.626842 0.9148 0.9148 0.9148
v -0.352321 1.220000 -0.795974 0.8365 0.8365 0.8365
v -0.373895 1.248000 -0.813822 0.9700 0.9700 0.9700
v -0.334473 1.248000 -0.817549 0.9265 0.9265 0.9265
v -0.367576 1.228201 -0.808595 0.9029 0.9029 0.9029
v -0.354472 1.231834 -0.818735 0.9378 0.9378 0.9378
v -0.354956 1.248000 -0.823850 0.9488 0.9488 0.9488
v -0.339700 1.228201 -0.811230 0.8905 0.8905 0.8905
v -0.352321 1.420000 -0.795974 1.0000 1.0000 1.0000
v -0.334473 1.392000 -0.817549 0.9595 0.9595 0.9595
v -0.373895 1.392000 -0.813822 0.9902 0.9902 0.9902
v -0.339700 1.411799 -0.811230 0.9700 0.9700 0.9700
v -0.354472 1.408166 -0.818735 1.0000 1.0000 1.0000
v -0.354956 1.392000 -0.823850 0.9700 0.9700 0.9700
v -0.367576 1.411799 -0.808595 1.0000 1.0000 1.0000
v -0.405864 1.220000 -0.731251 0.8060 0.8060 0.8060
v -0.423712 1.248000 -0.709677 0.8216 0.8216 0.8216
v -0.427439 1.248000 -0.749099 0.9378 0.9378 0.9378
v -0.418485 1.228201 -0.715996 0.8216 0.8216 0.8216
v -0.428625 1.231834 -0.729100 0.8777 0.8777 0.8777
v -0.433740 1.248000 -0.728616 0.8905 0.8905 0.8905
v -0.421120 1.228201 -0.743871 0.8777 0.8777 0.8777
v -0.405864 1.420000 -0.731251 1.0000 1.0000 1.0000
v -0.427439 1.392000 -0.749099 0.9902 0.9902 0.9902
v -0.423712 1.392000 -0.709677 0.8905 0.8905 0.8905
v -0.421120 1.411799 -0.743871 1.0000 1.0000 1.0000
v -0.428625 1.408166 -0.729100 0.9595 0.9595 0.9595
v -0.433740 1.392000 -0.728616 0.9488 0.9488 0.9488
v -0.418485 1.411799 -0.715996 0.9378 0.9378 0.9378
v -2.165275 0.000064 0.963642 0.9902 0.9902 0.9902
v -2.137872 0.027290 0.970224 0.9378 0.9378 0.9378
v -2.180490 0.028628 0.985735 0.9700 0.9700 0.9700
v -2.145971 0.007755 0.969093 0.9488 0.9488 0.9488
v -2.158367 0.011842 0.981606 0.9488 0.9488 0.9488
v -2.156730 0.027952 0.984715 0.9488 0.9488 0.9488
v -2.176106 0.008700 0.980061 0.9700 0.9700 0.9700
v -2.168934 0.968040 0.870114 1.0000 1.0000 1.0000
v -2.183938 0.940782 0.897601 1.0000 1.0000 1.0000
v -2.141321 0.939444 0.882090 0.9378 0.9378 0.9378
v -2.179703 0.960327 0.888113 1.0000 1.0000 1.0000
v -2.161937 0.956226 0.890358 0.9902 0.9902 0.9902
v -2.160178 0.940107 0.896581 0.9802 0.9802 0.9802
v -2.149569 0.959381 0.877145 0.9802 0.9802 0.9802
v -2.352104 0.004803 0.910026 1.0000 1.0000 1.0000
v -2.349592 0.032917 0.937206 0.9902 0.9902 0.9902
v -2.377519 0.033369 0.901450 1.0000 1.0000 1.0000
v -2.351230 0.013142 0.929804 1.0000 1.0000 1.0000
v -2.366922 0.017132 0.921755 1.0000 1.0000 1.0000
v -2.369201 0.033342 0.923740 1.0000 1.0000 1.0000
v -2.370977 0.013462 0.904521 1.0000 1.0000 1.0000
v -2.254097 0.970200 0.845674 1.0000 1.0000 1.0000
v -2.285164 0.943093 0.840810 1.0000 1.0000 1.0000
v -2.257237 0.942641 0.876566 1.0000 1.0000 1.0000
v -2.274626 0.962553 0.841256 1.0000 1.0000 1.0000
v -2.271304 0.959000 0.858972 1.0000 1.0000 1.0000
v -2.276846 0.943066 0.863100 1.0000 1.0000 1.0000
v -2.254879 0.962234 0.866540 1.0000 1.0000 1.0000
v -2.358909 0.003196 0.715724 1.0000 1.0000 1.0000
v -2.383679 0.031914 0.725584 0.9902 0.9902 0.9902
v -2.358322 0.030856 0.687974 0.9700 0.9700 0.9700
v -2.377356 0.011956 0.722392 1.0000 1.0000 1.0000
v -2.374518 0.015339 0.704858 0.9802 0.9802 0.9802
v -2.376941 0.031514 0.702770 0.9700 0.9700 0.9700
v -2.359426 0.011207 0.695798 0.9700 0.9700 0.9700
v -2.257199 0.969468 0.757105 1.0000 1.0000 1.0000
v -2.262477 0.941404 0.726969 1.0000 1.0000 1.0000
v -2.287834 0.942462 0.764579 1.0000 1.0000 1.0000
v -2.259434 0.961158 0.736480 1.0000 1.0000 1.0000
v -2.275288 0.958059 0.745231 1.0000 1.0000 1.0000
v -2.281096 0.942062 0.741765 1.0000 1.0000 1.0000
v -2.277364 0.961907 0.763075 1.0000 1.0000 1.0000
v -2.176286 -0.002536 0.649255 0.9902 0.9902 0.9902
v -2.193026 0.025668 0.627811 0.9378 0.9378 0.9378
v -2.149427 0.024562 0.640323 0.8777 0.8777 0.8777
v -2.188245 0.005834 0.633493 0.9488 0.9488 0.9488
v -2.170659 0.008940 0.630659 0.9265 0.9265 0.9265
v -2.169252 0.024996 0.627177 0.9029 0.9029 0.9029
v -2.157416 0.005052 0.642340 0.9148 0.9148 0.9148
v -2.173954 0.966855 0.726807 0.9902 0.9902 0.9902
v -2.147229 0.938049 0.713403 0.9595 0.9595 0.9595
v -2.190828 0.939155 0.700891 0.9700 0.9700 0.9700
v -2.155123 0.958070 0.718582 0.9700 0.9700 0.9700
v -2.168383 0.954704 0.706321 0.9700 0.9700 0.9700
v -2.167054 0.938483 0.700257 0.9595 0.9595 0.9595
v -2.185951 0.958852 0.709735 0.9902 0.9902 0.9902
v -2.056614 -0.004472 0.802476 0.9802 0.9802 0.9802
v -2.041109 0.022810 0.779007 0.8365 0.8365 0.8365
v -2.039521 0.023185 0.824350 0.9148 0.9148 0.9148
v -2.045241 0.003238 0.785962 0.9265 0.9265 0.9265
v -2.037070 0.006779 0.801699 0.8905 0.8905 0.8905
v -2.033154 0.022794 0.801429 0.8645 0.8645 0.8645
v -2.044118 0.003503 0.818025 0.9378 0.9378 0.9378
v -2.119403 0.965973 0.796650 0.9902 0.9902 0.9902
v -2.098689 0.937665 0.818859 0.9378 0.9378 0.9378
v -2.100277 0.937290 0.773517 0.9488 0.9488 0.9488
v -2.105846 0.957556 0.812297 0.9700 0.9700 0.9700
v -2.098329 0.953570 0.796014 0.9488 0.9488 0.9488
v -2.092322 0.937274 0.795939 0.9378 0.9378 0.9378
v -2.106969 0.957291 0.780235 0.9488 0.9488 0.9488
v -1.055220 -0.005383 2.121870 1.0000 1.0000 1.0000
v -1.029065 0.021281 2.109853 0.9595 0.9595 0.9595
v -1.051738 0.022626 2.149124 0.9802 0.9802 0.9802
v -1.036664 0.001891 2.113805 0.9902 0.9902 0.9902
v -1.038000 0.005717 2.131432 0.9802 0.9802 0.9802
v -1.034202 0.021697 2.133077 0.9700 0.9700 0.9700
v -1.052696 0.002843 2.141574 0.9802 0.9802 0.9802
v -1.086520 1.010949 2.068984 0.9802 0.9802 0.9802
v -1.081314 0.982985 2.099151 0.9802 0.9802 0.9802
v -1.058641 0.981640 2.059880 0.9488 0.9488 0.9488
v -1.083491 1.002780 2.089541 0.9802 0.9802 0.9802
v -1.068571 0.998392 2.079777 0.9700 0.9700 0.9700
v -1.063777 0.982055 2.083104 0.9488 0.9488 0.9488
v -1.067459 1.001829 2.061773 0.9595 0.9595 0.9595
v -1.232680 0.003381 2.200822 1.0000 1.0000 1.0000
v -1.212492 0.030565 2.220645 0.9902 0.9902 0.9902
v -1.256817 0.032528 2.211181 1.0000 1.0000 1.0000
v -1.219078 0.011059 2.215598 1.0000 1.0000 1.0000
v -1.236150 0.015502 2.219589 1.0000 1.0000 1.0000
v -1.236146 0.031669 2.222923 1.0000 1.0000 1.0000
v -1.250421 0.012447 2.208906 1.0000 1.0000 1.0000
v -1.167412 1.014944 2.104973 0.9902 0.9902 0.9902
v -1.195143 0.988380 2.120611 1.0000 1.0000 1.0000
v -1.150818 0.986417 2.130075 1.0000 1.0000 1.0000
v -1.186205 1.007693 2.114604 0.9902 0.9902 0.9902
v -1.172401 1.003519 2.125972 1.0000 1.0000 1.0000
v -1.174472 0.987521 2.132353 1.0000 1.0000 1.0000
v -1.154863 1.006305 2.121295 0.9902 0.9902 0.9902
v -1.362589 0.008231 2.056246 1.0000 1.0000 1.0000
v -1.374497 0.036922 2.080215 1.0000 1.0000 1.0000
v -1.379218 0.036790 2.035095 0.9595 0.9595 0.9595
v -1.372220 0.016995 2.073355 1.0000 1.0000 1.0000
v -1.381205 0.020918 2.058157 0.9802 0.9802 0.9802
v -1.383978 0.037189 2.058400 0.9802 0.9802 0.9802
v -1.375559 0.016902 2.041451 0.9802 0.9802 0.9802
v -1.226628 1.017155 2.039071 0.9902 0.9902 0.9902
v -1.250745 0.990148 2.018866 1.0000 1.0000 1.0000
v -1.246024 0.990280 2.063986 1.0000 1.0000 1.0000
v -1.241791 1.009551 2.024552 0.9902 0.9902 0.9902
v -1.248410 1.006357 2.041381 0.9902 0.9902 0.9902
v -1.255506 0.990547 2.042170 1.0000 1.0000 1.0000
v -1.238453 1.009644 2.056457 0.9902 0.9902 0.9902
v -1.265418 0.002466 1.887941 0.9700 0.9700 0.9700
v -1.291194 0.031568 1.882634 0.9148 0.9148 0.9148
v -1.249787 0.029523 1.864212 0.8777 0.8777 0.8777
v -1.284453 0.011496 1.883651 0.9378 0.9378 0.9378
v -1.272705 0.014480 1.870228 0.9148 0.9148 0.9148
v -1.273401 0.030628 1.866873 0.8905 0.8905 0.8905
v -1.255174 0.010050 1.870625 0.9148 0.9148 0.9148
v -1.182335 1.014527 1.962352 0.9902 0.9902 0.9902
v -1.171280 0.985846 1.934525 0.9265 0.9265 0.9265
v -1.212687 0.987890 1.952947 0.9802 0.9802 0.9802
v -1.173431 1.005786 1.943836 0.9700 0.9700 0.9700
v -1.191556 1.002984 1.942907 0.9802 0.9802 0.9802
v -1.194893 0.986951 1.937186 0.9595 0.9595 0.9595
v -1.202711 1.007232 1.956862 0.9802 0.9802 0.9802
v -1.075454 -0.005948 1.928498 0.9802 0.9802 0.9802
v -1.077705 0.021901 1.900951 0.8365 0.8365 0.8365
v -1.047393 0.020769 1.934685 0.8365 0.8365 0.8365
v -1.077068 0.002162 1.908651 0.9029 0.9029 0.9029
v -1.060592 0.005086 1.915515 0.8905 0.8905 0.8905
v -1.057226 0.021053 1.913026 0.8060 0.8060 0.8060
v -1.055634 0.001361 1.932505 0.9378 0.9378 0.9378
v -1.095743 1.010692 1.980839 0.9802 0.9802 0.9802
v -1.066565 0.981418 1.984144 0.9488 0.9488 0.9488
v -1.096877 0.982550 1.950410 0.9265 0.9265 0.9265
v -1.075596 1.001602 1.984001 0.9488 0.9488 0.9488
v -1.080409 0.998061 1.966637 0.9488 0.9488 0.9488
v -1.076398 0.981703 1.962485 0.9378 0.9378 0.9378
v -1.097030 1.002402 1.960148 0.9595 0.9595 0.9595
v 0.569633 0.000875 2.269947 0.9902 0.9902 0.9902
v 0.580603 0.029665 2.246066 0.9029 0.9029 0.9029
v 0.588481 0.027928 2.290743 0.9902 0.9902 0.9902
v 0.578274 0.009693 2.252456 0.9265 0.9265 0.9265
v 0.588410 0.012720 2.267097 0.9595 0.9595 0.9595
v 0.591601 0.028821 2.267161 0.9378 0.9378 0.9378
v 0.583844 0.008464 2.284047 1.0000 1.0000 1.0000
v 0.483640 0.817377 2.316869 0.9378 0.9378 0.9378
v 0.508355 0.788713 2.334463 1.0000 1.0000 1.0000
v 0.500477 0.790450 2.289787 0.8905 0.8905 0.8905
v 0.499569 0.808646 2.330031 0.9700 0.9700 0.9700
v 0.504897 0.805673 2.312666 0.9488 0.9488 0.9488
v 0.511475 0.789606 2.310881 0.9488 0.9488 0.9488
v 0.493999 0.809875 2.298440 0.9148 0.9148 0.9148
v 0.484380 -0.005542 2.444569 1.0000 1.0000 1.0000
v 0.511576 0.022139 2.448265 1.0000 1.0000 1.0000
v 0.471489 0.021452 2.469562 1.0000 1.0000 1.0000
v 0.504012 0.002455 2.447565 1.0000 1.0000 1.0000
v 0.493349 0.005565 2.461809 1.0000 1.0000 1.0000
v 0.494897 0.021542 2.465238 1.0000 1.0000 1.0000
v 0.475666 0.001969 2.462625 1.0000 1.0000 1.0000
v 0.444778 0.814452 2.396468 0.9595 0.9595 0.9595
v 0.434589 0.785491 2.424743 1.0000 1.0000 1.0000
v 0.474677 0.786178 2.403446 1.0000 1.0000 1.0000
v 0.436856 0.805574 2.415485 1.0000 1.0000 1.0000
v 0.454889 0.801909 2.415095 1.0000 1.0000 1.0000
v 0.457997 0.785581 2.420419 1.0000 1.0000 1.0000
v 0.465202 0.806059 2.400425 0.9802 0.9802 0.9802
v 0.291849 -0.003883 2.417529 1.0000 1.0000 1.0000
v 0.297811 0.022949 2.445170 1.0000 1.0000 1.0000
v 0.265158 0.024262 2.413656 0.9802 0.9802 0.9802
v 0.295378 0.003522 2.437304 1.0000 1.0000 1.0000
v 0.278667 0.007414 2.431658 1.0000 1.0000 1.0000
v 0.276505 0.023424 2.434566 1.0000 1.0000 1.0000
v 0.272289 0.004451 2.415020 1.0000 1.0000 1.0000
v 0.357016 0.815208 2.384142 0.9488 0.9488 0.9488
v 0.325879 0.787460 2.382548 0.9488 0.9488 0.9488
v 0.358532 0.786146 2.414061 1.0000 1.0000 1.0000
v 0.336154 0.807171 2.382301 0.9488 0.9488 0.9488
v 0.341956 0.802882 2.399234 0.9902 0.9902 0.9902
v 0.337226 0.786621 2.403457 1.0000 1.0000 1.0000
v 0.359243 0.806243 2.404584 0.9902 0.9902 0.9902
v 0.258111 0.003559 2.226196 0.9595 0.9595 0.9595
v 0.234725 0.030975 2.241059 0.9029 0.9029 0.9029
v 0.254632 0.032474 2.200285 0.6181 0.6181 0.6181
v 0.240697 0.011420 2.235854 0.9488 0.9488 0.9488
v 0.241049 0.015713 2.218312 0.8645 0.8645 0.8645
v 0.238236 0.031866 2.217532 0.7895 0.7895 0.7895
v 0.254773 0.012480 2.207022 0.8365 0.8365 0.8365
v 0.341638 0.818600 2.296926 0.9148 0.9148 0.9148
v 0.332458 0.791898 2.266189 0.8645 0.8645 0.8645
v 0.312552 0.790399 2.306963 0.8777 0.8777 0.8777
v 0.336630 0.811231 2.276339 0.8645 0.8645 0.8645
v 0.322166 0.807247 2.287003 0.8645 0.8645 0.8645
v 0.316063 0.791290 2.283436 0.8645 0.8645 0.8645
v 0.322554 0.810171 2.305171 0.8905 0.8905 0.8905
v 0.429792 0.006500 2.134985 0.6181 0.6181 0.6181
v 0.409500 0.035127 2.118006 0.6181 0.6181 0.6181
v 0.454456 0.034739 2.124321 0.6181 0.6181 0.6181
v 0.415536 0.015233 2.121611 0.6181 0.6181 0.6181
v 0.432480 0.018992 2.116608 0.6181 0.6181 0.6181
v 0.432976 0.035202 2.114070 0.6181 0.6181 0.6181
v 0.447325 0.014960 2.126076 0.6181 0.6181 0.6181
v 0.419895 0.819941 2.255349 0.9148 0.9148 0.9148
v 0.445235 0.792672 2.236471 0.8508 0.8508 0.8508
v 0.400279 0.793060 2.230157 0.8365 0.8365 0.8365
v 0.437626 0.812142 2.244035 0.8777 0.8777 0.8777
v 0.422869 0.808972 2.233500 0.8508 0.8508 0.8508
v 0.423755 0.793135 2.226221 0.8216 0.8216 0.8216
v 0.405837 0.812416 2.239570 0.8645 0.8645 0.8645
v 1.906814 -0.005614 1.409717 0.9595 0.9595 0.9595
v 1.899530 0.020955 1.381755 0.8777 0.8777 0.8777
v 1.934263 0.022421 1.410900 0.9595 0.9595 0.9595
v 1.902098 0.001593 1.390010 0.8645 0.8645 0.8645
v 1.919224 0.005446 1.394371 0.9029 0.9029 0.9029
v 1.921507 0.021417 1.390846 0.8905 0.8905 0.8905
v 1.926658 0.002630 1.410618 0.9488 0.9488 0.9488
v 1.848480 1.027653 1.427258 1.0000 1.0000 1.0000
v 1.879089 0.999713 1.427490 0.9902 0.9902 0.9902
v 1.844356 0.998246 1.398346 0.9488 0.9488 0.9488
v 1.869250 1.019502 1.427880 1.0000 1.0000 1.0000
v 1.862226 1.015055 1.411509 0.9802 0.9802 0.9802
v 1.866334 0.998709 1.407436 0.9700 0.9700 0.9700
v 1.844690 1.018466 1.407272 0.9488 0.9488 0.9488
v 1.953733 0.003790 1.598164 1.0000 1.0000 1.0000
v 1.976777 0.030942 1.581656 0.9902 0.9902 0.9902
v 1.959757 0.033027 1.623654 1.0000 1.0000 1.0000
v 1.970652 0.011447 1.587317 0.9902 0.9902 0.9902
v 1.971618 0.015948 1.604809 1.0000 1.0000 1.0000
v 1.974911 0.032121 1.605341 1.0000 1.0000 1.0000
v 1.958617 0.012921 1.617014 1.0000 1.0000 1.0000
v 1.869867 1.031940 1.513158 1.0000 1.0000 1.0000
v 1.880435 1.005478 1.543253 1.0000 1.0000 1.0000
v 1.897455 1.003394 1.501254 1.0000 1.0000 1.0000
v 1.876082 1.024757 1.533357 1.0000 1.0000 1.0000
v 1.889673 1.020557 1.521749 1.0000 1.0000 1.0000
v 1.895589 1.004572 1.524940 1.0000 1.0000 1.0000
v 1.888117 1.023284 1.503659 1.0000 1.0000 1.0000
v 1.788785 0.008838 1.700969 0.9902 0.9902 0.9902
v 1.810294 0.037601 1.716808 0.9902 0.9902 0.9902
v 1.765043 0.037423 1.713620 0.9802 0.9802 0.9802
v 1.803952 0.017655 1.713409 1.0000 1.0000 1.0000
v 1.787421 0.021585 1.719610 0.9902 0.9902 0.9902
v 1.787164 0.037868 1.722355 0.9902 0.9902 0.9902
v 1.771954 0.017529 1.711155 0.9802 0.9802 0.9802
v 1.794679 1.034241 1.560019 1.0000 1.0000 1.0000
v 1.770617 1.007276 1.580306 0.9700 0.9700 0.9700
v 1.815869 1.007454 1.583494 1.0000 1.0000 1.0000
v 1.777755 1.026662 1.572443 1.0000 1.0000 1.0000
v 1.793180 1.023510 1.581889 1.0000 1.0000 1.0000
v 1.792739 1.007720 1.589042 1.0000 1.0000 1.0000
v 1.809753 1.026788 1.574697 1.0000 1.0000 1.0000
v 1.639922 0.002555 1.576058 0.9148 0.9148 0.9148
v 1.630155 0.031730 1.600436 0.9378 0.9378 0.9378
v 1.619208 0.029535 1.556467 0.7536 0.7536 0.7536
v 1.632373 0.011637 1.594032 0.9265 0.9265 0.9265
v 1.621187 0.014569 1.580123 0.8905 0.8905 0.8905
v 1.617725 0.030715 1.580179 0.8508 0.8508 0.8508
v 1.624632 0.010086 1.562942 0.8365 0.8365 0.8365
v 1.726822 1.031377 1.503081 0.9902 0.9902 0.9902
v 1.701400 1.002622 1.487444 0.9148 0.9148 0.9148
v 1.712348 1.004816 1.531412 0.9595 0.9595 0.9595
v 1.710153 1.022583 1.491122 0.9265 0.9265 0.9265
v 1.706098 1.019834 1.508817 0.9265 0.9265 0.9265
v 1.699918 1.003802 1.511156 0.9265 0.9265 0.9265
v 1.717894 1.024135 1.522213 0.9902 0.9902 0.9902
v 1.712868 -0.006378 1.396055 0.6591 0.6591 0.6591
v 1.685306 0.021442 1.393362 0.6875 0.6875 0.6875
v 1.723792 0.020264 1.369376 0.6875 0.6875 0.6875
v 1.693030 0.001710 1.394160 0.7118 0.7118 0.7118
v 1.702646 0.004594 1.379114 0.7118 0.7118 0.7118
v 1.700754 0.020549 1.375296 0.6875 0.6875 0.6875
v 1.720244 0.000877 1.377199 0.6875 0.6875 0.6875
v 1.760074 1.027305 1.421030 0.9902 0.9902 0.9902
v 1.768440 0.997948 1.392998 0.9378 0.9378 0.9378
v 1.729954 0.999126 1.416984 0.9148 0.9148 0.9148
v 1.766700 1.018159 1.401778 0.9488 0.9488 0.9488
v 1.748770 1.014609 1.403517 0.9265 0.9265 0.9265
v 1.745402 0.998233 1.398918 0.9148 0.9148 0.9148
v 1.739487 1.018992 1.418739 0.9265 0.9265 0.9265
v 2.360149 0.009429 -0.189786 0.9378 0.9378 0.9378
v 2.336834 0.037610 -0.203752 0.8905 0.8905 0.8905
v 2.382200 0.038611 -0.203752 0.9488 0.9488 0.9488
v 2.343917 0.017852 -0.201035 0.9148 0.9148 0.9148
v 2.359867 0.022216 -0.208339 0.9265 0.9265 0.9265
v 2.359509 0.038486 -0.210910 0.9378 0.9378 0.9378
v 2.375995 0.018559 -0.201035 0.9595 0.9595 0.9595
v 2.339572 0.942459 -0.050663 0.9902 0.9902 0.9902
v 2.362845 0.916178 -0.072899 0.9595 0.9595 0.9595
v 2.317480 0.915178 -0.072899 0.9265 0.9265 0.9265
v 2.355776 0.935344 -0.064334 0.9902 0.9902 0.9902
v 2.339807 0.931804 -0.072712 0.9595 0.9595 0.9595
v 2.340154 0.916054 -0.080057 0.9595 0.9595 0.9595
v 2.323698 0.934637 -0.064334 0.9378 0.9378 0.9378
v 2.517539 0.006907 -0.075661 1.0000 1.0000 1.0000
v 2.524575 0.036329 -0.100514 0.9902 0.9902 0.9902
v 2.538644 0.034376 -0.057418 1.0000 1.0000 1.0000
v 2.523499 0.016196 -0.094078 0.9902 0.9902 0.9902
v 2.535527 0.019400 -0.080967 1.0000 1.0000 1.0000
v 2.538423 0.035619 -0.081178 1.0000 1.0000 1.0000
v 2.533447 0.014815 -0.063604 1.0000 1.0000 1.0000
v 2.411315 0.941309 0.001359 1.0000 1.0000 1.0000
v 2.438735 0.913235 0.015024 1.0000 1.0000 1.0000
v 2.424666 0.915188 -0.028072 1.0000 1.0000 1.0000
v 2.429073 0.932948 0.012075 1.0000 1.0000 1.0000
v 2.431972 0.930327 -0.005882 1.0000 1.0000 1.0000
v 2.438513 0.914478 -0.008736 1.0000 1.0000 1.0000
v 2.419125 0.934329 -0.018399 1.0000 1.0000 1.0000
v 2.457686 -0.004110 0.108996 0.9902 0.9902 0.9902
v 2.484500 0.024410 0.109625 1.0000 1.0000 1.0000
v 2.447830 0.022202 0.136260 0.9802 0.9802 0.9802
v 2.477353 0.004489 0.109455 1.0000 1.0000 1.0000
v 2.468726 0.007104 0.125125 1.0000 1.0000 1.0000
v 2.470384 0.023095 0.128734 1.0000 1.0000 1.0000
v 2.451423 0.002928 0.128289 0.9802 0.9802 0.9802
v 2.384032 0.936287 0.085531 1.0000 1.0000 1.0000
v 2.378555 0.906700 0.114190 0.9802 0.9802 0.9802
v 2.415225 0.908907 0.087555 1.0000 1.0000 1.0000
v 2.379052 0.926953 0.105233 0.9902 0.9902 0.9902
v 2.396923 0.923876 0.102250 0.9902 0.9902 0.9902
v 2.401109 0.907592 0.106664 0.9802 0.9802 0.9802
v 2.404982 0.928514 0.086399 1.0000 1.0000 1.0000
v 2.263305 -0.008397 0.108996 0.8645 0.8645 0.8645
v 2.271991 0.018324 0.136260 0.8905 0.8905 0.8905
v 2.235259 0.018913 0.109625 0.7336 0.7336 0.7336
v 2.269251 -0.001089 0.128289 0.9265 0.9265 0.9265
v 2.251781 0.002320 0.125125 0.8365 0.8365 0.8365
v 2.249419 0.018222 0.128734 0.8365 0.8365 0.8365
v 2.243278 -0.000673 0.109455 0.7536 0.7536 0.7536
v 2.295427 0.934333 0.085531 0.9902 0.9902 0.9902
v 2.265472 0.905605 0.087555 0.9265 0.9265 0.9265
v 2.302204 0.905016 0.114190 0.9700 0.9700 0.9700
v 2.274841 0.925644 0.086399 0.9595 0.9595 0.9595
v 2.283097 0.921365 0.102250 0.9595 0.9595 0.9595
v 2.279633 0.904913 0.106664 0.9488 0.9488 0.9488
v 2.300814 0.925227 0.105233 0.9700 0.9700 0.9700
v 2.203024 -0.000029 -0.075661 0.6591 0.6591 0.6591
v 2.180728 0.026483 -0.057418 0.6181 0.6181 0.6181
v 2.194697 0.029054 -0.100514 0.6181 0.6181 0.6181
v 2.186783 0.007169 -0.063604 0.6181 0.6181 0.6181
v 2.184503 0.011659 -0.080967 0.6181 0.6181 0.6181
v 2.180895 0.027734 -0.081178 0.6181 0.6181 0.6181
v 2.196660 0.008987 -0.094078 0.6181 0.6181 0.6181
v 2.267950 0.938147 0.001359 0.9802 0.9802 0.9802
v 2.255763 0.911463 -0.028072 0.9265 0.9265 0.9265
v 2.241794 0.908891 0.015024 0.9148 0.9148 0.9148
v 2.260455 0.930830 -0.018399 0.9378 0.9378 0.9378
v 2.247797 0.926265 -0.005882 0.9265 0.9265 0.9265
v 2.241961 0.910143 -0.008736 0.9148 0.9148 0.9148
v 2.250578 0.929012 0.012075 0.9488 0.9488 0.9488
v 1.695901 0.013167 -1.678905 0.9700 0.9700 0.9700
v 1.668501 0.040555 -1.673471 0.9029 0.9029 0.9029
v 1.703194 0.043442 -1.702582 0.9802 0.9802 0.9802
v 1.676070 0.021076 -1.676743 0.9488 0.9488 0.9488
v 1.683486 0.026210 -1.692407 0.9595 0.9595 0.9595
v 1.681227 0.042483 -1.693485 0.9378 0.9378 0.9378
v 1.700601 0.023117 -1.697327 0.9902 0.9902 0.9902
v 1.749298 0.917659 -1.525554 1.0000 1.0000 1.0000
v 1.753331 0.892723 -1.558591 0.9802 0.9802 0.9802
v 1.718638 0.889836 -1.529481 0.9488 0.9488 0.9488
v 1.753044 0.911438 -1.546717 1.0000 1.0000 1.0000
v 1.735505 0.907367 -1.543012 0.9700 0.9700 0.9700
v 1.731364 0.891765 -1.549494 0.9595 0.9595 0.9595
v 1.728512 0.909397 -1.526133 0.9700 0.9700 0.9700
v 1.889819 0.015443 -1.692781 1.0000 1.0000 1.0000
v 1.878525 0.045500 -1.715128 1.0000 1.0000 1.0000
v 1.917067 0.043472 -1.691257 1.0000 1.0000 1.0000
v 1.882313 0.025250 -1.710330 1.0000 1.0000 1.0000
v 1.899878 0.028749 -1.707891 1.0000 1.0000 1.0000
v 1.901580 0.045070 -1.709252 1.0000 1.0000 1.0000
v 1.909566 0.023816 -1.693451 1.0000 1.0000 1.0000
v 1.837692 0.918696 -1.531879 1.0000 1.0000 1.0000
v 1.868121 0.891590 -1.540177 1.0000 1.0000 1.0000
v 1.829580 0.893618 -1.564047 1.0000 1.0000 1.0000
v 1.858371 0.910921 -1.535425 1.0000 1.0000 1.0000
v 1.849095 0.908700 -1.551140 1.0000 1.0000 1.0000
v 1.852634 0.893188 -1.558172 1.0000 1.0000 1.0000
v 1.831117 0.912355 -1.552304 1.0000 1.0000 1.0000
v 1.963084 -0.000891 -1.513427 1.0000 1.0000 1.0000
v 1.983309 0.028704 -1.529095 1.0000 1.0000 1.0000
v 1.972437 0.024563 -1.485231 0.9595 0.9595 0.9595
v 1.978219 0.008510 -1.525387 1.0000 1.0000 1.0000
v 1.981634 0.010522 -1.507752 0.9802 0.9802 0.9802
v 1.984832 0.026509 -1.505450 0.9802 0.9802 0.9802
v 1.970531 0.005582 -1.494371 0.9700 0.9700 0.9700
v 1.871088 0.911250 -1.450124 0.9902 0.9902 0.9902
v 1.886056 0.881027 -1.425792 0.9378 0.9378 0.9378
v 1.896929 0.885168 -1.469655 0.9902 0.9902 0.9902
v 1.880180 0.901416 -1.432199 0.9595 0.9595 0.9595
v 1.892011 0.899132 -1.446081 0.9902 0.9902 0.9902
v 1.898452 0.882973 -1.446010 0.9488 0.9488 0.9488
v 1.887868 0.904344 -1.463215 0.9902 0.9902 0.9902
v 1.814446 -0.013262 -1.388705 0.6591 0.6591 0.6591
v 1.838045 0.013378 -1.372463 0.8777 0.8777 0.8777
v 1.792783 0.012846 -1.369225 0.6875 0.6875 0.6875
v 1.831249 -0.006010 -1.377500 0.6591 0.6591 0.6591
v 1.815769 -0.003282 -1.368575 0.6875 0.6875 0.6875
v 1.815931 0.012452 -1.363725 0.6875 0.6875 0.6875
v 1.799244 -0.006386 -1.375210 0.6875 0.6875 0.6875
v 1.803334 0.905611 -1.393271 0.9595 0.9595 0.9595
v 1.782350 0.875632 -1.373512 0.8777 0.8777 0.8777
v 1.827612 0.876163 -1.376751 0.9265 0.9265 0.9265
v 1.788332 0.896060 -1.379695 0.9029 0.9029 0.9029
v 1.804944 0.891885 -1.373024 0.9148 0.9148 0.9148
v 1.805498 0.875237 -1.368013 0.9148 0.9148 0.9148
v 1.820336 0.896436 -1.381985 0.9265 0.9265 0.9265
v 1.649317 -0.004574 -1.490975 0.6591 0.6591 0.6591
v 1.643482 0.020702 -1.461693 0.6591 0.6591 0.6591
v 1.626382 0.024514 -1.503554 0.6181 0.6181 0.6181
v 1.644510 0.001756 -1.471042 0.6875 0.6875 0.6875
v 1.631503 0.006413 -1.482698 0.6875 0.6875 0.6875
v 1.628293 0.022324 -1.479937 0.6591 0.6591 0.6591
v 1.632419 0.004452 -1.500643 0.6591 0.6591 0.6591
v 1.728064 0.909572 -1.439889 0.9700 0.9700 0.9700
v 1.700322 0.882860 -1.455587 0.9265 0.9265 0.9265
v 1.717422 0.879048 -1.413725 0.8777 0.8777 0.8777
v 1.709757 0.902254 -1.450470 0.9700 0.9700 0.9700
v 1.708218 0.896975 -1.432930 0.9148 0.9148 0.9148
v 1.702232 0.880670 -1.431970 0.8905 0.8905 0.8905
v 1.721849 0.899558 -1.420870 0.9029 0.9029 0.9029
v 0.226287 0.011603 -2.350285 0.9902 0.9902 0.9902
v 0.210308 0.039972 -2.329637 0.8777 0.8777 0.8777
v 0.218203 0.040568 -2.374413 0.9802 0.9802 0.9802
v 0.212927 0.020262 -2.336200 0.9148 0.9148 0.9148
v 0.208751 0.024555 -2.353205 0.9488 0.9488 0.9488
v 0.207211 0.040743 -2.353261 0.9595 0.9595 0.9595
v 0.218509 0.020683 -2.367862 0.9902 0.9902 0.9902
v 0.353218 0.618083 -2.319826 1.0000 1.0000 1.0000
v 0.333635 0.592102 -2.346713 1.0000 1.0000 1.0000
v 0.325740 0.591505 -2.301937 0.9148 0.9148 0.9148
v 0.342073 0.611070 -2.338210 1.0000 1.0000 1.0000
v 0.330822 0.607812 -2.323912 1.0000 1.0000 1.0000
v 0.322642 0.592276 -2.325561 0.9802 0.9802 0.9802
v 0.336490 0.610648 -2.306549 0.9595 0.9595 0.9595
v 0.365916 0.006129 -2.485473 1.0000 1.0000 1.0000
v 0.343246 0.035665 -2.495478 0.9902 0.9902 0.9902
v 0.388188 0.032997 -2.501859 1.0000 1.0000 1.0000
v 0.348975 0.015568 -2.494177 0.9902 0.9902 0.9902
v 0.364076 0.018465 -2.503589 1.0000 1.0000 1.0000
v 0.364724 0.034567 -2.505764 1.0000 1.0000 1.0000
v 0.380754 0.013681 -2.498689 1.0000 1.0000 1.0000
v 0.416865 0.615588 -2.381449 1.0000 1.0000 1.0000
v 0.434521 0.587240 -2.407259 1.0000 1.0000 1.0000
v 0.389580 0.589908 -2.400878 1.0000 1.0000 1.0000
v 0.430351 0.606968 -2.397424 1.0000 1.0000 1.0000
v 0.413075 0.604587 -2.403548 1.0000 1.0000 1.0000
v 0.411057 0.588810 -2.411163 1.0000 1.0000 1.0000
v 0.398573 0.608854 -2.392913 1.0000 1.0000 1.0000
v 0.537217 -0.006855 -2.394428 0.9902 0.9902 0.9902
v 0.541594 0.021370 -2.420324 0.9902 0.9902 0.9902
v 0.561474 0.019124 -2.379492 0.9265 0.9265 0.9265
v 0.540813 0.001549 -2.413618 0.9902 0.9902 0.9902
v 0.554634 0.004021 -2.402309 0.9700 0.9700 0.9700
v 0.557965 0.019920 -2.403057 0.9700 0.9700 0.9700
v 0.554870 -0.000038 -2.384746 0.9488 0.9488 0.9488
v 0.494950 0.609669 -2.339947 0.9902 0.9902 0.9902
v 0.523036 0.579792 -2.329947 0.9378 0.9378 0.9378
v 0.503156 0.582038 -2.370780 1.0000 1.0000 1.0000
v 0.513725 0.600126 -2.331711 0.9488 0.9488 0.9488
v 0.513985 0.596938 -2.349915 1.0000 1.0000 1.0000
v 0.519527 0.580588 -2.353513 0.9902 0.9902 0.9902
v 0.499667 0.601714 -2.360584 1.0000 1.0000 1.0000
v 0.503458 -0.009406 -2.202970 0.9378 0.9378 0.9378
v 0.531242 0.016840 -2.208035 0.7118 0.7118 0.7118
v 0.498587 0.018121 -2.176419 0.6591 0.6591 0.6591
v 0.523327 -0.002421 -2.205853 0.6591 0.6591 0.6591
v 0.517080 0.001184 -2.189330 0.6591 0.6591 0.6591
v 0.519882 0.017043 -2.187078 0.6591 0.6591 0.6591
v 0.500236 -0.001516 -2.183496 0.6875 0.6875 0.6875
v 0.479562 0.608507 -2.252675 0.9595 0.9595 0.9595
v 0.476855 0.580051 -2.221620 0.8645 0.8645 0.8645
v 0.509510 0.578771 -2.253236 0.8905 0.8905 0.8905
v 0.476974 0.600000 -2.231883 0.8905 0.8905 0.8905
v 0.494098 0.595436 -2.237132 0.8905 0.8905 0.8905
v 0.498151 0.578973 -2.232280 0.8777 0.8777 0.8777
v 0.500064 0.599094 -2.254239 0.9488 0.9488 0.9488
v 0.311292 0.002003 -2.175689 0.6875 0.6875 0.6875
v 0.326496 0.028337 -2.151987 0.6875 0.6875 0.6875
v 0.286434 0.031374 -2.173280 0.6591 0.6591 0.6591
v 0.320682 0.009144 -2.158005 0.6875 0.6875 0.6875
v 0.303313 0.013875 -2.158982 0.6591 0.6591 0.6591
v 0.303104 0.029912 -2.156302 0.6875 0.6875 0.6875
v 0.292354 0.011291 -2.173062 0.6591 0.6591 0.6591
v 0.391966 0.613707 -2.240239 0.9595 0.9595 0.9595
v 0.359799 0.587658 -2.231982 0.8777 0.8777 0.8777
v 0.399861 0.584622 -2.210689 0.8508 0.8508 0.8508
v 0.370887 0.606763 -2.235900 0.9378 0.9378 0.9378
v 0.380898 0.602156 -2.221061 0.8777 0.8777 0.8777
v 0.376469 0.586197 -2.215005 0.8508 0.8508 0.8508
v 0.399215 0.604616 -2.220843 0.8905 0.8905 0.8905
v -1.292018 -0.008643 -1.955741 1.0000 1.0000 1.0000
v -1.295465 0.018876 -1.928295 0.9488 0.9488 0.9488
v -1.318155 0.017792 -1.967596 1.0000 1.0000 1.0000
v -1.294520 -0.000768 -1.935976 0.9700 0.9700 0.9700
v -1.309214 0.002035 -1.946107 0.9902 0.9902 0.9902
v -1.313002 0.017925 -1.944358 0.9700 0.9700 0.9700
v -1.310565 -0.001535 -1.963766 1.0000 1.0000 1.0000
v -1.265999 0.837033 -1.994100 0.9902 0.9902 0.9902
v -1.293860 0.807442 -2.003413 0.9700 0.9700 0.9700
v -1.271170 0.808527 -1.964113 0.8905 0.8905 0.8905
v -1.285051 0.827732 -2.001381 0.9802 0.9802 0.9802
v -1.283924 0.824031 -1.983392 0.9378 0.9378 0.9378
v -1.288707 0.807575 -1.980176 0.9029 0.9029 0.9029
v -1.269006 0.828498 -1.973591 0.9148 0.9148 0.9148
v -1.271912 -0.005870 -2.149106 1.0000 1.0000 1.0000
v -1.300007 0.020295 -2.142137 1.0000 1.0000 1.0000
v -1.269721 0.022427 -2.175883 1.0000 1.0000 1.0000
v -1.291734 0.001062 -2.144870 1.0000 1.0000 1.0000
v -1.286790 0.005127 -2.161764 1.0000 1.0000 1.0000
v -1.290185 0.021071 -2.163804 1.0000 1.0000 1.0000
v -1.270319 0.002570 -2.168732 1.0000 1.0000 1.0000
v -1.256834 0.838297 -2.082242 1.0000 1.0000 1.0000
v -1.255642 0.810668 -2.113448 1.0000 1.0000 1.0000
v -1.285928 0.808536 -2.079702 0.9802 0.9802 0.9802
v -1.255533 0.830356 -2.103165 1.0000 1.0000 1.0000
v -1.272134 0.825657 -2.096772 1.0000 1.0000 1.0000
v -1.276106 0.809313 -2.101369 1.0000 1.0000 1.0000
v -1.276949 0.828849 -2.079303 1.0000 1.0000 1.0000
v -1.082129 0.006132 -2.189613 0.9902 0.9902 0.9902
v -1.098414 0.033261 -2.212446 0.9902 0.9902 0.9902
v -1.057006 0.035663 -2.194001 0.9595 0.9595 0.9595
v -1.092571 0.013811 -2.206669 1.0000 1.0000 1.0000
v -1.075130 0.018514 -2.206940 0.9902 0.9902 0.9902
v -1.074806 0.034693 -2.209773 0.9902 0.9902 0.9902
v -1.063291 0.015510 -2.193627 0.9802 0.9802 0.9802
v -1.170325 0.843768 -2.100706 1.0000 1.0000 1.0000
v -1.139359 0.817806 -2.110985 1.0000 1.0000 1.0000
v -1.180767 0.815404 -2.129429 1.0000 1.0000 1.0000
v -1.149776 0.836892 -2.106447 1.0000 1.0000 1.0000
v -1.160856 0.832695 -2.120523 1.0000 1.0000 1.0000
v -1.157159 0.816835 -2.126757 1.0000 1.0000 1.0000
v -1.179055 0.835193 -2.119488 1.0000 1.0000 1.0000
v -0.984943 0.010778 -2.021281 0.9700 0.9700 0.9700
v -0.969281 0.039856 -2.042057 0.6591 0.6591 0.6591
v -0.973975 0.039209 -1.996912 0.6875 0.6875 0.6875
v -0.972268 0.019861 -2.035970 0.9029 0.9029 0.9029
v -0.966740 0.023695 -2.019203 0.8777 0.8777 0.8777
v -0.964512 0.039965 -2.018738 0.6875 0.6875 0.6875
v -0.975587 0.019403 -2.004047 0.9029 0.9029 0.9029
v -1.126025 0.845885 -2.023976 0.9902 0.9902 0.9902
v -1.105710 0.818991 -1.999428 0.8777 0.8777 0.8777
v -1.101016 0.819638 -2.044573 0.9802 0.9802 0.9802
v -1.113931 0.838306 -2.006690 0.9378 0.9378 0.9378
v -1.103871 0.835419 -2.021822 0.9488 0.9488 0.9488
v -1.096247 0.819747 -2.021254 0.9378 0.9378 0.9378
v -1.110612 0.838764 -2.038612 0.9902 0.9902 0.9902
v -1.114661 0.001646 -1.876741 0.9700 0.9700 0.9700
v -1.091065 0.030966 -1.866442 0.8905 0.8905 0.8905
v -1.135374 0.028164 -1.856985 0.8905 0.8905 0.8905
v -1.097079 0.010850 -1.868672 0.9148 0.9148 0.9148
v -1.111412 0.013510 -1.858000 0.9029 0.9029 0.9029
v -1.111726 0.029601 -1.854703 0.8365 0.8365 0.8365
v -1.128411 0.008869 -1.861985 0.9265 0.9265 0.9265
v -1.185154 0.841723 -1.958089 0.9700 0.9700 0.9700
v -1.201197 0.812586 -1.932945 0.8777 0.8777 0.8777
v -1.156888 0.815388 -1.942402 0.8645 0.8645 0.8645
v -1.197536 0.832645 -1.941756 0.9029 0.9029 0.9029
v -1.179931 0.830064 -1.937071 0.9029 0.9029 0.9029
v -1.177549 0.814024 -1.930663 0.8645 0.8645 0.8645
v -1.166204 0.834626 -1.948443 0.9148 0.9148 0.9148
v -2.273547 -0.004248 -0.666831 0.9902 0.9902 0.9902
v -2.257136 0.022577 -0.643359 0.9029 0.9029 0.9029
v -2.299748 0.023858 -0.658869 0.9700 0.9700 0.9700
v -2.262371 0.003142 -0.650013 0.9378 0.9378 0.9378
v -2.279956 0.007004 -0.648292 0.9378 0.9378 0.9378
v -2.280898 0.023016 -0.644383 0.9378 0.9378 0.9378
v -2.292502 0.004047 -0.660980 0.9802 0.9802 0.9802
v -2.225507 1.016587 -0.714559 1.0000 1.0000 1.0000
v -2.254342 0.988741 -0.703981 0.9902 0.9902 0.9902
v -2.211729 0.987460 -0.688472 0.9488 0.9488 0.9488
v -2.245234 1.008494 -0.707942 0.9902 0.9902 0.9902
v -2.233029 1.004191 -0.694915 0.9700 0.9700 0.9700
v -2.235491 0.987899 -0.689495 0.9700 0.9700 0.9700
v -2.215102 1.007589 -0.696975 0.9595 0.9595 0.9595
v -2.382141 0.003406 -0.827924 1.0000 1.0000 1.0000
v -2.398128 0.030792 -0.804809 0.9902 0.9902 0.9902
v -2.396513 0.032401 -0.850118 1.0000 1.0000 1.0000
v -2.394320 0.011223 -0.812021 0.9902 0.9902 0.9902
v -2.401215 0.015550 -0.828172 1.0000 1.0000 1.0000
v -2.404483 0.031726 -0.827714 1.0000 1.0000 1.0000
v -2.393178 0.012362 -0.844059 1.0000 1.0000 1.0000
v -2.275007 1.020076 -0.787991 1.0000 1.0000 1.0000
v -2.295252 0.993347 -0.812373 1.0000 1.0000 1.0000
v -2.296867 0.991738 -0.767065 1.0000 1.0000 1.0000
v -2.287765 1.012711 -0.804767 1.0000 1.0000 1.0000
v -2.296563 1.008669 -0.789164 1.0000 1.0000 1.0000
v -2.303221 0.992673 -0.789970 1.0000 1.0000 1.0000
v -2.288907 1.011572 -0.772729 1.0000 1.0000 1.0000
v -2.262349 0.006913 -0.981024 1.0000 1.0000 1.0000
v -2.287989 0.035578 -0.988817 1.0000 1.0000 1.0000
v -2.244378 0.035293 -1.001310 0.9802 0.9802 0.9802
v -2.280861 0.015650 -0.987605 1.0000 1.0000 1.0000
v -2.267452 0.019466 -0.999128 1.0000 1.0000 1.0000
v -2.268154 0.035718 -1.001949 1.0000 1.0000 1.0000
v -2.250024 0.015448 -0.996439 0.9902 0.9902 0.9902
v -2.220402 1.021674 -0.857779 1.0000 1.0000 1.0000
v -2.204731 0.994435 -0.884819 0.9700 0.9700 0.9700
v -2.248342 0.994721 -0.872327 1.0000 1.0000 1.0000
v -2.208750 1.013919 -0.875172 1.0000 1.0000 1.0000
v -2.226477 1.010721 -0.878737 1.0000 1.0000 1.0000
v -2.228507 0.994860 -0.885459 0.9902 0.9902 0.9902
v -2.239588 1.014121 -0.866338 1.0000 1.0000 1.0000
v -2.079719 0.001426 -0.914552 0.9802 0.9802 0.9802
v -2.078927 0.030322 -0.941090 0.9700 0.9700 0.9700
v -2.053589 0.028536 -0.903502 0.9029 0.9029 0.9029
v -2.078790 0.010304 -0.934115 0.9802 0.9802 0.9802
v -2.063524 0.013340 -0.924904 0.9378 0.9378 0.9378
v -2.060313 0.029474 -0.926301 0.9265 0.9265 0.9265
v -2.060874 0.009041 -0.907536 0.9378 0.9378 0.9378
v -2.137154 1.019173 -0.827479 1.0000 1.0000 1.0000
v -2.107876 0.990501 -0.821201 0.9488 0.9488 0.9488
v -2.133214 0.992287 -0.858789 0.9700 0.9700 0.9700
v -2.117386 1.010450 -0.821860 0.9802 0.9802 0.9802
v -2.119628 1.007511 -0.839847 0.9700 0.9700 0.9700
v -2.114600 0.991438 -0.844000 0.9700 0.9700 0.9700
v -2.135303 1.011713 -0.848439 0.9802 0.9802 0.9802
v -2.086640 -0.005472 -0.720370 0.9902 0.9902 0.9902
v -2.059859 0.022287 -0.727585 0.8777 0.8777 0.8777
v -2.087810 0.021469 -0.691863 0.8905 0.8905 0.8905
v -2.067363 0.002573 -0.725471 0.9265 0.9265 0.9265
v -2.071252 0.005637 -0.708076 0.9148 0.9148 0.9148
v -2.068190 0.021623 -0.705313 0.9029 0.9029 0.9029
v -2.087127 0.001995 -0.700212 0.9265 0.9265 0.9265
v -2.140309 1.016029 -0.738964 1.0000 1.0000 1.0000
v -2.138537 0.986981 -0.709437 0.9488 0.9488 0.9488
v -2.110586 0.987800 -0.745160 0.9265 0.9265 0.9265
v -2.139934 1.007097 -0.718507 0.9595 0.9595 0.9595
v -2.123677 1.003475 -0.726239 0.9595 0.9595 0.9595
v -2.118917 0.987136 -0.722888 0.9148 0.9148 0.9148
v -2.120170 1.007676 -0.743767 0.9802 0.9802 0.9802
vn 0.1811 -0.9834 -0.0070
vn 0.3423 -0.9280 -0.1472
vn 0.3762 -0.9253 0.0476
vn 0.2753 -0.3285 -0.9035
vn 0.4096 -0.4600 -0.7878
vn 0.2244 -0.5176 -0.8257
vn 0.9776 -0.2052 -0.0472
vn 0.9115 -0.3719 -0.1759
vn 0.9471 -0.1945 -0.2554
vn 0.2812 0.0259 -0.9593
vn 0.4203 0.1821 -0.8889
vn 0.4737 -0.0080 -0.8806
vn 0.2127 0.9273 -0.3079
vn 0.3713 0.8263 -0.4235
vn 0.1902 0.8446 -0.5004
vn 0.9834 0.1491 -0.1030
vn 0.9221 0.2702 -0.2770
vn 0.9305 0.3530 -0.0977
vn 0.1441 -0.9273 0.3454
vn 0.2752 -0.8263 0.4914
vn 0.0820 -0.8446 0.5291
vn 0.9405 -0.1491 0.3052
vn 0.8443 -0.2702 0.4627
vn 0.8898 -0.3530 0.2891
vn 0.0756 -0.0259 0.9968
vn 0.2263 -0.1821 0.9569
vn 0.2803 0.0080 0.9599
vn 0.1757 0.9834 0.0445
vn 0.3042 0.9280 0.2151
vn 0.3778 0.9253 0.0317
vn 0.0815 0.3285 0.9410
vn 0.2369 0.4600 0.8557
vn 0.0478 0.5176 0.8543
vn 0.9464 0.2052 0.2494
vn 0.8550 0.3719 0.3616
vn 0.8733 0.1945 0.4467
vn -0.1757 -0.9834 -0.0445
vn -0.3042 -0.9280 -0.2151
vn -0.1119 -0.9632 -0.2443
vn -0.9464 -0.2052 -0.2494
vn -0.8550 -0.3719 -0.3616
vn -0.9022 -0.3958 -0.1711
vn -0.0815 -0.3285 -0.9410
vn -0.2369 -0.4600 -0.8557
vn -0.2848 -0.2783 -0.9173
vn -0.1441 0.9273 -0.3454
vn -0.2752 0.8263 -0.4914
vn -0.3479 0.8825 -0.3164
vn -0.0756 0.0259 -0.9968
vn -0.2263 0.1821 -0.9569
vn -0.0354 0.2312 -0.9722
vn -0.9405 0.1491 -0.3052
vn -0.8443 0.2702 -0.4627
vn -0.8688 0.0759 -0.4893
vn -0.2127 -0.9273 0.3079
vn -0.3714 -0.8263 0.4235
vn -0.4061 -0.8825 0.2372
vn -0.2812 -0.0259 0.9593
vn -0.4203 -0.1821 0.8889
vn -0.2368 -0.2312 0.9436
vn -0.9834 -0.1491 0.1030
vn -0.9221 -0.2702 0.2770
vn -0.9515 -0.0759 0.2980
vn -0.1811 0.9834 0.0070
vn -0.3423 0.9280 0.1472
vn -0.1603 0.9632 0.2157
vn -0.9776 0.2052 0.0472
vn -0.9115 0.3719 0.1759
vn -0.9181 0.3958 -0.0202
vn -0.2753 0.3285 0.9035
vn -0.4096 0.4600 0.7878
vn -0.4692 0.2783 0.8381
vn 0.1664 -0.9673 -0.1915
vn 0.3016 -0.8881 -0.3469
vn 0.3686 -0.9152 -0.1630
vn 0.1115 -0.1794 -0.9774
vn 0.2623 -0.3251 -0.9086
vn 0.0727 -0.3791 -0.9225
vn 0.9524 -0.1794 -0.2464
vn 0.8632 -0.3251 -0.3862
vn 0.8865 -0.1369 -0.4420
vn 0.1115 0.1794 -0.9774
vn 0.2623 0.3251 -0.9086
vn 0.3143 0.1369 -0.9394
vn 0.1664 0.9673 -0.1915
vn 0.3016 0.8881 -0.3469
vn 0.1101 0.9152 -0.3877
vn 0.9524 0.1794 -0.2464
vn 0.8632 0.3251 -0.3862
vn 0.9034 0.3791 -0.2004
vn 0.1915 -0.9673 0.1664
vn 0.3469 -0.8881 0.3016
vn 0.1630 -0.9152 0.3686
vn 0.9774 -0.1794 0.1115
vn 0.9086 -0.3251 0.2623
vn 0.9225 -0.3791 0.0727
vn 0.2464 -0.1794 0.9524
vn 0.3862 -0.3251 0.8632
vn 0.4420 -0.1369 0.8865
vn 0.1915 0.9673 0.1664
vn 0.3469 0.8881 0.3016
vn 0.3877 0.9152 0.1101
vn 0.2464 0.1794 0.9524
vn 0.3862 0.3251 0.8632
vn 0.2004 0.3791 0.9034
vn 0.9774 0.1794 0.1115
vn 0.9086 0.3251 0.2623
vn 0.9394 0.1369 0.3143
vn -0.1915 -0.9673 -0.1664
vn -0.3469 -0.8881 -0.3016
vn -0.1630 -0.9152 -0.3686
vn -0.9774 -0.1794 -0.1115
vn -0.9086 -0.3251 -0.2623
vn -0.9225 -0.3791 -0.0727
vn -0.2464 -0.1794 -0.9524
vn -0.3862 -0.3251 -0.8632
vn -0.4420 -0.1369 -0.8865
vn -0.1915 0.9673 -0.1664
vn -0.3469 0.8881 -0.3016
vn -0.3877 0.9152 -0.1101
vn -0.2464 0.1794 -0.9524
vn -0.3862 0.3251 -0.8632
vn -0.2004 0.3791 -0.9034
vn -0.9774 0.1794 -0.1115
vn -0.9086 0.3251 -0.2623
vn -0.9394 0.1369 -0.3143
vn -0.1664 -0.9673 0.1915
vn -0.3016 -0.8881 0.3469
vn -0.3686 -0.9152 0.1630
vn -0.1115 -0.1794 0.9774
vn -0.2623 -0.3251 0.9086
vn -0.0727 -0.3791 0.9225
vn -0.9524 -0.1794 0.2464
vn -0.8632 -0.3251 0.3862
vn -0.8865 -0.1369 0.4420
vn -0.1664 0.9673 0.1915
vn -0.3016 0.8881 0.3469
vn -0.1101 0.9152 0.3877
vn -0.9524 0.1794 0.2464
vn -0.8632 0.3251 0.3862
vn -0.9034 0.3791 0.2004
vn -0.1115 0.1794 0.9774
vn -0.2623 0.3251 0.9086
vn -0.3143 0.1369 0.9394
vn 0.1382 -0.9673 -0.2128
vn 0.2504 -0.8881 -0.3855
vn 0.3424 -0.9152 -0.2127
vn -0.0256 -0.1794 -0.9834
vn 0.1333 -0.3251 -0.9363
vn -0.0564 -0.3791 -0.9236
vn 0.9089 -0.1794 -0.3766
vn 0.8011 -0.3251 -0.5026
vn 0.8164 -0.1369 -0.5611
vn -0.0257 0.1794 -0.9834
vn 0.1333 0.3251 -0.9363
vn 0.1805 0.1369 -0.9740
vn 0.1382 0.9673 -0.2128
vn 0.2504 0.8881 -0.3855
vn 0.0551 0.9152 -0.3992
vn 0.9089 0.1794 -0.3766
vn 0.8011 0.3251 -0.5026
vn 0.8667 0.3791 -0.3241
vn 0.2128 -0.9673 0.1382
vn 0.3855 -0.8881 0.2504
vn 0.2127 -0.9152 0.3423
vn 0.9834 -0.1794 -0.0256
vn 0.9363 -0.3251 0.1333
vn 0.9236 -0.3791 -0.0564
vn 0.3766 -0.1794 0.9089
vn 0.5026 -0.3251 0.8011
vn 0.5611 -0.1369 0.8164
vn 0.2128 0.9673 0.1382
vn 0.3855 0.8881 0.2504
vn 0.3992 0.9152 0.0551
vn 0.3766 0.1794 0.9089
vn 0.5026 0.3251 0.8011
vn 0.3242 0.3791 0.8667
vn 0.9834 0.1794 -0.0256
vn 0.9363 0.3251 0.1333
vn 0.9740 0.1369 0.1805
vn -0.2128 -0.9673 -0.1382
vn -0.3855 -0.8881 -0.2504
vn -0.2127 -0.9152 -0.3423
vn -0.9834 -0.1794 0.0256
vn -0.9363 -0.3251 -0.1333
vn -0.9236 -0.3791 0.0564
vn -0.3766 -0.1794 -0.9089
vn -0.5026 -0.3251 -0.8011
vn -0.5611 -0.1369 -0.8164
vn -0.2128 0.9673 -0.1382
vn -0.3855 0.8881 -0.2504
vn -0.3992 0.9152 -0.0551
vn -0.3766 0.1794 -0.9089
vn -0.5026 0.3251 -0.8011
vn -0.3241 0.3791 -0.8667
vn -0.9834 0.1794 0.0256
vn -0.9363 0.3251 -0.1333
vn -0.9740 0.1369 -0.1805
vn -0.1382 -0.9673 0.2128
vn -0.2504 -0.8881 0.3855
vn -0.3423 -0.9152 0.2127
vn 0.0257 -0.1794 0.9834
vn -0.1333 -0.3251 0.9363
vn 0.0564 -0.3791 0.9236
vn -0.9089 -0.1794 0.3766
vn -0.8011 -0.3251 0.5026
vn -0.8164 -0.1369 0.5611
vn -0.1382 0.9673 0.2128
vn -0.2504 0.8881 0.3855
vn -0.0551 0.9152 0.3993
vn -0.9089 0.1794 0.3766
vn -0.8011 0.3251 0.5026
vn -0.8667 0.3791 0.3241
vn 0.0256 0.1794 0.9834
vn -0.1333 0.3251 0.9363
vn -0.1805 0.1369 0.9740
vn -0.0801 -0.9673 -0.2407
vn -0.1451 -0.8881 -0.4362
vn 0.0474 -0.9152 -0.4002
vn -0.7846 -0.1794 -0.5935
vn -0.6485 -0.3251 -0.6883
vn -0.7570 -0.3791 -0.5322
vn 0.2727 -0.1794 -0.9452
vn 0.1070 -0.3251 -0.9396
vn 0.0708 -0.1369 -0.9881
vn -0.7846 0.1794 -0.5935
vn -0.6485 0.3251 -0.6883
vn -0.6486 0.1369 -0.7487
vn -0.0801 0.9673 -0.2407
vn -0.1451 0.8881 -0.4362
vn -0.2777 0.9152 -0.2921
vn 0.2727 0.1794 -0.9452
vn 0.1070 0.3251 -0.9396
vn 0.2874 0.3791 -0.8796
vn 0.2407 -0.9673 -0.0801
vn 0.4362 -0.8881 -0.1451
vn 0.4002 -0.9152 0.0474
vn 0.5935 -0.1794 -0.7846
vn 0.6883 -0.3251 -0.6485
vn 0.5322 -0.3791 -0.7570
vn 0.9452 -0.1794 0.2727
vn 0.9396 -0.3251 0.1070
vn 0.9881 -0.1369 0.0708
vn 0.2407 0.9673 -0.0801
vn 0.4362 0.8881 -0.1451
vn 0.2921 0.9152 -0.2777
vn 0.9452 0.1794 0.2727
vn 0.9396 0.3251 0.1070
vn 0.8796 0.3791 0.2874
vn 0.5935 0.1794 -0.7846
vn 0.6883 0.3251 -0.6485
vn 0.7487 0.1369 -0.6486
vn -0.2407 -0.9673 0.0801
vn -0.4362 -0.8881 0.1451
vn -0.4002 -0.9152 -0.0474
vn -0.5935 -0.1794 0.7846
vn -0.6883 -0.3251 0.6485
vn -0.5322 -0.3791 0.7570
vn -0.9452 -0.1794 -0.2727
vn -0.9396 -0.3251 -0.1070
vn -0.9881 -0.1369 -0.0708
vn -0.2407 0.9673 0.0801
vn -0.4362 0.8881 0.1451
vn -0.2921 0.9152 0.2777
vn -0.9452 0.1794 -0.2727
vn -0.9396 0.3251 -0.1070
vn -0.8796 0.3791 -0.2874
vn -0.5935 0.1794 0.7846
vn -0.6883 0.3251 0.6485
vn -0.7487 0.1369 0.6486
vn 0.0801 -0.9673 0.2407
vn 0.1451 -0.8881 0.4362
vn -0.0474 -0.9152 0.4002
vn 0.7846 -0.1794 0.5935
vn 0.6485 -0.3251 0.6883
vn 0.7570 -0.3791 0.5322
vn -0.2727 -0.1794 0.9452
vn -0.1070 -0.3251 0.9396
vn -0.0708 -0.1369 0.9881
vn 0.0801 0.9673 0.2407
vn 0.1451 0.8881 0.4362
vn 0.2777 0.9152 0.2921
vn -0.2727 0.1794 0.9452
vn -0.1070 0.3251 0.9396
vn -0.2874 0.3791 0.8796
vn 0.7846 0.1794 0.5935
vn 0.6485 0.3251 0.6883
vn 0.6486 0.1369 0.7487
vn -0.2381 -0.9673 -0.0876
vn -0.4314 -0.8881 -0.1587
vn -0.2832 -0.9152 -0.2867
vn -0.9533 -0.1794 0.2429
vn -0.9425 -0.3251 0.0774
vn -0.8882 -0.3791 0.2596
vn -0.5686 -0.1794 -0.8028
vn -0.6676 -0.3251 -0.6698
vn -0.7280 -0.1369 -0.6718
vn -0.9533 0.1794 0.2429
vn -0.9425 0.3251 0.0774
vn -0.9898 0.1369 0.0398
vn -0.2381 0.9673 -0.0876
vn -0.4314 0.8881 -0.1587
vn -0.4015 0.9152 0.0348
vn -0.5686 0.1794 -0.8028
vn -0.6676 0.3251 -0.6698
vn -0.5081 0.3791 -0.7734
vn 0.0876 -0.9673 -0.2381
vn 0.1587 -0.8881 -0.4314
vn 0.2867 -0.9152 -0.2832
vn -0.2429 -0.1794 -0.9533
vn -0.0774 -0.3251 -0.9425
vn -0.2596 -0.3791 -0.8882
vn 0.8028 -0.1794 -0.5686
vn 0.6698 -0.3251 -0.6676
vn 0.6718 -0.1369 -0.7280
vn 0.0876 0.9673 -0.2381
vn 0.1587 0.8881 -0.4314
vn -0.0348 0.9152 -0.4015
vn 0.8028 0.1794 -0.5686
vn 0.6698 0.3251 -0.6676
vn 0.7734 0.3791 -0.5081
vn -0.2429 0.1794 -0.9533
vn -0.0774 0.3251 -0.9425
vn -0.0398 0.1369 -0.9898
vn -0.0876 -0.9673 0.2381
vn -0.1587 -0.8881 0.4314
vn -0.2867 -0.9152 0.2832
vn 0.2429 -0.1794 0.9533
vn 0.0774 -0.3251 0.9425
vn 0.2596 -0.3791 0.8882
vn -0.8028 -0.1794 0.5686
vn -0.6698 -0.3251 0.6676
vn -0.6718 -0.1369 0.7280
vn -0.0876 0.9673 0.2381
vn -0.1587 0.8881 0.4314
vn 0.0348 0.9152 0.4015
vn -0.8028 0.1794 0.5686
vn -0.6698 0.3251 0.6676
vn -0.7734 0.3791 0.5081
vn 0.2429 0.1794 0.9533
vn 0.0774 0.3251 0.9425
vn 0.0398 0.1369 0.9898
vn 0.2381 -0.9673 0.0876
vn 0.4314 -0.8881 0.1587
vn 0.2832 -0.9152 0.2867
vn 0.9533 -0.1794 -0.2429
vn 0.9425 -0.3251 -0.0774
vn 0.8882 -0.3791 -0.2596
vn 0.5686 -0.1794 0.8028
vn 0.6676 -0.3251 0.6698
vn 0.7280 -0.1369 0.6718
vn 0.2381 0.9673 0.0876
vn 0.4314 0.8881 0.1587
vn 0.4015 0.9152 -0.0348
vn 0.5686 0.1794 0.8028
vn 0.6676 0.3251 0.6698
vn 0.5081 0.3791 0.7734
vn 0.9533 0.1794 -0.2429
vn 0.9425 0.3251 -0.0774
vn 0.9898 0.1369 -0.0398
vn -0.2170 -0.9673 0.1314
vn -0.3932 -0.8881 0.2381
vn -0.4008 -0.9152 0.0425
vn -0.4049 -0.1794 0.8966
vn -0.5275 -0.3251 0.7849
vn -0.3512 -0.3791 0.8561
vn -0.9822 -0.1794 -0.0565
vn -0.9400 -0.3251 0.1038
vn -0.9792 -0.1369 0.1498
vn -0.4049 0.1794 0.8966
vn -0.5275 0.3251 0.7849
vn -0.5864 0.1369 0.7983
vn -0.2170 0.9673 0.1314
vn -0.3932 0.8881 0.2381
vn -0.2233 0.9152 0.3355
vn -0.9822 0.1794 -0.0565
vn -0.9400 0.3251 0.1038
vn -0.9214 0.3791 -0.0854
vn -0.1314 -0.9673 -0.2170
vn -0.2381 -0.8881 -0.3932
vn -0.0425 -0.9152 -0.4008
vn -0.8966 -0.1794 -0.4049
vn -0.7849 -0.3251 -0.5275
vn -0.8561 -0.3791 -0.3512
vn 0.0565 -0.1794 -0.9822
vn -0.1038 -0.3251 -0.9400
vn -0.1498 -0.1369 -0.9792
vn -0.1314 0.9673 -0.2170
vn -0.2381 0.8881 -0.3932
vn -0.3355 0.9152 -0.2233
vn 0.0565 0.1794 -0.9822
vn -0.1038 0.3251 -0.9400
vn 0.0854 0.3791 -0.9214
vn -0.8966 0.1794 -0.4049
vn -0.7849 0.3251 -0.5275
vn -0.7983 0.1369 -0.5864
vn 0.1314 -0.9673 0.2170
vn 0.2381 -0.8881 0.3932
vn 0.0425 -0.9152 0.4008
vn 0.8966 -0.1794 0.4049
vn 0.7849 -0.3251 0.5275
vn 0.8561 -0.3791 0.3512
vn -0.0565 -0.1794 0.9822
vn 0.1038 -0.3251 0.9400
vn 0.1498 -0.1369 0.9792
vn 0.1314 0.9673 0.2170
vn 0.2381 0.8881 0.3932
vn 0.3355 0.9152 0.2233
vn -0.0565 0.1794 0.9822
vn 0.1038 0.3251 0.9400
vn -0.0854 0.3791 0.9214
vn 0.8966 0.1794 0.4049
vn 0.7849 0.3251 0.5275
vn 0.7983 0.1369 0.5864
vn 0.2170 -0.9673 -0.1314
vn 0.3932 -0.8881 -0.2381
vn 0.4008 -0.9152 -0.0425
vn 0.4049 -0.1794 -0.8966
vn 0.5275 -0.3251 -0.7849
vn 0.3512 -0.3791 -0.8561
vn 0.9822 -0.1794 0.0565
vn 0.9400 -0.3251 -0.1038
vn 0.9792 -0.1369 -0.1498
vn 0.2170 0.9673 -0.1314
vn 0.3932 0.8881 -0.2381
vn 0.2233 0.9152 -0.3355
vn 0.9822 0.1794 0.0565
vn 0.9400 0.3251 -0.1038
vn 0.9214 0.3791 0.0854
vn 0.4049 0.1794 -0.8966
vn 0.5275 0.3251 -0.7849
vn 0.5864 0.1369 -0.7983
vn -0.0327 -0.9673 0.2516
vn -0.0592 -0.8881 0.4559
vn -0.2168 -0.9152 0.3397
vn 0.4481 -0.1794 0.8758
vn 0.2843 -0.3251 0.9019
vn 0.4500 -0.3791 0.8086
vn -0.6569 -0.1794 0.7323
vn -0.5053 -0.3251 0.7994
vn -0.4938 -0.1369 0.8587
vn 0.4481 0.1794 0.8758
vn 0.2843 0.3251 0.9019
vn 0.2581 0.1369 0.9564
vn -0.0327 0.9673 0.2516
vn -0.0592 0.8881 0.4559
vn 0.1229 0.9152 0.3838
vn -0.6569 0.1794 0.7323
vn -0.5053 0.3251 0.7994
vn -0.6416 0.3791 0.6668
vn -0.2516 -0.9673 -0.0327
vn -0.4559 -0.8881 -0.0592
vn -0.3397 -0.9152 -0.2168
vn -0.8758 -0.1794 0.4481
vn -0.9019 -0.3251 0.2843
vn -0.8086 -0.3791 0.4500
vn -0.7323 -0.1794 -0.6569
vn -0.7994 -0.3251 -0.5053
vn -0.8587 -0.1369 -0.4938
vn -0.2516 0.9673 -0.0327
vn -0.4559 0.8881 -0.0592
vn -0.3838 0.9152 0.1229
vn -0.7323 0.1794 -0.6569
vn -0.7994 0.3251 -0.5053
vn -0.6668 0.3791 -0.6416
vn -0.8758 0.1794 0.4481
vn -0.9019 0.3251 0.2843
vn -0.9564 0.1369 0.2581
vn 0.2516 -0.9673 0.0327
vn 0.4559 -0.8881 0.0592
vn 0.3397 -0.9152 0.2168
vn 0.8758 -0.1794 -0.4481
vn 0.9019 -0.3251 -0.2843
vn 0.8086 -0.3791 -0.4500
vn 0.7323 -0.1794 0.6569
vn 0.7994 -0.3251 0.5053
vn 0.8587 -0.1369 0.4938
vn 0.2516 0.9673 0.0327
vn 0.4559 0.8881 0.0592
vn 0.3838 0.9152 -0.1229
vn 0.7323 0.1794 0.6569
vn 0.7994 0.3251 0.5053
vn 0.6668 0.3791 0.6416
vn 0.8758 0.1794 -0.4481
vn 0.9019 0.3251 -0.2843
vn 0.9564 0.1369 -0.2581
vn 0.0327 -0.9673 -0.2516
vn 0.0592 -0.8881 -0.4559
vn 0.2168 -0.9152 -0.3397
vn -0.4481 -0.1794 -0.8758
vn -0.2843 -0.3251 -0.9019
vn -0.4500 -0.3791 -0.8086
vn 0.6569 -0.1794 -0.7323
vn 0.5053 -0.3251 -0.7994
vn 0.4938 -0.1369 -0.8587
vn 0.0327 0.9673 -0.2516
vn 0.0592 0.8881 -0.4559
vn -0.1229 0.9152 -0.3838
vn 0.6569 0.1794 -0.7323
vn 0.5053 0.3251 -0.7994
vn 0.6416 0.3791 -0.6668
vn -0.4481 0.1794 -0.8758
vn -0.2843 0.3251 -0.9019
vn -0.2581 0.1369 -0.9564
vn 0.1762 -0.9673 0.1825
vn 0.3193 -0.8881 0.3307
vn 0.1302 -0.9152 0.3814
vn 0.9640 -0.1794 0.1962
vn 0.8823 -0.3251 0.3405
vn 0.9127 -0.3791 0.1528
vn 0.1625 -0.1794 0.9703
vn 0.3095 -0.3251 0.8936
vn 0.3631 -0.1369 0.9217
vn 0.9640 0.1794 0.1962
vn 0.8823 0.3251 0.3405
vn 0.9084 0.1369 0.3950
vn 0.1762 0.9673 0.1825
vn 0.3193 0.8881 0.3307
vn 0.3766 0.9152 0.1435
vn 0.1625 0.1794 0.9703
vn 0.3095 0.3251 0.8936
vn 0.1209 0.3791 0.9174
vn -0.1825 -0.9673 0.1762
vn -0.3307 -0.8881 0.3193
vn -0.3814 -0.9152 0.1302
vn -0.1962 -0.1794 0.9640
vn -0.3405 -0.3251 0.8823
vn -0.1528 -0.3791 0.9127
vn -0.9703 -0.1794 0.1625
vn -0.8936 -0.3251 0.3095
vn -0.9217 -0.1369 0.3631
vn -0.1825 0.9673 0.1762
vn -0.3307 0.8881 0.3193
vn -0.1435 0.9152 0.3766
vn -0.9703 0.1794 0.1625
vn -0.8936 0.3251 0.3095
vn -0.9174 0.3791 0.1209
vn -0.1962 0.1794 0.9640
vn -0.3405 0.3251 0.8823
vn -0.3950 0.1369 0.9084
vn 0.1825 -0.9673 -0.1762
vn 0.3307 -0.8881 -0.3193
vn 0.3814 -0.9152 -0.1302
vn 0.1962 -0.1794 -0.9640
vn 0.3405 -0.3251 -0.8823
vn 0.1528 -0.3791 -0.9127
vn 0.9703 -0.1794 -0.1625
vn 0.8936 -0.3251 -0.3095
vn 0.9217 -0.1369 -0.3631
vn 0.1825 0.9673 -0.1762
vn 0.3307 0.8881 -0.3193
vn 0.1435 0.9152 -0.3766
vn 0.9703 0.1794 -0.1625
vn 0.8936 0.3251 -0.3095
vn 0.9174 0.3791 -0.1209
vn 0.1962 0.1794 -0.9640
vn 0.3405 0.3251 -0.8823
vn 0.3950 0.1369 -0.9084
vn -0.1762 -0.9673 -0.1825
vn -0.3193 -0.8881 -0.3307
vn -0.1302 -0.9152 -0.3814
vn -0.9640 -0.1794 -0.1962
vn -0.8823 -0.3251 -0.3405
vn -0.9127 -0.3791 -0.1528
vn -0.1625 -0.1794 -0.9703
vn -0.3095 -0.3251 -0.8936
vn -0.3631 -0.1369 -0.9217
vn -0.1762 0.9673 -0.1825
vn -0.3193 0.8881 -0.3307
vn -0.3766 0.9152 -0.1435
vn -0.1625 0.1794 -0.9703
vn -0.3095 0.3251 -0.8936
vn -0.1209 0.3791 -0.9174
vn -0.9640 0.1794 -0.1962
vn -0.8823 0.3251 -0.3405
vn -0.9084 0.1369 -0.3950
vn 0.2526 -0.9673 -0.0239
vn 0.4577 -0.8881 -0.0433
vn 0.3793 -0.9152 0.1362
vn 0.7548 -0.1794 -0.6310
vn 0.8165 -0.3251 -0.4771
vn 0.6888 -0.3791 -0.6179
vn 0.8596 -0.1794 0.4784
vn 0.8915 -0.3251 0.3156
vn 0.9468 -0.1369 0.2913
vn 0.7548 0.1794 -0.6310
vn 0.8165 0.3251 -0.4771
vn 0.8755 0.1369 -0.4635
vn 0.2526 0.9673 -0.0239
vn 0.4576 0.8881 -0.0433
vn 0.3471 0.9152 -0.2048
vn 0.8596 0.1794 0.4784
vn 0.8915 0.3251 0.3156
vn 0.7924 0.3791 0.4779
vn 0.0239 -0.9673 0.2526
vn 0.0433 -0.8881 0.4577
vn -0.1362 -0.9152 0.3793
vn 0.6310 -0.1794 0.7548
vn 0.4771 -0.3251 0.8165
vn 0.6179 -0.3791 0.6888
vn -0.4784 -0.1794 0.8596
vn -0.3156 -0.3251 0.8915
vn -0.2913 -0.1369 0.9468
vn 0.0239 0.9673 0.2526
vn 0.0433 0.8881 0.4577
vn 0.2049 0.9152 0.3471
vn -0.4784 0.1794 0.8596
vn -0.3156 0.3251 0.8915
vn -0.4779 0.3791 0.7924
vn 0.6310 0.1794 0.7548
vn 0.4771 0.3251 0.8165
vn 0.4635 0.1369 0.8754
vn -0.0239 -0.9673 -0.2526
vn -0.0433 -0.8881 -0.4577
vn 0.1362 -0.9152 -0.3793
vn -0.6310 -0.1794 -0.7548
vn -0.4771 -0.3251 -0.8165
vn -0.6179 -0.3791 -0.6888
vn 0.4784 -0.1794 -0.8596
vn 0.3156 -0.3251 -0.8915
vn 0.2913 -0.1369 -0.9468
vn -0.0239 0.9673 -0.2526
vn -0.0433 0.8881 -0.4577
vn -0.2048 0.9152 -0.3471
vn 0.4784 0.1794 -0.8596
vn 0.3156 0.3251 -0.8915
vn 0.4779 0.3791 -0.7924
vn -0.6310 0.1794 -0.7548
vn -0.4771 0.3251 -0.8165
vn -0.4635 0.1369 -0.8754
vn -0.2526 -0.9673 0.0239
vn -0.4577 -0.8881 0.0433
vn -0.3793 -0.9152 -0.1362
vn -0.7548 -0.1794 0.6310
vn -0.8165 -0.3251 0.4771
vn -0.6888 -0.3791 0.6179
vn -0.8597 -0.1794 -0.4784
vn -0.8915 -0.3251 -0.3156
vn -0.9468 -0.1369 -0.2913
vn -0.2526 0.9673 0.0239
vn -0.4576 0.8881 0.0433
vn -0.3471 0.9152 0.2048
vn -0.8597 0.1794 -0.4784
vn -0.8915 0.3251 -0.3156
vn -0.7924 0.3791 -0.4779
vn -0.7548 0.1794 0.6310
vn -0.8165 0.3251 0.4771
vn -0.8754 0.1369 0.4635
vn 0.0716 -0.9575 0.2793
vn 0.1550 -0.8524 0.4993
vn -0.0409 -0.8951 0.4439
vn 0.7310 -0.1228 0.6712
vn 0.6082 -0.2525 0.7525
vn 0.7003 -0.3271 0.6345
vn -0.1346 -0.0957 0.9863
vn 0.0043 -0.2335 0.9723
vn 0.0415 -0.0472 0.9980
vn 0.1177 0.9635 0.2404
vn 0.1895 0.8751 0.4452
vn 0.2974 0.9071 0.2979
vn -0.1207 0.2678 0.9559
vn 0.0206 0.4003 0.9162
vn -0.1243 0.4550 0.8818
vn 0.7210 0.2414 0.6495
vn 0.5948 0.3823 0.7072
vn 0.6005 0.2090 0.7718
vn -0.2535 -0.9493 0.1860
vn -0.4358 -0.8375 0.3298
vn -0.4442 -0.8868 0.1279
vn -0.4132 -0.0886 0.9063
vn -0.5299 -0.2200 0.8190
vn -0.3899 -0.2943 0.8725
vn -0.9804 -0.0794 0.1801
vn -0.9257 -0.2136 0.3123
vn -0.9366 -0.0258 0.3495
vn -0.1820 0.9711 0.1544
vn -0.3554 0.8889 0.2888
vn -0.1816 0.9209 0.3448
vn -0.9434 0.2836 0.1718
vn -0.8605 0.4192 0.2896
vn -0.8721 0.4691 0.1394
vn -0.3918 0.2747 0.8781
vn -0.4843 0.4131 0.7713
vn -0.5458 0.2414 0.8024
vn -0.2654 -0.9521 -0.1521
vn -0.4573 -0.8425 -0.2846
vn -0.2685 -0.8961 -0.3534
vn -0.9906 -0.0818 -0.1097
vn -0.9451 -0.2182 -0.2432
vn -0.9534 -0.2875 -0.0912
vn -0.4756 -0.1033 -0.8736
vn -0.5858 -0.2332 -0.7762
vn -0.6225 -0.0450 -0.7813
vn -0.1929 0.9685 -0.1573
vn -0.3753 0.8843 -0.2779
vn -0.3744 0.9223 -0.0964
vn -0.4524 0.2604 -0.8529
vn -0.5373 0.4006 -0.7422
vn -0.3975 0.4471 -0.8013
vn -0.9533 0.2813 -0.1101
vn -0.8789 0.4148 -0.2355
vn -0.9293 0.2422 -0.2787
vn 0.0524 -0.9621 -0.2678
vn 0.1202 -0.8607 -0.4948
vn 0.2434 -0.9103 -0.3348
vn -0.2032 -0.1119 -0.9727
vn -0.0636 -0.2496 -0.9663
vn -0.2114 -0.3160 -0.9249
vn 0.6823 -0.1343 -0.7186
vn 0.5543 -0.2652 -0.7889
vn 0.5497 -0.0783 -0.8317
vn 0.1001 0.9593 -0.2639
vn 0.1574 0.8675 -0.4718
vn -0.0145 0.9092 -0.4161
vn 0.6737 0.2302 -0.7023
vn 0.5436 0.3702 -0.7533
vn 0.6436 0.4194 -0.6403
vn -0.1875 0.2520 -0.9494
vn -0.0437 0.3851 -0.9218
vn -0.0201 0.2102 -0.9774
vn 0.2607 -0.9654 -0.0011
vn 0.4986 -0.8668 -0.0103
vn 0.3841 -0.9097 0.1579
vn 0.8608 -0.1372 -0.4901
vn 0.8964 -0.2708 -0.3509
vn 0.8106 -0.3404 -0.4764
vn 0.8931 -0.1296 0.4309
vn 0.9189 -0.2655 0.2917
vn 0.9601 -0.0797 0.2681
vn 0.2921 0.9562 -0.0181
vn 0.5065 0.8619 -0.0249
vn 0.4007 0.8998 -0.1724
vn 0.8787 0.2348 0.4157
vn 0.8884 0.3700 0.2716
vn 0.8124 0.4243 0.3999
vn 0.8473 0.2274 -0.4799
vn 0.8670 0.3650 -0.3392
vn 0.9254 0.1898 -0.3282
vn 0.2045 -0.9671 0.1512
vn 0.4124 -0.8707 0.2679
vn 0.2260 -0.9089 0.3505
vn 0.9867 -0.1570 0.0429
vn 0.9402 -0.2880 0.1816
vn 0.9327 -0.3593 0.0307
vn 0.5263 -0.1297 0.8404
vn 0.6191 -0.2689 0.7378
vn 0.6703 -0.0842 0.7373
vn 0.2742 0.9534 0.1256
vn 0.4583 0.8571 0.2352
vn 0.4473 0.8928 0.0531
vn 0.5291 0.2345 0.8155
vn 0.6164 0.3666 0.6969
vn 0.4849 0.4246 0.7646
vn 0.9774 0.2079 0.0391
vn 0.9223 0.3484 0.1670
vn 0.9624 0.1727 0.2098
vn -0.1037 -0.9519 0.2884
vn -0.1478 -0.8430 0.5172
vn -0.2850 -0.8853 0.3674
vn 0.2617 -0.1167 0.9581
vn 0.1123 -0.2439 0.9633
vn 0.2517 -0.3212 0.9130
vn -0.6384 -0.0768 0.7659
vn -0.5154 -0.2161 0.8292
vn -0.4946 -0.0296 0.8686
vn -0.0111 0.9675 0.2525
vn -0.0604 0.8827 0.4660
vn 0.1101 0.9110 0.3975
vn -0.6050 0.2861 0.7431
vn -0.4620 0.4168 0.7829
vn -0.5657 0.4721 0.6761
vn 0.2714 0.2473 0.9302
vn 0.1362 0.3903 0.9106
vn 0.1037 0.2180 0.9704
vn -0.3294 -0.9435 0.0372
vn -0.5578 -0.8277 0.0608
vn -0.4592 -0.8810 -0.1138
vn -0.8320 -0.0696 0.5504
vn -0.8864 -0.2023 0.4163
vn -0.7973 -0.2759 0.5369
vn -0.9279 -0.0722 -0.3658
vn -0.9533 -0.2041 -0.2227
vn -0.9797 -0.0156 -0.1999
vn -0.2199 0.9753 0.0202
vn -0.4401 0.8969 0.0434
vn -0.3214 0.9291 0.1828
vn -0.8870 0.2905 -0.3590
vn -0.8772 0.4281 -0.2172
vn -0.8066 0.4752 -0.3515
vn -0.7936 0.2931 0.5331
vn -0.8135 0.4299 0.3916
vn -0.8847 0.2589 0.3877
vn -0.1606 -0.9535 -0.2551
vn -0.2511 -0.8459 -0.4705
vn -0.0559 -0.9020 -0.4281
vn -0.7830 -0.0808 -0.6167
vn -0.6758 -0.2206 -0.7033
vn -0.7644 -0.2860 -0.5778
vn 0.0578 -0.1224 -0.9908
vn -0.0893 -0.2496 -0.9642
vn -0.1146 -0.0615 -0.9915
vn -0.0637 0.9661 -0.2504
vn -0.1561 0.8801 -0.4485
vn -0.2509 0.9222 -0.2942
vn 0.0728 0.2417 -0.9676
vn -0.0555 0.3849 -0.9213
vn 0.0952 0.4296 -0.8980
vn -0.7459 0.2821 -0.6034
vn -0.6143 0.4125 -0.6727
vn -0.6368 0.2389 -0.7331
vn 0.1694 -0.9681 -0.1847
vn 0.3486 -0.8725 -0.3425
vn 0.3675 -0.9192 -0.1412
vn 0.3410 -0.1349 -0.9303
vn 0.4532 -0.2736 -0.8484
vn 0.3047 -0.3376 -0.8906
vn 0.9565 -0.1579 -0.2453
vn 0.8825 -0.2896 -0.3706
vn 0.9051 -0.1038 -0.4123
vn 0.2417 0.9525 -0.1852
vn 0.3991 0.8555 -0.3299
vn 0.2241 0.8998 -0.3744
vn 0.9480 0.2071 -0.2417
vn 0.8676 0.3469 -0.3563
vn 0.8933 0.3983 -0.2082
vn 0.3487 0.2295 -0.9087
vn 0.4586 0.3622 -0.8115
vn 0.5048 0.1856 -0.8431
vn 0.2823 -0.9554 -0.0869
vn 0.5159 -0.8476 -0.1239
vn 0.4253 -0.9032 0.0574
vn 0.7883 -0.0738 -0.6108
vn 0.8482 -0.2117 -0.4855
vn 0.7480 -0.2798 -0.6018
vn 0.9485 -0.1091 0.2974
vn 0.9601 -0.2364 0.1492
vn 0.9905 -0.0479 0.1292
vn 0.2623 0.9649 -0.0087
vn 0.4742 0.8790 -0.0494
vn 0.3497 0.9198 -0.1779
vn 0.9190 0.2542 0.3015
vn 0.9034 0.3959 0.1647
vn 0.8448 0.4400 0.3045
vn 0.7640 0.2883 -0.5772
vn 0.7980 0.4192 -0.4330
vn 0.8632 0.2474 -0.4401
vn 0.1329 -0.9666 0.2191
vn 0.2444 -0.8681 0.4321
vn 0.0419 -0.9151 0.4009
vn 0.8212 -0.1187 0.5582
vn 0.7153 -0.2548 0.6507
vn 0.7922 -0.3228 0.5178
vn 0.0063 -0.1327 0.9911
vn 0.1458 -0.2646 0.9533
vn 0.1814 -0.0779 0.9803
vn 0.1267 0.9547 0.2692
vn 0.2275 0.8605 0.4559
vn 0.3126 0.9017 0.2987
vn 0.0073 0.2314 0.9728
vn 0.1379 0.3695 0.9189
vn -0.0113 0.4197 0.9076
vn 0.7957 0.2449 0.5540
vn 0.6743 0.3787 0.6340
vn 0.6946 0.2046 0.6897
vn -0.2044 -0.9637 0.1717
vn -0.3686 -0.8628 0.3460
vn -0.4034 -0.9038 0.1428
vn -0.2813 -0.1302 0.9508
vn -0.4072 -0.2598 0.8756
vn -0.2597 -0.3343 0.9060
vn -0.9450 -0.1035 0.3101
vn -0.8710 -0.2412 0.4280
vn -0.8785 -0.0551 0.4745
vn -0.1797 0.9574 0.2262
vn -0.3297 0.8653 0.3777
vn -0.1524 0.8989 0.4108
vn -0.9133 0.2596 0.3139
vn -0.8163 0.3915 0.4246
vn -0.8497 0.4464 0.2804
vn -0.2711 0.2338 0.9337
vn -0.3795 0.3739 0.8463
vn -0.4329 0.2010 0.8788
vn -0.2636 -0.9507 -0.1636
vn -0.4760 -0.8391 -0.2633
vn -0.2953 -0.8849 -0.3603
vn -0.9954 -0.0924 0.0244
vn -0.9679 -0.2198 -0.1216
vn -0.9541 -0.2984 0.0262
vn -0.5908 -0.0619 -0.8045
vn -0.6852 -0.1985 -0.7008
vn -0.7245 -0.0110 -0.6891
vn -0.2334 0.9692 -0.0784
vn -0.4273 0.8868 -0.1760
vn -0.4027 0.9153 0.0035
vn -0.5705 0.2998 -0.7646
vn -0.6407 0.4316 -0.6351
vn -0.5118 0.4833 -0.7102
vn -0.9620 0.2704 0.0373
vn -0.9070 0.4115 -0.0895
vn -0.9611 0.2415 -0.1343
vn 0.0373 -0.9455 -0.3234
vn 0.0706 -0.8297 -0.5537
vn 0.2169 -0.8845 -0.4130
vn -0.3344 -0.0575 -0.9407
vn -0.1920 -0.1900 -0.9628
vn -0.3313 -0.2646 -0.9057
vn 0.5795 -0.0654 -0.8123
vn 0.4466 -0.1955 -0.8731
vn 0.4306 -0.0066 -0.9025
vn 0.0398 0.9739 -0.2235
vn 0.0695 0.8953 -0.4400
vn -0.0924 0.9282 -0.3603
vn 0.5619 0.2965 -0.7723
vn 0.4222 0.4343 -0.7957
vn 0.5354 0.4794 -0.6954
vn -0.3223 0.3041 -0.8965
vn -0.1793 0.4395 -0.8802
vn -0.1600 0.2702 -0.9494
vn 0.1851 -0.9676 -0.1719
vn 0.3360 -0.8718 -0.3566
vn 0.3849 -0.9092 -0.1587
vn 0.2138 -0.1611 -0.9635
vn 0.3423 -0.2918 -0.8931
vn 0.1924 -0.3631 -0.9117
vn 0.9190 -0.1314 -0.3718
vn 0.8341 -0.2711 -0.4805
vn 0.8426 -0.0865 -0.5316
vn 0.1707 0.9527 -0.2514
vn 0.3108 0.8559 -0.4134
vn 0.1293 0.8914 -0.4343
vn 0.8951 0.2329 -0.3802
vn 0.7935 0.3646 -0.4873
vn 0.8373 0.4231 -0.3462
vn 0.2081 0.2039 -0.9566
vn 0.3245 0.3448 -0.8808
vn 0.3737 0.1688 -0.9121
vn 0.2666 -0.9512 0.1552
vn 0.4840 -0.8421 0.2379
vn 0.3129 -0.8840 0.3472
vn 0.9889 -0.1173 -0.0909
vn 0.9680 -0.2442 0.0575
vn 0.9427 -0.3218 -0.0882
vn 0.6434 -0.0750 0.7619
vn 0.7270 -0.2147 0.6522
vn 0.7694 -0.0283 0.6381
vn 0.2462 0.9678 0.0517
vn 0.4480 0.8834 0.1377
vn 0.4101 0.9111 -0.0423
vn 0.6266 0.2878 0.7242
vn 0.6907 0.4182 0.5899
vn 0.5675 0.4738 0.6734
vn 0.9633 0.2466 -0.1064
vn 0.9205 0.3900 0.0229
vn 0.9738 0.2178 0.0659
vn -0.0198 -0.9425 0.3337
vn -0.0364 -0.8262 0.5623
vn -0.1910 -0.8799 0.4351
vn 0.3975 -0.0675 0.9151
vn 0.2561 -0.2003 0.9457
vn 0.3904 -0.2739 0.8790
vn -0.5213 -0.0711 0.8504
vn -0.3846 -0.2028 0.9005
vn -0.3670 -0.0142 0.9301
vn -0.0191 0.9760 0.2171
vn -0.0344 0.8981 0.4384
vn 0.1236 0.9303 0.3455
vn -0.5080 0.2916 0.8105
vn -0.3668 0.4294 0.8253
vn -0.4869 0.4763 0.7322
vn 0.3870 0.2951 0.8736
vn 0.2441 0.4318 0.8683
vn 0.2280 0.2609 0.9381
vn -0.2782 -0.9534 0.1169
vn -0.5060 -0.8460 0.1682
vn -0.4305 -0.9025 -0.0164
vn -0.7432 -0.0805 0.6642
vn -0.8096 -0.2208 0.5439
vn -0.7012 -0.2856 0.6532
vn -0.9655 -0.1250 -0.2285
vn -0.9646 -0.2518 -0.0786
vn -0.9962 -0.0638 -0.0591
vn -0.2586 0.9659 0.0162
vn -0.4698 0.8798 0.0731
vn -0.3343 0.9225 0.1932
vn -0.9407 0.2391 -0.2406
vn -0.9177 0.3828 -0.1066
vn -0.8686 0.4272 -0.2511
vn -0.7242 0.2825 0.6291
vn -0.7699 0.4124 0.4870
vn -0.8330 0.2386 0.4992
vn -0.1516 -0.9689 -0.1957
vn -0.2759 -0.8742 -0.3997
vn -0.0745 -0.9206 -0.3834
vn -0.8567 -0.1383 -0.4968
vn -0.7563 -0.2773 -0.5925
vn -0.8236 -0.3407 -0.4534
vn -0.0753 -0.1623 -0.9839
vn -0.2114 -0.2940 -0.9321
vn -0.2487 -0.1084 -0.9625
vn -0.1412 0.9515 -0.2734
vn -0.2564 0.8536 -0.4534
vn -0.3307 0.8985 -0.2888
vn -0.0736 0.2028 -0.9765
vn -0.2006 0.3427 -0.9178
vn -0.0502 0.3943 -0.9176
vn -0.8348 0.2261 -0.5020
vn -0.7202 0.3586 -0.5939
vn -0.7429 0.1817 -0.6442
vn 0.0208 -0.9409 -0.3380
vn 0.0182 -0.8231 -0.5675
vn 0.1833 -0.8736 -0.4509
vn -0.4595 -0.0700 -0.8854
vn -0.3174 -0.1985 -0.9273
vn -0.4448 -0.2766 -0.8519
vn 0.4621 -0.0497 -0.8854
vn 0.3258 -0.1843 -0.9273
vn 0.3008 0.0040 -0.9537
vn -0.0215 0.9766 -0.2141
vn -0.0198 0.9001 -0.4352
vn -0.1711 0.9276 -0.3321
vn 0.4410 0.3120 -0.8415
vn 0.2955 0.4459 -0.8449
vn 0.4204 0.4949 -0.7605
vn -0.4544 0.2922 -0.8415
vn -0.3149 0.4324 -0.8449
vn -0.2997 0.2630 -0.9171
vn 0.2950 -0.9453 -0.1391
vn 0.5164 -0.8311 -0.2062
vn 0.4549 -0.8904 -0.0162
vn 0.6969 -0.0534 -0.7152
vn 0.7762 -0.1915 -0.6007
vn 0.6624 -0.2600 -0.7026
vn 0.9827 -0.0931 0.1603
vn 0.9756 -0.2192 0.0103
vn 0.9995 -0.0301 -0.0109
vn 0.2306 0.9725 -0.0312
vn 0.4386 0.8928 -0.1027
vn 0.2948 0.9316 -0.2126
vn 0.9470 0.2698 0.1746
vn 0.9098 0.4128 0.0432
vn 0.8699 0.4549 0.1907
vn 0.6693 0.3083 -0.6760
vn 0.7205 0.4391 -0.5368
vn 0.7879 0.2679 -0.5544
vn 0.1907 -0.9645 0.1826
vn 0.3269 -0.8660 0.3783
vn 0.1252 -0.9183 0.3757
vn 0.8934 -0.1095 0.4357
vn 0.8044 -0.2508 0.5386
vn 0.8636 -0.3132 0.3951
vn 0.1484 -0.1544 0.9768
vn 0.2845 -0.2821 0.9163
vn 0.3185 -0.0952 0.9431
vn 0.1347 0.9549 0.2646
vn 0.2643 0.8607 0.4352
vn 0.3255 0.9071 0.2668
vn 0.1364 0.2102 0.9681
vn 0.2548 0.3533 0.9001
vn 0.1036 0.4002 0.9106
vn 0.8602 0.2538 0.4424
vn 0.7482 0.3830 0.5417
vn 0.7799 0.2076 0.5904
vn -0.1480 -0.9720 0.1826
vn -0.2884 -0.8796 0.3783
vn -0.3501 -0.9186 0.1832
vn -0.1415 -0.1608 0.9768
vn -0.2717 -0.2943 0.9163
vn -0.1192 -0.3627 0.9243
vn -0.8877 -0.1488 0.4357
vn -0.7925 -0.2860 0.5386
vn -0.8011 -0.1014 0.5899
vn -0.1767 0.9480 0.2646
vn -0.3020 0.8482 0.4352
vn -0.1214 0.8880 0.4436
vn -0.8705 0.2156 0.4424
vn -0.7644 0.3497 0.5417
vn -0.8194 0.4064 0.4043
vn -0.1455 0.2040 0.9681
vn -0.2701 0.3418 0.9001
vn -0.3126 0.1654 0.9354
vn -0.2530 -0.9574 -0.1391
vn -0.4793 -0.8531 -0.2063
vn -0.3142 -0.8910 -0.3276
vn -0.9776 -0.1363 0.1603
vn -0.9650 -0.2620 0.0103
vn -0.9278 -0.3400 0.1536
vn -0.6938 -0.0841 -0.7152
vn -0.7670 -0.2256 -0.6007
vn -0.8120 -0.0400 -0.5823
vn -0.2733 0.9614 -0.0312
vn -0.4776 0.8726 -0.1027
vn -0.4283 0.9006 0.0735
vn -0.6822 0.2785 -0.6760
vn -0.7392 0.4069 -0.5368
vn -0.6236 0.4650 -0.6284
vn -0.9579 0.2278 0.1746
vn -0.9271 0.3723 0.0432
vn -0.9799 0.1996 0.0036
vn -0.1811 -0.9338 -0.3085
vn -0.3336 -0.8125 -0.4781
vn -0.1307 -0.8580 -0.4968
vn -0.9200 -0.0733 -0.3850
vn -0.8356 -0.1950 -0.5135
vn -0.8829 -0.2798 -0.3770
vn -0.2151 -0.0147 -0.9765
vn -0.3436 -0.1541 -0.9264
vn -0.3836 0.0335 -0.9229
vn -0.1755 0.9781 -0.1121
vn -0.3146 0.9054 -0.2852
vn -0.3646 0.9248 -0.1083
vn -0.2108 0.3449 -0.9147
vn -0.3270 0.4725 -0.8184
vn -0.1783 0.5252 -0.8321
vn -0.8951 0.2879 -0.3405
vn -0.7934 0.4337 -0.4270
vn -0.8248 0.2665 -0.4987
vn 0.1571 -0.9299 -0.3327
vn 0.2810 -0.8053 -0.5221
vn 0.3575 -0.8702 -0.3391
vn 0.0742 -0.0113 -0.9972
vn 0.2117 -0.1475 -0.9661
vn 0.0606 -0.2194 -0.9738
vn 0.8573 -0.0525 -0.5122
vn 0.7583 -0.1763 -0.6276
vn 0.7585 0.0140 -0.6515
vn 0.1348 0.9817 -0.1343
vn 0.2496 0.9120 -0.3255
vn 0.0683 0.9464 -0.3158
vn 0.8305 0.3082 -0.4639
vn 0.7142 0.4514 -0.5349
vn 0.7776 0.4893 -0.3948
vn 0.0703 0.3482 -0.9348
vn 0.1961 0.4787 -0.8558
vn 0.2401 0.3111 -0.9195
vn 0.2849 -0.9584 -0.0199
vn 0.5132 -0.8570 0.0463
vn 0.3580 -0.9178 0.1719
vn 0.9666 -0.0768 -0.2446
vn 0.9681 -0.2231 -0.1140
vn 0.9225 -0.2811 -0.2644
vn 0.7457 -0.1610 0.6466
vn 0.8139 -0.2818 0.5081
vn 0.8528 -0.0940 0.5138
vn 0.2521 0.9556 0.1527
vn 0.4628 0.8645 0.1963
vn 0.4004 0.9158 0.0301
vn 0.7222 0.2028 0.6612
vn 0.7657 0.3517 0.5386
vn 0.6558 0.3918 0.6454
vn 0.9367 0.2845 -0.2040
vn 0.9118 0.4074 -0.0511
vn 0.9716 0.2330 -0.0410
vn 0.0256 -0.9799 0.1977
vn 0.0421 -0.8962 0.4416
vn -0.1300 -0.9350 0.3300
vn 0.5239 -0.1794 0.8327
vn 0.3883 -0.3172 0.8652
vn 0.5117 -0.3796 0.7707
vn -0.3957 -0.1902 0.8985
vn -0.2536 -0.3248 0.9111
vn -0.2311 -0.1413 0.9626
vn 0.0142 0.9358 0.3523
vn 0.0303 0.8285 0.5592
vn 0.1728 0.8754 0.4514
vn -0.3860 0.1744 0.9059
vn -0.2437 0.3112 0.9186
vn -0.3755 0.3674 0.8509
vn 0.5068 0.1849 0.8420
vn 0.3647 0.3183 0.8750
vn 0.3588 0.1401 0.9228
vn -0.2623 -0.9648 0.0193
vn -0.4812 -0.8687 0.1174
vn -0.4320 -0.8980 -0.0832
vn -0.6421 -0.1773 0.7459
vn -0.7265 -0.2999 0.6183
vn -0.6041 -0.3788 0.7011
vn -0.9895 -0.0998 -0.1046
vn -0.9690 -0.2458 0.0246
vn -0.9952 -0.0625 0.0747
vn -0.2500 0.9497 0.1886
vn -0.4502 0.8538 0.2616
vn -0.3000 0.8810 0.3658
vn -0.9626 0.2622 -0.0681
vn -0.9191 0.3859 0.0799
vn -0.8909 0.4499 -0.0622
vn -0.6253 0.1870 0.7577
vn -0.6892 0.3346 0.6427
vn -0.7514 0.1608 0.6399
vn -0.3489 -0.9342 -0.0740
vn -0.5781 -0.8081 -0.1127
vn -0.4296 -0.8657 -0.2571
vn -0.9534 -0.0125 0.3015
vn -0.9783 -0.1379 0.1548
vn -0.9297 -0.2215 0.2942
vn -0.7928 -0.0003 -0.6095
vn -0.8657 -0.1294 -0.4835
vn -0.8855 0.0602 -0.4607
vn -0.1937 0.9808 -0.0211
vn -0.4071 0.9114 -0.0596
vn -0.3349 0.9367 0.1026
vn -0.7365 0.3568 -0.5747
vn -0.7576 0.4901 -0.4311
vn -0.6528 0.5321 -0.5391
vn -0.8902 0.3452 0.2972
vn -0.8616 0.4822 0.1586
vn -0.9381 0.3197 0.1334
vn -0.1007 -0.9440 -0.3143
vn -0.1270 -0.8258 -0.5494
vn 0.0523 -0.8912 -0.4506
vn -0.5838 -0.0085 -0.8119
vn -0.4609 -0.1453 -0.8755
vn -0.5834 -0.2170 -0.7827
vn 0.3306 -0.0628 -0.9417
vn 0.1799 -0.1833 -0.9665
vn 0.1646 0.0070 -0.9863
vn 0.0247 0.9723 -0.2325
vn -0.0099 0.8958 -0.4443
vn -0.1395 0.9348 -0.3265
vn 0.3388 0.2970 -0.8928
vn 0.2050 0.4404 -0.8741
vn 0.3428 0.4761 -0.8098
vn -0.5363 0.3489 -0.7685
vn -0.3869 0.4756 -0.7900
vn -0.3977 0.3101 -0.8635
vn 0.2039 -0.9670 -0.1525
vn 0.4264 -0.8678 -0.2553
vn 0.3842 -0.9218 -0.0515
vn 0.5870 -0.0822 -0.8054
vn 0.6765 -0.2209 -0.7025
vn 0.5456 -0.2878 -0.7871
vn 0.9915 -0.1279 0.0254
vn 0.9600 -0.2530 -0.1203
vn 0.9867 -0.0651 -0.1491
vn 0.2926 0.9520 -0.0901
vn 0.4775 0.8589 -0.1852
vn 0.3280 0.9042 -0.2736
vn 0.9715 0.2346 0.0329
vn 0.9216 0.3764 -0.0946
vn 0.9060 0.4197 0.0547
vn 0.5844 0.2784 -0.7622
vn 0.6598 0.4060 -0.6324
vn 0.7151 0.2352 -0.6583
vn 0.1439 -0.9716 0.1880
vn 0.3173 -0.8760 0.3632
vn 0.1074 -0.9151 0.3885
vn 0.9409 -0.1317 0.3119
vn 0.8621 -0.2604 0.4348
vn 0.8970 -0.3361 0.2871
vn 0.2765 -0.1057 0.9552
vn 0.3965 -0.2421 0.8855
vn 0.4446 -0.0565 0.8939
vn 0.2399 0.9480 0.2093
vn 0.3814 0.8516 0.3595
vn 0.4216 0.8870 0.1883
vn 0.2873 0.2559 0.9230
vn 0.4019 0.3865 0.8301
vn 0.2584 0.4407 0.8596
vn 0.9231 0.2310 0.3074
vn 0.8320 0.3696 0.4137
vn 0.8625 0.1985 0.4656
vn -0.1978 -0.9513 0.2365
vn -0.3035 -0.8391 0.4514
vn -0.3955 -0.8804 0.2615
vn -0.0111 -0.0886 0.9960
vn -0.1607 -0.2090 0.9646
vn -0.0148 -0.2951 0.9554
vn -0.8262 -0.0268 0.5628
vn -0.7318 -0.1657 0.6611
vn -0.7125 0.0209 0.7014
vn -0.0607 0.9658 0.2520
vn -0.1653 0.8841 0.4371
vn 0.0119 0.9071 0.4207
vn -0.7684 0.3314 0.5475
vn -0.6359 0.4568 0.6221
vn -0.7050 0.5102 0.4926
vn 0.0117 0.2723 0.9622
vn -0.1083 0.4168 0.9025
vn -0.1593 0.2507 0.9549
vn -0.1913 -0.9719 0.1372
vn -0.4021 -0.8789 0.2564
vn -0.3773 -0.9245 0.0532
vn -0.5253 -0.1364 0.8399
vn -0.6181 -0.2745 0.7366
vn -0.4808 -0.3393 0.8085
vn -0.9865 -0.1584 0.0411
vn -0.9402 -0.2900 0.1786
vn -0.9708 -0.1042 0.2159
vn -0.2870 0.9477 0.1395
vn -0.4680 0.8485 0.2468
vn -0.3086 0.8934 0.3265
vn -0.9776 0.2060 0.0427
vn -0.9227 0.3451 0.1720
vn -0.9179 0.3963 0.0225
vn -0.5310 0.2274 0.8163
vn -0.6187 0.3596 0.6985
vn -0.6693 0.1839 0.7198
vn -0.1561 -0.9670 -0.2012
vn -0.3382 -0.8701 -0.3585
vn -0.1359 -0.9061 -0.4007
vn -0.9565 -0.1543 -0.2476
vn -0.8825 -0.2820 -0.3763
vn -0.9058 -0.3572 -0.2281
vn -0.3409 -0.1110 -0.9335
vn -0.4525 -0.2517 -0.8555
vn -0.5039 -0.0669 -0.8612
vn -0.2550 0.9521 -0.1687
vn -0.4098 0.8566 -0.3136
vn -0.4373 0.8891 -0.1348
vn -0.3524 0.2520 -0.9013
vn -0.4628 0.3811 -0.8003
vn -0.3212 0.4398 -0.8387
vn -0.9485 0.2101 -0.2370
vn -0.8686 0.3526 -0.3482
vn -0.8985 0.1787 -0.4009
vn 0.1761 -0.9460 -0.2721
vn 0.2653 -0.8320 -0.4873
vn 0.3697 -0.8757 -0.3106
vn -0.0576 -0.0931 -0.9940
vn 0.0922 -0.2173 -0.9717
vn -0.0532 -0.2990 -0.9528
vn 0.7841 -0.0442 -0.6191
vn 0.6801 -0.1832 -0.7099
vn 0.6630 0.0040 -0.7486
vn 0.0475 0.9713 -0.2332
vn 0.1403 0.8914 -0.4310
vn -0.0392 0.9158 -0.3998
vn 0.7372 0.3167 -0.5968
vn 0.6024 0.4456 -0.6622
vn 0.6810 0.4991 -0.5359
vn -0.0778 0.2694 -0.9599
vn 0.0477 0.4134 -0.9093
vn 0.0944 0.2443 -0.9651
vn 0.3461 -0.9379 0.0225
vn 0.5744 -0.8172 0.0480
vn 0.4407 -0.8754 0.1989
vn 0.9292 -0.0373 -0.3678
vn 0.9590 -0.1698 -0.2268
vn 0.8985 -0.2450 -0.3641
vn 0.8337 -0.0504 0.5498
vn 0.8924 -0.1790 0.4143
vn 0.9173 0.0106 0.3981
vn 0.2024 0.9787 0.0351
vn 0.4220 0.9048 0.0568
vn 0.3355 0.9365 -0.1023
vn 0.7854 0.3107 0.5353
vn 0.8010 0.4494 0.3955
vn 0.7037 0.4922 0.5124
vn 0.8778 0.3234 -0.3533
vn 0.8639 0.4581 -0.2093
vn 0.9373 0.2901 -0.1930
vn 0.1191 -0.9539 0.2755
vn 0.1619 -0.8462 0.5076
vn -0.0210 -0.9056 0.4237
vn 0.6401 -0.0641 0.7656
vn 0.5201 -0.2052 0.8291
vn 0.6343 -0.2700 0.7244
vn -0.2605 -0.1210 0.9578
vn -0.1091 -0.2450 0.9634
vn -0.0925 -0.0563 0.9941
vn -0.0043 0.9641 0.2655
vn 0.0460 0.8784 0.4758
vn 0.1691 0.9226 0.3466
vn -0.2744 0.2423 0.9306
vn -0.1416 0.3873 0.9110
vn -0.2844 0.4286 0.8576
vn 0.5978 0.2974 0.7444
vn 0.4520 0.4249 0.7843
vn 0.4653 0.2527 0.8483
vn -0.1146 -0.9652 0.2352
vn -0.1932 -0.8670 0.4594
vn -0.3070 -0.9063 0.2905
vn 0.1291 -0.1499 0.9802
vn -0.0157 -0.2809 0.9596
vn 0.1315 -0.3526 0.9265
vn -0.7362 -0.1239 0.6653
vn -0.6192 -0.2628 0.7400
vn -0.6097 -0.0776 0.7888
vn -0.0748 0.9558 0.2845
vn -0.1509 0.8611 0.4856
vn 0.0266 0.8962 0.4428
vn -0.7109 0.2403 0.6610
vn -0.5787 0.3726 0.7254
vn -0.6682 0.4299 0.6072
vn 0.1317 0.2149 0.9677
vn -0.0036 0.3554 0.9347
vn -0.0390 0.1800 0.9829
vn -0.3032 -0.9519 -0.0446
vn -0.5360 -0.8428 -0.0490
vn -0.4125 -0.8865 -0.2099
vn -0.8981 -0.1125 0.4252
vn -0.9293 -0.2409 0.2800
vn -0.8556 -0.3172 0.4090
vn -0.8653 -0.0799 -0.4949
vn -0.9064 -0.2181 -0.3617
vn -0.9414 -0.0314 -0.3358
vn -0.2494 0.9681 0.0255
vn -0.4683 0.8834 0.0147
vn -0.3712 0.9128 0.1705
vn -0.8366 0.2832 -0.4689
vn -0.8509 0.4151 -0.3221
vn -0.7636 0.4694 -0.4433
vn -0.8686 0.2514 0.4271
vn -0.8727 0.3934 0.2894
vn -0.9374 0.2210 0.2691
vn -0.0951 -0.9458 -0.3105
vn -0.1579 -0.8317 -0.5322
vn 0.0310 -0.8847 -0.4651
vn -0.6867 -0.0746 -0.7231
vn -0.5644 -0.2081 -0.7989
vn -0.6677 -0.2807 -0.6895
vn 0.1988 -0.0804 -0.9767
vn 0.0533 -0.2122 -0.9758
vn 0.0265 -0.0238 -0.9994
vn -0.0568 0.9737 -0.2206
vn -0.1181 0.8937 -0.4328
vn -0.2348 0.9272 -0.2919
vn 0.1997 0.2827 -0.9382
vn 0.0619 0.4207 -0.9051
vn 0.2065 0.4680 -0.8592
vn -0.6627 0.2883 -0.6912
vn -0.5266 0.4246 -0.7365
vn -0.5353 0.2530 -0.8059
vn 0.2221 -0.9553 -0.1951
vn 0.4185 -0.8490 -0.3225
vn 0.4107 -0.9035 -0.1225
vn 0.4711 -0.0886 -0.8776
vn 0.5748 -0.2278 -0.7860
vn 0.4356 -0.2935 -0.8509
vn 0.9856 -0.1249 -0.1144
vn 0.9336 -0.2531 -0.2537
vn 0.9564 -0.0653 -0.2848
vn 0.2368 0.9649 -0.1138
vn 0.4157 0.8777 -0.2385
vn 0.2474 0.9195 -0.3055
vn 0.9659 0.2394 -0.0984
vn 0.8982 0.3818 -0.2179
vn 0.9015 0.4276 -0.0658
vn 0.4649 0.2747 -0.8417
vn 0.5562 0.4059 -0.7252
vn 0.6116 0.2319 -0.7564
vn 0.2100 -0.9673 0.1422
vn 0.3967 -0.8708 0.2904
vn 0.2018 -0.9169 0.3445
vn 0.9752 -0.1352 0.1751
vn 0.9138 -0.2728 0.3008
vn 0.9295 -0.3379 0.1478
vn 0.4077 -0.1518 0.9004
vn 0.5180 -0.2844 0.8067
vn 0.5632 -0.0986 0.8204
vn 0.2257 0.9538 0.1984
vn 0.3955 0.8575 0.3291
vn 0.4089 0.9004 0.1487
vn 0.4032 0.2132 0.8899
vn 0.5023 0.3521 0.7898
vn 0.3609 0.4040 0.8405
vn 0.9559 0.2294 0.1836
vn 0.8795 0.3631 0.3077
vn 0.9183 0.1868 0.3491
vn 0.0015 0.0425 0.9991
vn -0.4332 -0.1560 0.8877
vn -0.0059 -0.1708 0.9853
vn -0.0317 -0.9160 0.3998
vn -0.1342 -0.9687 0.2089
vn -0.0336 -0.9722 0.2318
vn 0.0143 0.4132 0.9105
vn -0.3346 0.5877 0.7366
vn -0.3805 0.4269 0.8203
vn 0.0326 0.9421 0.3339
vn -0.0496 0.9836 0.1736
vn -0.1122 0.9471 0.3008
vn -0.7792 0.0695 0.6229
vn -0.4318 0.0575 0.9002
vn -0.2051 -0.9100 0.3602
vn -0.2148 -0.9659 0.1445
vn -0.6189 0.5975 0.5098
vn -0.6971 0.4378 0.5677
vn -0.1166 0.9859 0.1201
vn -0.2283 0.9511 0.2082
vn -0.9659 -0.1376 0.2192
vn -0.7758 -0.1442 0.6143
vn -0.4213 -0.9026 0.0890
vn -0.3441 -0.9052 0.2493
vn -0.7767 0.6030 0.1819
vn -0.8729 0.4439 0.2026
vn -0.2927 0.9533 0.0743
vn -0.1538 0.9872 0.0429
vn -0.9720 0.0762 0.2223
vn -0.9659 -0.1376 -0.2192
vn -0.4213 -0.9026 -0.0890
vn -0.2595 -0.9644 0.0516
vn -0.7767 0.6030 -0.1819
vn -0.8729 0.4439 -0.2026
vn -0.1538 0.9872 -0.0429
vn -0.2927 0.9533 -0.0743
vn -0.9720 0.0762 -0.2223
vn -0.7758 -0.1442 -0.6143
vn -0.3441 -0.9052 -0.2493
vn -0.2595 -0.9644 -0.0516
vn -0.6189 0.5975 -0.5098
vn -0.6971 0.4378 -0.5677
vn -0.1166 0.9859 -0.1201
vn -0.2283 0.9511 -0.2082
vn -0.7792 0.0695 -0.6229
vn -0.4332 -0.1560 -0.8877
vn -0.2051 -0.9100 -0.3602
vn -0.2148 -0.9659 -0.1445
vn -0.3805 0.4269 -0.8203
vn -0.3346 0.5877 -0.7366
vn -0.1122 0.9471 -0.3008
vn -0.0496 0.9836 -0.1736
vn 0.0015 0.0425 -0.9991
vn -0.4318 0.0575 -0.9002
vn -0.0317 -0.9160 -0.3998
vn -0.1342 -0.9687 -0.2089
vn 0.0199 0.5754 -0.8176
vn 0.0143 0.4132 -0.9105
vn 0.0339 0.9807 -0.1927
vn 0.0326 0.9421 -0.3339
vn 0.4347 0.0275 -0.9002
vn -0.0059 -0.1708 -0.9853
vn 0.1417 -0.9220 -0.3602
vn -0.0336 -0.9722 -0.2318
vn 0.3744 0.5632 -0.7366
vn 0.4091 0.3996 -0.8203
vn 0.1175 0.9778 -0.1736
vn 0.1774 0.9370 -0.3008
vn 0.7821 0.0155 -0.6229
vn 0.4213 -0.1856 -0.8877
vn 0.2807 -0.9269 -0.2493
vn 0.0669 -0.9757 -0.2089
vn 0.6588 0.5533 -0.5098
vn 0.7257 0.3886 -0.5677
vn 0.1845 0.9755 -0.1201
vn 0.2935 0.9330 -0.2082
vn 0.9749 0.0088 -0.2223
vn 0.7640 -0.1975 -0.6143
vn 0.3579 -0.9295 -0.0890
vn 0.1475 -0.9784 -0.1445
vn 0.8165 0.5479 -0.1819
vn 0.9015 0.3825 -0.2026
vn 0.2217 0.9742 -0.0429
vn 0.3579 0.9308 -0.0743
vn 0.9749 0.0088 0.2223
vn 0.9541 -0.2040 -0.2192
vn 0.3579 -0.9295 0.0890
vn 0.1922 -0.9800 -0.0516
vn 0.9015 0.3825 0.2026
vn 0.8165 0.5479 0.1819
vn 0.2217 0.9742 0.0429
vn 0.3579 0.9308 0.0743
vn 0.7821 0.0155 0.6229
vn 0.9541 -0.2040 0.2192
vn 0.2807 -0.9269 0.2493
vn 0.1922 -0.9800 0.0516
vn 0.7257 0.3886 0.5677
vn 0.6588 0.5533 0.5098
vn 0.1845 0.9755 0.1201
vn 0.2935 0.9330 0.2082
vn 0.4347 0.0275 0.9002
vn 0.7640 -0.1975 0.6143
vn 0.0669 -0.9757 0.2089
vn 0.1475 -0.9784 0.1445
vn 0.3744 0.5632 0.7366
vn 0.4091 0.3996 0.8203
vn 0.1175 0.9778 0.1736
vn 0.1774 0.9370 0.3008
vn 0.4213 -0.1856 0.8877
vn 0.1417 -0.9220 0.3602
vn 0.0199 0.5754 0.8176
vn 0.0339 0.9807 0.1927
vn 0.2239 0.0290 0.9742
vn -0.2102 -0.1980 0.9574
vn 0.2270 -0.1840 0.9564
vn -0.0584 -0.9222 0.3823
vn 0.0831 -0.9724 0.2182
vn 0.1190 -0.9165 0.3819
vn 0.1931 0.4016 0.8952
vn -0.1993 0.5544 0.8080
vn -0.2142 0.3886 0.8962
vn -0.1041 0.9364 0.3351
vn 0.0123 0.9804 0.1965
vn -0.0740 0.9777 0.1967
vn -0.6218 0.0034 0.7832
vn -0.2207 0.0148 0.9752
vn -0.2185 -0.9267 0.3057
vn -0.0198 -0.9757 0.2184
vn -0.5300 0.5450 0.6497
vn -0.5816 0.3782 0.7202
vn -0.1520 0.9755 0.1594
vn -0.2391 0.9326 0.2705
vn -0.8999 -0.0029 0.4360
vn -0.6046 -0.2092 0.7685
vn -0.3295 -0.9293 0.1672
vn -0.1126 -0.9783 0.1740
vn -0.7593 0.5398 0.3635
vn -0.8364 0.3724 0.4022
vn -0.2060 0.9742 0.0919
vn -0.3327 0.9304 0.1536
vn -0.9765 -0.2154 0.0010
vn -0.8781 -0.2154 0.4272
vn -0.3694 -0.9293 -0.0058
vn -0.1769 -0.9798 0.0937
vn -0.8418 0.5398 0.0061
vn -0.9281 0.3724 0.0051
vn -0.2255 0.9742 0.0077
vn -0.3664 0.9304 0.0077
vn -0.9022 0.0034 -0.4313
vn -1.0000 -0.0029 0.0026
vn -0.3304 -0.9267 -0.1790
vn -0.2001 -0.9798 -0.0066
vn -0.7612 0.5450 -0.3516
vn -0.8385 0.3782 -0.3924
vn -0.3335 0.9326 -0.1383
vn -0.2064 0.9755 -0.0766
vn -0.6259 0.0148 -0.7798
vn -0.8803 -0.2092 -0.4257
vn -0.2201 -0.9222 -0.3180
vn -0.1774 -0.9783 -0.1070
vn -0.5333 0.5544 -0.6389
vn -0.5853 0.3886 -0.7116
vn -0.2404 0.9364 -0.2556
vn -0.1528 0.9777 -0.1443
vn -0.2258 0.0290 -0.9737
vn -0.6086 -0.1980 -0.7683
vn -0.0604 -0.9165 -0.3954
vn -0.1135 -0.9757 -0.1876
vn -0.2035 0.5661 -0.7988
vn -0.2188 0.4016 -0.8893
vn -0.1058 0.9412 -0.3209
vn -0.0750 0.9804 -0.1820
vn 0.2188 0.0432 -0.9748
vn -0.2152 -0.1840 -0.9591
vn 0.0819 -0.9691 -0.2328
vn -0.0209 -0.9724 -0.2325
vn 0.1631 0.5778 -0.7997
vn 0.1885 0.4147 -0.8902
vn 0.0114 0.9832 -0.1822
vn 0.0439 0.9460 -0.3212
vn 0.6199 0.0546 -0.7827
vn 0.2220 -0.1700 -0.9601
vn 0.2771 -0.9063 -0.3192
vn 0.1170 -0.9108 -0.3959
vn 0.4938 0.5872 -0.6413
vn 0.5559 0.4251 -0.7143
vn 0.0893 0.9854 -0.1449
vn 0.1789 0.9498 -0.2566
vn 0.8899 -0.1526 -0.4299
vn 0.6164 -0.1588 -0.7713
vn 0.2391 -0.9650 -0.1080
vn 0.1747 -0.9664 -0.1883
vn 0.7231 0.5925 -0.3551
vn 0.8107 0.4309 -0.3963
vn 0.1433 0.9866 -0.0774
vn 0.2725 0.9519 -0.1398
vn 0.9981 0.0610 -0.0022
vn 0.8981 0.0610 -0.4356
vn 0.3881 -0.9037 -0.1807
vn 0.2622 -0.9650 -0.0077
vn 0.9024 0.4309 0.0008
vn 0.8056 0.5925 0.0022
vn 0.3062 0.9519 0.0061
vn 0.1628 0.9866 0.0068
vn 0.9003 0.0546 0.4318
vn 0.9883 -0.1526 -0.0037
vn 0.3890 -0.9063 0.1655
vn 0.4280 -0.9037 -0.0077
vn 0.7250 0.5872 0.3600
vn 0.8128 0.4251 0.3983
vn 0.1438 0.9854 0.0911
vn 0.2733 0.9498 0.1522
vn 0.6240 0.0432 0.7802
vn 0.8921 -0.1588 0.4230
vn 0.1757 -0.9691 0.1733
vn 0.2396 -0.9664 0.0927
vn 0.4971 0.5778 0.6473
vn 0.5597 0.4147 0.7175
vn 0.1803 0.9460 0.2695
vn 0.0901 0.9832 0.1588
vn 0.6204 -0.1700 0.7656
vn 0.2787 -0.9108 0.3045
vn 0.1673 0.5661 0.8072
vn 0.0456 0.9412 0.3348
vn 0.0048 0.0030 1.0000
vn 0.4337 -0.1996 0.8787
vn 0.4381 0.0130 0.8989
vn 0.1933 -0.9173 0.3482
vn 0.0213 -0.9751 0.2207
vn 0.1212 -0.9728 0.1974
vn 0.3960 0.3878 0.8323
vn -0.0073 0.5467 0.8373
vn -0.0033 0.3786 0.9255
vn 0.1294 0.9404 0.3146
vn -0.0193 0.9784 0.2059
vn -0.0177 0.9370 0.3490
vn -0.4164 -0.2173 0.8828
vn 0.0091 -0.2094 0.9778
vn -0.1517 -0.9244 0.3499
vn 0.0210 -0.9212 0.3884
vn -0.4036 0.3712 0.8362
vn -0.3685 0.5400 0.7567
vn -0.1044 0.9768 0.1869
vn -0.1652 0.9342 0.3161
vn -0.7787 -0.0095 0.6273
vn -0.4294 -0.0050 0.9031
vn -0.1593 -0.9780 0.1348
vn -0.0788 -0.9770 0.1984
vn -0.6590 0.5363 0.5273
vn -0.7255 0.3671 0.5821
vn -0.1729 0.9759 0.1328
vn -0.2838 0.9327 0.2225
vn -0.9738 -0.0094 0.2274
vn -0.7587 -0.2216 0.6126
vn -0.2906 -0.9262 0.2402
vn -0.2043 -0.9780 0.0426
vn -0.9054 0.3671 0.2134
vn -0.8213 0.5363 0.1946
vn -0.2111 0.9759 0.0544
vn -0.3500 0.9327 0.0867
vn -0.9521 -0.2173 -0.2154
vn -0.9498 -0.2216 0.2207
vn -0.3691 -0.9244 -0.0959
vn -0.3682 -0.9262 0.0811
vn -0.8232 0.5400 -0.1755
vn -0.9074 0.3712 -0.1968
vn -0.2116 0.9768 -0.0328
vn -0.3508 0.9342 -0.0644
vn -0.7850 0.0030 -0.6194
vn -0.9760 -0.0050 -0.2176
vn -0.2932 -0.9212 -0.2557
vn -0.2049 -0.9770 -0.0600
vn -0.7314 0.3786 -0.5672
vn -0.6643 0.5467 -0.5098
vn -0.1741 0.9784 -0.1116
vn -0.2859 0.9370 -0.2009
vn -0.4254 -0.1996 -0.8827
vn -0.7649 -0.2094 -0.6092
vn -0.1554 -0.9173 -0.3667
vn -0.1608 -0.9751 -0.1527
vn -0.3761 0.5550 -0.7420
vn -0.4121 0.3878 -0.8245
vn -0.1062 0.9803 -0.1663
vn -0.1683 0.9404 -0.2956
vn -0.0054 0.0230 -0.9997
vn -0.4386 0.0130 -0.8986
vn 0.0190 -0.9705 -0.2404
vn -0.0809 -0.9728 -0.2170
vn -0.0157 0.5633 -0.8261
vn -0.0127 0.3970 -0.9177
vn -0.0213 0.9823 -0.1861
vn -0.0212 0.9437 -0.3300
vn 0.4247 -0.1820 -0.8869
vn -0.0009 -0.1898 -0.9818
vn 0.1897 -0.9101 -0.3684
vn 0.0170 -0.9133 -0.4069
vn 0.3455 0.5699 -0.7455
vn 0.3876 0.4044 -0.8284
vn 0.1262 0.9465 -0.2971
vn 0.0638 0.9839 -0.1671
vn 0.7781 0.0354 -0.6271
vn 0.4289 0.0310 -0.9028
vn 0.3286 -0.9083 -0.2587
vn 0.1191 -0.9686 -0.2180
vn 0.6360 0.5736 -0.5161
vn 0.7095 0.4085 -0.5742
vn 0.1323 0.9847 -0.1130
vn 0.2448 0.9480 -0.2035
vn 0.9732 0.0354 -0.2271
vn 0.7669 -0.1776 -0.6167
vn 0.4062 -0.9083 -0.0996
vn 0.1996 -0.9676 -0.1544
vn 0.8893 0.4085 -0.2056
vn 0.7983 0.5736 -0.1834
vn 0.3111 0.9480 -0.0677
vn 0.1705 0.9847 -0.0346
vn 0.9755 0.0310 0.2179
vn 0.9581 -0.1776 -0.2247
vn 0.4071 -0.9101 0.0773
vn 0.2446 -0.9676 -0.0622
vn 0.8002 0.5700 0.1867
vn 0.8914 0.4044 0.2046
vn 0.1710 0.9839 0.0526
vn 0.3118 0.9465 0.0834
vn 0.7845 0.0230 0.6197
vn 0.9603 -0.1820 0.2113
vn 0.3311 -0.9133 0.2372
vn 0.2451 -0.9687 0.0404
vn 0.6413 0.5633 0.5210
vn 0.7153 0.3970 0.5750
vn 0.2470 0.9437 0.2199
vn 0.1335 0.9823 0.1313
vn 0.7732 -0.1898 0.6051
vn 0.2011 -0.9705 0.1330
vn 0.3531 0.5550 0.7532
vn 0.0656 0.9803 0.1861
vn 0.2298 -0.0099 0.9732
vn 0.6141 -0.2208 0.7577
vn 0.6293 -0.0090 0.7771
vn 0.0925 -0.9186 0.3841
vn 0.1460 -0.9733 0.1771
vn 0.2507 -0.9183 0.3065
vn 0.5844 0.3686 0.7229
vn 0.1927 0.5386 0.8203
vn 0.2130 0.3677 0.9052
vn 0.0774 0.9388 0.3356
vn 0.1233 0.9801 0.1555
vn 0.0440 0.9799 0.1944
vn -0.2152 -0.0106 0.9765
vn 0.2245 -0.2217 0.9489
vn -0.0478 -0.9737 0.2228
vn 0.0543 -0.9735 0.2221
vn -0.1821 0.5379 0.8231
vn -0.2007 0.3671 0.9083
vn -0.0443 0.9798 0.1950
vn -0.0755 0.9386 0.3368
vn -0.6176 -0.0110 0.7864
vn -0.2095 -0.2224 0.9522
vn -0.0837 -0.9189 0.3855
vn -0.1402 -0.9738 0.1792
vn -0.5210 0.5376 0.6630
vn -0.5747 0.3667 0.7316
vn -0.1241 0.9797 0.1573
vn -0.2137 0.9384 0.2715
vn -0.8976 -0.0110 0.4406
vn -0.6020 -0.2228 0.7668
vn -0.3540 -0.9191 0.1733
vn -0.2431 -0.9191 0.3102
vn -0.7568 0.5376 0.3717
vn -0.8351 0.3667 0.4101
vn -0.3100 0.9384 0.1526
vn -0.1797 0.9797 0.0887
vn -0.9749 -0.2224 0.0070
vn -0.8752 -0.2228 0.4294
vn -0.2279 -0.9737 0.0004
vn -0.2045 -0.9738 0.0998
vn -0.8430 0.5379 0.0070
vn -0.9302 0.3671 0.0074
vn -0.2000 0.9798 0.0028
vn -0.3451 0.9386 0.0038
vn -0.9999 -0.0106 0.0075
vn -0.8815 -0.2217 -0.4169
vn -0.3944 -0.9189 0.0018
vn -0.2059 -0.9735 -0.0993
vn -0.7623 0.5386 -0.3590
vn -0.8411 0.3677 -0.3966
vn -0.1810 0.9799 -0.0835
vn -0.3122 0.9388 -0.1455
vn -0.6293 -0.0090 -0.7771
vn -0.9041 -0.0099 -0.4271
vn -0.3565 -0.9186 -0.1703
vn -0.1429 -0.9733 -0.1796
vn -0.5856 0.3686 -0.7220
vn -0.5308 0.5393 -0.6537
vn -0.1264 0.9801 -0.1529
vn -0.2177 0.9391 -0.2658
vn -0.2298 -0.0081 -0.9732
vn -0.6134 -0.2208 -0.7582
vn -0.2477 -0.9183 -0.3089
vn -0.0512 -0.9731 -0.2246
vn -0.1944 0.5401 -0.8189
vn -0.2142 0.3694 -0.9042
vn -0.0472 0.9803 -0.1918
vn -0.0805 0.9394 -0.3332
vn 0.2152 -0.0074 -0.9765
vn -0.2238 -0.2200 -0.9495
vn -0.0895 -0.9179 -0.3865
vn 0.0510 -0.9729 -0.2254
vn 0.1804 0.5407 -0.8217
vn 0.1995 0.3701 -0.9073
vn 0.0411 0.9804 -0.1925
vn 0.0724 0.9397 -0.3343
vn 0.6176 -0.0070 -0.7864
vn 0.2103 -0.2193 -0.9527
vn 0.2460 -0.9175 -0.3126
vn 0.0867 -0.9176 -0.3879
vn 0.5735 0.3705 -0.7306
vn 0.5192 0.5410 -0.6616
vn 0.1210 0.9805 -0.1548
vn 0.2107 0.9398 -0.2690
vn 0.8977 -0.0070 -0.4406
vn 0.6027 -0.2189 -0.7673
vn 0.3569 -0.9175 -0.1757
vn 0.1433 -0.9728 -0.1818
vn 0.7551 0.5410 -0.3703
vn 0.8339 0.3705 -0.4091
vn 0.3069 0.9398 -0.1502
vn 0.1765 0.9805 -0.0861
vn 0.9999 -0.0074 -0.0075
vn 0.8759 -0.2189 -0.4300
vn 0.3974 -0.9176 -0.0042
vn 0.2076 -0.9728 -0.1024
vn 0.8412 0.5407 -0.0056
vn 0.9290 0.3701 -0.0065
vn 0.1968 0.9804 -0.0002
vn 0.3421 0.9397 -0.0013
vn 0.8822 -0.2200 0.4163
vn 0.9756 -0.2193 -0.0076
vn 0.2091 -0.9731 0.0968
vn 0.2311 -0.9729 -0.0030
vn 0.7606 0.5401 0.3604
vn 0.8399 0.3694 0.3975
vn 0.1778 0.9803 0.0860
vn 0.3092 0.9394 0.1480
vn 0.9042 -0.0081 0.4271
vn 0.3595 -0.9179 0.1679
vn 0.5291 0.5393 0.6551
vn 0.2147 0.9391 0.2682
vn 0.3479 -0.8825 0.3164
vn 0.4693 -0.2783 -0.8381
vn 0.9515 0.0759 -0.2980
vn 0.4061 0.8825 -0.2372
vn 0.9022 0.3958 0.1711
vn 0.2848 0.2783 0.9173
vn 0.8688 -0.0759 0.4893
vn -0.1902 -0.8446 0.5004
vn 0.1119 0.9632 0.2443
vn -0.2244 0.5176 0.8257
vn -0.9471 0.1945 0.2554
vn -0.4737 0.0080 0.8806
vn -0.3778 -0.9253 -0.0317
vn -0.9305 -0.3530 0.0977
vn -0.3762 0.9253 -0.0476
vn -0.8898 0.3530 -0.2891
vn -0.2803 -0.0080 -0.9599
vn -0.8733 -0.1945 -0.4467
vn 0.1603 -0.9632 -0.2157
vn -0.0478 -0.5176 -0.8543
vn -0.0820 0.8446 -0.5291
vn 0.2368 0.2313 -0.9436
vn 0.3877 -0.9152 0.1101
vn 0.9034 -0.3791 -0.2004
vn 0.3143 -0.1369 -0.9394
vn 0.8865 0.1369 -0.4420
vn 0.3686 0.9152 -0.1630
vn 0.9225 0.3791 0.0727
vn 0.4420 0.1369 0.8865
vn 0.9394 -0.1369 0.3143
vn -0.1101 -0.9152 0.3877
vn 0.2004 -0.3791 0.9034
vn 0.1630 0.9152 0.3686
vn -0.0727 0.3791 0.9225
vn -0.8865 0.1369 0.4420
vn -0.3877 -0.9152 -0.1101
vn -0.9034 -0.3791 0.2004
vn -0.3686 0.9152 0.1630
vn -0.9225 0.3791 -0.0727
vn -0.4420 0.1369 -0.8865
vn 0.1101 -0.9152 -0.3877
vn -0.2004 -0.3791 -0.9034
vn -0.1630 0.9152 -0.3686
vn 0.0727 0.3791 -0.9225
vn -0.3081 0.0789 0.9481
vn -0.3064 -0.1286 0.9432
vn -0.2315 -0.9192 0.3186
vn -0.0000 -0.9710 0.2389
vn -0.0000 -0.9192 0.3939
vn -0.0000 0.4514 0.8923
vn -0.4648 0.6120 0.6398
vn -0.5245 0.4514 0.7219
vn -0.0000 0.9478 0.3190
vn -0.1133 0.9813 0.1559
vn -0.1875 0.9478 0.2581
vn -0.8065 0.0789 0.5860
vn -0.8023 -0.1286 0.5829
vn -0.3746 -0.9192 0.1217
vn -0.1404 -0.9710 0.1933
vn -0.8487 0.4514 0.2757
vn -0.7521 0.6120 0.2444
vn -0.3034 0.9478 0.0986
vn -0.1833 0.9813 0.0596
vn -0.9969 0.0789 -0.0000
vn -0.9917 -0.1286 -0.0000
vn -0.3746 -0.9192 -0.1217
vn -0.2272 -0.9710 0.0738
vn -0.7521 0.6120 -0.2444
vn -0.8487 0.4514 -0.2757
vn -0.1833 0.9813 -0.0596
vn -0.3034 0.9478 -0.0986
vn -0.8065 0.0789 -0.5860
vn -0.8023 -0.1286 -0.5829
vn -0.2315 -0.9192 -0.3186
vn -0.2272 -0.9710 -0.0738
vn -0.4648 0.6120 -0.6398
vn -0.5245 0.4514 -0.7219
vn -0.1133 0.9813 -0.1559
vn -0.1875 0.9478 -0.2581
vn -0.3081 0.0789 -0.9481
vn -0.3064 -0.1286 -0.9432
vn -0.0000 -0.9192 -0.3939
vn -0.1404 -0.9710 -0.1933
vn -0.0000 0.4514 -0.8923
vn -0.0000 0.6120 -0.7909
vn -0.0000 0.9478 -0.3190
vn -0.0000 0.9813 -0.1927
vn 0.3081 0.0789 -0.9481
vn 0.3065 -0.1286 -0.9432
vn 0.3064 -0.1286 -0.9432
vn 0.2315 -0.9192 -0.3186
vn -0.0000 -0.9710 -0.2389
vn 0.4648 0.6120 -0.6398
vn 0.5245 0.4514 -0.7219
vn 0.1133 0.9813 -0.1559
vn 0.1875 0.9478 -0.2581
vn 0.8065 0.0789 -0.5860
vn 0.8023 -0.1286 -0.5829
vn 0.3746 -0.9192 -0.1217
vn 0.1404 -0.9710 -0.1933
vn 0.8487 0.4514 -0.2757
vn 0.7521 0.6120 -0.2444
vn 0.1833 0.9813 -0.0596
vn 0.3034 0.9478 -0.0986
vn 0.9969 0.0789 -0.0000
vn 0.9917 -0.1286 -0.0000
vn 0.3746 -0.9192 0.1217
vn 0.2272 -0.9710 -0.0738
vn 0.8487 0.4514 0.2757
vn 0.7522 0.6120 0.2444
vn 0.1833 0.9813 0.0596
vn 0.3034 0.9478 0.0986
vn 0.8065 0.0789 0.5860
vn 0.8023 -0.1286 0.5829
vn 0.2315 -0.9192 0.3186
vn 0.2272 -0.9710 0.0738
vn 0.4648 0.6120 0.6398
vn 0.5245 0.4514 0.7219
vn 0.1133 0.9813 0.1559
vn 0.1875 0.9478 0.2581
vn 0.3081 0.0789 0.9481
vn 0.3065 -0.1286 0.9432
vn 0.1404 -0.9710 0.1933
vn -0.0000 0.6120 0.7909
vn -0.0000 0.9813 0.1927
vn 0.3993 -0.9152 0.0551
vn 0.1805 -0.1369 -0.9740
vn 0.3423 0.9152 -0.2127
vn 0.9236 0.3791 -0.0564
vn 0.5611 0.1369 0.8164
vn 0.9740 -0.1369 0.1805
vn -0.0551 -0.9152 0.3993
vn 0.2127 0.9152 0.3423
vn 0.0564 0.3791 0.9236
vn -0.8164 0.1369 0.5611
vn -0.1805 -0.1369 0.9740
vn -0.3993 -0.9152 -0.0550
vn -0.8667 -0.3791 0.3241
vn -0.3423 0.9152 0.2127
vn -0.5611 0.1369 -0.8164
vn -0.9740 -0.1369 -0.1805
vn 0.0550 -0.9152 -0.3993
vn -0.3241 -0.3791 -0.8667
vn -0.2127 0.9152 -0.3423
vn -0.0564 0.3791 -0.9236
vn 0.2921 -0.9152 -0.2777
vn 0.2874 -0.3791 -0.8796
vn -0.6486 -0.1369 -0.7487
vn 0.0708 0.1369 -0.9881
vn 0.0474 0.9152 -0.4002
vn 0.5322 0.3791 -0.7570
vn 0.9881 0.1369 0.0708
vn 0.7487 -0.1369 -0.6486
vn 0.2777 -0.9152 0.2921
vn 0.4002 0.9152 0.0474
vn 0.7570 0.3791 0.5322
vn -0.0708 0.1369 0.9881
vn 0.6486 -0.1369 0.7487
vn -0.2921 -0.9152 0.2777
vn -0.2874 -0.3791 0.8796
vn -0.0474 0.9152 0.4002
vn -0.5322 0.3791 0.7570
vn -0.9881 0.1369 -0.0708
vn -0.7487 -0.1369 0.6486
vn -0.2777 -0.9152 -0.2921
vn -0.4002 0.9152 -0.0474
vn -0.7570 0.3791 -0.5322
vn -0.0348 -0.9152 -0.4015
vn -0.5081 -0.3791 -0.7734
vn -0.9898 -0.1369 0.0398
vn -0.7280 0.1369 -0.6718
vn -0.2832 0.9152 -0.2867
vn -0.2596 0.3791 -0.8882
vn 0.6718 0.1369 -0.7280
vn 0.4015 -0.9152 -0.0348
vn 0.2867 0.9152 -0.2832
vn 0.8882 0.3791 -0.2596
vn 0.7280 0.1369 0.6718
vn 0.0348 -0.9152 0.4015
vn 0.5081 -0.3791 0.7734
vn 0.2832 0.9152 0.2867
vn 0.2596 0.3791 0.8882
vn -0.6718 0.1369 0.7280
vn 0.0398 -0.1369 0.9898
vn -0.4015 -0.9152 0.0348
vn -0.7734 -0.3791 0.5081
vn -0.2867 0.9152 0.2832
vn -0.8882 0.3791 0.2596
vn -0.3355 -0.9152 -0.2233
vn -0.5864 -0.1369 0.7983
vn -0.9792 0.1369 0.1498
vn -0.4008 0.9152 0.0425
vn -0.8561 0.3791 -0.3512
vn -0.1498 0.1369 -0.9792
vn -0.7983 -0.1369 -0.5864
vn 0.2233 -0.9152 -0.3355
vn -0.0425 0.9152 -0.4008
vn 0.3512 0.3791 -0.8561
vn 0.9792 0.1369 -0.1498
vn 0.3355 -0.9152 0.2233
vn 0.9214 -0.3791 0.0854
vn 0.4008 0.9152 -0.0425
vn 0.8561 0.3791 0.3512
vn 0.1498 0.1369 0.9792
vn 0.7983 -0.1369 0.5864
vn -0.2233 -0.9152 0.3355
vn 0.0425 0.9152 0.4008
vn -0.3838 -0.9152 0.1229
vn -0.6416 -0.3791 0.6668
vn 0.2581 -0.1369 0.9564
vn -0.4938 0.1369 0.8587
vn -0.2168 0.9152 0.3397
vn -0.8086 0.3791 0.4500
vn -0.8587 0.1369 -0.4938
vn -0.1229 -0.9152 -0.3838
vn -0.6668 -0.3791 -0.6416
vn -0.3397 0.9152 -0.2168
vn -0.4500 0.3791 -0.8086
vn 0.4938 0.1369 -0.8587
vn -0.2581 -0.1369 -0.9564
vn 0.3838 -0.9152 -0.1229
vn 0.2168 0.9152 -0.3397
vn 0.8086 0.3791 -0.4500
vn 0.8587 0.1369 0.4938
vn 0.9564 -0.1369 -0.2581
vn 0.1229 -0.9152 0.3838
vn 0.3397 0.9152 0.2168
vn -0.1435 -0.9152 0.3766
vn 0.1209 -0.3791 0.9174
vn 0.9084 -0.1369 0.3950
vn 0.1302 0.9152 0.3814
vn -0.1528 0.3791 0.9127
vn -0.9217 0.1369 0.3631
vn -0.3950 -0.1369 0.9084
vn -0.3766 -0.9152 -0.1435
vn -0.9174 -0.3791 0.1209
vn -0.3814 0.9152 0.1302
vn -0.3631 0.1369 -0.9217
vn -0.9084 -0.1369 -0.3950
vn 0.1435 -0.9152 -0.3766
vn -0.1209 -0.3791 -0.9174
vn -0.1302 0.9152 -0.3814
vn 0.9217 0.1369 -0.3631
vn 0.3950 -0.1369 -0.9084
vn 0.3766 -0.9152 0.1435
vn 0.9174 -0.3791 -0.1209
vn 0.3814 0.9152 -0.1302
vn 0.2049 -0.9152 0.3471
vn 0.8755 -0.1369 -0.4635
vn 0.3793 0.9152 0.1362
vn -0.2913 0.1369 0.9468
vn -0.3471 -0.9152 0.2049
vn -0.1362 0.9152 0.3793
vn -0.6888 0.3791 0.6179
vn -0.9468 0.1369 -0.2913
vn -0.8754 -0.1369 0.4635
vn -0.2049 -0.9152 -0.3471
vn -0.7924 -0.3791 -0.4779
vn -0.3793 0.9152 -0.1362
vn -0.6179 0.3791 -0.6888
vn 0.2913 0.1369 -0.9468
vn -0.4635 -0.1369 -0.8754
vn 0.3471 -0.9152 -0.2049
vn 0.4779 -0.3791 -0.7924
vn 0.1362 0.9152 -0.3793
vn 0.6888 0.3791 -0.6179
vn -0.1460 -0.3005 0.9425
vn -0.3408 0.4605 0.8197
vn 0.0142 0.9160 0.4010
vn 0.6066 -0.0649 0.7923
vn 0.0482 0.2264 0.9728
vn -0.9077 0.2473 0.3390
vn -0.9446 -0.2853 0.1624
vn -0.4515 -0.8885 -0.0818
vn -0.8800 0.4672 -0.0858
vn -0.6007 0.2285 -0.7661
vn -0.4499 -0.3085 -0.8381
vn -0.1859 0.4404 -0.8783
vn 0.5449 0.1959 -0.8153
vn 0.6544 -0.3379 -0.6764
vn 0.7822 0.4171 -0.4628
vn 0.2753 0.9019 -0.3329
vn 0.9459 0.1946 0.2594
vn 0.8422 -0.3330 0.4241
vn 0.2668 -0.9048 0.3319
vn 0.6865 0.4295 0.5867
vn 0.4827 -0.3326 0.8102
vn 0.2787 0.4347 0.8564
vn 0.9709 -0.1020 0.2166
vn 0.6682 0.1902 0.7192
vn -0.4714 0.2435 0.8476
vn -0.6281 -0.2822 0.7251
vn -0.4252 -0.8801 0.2114
vn -0.7166 0.4778 0.5081
vn -0.9459 0.2572 -0.1977
vn -0.8910 -0.2785 -0.3586
vn -0.3543 -0.8872 -0.2954
vn -0.6937 0.4685 -0.5470
vn -0.3528 0.9283 -0.1177
vn -0.0996 0.2124 -0.9721
vn 0.0574 -0.3266 -0.9434
vn 0.1491 -0.9111 -0.3844
vn 0.3158 0.4198 -0.8509
vn 0.8980 0.1709 -0.4054
vn 0.9064 -0.3600 -0.2211
vn 0.3894 -0.9186 0.0674
vn 0.9168 0.3989 0.0165
vn 0.4261 0.8922 -0.1497
vn 0.9048 -0.3144 0.2873
vn 0.7470 0.4327 0.5047
vn 0.8860 -0.0249 -0.4629
vn 0.9648 0.2249 0.1362
vn 0.1774 0.1957 0.9645
vn -0.0056 -0.3365 0.9417
vn -0.2320 0.4216 0.8766
vn -0.8541 0.2179 0.4722
vn -0.9096 -0.3082 0.2788
vn -0.8884 0.4550 0.0611
vn -0.3675 0.9075 0.2032
vn -0.7043 0.2609 -0.6603
vn -0.5579 -0.2686 -0.7852
vn -0.3150 0.4867 -0.8148
vn -0.2716 0.9252 -0.2651
vn 0.4199 0.2652 -0.8680
vn 0.5634 -0.2724 -0.7800
vn 0.3681 -0.8906 -0.2671
vn 0.6957 0.4729 -0.5406
vn 0.8817 -0.3340 -0.3333
vn 0.8919 0.4341 -0.1271
vn 0.3820 -0.1060 -0.9181
vn 0.8245 0.1879 -0.5338
vn 0.7529 0.2448 0.6109
vn 0.6049 -0.2804 0.7452
vn 0.3757 0.4797 0.7930
vn 0.2966 0.9250 0.2376
vn -0.3593 0.2586 0.8967
vn -0.5076 -0.2774 0.8157
vn -0.3516 -0.8867 0.3004
vn -0.6600 0.4690 0.5870
vn -0.9751 0.2101 -0.0714
vn -0.9185 -0.3291 -0.2193
vn -0.3518 -0.9121 -0.2106
vn -0.7838 0.4168 -0.4604
vn -0.4072 0.9078 -0.0999
vn -0.2435 0.1664 -0.9555
vn -0.0599 -0.3641 -0.9294
vn 0.1347 -0.9198 -0.3686
vn 0.1753 0.3952 -0.9017
vn -0.0741 0.8906 -0.4487
vn 0.4565 -0.2567 -0.8519
vn 0.6025 0.4920 -0.6285
vn -0.3007 -0.0093 -0.9537
vn 0.2878 0.2759 -0.9171
vn 0.9701 0.2426 0.0036
vn 0.9419 -0.2988 0.1536
vn 0.3902 -0.9023 0.1832
vn 0.8007 0.4421 0.4043
vn 0.3051 0.1790 0.9354
vn 0.1351 -0.3571 0.9243
vn -0.0846 -0.9229 0.3757
vn -0.1212 0.3952 0.9106
vn 0.0821 0.8925 0.4436
vn -0.7883 0.1730 0.5905
vn -0.8489 -0.3510 0.3951
vn -0.8891 0.4161 0.1907
vn -0.3652 0.8919 0.2668
vn -0.7990 0.2329 -0.5544
vn -0.6503 -0.2890 -0.7026
vn -0.1446 -0.8808 -0.4509
vn -0.4419 0.4759 -0.7604
vn -0.3356 0.9177 -0.2126
vn -0.1935 -0.2224 -0.9556
vn 0.0787 -0.8555 -0.5118
vn 0.0457 0.5278 -0.8481
vn -0.8436 -0.0048 -0.5369
vn -0.3758 0.3039 -0.8755
vn 0.7389 0.2848 -0.6106
vn 0.8266 -0.2597 -0.4994
vn 0.8622 0.4704 -0.1877
vn 0.3238 0.9329 -0.1576
vn 0.8309 0.1794 0.5267
vn 0.7065 -0.3634 0.6073
vn 0.1974 -0.9311 0.3066
vn 0.4841 0.3775 0.7894
vn -0.2269 0.1332 0.9648
vn -0.3878 -0.3902 0.8351
vn -0.5662 0.3775 0.7328
vn -0.9727 0.2101 0.0982
vn -0.9440 -0.3030 -0.1308
vn -0.3817 -0.8789 -0.2862
vn -0.8371 0.4704 -0.2792
vn -0.7721 -0.2096 -0.6000
vn -0.4964 0.5259 -0.6907
vn -0.9899 0.0523 0.1315
vn -0.8373 0.3273 -0.4379
vn 0.1757 0.2760 -0.9450
vn 0.3141 -0.2702 -0.9101
vn 0.2380 -0.9053 -0.3519
vn 0.5348 0.4616 -0.7078
vn 0.1509 0.9176 -0.3677
vn 0.9688 0.2065 -0.1373
vn 0.9426 -0.3326 0.0284
vn 0.8682 0.4168 0.2693
vn 0.4458 0.2148 0.8690
vn 0.2449 -0.3105 0.9185
vn 0.0431 0.4535 0.8902
vn -0.6704 0.2895 0.6832
vn -0.8149 -0.2345 0.5301
vn -0.4877 -0.8700 0.0723
vn -0.8003 0.5210 0.2970
vn -0.2470 0.9267 0.2832
vn -0.9322 -0.3608 0.0267
vn -0.8948 0.3994 -0.1996
vn -0.4583 0.8862 0.0672
vn -0.6701 -0.0898 0.7369
vn -0.9623 0.1699 0.2124
vn -0.5075 0.2062 -0.8366
vn -0.3033 -0.3148 -0.8994
vn 0.0693 -0.8931 -0.4445
vn -0.1032 0.4536 -0.8852
vn -0.2375 0.9032 -0.3575
vn 0.6291 0.2753 -0.7269
vn 0.7705 -0.2512 -0.5858
vn 0.7926 0.5044 -0.3425
vn 0.8767 0.2817 0.3899
vn 0.8052 -0.2579 0.5340
vn 0.5547 0.4817 0.6785
vn 0.3046 0.9322 0.1956
vn -0.1068 0.2166 0.9704
vn -0.2472 -0.3257 0.9126
vn -0.2127 -0.9167 0.3383
vn -0.4882 0.4168 0.7668
vn -0.1233 0.9042 0.4090
vn -0.7143 -0.3272 0.6187
vn -0.7944 0.4388 0.4200
vn -0.0446 -0.0946 0.9945
vn -0.5919 0.1966 0.7817
vn -0.9165 0.2419 -0.3187
vn -0.8236 -0.2853 -0.4902
vn -0.2833 -0.8827 -0.3751
vn -0.6244 0.4735 -0.6212
vn -0.3604 0.9235 -0.1314
vn 0.0305 0.2493 -0.9679
vn 0.1979 -0.2864 -0.9375
vn 0.2281 -0.8906 -0.3934
vn 0.4188 0.4617 -0.7820
vn 0.0558 0.9253 -0.3752
vn 0.9403 0.2087 -0.2688
vn 0.9385 -0.3290 -0.1049
vn 0.4032 -0.9110 0.0870
vn 0.8935 0.4196 0.1599
vn 0.4162 0.9076 -0.0550
vn 0.5557 0.1761 0.8125
vn 0.3747 -0.3542 0.8568
vn 0.1437 0.4055 0.9027
vn 0.2227 0.8949 0.3867
vn 0.9181 -0.3958 0.0202
vn 0.0354 -0.2313 0.9722
vn -0.9394 -0.1369 -0.3143
vn -0.3143 -0.1369 0.9394
vn 0.8667 -0.3791 -0.3241
vn 0.8164 0.1369 -0.5611
vn 0.3241 -0.3791 0.8667
vn -0.9236 0.3791 0.0564
vn 0.8796 -0.3791 0.2874
vn -0.8796 -0.3791 -0.2874
vn -0.0398 -0.1369 -0.9898
vn 0.7734 -0.3791 -0.5081
vn 0.9898 -0.1369 -0.0398
vn -0.9214 -0.3791 -0.0854
vn -0.3512 0.3791 0.8561
vn 0.0854 -0.3791 -0.9214
vn -0.0854 -0.3791 0.9214
vn 0.5864 -0.1369 -0.7983
vn 0.4500 0.3791 0.8086
vn -0.9564 -0.1369 0.2581
vn 0.6668 -0.3791 0.6416
vn 0.6416 -0.3791 -0.6668
vn 0.9127 0.3791 0.1528
vn 0.3631 0.1369 0.9217
vn 0.1528 0.3791 -0.9127
vn -0.9127 0.3791 -0.1528
vn 0.7924 -0.3791 0.4779
vn 0.9468 0.1369 0.2913
vn 0.4635 -0.1369 0.8754
vn -0.4779 -0.3791 0.7924
vn 0.6179 0.3791 0.6888
vn -0.2426 -0.8900 0.3860
vn -0.5663 -0.0318 0.8236
vn -0.3672 0.9239 0.1071
vn -0.9587 -0.0310 -0.2826
vn -0.2058 0.9152 -0.3464
vn -0.0713 -0.9023 -0.4251
vn -0.0284 -0.0637 -0.9976
vn 0.3726 -0.9124 -0.1694
vn 0.9390 -0.0846 -0.3332
vn 0.4113 0.9023 0.1290
vn 0.2963 0.9018 0.3147
vn 0.0345 -0.8995 0.4357
vn 0.0931 -0.0557 0.9941
vn -0.1851 0.9240 0.3345
vn -0.9171 -0.0139 0.3984
vn -0.6637 -0.0344 -0.7472
vn 0.0249 0.9086 -0.4169
vn 0.5032 -0.0888 -0.8596
vn 0.4016 0.9084 0.1165
vn 0.3331 -0.9102 0.2462
vn 0.7128 -0.0688 0.6980
vn 0.0485 0.8972 0.4390
vn -0.1662 -0.9134 0.3717
vn -0.4457 -0.0725 0.8922
vn -0.4399 -0.8958 -0.0641
vn -0.9884 -0.0309 -0.1487
vn -0.1097 -0.8817 -0.4589
vn -0.1653 -0.0014 -0.9862
vn 0.2038 0.9257 -0.3187
vn 0.3609 0.9012 -0.2401
vn 0.4356 -0.8991 0.0446
vn 0.9951 -0.0559 0.0812
vn 0.1350 -0.8786 0.4581
vn 0.2331 -0.0119 0.9724
vn -0.1781 0.9291 0.3242
vn -0.8510 -0.0347 0.5239
vn -0.7590 -0.0928 -0.6444
vn 0.1300 0.9342 -0.3321
vn 0.3532 -0.8763 -0.3276
vn 0.8129 -0.0042 -0.5823
vn 0.3882 0.9186 0.0735
vn 0.8047 -0.0659 0.5900
vn -0.3140 -0.1092 0.9431
vn -0.4152 -0.9096 -0.0162
vn -0.9972 -0.0741 -0.0109
vn -0.1346 0.9440 -0.3013
vn 0.2475 0.0409 -0.9680
vn 0.4366 -0.8878 -0.1454
vn 0.9969 -0.0391 -0.0678
vn 0.3284 0.8884 0.3209
vn 0.3690 -0.1343 0.9197
vn -0.1272 0.8719 0.4729
vn -0.3083 -0.9256 0.2196
vn -0.7685 -0.1131 0.6298
vn -0.4133 0.9063 0.0884
vn -0.2839 0.9405 -0.1867
vn -0.2783 -0.8716 -0.4036
vn -0.4298 0.0423 -0.9020
vn 0.7238 -0.0354 -0.6892
vn 0.4565 0.8897 -0.0098
vn 0.3476 -0.9246 0.1560
vn 0.8765 -0.0734 0.4758
vn 0.2106 0.8953 0.3925
vn -0.1008 -0.9028 0.4181
vn -0.1826 -0.0192 0.9830
vn -0.3556 -0.9216 -0.1558
vn -0.9054 -0.0952 -0.4138
vn 0.1141 -0.0278 -0.9931
vn 0.2340 0.9316 -0.2781
vn 0.4747 -0.8707 -0.1287
vn 0.9795 0.0191 -0.2004
vn 0.3005 -0.8852 0.3551
vn 0.4949 -0.0192 0.8688
vn 0.0001 -0.9155 0.4022
vn -0.2573 0.9047 0.3395
vn -0.4241 -0.8981 0.1167
vn -0.9628 -0.0528 0.2650
vn -0.5518 -0.0200 -0.8337
vn 0.6204 -0.0416 -0.7832
vn 0.9339 -0.0877 0.3467
vn 0.3064 -0.1286 0.9432
vt 0.028448 1.976377
vt 0.010508 1.960346
vt 0.008623 1.977170
vt 0.025099 -0.708857
vt 0.010508 -0.722972
vt 0.026269 -0.727129
vt 1.974947 -0.704477
vt 1.960346 -0.722972
vt 1.954642 -0.707574
vt -0.014047 1.655669
vt -0.029167 1.673487
vt -0.032891 1.656952
vt -0.011614 1.595212
vt -0.029167 1.582863
vt -0.013524 1.577040
vt 1.602495 1.660049
vt 1.582863 1.673487
vt 1.598557 1.679605
vt 0.057768 2.255344
vt 0.043167 2.271072
vt 0.059678 2.273516
vt 2.253914 -0.660049
vt 2.271072 -0.673487
vt 2.256137 -0.679605
vt 0.060201 -0.655669
vt 0.043167 -0.673487
vt 0.039664 -0.656952
vt 0.017706 1.874179
vt 0.003491 1.893589
vt -0.001850 1.877524
vt 0.021055 1.708857
vt 0.003491 1.722972
vt 0.019884 1.727129
vt 1.881462 1.704477
vt 1.893589 1.722972
vt 1.900053 1.707574
vt 1.116454 1.862023
vt 1.130669 1.842613
vt 1.114276 1.841299
vt 1.854740 -0.704477
vt 1.842613 -0.722972
vt 1.858677 -0.724032
vt 1.113106 -0.708857
vt 1.130669 -0.722972
vt 1.133643 -0.707574
vt 1.076392 1.480858
vt 1.090994 1.465130
vt 1.096217 1.480064
vt 1.073959 1.655669
vt 1.090994 1.673487
vt 1.074482 1.676507
vt 1.482287 1.660049
vt 1.465130 1.673487
vt 1.463696 1.656952
vt 1.145775 2.140990
vt 1.163328 2.153338
vt 1.165332 2.137644
vt 1.148208 -0.655669
vt 1.163328 -0.673487
vt 1.147685 -0.676507
vt 2.133707 -0.660049
vt 2.153338 -0.673487
vt 2.154012 -0.656952
vt 1.105713 1.759825
vt 1.123653 1.775855
vt 1.107891 1.780549
vt 1.761254 1.704477
vt 1.775855 1.722972
vt 1.759031 1.724032
vt 1.109062 1.708857
vt 1.123653 1.722972
vt 1.127905 1.707574
vt -0.050650 -0.373065
vt -0.065649 -0.390319
vt -0.070401 -0.374446
vt -0.048697 0.348000
vt -0.065649 0.331834
vt -0.049269 0.328201
vt -0.375018 0.348000
vt -0.390319 0.331834
vt -0.394197 0.348000
vt -0.048697 0.512000
vt -0.065649 0.528166
vt -0.069020 0.512000
vt -0.049269 -0.392815
vt -0.375018 0.512000
vt -0.390319 0.528166
vt -0.374446 0.531799
vt -0.106037 0.419001
vt -0.123291 0.434000
vt -0.107418 0.438752
vt 0.417048 0.348000
vt 0.434000 0.331834
vt 0.417620 0.328201
vt -0.107990 0.348000
vt -0.123291 0.331834
vt -0.127169 0.348000
vt -0.125788 0.417620
vt -0.107990 0.512000
vt -0.123291 0.528166
vt -0.107418 0.531799
vt 0.417048 0.512000
vt 0.434000 0.528166
vt 0.437371 0.512000
vt 1.240198 -0.282800
vt 1.257452 -0.297799
vt 1.241579 -0.302550
vt -0.280847 0.348000
vt -0.297799 0.331834
vt -0.281419 0.328201
vt 1.242151 0.348000
vt 1.257452 0.331834
vt 1.261329 0.348000
vt 1.240197 -0.282800
vt 1.257452 -0.297799
vt 1.259948 -0.281419
vt 1.242151 0.512000
vt 1.257452 0.528166
vt 1.241579 0.531799
vt -0.280847 0.512000
vt -0.297799 0.528166
vt -0.301169 0.512000
vt 1.184811 0.509266
vt 1.199810 0.526520
vt 1.204562 0.510647
vt 1.182858 0.348000
vt 1.199810 0.331834
vt 1.183430 0.328201
vt 0.511219 0.348000
vt 0.526520 0.331834
vt 0.530398 0.348000
vt 1.199810 0.526520
vt 1.183430 0.529017
vt 0.511219 0.512000
vt 0.526520 0.528166
vt 0.510647 0.531799
vt 1.182858 0.512000
vt 1.199810 0.528166
vt 1.203181 0.512000
vt 0.916208 0.099372
vt 0.903756 0.080198
vt 0.896842 0.095255
vt 0.922029 0.648000
vt 0.903756 0.631834
vt 0.920324 0.628201
vt 0.093550 0.648000
vt 0.080198 0.631834
vt 0.075889 0.648000
vt 0.922029 0.792000
vt 0.903756 0.808166
vt 0.900958 0.792000
vt 0.920324 0.080005
vt 0.093550 0.792000
vt 0.080198 0.808166
vt 0.095255 0.811799
vt 0.898743 0.181536
vt 0.879570 0.193988
vt 0.894627 0.200902
vt 0.175715 0.648000
vt 0.193988 0.631834
vt 0.177420 0.628201
vt 0.892922 0.648000
vt 0.879570 0.631834
vt 0.875261 0.648000
vt 0.898743 0.181536
vt 0.879377 0.177420
vt 0.892922 0.792000
vt 0.879570 0.808166
vt 0.894627 0.811799
vt 0.175715 0.792000
vt 0.193988 0.808166
vt 0.196786 0.792000
vt 1.057061 0.129311
vt 1.076235 0.116860
vt 1.061178 0.109945
vt 0.135133 0.648000
vt 0.116860 0.631834
vt 0.133427 0.628201
vt 1.062883 0.648000
vt 1.076235 0.631834
vt 1.080544 0.648000
vt 1.076235 0.116860
vt 1.076428 0.133427
vt 1.062883 0.792000
vt 1.076235 0.808166
vt 1.061178 0.811799
vt 0.135133 0.792000
vt 0.116860 0.808166
vt 0.114061 0.792000
vt 1.039597 0.211475
vt 1.052048 0.230649
vt 1.058963 0.215592
vt 1.033775 0.648000
vt 1.052048 0.631834
vt 1.035480 0.628201
vt 0.217297 0.648000
vt 0.230649 0.631834
vt 0.234958 0.648000
vt 1.052048 0.230649
vt 1.035480 0.230842
vt 0.217297 0.792000
vt 0.230649 0.808166
vt 0.215592 0.811799
vt 1.033775 0.792000
vt 1.052048 0.808166
vt 1.054847 0.792000
vt 0.760455 0.360460
vt 0.767671 0.338767
vt 0.751590 0.342757
vt 0.347923 0.648000
vt 0.338767 0.631834
vt 0.351595 0.628201
vt 0.747918 0.648000
vt 0.767671 0.631834
vt 0.769293 0.648000
vt 0.785491 0.792000
vt 0.767671 0.808166
vt 0.769293 0.792000
vt 0.760455 0.360460
vt 0.767671 0.338767
vt 0.778158 0.351595
vt 0.747918 0.792000
vt 0.751590 0.811799
vt 0.685346 0.398072
vt 0.663653 0.390856
vt 0.667643 0.406937
vt 0.672809 0.648000
vt 0.663653 0.631834
vt 0.676481 0.628201
vt 0.410610 0.648000
vt 0.390856 0.631834
vt 0.389234 0.648000
vt 0.676481 0.380369
vt 0.410610 0.792000
vt 0.390856 0.808166
vt 0.406937 0.811799
vt 0.373036 0.792000
vt 0.389234 0.792000
vt 0.824932 0.489219
vt 0.846625 0.496435
vt 0.842636 0.480354
vt 0.837469 0.648000
vt 0.846625 0.631834
vt 0.833797 0.628201
vt 0.476681 0.648000
vt 0.496435 0.631834
vt 0.498057 0.648000
vt 0.833797 0.506922
vt 0.476681 0.792000
vt 0.496435 0.808166
vt 0.480354 0.811799
vt 0.514255 0.792000
vt 0.498057 0.792000
vt 0.749823 0.526830
vt 0.742607 0.548524
vt 0.758688 0.544534
vt 0.539368 0.648000
vt 0.548524 0.631834
vt 0.535696 0.628201
vt 0.762361 0.648000
vt 0.742607 0.631834
vt 0.740985 0.648000
vt 0.732120 0.535696
vt 0.762361 0.792000
vt 0.742607 0.808166
vt 0.758688 0.811799
vt 0.724787 0.792000
vt 0.740985 0.792000
vt 0.459238 0.401624
vt 0.480693 0.393730
vt 0.467542 0.383651
vt 0.413369 0.648000
vt 0.393730 0.631834
vt 0.409929 0.628201
vt 0.376206 0.648000
vt 0.391956 0.648000
vt 0.413369 0.792000
vt 0.393730 0.808166
vt 0.391956 0.792000
vt 0.459238 0.401624
vt 0.480693 0.393730
vt 0.477211 0.409929
vt 0.470982 0.792000
vt 0.480693 0.808166
vt 0.467542 0.811799
vt 0.382984 0.366390
vt 0.375090 0.344935
vt 0.365011 0.358086
vt 0.394729 0.648000
vt 0.375090 0.631834
vt 0.391289 0.628201
vt 0.357567 0.648000
vt 0.373316 0.648000
vt 0.391289 0.348417
vt 0.354646 0.792000
vt 0.344935 0.808166
vt 0.358086 0.811799
vt 0.394729 0.792000
vt 0.375090 0.808166
vt 0.373316 0.792000
vt 0.398837 0.532344
vt 0.406731 0.553800
vt 0.416810 0.540649
vt 0.387092 0.648000
vt 0.406731 0.631834
vt 0.390532 0.628201
vt 0.424254 0.648000
vt 0.408505 0.648000
vt 0.390532 0.550317
vt 0.544089 0.792000
vt 0.553800 0.808166
vt 0.540649 0.811799
vt 0.387092 0.792000
vt 0.406731 0.808166
vt 0.408505 0.792000
vt 0.322583 0.497110
vt 0.301127 0.505004
vt 0.314279 0.515083
vt 0.485366 0.648000
vt 0.505004 0.631834
vt 0.488806 0.628201
vt 0.522528 0.648000
vt 0.506779 0.648000
vt 0.322583 0.497110
vt 0.304610 0.488806
vt 0.310839 0.792000
vt 0.301127 0.808166
vt 0.314279 0.811799
vt 0.485366 0.792000
vt 0.505004 0.808166
vt 0.506779 0.792000
vt 0.239144 0.191898
vt 0.258699 0.203741
vt 0.258371 0.187175
vt 0.245823 0.648000
vt 0.258699 0.631834
vt 0.243867 0.628201
vt 0.185219 0.648000
vt 0.203741 0.631834
vt 0.206403 0.648000
vt 0.245823 0.792000
vt 0.258699 0.808166
vt 0.263094 0.792000
vt 0.243867 0.211126
vt 0.185219 0.792000
vt 0.203741 0.808166
vt 0.187175 0.811799
vt 0.219107 0.110323
vt 0.230950 0.090767
vt 0.214384 0.091095
vt 0.103644 0.648000
vt 0.090767 0.631834
vt 0.105600 0.628201
vt 0.212428 0.648000
vt 0.230950 0.631834
vt 0.233612 0.648000
vt 0.238335 0.105600
vt 0.212428 0.792000
vt 0.230950 0.808166
vt 0.214384 0.811799
vt 0.103644 0.792000
vt 0.090767 0.808166
vt 0.086373 0.792000
vt 0.099301 0.226247
vt 0.087458 0.245802
vt 0.104023 0.245474
vt 0.232926 0.648000
vt 0.245802 0.631834
vt 0.230970 0.628201
vt 0.105980 0.648000
vt 0.087458 0.631834
vt 0.084796 0.648000
vt 0.087458 0.245802
vt 0.080073 0.230970
vt 0.105980 0.792000
vt 0.087458 0.808166
vt 0.104023 0.811799
vt 0.232926 0.792000
vt 0.245802 0.808166
vt 0.250197 0.792000
vt 0.079264 0.144672
vt 0.059709 0.132828
vt 0.060036 0.149394
vt 0.072585 0.648000
vt 0.059709 0.631834
vt 0.074541 0.628201
vt 0.151350 0.648000
vt 0.132828 0.631834
vt 0.130167 0.648000
vt 0.074541 0.125444
vt 0.151350 0.792000
vt 0.132828 0.808166
vt 0.149394 0.811799
vt 0.072585 0.792000
vt 0.059709 0.808166
vt 0.055314 0.792000
vt 0.265737 -0.110954
vt 0.268682 -0.088282
vt 0.281424 -0.098873
vt 0.248653 0.648000
vt 0.268682 0.631834
vt 0.253657 0.628201
vt 0.287922 0.648000
vt 0.269344 0.648000
vt 0.248653 0.792000
vt 0.268682 0.808166
vt 0.269344 0.792000
vt 0.265737 -0.110954
vt 0.268682 -0.088282
vt 0.253657 -0.095267
vt 0.287922 0.792000
vt 0.281424 0.811799
vt 0.316990 -0.177506
vt 0.339661 -0.180450
vt 0.329070 -0.193193
vt -0.160422 0.648000
vt -0.180450 0.631834
vt -0.165426 0.628201
vt -0.199690 0.648000
vt -0.181112 0.648000
vt 0.332676 -0.165426
vt -0.199690 0.792000
vt -0.180450 0.808166
vt -0.193193 0.811799
vt -0.160422 0.792000
vt -0.181112 0.792000
vt 0.151648 -0.198815
vt 0.128976 -0.195870
vt 0.139567 -0.183128
vt -0.215899 0.648000
vt -0.195870 0.631834
vt -0.210895 0.628201
vt -0.176630 0.648000
vt -0.195208 0.648000
vt 0.151648 -0.198815
vt 0.128976 -0.195870
vt 0.135961 -0.210895
vt -0.176630 0.792000
vt -0.195870 0.808166
vt -0.183128 0.811799
vt -0.215899 0.792000
vt -0.195208 0.792000
vt 0.202900 -0.265367
vt 0.199955 -0.288038
vt 0.187213 -0.277447
vt 0.219984 0.648000
vt 0.199955 0.631834
vt 0.214980 0.628201
vt 0.180716 0.648000
vt 0.199294 0.648000
vt 0.202900 -0.265367
vt 0.214980 -0.281053
vt 0.180716 0.792000
vt 0.199955 0.808166
vt 0.187213 0.811799
vt 0.219984 0.792000
vt 0.199294 0.792000
vt 0.519013 -0.279113
vt 0.503132 -0.262668
vt 0.519359 -0.259317
vt -0.278625 0.648000
vt -0.262668 0.631834
vt -0.278768 0.628201
vt 0.519502 0.648000
vt 0.503132 0.631834
vt 0.499563 0.648000
vt -0.278625 0.792000
vt -0.262668 0.808166
vt -0.258972 0.792000
vt 0.499217 -0.278768
vt 0.519502 0.792000
vt 0.503132 0.808166
vt 0.519359 0.811799
vt 0.603000 -0.280579
vt 0.619446 -0.264698
vt 0.622796 -0.280925
vt 0.603489 0.648000
vt 0.619446 0.631834
vt 0.603346 0.628201
vt -0.281068 0.648000
vt -0.264698 0.631834
vt -0.261129 0.648000
vt 0.603346 -0.260783
vt -0.281068 0.792000
vt -0.264698 0.808166
vt -0.280925 0.811799
vt 0.603489 0.792000
vt 0.619446 0.808166
vt 0.623142 0.792000
vt 0.516500 -0.423091
vt 0.500055 -0.438973
vt 0.496704 -0.422746
vt 0.516011 0.648000
vt 0.500055 0.631834
vt 0.516155 0.628201
vt -0.422603 0.648000
vt -0.438973 0.631834
vt -0.442542 0.648000
vt 0.516155 -0.442887
vt -0.422603 0.792000
vt -0.438973 0.808166
vt -0.422746 0.811799
vt 0.516011 0.792000
vt 0.500055 0.808166
vt 0.496359 0.792000
vt 0.600487 -0.424557
vt 0.616369 -0.441003
vt 0.600142 -0.444353
vt -0.425046 0.648000
vt -0.441003 0.631834
vt -0.424903 0.628201
vt 0.599999 0.648000
vt 0.616369 0.631834
vt 0.619938 0.648000
vt 0.620283 -0.424903
vt 0.599999 0.792000
vt 0.616369 0.808166
vt 0.600142 0.811799
vt -0.425046 0.792000
vt -0.441003 0.808166
vt -0.444699 0.792000
vt 0.808447 -0.186084
vt 0.785687 -0.188236
vt 0.793192 -0.173464
vt -0.207659 0.648000
vt -0.188236 0.631834
vt -0.201340 0.628201
vt -0.168236 0.648000
vt -0.188719 0.648000
vt -0.207659 0.792000
vt -0.188236 0.808166
vt -0.188719 0.792000
vt 0.808447 -0.186084
vt 0.795827 -0.201340
vt -0.168236 0.792000
vt -0.173464 0.811799
vt 0.861991 -0.121361
vt 0.859839 -0.098601
vt 0.874611 -0.106106
vt 0.840416 0.648000
vt 0.859839 0.631834
vt 0.846735 0.628201
vt 0.879839 0.648000
vt 0.859356 0.648000
vt 0.846735 -0.108741
vt 0.879839 0.792000
vt 0.859839 0.808166
vt 0.874611 0.811799
vt 0.840416 0.792000
vt 0.859356 0.792000
vt 0.919401 -0.277873
vt 0.921552 -0.300634
vt 0.906781 -0.293129
vt 0.940975 0.648000
vt 0.921552 0.631834
vt 0.934656 0.628201
vt 0.901553 0.648000
vt 0.922036 0.648000
vt 0.934656 -0.290494
vt 0.901553 0.792000
vt 0.921552 0.808166
vt 0.906781 0.811799
vt 0.940975 0.792000
vt 0.922036 0.792000
vt 0.972945 -0.213150
vt 0.995705 -0.210999
vt 0.988200 -0.225771
vt -0.191576 0.648000
vt -0.210999 0.631834
vt -0.197895 0.628201
vt -0.230998 0.648000
vt -0.210515 0.648000
vt 0.972945 -0.213150
vt 0.995705 -0.210999
vt 0.985565 -0.197895
vt -0.230998 0.792000
vt -0.210999 0.808166
vt -0.225771 0.811799
vt -0.191576 0.792000
vt -0.210515 0.792000
vt 2.732356 1.481743
vt 2.725448 1.499706
vt 2.743187 1.498162
vt 2.704953 -0.572710
vt 2.725448 -0.588158
vt 2.713052 -0.592245
vt 2.747570 -0.571372
vt 2.723810 -0.572048
vt 2.736015 1.388215
vt 2.729017 1.408459
vt 2.716649 1.395246
vt 2.751018 0.340782
vt 2.729017 0.356226
vt 2.746784 0.360327
vt 2.708401 0.339444
vt 2.727258 0.340107
vt 2.919184 1.428127
vt 2.934002 1.439856
vt 2.938058 1.422621
vt 2.916672 -0.567083
vt 2.934002 -0.582868
vt 2.918310 -0.586858
vt 1.419551 -0.566631
vt 1.439856 -0.582868
vt 1.441841 -0.566658
vt 2.821177 1.363775
vt 2.838384 1.377073
vt 2.821959 1.384640
vt 1.358911 0.343093
vt 1.377073 0.359000
vt 1.359357 0.362553
vt 2.824317 0.342641
vt 2.838384 0.359000
vt 2.843927 0.343066
vt 2.925990 1.233825
vt 2.941599 1.222959
vt 2.926507 1.213899
vt 1.243684 -0.568086
vt 1.222959 -0.584661
vt 1.240493 -0.588044
vt 2.925402 -0.569144
vt 2.941599 -0.584661
vt 2.944021 -0.568486
vt 2.824279 1.275206
vt 2.842368 1.263332
vt 2.844445 1.281175
vt 2.829557 0.341404
vt 2.842368 0.358059
vt 2.826514 0.361158
vt 1.282679 0.342462
vt 1.263332 0.358059
vt 1.259866 0.342062
vt 2.743367 1.167355
vt 2.737739 1.148760
vt 2.724496 1.160441
vt 2.760106 -0.574332
vt 2.737739 -0.591060
vt 2.755325 -0.594166
vt 2.716507 -0.575438
vt 2.736332 -0.575004
vt 2.741034 1.244907
vt 2.735464 1.224422
vt 2.753032 1.227836
vt 2.714309 0.338049
vt 2.735464 0.354704
vt 2.722203 0.358070
vt 2.757908 0.339155
vt 2.734135 0.338483
vt 2.623694 1.320577
vt 2.604150 1.319799
vt 2.611198 1.336125
vt 1.297108 -0.577190
vt 1.319799 -0.593221
vt 1.304063 -0.596762
vt 1.342450 -0.576815
vt 1.319530 -0.577206
vt 2.686483 1.314751
vt 2.665409 1.314115
vt 2.674050 1.298335
vt 1.336960 0.337665
vt 1.314115 0.353570
vt 1.330397 0.357556
vt 1.291617 0.337290
vt 1.314039 0.337274
vt 1.622301 2.639970
vt 1.605080 2.649532
vt 1.619777 2.659675
vt 2.627954 -0.578719
vt 2.649532 -0.594283
vt 2.631906 -0.598109
vt 1.618818 -0.577374
vt 1.605080 -0.594283
vt 1.601282 -0.578303
vt 1.653600 2.587085
vt 1.635651 2.597878
vt 1.634539 2.579873
vt 1.648394 0.382985
vt 1.635651 0.398391
vt 1.650571 0.402780
vt 2.577981 0.381640
vt 2.597878 0.398391
vt 2.601205 0.382055
vt 1.799760 2.718923
vt 1.803230 2.737689
vt 1.817501 2.727006
vt 1.779572 -0.569435
vt 1.803230 -0.584498
vt 1.786159 -0.588941
vt 1.823897 -0.567472
vt 1.803226 -0.568331
vt 1.734492 2.623074
vt 1.739481 2.644072
vt 1.721943 2.639396
vt 1.762223 0.388380
vt 1.739481 0.403519
vt 1.753286 0.407693
vt 1.717899 0.386417
vt 1.741552 0.387521
vt 1.929669 2.574347
vt 1.948286 2.576258
vt 1.942639 2.559552
vt 2.598316 -0.563078
vt 2.576258 -0.579082
vt 2.591456 -0.583005
vt 2.553196 -0.563210
vt 2.576500 -0.562811
vt 1.793709 2.557171
vt 1.815490 2.559482
vt 1.805533 2.574557
vt 2.536967 0.390148
vt 2.559482 0.406357
vt 2.542653 0.409550
vt 2.582087 0.390280
vt 2.560271 0.390547
vt 1.832498 2.406042
vt 1.839785 2.388329
vt 1.822255 2.388726
vt 2.400734 -0.568432
vt 2.388329 -0.585520
vt 2.401752 -0.588504
vt 1.816867 -0.570477
vt 1.839785 -0.585520
vt 1.840481 -0.569372
vt 1.749415 2.480453
vt 1.758636 2.461008
vt 1.769791 2.474963
vt 1.738360 0.385846
vt 1.758636 0.402984
vt 1.740512 0.405786
vt 1.779767 0.387890
vt 1.761974 0.386951
vt 1.642534 2.446599
vt 1.627673 2.433615
vt 1.622715 2.450605
vt 1.644786 -0.578099
vt 1.627673 -0.594914
vt 1.644148 -0.597838
vt 2.452786 -0.579231
vt 2.433615 -0.594914
vt 2.431127 -0.578947
vt 1.662823 2.498940
vt 1.647490 2.484738
vt 1.664110 2.478249
vt 2.502244 0.381418
vt 2.484738 0.398061
vt 2.502102 0.401602
vt 1.663957 0.382550
vt 1.647490 0.398061
vt 1.643479 0.381703
vt -0.002553 2.788048
vt -0.021330 2.785198
vt -0.016764 2.802148
vt 2.764167 -0.570335
vt 2.785198 -0.587280
vt 2.770557 -0.590307
vt 2.808844 -0.572072
vt 2.785262 -0.571179
vt 0.083441 2.834970
vt 0.062184 2.830767
vt 0.073081 2.816541
vt 2.852564 0.188713
vt 2.830767 0.205673
vt 2.848132 0.208646
vt 2.807887 0.190450
vt 2.828981 0.189606
vt 0.082701 2.962670
vt 0.073732 2.979909
vt 0.091414 2.980725
vt 2.966365 -0.577861
vt 2.979909 -0.594435
vt 2.965665 -0.597545
vt 0.095592 -0.578548
vt 0.073732 -0.594435
vt 0.072184 -0.578458
vt 0.122302 2.914568
vt 0.112191 2.933196
vt 0.101878 2.918526
vt 0.132491 0.185491
vt 0.112191 0.201909
vt 0.130224 0.205574
vt 0.092404 0.186177
vt 0.109083 0.185581
vt 0.275232 2.935630
vt 0.288413 2.949759
vt 0.294792 2.933121
vt 0.269269 -0.577052
vt 0.288413 -0.592586
vt 0.271702 -0.596478
vt 2.931757 -0.575738
vt 2.949759 -0.592586
vt 2.952666 -0.576576
vt 0.210064 2.902243
vt 0.225125 2.917334
vt 0.207837 2.922685
vt 2.900648 0.187460
vt 2.917334 0.202882
vt 2.900401 0.207171
vt 0.208548 0.186146
vt 0.225125 0.202882
vt 0.229855 0.186621
vt 0.308969 2.744296
vt 0.326032 2.736413
vt 0.312307 2.725123
vt 2.759160 -0.569025
vt 2.736413 -0.584287
vt 2.753954 -0.588580
vt 2.718386 -0.567526
vt 2.735633 -0.568134
vt 0.225442 2.815027
vt 0.244914 2.805103
vt 0.244527 2.823271
vt 0.234622 0.191898
vt 0.244914 0.207247
vt 0.230450 0.211231
vt 2.825064 0.190399
vt 2.805103 0.207247
vt 2.801537 0.191290
vt 0.137289 2.653086
vt 0.134600 2.634708
vt 0.119755 2.644176
vt 0.157581 -0.564873
vt 0.134600 -0.581008
vt 0.151544 -0.584767
vt 0.112624 -0.565261
vt 0.134104 -0.564798
vt 0.147185 2.773450
vt 0.144211 2.751601
vt 0.161243 2.757671
vt 0.121846 0.192672
vt 0.144211 0.208972
vt 0.129454 0.212142
vt 0.166802 0.193060
vt 0.143325 0.193134
vt -1.339734 1.927818
vt -1.352144 1.912471
vt -1.359578 1.928719
vt -1.332450 -0.579045
vt -1.352144 -0.594554
vt -1.335018 -0.598407
vt 1.929000 -0.577579
vt 1.912471 -0.594554
vt 1.908947 -0.578583
vt -1.281400 1.945358
vt -1.295146 1.929610
vt -1.277609 1.925373
vt 1.945591 0.399713
vt 1.929610 0.415055
vt 1.945981 0.419502
vt -1.277276 0.398246
vt -1.295146 0.415055
vt -1.299253 0.398709
vt -1.386653 2.116265
vt -1.404538 2.122910
vt -1.391536 2.135115
vt 2.099756 -0.569058
vt 2.122910 -0.584053
vt 2.105417 -0.588553
vt 2.141755 -0.566974
vt 2.123442 -0.567879
vt -1.302787 2.031259
vt -1.322593 2.039850
vt -1.321036 2.021760
vt 2.061354 0.405478
vt 2.039850 0.420557
vt 2.051457 0.424757
vt 2.019355 0.403394
vt 2.043040 0.404572
vt -1.221704 2.219069
vt -1.220341 2.237711
vt -1.204874 2.229256
vt -1.243214 -0.562399
vt -1.220341 -0.578415
vt -1.236872 -0.582345
vt -1.197962 -0.562577
vt -1.220084 -0.562132
vt -1.227598 2.078120
vt -1.226100 2.099989
vt -1.242672 2.092797
vt -1.203537 0.407276
vt -1.226100 0.423510
vt -1.210675 0.426662
vt -1.248789 0.407454
vt -1.225658 0.407720
vt -1.072842 2.094159
vt -1.054107 2.098224
vt -1.057552 2.081042
vt 2.118537 -0.568271
vt 2.098224 -0.585431
vt 2.112133 -0.588363
vt 2.074568 -0.570465
vt 2.098280 -0.569285
vt -1.159742 2.021182
vt -1.139017 2.026918
vt -1.150814 2.040314
vt 2.005544 0.402622
vt 2.026918 0.419834
vt 2.009223 0.422583
vt 2.049513 0.404816
vt 2.029256 0.403802
vt -1.145788 1.914155
vt -1.135565 1.897215
vt -1.153164 1.895300
vt 1.911463 -0.578558
vt 1.897215 -0.595406
vt 1.912261 -0.598290
vt -1.156712 -0.579736
vt -1.135565 -0.595406
vt -1.133674 -0.579451
vt -1.192993 1.939131
vt -1.181690 1.921618
vt -1.172406 1.936840
vt -1.201360 0.397948
vt -1.181690 0.414609
vt -1.199620 0.418159
vt 1.935085 0.399126
vt 1.921618 0.414609
vt 1.917019 0.398233
vt -1.793069 0.328315
vt -1.792787 0.309761
vt -1.808915 0.317066
vt -1.769754 -0.562390
vt -1.792787 -0.577785
vt -1.776836 -0.582148
vt -1.815119 -0.561389
vt -1.792428 -0.561514
vt -1.772492 0.467438
vt -1.772727 0.445389
vt -1.756618 0.453767
vt -1.795765 0.316178
vt -1.772727 0.331804
vt -1.788695 0.335344
vt -1.750400 0.315178
vt -1.773074 0.316054
vt -1.950458 0.442439
vt -1.968446 0.437133
vt -1.966366 0.454496
vt 0.417587 -0.563671
vt 0.437133 -0.580600
vt 0.424023 -0.583804
vt 0.460683 -0.565624
vt 0.436923 -0.564381
vt -1.844235 0.519459
vt -1.864891 0.512218
vt -1.852045 0.499702
vt 0.533125 0.313235
vt 0.512218 0.330327
vt 0.530175 0.332948
vt 0.490029 0.315188
vt 0.509365 0.314478
vt -1.890605 0.627097
vt -1.901645 0.643226
vt -1.884343 0.646389
vt 0.627726 -0.575590
vt 0.643226 -0.592896
vt 0.627556 -0.595511
vt -1.880750 -0.577798
vt -1.901645 -0.592896
vt -1.903304 -0.576905
vt -1.816952 0.603632
vt -1.829842 0.620351
vt -1.837902 0.604500
vt -1.811474 0.306700
vt -1.829842 0.323875
vt -1.811972 0.326953
vt 0.605656 0.308907
vt 0.620351 0.323875
vt 0.624764 0.307592
vt -1.696225 0.627097
vt -1.684701 0.643226
vt -1.676197 0.627556
vt -1.704911 -0.581676
vt -1.684701 -0.597680
vt -1.702171 -0.601089
vt 0.627726 -0.581087
vt 0.643226 -0.597680
vt 0.646834 -0.581779
vt -1.728347 0.603632
vt -1.716016 0.620351
vt -1.733734 0.623333
vt 0.605656 0.305605
vt 0.620351 0.321365
vt 0.604500 0.325644
vt -1.735124 0.305016
vt -1.716016 0.321365
vt -1.712552 0.304913
vt -1.635944 0.442439
vt -1.617423 0.437133
vt -1.629580 0.424023
vt 0.460683 -0.573518
vt 0.437133 -0.588341
vt 0.454496 -0.592831
vt 0.417587 -0.570946
vt 0.436923 -0.572266
vt -1.700869 0.519459
vt -1.680717 0.512218
vt -1.683497 0.530175
vt 0.490029 0.311463
vt 0.512218 0.326265
vt 0.499702 0.330830
vt 0.533125 0.308891
vt 0.509365 0.310143
vt -1.128821 -1.160804
vt -1.116405 -1.174306
vt -1.133521 -1.179226
vt -1.155370 -0.559445
vt -1.174306 -0.573790
vt -1.158642 -0.578924
vt -1.136113 -0.556558
vt -1.116405 -0.573790
vt -1.114146 -0.557517
vt -1.182217 -1.007453
vt -1.168425 -1.024911
vt -1.161432 -1.008032
vt -1.186251 0.292723
vt -1.168425 0.307367
vt -1.185963 0.311438
vt -1.011380 0.289836
vt -1.024911 0.307367
vt -1.031394 0.291765
vt -1.322739 -1.174680
vt -1.332798 -1.189790
vt -1.342486 -1.175350
vt -1.311445 -0.554500
vt -1.332798 -0.571251
vt -1.315233 -0.574750
vt -1.173156 -0.556528
vt -1.189790 -0.571251
vt -1.191152 -0.554930
vt -1.270612 -1.013778
vt -1.282015 -1.033039
vt -1.264037 -1.034204
vt -1.022076 0.291590
vt -1.033039 0.308700
vt -1.017325 0.310921
vt -1.262499 0.293618
vt -1.282015 0.308700
vt -1.285554 0.293188
vt -1.396004 -0.995326
vt -1.414553 -0.989651
vt -1.403450 -0.976270
vt -1.010994 -0.571296
vt -0.989651 -0.589478
vt -1.007286 -0.591490
vt -0.967131 -0.575437
vt -0.987349 -0.573491
vt -1.304008 -0.932023
vt -1.324931 -0.927981
vt -1.320788 -0.945115
vt -0.907691 0.281027
vt -0.927981 0.299132
vt -0.914099 0.301416
vt -0.951555 0.285168
vt -0.927909 0.282973
vt -1.247365 -0.870604
vt -1.248689 -0.850474
vt -1.232164 -0.857109
vt -1.270965 -0.586622
vt -1.248689 -0.603282
vt -1.264169 -0.606010
vt -1.225703 -0.587154
vt -1.248851 -0.587548
vt -1.236254 -0.875170
vt -1.237864 -0.854923
vt -1.253256 -0.863884
vt -1.215270 0.275632
vt -1.237864 0.291885
vt -1.221251 0.296060
vt -1.260532 0.276163
vt -1.238418 0.275237
vt -1.082237 -0.972875
vt -1.064423 -0.964597
vt -1.065338 -0.982542
vt -0.943592 -0.579298
vt -0.964597 -0.593587
vt -0.952942 -0.598244
vt -0.985454 -0.575486
vt -0.961836 -0.577676
vt -1.160983 -0.921789
vt -1.141138 -0.914829
vt -1.154769 -0.902769
vt -0.937486 0.282860
vt -0.914829 0.296975
vt -0.932370 0.302254
vt -0.895624 0.279048
vt -0.913869 0.280670
vt 0.340794 -1.832185
vt 0.358329 -1.835104
vt 0.348571 -1.849761
vt -1.811536 -0.560028
vt -1.835104 -0.575445
vt -1.818099 -0.579738
vt -1.856312 -0.559432
vt -1.835160 -0.559257
vt 0.213862 -1.801725
vt 0.236258 -1.805811
vt 0.230590 -1.788448
vt -1.828612 -0.007898
vt -1.805811 0.007812
vt -1.820109 0.011070
vt -1.783836 -0.008495
vt -1.807460 -0.007724
vt 0.201164 -1.967373
vt 0.203004 -1.985489
vt 0.186327 -1.980588
vt 0.223834 -0.564335
vt 0.203004 -0.581535
vt 0.218105 -0.584432
vt 0.178893 -0.567003
vt 0.202357 -0.565433
vt 0.150215 -1.863348
vt 0.154005 -1.885448
vt 0.168508 -1.874813
vt 0.132559 -0.012760
vt 0.154005 0.004587
vt 0.136729 0.006968
vt 0.177501 -0.010092
vt 0.156023 -0.011190
vt 0.029863 -1.876327
vt 0.012446 -1.884209
vt 0.012210 -1.866645
vt 0.025486 -0.578631
vt 0.012446 -0.595979
vt 0.026267 -0.598451
vt -1.861391 -0.580876
vt -1.884209 -0.595979
vt -1.884956 -0.580080
vt 0.072130 -1.821847
vt 0.053095 -1.831815
vt 0.067413 -1.842483
vt -1.811847 -0.020208
vt -1.831815 -0.003062
vt -1.813610 0.000126
vt -1.852679 -0.017962
vt -1.835412 -0.019412
vt 0.063622 -1.684869
vt 0.050000 -1.671229
vt 0.066844 -1.665396
vt -1.689934 -0.583160
vt -1.671229 -0.598816
vt -1.687752 -0.602421
vt 0.068493 -0.581879
vt 0.050000 -0.598816
vt 0.047198 -0.582957
vt 0.087519 -1.734574
vt 0.072982 -1.719031
vt 0.067016 -1.736138
vt 0.090225 -0.019949
vt 0.072982 -0.004564
vt 0.090107 -0.000000
vt -1.735136 -0.021229
vt -1.719031 -0.004564
vt -1.714179 -0.021027
vt 0.255788 -1.657588
vt 0.263768 -1.640881
vt 0.274727 -1.654961
vt 0.240585 -0.571663
vt 0.263768 -0.586125
vt 0.246398 -0.590856
vt -1.655179 -0.568626
vt -1.640881 -0.586125
vt -1.638202 -0.570088
vt 0.175114 -1.722138
vt 0.186183 -1.702960
vt 0.167865 -1.702743
vt -1.713881 -0.012342
vt -1.702960 0.002156
vt -1.717799 0.006763
vt 0.167220 -0.015378
vt 0.186183 0.002156
vt 0.190611 -0.013803
vt 1.859098 -1.437640
vt 1.876294 -1.428007
vt 1.877645 -1.445665
vt 1.862545 -0.581124
vt 1.876294 -0.597965
vt 1.861601 -0.600768
vt -1.449495 -0.582208
vt -1.428007 -0.597965
vt -1.426258 -0.582075
vt 1.833079 -1.475999
vt 1.851004 -1.465292
vt 1.836087 -1.455490
vt -1.485313 0.207442
vt -1.465292 0.224031
vt -1.483280 0.227732
vt 1.838250 0.208527
vt 1.851004 0.224031
vt 1.855788 0.207575
vt 1.838992 -1.631006
vt 1.853870 -1.643664
vt 1.837399 -1.650631
vt -1.624036 -0.579705
vt -1.643664 -0.594873
vt -1.626769 -0.598938
vt 1.836801 -0.577573
vt 1.853870 -0.594873
vt 1.857265 -0.578929
vt 1.823914 -1.564141
vt 1.839215 -1.578672
vt 1.844029 -1.561203
vt 1.822722 0.210668
vt 1.839215 0.225657
vt 1.822614 0.230356
vt -1.561602 0.208536
vt -1.578672 0.225657
vt -1.583269 0.209313
vt 1.649210 -1.671512
vt 1.642210 -1.688839
vt 1.630372 -1.675527
vt 1.665494 -0.566739
vt 1.642210 -0.581486
vt 1.659651 -0.586189
vt 1.624087 -0.564337
vt 1.641887 -0.565307
vt 1.737405 -1.582606
vt 1.727936 -1.602423
vt 1.746136 -1.601388
vt 1.706439 0.217806
vt 1.727936 0.232695
vt 1.716856 0.236892
vt 1.747847 0.215404
vt 1.724239 0.216835
vt 1.552024 -1.503181
vt 1.533820 -1.501102
vt 1.542667 -1.485947
vt -1.523957 -0.560144
vt -1.501102 -0.576306
vt -1.517870 -0.580139
vt -1.478811 -0.560791
vt -1.500638 -0.560035
vt 1.693105 -1.505875
vt 1.670951 -1.503721
vt 1.677692 -1.520512
vt -1.481327 0.218991
vt -1.503721 0.235419
vt -1.488589 0.238306
vt -1.526473 0.219638
vt -1.503154 0.219747
vt 1.681741 -1.358640
vt 1.678492 -1.339899
vt 1.695491 -1.343884
vt 1.658145 -0.569034
vt 1.678492 -0.586490
vt 1.664160 -0.589150
vt 1.702454 -0.571836
vt 1.678806 -0.570399
vt 1.752234 -1.439989
vt 1.747011 -1.418970
vt 1.733285 -1.430342
vt 1.768277 0.212586
vt 1.747011 0.230064
vt 1.764616 0.232645
vt 1.723968 0.215388
vt 1.744629 0.214024
vt 2.840627 -0.148730
vt 2.847037 -0.130192
vt 2.859583 -0.142880
vt 2.824216 -0.577423
vt 2.847037 -0.592996
vt 2.829451 -0.596858
vt 2.866829 -0.576143
vt 2.847979 -0.576984
vt 2.792587 -0.196459
vt 2.800110 -0.176814
vt 2.782182 -0.178874
vt 2.821422 0.388741
vt 2.800110 0.404191
vt 2.812314 0.408494
vt 2.778809 0.387460
vt 2.802572 0.387899
vt 2.949221 -0.309823
vt 2.968295 -0.310072
vt 2.960259 -0.325958
vt -0.286709 -0.569208
vt -0.310072 -0.584450
vt -0.293920 -0.588777
vt -0.332017 -0.567599
vt -0.309614 -0.568274
vt 2.842088 -0.269890
vt 2.863644 -0.271064
vt 2.855987 -0.254628
vt -0.294272 0.393347
vt -0.271064 0.408669
vt -0.286666 0.412710
vt -0.248964 0.391738
vt -0.271869 0.392673
vt 2.829429 -0.462924
vt 2.834533 -0.481027
vt 2.817104 -0.478338
vt 2.855069 -0.564422
vt 2.834533 -0.580534
vt 2.847941 -0.584350
vt 2.811459 -0.564707
vt 2.835235 -0.564283
vt 2.787483 -0.339678
vt 2.793558 -0.360636
vt 2.806668 -0.348238
vt 2.771811 0.394435
vt 2.793558 0.410721
vt 2.775831 0.413919
vt 2.815422 0.394721
vt 2.795587 0.394860
vt 2.646800 -0.396452
vt 2.630604 -0.406803
vt 2.627954 -0.389436
vt 2.646007 -0.569678
vt 2.630604 -0.586660
vt 2.645871 -0.589696
vt -0.385402 -0.571464
vt -0.406803 -0.586660
vt -0.408201 -0.570526
vt 2.704234 -0.309378
vt 2.686708 -0.321746
vt 2.702384 -0.330338
vt -0.303101 0.390501
vt -0.321746 0.407511
vt -0.303760 0.410450
vt 2.700294 0.392287
vt 2.686708 0.407511
vt 2.681681 0.391438
vt 2.653720 -0.202270
vt 2.638332 -0.189975
vt 2.654207 -0.182111
vt -0.209485 -0.577713
vt -0.189975 -0.594363
vt -0.207371 -0.597427
vt 2.654890 -0.578531
vt 2.638332 -0.594363
vt 2.635270 -0.578377
vt 2.707389 -0.220864
vt 2.690758 -0.208138
vt 2.687250 -0.225666
vt 2.705617 0.386981
vt 2.690758 0.403475
vt 2.707015 0.407097
vt -0.227059 0.387800
vt -0.208138 0.403475
vt -0.204787 0.387136
vt 0.556475 -0.572831
vt 1.549912 -0.557634
vt 0.557138 -0.591987
vt 0.557138 2.771475
vt 1.542295 2.528346
vt 0.557413 2.753273
vt 0.549359 -0.367169
vt 1.513377 -0.314631
vt 1.519894 -0.333585
vt 0.548696 2.706689
vt 1.503383 2.466179
vt 1.513377 2.486375
vt 2.347991 -0.510838
vt 1.550691 -0.538427
vt 1.549912 2.544744
vt 2.332108 1.898114
vt 2.286992 -0.287861
vt 2.298202 -0.306652
vt 2.269203 1.855093
vt 2.286992 1.869069
vt 1.911535 -0.510838
vt 0.991451 -0.514795
vt 1.909462 -0.530084
vt 2.787882 0.991451
vt 2.346056 1.909462
vt 1.877485 -0.306652
vt 0.977035 -0.273004
vt 0.980039 -0.291706
vt 2.716315 0.977035
vt 2.694201 0.972047
vt 0.992191 -0.495526
vt -0.027464 -0.514795
vt 2.787882 -0.027464
vt 2.770422 0.987401
vt -0.013047 -0.273004
vt -0.016051 -0.291706
vt 2.694201 -0.008060
vt 2.716315 -0.013047
vt -0.028204 -0.495526
vt -0.945474 -0.530084
vt 2.346056 -0.945474
vt 2.770422 -0.023413
vt -0.905081 -0.287861
vt -0.913497 -0.306652
vt 2.269203 -0.891106
vt 2.286992 -0.905081
vt 1.549913 -0.557634
vt 2.346056 -0.530084
vt 1.549913 -1.580757
vt 2.332108 -0.934126
vt 1.513377 -1.522387
vt 1.503383 -1.502192
vt 0.557138 -1.807487
vt 1.542295 -1.564359
vt 0.548696 -0.348013
vt 0.548421 -1.720286
vt 0.548696 -1.742701
vt -0.437741 -0.607235
vt -0.435636 -1.580757
vt 0.557413 -1.789286
vt -0.415986 -0.381394
vt -0.421176 -0.400753
vt -0.406541 -1.502192
vt -0.415986 -1.522387
vt -1.235040 -0.634825
vt -0.435636 -0.626341
vt -1.231779 -0.945474
vt -0.427469 -1.564359
vt -1.189600 -0.408165
vt -1.199485 -0.427686
vt -1.172361 -0.891106
vt -1.189600 -0.905081
vt -0.028204 -0.650136
vt -0.945474 -0.653891
vt -0.947548 -0.634825
vt -1.673606 -0.027464
vt -1.217283 -0.934126
vt -0.913497 -0.427686
vt -0.013047 -0.423021
vt -0.016051 -0.442632
vt -1.597359 -0.008060
vt -1.618924 -0.013047
vt 0.992191 -0.650136
vt -0.027464 -0.669180
vt -1.673606 0.991451
vt -1.655597 -0.023413
vt 0.980039 -0.442632
vt 0.977035 -0.423021
vt -1.597359 0.972047
vt -1.618924 0.977035
vt 1.911535 -0.634825
vt 0.991451 -0.669180
vt -1.231779 1.909462
vt -1.655597 0.987401
vt 1.877485 -0.427686
vt 1.869069 -0.408165
vt -1.172361 1.855093
vt -1.189600 1.869069
vt -1.231779 -0.653891
vt -0.427469 2.528346
vt -1.217283 1.898114
vt -0.406541 2.466179
vt -0.415986 2.486375
vt -0.435636 2.544744
vt 0.548421 2.684274
vt 0.080075 -0.312746
vt 0.965270 -0.360280
vt 0.080271 -0.331972
vt 0.965270 2.465541
vt 0.084137 2.445533
vt 0.080271 2.463438
vt 0.096443 -0.127254
vt 0.960113 -0.135539
vt 0.962405 -0.154953
vt 0.960113 2.412555
vt 0.105302 2.388841
vt 0.955465 2.390862
vt 1.766481 -0.363848
vt 0.966676 -0.341106
vt 1.763628 2.083264
vt 0.960988 2.447617
vt 1.735994 -0.157601
vt 1.743592 -0.177166
vt 1.722398 2.023632
vt 1.735994 2.041040
vt 1.394034 -0.376469
vt 2.083264 -0.382981
vt 2.086228 -0.363848
vt 2.317223 1.392321
vt 1.751997 2.068859
vt 2.051254 -0.177166
vt 1.369550 -0.169845
vt 1.375173 -0.189493
vt 2.254201 1.359886
vt 2.274003 1.369550
vt 0.529561 -0.395580
vt 1.392321 -0.395580
vt 2.516406 0.529561
vt 2.300495 1.384276
vt 0.531081 -0.169845
vt 0.530971 -0.189493
vt 2.445544 0.531087
vt 2.467578 0.531081
vt -0.335548 -0.363848
vt 0.529712 -0.376469
vt 2.321729 -0.334134
vt 2.497845 0.529459
vt -0.308298 -0.157601
vt -0.314147 -0.177166
vt 2.278382 -0.308298
vt 2.258530 -0.298611
vt -1.030370 -0.341106
vt -0.334134 -0.382981
vt 1.771748 -1.027700
vt 2.304960 -0.326285
vt -0.982337 -0.135539
vt -0.992795 -0.154953
vt 1.743886 -0.982337
vt 1.730198 -0.964876
vt 0.976820 -0.312746
vt 1.771748 -0.360280
vt 1.774615 -0.341106
vt 0.975395 -1.413768
vt 1.760042 -1.013466
vt 1.751537 -0.154953
vt 0.969953 -0.108028
vt 0.972312 -0.127254
vt 0.969953 -1.357534
vt 0.965191 -1.335747
vt 0.090219 -0.284387
vt 0.975395 -0.331972
vt 0.094169 -1.398064
vt 0.971020 -1.395980
vt 0.109871 -0.080517
vt 0.106350 -0.099554
vt 0.115029 -1.337768
vt 0.109871 -1.359579
vt -0.709586 -0.261645
vt 0.090396 -0.303664
vt -0.707962 -1.033594
vt 0.090396 -1.415871
vt -0.666010 -0.058455
vt -0.674836 -0.077341
vt -0.651904 -0.970538
vt -0.666010 -0.988064
vt -1.036274 -0.261645
vt -0.342650 -0.268364
vt -1.033594 -0.280963
vt -1.245338 -0.334723
vt -0.696840 -1.019306
vt -0.998562 -0.077341
vt -0.316574 -0.046211
vt -0.322480 -0.065014
vt -1.183707 -0.306792
vt -1.204018 -0.316574
vt 0.520243 -0.249024
vt -0.344079 -0.249024
vt -1.261557 -0.342650
vt -1.442688 0.520094
vt 0.521722 -0.065014
vt 0.521895 -0.046211
vt -1.397594 0.521895
vt -1.375051 0.522007
vt 1.385502 -0.261645
vt 0.520109 -0.268364
vt -1.266063 1.383805
vt -1.460740 0.520109
vt 1.361274 -0.058455
vt 1.366840 -0.077341
vt -1.188036 1.351705
vt -1.208398 1.361274
vt 2.080324 -0.284387
vt 1.383805 -0.280963
vt -0.704885 2.063019
vt -1.249803 1.375839
vt 2.035313 -0.080517
vt 2.045487 -0.099554
vt -0.673901 2.035313
vt -0.659704 2.017970
vt -0.717720 -0.284387
vt -0.716082 -0.303664
vt -0.716082 2.077371
vt -0.682782 -0.099554
vt 0.100031 -0.108028
vt 0.100031 2.410511
vt 0.516805 -0.089586
vt -0.215704 -0.091974
vt -0.217030 -0.072667
vt -0.215704 2.004546
vt 0.516354 2.156918
vt -0.207780 1.987879
vt -0.196802 0.092667
vt 0.520888 0.095566
vt 0.520422 0.076131
vt -0.190752 1.964100
vt 0.521166 2.108141
vt 0.520888 2.130221
vt 1.250258 -0.122390
vt 0.516425 -0.108853
vt 1.250258 2.011704
vt 0.516425 2.175451
vt 1.239315 0.062870
vt 1.234183 0.082409
vt 1.224836 1.951125
vt 1.234183 1.971058
vt 1.843914 -0.110683
vt 1.252347 -0.103154
vt 1.825919 1.534082
vt 1.242173 1.994959
vt 1.807857 0.075107
vt 1.817491 0.055511
vt 1.790769 1.504312
vt 1.807857 1.518133
vt 0.870932 -0.110683
vt 1.545738 -0.129902
vt 1.548402 -0.110683
vt 1.840451 1.545738
vt 2.151975 0.865569
vt 0.863889 0.055511
vt 1.518133 0.075107
vt 0.861154 0.075107
vt 2.106875 0.856198
vt 2.128286 0.861154
vt 0.117888 -0.122390
vt 0.869843 -0.129902
vt 2.173934 0.117888
vt 2.170107 0.869843
vt 0.130245 0.082409
vt 0.127243 0.062870
vt 2.110546 0.135151
vt 2.132007 0.130245
vt -0.563436 -0.089586
vt 0.117226 -0.103154
vt 1.851176 -0.561193
vt 2.155761 0.121825
vt -0.538012 0.076131
vt -0.529830 0.095567
vt 1.801053 -0.516017
vt 1.818281 -0.529830
vt 1.854663 -0.089586
vt 1.265757 -0.091974
vt 1.851176 -0.108853
vt 1.265757 -1.032899
vt 1.836527 -0.549839
vt 1.827997 0.076131
vt 1.249247 0.111974
vt 1.254497 0.092667
vt 1.239697 -0.968335
vt 1.249247 -0.988335
vt 0.534046 -0.055748
vt 1.267881 -0.072667
vt 0.533368 -1.185432
vt 1.257501 -1.016394
vt 0.537608 0.128381
vt 0.537274 0.109203
vt 0.537660 -1.132215
vt 0.537608 -1.154457
vt -0.200206 -0.061558
vt 0.533627 -0.075094
vt -0.200206 -1.040058
vt 0.533627 -1.203804
vt -0.175687 0.141539
vt -0.181619 0.122464
vt -0.175687 -0.995293
vt -0.166010 -0.975199
vt -0.793062 -0.034650
vt -0.201496 -0.042180
vt -0.790398 -0.574092
vt -0.192451 -1.023474
vt -0.749362 0.148840
vt -0.759795 0.129823
vt -0.731943 -0.528386
vt -0.749362 -0.542369
vt 0.101104 -0.034650
vt -0.574092 -0.054045
vt -0.576365 -0.034650
vt -1.120055 0.101803
vt -0.776198 -0.562597
vt 0.111486 0.129823
vt -0.542369 0.148840
vt 0.114610 0.148840
vt -1.069792 0.114610
vt -1.048049 0.119728
vt 0.854810 -0.042180
vt 0.101803 -0.054046
vt -1.123882 0.853759
vt -1.102254 0.105917
vt 0.845520 0.141539
vt 0.848132 0.122464
vt -1.051720 0.840775
vt -1.073512 0.845520
vt 1.535473 -0.055748
vt 0.853759 -0.061558
vt -0.801123 1.532840
vt -1.106040 0.849660
vt 1.505595 0.128381
vt 1.513387 0.109203
vt -0.759786 1.505595
vt -0.742227 1.491943
vt -0.801123 -0.075094
vt -0.803812 -0.055748
vt -0.786806 1.521324
vt -0.770301 0.109203
vt -0.190752 0.111974
vt -0.180871 1.944261
vt 0.274393 0.146211
vt -0.271930 0.128039
vt -0.274665 0.147447
vt 0.275372 1.835675
vt -0.260210 1.552547
vt -0.271930 1.567047
vt -0.255528 0.292553
vt 0.284417 0.310763
vt 0.281530 0.291344
vt 0.284417 1.798862
vt -0.233834 1.520634
vt 0.289480 1.777488
vt 0.886004 0.145219
vt 0.275372 0.126807
vt 0.881001 1.822017
vt 0.279643 1.817519
vt 0.877129 0.309802
vt 0.879773 0.290374
vt 0.872413 1.781848
vt 0.877129 1.803295
vt 1.439032 0.144669
vt 0.885027 0.125819
vt 0.885027 1.840234
vt 1.424759 1.565149
vt 1.413069 0.309269
vt 1.420715 0.289836
vt 1.399512 1.532850
vt 1.413069 1.550120
vt 1.107979 0.144669
vt 1.579823 0.125270
vt 1.583304 0.144669
vt 1.819967 1.106017
vt 1.436287 1.579823
vt 1.559870 0.289836
vt 1.089483 0.309269
vt 1.094934 0.289836
vt 1.786086 1.089483
vt 1.766375 1.079812
vt 0.512661 0.125819
vt 1.106017 0.125271
vt 1.941418 0.512511
vt 1.803217 1.097792
vt 0.512616 0.309802
vt 0.512684 0.290374
vt 1.900342 0.512463
vt 1.922300 0.512616
vt 0.512719 0.145219
vt -0.082724 0.126807
vt 1.960075 0.512661
vt 1.811989 -0.074771
vt -0.066222 0.310763
vt -0.071556 0.291344
vt 1.774878 -0.056826
vt 1.794732 -0.066222
vt -0.565605 0.147447
vt -0.084576 0.146211
vt 1.828860 -0.082724
vt 1.440566 -0.547736
vt -0.542073 0.292553
vt -0.532388 0.311961
vt 1.414834 -0.515302
vt 1.428649 -0.532388
vt 0.906051 0.148683
vt 1.452312 0.128039
vt 1.455109 0.147447
vt 1.452312 -0.562215
vt 0.900712 -0.812708
vt 1.436440 0.292553
vt 0.896557 0.313159
vt 0.899382 0.293762
vt 0.891521 -0.772156
vt 0.896557 -0.793550
vt 0.294440 0.149674
vt 0.905010 0.129271
vt 0.905010 -0.830843
vt 0.299354 -0.817206
vt 0.303845 0.314119
vt 0.301138 0.294732
vt 0.308587 -0.776515
vt 0.303845 -0.797983
vt -0.258588 0.150224
vt 0.295355 0.130259
vt -0.255905 -0.574991
vt 0.295355 -0.835403
vt -0.239803 0.295270
vt -0.232095 0.314652
vt -0.218512 -0.527518
vt -0.232095 -0.544809
vt -0.103097 0.150224
vt -0.574991 0.130808
vt -0.578422 0.150224
vt -0.639585 -0.101186
vt -0.244403 -0.560338
vt -0.554609 0.295270
vt -0.084171 0.314652
vt -0.089673 0.295270
vt -0.605112 -0.084171
vt -0.585375 -0.074479
vt 0.492163 0.149674
vt -0.101186 0.130808
vt -0.779693 0.492170
vt -0.622861 -0.092981
vt 0.492695 0.314119
vt 0.492577 0.294732
vt -0.719342 0.492870
vt -0.741326 0.492695
vt 1.087555 0.129271
vt 0.492170 0.130259
vt -0.631634 1.079581
vt -0.761062 0.492299
vt 1.071534 0.313159
vt 1.076817 0.293762
vt -0.593878 1.062159
vt -0.613758 1.071534
vt 1.089458 0.148683
vt 1.567047 0.128039
vt -0.648479 1.087555
vt 1.537699 0.311961
vt 1.547333 0.292553
vt -0.247675 1.537699
vt 0.037944 2.256137
vt 0.006255 -0.707574
vt 1.582190 1.656952
vt -0.031171 1.598557
vt 1.877524 1.724032
vt 0.000518 1.707574
vt 2.272505 -0.656952
vt 1.147685 2.159162
vt 0.019884 1.894903
vt 1.107891 1.727129
vt 1.781559 1.707574
vt 1.167052 -0.656952
vt 1.136011 1.858677
vt 2.137644 -0.679605
vt 1.125538 1.759031
vt 1.480064 1.679605
vt 1.094497 1.656952
vt 1.836149 -0.707574
vt 0.026269 1.955653
vt 1.114276 -0.727129
vt 1.074482 1.462686
vt -0.013524 1.676507
vt -0.374446 0.328201
vt -0.069020 0.348000
vt -0.394197 0.512000
vt 0.417620 0.531799
vt -0.127169 0.512000
vt 0.437371 0.348000
vt 1.183430 0.529017
vt -0.107418 0.328201
vt 1.183430 0.531799
vt 0.530398 0.512000
vt 0.510647 0.328201
vt -0.281419 0.531799
vt 1.261329 0.512000
vt 1.241579 0.328201
vt -0.049269 0.531799
vt 0.761907 0.566796
vt 0.567080 0.547848
vt 0.567080 0.566796
vt 0.760388 0.784166
vt 0.567080 0.828660
vt 0.567080 0.846976
vt 0.567080 0.673204
vt 0.733352 0.692151
vt 0.741971 0.673204
vt 0.567080 0.800979
vt 0.719645 0.728088
vt 0.733352 0.746954
vt 0.620527 0.566796
vt 0.784166 0.547848
vt 0.786257 0.566796
vt 0.879859 0.619729
vt 0.749622 0.769348
vt 0.610046 0.673204
vt 0.746954 0.692151
vt 0.605515 0.692152
vt 0.836114 0.605515
vt 0.813936 0.598309
vt 0.415674 0.566796
vt 0.619729 0.547848
vt 0.879859 0.416473
vt 0.862440 0.614069
vt 0.430686 0.692152
vt 0.426155 0.673204
vt 0.813936 0.437893
vt 0.836114 0.430686
vt 0.249945 0.566796
vt 0.416473 0.547848
vt 0.760388 0.252035
vt 0.862440 0.422133
vt 0.289247 0.692151
vt 0.277385 0.673204
vt 0.719645 0.308113
vt 0.733352 0.289247
vt 0.760388 0.547848
vt 0.567080 0.189225
vt 0.749622 0.266853
vt 0.567080 0.692152
vt 0.567080 0.235222
vt 0.567080 0.258542
vt 0.373772 0.547848
vt 0.373772 0.252035
vt 0.567080 0.207542
vt 0.400808 0.692151
vt 0.392190 0.673204
vt 0.414515 0.308113
vt 0.400808 0.289247
vt 0.415674 0.566796
vt 0.252035 0.547848
vt 0.249945 0.566796
vt 0.254301 0.416473
vt 0.384538 0.266853
vt 0.289247 0.692151
vt 0.430686 0.692152
vt 0.320225 0.437893
vt 0.298047 0.430686
vt 0.620527 0.566796
vt 0.416473 0.547848
vt 0.254301 0.619729
vt 0.271721 0.422133
vt 0.320225 0.598309
vt 0.298047 0.605515
vt 0.786257 0.566796
vt 0.619729 0.547848
vt 0.373772 0.784166
vt 0.271721 0.614069
vt 0.758817 0.673204
vt 0.414515 0.728088
vt 0.400808 0.746954
vt 0.372254 0.566796
vt 0.384538 0.769348
vt 0.567080 0.777660
vt 0.900958 0.648000
vt 0.177420 0.811799
vt 0.875261 0.792000
vt 0.196786 0.648000
vt 1.035480 0.811799
vt 0.234958 0.792000
vt 1.054847 0.648000
vt 1.076427 0.133427
vt 0.215592 0.628201
vt 1.080544 0.792000
vt 0.114061 0.648000
vt 1.061178 0.628201
vt 1.061178 0.109945
vt 0.920324 0.811799
vt 0.676481 0.380369
vt 0.751590 0.628201
vt 0.785491 0.648000
vt 0.676481 0.811799
vt 0.667643 0.406937
vt 0.535696 0.811799
vt 0.758688 0.628201
vt 0.833797 0.811799
vt 0.351595 0.811799
vt 0.467542 0.628201
vt 0.467542 0.383651
vt 0.391289 0.811799
vt 0.357567 0.792000
vt 0.354646 0.648000
vt 0.488806 0.811799
vt 0.522528 0.792000
vt 0.314279 0.628201
vt 0.390532 0.811799
vt 0.424254 0.792000
vt 0.540649 0.628201
vt 0.409929 0.811799
vt 0.263094 0.648000
vt 0.206403 0.792000
vt 0.105600 0.811799
vt 0.233612 0.792000
vt 0.086373 0.648000
vt 0.074541 0.811799
vt 0.130167 0.792000
vt 0.149394 0.628201
vt 0.230970 0.811799
vt 0.084796 0.792000
vt 0.250197 0.648000
vt -0.098873 0.628201
vt 0.281424 -0.098873
vt -0.165426 0.811799
vt -0.093870 0.792000
vt -0.098873 0.811799
vt 0.329070 0.628201
vt 0.214980 0.811799
vt 0.334074 0.792000
vt 0.329070 0.811799
vt 0.135961 -0.210895
vt -0.282451 0.648000
vt -0.210895 0.811799
vt -0.282451 0.792000
vt -0.277447 0.811799
vt 0.253657 -0.095267
vt 0.134564 0.648000
vt 0.139567 -0.183128
vt 0.139567 0.811799
vt 0.134564 0.792000
vt 0.519359 0.628201
vt -0.258972 0.648000
vt 0.603346 0.811799
vt -0.261129 0.792000
vt 0.623142 0.648000
vt -0.280925 0.628201
vt 0.619938 0.792000
vt -0.444699 0.648000
vt 0.600142 0.628201
vt -0.442542 0.792000
vt 0.496359 0.648000
vt 0.499217 -0.278768
vt -0.422746 0.628201
vt 0.846735 -0.108741
vt -0.108741 0.628201
vt -0.103513 0.648000
vt 0.793192 -0.173464
vt -0.103513 0.792000
vt 0.985565 0.628201
vt 0.990792 0.648000
vt 0.874611 -0.106106
vt 0.985565 0.811799
vt -0.225771 0.628201
vt -0.295721 0.648000
vt -0.290494 0.628201
vt 0.988200 -0.225771
vt -0.290494 0.811799
vt 0.795827 -0.201340
vt 0.906781 0.628201
vt 0.790599 0.648000
vt 0.795827 0.628201
vt 0.795827 0.811799
vt 2.743187 -0.591300
vt 2.821959 0.362234
vt 2.746784 1.406214
vt 1.381201 0.343066
vt 1.422621 -0.586538
vt 2.944437 1.240493
vt 1.281175 0.361907
vt 2.848176 0.342062
vt 2.926507 -0.588793
vt 2.753032 0.358852
vt 1.160441 -0.594948
vt 1.158424 -0.575438
vt 1.236683 0.358070
vt 1.298335 0.357291
vt 2.722203 1.236683
vt 1.488324 -0.572710
vt 1.336125 -0.596497
vt 2.713052 1.487193
vt 1.395246 0.359381
vt 1.400191 0.339444
vt 1.619777 -0.597157
vt 1.721943 0.406305
vt 2.651178 -0.578303
vt 1.630858 0.382055
vt 2.727006 -0.587553
vt 2.729282 -0.567472
vt 1.939301 2.591456
vt 2.632704 0.407693
vt 2.574557 0.409644
vt 2.559552 -0.583098
vt 1.851534 2.401752
vt 2.474963 0.407232
vt 2.471047 0.387890
vt 1.808871 2.542653
vt 1.858274 -0.568432
vt 1.822255 -0.589950
vt 1.644148 2.426752
vt 1.664110 0.402402
vt 2.480585 0.381703
vt 2.450605 -0.598639
vt 1.603744 2.631906
vt 2.579873 0.401829
vt 1.642677 2.502102
vt 2.802148 -0.591536
vt 2.918526 0.206059
vt 2.921546 0.186177
vt 2.938519 0.185581
vt 0.091414 -0.598031
vt 0.207837 0.206243
vt 2.921557 0.186621
vt 2.933121 -0.595549
vt 2.823271 0.210171
vt 0.230926 2.900401
vt 2.784290 0.191898
vt 0.312449 -0.567526
vt 0.312307 -0.587520
vt 0.161243 0.212416
vt 0.230450 2.794440
vt -0.011194 -0.590307
vt 0.119755 -0.585040
vt -0.011194 2.770557
vt 0.073081 0.209875
vt 0.066603 0.190450
vt 1.928719 -0.597370
vt 2.021760 0.423284
vt -1.354427 -0.578583
vt 1.925537 0.398709
vt -1.392677 -0.566974
vt -1.391536 -0.587079
vt -1.309001 0.424757
vt -1.242672 0.426788
vt -1.309001 2.051457
vt -1.065292 -0.588363
vt -1.204874 -0.582471
vt -1.065292 2.112133
vt -1.145267 0.404816
vt -1.150814 0.424135
vt 2.081042 -0.589914
vt -1.125950 1.912261
vt 1.936840 0.418992
vt -1.143073 2.009223
vt -1.178322 0.398233
vt -1.153164 -0.599123
vt -1.335018 1.908111
vt -1.277609 0.418465
vt -1.199620 1.919879
vt -1.956419 -0.583804
vt -1.808915 -0.581441
vt -1.857586 0.315188
vt -1.852045 0.334329
vt 0.454496 -0.585185
vt -1.910273 0.627556
vt 0.604500 0.328514
vt -1.834028 0.307592
vt -1.884343 -0.597072
vt -1.702171 0.646389
vt -1.733734 0.325227
vt -1.811972 0.623333
vt 0.624764 0.304913
vt 0.627556 -0.600673
vt 0.530175 0.329012
vt -1.707760 0.604500
vt -1.627617 -0.570946
vt -1.629580 -0.591013
vt -1.776836 0.317066
vt -1.693375 0.330830
vt -1.756618 0.334637
vt -1.693375 0.499702
vt -1.133521 -0.576883
vt -1.315233 -1.192229
vt -1.264037 0.312355
vt -1.175384 -0.557517
vt -1.164284 0.291765
vt -1.040071 0.293188
vt -1.175350 -0.576184
vt -0.945115 0.304344
vt -1.291290 -1.017325
vt -1.405356 -0.575437
vt -1.403450 -0.594418
vt -1.264169 -0.859399
vt -1.313100 0.301416
vt -1.253256 0.296436
vt -1.076402 -0.579298
vt -1.232164 -0.606386
vt -1.154769 0.299558
vt -1.150342 0.279048
vt -0.982542 -0.595548
vt -1.108990 -1.158642
vt -1.008032 0.309397
vt 0.348571 -0.579317
vt 0.348877 -0.559432
vt 0.225008 0.011070
vt 0.168508 0.008854
vt 0.186327 -0.586319
vt 0.026267 -1.895518
vt 0.067413 0.001714
vt 0.063924 -0.017962
vt 0.136729 -1.879324
vt -1.902224 -0.578631
vt -1.866645 -0.600039
vt -1.736138 -0.000906
vt 0.068930 -0.021027
vt 0.066844 -0.601516
vt 0.167865 0.004616
vt 0.280647 -0.568626
vt 0.207282 -0.012342
vt -1.654961 -0.588709
vt 0.354154 -1.818099
vt -1.788448 0.010648
vt 0.196193 -1.717799
vt -1.445665 -0.601535
vt -1.561203 0.228849
vt 1.852131 -1.483280
vt 1.880083 -0.582075
vt -1.462076 0.207575
vt 1.843186 0.209313
vt 1.837399 -0.597430
vt 1.659651 -1.688569
vt 1.746136 0.235193
vt 1.822614 -1.585065
vt -1.675527 -0.584490
vt -1.675900 -0.564337
vt -1.592885 0.217806
vt -1.520512 0.238764
vt -1.350572 -0.589150
vt -1.485947 -0.580597
vt -1.424301 0.215388
vt -1.430342 0.234626
vt 1.681011 -1.488589
vt 1.695491 -0.591131
vt 1.861601 -1.417875
vt 1.836087 0.228498
vt 1.764616 -1.423655
vt -0.142880 -0.595953
vt -0.140768 -0.576143
vt -0.185881 0.388741
vt -0.254628 0.411572
vt -0.469505 -0.584350
vt -0.325958 -0.587638
vt 2.847941 -0.469505
vt -0.354226 0.394721
vt -0.348238 0.414121
vt 2.854845 -0.286666
vt 2.817104 -0.584552
vt 2.645871 -0.416014
vt 2.702384 0.411713
vt 2.775831 -0.357071
vt -0.325899 0.391438
vt -0.389436 -0.590959
vt 2.634443 -0.207371
vt -0.225666 0.407676
vt 2.684467 -0.303760
vt 2.685997 0.387136
vt 2.654207 -0.598005
vt 2.782182 0.407589
vt 2.707015 -0.200406
vt -0.947548 -0.510838
vt 1.526023 0.055511
vt -0.550648 0.129823
vt 1.570487 0.147447
vt 0.837469 0.792000
vt 0.470982 0.648000
vt 0.544089 0.648000
vt 0.310839 0.648000
vt -0.093870 0.648000
vt 0.334074 0.648000
vt 0.990793 0.792000
vt -0.295721 0.792000
vt 1.231503 0.338049
vt -0.013523 -0.570335
vt -1.313355 0.405478
vt -1.063075 -0.568271
vt -1.957495 -0.563671
vt -1.688683 0.311463
vt 0.233445 -0.007898
vt -1.348342 -0.569034
vt -0.470717 -0.564422
vt 1.977170 -0.724032
vt 0.059678 -0.676507
vt -0.301169 0.348000
vt 1.203181 0.348000
vt 0.095255 0.628201
vt 0.075889 0.792000
vt 0.894627 0.628201
vt 0.133427 0.811799
vt 0.347923 0.792000
vt 0.338767 0.808166
vt 0.373036 0.648000
vt 0.406937 0.628201
vt 0.672809 0.792000
vt 0.663653 0.808166
vt 0.514255 0.648000
vt 0.480354 0.628201
vt 0.846625 0.808166
vt 0.724787 0.648000
vt 0.539368 0.792000
vt 0.548524 0.808166
vt 0.480693 0.631834
vt 0.376206 0.792000
vt 0.358086 0.628201
vt 0.344935 0.631834
vt 0.553800 0.631834
vt 0.301127 0.631834
vt 0.187175 0.628201
vt 0.243867 0.811799
vt 0.214384 0.628201
vt 0.104023 0.628201
vt 0.055314 0.648000
vt 0.281424 0.628201
vt 0.253657 0.811799
vt -0.193193 0.628201
vt -0.183128 0.628201
vt 0.187213 0.628201
vt -0.278768 0.811799
vt 0.499563 0.792000
vt 0.516155 0.811799
vt -0.424903 0.811799
vt -0.173464 0.628201
vt -0.201340 0.811799
vt 0.874611 0.628201
vt 0.846735 0.811799
vt 0.934656 0.811799
vt -0.197895 0.811799
vt 2.716649 0.359381
vt 2.918310 1.447905
vt 2.936282 -0.566658
vt 2.841706 1.359357
vt 1.220870 -0.568486
vt 2.826514 1.254581
vt 2.755325 1.151594
vt 2.724496 -0.594948
vt 2.612321 1.304063
vt 2.672927 1.330397
vt 1.650571 2.607642
vt 1.786159 2.733698
vt 1.817501 -0.587553
vt 1.753286 2.632704
vt 1.740512 2.461936
vt 1.769791 0.407232
vt 1.624307 -0.578947
vt 0.067511 2.848132
vt 2.816541 0.209875
vt 0.063068 2.965665
vt 2.983338 -0.578458
vt 0.130224 2.933586
vt 2.933196 0.201909
vt 0.271702 2.955405
vt 0.290575 -0.576576
vt 0.326384 2.753954
vt 0.326032 -0.584287
vt 0.151544 2.639712
vt 0.129454 2.762136
vt -1.302169 1.945981
vt -1.403571 2.105417
vt 2.135115 -0.587079
vt -1.236872 2.231510
vt -1.210675 2.090543
vt 2.040314 0.424135
vt 1.893396 -0.579451
vt -1.788695 0.453767
vt -1.956419 0.424023
vt -1.861992 0.530175
vt 0.499702 0.334329
vt 0.646834 -0.576905
vt -1.682339 -0.581779
vt -1.619702 0.454496
vt 0.424023 -0.591013
vt -1.185963 -1.028617
vt -1.334500 -0.554930
vt -1.411139 -1.007286
vt -0.976270 -0.594418
vt -1.313100 -0.914099
vt -1.221251 -0.861594
vt -1.077430 -0.952942
vt -1.142677 -0.932370
vt -1.141138 0.296975
vt -1.849761 -0.579317
vt 0.225008 -1.820109
vt 0.218105 -1.976077
vt 0.053356 -1.813610
vt 0.053095 -0.003062
vt 0.043754 -1.687752
vt -1.668977 -0.582957
vt 0.090107 -1.713782
vt 0.246398 -1.639905
vt 0.263976 -0.570088
vt 1.858814 -1.626769
vt -1.645703 -0.578929
vt -1.688839 -0.581486
vt 1.716856 -1.588346
vt 1.539348 -1.517870
vt 1.664160 -1.350572
vt 1.733285 0.234626
vt 2.829451 -0.131912
vt 2.859583 -0.595953
vt 2.812314 -0.189842
vt 2.961401 -0.293920
vt 2.806668 0.414121
vt 2.627394 -0.570526
vt -0.187213 -0.578377
vt 1.869069 -0.287861
vt -0.905081 -0.408165
vt 1.909462 -0.653891
vt 1.763628 -0.382981
vt 2.041040 -0.157601
vt -1.027700 -0.360280
vt 1.743886 -0.135539
vt -0.707962 -0.280963
vt -0.988064 -0.058455
vt 2.077371 -0.303664
vt -0.673901 -0.080517
vt 1.840451 -0.129902
vt -0.561193 -0.108853
vt 1.818281 0.095567
vt -0.790398 -0.054045
vt 1.532840 -0.075094
vt -0.759786 0.128381
vt -0.247675 0.311961
vt 1.436287 0.125270
vt 1.550120 0.309269
vt -0.562215 0.128039
vt 1.428649 0.311961
vt -0.255905 0.130808
vt -0.544809 0.314652
vt 0.252035 0.547848
vt 0.784166 0.547848
vt -0.277447 0.628201
vt 0.139567 0.628201
vt -0.108741 0.811799
vt 0.790599 0.792000
vt 1.487193 -0.592245
vt 2.638712 0.388380
vt -1.318976 0.281027
vt -1.077430 -0.598244
vt -1.588346 0.236892
vt -0.189842 0.408494
s 1
f 337/1/1 341/2/2 343/3/3
f 338/4/4 341/5/5 340/6/6
f 339/7/7 341/8/8 342/9/9
f 344/10/10 348/11/11 350/12/12
f 345/13/13 348/14/14 347/15/15
f 346/16/16 348/17/17 349/18/18
f 351/19/19 355/20/20 357/21/21
f 352/22/22 355/23/23 354/24/24
f 353/25/25 355/26/26 356/27/27
f 358/28/28 362/29/29 364/30/30
f 359/31/31 362/32/32 361/33/33
f 360/34/34 362/35/35 363/36/36
f 365/37/37 369/38/38 371/39/39
f 366/40/40 369/41/41 368/42/42
f 367/43/43 369/44/44 370/45/45
f 372/46/46 376/47/47 378/48/48
f 373/49/49 376/50/50 375/51/51
f 374/52/52 376/53/53 377/54/54
f 379/55/55 383/56/56 385/57/57
f 380/58/58 383/59/59 382/60/60
f 381/61/61 383/62/62 384/63/63
f 386/64/64 390/65/65 392/66/66
f 387/67/67 390/68/68 389/69/69
f 388/70/70 390/71/71 391/72/72
f 393/73/73 397/74/74 399/75/75
f 394/76/76 397/77/77 396/78/78
f 395/79/79 397/80/80 398/81/81
f 400/82/82 404/83/83 406/84/84
f 401/73/85 404/74/86 403/85/87
f 402/86/88 404/87/89 405/88/90
f 407/89/91 411/90/92 413/91/93
f 408/92/94 411/93/95 410/94/96
f 409/95/97 411/96/98 412/97/99
f 414/89/100 418/90/101 420/98/102
f 415/99/103 418/100/104 417/101/105
f 416/102/106 418/103/107 419/104/108
f 421/105/109 425/106/110 427/107/111
f 422/108/112 425/109/113 424/110/114
f 423/111/115 425/112/116 426/113/117
f 428/114/118 432/115/119 434/116/120
f 429/117/121 432/118/122 431/119/123
f 430/120/124 432/121/125 433/122/126
f 435/123/127 439/124/128 441/125/129
f 436/126/130 439/127/131 438/128/132
f 437/129/133 439/130/134 440/131/135
f 442/123/136 446/132/137 448/133/138
f 443/134/139 446/135/140 445/136/141
f 444/137/142 446/138/143 447/139/144
f 509/140/145 513/141/146 515/142/147
f 510/143/148 513/144/149 512/145/150
f 511/146/151 513/147/152 514/148/153
f 516/149/154 520/150/155 522/151/156
f 517/140/157 520/141/158 519/152/159
f 518/153/160 520/154/161 521/155/162
f 523/156/163 527/157/164 529/158/165
f 524/159/166 527/160/167 526/161/168
f 525/162/169 527/163/170 528/164/171
f 530/165/172 534/157/173 536/166/174
f 531/167/175 534/168/176 533/169/177
f 532/170/178 534/171/179 535/172/180
f 537/173/181 541/174/182 543/175/183
f 538/176/184 541/177/185 540/178/186
f 539/179/187 541/180/188 542/181/189
f 544/173/190 548/182/191 550/183/192
f 545/184/193 548/185/194 547/186/195
f 546/187/196 548/188/197 549/189/198
f 551/190/199 555/191/200 557/192/201
f 552/193/202 555/194/203 554/195/204
f 553/196/205 555/197/206 556/198/207
f 558/190/208 562/199/209 564/200/210
f 559/201/211 562/202/212 561/203/213
f 560/204/214 562/205/215 563/206/216
f 565/207/217 569/208/218 571/209/219
f 566/210/220 569/211/221 568/212/222
f 567/213/223 569/214/224 570/215/225
f 572/216/226 576/217/227 578/218/228
f 573/219/229 576/220/230 575/221/231
f 574/222/232 576/217/233 577/223/234
f 579/224/235 583/225/236 585/226/237
f 580/227/238 583/228/239 582/229/240
f 581/230/241 583/231/242 584/232/243
f 586/224/244 590/225/245 592/233/246
f 587/234/247 590/235/248 589/236/249
f 588/237/250 590/235/251 591/238/252
f 593/239/253 597/240/254 599/241/255
f 594/242/256 597/243/257 596/244/258
f 595/245/259 597/246/260 598/247/261
f 600/239/262 604/240/263 606/248/264
f 601/249/265 604/250/266 603/251/267
f 602/252/268 604/250/269 605/253/270
f 607/254/271 611/255/272 613/256/273
f 608/257/274 611/258/275 610/259/276
f 609/260/277 611/261/278 612/262/279
f 614/254/280 618/255/281 620/263/282
f 615/264/283 618/265/284 617/266/285
f 616/267/286 618/265/287 619/268/288
f 621/269/289 625/270/290 627/271/291
f 622/272/292 625/273/293 624/274/294
f 623/275/295 625/273/296 626/276/297
f 628/277/298 632/278/299 634/279/300
f 629/280/301 632/281/302 631/282/303
f 630/283/304 632/284/305 633/285/306
f 635/286/307 639/287/308 641/288/309
f 636/289/310 639/290/311 638/291/312
f 637/292/313 639/290/314 640/293/315
f 642/286/316 646/287/317 648/294/318
f 643/295/319 646/296/320 645/297/321
f 644/298/322 646/299/323 647/300/324
f 649/301/325 653/302/326 655/303/327
f 650/304/328 653/305/329 652/306/330
f 651/307/331 653/305/332 654/308/333
f 656/301/334 660/302/335 662/309/336
f 657/310/337 660/311/338 659/312/339
f 658/313/340 660/314/341 661/315/342
f 663/316/343 667/317/344 669/318/345
f 664/319/346 667/320/347 666/321/348
f 665/322/349 667/320/350 668/323/351
f 670/324/352 674/317/353 676/325/354
f 671/326/355 674/327/356 673/328/357
f 672/329/358 674/330/359 675/331/360
f 677/332/361 681/333/362 683/334/363
f 678/335/364 681/336/365 680/337/366
f 679/338/367 681/339/368 682/340/369
f 684/341/370 688/342/371 690/343/372
f 685/332/373 688/333/374 687/344/375
f 686/345/376 688/346/377 689/347/378
f 691/348/379 695/349/380 697/350/381
f 692/351/382 695/352/383 694/353/384
f 693/354/385 695/355/386 696/356/387
f 698/348/388 702/349/389 704/357/390
f 699/358/391 702/359/392 701/360/393
f 700/361/394 702/362/395 703/363/396
f 705/364/397 709/365/398 711/366/399
f 706/367/400 709/368/401 708/369/402
f 707/370/403 709/371/404 710/372/405
f 712/364/406 716/373/407 718/374/408
f 713/375/409 716/376/410 715/377/411
f 714/378/412 716/379/413 717/380/414
f 719/381/415 723/382/416 725/383/417
f 720/384/418 723/385/419 722/386/420
f 721/387/421 723/388/422 724/389/423
f 726/381/424 730/382/425 732/390/426
f 727/391/427 730/392/428 729/393/429
f 728/394/430 730/395/431 731/396/432
f 733/397/433 737/398/434 739/399/435
f 734/400/436 737/401/437 736/402/438
f 735/403/439 737/401/440 738/404/441
f 740/405/442 744/406/443 746/407/444
f 741/408/445 744/409/446 743/410/447
f 742/411/448 744/406/449 745/412/450
f 747/413/451 751/414/452 753/415/453
f 748/416/454 751/417/455 750/418/456
f 749/419/457 751/417/458 752/420/459
f 754/413/460 758/414/461 760/421/462
f 755/422/463 758/423/464 757/424/465
f 756/425/466 758/423/467 759/426/468
f 761/427/469 765/428/470 767/429/471
f 762/430/472 765/431/473 764/432/474
f 763/433/475 765/431/476 766/434/477
f 768/435/478 772/436/479 774/437/480
f 769/438/481 772/439/482 771/440/483
f 770/441/484 772/439/485 773/442/486
f 775/443/487 779/444/488 781/445/489
f 776/446/490 779/447/491 778/448/492
f 777/449/493 779/447/494 780/450/495
f 782/451/496 786/444/497 788/452/498
f 783/453/499 786/454/500 785/455/501
f 784/456/502 786/454/503 787/457/504
f 789/458/505 793/459/506 795/460/507
f 790/461/508 793/462/509 792/463/510
f 791/464/511 793/465/512 794/466/513
f 796/467/514 800/468/515 802/469/516
f 797/458/517 800/459/518 799/470/519
f 798/471/520 800/472/521 801/473/522
f 803/474/523 807/475/524 809/476/525
f 804/477/526 807/478/527 806/479/528
f 805/480/529 807/481/530 808/482/531
f 810/474/532 814/475/533 816/483/534
f 811/484/535 814/485/536 813/486/537
f 812/487/538 814/488/539 815/489/540
f 817/490/541 821/491/542 823/492/543
f 818/493/544 821/494/545 820/495/546
f 819/496/547 821/497/548 822/498/549
f 824/490/550 828/491/551 830/499/552
f 825/500/553 828/501/554 827/502/555
f 826/503/556 828/504/557 829/505/558
f 831/506/559 835/507/560 837/508/561
f 832/509/562 835/510/563 834/511/564
f 833/512/565 835/513/566 836/514/567
f 838/506/568 842/507/569 844/515/570
f 839/516/571 842/517/572 841/518/573
f 840/519/574 842/520/575 843/521/576
f 845/522/577 849/523/578 851/524/579
f 846/525/580 849/526/581 848/527/582
f 847/528/583 849/526/584 850/529/585
f 852/530/586 856/531/587 858/532/588
f 853/533/589 856/523/590 855/534/591
f 854/535/592 856/531/593 857/536/594
f 859/537/595 863/538/596 865/539/597
f 860/540/598 863/541/599 862/542/600
f 861/543/601 863/541/602 864/544/603
f 866/537/604 870/538/605 872/545/606
f 867/546/607 870/547/608 869/548/609
f 868/549/610 870/547/611 871/550/612
f 873/551/613 877/552/614 879/553/615
f 874/554/616 877/555/617 876/556/618
f 875/557/619 877/555/620 878/558/621
f 880/551/622 884/552/623 886/559/624
f 881/560/625 884/561/626 883/562/627
f 882/563/628 884/561/629 885/564/630
f 887/565/631 891/566/632 893/567/633
f 888/568/634 891/569/635 890/570/636
f 889/571/637 891/569/638 892/572/639
f 894/573/640 898/574/641 900/575/642
f 895/576/643 898/577/644 897/578/645
f 896/579/646 898/577/647 899/580/648
f 901/581/649 905/582/650 907/583/651
f 902/584/652 905/585/653 904/586/654
f 903/587/655 905/585/656 906/588/657
f 908/589/658 912/590/659 914/591/660
f 909/592/661 912/593/662 911/594/663
f 910/595/664 912/593/665 913/596/666
f 915/597/667 919/598/668 921/599/669
f 916/600/670 919/601/671 918/602/672
f 917/603/673 919/604/674 920/605/675
f 922/606/676 926/607/677 928/608/678
f 923/609/679 926/610/680 925/611/681
f 924/612/682 926/613/683 927/614/684
f 929/615/685 933/616/686 935/617/687
f 930/618/688 933/619/689 932/620/690
f 931/621/691 933/622/692 934/623/693
f 936/624/694 940/625/695 942/626/696
f 937/627/697 940/628/698 939/629/699
f 938/630/700 940/631/701 941/632/702
f 943/633/703 947/634/704 949/635/705
f 944/636/706 947/637/707 946/638/708
f 945/639/709 947/637/710 948/640/711
f 950/641/712 954/642/713 956/643/714
f 951/644/715 954/645/716 953/646/717
f 952/647/718 954/645/719 955/648/720
f 957/649/721 961/650/722 963/651/723
f 958/652/724 961/653/725 960/654/726
f 959/655/727 961/653/728 962/656/729
f 964/657/730 968/658/731 970/659/732
f 965/660/733 968/661/734 967/662/735
f 966/663/736 968/661/737 969/664/738
f 971/665/739 975/666/740 977/667/741
f 972/668/742 975/669/743 974/670/744
f 973/671/745 975/672/746 976/673/747
f 978/674/748 982/675/749 984/676/750
f 979/677/751 982/678/752 981/679/753
f 980/680/754 982/681/755 983/682/756
f 985/683/757 989/684/758 991/685/759
f 986/686/760 989/687/761 988/688/762
f 987/689/763 989/687/764 990/690/765
f 992/691/766 996/692/767 998/693/768
f 993/694/769 996/695/770 995/696/771
f 994/697/772 996/695/773 997/698/774
f 999/699/775 1003/700/776 1005/701/777
f 1000/702/778 1003/703/779 1002/704/780
f 1001/705/781 1003/703/782 1004/706/783
f 1006/707/784 1010/708/785 1012/709/786
f 1007/710/787 1010/711/788 1009/712/789
f 1008/713/790 1010/711/791 1011/714/792
f 1013/715/793 1017/716/794 1019/717/795
f 1014/718/796 1017/719/797 1016/720/798
f 1015/721/799 1017/722/800 1018/723/801
f 1020/724/802 1024/725/803 1026/726/804
f 1021/727/805 1024/728/806 1023/729/807
f 1022/730/808 1024/728/809 1025/731/810
f 1027/732/811 1031/733/812 1033/734/813
f 1028/735/814 1031/736/815 1030/737/816
f 1029/738/817 1031/739/818 1032/740/819
f 1034/741/820 1038/742/821 1040/743/822
f 1035/744/823 1038/745/824 1037/746/825
f 1036/747/826 1038/748/827 1039/749/828
f 1041/750/829 1045/751/830 1047/752/831
f 1042/753/832 1045/754/833 1044/755/834
f 1043/756/835 1045/754/836 1046/757/837
f 1048/758/838 1052/759/839 1054/760/840
f 1049/761/841 1052/762/842 1051/763/843
f 1050/764/844 1052/762/845 1053/765/846
f 1055/766/847 1059/767/848 1061/768/849
f 1056/769/850 1059/770/851 1058/771/852
f 1057/772/853 1059/773/854 1060/774/855
f 1062/775/856 1066/776/857 1068/777/858
f 1063/778/859 1066/779/860 1065/780/861
f 1064/781/862 1066/779/863 1067/782/864
f 1069/783/865 1073/784/866 1075/785/867
f 1070/786/868 1073/787/869 1072/788/870
f 1071/789/871 1073/790/872 1074/791/873
f 1076/792/874 1080/793/875 1082/794/876
f 1077/795/877 1080/796/878 1079/797/879
f 1078/798/880 1080/799/881 1081/800/882
f 1083/801/883 1087/802/884 1089/803/885
f 1084/804/886 1087/805/887 1086/806/888
f 1085/807/889 1087/805/890 1088/808/891
f 1090/809/892 1094/810/893 1096/811/894
f 1091/812/895 1094/813/896 1093/814/897
f 1092/815/898 1094/816/899 1095/817/900
f 1097/818/901 1101/819/902 1103/820/903
f 1098/821/904 1101/822/905 1100/823/906
f 1099/824/907 1101/822/908 1102/825/909
f 1104/826/910 1108/827/911 1110/828/912
f 1105/829/913 1108/830/914 1107/831/915
f 1106/832/916 1108/830/917 1109/833/918
f 1111/834/919 1115/835/920 1117/836/921
f 1112/837/922 1115/838/923 1114/839/924
f 1113/840/925 1115/841/926 1116/842/927
f 1118/843/928 1122/844/929 1124/845/930
f 1119/846/931 1122/847/932 1121/848/933
f 1120/849/934 1122/850/935 1123/851/936
f 1125/852/937 1129/853/938 1131/854/939
f 1126/855/940 1129/856/941 1128/857/942
f 1127/858/943 1129/856/944 1130/859/945
f 1132/860/946 1136/861/947 1138/862/948
f 1133/863/949 1136/864/950 1135/865/951
f 1134/866/952 1136/864/953 1137/867/954
f 1139/868/955 1143/869/956 1145/870/957
f 1140/871/958 1143/872/959 1142/873/960
f 1141/874/961 1143/872/962 1144/875/963
f 1146/876/964 1150/877/965 1152/878/966
f 1147/879/967 1150/880/968 1149/881/969
f 1148/882/970 1150/880/971 1151/883/972
f 1153/884/973 1157/885/974 1159/886/975
f 1154/887/976 1157/888/977 1156/889/978
f 1155/890/979 1157/888/980 1158/891/981
f 1160/892/982 1164/893/983 1166/894/984
f 1161/895/985 1164/896/986 1163/897/987
f 1162/898/988 1164/896/989 1165/899/990
f 1167/900/991 1171/901/992 1173/902/993
f 1168/903/994 1171/904/995 1170/905/996
f 1169/906/997 1171/907/998 1172/908/999
f 1174/909/1000 1178/910/1001 1180/911/1002
f 1175/912/1003 1178/913/1004 1177/914/1005
f 1176/915/1006 1178/916/1007 1179/917/1008
f 1181/918/1009 1185/919/1010 1187/920/1011
f 1182/921/1012 1185/922/1013 1184/923/1014
f 1183/924/1015 1185/922/1016 1186/925/1017
f 1188/926/1018 1192/927/1019 1194/928/1020
f 1189/929/1021 1192/930/1022 1191/931/1023
f 1190/932/1024 1192/930/1025 1193/933/1026
f 1195/934/1027 1199/935/1028 1201/936/1029
f 1196/937/1030 1199/938/1031 1198/939/1032
f 1197/940/1033 1199/938/1034 1200/941/1035
f 1202/942/1036 1206/943/1037 1208/944/1038
f 1203/945/1039 1206/946/1040 1205/947/1041
f 1204/948/1042 1206/946/1043 1207/949/1044
f 1209/950/1045 1213/951/1046 1215/952/1047
f 1210/953/1048 1213/954/1049 1212/955/1050
f 1211/956/1051 1213/957/1052 1214/958/1053
f 1216/959/1054 1220/960/1055 1222/961/1056
f 1217/962/1057 1220/963/1058 1219/964/1059
f 1218/965/1060 1220/966/1061 1221/967/1062
f 1223/968/1063 1227/969/1064 1229/970/1065
f 1224/971/1066 1227/972/1067 1226/973/1068
f 1225/974/1069 1227/975/1070 1228/976/1071
f 1230/977/1072 1234/978/1073 1236/979/1074
f 1231/980/1075 1234/981/1076 1233/982/1077
f 1232/983/1078 1234/984/1079 1235/985/1080
f 1237/986/1081 1241/987/1082 1243/988/1083
f 1238/989/1084 1241/990/1085 1240/991/1086
f 1239/992/1087 1241/990/1088 1242/993/1089
f 1244/994/1090 1248/995/1091 1250/996/1092
f 1245/997/1093 1248/998/1094 1247/999/1095
f 1246/1000/1096 1248/998/1097 1249/1001/1098
f 1251/1002/1099 1255/1003/1100 1257/1004/1101
f 1252/1005/1102 1255/1006/1103 1254/1007/1104
f 1253/1008/1105 1255/1009/1106 1256/1010/1107
f 1258/1011/1108 1262/1012/1109 1264/1013/1110
f 1259/1014/1111 1262/1015/1112 1261/1016/1113
f 1260/1017/1114 1262/1018/1115 1263/1019/1116
f 1265/1020/1117 1269/1021/1118 1271/1022/1119
f 1266/1023/1120 1269/1024/1121 1268/1025/1122
f 1267/1026/1123 1269/1027/1124 1270/1028/1125
f 1272/1029/1126 1276/1030/1127 1278/1031/1128
f 1273/1032/1129 1276/1033/1130 1275/1034/1131
f 1274/1035/1132 1276/1036/1133 1277/1037/1134
f 1279/1038/1135 1283/1039/1136 1285/1040/1137
f 1280/1041/1138 1283/1042/1139 1282/1043/1140
f 1281/1044/1141 1283/1042/1142 1284/1045/1143
f 1286/1046/1144 1290/1047/1145 1292/1048/1146
f 1287/1049/1147 1290/1050/1148 1289/1051/1149
f 1288/1052/1150 1290/1050/1151 1291/1053/1152
f 1293/1054/1153 1297/1055/1154 1299/1056/1155
f 1294/1057/1156 1297/1058/1157 1296/1059/1158
f 1295/1060/1159 1297/1058/1160 1298/1061/1161
f 1300/1062/1162 1304/1063/1163 1306/1064/1164
f 1301/1065/1165 1304/1066/1166 1303/1067/1167
f 1302/1068/1168 1304/1066/1169 1305/1069/1170
f 1307/1070/1171 1311/1071/1172 1313/1072/1173
f 1308/1073/1174 1311/1074/1175 1310/1075/1176
f 1309/1076/1177 1311/1074/1178 1312/1077/1179
f 1314/1078/1180 1318/1079/1181 1320/1080/1182
f 1315/1081/1183 1318/1082/1184 1317/1083/1185
f 1316/1084/1186 1318/1082/1187 1319/1085/1188
f 1321/1086/1189 1325/1087/1190 1327/1088/1191
f 1322/1089/1192 1325/1090/1193 1324/1091/1194
f 1323/1092/1195 1325/1090/1196 1326/1093/1197
f 1328/1094/1198 1332/1095/1199 1334/1096/1200
f 1329/1097/1201 1332/1098/1202 1331/1099/1203
f 1330/1100/1204 1332/1098/1205 1333/1101/1206
f 1335/1102/1207 1339/1103/1208 1341/1104/1209
f 1336/1105/1210 1339/1106/1211 1338/1107/1212
f 1337/1108/1213 1339/1106/1214 1340/1109/1215
f 1342/1110/1216 1346/1111/1217 1348/1112/1218
f 1343/1113/1219 1346/1114/1220 1345/1115/1221
f 1344/1116/1222 1346/1114/1223 1347/1117/1224
f 1349/1118/1225 1353/1119/1226 1355/1120/1227
f 1350/1121/1228 1353/1122/1229 1352/1123/1230
f 1351/1124/1231 1353/1125/1232 1354/1126/1233
f 1356/1127/1234 1360/1128/1235 1362/1129/1236
f 1357/1130/1237 1360/1131/1238 1359/1132/1239
f 1358/1133/1240 1360/1131/1241 1361/1134/1242
f 1363/1135/1243 1367/1136/1244 1369/1137/1245
f 1364/1138/1246 1367/1139/1247 1366/1140/1248
f 1365/1141/1249 1367/1142/1250 1368/1143/1251
f 1370/1144/1252 1374/1145/1253 1376/1146/1254
f 1371/1147/1255 1374/1148/1256 1373/1149/1257
f 1372/1150/1258 1374/1151/1259 1375/1152/1260
f 1377/1153/1261 1381/1154/1262 1383/1155/1263
f 1378/1156/1264 1381/1157/1265 1380/1158/1266
f 1379/1159/1267 1381/1160/1268 1382/1161/1269
f 1384/1162/1270 1388/1163/1271 1390/1164/1272
f 1385/1165/1273 1388/1166/1274 1387/1167/1275
f 1386/1168/1276 1388/1169/1277 1389/1170/1278
f 1391/1171/1279 1395/1172/1280 1397/1173/1281
f 1392/1174/1282 1395/1175/1283 1394/1176/1284
f 1393/1177/1285 1395/1178/1286 1396/1179/1287
f 1398/1180/1288 1402/1181/1289 1404/1182/1290
f 1399/1183/1291 1402/1184/1292 1401/1185/1293
f 1400/1186/1294 1402/1187/1295 1403/1188/1296
f 1405/1189/1297 1409/1190/1298 1411/1191/1299
f 1406/1192/1300 1409/1193/1301 1408/1194/1302
f 1407/1195/1303 1409/1196/1304 1410/1197/1305
f 1412/1198/1306 1416/1199/1307 1418/1200/1308
f 1413/1201/1309 1416/1202/1310 1415/1203/1311
f 1414/1204/1312 1416/1205/1313 1417/1206/1314
f 1419/1207/1315 1423/1208/1316 1425/1209/1317
f 1420/1210/1318 1423/1211/1319 1422/1212/1320
f 1421/1213/1321 1423/1211/1322 1424/1214/1323
f 1426/1215/1324 1430/1216/1325 1432/1217/1326
f 1427/1218/1327 1430/1219/1328 1429/1220/1329
f 1428/1221/1330 1430/1219/1331 1431/1222/1332
f 1433/1223/1333 1437/1224/1334 1439/1225/1335
f 1434/1226/1336 1437/1227/1337 1436/1228/1338
f 1435/1229/1339 1437/1227/1340 1438/1230/1341
f 1440/1231/1342 1444/1232/1343 1446/1233/1344
f 1441/1234/1345 1444/1235/1346 1443/1236/1347
f 1442/1237/1348 1444/1235/1349 1445/1238/1350
f 1447/1239/1351 1451/1240/1352 1453/1241/1353
f 1448/1242/1354 1451/1243/1355 1450/1244/1356
f 1449/1245/1357 1451/1243/1358 1452/1246/1359
f 1454/1247/1360 1458/1248/1361 1460/1249/1362
f 1455/1250/1363 1458/1251/1364 1457/1252/1365
f 1456/1253/1366 1458/1251/1367 1459/1254/1368
f 1461/1255/1369 1465/1256/1370 1467/1257/1371
f 1462/1258/1372 1465/1259/1373 1464/1260/1374
f 1463/1261/1375 1465/1259/1376 1466/1262/1377
f 1468/1263/1378 1472/1264/1379 1474/1265/1380
f 1469/1266/1381 1472/1267/1382 1471/1268/1383
f 1470/1269/1384 1472/1267/1385 1473/1270/1386
f 1475/1271/1387 1479/1272/1388 1481/1273/1389
f 1476/1274/1390 1479/1275/1391 1478/1276/1392
f 1477/1277/1393 1479/1275/1394 1480/1278/1395
f 1482/1279/1396 1486/1280/1397 1488/1281/1398
f 1483/1282/1399 1486/1283/1400 1485/1284/1401
f 1484/1285/1402 1486/1283/1403 1487/1286/1404
f 1489/1287/1405 1493/1288/1406 1495/1289/1407
f 1490/1290/1408 1493/1291/1409 1492/1292/1410
f 1491/1293/1411 1493/1291/1412 1494/1294/1413
f 1496/1295/1414 1500/1296/1415 1502/1297/1416
f 1497/1298/1417 1500/1299/1418 1499/1300/1419
f 1498/1301/1420 1500/1299/1421 1501/1302/1422
f 1503/1303/1423 1507/1304/1424 1509/1305/1425
f 1504/1306/1426 1507/1307/1427 1506/1308/1428
f 1505/1309/1429 1507/1310/1430 1508/1311/1431
f 1510/1312/1432 1514/1313/1433 1516/1314/1434
f 1511/1315/1435 1514/1316/1436 1513/1317/1437
f 1512/1318/1438 1514/1319/1439 1515/1320/1440
f 1517/1321/1441 1521/1322/1442 1523/1323/1443
f 1518/1324/1444 1521/1325/1445 1520/1326/1446
f 1519/1327/1447 1521/1328/1448 1522/1329/1449
f 1524/1330/1450 1528/1331/1451 1530/1332/1452
f 1525/1333/1453 1528/1334/1454 1527/1335/1455
f 1526/1336/1456 1528/1337/1457 1529/1338/1458
f 2/1339/1459 9/1340/1460 3/1341/1461
f 3/1342/1462 7/1343/1463 1/1344/1464
f 5/1345/1465 12/1346/1466 11/1347/1467
f 6/1348/1468 10/1349/1469 12/1350/1470
f 14/1351/1471 9/1340/1460 8/1352/1472
f 9/1353/1473 13/1354/1474 7/1343/1463
f 11/1347/1467 18/1355/1475 17/1356/1476
f 12/1350/1470 16/1357/1477 18/1358/1478
f 14/1359/1471 21/1360/1479 15/1361/1480
f 21/1362/1481 13/1354/1474 15/1363/1482
f 17/1364/1476 24/1365/1483 23/1366/1484
f 24/1367/1485 16/1357/1477 22/1368/1486
f 20/1369/1487 27/1370/1488 21/1360/1479
f 27/1371/1489 19/1372/1490 21/1362/1481
f 23/1366/1484 30/1373/1491 29/1374/1492
f 24/1367/1485 28/1375/1493 30/1376/1494
f 26/1377/1495 33/1378/1496 27/1370/1488
f 33/1379/1497 25/1380/1498 27/1371/1489
f 29/1374/1492 36/1381/1499 35/1382/1500
f 30/1376/1494 34/1383/1501 36/1384/1502
f 32/1351/1503 39/1385/1504 33/1386/1496
f 39/1387/1505 31/1388/1506 33/1379/1497
f 41/1347/1507 36/1355/1499 42/1346/1508
f 42/1389/1509 34/1383/1501 40/1390/1510
f 44/1339/1511 39/1385/1504 38/1352/1512
f 45/1391/1513 37/1392/1514 39/1387/1505
f 41/1347/1507 48/1393/1515 47/1345/1516
f 42/1389/1509 46/1394/1517 48/1395/1518
f 50/1396/1519 45/1341/1520 44/1339/1511
f 51/1397/1521 43/1398/1522 45/1391/1513
f 47/1345/1516 54/1399/1523 53/1400/1524
f 48/1395/1518 52/1401/1525 54/1402/1526
f 56/1403/1527 51/1404/1528 50/1396/1519
f 57/1405/1529 49/1406/1530 51/1397/1521
f 53/1400/1524 60/1407/1531 59/1408/1532
f 54/1402/1526 58/1409/1533 60/1410/1534
f 62/1411/1535 57/1412/1536 56/1413/1527
f 63/1414/1537 55/1415/1538 57/1405/1529
f 59/1416/1532 66/1417/1539 65/1418/1540
f 60/1410/1534 64/1419/1541 66/1420/1542
f 68/1421/1543 63/1422/1544 62/1411/1535
f 69/1423/1545 61/1424/1546 63/1414/1537
f 71/1425/1547 66/1417/1539 72/1426/1548
f 66/1420/1542 70/1427/1549 72/1428/1550
f 74/1429/1551 69/1430/1552 68/1421/1543
f 75/1431/1553 67/1432/1554 69/1423/1545
f 77/1433/1555 72/1426/1548 78/1434/1556
f 72/1428/1550 76/1435/1557 78/1436/1558
f 80/1396/1559 75/1437/1560 74/1403/1551
f 75/1431/1553 79/1438/1561 73/1439/1562
f 77/1408/1555 84/1399/1563 83/1400/1564
f 78/1436/1558 82/1440/1565 84/1441/1566
f 80/1396/1559 3/1341/1461 81/1404/1567
f 81/1442/1568 1/1344/1464 79/1438/1561
f 5/1345/1465 84/1399/1563 6/1393/1569
f 84/1441/1566 4/1443/1570 6/1348/1468
f 86/1444/1571 93/1445/1572 87/1446/1573
f 93/1447/1574 85/1448/1575 87/1449/1576
f 89/1450/1577 96/1451/1578 95/1452/1579
f 96/1453/1580 88/1454/1581 94/1455/1582
f 98/1456/1583 93/1445/1572 92/1457/1584
f 99/1458/1585 91/1459/1586 93/1447/1574
f 95/1452/1579 102/1460/1587 101/1461/1588
f 96/1453/1580 100/1462/1589 102/1463/1590
f 104/1464/1591 99/1465/1592 98/1466/1583
f 105/1467/1593 97/1468/1594 99/1458/1585
f 101/1469/1588 108/1470/1595 107/1471/1596
f 102/1463/1590 106/1472/1597 108/1473/1598
f 104/1464/1591 111/1474/1599 105/1475/1600
f 111/1476/1601 103/1477/1602 105/1467/1593
f 107/1471/1596 114/1478/1603 113/1479/1604
f 108/1473/1598 112/1480/1605 114/1481/1606
f 116/1482/1607 111/1474/1599 110/1483/1608
f 117/1484/1609 109/1485/1610 111/1476/1601
f 113/1479/1604 120/1486/1611 119/1487/1612
f 120/1488/1613 112/1480/1605 118/1489/1614
f 122/1490/1615 117/1491/1616 116/1482/1607
f 123/1492/1617 115/1493/1618 117/1484/1609
f 119/1487/1612 126/1494/1619 125/1495/1620
f 126/1496/1621 118/1489/1614 124/1497/1622
f 128/1498/1623 123/1499/1624 122/1500/1615
f 129/1501/1625 121/1502/1626 123/1492/1617
f 125/1503/1620 132/1504/1627 131/1505/1628
f 132/1506/1629 124/1497/1622 130/1507/1630
f 134/1508/1631 129/1509/1632 128/1498/1623
f 129/1501/1625 133/1510/1633 127/1511/1634
f 131/1505/1628 138/1512/1635 137/1513/1636
f 132/1506/1629 136/1514/1637 138/1515/1638
f 140/1516/1639 135/1517/1640 134/1508/1631
f 141/1518/1641 133/1510/1633 135/1519/1642
f 137/1513/1636 144/1520/1643 143/1521/1644
f 138/1515/1638 142/1522/1645 144/1523/1646
f 140/1524/1639 147/1525/1647 141/1526/1648
f 141/1518/1641 145/1527/1649 139/1528/1650
f 143/1529/1644 150/1530/1651 149/1531/1652
f 144/1523/1646 148/1532/1653 150/1533/1654
f 152/1534/1655 147/1525/1647 146/1535/1656
f 147/1536/1657 151/1537/1658 145/1527/1649
f 155/1538/1659 150/1530/1651 156/1539/1660
f 156/1540/1661 148/1532/1653 154/1541/1662
f 158/1542/1663 153/1543/1664 152/1534/1655
f 159/1544/1665 151/1537/1658 153/1545/1666
f 155/1538/1659 162/1546/1667 161/1547/1668
f 156/1540/1661 160/1548/1669 162/1549/1670
f 164/1550/1671 159/1551/1672 158/1542/1663
f 159/1544/1665 163/1552/1673 157/1553/1674
f 161/1547/1668 168/1554/1675 167/1555/1676
f 168/1556/1677 160/1548/1669 166/1557/1678
f 164/1558/1671 87/1446/1573 165/1559/1679
f 165/1560/1680 85/1448/1575 163/1552/1673
f 167/1561/1676 90/1562/1681 89/1450/1577
f 90/1563/1682 166/1557/1678 88/1454/1581
f 176/1564/1683 171/1565/1684 170/1566/1685
f 171/1567/1686 175/1568/1687 169/1569/1688
f 173/1570/1689 180/1571/1690 179/1572/1691
f 174/1573/1692 178/1574/1693 180/1575/1694
f 176/1564/1683 183/1576/1695 177/1577/1696
f 183/1578/1697 175/1568/1687 177/1579/1698
f 185/1580/1699 180/1571/1690 186/1581/1700
f 180/1575/1694 184/1582/1701 186/1583/1702
f 188/1584/1703 183/1576/1695 182/1585/1704
f 183/1578/1697 187/1586/1705 181/1587/1706
f 185/1580/1699 192/1588/1707 191/1589/1708
f 186/1583/1702 190/1590/1709 192/1591/1710
f 194/1592/1711 189/1593/1712 188/1594/1703
f 189/1595/1713 193/1596/1714 187/1586/1705
f 197/1597/1715 192/1598/1707 198/1599/1716
f 192/1591/1710 196/1600/1717 198/1601/1718
f 194/1592/1711 201/1602/1719 195/1603/1720
f 201/1604/1721 193/1596/1714 195/1605/1722
f 197/1597/1715 204/1606/1723 203/1607/1724
f 198/1601/1718 202/1608/1725 204/1609/1726
f 206/1610/1727 201/1602/1719 200/1611/1728
f 207/1612/1729 199/1613/1730 201/1604/1721
f 209/1614/1731 204/1606/1723 210/1615/1732
f 204/1609/1726 208/1616/1733 210/1617/1734
f 206/1618/1727 213/1619/1735 207/1620/1736
f 213/1621/1737 205/1622/1738 207/1612/1729
f 209/1623/1731 216/1624/1739 215/1625/1740
f 210/1617/1734 214/1626/1741 216/1627/1742
f 218/1628/1743 213/1619/1735 212/1629/1744
f 213/1621/1737 217/1630/1745 211/1631/1746
f 215/1625/1740 222/1632/1747 221/1633/1748
f 216/1627/1742 220/1634/1749 222/1635/1750
f 218/1628/1743 225/1636/1751 219/1637/1752
f 225/1638/1753 217/1630/1745 219/1639/1754
f 221/1633/1748 228/1640/1755 227/1641/1756
f 228/1642/1757 220/1634/1749 226/1643/1758
f 230/1644/1759 225/1636/1751 224/1645/1760
f 231/1646/1761 223/1647/1762 225/1638/1753
f 227/1641/1756 234/1648/1763 233/1649/1764
f 228/1642/1757 232/1650/1765 234/1651/1766
f 236/1652/1767 231/1653/1768 230/1654/1759
f 237/1655/1769 229/1656/1770 231/1646/1761
f 239/1657/1771 234/1658/1763 240/1659/1772
f 240/1660/1773 232/1650/1765 238/1661/1774
f 242/1662/1775 237/1663/1776 236/1652/1767
f 243/1664/1777 235/1665/1778 237/1655/1769
f 239/1657/1771 246/1666/1779 245/1667/1780
f 240/1660/1773 244/1668/1781 246/1669/1782
f 248/1670/1783 243/1671/1784 242/1662/1775
f 249/1672/1785 241/1673/1786 243/1664/1777
f 245/1667/1780 252/1674/1787 251/1675/1788
f 252/1676/1789 244/1668/1781 250/1677/1790
f 170/1566/1685 249/1678/1791 248/1679/1783
f 249/1672/1785 169/1569/1688 247/1680/1792
f 251/1681/1788 174/1682/1793 173/1570/1689
f 174/1573/1692 250/1677/1790 172/1683/1794
f 260/1684/1795 255/1685/1796 254/1686/1797
f 261/1687/1798 253/1688/1799 255/1689/1800
f 257/1690/1801 264/1691/1802 263/1692/1803
f 264/1693/1804 256/1694/1805 262/1695/1806
f 266/1696/1807 261/1697/1808 260/1684/1795
f 261/1687/1798 265/1698/1809 259/1699/1810
f 263/1692/1803 270/1700/1811 269/1701/1812
f 264/1693/1804 268/1702/1813 270/1703/1814
f 272/1704/1815 267/1705/1816 266/1696/1807
f 267/1706/1817 271/1707/1818 265/1698/1809
f 269/1701/1812 276/1708/1819 275/1709/1820
f 270/1703/1814 274/1710/1821 276/1711/1822
f 278/1712/1823 273/1713/1824 272/1714/1815
f 279/1715/1825 271/1707/1818 273/1716/1826
f 275/1717/1820 282/1718/1827 281/1719/1828
f 282/1720/1829 274/1710/1821 280/1721/1830
f 278/1712/1823 285/1722/1831 279/1723/1832
f 279/1715/1825 283/1724/1833 277/1725/1834
f 281/1719/1828 288/1726/1835 287/1727/1836
f 282/1720/1829 286/1728/1837 288/1729/1838
f 284/1730/1839 291/1731/1840 285/1722/1831
f 285/1732/1841 289/1733/1842 283/1724/1833
f 287/1727/1836 294/1734/1843 293/1735/1844
f 288/1729/1838 292/1736/1845 294/1737/1846
f 296/1738/1847 291/1731/1840 290/1739/1848
f 291/1740/1849 295/1741/1850 289/1733/1842
f 299/1742/1851 294/1734/1843 300/1743/1852
f 294/1737/1846 298/1744/1853 300/1745/1854
f 302/1746/1855 297/1747/1856 296/1748/1847
f 297/1749/1857 301/1750/1858 295/1741/1850
f 299/1751/1851 306/1752/1859 305/1753/1860
f 300/1745/1854 304/1754/1861 306/1755/1862
f 308/1756/1863 303/1757/1864 302/1746/1855
f 303/1758/1865 307/1759/1866 301/1750/1858
f 305/1753/1860 312/1760/1867 311/1761/1868
f 306/1755/1862 310/1762/1869 312/1763/1870
f 314/1764/1871 309/1765/1872 308/1756/1863
f 315/1766/1873 307/1759/1866 309/1767/1874
f 317/1768/1875 312/1760/1867 318/1769/1876
f 312/1763/1870 316/1770/1877 318/1771/1878
f 320/1772/1879 315/1773/1880 314/1774/1871
f 321/1775/1881 313/1776/1882 315/1766/1873
f 317/1777/1875 324/1778/1883 323/1779/1884
f 324/1780/1885 316/1770/1877 322/1781/1886
f 326/1782/1887 321/1783/1888 320/1772/1879
f 327/1784/1889 319/1785/1890 321/1775/1881
f 323/1779/1884 330/1786/1891 329/1787/1892
f 324/1780/1885 328/1788/1893 330/1789/1894
f 326/1782/1887 333/1790/1895 327/1791/1896
f 327/1784/1889 331/1792/1897 325/1793/1898
f 329/1787/1892 336/1794/1899 335/1795/1900
f 330/1789/1894 334/1796/1901 336/1797/1902
f 332/1798/1903 255/1799/1796 333/1790/1895
f 255/1689/1800 331/1792/1897 333/1800/1904
f 335/1795/1900 258/1801/1905 257/1802/1801
f 336/1797/1902 256/1694/1805 258/1803/1906
f 337/1/1 354/1804/1907 351/19/19
f 354/24/24 339/7/7 352/22/22
f 344/10/10 342/1805/1908 338/4/4
f 350/1806/1909 339/7/7 342/9/9
f 358/28/28 349/1807/1910 345/13/13
f 364/1808/1911 346/16/16 349/18/18
f 353/25/25 363/1809/1912 359/31/31
f 356/1810/1913 360/34/34 363/36/36
f 351/19/19 382/1811/1914 379/55/55
f 382/60/60 353/25/25 380/58/58
f 386/64/64 361/1812/1915 358/28/28
f 392/1813/1916 359/31/31 361/33/33
f 381/61/61 391/1814/1917 387/67/67
f 384/1815/1918 388/70/70 391/72/72
f 365/37/37 385/57/57 368/1816/1919
f 385/1817/1920 366/40/40 368/42/42
f 386/64/64 378/48/48 389/1818/1921
f 378/1819/1922 387/67/67 389/69/69
f 367/43/43 377/1820/1923 373/49/49
f 370/1821/1924 374/52/52 377/54/54
f 337/1/1 371/39/39 340/1822/1925
f 371/1823/1926 338/4/4 340/6/6
f 345/13/13 375/1824/1927 372/46/46
f 347/1825/1928 373/49/49 375/51/51
f 407/89/91 399/75/75 410/98/1929
f 399/1826/1930 408/92/94 410/94/96
f 394/76/76 406/84/84 398/1827/1931
f 406/1828/1932 395/79/79 398/81/81
f 414/89/100 405/75/1933 401/73/85
f 420/1829/1934 402/86/88 405/88/90
f 415/99/103 412/97/99 419/1830/1935
f 412/1831/1936 416/102/106 419/104/108
f 407/89/91 438/1832/1937 435/123/127
f 413/1833/1938 436/126/130 438/128/132
f 414/89/100 448/133/138 417/91/1939
f 448/1834/1940 415/99/103 417/101/105
f 437/129/133 447/1835/1941 443/134/139
f 447/139/144 436/126/130 444/137/142
f 435/123/127 424/116/1942 421/105/109
f 441/1836/1943 422/108/112 424/110/114
f 442/123/136 434/116/120 445/125/1944
f 434/1837/1945 443/134/139 445/136/141
f 423/111/115 433/1838/1946 429/117/121
f 433/122/126 422/108/112 430/120/124
f 421/105/109 396/85/1947 393/73/73
f 427/1839/1948 394/76/76 396/78/78
f 428/114/118 403/85/87 431/107/1949
f 403/1840/1950 429/117/121 431/119/123
f 456/1841/1951 451/1842/1952 450/1843/1951
f 457/1844/1953 449/1845/1954 451/1846/1955
f 453/1847/1956 460/1848/1957 459/1849/1958
f 454/1850/1959 458/1851/1960 460/1852/1961
f 462/1853/1962 457/1854/1963 456/1855/1962
f 463/1856/1964 455/1857/1965 457/1844/1953
f 465/1858/1966 460/1859/1957 466/1860/1967
f 466/1861/1968 458/1851/1960 464/1862/1969
f 468/1863/1970 463/1864/1971 462/1853/1970
f 469/1865/1972 461/1866/1973 463/1856/1964
f 465/1858/1966 472/1867/1974 471/1868/1975
f 466/1861/1968 470/1869/1976 472/1870/1977
f 474/1871/1978 469/1872/1979 468/1863/1978
f 475/1873/1980 467/1874/1981 469/1865/1972
f 471/1868/1975 478/1875/1982 477/1876/1983
f 472/1870/1977 476/1877/1984 478/1878/1985
f 474/1841/1986 481/1842/1987 475/1879/1987
f 481/1880/1988 473/1881/1989 475/1873/1980
f 483/1847/1990 478/1848/1982 484/1882/1991
f 484/1883/1992 476/1877/1984 482/1884/1993
f 480/1843/1994 487/1885/1995 481/1842/1996
f 487/1886/1997 479/1887/1998 481/1880/1988
f 483/1847/1990 490/1888/1999 489/1889/2000
f 484/1883/1992 488/1890/2001 490/1891/2002
f 492/1892/2003 487/1893/2004 486/1894/2003
f 493/1895/2005 485/1896/2006 487/1886/1997
f 495/1868/2007 490/1897/1999 496/1898/2008
f 490/1891/2002 494/1899/2009 496/1900/2010
f 498/1901/2011 493/1902/2012 492/1892/2011
f 499/1903/2013 491/1904/2014 493/1895/2005
f 501/1858/2015 496/1898/2008 502/1860/2016
f 496/1900/2010 500/1905/2017 502/1906/2018
f 504/1907/2019 499/1908/2020 498/1901/2019
f 505/1909/2021 497/1910/2022 499/1903/2013
f 501/1858/2015 508/1859/2023 507/1911/2024
f 502/1906/2018 506/1912/2025 508/1913/2026
f 450/1843/2027 505/1885/2028 504/1914/2027
f 451/1846/1955 503/1915/2029 505/1909/2021
f 453/1847/1956 508/1888/2023 454/1882/2030
f 508/1913/2026 452/1916/2031 454/1850/1959
f 509/140/145 526/166/2032 523/156/163
f 526/161/168 511/146/151 524/159/166
f 516/149/154 514/1917/2033 510/143/148
f 514/148/153 518/153/160 511/146/151
f 517/140/157 536/166/174 521/142/2034
f 536/1918/2035 518/153/160 521/155/162
f 525/162/169 535/1919/2036 531/167/175
f 528/1920/2037 532/170/178 535/172/180
f 523/156/163 554/200/2038 551/190/199
f 554/195/204 525/162/169 552/193/202
f 530/165/172 564/200/210 533/158/2039
f 564/1921/2040 531/167/175 533/169/177
f 553/196/205 563/1922/2041 559/201/211
f 556/1923/2042 560/204/214 563/206/216
f 537/173/181 557/192/201 540/1924/2043
f 557/1925/2044 538/176/184 540/178/186
f 544/173/190 561/192/2045 558/190/208
f 561/203/213 546/187/196 559/201/211
f 545/184/193 542/181/189 549/1926/2046
f 542/1927/2047 546/187/196 549/189/198
f 537/173/181 512/152/2048 509/140/145
f 543/1928/2049 510/143/148 512/145/150
f 544/173/190 519/152/159 547/1929/2050
f 519/1930/2051 545/184/193 547/186/195
f 565/207/217 582/1931/2052 579/224/235
f 571/1932/2053 580/227/238 582/229/240
f 572/216/226 570/215/2054 566/1933/220
f 578/218/2055 567/213/223 570/215/225
f 586/224/244 577/209/2056 573/219/229
f 592/1934/2057 574/222/232 577/223/234
f 581/230/241 591/238/2058 587/234/247
f 584/232/2059 588/237/250 591/238/252
f 579/224/235 610/263/2060 607/254/271
f 610/259/276 581/230/241 608/257/274
f 614/254/280 589/1935/2061 586/224/244
f 620/1936/2062 587/234/247 589/236/249
f 609/260/277 619/268/2063 615/264/283
f 612/262/2064 616/267/286 619/268/288
f 607/254/271 596/248/2065 593/239/253
f 613/1937/2066 594/242/256 596/244/258
f 600/239/262 617/256/2067 614/254/280
f 606/1938/2068 615/264/283 617/266/285
f 601/249/265 598/247/261 605/253/2069
f 598/247/2070 602/252/268 605/253/270
f 593/239/253 568/221/2071 565/207/217
f 568/212/222 595/245/259 566/210/220
f 600/239/262 575/221/231 603/241/2072
f 575/1939/2073 601/249/265 603/251/267
f 621/269/289 638/294/2074 635/286/307
f 627/1940/2075 636/289/310 638/291/312
f 622/272/292 634/279/300 626/276/2076
f 634/279/2077 623/275/295 626/276/297
f 642/286/316 633/1941/2078 629/280/301
f 648/1942/2079 630/283/304 633/285/306
f 637/292/313 647/300/2080 643/1943/319
f 647/300/324 636/289/310 644/298/322
f 635/286/307 666/325/2081 663/316/343
f 666/321/348 637/1944/313 664/319/346
f 670/324/352 645/288/2082 642/286/316
f 676/1945/2083 643/295/319 645/297/321
f 665/322/349 675/331/2084 671/1946/355
f 675/331/360 664/319/346 672/329/358
f 663/316/343 652/309/2085 649/301/325
f 669/1947/2086 650/304/328 652/306/330
f 656/301/334 673/318/2087 670/324/352
f 662/1948/2088 671/326/355 673/328/357
f 651/307/331 661/315/2089 657/1949/337
f 654/308/2090 658/313/340 661/315/342
f 621/269/289 655/303/327 624/282/2091
f 655/1950/2092 622/272/292 624/274/294
f 629/280/301 659/303/2093 656/301/334
f 631/1951/2094 657/310/337 659/312/339
f 677/332/361 694/357/2095 691/348/379
f 694/353/384 679/338/367 692/351/382
f 684/341/370 682/1952/2096 678/335/364
f 690/1953/2097 679/338/367 682/340/369
f 685/332/373 704/357/390 689/334/2098
f 704/1954/2099 686/345/376 689/347/378
f 693/354/385 703/1955/2100 699/358/391
f 696/1956/2101 700/361/394 703/363/396
f 691/348/379 722/390/2102 719/381/415
f 722/386/420 693/354/385 720/384/418
f 698/348/388 732/390/426 701/350/2103
f 732/1957/2104 699/358/391 701/360/393
f 721/387/421 731/1958/2105 727/391/427
f 731/396/432 720/384/418 728/394/430
f 719/381/415 708/374/2106 705/364/397
f 725/1959/2107 706/367/400 708/369/402
f 712/364/406 729/383/2108 726/381/424
f 718/1960/2109 727/391/427 729/393/429
f 713/375/409 710/372/405 717/1961/2110
f 710/1962/2111 714/378/412 717/380/414
f 705/364/397 680/344/2112 677/332/361
f 680/337/366 707/370/403 678/335/364
f 685/332/373 715/366/2113 712/364/406
f 715/377/411 684/341/370 713/375/409
f 747/413/451 739/399/435 750/421/2114
f 739/1963/2115 748/416/454 750/418/456
f 734/400/436 746/407/444 738/404/2116
f 746/407/2117 735/403/439 738/404/441
f 754/413/460 745/1964/2118 741/408/445
f 760/1965/2119 742/1966/448 745/1967/450
f 749/419/457 759/426/2120 755/422/463
f 759/426/468 748/416/454 756/425/466
f 775/443/487 753/415/453 778/452/2121
f 753/1968/2122 776/446/490 778/448/492
f 782/451/496 757/415/2123 754/413/460
f 788/1969/2124 755/1970/463 757/1971/465
f 777/449/493 787/457/2125 783/453/499
f 780/450/2126 784/456/502 787/457/504
f 775/443/487 764/1972/2127 761/427/469
f 764/432/474 777/1973/493 762/430/472
f 768/435/478 785/445/2128 782/451/496
f 774/1974/2129 783/1975/499 785/1976/501
f 763/433/475 773/442/2130 769/438/481
f 766/434/2131 770/441/484 773/442/486
f 733/397/433 767/429/471 736/1977/2132
f 736/402/438 763/1978/475 734/400/436
f 741/408/445 771/1979/2133 768/435/478
f 771/1980/483 740/405/442 769/1981/481
f 789/458/505 806/483/2134 803/474/523
f 795/1982/2135 804/477/526 806/479/528
f 796/467/514 794/1983/2136 790/461/508
f 794/466/513 798/471/520 791/464/511
f 797/458/517 816/483/534 801/460/2137
f 816/1984/2138 798/471/520 801/473/522
f 811/484/535 808/482/531 815/1985/2139
f 808/1986/2140 812/487/538 815/489/540
f 803/474/523 834/515/2141 831/506/559
f 809/1987/2142 832/509/562 834/511/564
f 810/474/532 844/515/570 813/476/2143
f 813/486/537 840/519/574 811/484/535
f 833/512/565 843/1988/2144 839/516/571
f 836/1989/2145 840/519/574 843/521/576
f 831/506/559 820/499/2146 817/490/541
f 837/1990/2147 818/493/544 820/495/546
f 838/506/568 830/499/552 841/508/2148
f 841/518/573 826/503/556 839/516/571
f 825/500/553 822/498/549 829/1991/2149
f 822/1992/2150 826/503/556 829/505/558
f 789/458/505 823/492/543 792/1993/2151
f 823/1994/2152 790/461/508 792/463/510
f 797/458/517 827/492/2153 824/490/550
f 827/502/555 796/467/514 825/500/553
f 859/537/595 851/524/579 862/1995/2154
f 862/1996/600 847/528/583 860/1997/598
f 852/530/586 850/529/2155 846/525/580
f 850/529/585 854/535/592 847/528/583
f 866/537/604 857/1998/2156 853/533/589
f 857/536/594 868/1999/610 854/535/592
f 861/543/601 871/550/2157 867/546/607
f 871/550/612 860/540/598 868/549/610
f 859/537/595 890/575/2158 887/565/631
f 890/2000/636 861/543/601 888/2001/634
f 866/537/604 900/575/642 869/2002/2159
f 900/2003/2160 867/546/607 869/548/609
f 895/576/643 892/572/639 899/580/2161
f 892/572/2162 896/579/646 899/580/648
f 873/551/613 893/567/633 876/559/2163
f 893/2004/2164 874/2005/616 876/2006/618
f 880/551/622 897/2007/2165 894/573/640
f 886/2008/2166 895/576/643 897/578/645
f 881/560/625 878/558/621 885/564/2167
f 878/558/2168 882/563/628 885/564/630
f 873/551/613 848/2009/2169 845/522/577
f 879/2010/2170 846/2011/580 848/2012/582
f 880/551/622 855/534/591 883/553/2171
f 855/2013/2172 881/560/625 883/562/627
f 916/600/670 907/2014/2173 903/587/655
f 907/583/651 915/597/667 901/581/649
f 924/612/682 911/594/663 928/2015/2174
f 911/2016/2175 922/606/676 928/608/678
f 902/584/652 913/596/666 906/588/2176
f 913/596/2177 903/587/655 906/588/657
f 917/603/673 927/2017/2178 923/609/679
f 927/614/684 916/600/670 924/612/682
f 930/618/688 921/2018/2179 917/603/673
f 932/2019/2180 915/597/667 921/599/669
f 923/609/679 942/2020/2181 938/630/700
f 942/626/696 922/606/676 936/624/694
f 931/621/691 941/2021/2182 937/627/697
f 941/632/702 930/618/688 938/630/700
f 944/636/706 935/2022/2183 931/621/691
f 935/617/687 943/633/703 929/615/685
f 952/647/718 939/629/699 956/2023/2184
f 956/643/714 936/624/694 950/641/712
f 945/639/709 955/648/2185 951/644/715
f 955/648/720 944/636/706 952/647/718
f 958/652/724 949/2024/2186 945/2025/709
f 949/635/705 957/649/721 943/633/703
f 966/663/736 953/2026/717 970/2027/2187
f 953/2028/2188 964/657/730 970/659/732
f 959/655/727 969/664/2189 965/660/733
f 969/664/738 958/652/724 966/663/736
f 902/2029/652 963/2030/2190 959/655/727
f 904/2031/2191 957/649/721 963/651/723
f 965/660/733 914/2032/2192 910/2033/664
f 914/591/660 964/657/730 908/589/658
f 986/686/760 977/2034/2193 973/671/745
f 977/667/741 985/683/757 971/665/739
f 979/677/751 998/2035/2194 994/697/772
f 998/693/768 978/674/748 992/691/766
f 972/668/742 983/682/756 976/2036/2195
f 983/2037/2196 973/671/745 976/673/747
f 987/689/763 997/698/2197 993/694/769
f 997/698/774 986/686/760 994/697/772
f 1000/702/778 991/2038/2198 987/2039/763
f 1002/2040/2199 985/683/757 991/685/759
f 1008/713/790 995/2041/771 1012/2042/2200
f 1012/709/786 992/691/766 1006/707/784
f 1001/705/781 1011/714/2201 1007/710/787
f 1011/714/792 1000/702/778 1008/713/790
f 1001/705/781 1016/720/798 1005/2043/2202
f 1016/2044/2203 999/699/775 1005/701/777
f 1007/710/787 1026/2045/2204 1022/2046/808
f 1009/2047/2205 1020/724/802 1026/726/804
f 1015/721/799 1025/731/2206 1021/727/805
f 1025/731/810 1014/2048/796 1022/730/808
f 1015/721/799 1030/737/816 1019/2049/2207
f 1030/2050/2208 1013/715/793 1019/717/795
f 1036/747/826 1023/729/807 1040/2051/2209
f 1040/743/822 1020/724/802 1034/741/820
f 1029/738/817 1039/2052/2210 1035/744/823
f 1039/749/828 1028/735/814 1036/747/826
f 972/668/742 1033/2053/2211 1029/738/817
f 974/2054/2212 1027/732/811 1033/734/813
f 1035/744/823 984/2055/2213 980/680/754
f 1037/2056/2214 978/674/748 984/676/750
f 1056/769/850 1047/2057/2215 1043/756/835
f 1047/752/831 1055/766/847 1041/750/829
f 1049/761/841 1068/2058/2216 1064/2059/862
f 1068/777/858 1048/758/838 1062/775/856
f 1042/753/832 1053/765/846 1046/757/2217
f 1053/765/2218 1043/756/835 1046/757/837
f 1057/772/853 1067/782/2219 1063/778/859
f 1067/2060/864 1056/769/850 1064/2059/862
f 1070/786/868 1061/2061/2220 1057/772/853
f 1061/768/849 1069/783/865 1055/766/847
f 1078/798/880 1065/780/861 1082/2062/2221
f 1082/794/876 1062/775/856 1076/792/874
f 1071/789/871 1081/2063/2222 1077/795/877
f 1081/800/882 1070/786/868 1078/798/880
f 1071/789/871 1086/806/888 1075/2064/2223
f 1075/785/867 1083/801/883 1069/783/865
f 1092/815/898 1079/797/879 1096/2065/2224
f 1079/2066/2225 1090/809/892 1096/811/894
f 1085/807/889 1095/817/2226 1091/2067/895
f 1095/817/900 1084/804/886 1092/815/898
f 1085/2068/889 1100/823/906 1089/2069/2227
f 1089/803/885 1097/818/901 1083/801/883
f 1091/812/895 1110/2070/2228 1106/832/916
f 1093/2071/2229 1104/826/910 1110/828/912
f 1099/824/907 1109/833/2230 1105/829/913
f 1109/833/918 1098/821/904 1106/832/916
f 1099/824/907 1044/2072/834 1103/2073/2231
f 1044/2074/2232 1097/818/901 1103/820/903
f 1105/829/913 1054/2075/2233 1050/2076/844
f 1054/760/840 1104/826/910 1048/758/838
f 1126/855/940 1117/2077/2234 1113/840/925
f 1117/836/921 1125/852/937 1111/834/919
f 1119/846/931 1138/2078/2235 1134/866/952
f 1138/862/948 1118/843/928 1132/860/946
f 1112/837/922 1123/851/936 1116/2079/2236
f 1123/2080/2237 1113/840/925 1116/842/927
f 1127/858/943 1137/867/2238 1133/863/949
f 1137/867/954 1126/855/940 1134/866/952
f 1127/2081/943 1142/873/960 1131/2082/2239
f 1131/854/939 1139/868/955 1125/852/937
f 1148/882/970 1135/2083/951 1152/2084/2240
f 1135/2085/2241 1146/876/964 1152/878/966
f 1141/874/961 1151/883/2242 1147/879/967
f 1151/883/972 1140/871/958 1148/882/970
f 1141/874/961 1156/2086/978 1145/2087/2243
f 1156/2088/2244 1139/868/955 1145/870/957
f 1162/2089/988 1149/881/969 1166/2090/2245
f 1166/894/984 1146/876/964 1160/892/982
f 1155/890/979 1165/899/2246 1161/895/985
f 1165/899/990 1154/887/976 1162/898/988
f 1168/903/994 1159/2091/2247 1155/890/979
f 1170/2092/2248 1153/884/973 1159/886/975
f 1161/895/985 1180/2093/2249 1176/915/1006
f 1163/2094/2250 1174/909/1000 1180/911/1002
f 1169/906/997 1179/2095/2251 1175/912/1003
f 1179/917/1008 1168/903/994 1176/915/1006
f 1169/906/997 1114/839/924 1173/2096/2252
f 1114/2097/2253 1167/900/991 1173/902/993
f 1120/849/934 1177/914/1005 1124/2098/2254
f 1177/2099/2255 1118/843/928 1124/845/930
f 1183/924/1015 1198/2100/1032 1187/2101/2256
f 1187/920/1011 1195/934/1027 1181/918/1009
f 1204/2102/1042 1191/931/1023 1208/2103/2257
f 1208/944/1038 1188/926/1018 1202/942/1036
f 1182/921/1012 1193/933/1026 1186/925/2258
f 1193/933/2259 1183/924/1015 1186/925/1017
f 1197/940/1033 1207/949/2260 1203/945/1039
f 1207/949/1044 1196/937/1030 1204/948/1042
f 1197/940/1033 1212/955/1050 1201/2104/2261
f 1212/2105/2262 1195/934/1027 1201/936/1029
f 1203/945/1039 1222/2106/2263 1218/965/1060
f 1222/961/1056 1202/942/1036 1216/959/1054
f 1211/956/1051 1221/2107/2264 1217/962/1057
f 1221/967/1062 1210/953/1048 1218/965/1060
f 1211/956/1051 1226/973/1068 1215/2108/2265
f 1226/2109/2266 1209/950/1045 1215/952/1047
f 1217/962/1057 1236/2110/2267 1232/983/1078
f 1219/2111/2268 1230/977/1072 1236/979/1074
f 1225/974/1069 1235/2112/2269 1231/980/1075
f 1235/985/1080 1224/971/1066 1232/983/1078
f 1225/974/1069 1240/991/1086 1229/2113/2270
f 1229/970/1065 1237/986/1081 1223/968/1063
f 1231/980/1075 1250/2114/2271 1246/1000/1096
f 1233/2115/2272 1244/994/1090 1250/996/1092
f 1239/992/1087 1249/1001/2273 1245/997/1093
f 1249/1001/1098 1238/989/1084 1246/1000/1096
f 1239/2116/1087 1184/923/1014 1243/2117/2274
f 1184/2118/2275 1237/986/1081 1243/988/1083
f 1190/932/1024 1247/2119/1095 1194/2120/2276
f 1247/2121/2277 1188/926/1018 1194/928/1020
f 1253/1008/1105 1268/1025/1122 1257/2122/2278
f 1268/2123/2279 1251/1002/1099 1257/1004/1101
f 1259/1014/1111 1278/2124/2280 1274/1035/1132
f 1278/1031/1128 1258/1011/1108 1272/1029/1126
f 1252/1005/1102 1263/1019/1116 1256/2125/2281
f 1263/2126/2282 1253/1008/1105 1256/1010/1107
f 1267/1026/1123 1277/2127/2283 1273/1032/1129
f 1277/1037/1134 1266/1023/1120 1274/1035/1132
f 1267/1026/1123 1282/1043/1140 1271/2128/2284
f 1271/1022/1119 1279/1038/1135 1265/1020/1117
f 1273/1032/1129 1292/2129/2285 1288/1052/1150
f 1275/2130/2286 1286/1046/1144 1292/1048/1146
f 1281/1044/1141 1291/1053/2287 1287/1049/1147
f 1291/1053/1152 1280/1041/1138 1288/1052/1150
f 1281/2131/1141 1296/1059/1158 1285/2132/2288
f 1296/2133/2289 1279/1038/1135 1285/1040/1137
f 1302/1068/1168 1289/2134/1149 1306/2135/2290
f 1306/1064/1164 1286/1046/1144 1300/1062/1162
f 1295/1060/1159 1305/1069/2291 1301/1065/1165
f 1305/1069/1170 1294/1057/1156 1302/1068/1168
f 1308/2136/1174 1299/2137/2292 1295/1060/1159
f 1299/1056/1155 1307/1070/1171 1293/1054/1153
f 1301/1065/1165 1320/2138/2293 1316/2139/1186
f 1320/1080/1182 1300/1062/1162 1314/1078/1180
f 1309/1076/1177 1319/1085/2294 1315/1081/1183
f 1319/1085/1188 1308/1073/1174 1316/1084/1186
f 1309/1076/1177 1254/1007/1104 1313/2140/2295
f 1254/2141/2296 1307/1070/1171 1313/1072/1173
f 1315/1081/1183 1264/2142/2297 1260/1017/1114
f 1264/1013/1110 1314/1078/1180 1258/1011/1108
f 1336/1105/1210 1327/2143/2298 1323/2144/1195
f 1327/1088/1191 1335/1102/1207 1321/1086/1189
f 1344/1116/1222 1331/2145/1203 1348/2146/2299
f 1348/1112/1218 1328/1094/1198 1342/1110/1216
f 1322/1089/1192 1333/1101/1206 1326/1093/2300
f 1333/1101/2301 1323/1092/1195 1326/1093/1197
f 1337/1108/1213 1347/1117/2302 1343/1113/1219
f 1347/1117/1224 1336/1105/1210 1344/1116/1222
f 1337/1108/1213 1352/1123/1230 1341/2147/2303
f 1352/2148/2304 1335/1102/1207 1341/1104/1209
f 1343/1113/1219 1362/2149/2305 1358/2150/1240
f 1345/2151/2306 1356/1127/1234 1362/1129/1236
f 1351/1124/1231 1361/1134/2307 1357/1130/1237
f 1361/1134/1242 1350/2152/1228 1358/1133/1240
f 1364/1138/1246 1355/2153/2308 1351/1124/1231
f 1355/1120/1227 1363/1135/1243 1349/1118/1225
f 1357/1130/1237 1376/2154/2309 1372/1150/1258
f 1376/1146/1254 1356/1127/1234 1370/1144/1252
f 1365/1141/1249 1375/2155/2310 1371/1147/1255
f 1375/1152/1260 1364/1138/1246 1372/1150/1258
f 1378/1156/1264 1369/2156/2311 1365/1141/1249
f 1369/1137/1245 1377/1153/1261 1363/1135/1243
f 1371/1147/1255 1390/2157/2312 1386/1168/1276
f 1390/1164/1272 1370/1144/1252 1384/1162/1270
f 1379/2158/1267 1389/1170/2313 1385/2159/1273
f 1389/1170/1278 1378/1156/1264 1386/1168/1276
f 1379/1159/1267 1324/1091/1194 1383/2160/2314
f 1324/2161/2315 1377/1153/1261 1383/1155/1263
f 1385/1165/1273 1334/2162/2316 1330/1100/1204
f 1387/2163/2317 1328/1094/1198 1334/1096/1200
f 1406/1192/1300 1397/2164/2318 1393/1177/1285
f 1397/1173/1281 1405/1189/1297 1391/1171/1279
f 1414/1204/1312 1401/1185/1293 1418/2165/2319
f 1401/2166/2320 1412/1198/1306 1418/1200/1308
f 1392/1174/1282 1403/1188/1296 1396/2167/2321
f 1403/2168/2322 1393/1177/1285 1396/1179/1287
f 1407/1195/1303 1417/2169/2323 1413/1201/1309
f 1417/1206/1314 1406/1192/1300 1414/1204/1312
f 1407/1195/1303 1422/1212/1320 1411/2170/2324
f 1422/2171/2325 1405/1189/1297 1411/1191/1299
f 1428/1221/1330 1415/1203/1311 1432/2172/2326
f 1415/2173/2327 1426/1215/1324 1432/1217/1326
f 1421/1213/1321 1431/1222/2328 1427/1218/1327
f 1431/1222/1332 1420/1210/1318 1428/1221/1330
f 1434/1226/1336 1425/2174/2329 1421/2175/1321
f 1425/1209/1317 1433/1223/1333 1419/1207/1315
f 1427/2176/1327 1446/2177/2330 1442/1237/1348
f 1446/1233/1344 1426/1215/1324 1440/1231/1342
f 1435/1229/1339 1445/1238/2331 1441/1234/1345
f 1445/1238/1350 1434/1226/1336 1442/1237/1348
f 1435/1229/1339 1450/2178/1356 1439/2179/2332
f 1439/1225/1335 1447/1239/1351 1433/1223/1333
f 1456/2180/1366 1443/1236/1347 1460/2181/2333
f 1443/2182/2334 1454/1247/1360 1460/1249/1362
f 1449/1245/1357 1459/1254/2335 1455/1250/1363
f 1459/1254/1368 1448/1242/1354 1456/1253/1366
f 1392/1174/1282 1453/2183/2336 1449/1245/1357
f 1394/2184/2337 1447/1239/1351 1453/1241/1353
f 1455/1250/1363 1404/2185/2338 1400/1186/1294
f 1457/2186/2339 1398/1180/1288 1404/1182/1290
f 1476/1274/1390 1467/2187/2340 1463/2188/1375
f 1467/1257/1371 1475/1271/1387 1461/1255/1369
f 1469/2189/1381 1488/2190/2341 1484/1285/1402
f 1488/1281/1398 1468/1263/1378 1482/1279/1396
f 1462/1258/1372 1473/1270/1386 1466/1262/2342
f 1473/1270/2343 1463/1261/1375 1466/1262/1377
f 1477/1277/1393 1487/1286/2344 1483/1282/1399
f 1487/1286/1404 1476/1274/1390 1484/1285/1402
f 1477/1277/1393 1492/2191/1410 1481/2192/2345
f 1492/2193/2346 1475/1271/1387 1481/1273/1389
f 1498/2194/1420 1485/1284/1401 1502/2195/2347
f 1485/2196/2348 1496/1295/1414 1502/1297/1416
f 1491/1293/1411 1501/1302/2349 1497/1298/1417
f 1501/1302/1422 1490/1290/1408 1498/1301/1420
f 1504/1306/1426 1495/2197/2350 1491/1293/1411
f 1506/2198/2351 1489/1287/1405 1495/1289/1407
f 1512/1318/1438 1499/1300/1419 1516/2199/2352
f 1499/2200/2353 1510/1312/1432 1516/1314/1434
f 1505/1309/1429 1515/2201/2354 1511/1315/1435
f 1515/1320/1440 1504/1306/1426 1512/1318/1438
f 1505/1309/1429 1520/1326/1446 1509/2202/2355
f 1520/2203/2356 1503/1303/1423 1509/1305/1425
f 1526/1336/1456 1513/1317/1437 1530/2204/2357
f 1513/2205/2358 1524/1330/1450 1530/1332/1452
f 1519/1327/1447 1529/2206/2359 1525/1333/1453
f 1529/1338/1458 1518/1324/1444 1526/1336/1456
f 1462/1258/1372 1523/2207/2360 1519/1327/1447
f 1523/1323/1443 1461/1255/1369 1517/1321/1441
f 1470/1269/1384 1527/1335/1455 1474/2208/2361
f 1527/2209/2362 1468/1263/1378 1474/1265/1380
f 19/1372/1490 43/1398/1522 67/1432/1554
f 5/1345/1465 8/1352/1472 2/1339/1459
f 83/1400/1564 2/1339/1459 80/1396/1559
f 76/1435/1557 52/1401/1525 28/1375/1493
f 11/1347/1467 14/1351/1471 8/1352/1472
f 17/1364/1476 20/1369/1487 14/1359/1471
f 23/1366/1484 26/1377/1495 20/1369/1487
f 29/1374/1492 32/2210/1503 26/1377/1495
f 35/1356/1500 38/1352/1512 32/1351/1503
f 41/1347/1507 44/1339/1511 38/1352/1512
f 47/1345/1516 50/1396/1519 44/1339/1511
f 50/1396/1519 59/1408/1532 56/1403/1527
f 59/1416/1532 62/1411/1535 56/1413/1527
f 65/1418/1540 68/1421/1543 62/1411/1535
f 71/1425/1547 74/1429/1551 68/1421/1543
f 74/1403/1551 83/1400/1564 80/1396/1559
f 163/1552/1673 103/1477/1602 127/1511/1634
f 89/1450/1577 92/1457/1584 86/1444/1571
f 164/1558/1671 89/1450/1577 86/1444/1571
f 100/1462/1589 160/1548/1669 136/1514/1637
f 95/1452/1579 98/1456/1583 92/1457/1584
f 101/1469/1588 104/1464/1591 98/1466/1583
f 107/1471/1596 110/1483/1608 104/1464/1591
f 113/1479/1604 116/1482/1607 110/1483/1608
f 119/1487/1612 122/1490/1615 116/1482/1607
f 122/1500/1615 131/1505/1628 128/1498/1623
f 131/1505/1628 134/1508/1631 128/1498/1623
f 137/1513/1636 140/1516/1639 134/1508/1631
f 143/1529/1644 146/1535/1656 140/1524/1639
f 149/1531/1652 152/1534/1655 146/1535/1656
f 155/1538/1659 158/1542/1663 152/1534/1655
f 158/1542/1663 167/1555/1676 164/1550/1671
f 247/1680/1792 187/1586/1705 211/1631/1746
f 173/1570/1689 176/1564/1683 170/1566/1685
f 251/1681/1788 170/1566/1685 248/1679/1783
f 184/1582/1701 244/1668/1781 220/1634/1749
f 176/1564/1683 185/1580/1699 182/1585/1704
f 185/1580/1699 188/1584/1703 182/1585/1704
f 191/2211/1708 194/1592/1711 188/1594/1703
f 197/1597/1715 200/1611/1728 194/1592/1711
f 200/1611/1728 209/1614/1731 206/1610/1727
f 206/1618/1727 215/1625/1740 212/1629/1744
f 212/1629/1744 221/1633/1748 218/1628/1743
f 221/1633/1748 224/1645/1760 218/1628/1743
f 224/1645/1760 233/1649/1764 230/1644/1759
f 233/2212/1764 236/1652/1767 230/1654/1759
f 239/1657/1771 242/1662/1775 236/1652/1767
f 245/1667/1780 248/1670/1783 242/1662/1775
f 319/1785/1890 331/1792/1897 271/1707/1818
f 257/1690/1801 260/1684/1795 254/1686/1797
f 335/1795/1900 254/2213/1797 332/1798/1903
f 268/1702/1813 328/1788/1893 304/1754/1861
f 260/1684/1795 269/1701/1812 266/1696/1807
f 266/1696/1807 275/1709/1820 272/1704/1815
f 275/1717/1820 278/1712/1823 272/1714/1815
f 278/1712/1823 287/1727/1836 284/1730/1839
f 287/1727/1836 290/1739/1848 284/1730/1839
f 293/1735/1844 296/1738/1847 290/1739/1848
f 299/1751/1851 302/1746/1855 296/1748/1847
f 302/1746/1855 311/1761/1868 308/1756/1863
f 311/1761/1868 314/1764/1871 308/1756/1863
f 317/1777/1875 320/1772/1879 314/1774/1871
f 323/1779/1884 326/1782/1887 320/1772/1879
f 329/1787/1892 332/1798/1903 326/1782/1887
f 379/55/55 337/1/1 351/19/19
f 346/16/16 352/22/22 339/7/7
f 373/49/49 338/4/4 367/43/43
f 358/28/28 372/46/46 386/64/64
f 359/31/31 380/58/58 353/25/25
f 381/61/61 374/52/52 366/40/40
f 435/123/127 393/73/73 407/89/91
f 402/86/88 408/92/94 395/79/79
f 429/117/121 394/76/76 423/111/115
f 414/89/100 428/114/118 442/123/136
f 415/99/103 436/126/130 409/95/97
f 443/134/139 422/108/112 437/129/133
f 467/1874/1981 491/1904/2014 503/1915/2029
f 450/1843/1951 459/1849/1958 456/1841/1951
f 507/1889/2024 450/1843/2027 504/1914/2027
f 500/1905/2017 476/1877/1984 464/1862/1969
f 459/1911/1958 462/1853/1962 456/1855/1962
f 465/1858/1966 468/1863/1970 462/1853/1970
f 468/1863/1978 477/1876/1983 474/1871/1978
f 477/1849/1983 480/1843/1986 474/1841/1986
f 480/1843/1994 489/1889/2000 486/1914/1994
f 489/1876/2000 492/1892/2003 486/1894/2003
f 495/1868/2007 498/1901/2011 492/1892/2011
f 498/1901/2019 507/1911/2024 504/1907/2019
f 523/156/163 537/173/181 509/140/145
f 518/153/160 524/159/166 511/146/151
f 539/179/187 516/149/154 510/143/148
f 530/165/172 544/173/190 558/190/208
f 531/167/175 552/193/202 525/162/169
f 553/196/205 546/187/196 538/176/184
f 607/254/271 565/207/217 579/224/235
f 574/222/232 580/227/238 567/213/223
f 601/249/265 566/210/220 595/245/259
f 586/224/244 600/239/262 614/254/280
f 587/234/247 608/257/274 581/230/241
f 609/260/277 602/2214/268 594/242/256
f 663/316/343 621/269/289 635/286/307
f 630/283/304 636/289/310 623/2215/295
f 657/310/337 622/272/292 651/2216/331
f 642/286/316 656/301/334 670/324/352
f 637/1944/313 672/329/358 664/319/346
f 671/326/355 650/304/328 665/2217/349
f 719/381/415 677/332/361 691/348/379
f 686/345/376 692/351/382 679/338/367
f 713/375/409 678/335/364 707/370/403
f 726/381/424 685/332/373 712/364/406
f 699/358/391 720/384/418 693/354/385
f 721/387/421 714/378/412 706/367/400
f 775/443/487 733/397/433 747/413/451
f 742/1966/448 748/416/454 735/2218/439
f 769/1981/481 734/400/436 763/1978/475
f 782/451/496 741/408/445 768/435/478
f 749/2219/457 784/456/502 776/446/490
f 783/1975/499 762/430/472 777/1973/493
f 803/474/523 817/490/541 789/458/505
f 791/464/511 812/487/538 804/477/526
f 825/500/553 790/461/508 819/496/547
f 810/474/532 824/490/550 838/506/568
f 811/484/535 832/509/562 805/480/529
f 833/512/565 826/503/556 818/493/544
f 859/537/595 873/551/613 845/522/577
f 854/535/592 860/1997/598 847/528/583
f 881/560/625 846/2011/580 875/557/619
f 866/537/604 880/551/622 894/573/640
f 861/543/601 896/2220/646 888/2001/634
f 889/571/637 882/2221/628 874/2005/616
f 915/597/667 929/615/685 943/633/703
f 909/592/661 916/600/670 903/587/655
f 965/660/733 902/2029/652 959/655/727
f 908/589/658 950/641/712 936/624/694
f 923/609/679 930/618/688 917/603/673
f 931/621/691 952/647/718 944/636/706
f 951/2222/715 958/652/724 945/2025/709
f 985/683/757 999/699/775 1013/715/793
f 979/677/751 986/686/760 973/671/745
f 1035/744/823 972/668/742 1029/738/817
f 1034/741/820 1020/724/802 1006/707/784
f 987/2039/763 1008/713/790 1000/702/778
f 1001/705/781 1022/2046/808 1014/718/796
f 1021/727/805 1028/735/814 1015/721/799
f 1055/766/847 1083/801/883 1097/818/901
f 1043/756/835 1064/2059/862 1056/769/850
f 1105/829/913 1042/2223/832 1099/824/907
f 1048/758/838 1104/826/910 1090/809/892
f 1063/778/859 1070/786/868 1057/772/853
f 1077/795/877 1084/804/886 1071/789/871
f 1091/812/895 1098/821/904 1085/2068/889
f 1139/868/955 1153/884/973 1167/900/991
f 1119/846/931 1126/855/940 1113/840/925
f 1169/906/997 1120/849/934 1112/837/922
f 1174/909/1000 1160/892/982 1146/876/964
f 1133/2224/949 1140/871/958 1127/2081/943
f 1147/879/967 1154/2225/976 1141/874/961
f 1161/895/985 1168/903/994 1155/890/979
f 1209/950/1045 1223/968/1063 1237/986/1081
f 1189/929/1021 1196/2226/1030 1183/924/1015
f 1245/2227/1093 1182/921/1012 1239/2116/1087
f 1244/994/1090 1230/977/1072 1216/959/1054
f 1203/945/1039 1210/953/1048 1197/940/1033
f 1217/962/1057 1224/971/1066 1211/956/1051
f 1231/980/1075 1238/989/1084 1225/974/1069
f 1265/1020/1117 1293/1054/1153 1307/1070/1171
f 1253/1008/1105 1274/1035/1132 1266/1023/1120
f 1315/1081/1183 1252/1005/1102 1309/1076/1177
f 1314/1078/1180 1300/1062/1162 1286/1046/1144
f 1267/1026/1123 1288/1052/1150 1280/1041/1138
f 1281/2131/1141 1302/1068/1168 1294/1057/1156
f 1301/1065/1165 1308/2136/1174 1295/1060/1159
f 1349/1118/1225 1363/1135/1243 1377/1153/1261
f 1329/2228/1201 1336/1105/1210 1323/2144/1195
f 1385/1165/1273 1322/1089/1192 1379/1159/1267
f 1384/1162/1270 1370/1144/1252 1356/1127/1234
f 1343/1113/1219 1350/1121/1228 1337/1108/1213
f 1357/1130/1237 1364/1138/1246 1351/1124/1231
f 1371/1147/1255 1378/1156/1264 1365/1141/1249
f 1405/1189/1297 1419/1207/1315 1433/1223/1333
f 1399/1183/1291 1406/1192/1300 1393/1177/1285
f 1455/1250/1363 1392/1174/1282 1449/1245/1357
f 1398/1180/1288 1454/1247/1360 1440/1231/1342
f 1413/1201/1309 1420/1210/1318 1407/1195/1303
f 1427/2176/1327 1434/1226/1336 1421/2175/1321
f 1441/1234/1345 1448/2229/1354 1435/1229/1339
f 1475/1271/1387 1503/1303/1423 1517/1321/1441
f 1469/2189/1381 1476/1274/1390 1463/2188/1375
f 1525/1333/1453 1462/1258/1372 1519/1327/1447
f 1524/1330/1450 1510/1312/1432 1496/1295/1414
f 1483/1282/1399 1490/2230/1408 1477/1277/1393
f 1497/1298/1417 1504/1306/1426 1491/1293/1411
f 1511/1315/1435 1518/1324/1444 1505/1309/1429
f 337/1/1 340/1822/1925 341/2/2
f 338/4/4 342/1805/1908 341/5/5
f 339/7/7 343/2231/2363 341/8/8
f 344/10/10 347/1825/1928 348/11/11
f 345/13/13 349/1807/1910 348/14/14
f 346/16/16 350/1806/1909 348/17/17
f 351/19/19 354/1804/1907 355/20/20
f 352/22/22 356/1810/1913 355/23/23
f 353/25/25 357/2232/2364 355/26/26
f 358/28/28 361/1812/1915 362/29/29
f 359/31/31 363/1809/1912 362/32/32
f 360/34/34 364/1808/1911 362/35/35
f 365/37/37 368/1816/1919 369/38/38
f 366/40/40 370/1821/1924 369/41/41
f 367/43/43 371/1823/1926 369/44/44
f 372/46/46 375/1824/1927 376/47/47
f 373/49/49 377/1820/1923 376/50/50
f 374/52/52 378/1819/1922 376/53/53
f 379/55/55 382/1811/1914 383/56/56
f 380/58/58 384/1815/1918 383/59/59
f 381/61/61 385/1817/1920 383/62/62
f 386/64/64 389/1818/1921 390/65/65
f 387/67/67 391/1814/1917 390/68/68
f 388/70/70 392/1813/1916 390/71/71
f 393/73/73 396/85/1947 397/74/74
f 394/76/76 398/1827/1931 397/77/77
f 395/79/79 399/1826/1930 397/80/80
f 400/82/82 403/1840/1950 404/83/83
f 401/73/85 405/75/1933 404/74/86
f 402/86/88 406/1828/1932 404/87/89
f 407/89/91 410/98/1929 411/90/92
f 408/92/94 412/1831/1936 411/93/95
f 409/95/97 413/1833/1938 411/96/98
f 414/89/100 417/91/1939 418/90/101
f 415/99/103 419/1830/1935 418/100/104
f 416/102/106 420/1829/1934 418/103/107
f 421/105/109 424/116/1942 425/106/110
f 422/108/112 426/2233/2365 425/109/113
f 423/111/115 427/1839/1948 425/112/116
f 428/114/118 431/107/1949 432/115/119
f 429/117/121 433/1838/1946 432/118/122
f 430/120/124 434/1837/1945 432/121/125
f 435/123/127 438/1832/1937 439/124/128
f 436/126/130 440/2234/2366 439/127/131
f 437/129/133 441/1836/1943 439/130/134
f 442/123/136 445/125/1944 446/132/137
f 443/134/139 447/1835/1941 446/135/140
f 444/137/142 448/1834/1940 446/138/143
f 509/140/145 512/152/2048 513/141/146
f 510/143/148 514/1917/2033 513/144/149
f 511/146/151 515/2235/2367 513/147/152
f 516/149/154 519/1930/2051 520/150/155
f 517/140/157 521/142/2034 520/141/158
f 518/153/160 522/2236/2368 520/154/161
f 523/156/163 526/166/2032 527/157/164
f 524/159/166 528/1920/2037 527/160/167
f 525/162/169 529/2237/2369 527/163/170
f 530/165/172 533/158/2039 534/157/173
f 531/167/175 535/1919/2036 534/168/176
f 532/170/178 536/1918/2035 534/171/179
f 537/173/181 540/1924/2043 541/174/182
f 538/176/184 542/1927/2047 541/177/185
f 539/179/187 543/1928/2049 541/180/188
f 544/173/190 547/1929/2050 548/182/191
f 545/184/193 549/1926/2046 548/185/194
f 546/187/196 550/2238/2370 548/188/197
f 551/190/199 554/200/2038 555/191/200
f 552/193/202 556/1923/2042 555/194/203
f 553/196/205 557/1925/2044 555/197/206
f 558/190/208 561/192/2045 562/199/209
f 559/201/211 563/1922/2041 562/202/212
f 560/204/214 564/1921/2040 562/205/215
f 565/207/217 568/221/2071 569/208/218
f 566/1933/220 570/215/2054 569/214/221
f 567/213/223 571/1932/2053 569/214/224
f 572/2239/226 575/1939/2073 576/2240/227
f 573/219/229 577/209/2056 576/220/230
f 574/222/232 578/218/2055 576/217/233
f 579/224/235 582/1931/2052 583/225/236
f 580/2241/238 584/232/2059 583/231/239
f 581/230/241 585/2242/2371 583/231/242
f 586/224/244 589/1935/2061 590/225/245
f 587/234/247 591/238/2058 590/235/248
f 588/2243/250 592/1934/2057 590/2244/251
f 593/239/253 596/248/2065 597/240/254
f 594/2245/256 598/247/2070 597/246/257
f 595/245/259 599/2246/2372 597/246/260
f 600/239/262 603/241/2072 604/240/263
f 601/249/265 605/253/2069 604/250/266
f 602/2214/268 606/1938/2068 604/2247/269
f 607/254/271 610/263/2060 611/255/272
f 608/2248/274 612/262/2064 611/261/275
f 609/260/277 613/1937/2066 611/261/278
f 614/254/280 617/256/2067 618/255/281
f 615/264/283 619/268/2063 618/265/284
f 616/2249/286 620/1936/2062 618/2250/287
f 621/269/289 624/282/2091 625/270/290
f 622/272/292 626/276/2076 625/273/293
f 623/2215/295 627/1940/2075 625/2251/296
f 628/277/298 631/1951/2094 632/278/299
f 629/280/301 633/1941/2078 632/281/302
f 630/2252/304 634/279/2077 632/278/305
f 635/286/307 638/294/2074 639/287/308
f 636/289/310 640/293/2373 639/290/311
f 637/1944/313 641/2253/2374 639/2254/314
f 642/286/316 645/288/2082 646/287/317
f 643/1943/319 647/300/2080 646/299/320
f 644/298/322 648/1942/2079 646/299/323
f 649/301/325 652/309/2085 653/302/326
f 650/304/328 654/308/2090 653/305/329
f 651/2216/331 655/1950/2092 653/2255/332
f 656/301/334 659/303/2093 660/302/335
f 657/1949/337 661/315/2089 660/314/338
f 658/313/340 662/1948/2088 660/314/341
f 663/316/343 666/325/2081 667/317/344
f 664/319/346 668/323/2375 667/320/347
f 665/2217/349 669/1947/2086 667/2256/350
f 670/324/352 673/318/2087 674/317/353
f 671/1946/355 675/331/2084 674/330/356
f 672/329/358 676/1945/2083 674/330/359
f 677/332/361 680/344/2112 681/333/362
f 678/335/364 682/1952/2096 681/336/365
f 679/338/367 683/2257/2376 681/339/368
f 684/341/370 687/2258/2377 688/342/371
f 685/332/373 689/334/2098 688/333/374
f 686/345/376 690/1953/2097 688/346/377
f 691/348/379 694/357/2095 695/349/380
f 692/351/382 696/1956/2101 695/352/383
f 693/354/385 697/2259/2378 695/355/386
f 698/348/388 701/350/2103 702/349/389
f 699/358/391 703/1955/2100 702/359/392
f 700/361/394 704/1954/2099 702/362/395
f 705/364/397 708/374/2106 709/365/398
f 706/367/400 710/1962/2111 709/368/401
f 707/370/403 711/2260/2379 709/371/404
f 712/364/406 715/366/2113 716/373/407
f 713/375/409 717/1961/2110 716/376/410
f 714/378/412 718/1960/2109 716/379/413
f 719/381/415 722/390/2102 723/382/416
f 720/384/418 724/2261/2380 723/385/419
f 721/387/421 725/1959/2107 723/388/422
f 726/381/424 729/383/2108 730/382/425
f 727/391/427 731/1958/2105 730/392/428
f 728/394/430 732/1957/2104 730/395/431
f 733/397/433 736/1977/2132 737/398/434
f 734/400/436 738/404/2116 737/401/437
f 735/403/439 739/2262/2115 737/401/440
f 740/405/442 743/2263/2381 744/406/443
f 741/408/445 745/1964/2118 744/409/446
f 742/411/448 746/407/2117 744/406/449
f 747/413/451 750/421/2114 751/414/452
f 748/416/454 752/420/2382 751/417/455
f 749/419/457 753/2264/2122 751/417/458
f 754/413/460 757/415/2123 758/414/461
f 755/422/463 759/426/2120 758/423/464
f 756/425/466 760/1965/2119 758/423/467
f 761/427/469 764/1972/2127 765/428/470
f 762/430/472 766/434/2131 765/431/473
f 763/433/475 767/2265/2383 765/431/476
f 768/435/478 771/1979/2133 772/436/479
f 769/438/481 773/442/2130 772/439/482
f 770/441/484 774/1974/2129 772/439/485
f 775/443/487 778/452/2121 779/444/488
f 776/446/490 780/450/2126 779/447/491
f 777/449/493 781/2266/2384 779/447/494
f 782/451/496 785/445/2128 786/444/497
f 783/453/499 787/457/2125 786/454/500
f 784/456/502 788/1969/2124 786/454/503
f 789/458/505 792/1993/2151 793/459/506
f 790/461/508 794/1983/2136 793/462/509
f 791/464/511 795/1982/2135 793/465/512
f 796/467/514 799/2267/2385 800/468/515
f 797/458/517 801/460/2137 800/459/518
f 798/471/520 802/2268/2386 800/472/521
f 803/474/523 806/483/2134 807/475/524
f 804/477/526 808/1986/2140 807/478/527
f 805/480/529 809/1987/2142 807/481/530
f 810/474/532 813/476/2143 814/475/533
f 811/484/535 815/1985/2139 814/485/536
f 812/487/538 816/1984/2138 814/488/539
f 817/490/541 820/499/2146 821/491/542
f 818/493/544 822/1992/2150 821/494/545
f 819/496/547 823/1994/2152 821/497/548
f 824/490/550 827/492/2153 828/491/551
f 825/500/553 829/1991/2149 828/501/554
f 826/503/556 830/2269/2387 828/504/557
f 831/506/559 834/515/2141 835/507/560
f 832/509/562 836/1989/2145 835/510/563
f 833/512/565 837/1990/2147 835/513/566
f 838/506/568 841/508/2148 842/507/569
f 839/516/571 843/1988/2144 842/517/572
f 840/519/574 844/2270/2388 842/520/575
f 845/522/577 848/2009/2169 849/523/578
f 846/525/580 850/529/2155 849/526/581
f 847/528/583 851/2271/2389 849/526/584
f 852/530/586 855/2272/2172 856/531/587
f 853/533/589 857/1998/2156 856/523/590
f 854/535/592 858/532/2390 856/531/593
f 859/537/595 862/1995/2154 863/538/596
f 860/540/598 864/544/2391 863/541/599
f 861/543/601 865/2273/2392 863/541/602
f 866/537/604 869/2002/2159 870/538/605
f 867/546/607 871/550/2157 870/547/608
f 868/549/610 872/2274/2393 870/547/611
f 873/551/613 876/559/2163 877/552/614
f 874/554/616 878/558/2168 877/555/617
f 875/557/619 879/2010/2170 877/555/620
f 880/551/622 883/553/2171 884/552/623
f 881/560/625 885/564/2167 884/561/626
f 882/563/628 886/2275/2166 884/561/629
f 887/565/631 890/575/2158 891/566/632
f 888/568/634 892/572/2162 891/569/635
f 889/571/637 893/2004/2164 891/569/638
f 894/573/640 897/2007/2165 898/574/641
f 895/576/643 899/580/2161 898/577/644
f 896/579/646 900/2276/2160 898/577/647
f 901/581/649 904/2031/2191 905/582/650
f 902/584/652 906/588/2176 905/585/653
f 903/587/655 907/2014/2173 905/585/656
f 908/589/658 911/2016/2175 912/590/659
f 909/592/661 913/596/2177 912/593/662
f 910/595/664 914/2277/2192 912/593/665
f 915/597/667 918/2278/2394 919/598/668
f 916/600/670 920/2279/2395 919/601/671
f 917/603/673 921/2018/2179 919/604/674
f 922/606/676 925/2280/2396 926/607/677
f 923/609/679 927/2017/2178 926/610/680
f 924/612/682 928/2015/2174 926/613/683
f 929/615/685 932/2019/2180 933/616/686
f 930/618/688 934/2281/2397 933/619/689
f 931/621/691 935/2022/2183 933/622/692
f 936/624/694 939/2282/2398 940/625/695
f 937/627/697 941/2021/2182 940/628/698
f 938/630/700 942/2020/2181 940/631/701
f 943/633/703 946/2283/2399 947/634/704
f 944/636/706 948/640/2400 947/637/707
f 945/639/709 949/2284/2186 947/637/710
f 950/641/712 953/2028/2188 954/642/713
f 951/644/715 955/648/2185 954/645/716
f 952/647/718 956/2023/2184 954/645/719
f 957/649/721 960/2285/2401 961/650/722
f 958/652/724 962/656/2402 961/653/725
f 959/655/727 963/2030/2190 961/653/728
f 964/657/730 967/2286/2403 968/658/731
f 965/660/733 969/664/2189 968/661/734
f 966/663/736 970/2027/2187 968/661/737
f 971/665/739 974/2054/2212 975/666/740
f 972/668/742 976/2036/2195 975/669/743
f 973/671/745 977/2034/2193 975/672/746
f 978/674/748 981/2287/2404 982/675/749
f 979/677/751 983/2037/2196 982/678/752
f 980/680/754 984/2055/2213 982/681/755
f 985/683/757 988/2288/2405 989/684/758
f 986/686/760 990/690/2406 989/687/761
f 987/689/763 991/2289/2198 989/687/764
f 992/691/766 995/2290/2407 996/692/767
f 993/694/769 997/698/2197 996/695/770
f 994/697/772 998/2035/2194 996/695/773
f 999/699/775 1002/2040/2199 1003/700/776
f 1000/702/778 1004/706/2408 1003/703/779
f 1001/705/781 1005/2043/2202 1003/703/782
f 1006/707/784 1009/2047/2205 1010/708/785
f 1007/710/787 1011/714/2201 1010/711/788
f 1008/713/790 1012/2042/2200 1010/711/791
f 1013/715/793 1016/2044/2203 1017/716/794
f 1014/2048/796 1018/723/2409 1017/722/797
f 1015/721/799 1019/2049/2207 1017/722/800
f 1020/724/802 1023/2291/2410 1024/725/803
f 1021/727/805 1025/731/2206 1024/728/806
f 1022/730/808 1026/2292/2204 1024/728/809
f 1027/732/811 1030/2050/2208 1031/733/812
f 1028/735/814 1032/2293/2411 1031/736/815
f 1029/738/817 1033/2053/2211 1031/739/818
f 1034/741/820 1037/2056/2214 1038/742/821
f 1035/744/823 1039/2052/2210 1038/745/824
f 1036/747/826 1040/2051/2209 1038/748/827
f 1041/750/829 1044/2074/2232 1045/751/830
f 1042/753/832 1046/757/2217 1045/754/833
f 1043/756/835 1047/2057/2215 1045/754/836
f 1048/758/838 1051/2294/2412 1052/759/839
f 1049/761/841 1053/765/2218 1052/762/842
f 1050/764/844 1054/2295/2233 1052/762/845
f 1055/766/847 1058/2296/2413 1059/767/848
f 1056/769/850 1060/2297/2414 1059/770/851
f 1057/772/853 1061/2061/2220 1059/773/854
f 1062/775/856 1065/2298/2415 1066/776/857
f 1063/778/859 1067/782/2219 1066/779/860
f 1064/2059/862 1068/2058/2216 1066/2299/863
f 1069/783/865 1072/2300/2416 1073/784/866
f 1070/786/868 1074/2301/2417 1073/787/869
f 1071/789/871 1075/2064/2223 1073/790/872
f 1076/792/874 1079/2066/2225 1080/793/875
f 1077/795/877 1081/2063/2222 1080/796/878
f 1078/798/880 1082/2062/2221 1080/799/881
f 1083/801/883 1086/2302/2418 1087/802/884
f 1084/804/886 1088/808/2419 1087/805/887
f 1085/2068/889 1089/2069/2227 1087/2303/890
f 1090/809/892 1093/2071/2229 1094/810/893
f 1091/2067/895 1095/817/2226 1094/816/896
f 1092/815/898 1096/2065/2224 1094/816/899
f 1097/818/901 1100/2304/2420 1101/819/902
f 1098/821/904 1102/825/2421 1101/822/905
f 1099/824/907 1103/2073/2231 1101/822/908
f 1104/826/910 1107/2305/2422 1108/827/911
f 1105/829/913 1109/833/2230 1108/830/914
f 1106/832/916 1110/2070/2228 1108/830/917
f 1111/834/919 1114/2097/2253 1115/835/920
f 1112/837/922 1116/2079/2236 1115/838/923
f 1113/840/925 1117/2077/2234 1115/841/926
f 1118/843/928 1121/2306/2423 1122/844/929
f 1119/846/931 1123/2080/2237 1122/847/932
f 1120/849/934 1124/2098/2254 1122/850/935
f 1125/852/937 1128/2307/2424 1129/853/938
f 1126/855/940 1130/859/2425 1129/856/941
f 1127/858/943 1131/2308/2239 1129/856/944
f 1132/860/946 1135/2085/2241 1136/861/947
f 1133/863/949 1137/867/2238 1136/864/950
f 1134/866/952 1138/2078/2235 1136/864/953
f 1139/868/955 1142/2309/2426 1143/869/956
f 1140/871/958 1144/875/2427 1143/872/959
f 1141/874/961 1145/2087/2243 1143/872/962
f 1146/876/964 1149/2310/2428 1150/877/965
f 1147/879/967 1151/883/2242 1150/880/968
f 1148/882/970 1152/2084/2240 1150/880/971
f 1153/884/973 1156/2088/2244 1157/885/974
f 1154/887/976 1158/891/2429 1157/888/977
f 1155/890/979 1159/2091/2247 1157/888/980
f 1160/892/982 1163/2094/2250 1164/893/983
f 1161/895/985 1165/899/2246 1164/896/986
f 1162/898/988 1166/2311/2245 1164/896/989
f 1167/900/991 1170/2092/2248 1171/901/992
f 1168/903/994 1172/2312/2430 1171/904/995
f 1169/906/997 1173/2096/2252 1171/907/998
f 1174/909/1000 1177/2099/2255 1178/910/1001
f 1175/912/1003 1179/2095/2251 1178/913/1004
f 1176/915/1006 1180/2093/2249 1178/916/1007
f 1181/918/1009 1184/2118/2275 1185/919/1010
f 1182/921/1012 1186/925/2258 1185/922/1013
f 1183/924/1015 1187/2101/2256 1185/922/1016
f 1188/926/1018 1191/2313/2431 1192/927/1019
f 1189/929/1021 1193/933/2259 1192/930/1022
f 1190/932/1024 1194/2120/2276 1192/930/1025
f 1195/934/1027 1198/2314/2432 1199/935/1028
f 1196/937/1030 1200/941/2433 1199/938/1031
f 1197/940/1033 1201/2104/2261 1199/938/1034
f 1202/942/1036 1205/2315/2434 1206/943/1037
f 1203/945/1039 1207/949/2260 1206/946/1040
f 1204/948/1042 1208/2316/2257 1206/946/1043
f 1209/950/1045 1212/2105/2262 1213/951/1046
f 1210/953/1048 1214/2317/2435 1213/954/1049
f 1211/956/1051 1215/2108/2265 1213/957/1052
f 1216/959/1054 1219/2111/2268 1220/960/1055
f 1217/962/1057 1221/2107/2264 1220/963/1058
f 1218/965/1060 1222/2106/2263 1220/966/1061
f 1223/968/1063 1226/2109/2266 1227/969/1064
f 1224/971/1066 1228/2318/2436 1227/972/1067
f 1225/974/1069 1229/2113/2270 1227/975/1070
f 1230/977/1072 1233/2115/2272 1234/978/1073
f 1231/980/1075 1235/2112/2269 1234/981/1076
f 1232/983/1078 1236/2110/2267 1234/984/1079
f 1237/986/1081 1240/2319/2437 1241/987/1082
f 1238/989/1084 1242/993/2438 1241/990/1085
f 1239/992/1087 1243/2320/2274 1241/990/1088
f 1244/994/1090 1247/2121/2277 1248/995/1091
f 1245/997/1093 1249/1001/2273 1248/998/1094
f 1246/1000/1096 1250/2114/2271 1248/998/1097
f 1251/1002/1099 1254/2141/2296 1255/1003/1100
f 1252/1005/1102 1256/2125/2281 1255/1006/1103
f 1253/1008/1105 1257/2122/2278 1255/1009/1106
f 1258/1011/1108 1261/2321/2439 1262/1012/1109
f 1259/1014/1111 1263/2126/2282 1262/1015/1112
f 1260/1017/1114 1264/2142/2297 1262/1018/1115
f 1265/1020/1117 1268/2123/2279 1269/1021/1118
f 1266/1023/1120 1270/2322/2440 1269/1024/1121
f 1267/1026/1123 1271/2128/2284 1269/1027/1124
f 1272/1029/1126 1275/2130/2286 1276/1030/1127
f 1273/1032/1129 1277/2127/2283 1276/1033/1130
f 1274/1035/1132 1278/2124/2280 1276/1036/1133
f 1279/1038/1135 1282/2323/2441 1283/1039/1136
f 1280/1041/1138 1284/1045/2442 1283/1042/1139
f 1281/1044/1141 1285/2324/2288 1283/1042/1142
f 1286/1046/1144 1289/2325/2443 1290/1047/1145
f 1287/1049/1147 1291/1053/2287 1290/1050/1148
f 1288/1052/1150 1292/2129/2285 1290/1050/1151
f 1293/1054/1153 1296/2133/2289 1297/1055/1154
f 1294/1057/1156 1298/1061/2444 1297/1058/1157
f 1295/1060/1159 1299/2137/2292 1297/1058/1160
f 1300/1062/1162 1303/2326/2445 1304/1063/1163
f 1301/1065/1165 1305/1069/2291 1304/1066/1166
f 1302/1068/1168 1306/2135/2290 1304/1066/1169
f 1307/1070/1171 1310/2327/2446 1311/1071/1172
f 1308/1073/1174 1312/1077/2447 1311/1074/1175
f 1309/1076/1177 1313/2140/2295 1311/1074/1178
f 1314/1078/1180 1317/2328/2448 1318/1079/1181
f 1315/1081/1183 1319/1085/2294 1318/1082/1184
f 1316/2139/1186 1320/2138/2293 1318/2329/1187
f 1321/1086/1189 1324/2161/2315 1325/1087/1190
f 1322/1089/1192 1326/1093/2300 1325/1090/1193
f 1323/1092/1195 1327/2330/2298 1325/1090/1196
f 1328/1094/1198 1331/2331/2449 1332/1095/1199
f 1329/1097/1201 1333/1101/2301 1332/1098/1202
f 1330/1100/1204 1334/2162/2316 1332/1098/1205
f 1335/1102/1207 1338/2332/2450 1339/1103/1208
f 1336/1105/1210 1340/1109/2451 1339/1106/1211
f 1337/1108/1213 1341/2147/2303 1339/1106/1214
f 1342/1110/1216 1345/2151/2306 1346/1111/1217
f 1343/1113/1219 1347/1117/2302 1346/1114/1220
f 1344/1116/1222 1348/2146/2299 1346/1114/1223
f 1349/1118/1225 1352/2148/2304 1353/1119/1226
f 1350/2152/1228 1354/1126/2452 1353/1125/1229
f 1351/1124/1231 1355/2153/2308 1353/1125/1232
f 1356/1127/1234 1359/2333/2453 1360/1128/1235
f 1357/1130/1237 1361/1134/2307 1360/1131/1238
f 1358/2150/1240 1362/2149/2305 1360/2334/1241
f 1363/1135/1243 1366/2335/2454 1367/1136/1244
f 1364/1138/1246 1368/2336/2455 1367/1139/1247
f 1365/1141/1249 1369/2156/2311 1367/1142/1250
f 1370/1144/1252 1373/2337/2456 1374/1145/1253
f 1371/1147/1255 1375/2155/2310 1374/1148/1256
f 1372/1150/1258 1376/2154/2309 1374/1151/1259
f 1377/1153/1261 1380/2338/2457 1381/1154/1262
f 1378/1156/1264 1382/2339/2458 1381/1157/1265
f 1379/1159/1267 1383/2160/2314 1381/1160/1268
f 1384/1162/1270 1387/2163/2317 1388/1163/1271
f 1385/2159/1273 1389/1170/2313 1388/1169/1274
f 1386/1168/1276 1390/2157/2312 1388/1169/1277
f 1391/1171/1279 1394/2184/2337 1395/1172/1280
f 1392/1174/1282 1396/2167/2321 1395/1175/1283
f 1393/1177/1285 1397/2164/2318 1395/1178/1286
f 1398/1180/1288 1401/2166/2320 1402/1181/1289
f 1399/1183/1291 1403/2168/2322 1402/1184/1292
f 1400/1186/1294 1404/2185/2338 1402/1187/1295
f 1405/1189/1297 1408/2340/2459 1409/1190/1298
f 1406/1192/1300 1410/2341/2460 1409/1193/1301
f 1407/1195/1303 1411/2170/2324 1409/1196/1304
f 1412/1198/1306 1415/2173/2327 1416/1199/1307
f 1413/1201/1309 1417/2169/2323 1416/1202/1310
f 1414/1204/1312 1418/2165/2319 1416/1205/1313
f 1419/1207/1315 1422/2171/2325 1423/1208/1316
f 1420/1210/1318 1424/1214/2461 1423/1211/1319
f 1421/2175/1321 1425/2174/2329 1423/2342/1322
f 1426/1215/1324 1429/2343/2462 1430/1216/1325
f 1427/1218/1327 1431/1222/2328 1430/1219/1328
f 1428/1221/1330 1432/2172/2326 1430/1219/1331
f 1433/1223/1333 1436/2344/2463 1437/1224/1334
f 1434/1226/1336 1438/1230/2464 1437/1227/1337
f 1435/1229/1339 1439/2179/2332 1437/1227/1340
f 1440/1231/1342 1443/2182/2334 1444/1232/1343
f 1441/1234/1345 1445/1238/2331 1444/1235/1346
f 1442/1237/1348 1446/2177/2330 1444/1235/1349
f 1447/1239/1351 1450/2345/2465 1451/1240/1352
f 1448/1242/1354 1452/1246/2466 1451/1243/1355
f 1449/1245/1357 1453/2183/2336 1451/1243/1358
f 1454/1247/1360 1457/2186/2339 1458/1248/1361
f 1455/1250/1363 1459/1254/2335 1458/1251/1364
f 1456/1253/1366 1460/2346/2333 1458/1251/1367
f 1461/1255/1369 1464/2347/2467 1465/1256/1370
f 1462/1258/1372 1466/1262/2342 1465/1259/1373
f 1463/1261/1375 1467/2348/2340 1465/1259/1376
f 1468/1263/1378 1471/2349/2468 1472/1264/1379
f 1469/1266/1381 1473/1270/2343 1472/1267/1382
f 1470/1269/1384 1474/2208/2361 1472/1267/1385
f 1475/1271/1387 1478/2350/2469 1479/1272/1388
f 1476/1274/1390 1480/1278/2470 1479/1275/1391
f 1477/1277/1393 1481/2192/2345 1479/1275/1394
f 1482/1279/1396 1485/2196/2348 1486/1280/1397
f 1483/1282/1399 1487/1286/2344 1486/1283/1400
f 1484/1285/1402 1488/2190/2341 1486/1283/1403
f 1489/1287/1405 1492/2193/2346 1493/1288/1406
f 1490/1290/1408 1494/1294/2471 1493/1291/1409
f 1491/1293/1411 1495/2197/2350 1493/1291/1412
f 1496/1295/1414 1499/2200/2353 1500/1296/1415
f 1497/1298/1417 1501/1302/2349 1500/1299/1418
f 1498/1301/1420 1502/2351/2347 1500/1299/1421
f 1503/1303/1423 1506/2198/2351 1507/1304/1424
f 1504/1306/1426 1508/2352/2472 1507/1307/1427
f 1505/1309/1429 1509/2202/2355 1507/1310/1430
f 1510/1312/1432 1513/2205/2358 1514/1313/1433
f 1511/1315/1435 1515/2201/2354 1514/1316/1436
f 1512/1318/1438 1516/2199/2352 1514/1319/1439
f 1517/1321/1441 1520/2203/2356 1521/1322/1442
f 1518/1324/1444 1522/2353/2473 1521/1325/1445
f 1519/1327/1447 1523/2207/2360 1521/1328/1448
f 1524/1330/1450 1527/2209/2362 1528/1331/1451
f 1525/1333/1453 1529/2206/2359 1528/1334/1454
f 1526/1336/1456 1530/2204/2357 1528/1337/1457
f 2/1339/1459 8/1352/1472 9/1340/1460
f 3/1342/1462 9/1353/1473 7/1343/1463
f 5/1345/1465 6/1393/1569 12/1346/1466
f 6/1348/1468 4/1443/1570 10/1349/1469
f 14/1351/1471 15/1386/1480 9/1340/1460
f 9/1353/1473 15/1363/1482 13/1354/1474
f 11/1347/1467 12/1346/1466 18/1355/1475
f 12/1350/1470 10/1349/1469 16/1357/1477
f 14/1359/1471 20/1369/1487 21/1360/1479
f 21/1362/1481 19/1372/1490 13/1354/1474
f 17/1364/1476 18/2354/1475 24/1365/1483
f 24/1367/1485 18/1358/1478 16/1357/1477
f 20/1369/1487 26/1377/1495 27/1370/1488
f 27/1371/1489 25/1380/1498 19/1372/1490
f 23/1366/1484 24/1365/1483 30/1373/1491
f 24/1367/1485 22/1368/1486 28/1375/1493
f 26/1377/1495 32/2210/1503 33/1378/1496
f 33/1379/1497 31/1388/1506 25/1380/1498
f 29/1374/1492 30/1373/1491 36/1381/1499
f 30/1376/1494 28/1375/1493 34/1383/1501
f 32/1351/1503 38/1352/1512 39/1385/1504
f 39/1387/1505 37/1392/1514 31/1388/1506
f 41/1347/1507 35/1356/1500 36/1355/1499
f 42/1389/1509 36/1384/1502 34/1383/1501
f 44/1339/1511 45/1341/1520 39/1385/1504
f 45/1391/1513 43/1398/1522 37/1392/1514
f 41/1347/1507 42/1346/1508 48/1393/1515
f 42/1389/1509 40/1390/1510 46/1394/1517
f 50/1396/1519 51/1404/1528 45/1341/1520
f 51/1397/1521 49/1406/1530 43/1398/1522
f 47/1345/1516 48/1393/1515 54/1399/1523
f 48/1395/1518 46/1394/1517 52/1401/1525
f 56/1403/1527 57/1437/1536 51/1404/1528
f 57/1405/1529 55/1415/1538 49/1406/1530
f 53/1400/1524 54/1399/1523 60/1407/1531
f 54/1402/1526 52/1401/1525 58/1409/1533
f 62/1411/1535 63/1422/1544 57/1412/1536
f 63/1414/1537 61/1424/1546 55/1415/1538
f 59/1416/1532 60/2355/1531 66/1417/1539
f 60/1410/1534 58/1409/1533 64/1419/1541
f 68/1421/1543 69/1430/1552 63/1422/1544
f 69/1423/1545 67/1432/1554 61/1424/1546
f 71/1425/1547 65/1418/1540 66/1417/1539
f 66/1420/1542 64/1419/1541 70/1427/1549
f 74/1429/1551 75/2356/1560 69/1430/1552
f 75/1431/1553 73/1439/1562 67/1432/1554
f 77/1433/1555 71/1425/1547 72/1426/1548
f 72/1428/1550 70/1427/1549 76/1435/1557
f 80/1396/1559 81/1404/1567 75/1437/1560
f 75/1431/1553 81/1442/1568 79/1438/1561
f 77/1408/1555 78/1407/1556 84/1399/1563
f 78/1436/1558 76/1435/1557 82/1440/1565
f 80/1396/1559 2/1339/1459 3/1341/1461
f 81/1442/1568 3/1342/1462 1/1344/1464
f 5/1345/1465 83/1400/1564 84/1399/1563
f 84/1441/1566 82/1440/1565 4/1443/1570
f 86/1444/1571 92/1457/1584 93/1445/1572
f 93/1447/1574 91/1459/1586 85/1448/1575
f 89/1450/1577 90/1562/1681 96/1451/1578
f 96/1453/1580 90/1563/1682 88/1454/1581
f 98/1456/1583 99/2357/1592 93/1445/1572
f 99/1458/1585 97/1468/1594 91/1459/1586
f 95/1452/1579 96/1451/1578 102/1460/1587
f 96/1453/1580 94/1455/1582 100/1462/1589
f 104/1464/1591 105/1475/1600 99/1465/1592
f 105/1467/1593 103/1477/1602 97/1468/1594
f 101/1469/1588 102/2358/1587 108/1470/1595
f 102/1463/1590 100/1462/1589 106/1472/1597
f 104/1464/1591 110/1483/1608 111/1474/1599
f 111/1476/1601 109/1485/1610 103/1477/1602
f 107/1471/1596 108/1470/1595 114/1478/1603
f 108/1473/1598 106/1472/1597 112/1480/1605
f 116/1482/1607 117/1491/1616 111/1474/1599
f 117/1484/1609 115/1493/1618 109/1485/1610
f 113/1479/1604 114/1478/1603 120/1486/1611
f 120/1488/1613 114/1481/1606 112/1480/1605
f 122/1490/1615 123/2359/1624 117/1491/1616
f 123/1492/1617 121/1502/1626 115/1493/1618
f 119/1487/1612 120/1486/1611 126/1494/1619
f 126/1496/1621 120/1488/1613 118/1489/1614
f 128/1498/1623 129/1509/1632 123/1499/1624
f 129/1501/1625 127/1511/1634 121/1502/1626
f 125/1503/1620 126/2360/1619 132/1504/1627
f 132/1506/1629 126/1496/1621 124/1497/1622
f 134/1508/1631 135/1517/1640 129/1509/1632
f 129/1501/1625 135/1519/1642 133/1510/1633
f 131/1505/1628 132/1504/1627 138/1512/1635
f 132/1506/1629 130/1507/1630 136/1514/1637
f 140/1516/1639 141/2361/1648 135/1517/1640
f 141/1518/1641 139/1528/1650 133/1510/1633
f 137/1513/1636 138/1512/1635 144/1520/1643
f 138/1515/1638 136/1514/1637 142/1522/1645
f 140/1524/1639 146/1535/1656 147/1525/1647
f 141/1518/1641 147/1536/1657 145/1527/1649
f 143/1529/1644 144/2362/1643 150/1530/1651
f 144/1523/1646 142/1522/1645 148/1532/1653
f 152/1534/1655 153/1543/1664 147/1525/1647
f 147/1536/1657 153/1545/1666 151/1537/1658
f 155/1538/1659 149/1531/1652 150/1530/1651
f 156/1540/1661 150/1533/1654 148/1532/1653
f 158/1542/1663 159/1551/1672 153/1543/1664
f 159/1544/1665 157/1553/1674 151/1537/1658
f 155/1538/1659 156/1539/1660 162/1546/1667
f 156/1540/1661 154/1541/1662 160/1548/1669
f 164/1550/1671 165/2363/1679 159/1551/1672
f 159/1544/1665 165/1560/1680 163/1552/1673
f 161/1547/1668 162/1546/1667 168/1554/1675
f 168/1556/1677 162/1549/1670 160/1548/1669
f 164/1558/1671 86/1444/1571 87/1446/1573
f 165/1560/1680 87/1449/1576 85/1448/1575
f 167/1561/1676 168/2364/1675 90/1562/1681
f 90/1563/1682 168/1556/1677 166/1557/1678
f 176/1564/1683 177/1577/1696 171/1565/1684
f 171/1567/1686 177/1579/1698 175/1568/1687
f 173/1570/1689 174/1682/1793 180/1571/1690
f 174/1573/1692 172/1683/1794 178/1574/1693
f 176/1564/1683 182/1585/1704 183/1576/1695
f 183/1578/1697 181/1587/1706 175/1568/1687
f 185/1580/1699 179/1572/1691 180/1571/1690
f 180/1575/1694 178/1574/1693 184/1582/1701
f 188/1584/1703 189/2365/1712 183/1576/1695
f 183/1578/1697 189/1595/1713 187/1586/1705
f 185/1580/1699 186/1581/1700 192/1588/1707
f 186/1583/1702 184/1582/1701 190/1590/1709
f 194/1592/1711 195/1603/1720 189/1593/1712
f 189/1595/1713 195/1605/1722 193/1596/1714
f 197/1597/1715 191/2211/1708 192/1598/1707
f 192/1591/1710 190/1590/1709 196/1600/1717
f 194/1592/1711 200/1611/1728 201/1602/1719
f 201/1604/1721 199/1613/1730 193/1596/1714
f 197/1597/1715 198/1599/1716 204/1606/1723
f 198/1601/1718 196/1600/1717 202/1608/1725
f 206/1610/1727 207/2366/1736 201/1602/1719
f 207/1612/1729 205/1622/1738 199/1613/1730
f 209/1614/1731 203/1607/1724 204/1606/1723
f 204/1609/1726 202/1608/1725 208/1616/1733
f 206/1618/1727 212/1629/1744 213/1619/1735
f 213/1621/1737 211/1631/1746 205/1622/1738
f 209/1623/1731 210/2367/1732 216/1624/1739
f 210/1617/1734 208/1616/1733 214/1626/1741
f 218/1628/1743 219/1637/1752 213/1619/1735
f 213/1621/1737 219/1639/1754 217/1630/1745
f 215/1625/1740 216/1624/1739 222/1632/1747
f 216/1627/1742 214/1626/1741 220/1634/1749
f 218/1628/1743 224/1645/1760 225/1636/1751
f 225/1638/1753 223/1647/1762 217/1630/1745
f 221/1633/1748 222/1632/1747 228/1640/1755
f 228/1642/1757 222/1635/1750 220/1634/1749
f 230/1644/1759 231/2368/1768 225/1636/1751
f 231/1646/1761 229/1656/1770 223/1647/1762
f 227/1641/1756 228/1640/1755 234/1648/1763
f 228/1642/1757 226/1643/1758 232/1650/1765
f 236/1652/1767 237/1663/1776 231/1653/1768
f 237/1655/1769 235/1665/1778 229/1656/1770
f 239/1657/1771 233/2212/1764 234/1658/1763
f 240/1660/1773 234/1651/1766 232/1650/1765
f 242/1662/1775 243/1671/1784 237/1663/1776
f 243/1664/1777 241/1673/1786 235/1665/1778
f 239/1657/1771 240/1659/1772 246/1666/1779
f 240/1660/1773 238/1661/1774 244/1668/1781
f 248/1670/1783 249/2369/1791 243/1671/1784
f 249/1672/1785 247/1680/1792 241/1673/1786
f 245/1667/1780 246/1666/1779 252/1674/1787
f 252/1676/1789 246/1669/1782 244/1668/1781
f 170/1566/1685 171/1565/1684 249/1678/1791
f 249/1672/1785 171/1567/1686 169/1569/1688
f 251/1681/1788 252/2370/1787 174/1682/1793
f 174/1573/1692 252/1676/1789 250/1677/1790
f 260/1684/1795 261/1697/1808 255/1685/1796
f 261/1687/1798 259/1699/1810 253/1688/1799
f 257/1690/1801 258/2371/1905 264/1691/1802
f 264/1693/1804 258/1803/1906 256/1694/1805
f 266/1696/1807 267/1705/1816 261/1697/1808
f 261/1687/1798 267/1706/1817 265/1698/1809
f 263/1692/1803 264/1691/1802 270/1700/1811
f 264/1693/1804 262/1695/1806 268/1702/1813
f 272/1704/1815 273/2372/1824 267/1705/1816
f 267/1706/1817 273/1716/1826 271/1707/1818
f 269/1701/1812 270/1700/1811 276/1708/1819
f 270/1703/1814 268/1702/1813 274/1710/1821
f 278/1712/1823 279/1723/1832 273/1713/1824
f 279/1715/1825 277/1725/1834 271/1707/1818
f 275/1717/1820 276/2373/1819 282/1718/1827
f 282/1720/1829 276/1711/1822 274/1710/1821
f 278/1712/1823 284/1730/1839 285/1722/1831
f 279/1715/1825 285/1732/1841 283/1724/1833
f 281/1719/1828 282/1718/1827 288/1726/1835
f 282/1720/1829 280/1721/1830 286/1728/1837
f 284/1730/1839 290/1739/1848 291/1731/1840
f 285/1732/1841 291/1740/1849 289/1733/1842
f 287/1727/1836 288/1726/1835 294/1734/1843
f 288/1729/1838 286/1728/1837 292/1736/1845
f 296/1738/1847 297/2374/1856 291/1731/1840
f 291/1740/1849 297/1749/1857 295/1741/1850
f 299/1742/1851 293/1735/1844 294/1734/1843
f 294/1737/1846 292/1736/1845 298/1744/1853
f 302/1746/1855 303/1757/1864 297/1747/1856
f 297/1749/1857 303/1758/1865 301/1750/1858
f 299/1751/1851 300/2375/1852 306/1752/1859
f 300/1745/1854 298/1744/1853 304/1754/1861
f 308/1756/1863 309/1765/1872 303/1757/1864
f 303/1758/1865 309/1767/1874 307/1759/1866
f 305/1753/1860 306/1752/1859 312/1760/1867
f 306/1755/1862 304/1754/1861 310/1762/1869
f 314/1764/1871 315/2376/1880 309/1765/1872
f 315/1766/1873 313/1776/1882 307/1759/1866
f 317/1768/1875 311/1761/1868 312/1760/1867
f 312/1763/1870 310/1762/1869 316/1770/1877
f 320/1772/1879 321/1783/1888 315/1773/1880
f 321/1775/1881 319/1785/1890 313/1776/1882
f 317/1777/1875 318/2377/1876 324/1778/1883
f 324/1780/1885 318/1771/1878 316/1770/1877
f 326/1782/1887 327/1791/1896 321/1783/1888
f 327/1784/1889 325/1793/1898 319/1785/1890
f 323/1779/1884 324/1778/1883 330/1786/1891
f 324/1780/1885 322/1781/1886 328/1788/1893
f 326/1782/1887 332/1798/1903 333/1790/1895
f 327/1784/1889 333/1800/1904 331/1792/1897
f 329/1787/1892 330/1786/1891 336/1794/1899
f 330/1789/1894 328/1788/1893 334/1796/1901
f 332/1798/1903 254/2213/1797 255/1799/1796
f 255/1689/1800 253/1688/1799 331/1792/1897
f 335/1795/1900 336/1794/1899 258/1801/1905
f 336/1797/1902 334/1796/1901 256/1694/1805
f 337/1/1 343/3/3 354/1804/1907
f 354/24/24 343/2231/2363 339/7/7
f 344/10/10 350/12/12 342/1805/1908
f 350/1806/1909 346/16/16 339/7/7
f 358/28/28 364/30/30 349/1807/1910
f 364/1808/1911 360/34/34 346/16/16
f 353/25/25 356/27/27 363/1809/1912
f 356/1810/1913 352/22/22 360/34/34
f 351/19/19 357/21/21 382/1811/1914
f 382/60/60 357/2232/2364 353/25/25
f 386/64/64 392/66/66 361/1812/1915
f 392/1813/1916 388/70/70 359/31/31
f 381/61/61 384/63/63 391/1814/1917
f 384/1815/1918 380/58/58 388/70/70
f 365/37/37 379/55/55 385/57/57
f 385/1817/1920 381/61/61 366/40/40
f 386/64/64 372/46/46 378/48/48
f 378/1819/1922 374/52/52 387/67/67
f 367/43/43 370/45/45 377/1820/1923
f 370/1821/1924 366/40/40 374/52/52
f 337/1/1 365/37/37 371/39/39
f 371/1823/1926 367/43/43 338/4/4
f 345/13/13 347/15/15 375/1824/1927
f 347/1825/1928 344/10/10 373/49/49
f 407/89/91 393/73/73 399/75/75
f 399/1826/1930 395/79/79 408/92/94
f 394/76/76 400/82/82 406/84/84
f 406/1828/1932 402/86/88 395/79/79
f 414/89/100 420/98/102 405/75/1933
f 420/1829/1934 416/102/106 402/86/88
f 415/99/103 409/95/97 412/97/99
f 412/1831/1936 408/92/94 416/102/106
f 407/89/91 413/91/93 438/1832/1937
f 413/1833/1938 409/95/97 436/126/130
f 414/89/100 442/123/136 448/133/138
f 448/1834/1940 444/137/142 415/99/103
f 437/129/133 440/131/135 447/1835/1941
f 447/139/144 440/2234/2366 436/126/130
f 435/123/127 441/125/129 424/116/1942
f 441/1836/1943 437/129/133 422/108/112
f 442/123/136 428/114/118 434/116/120
f 434/1837/1945 430/120/124 443/134/139
f 423/111/115 426/113/117 433/1838/1946
f 433/122/126 426/2233/2365 422/108/112
f 421/105/109 427/107/111 396/85/1947
f 427/1839/1948 423/111/115 394/76/76
f 428/114/118 401/73/85 403/85/87
f 403/1840/1950 400/82/82 429/117/121
f 456/1841/1951 457/1879/1952 451/1842/1952
f 457/1844/1953 455/1857/1965 449/1845/1954
f 453/1847/1956 454/1882/2030 460/1848/1957
f 454/1850/1959 452/1916/2031 458/1851/1960
f 462/1853/1962 463/1864/1963 457/1854/1963
f 463/1856/1964 461/1866/1973 455/1857/1965
f 465/1858/1966 459/1911/1958 460/1859/1957
f 466/1861/1968 460/1852/1961 458/1851/1960
f 468/1863/1970 469/1872/1971 463/1864/1971
f 469/1865/1972 467/1874/1981 461/1866/1973
f 465/1858/1966 466/1860/1967 472/1867/1974
f 466/1861/1968 464/1862/1969 470/1869/1976
f 474/1871/1978 475/2378/1979 469/1872/1979
f 475/1873/1980 473/1881/1989 467/1874/1981
f 471/1868/1975 472/1867/1974 478/1875/1982
f 472/1870/1977 470/1869/1976 476/1877/1984
f 474/1841/1986 480/1843/1986 481/1842/1987
f 481/1880/1988 479/1887/1998 473/1881/1989
f 483/1847/1990 477/1849/1983 478/1848/1982
f 484/1883/1992 478/1878/1985 476/1877/1984
f 480/1843/1994 486/1914/1994 487/1885/1995
f 487/1886/1997 485/1896/2006 479/1887/1998
f 483/1847/1990 484/1882/1991 490/1888/1999
f 484/1883/1992 482/1884/1993 488/1890/2001
f 492/1892/2003 493/1902/2004 487/1893/2004
f 493/1895/2005 491/1904/2014 485/1896/2006
f 495/1868/2007 489/1876/2000 490/1897/1999
f 490/1891/2002 488/1890/2001 494/1899/2009
f 498/1901/2011 499/1908/2012 493/1902/2012
f 499/1903/2013 497/1910/2022 491/1904/2014
f 501/1858/2015 495/1868/2007 496/1898/2008
f 496/1900/2010 494/1899/2009 500/1905/2017
f 504/1907/2019 505/2379/2020 499/1908/2020
f 505/1909/2021 503/1915/2029 497/1910/2022
f 501/1858/2015 502/1860/2016 508/1859/2023
f 502/1906/2018 500/1905/2017 506/1912/2025
f 450/1843/2027 451/1842/2474 505/1885/2028
f 451/1846/1955 449/1845/1954 503/1915/2029
f 453/1847/1956 507/1889/2024 508/1888/2023
f 508/1913/2026 506/1912/2025 452/1916/2031
f 509/140/145 515/142/147 526/166/2032
f 526/161/168 515/2235/2367 511/146/151
f 516/149/154 522/151/156 514/1917/2033
f 514/148/153 522/2236/2368 518/153/160
f 517/140/157 530/165/172 536/166/174
f 536/1918/2035 532/170/178 518/153/160
f 525/162/169 528/164/171 535/1919/2036
f 528/1920/2037 524/159/166 532/170/178
f 523/156/163 529/158/165 554/200/2038
f 554/195/204 529/2237/2369 525/162/169
f 530/165/172 558/190/208 564/200/210
f 564/1921/2040 560/204/214 531/167/175
f 553/196/205 556/198/207 563/1922/2041
f 556/1923/2042 552/193/202 560/204/214
f 537/173/181 551/190/199 557/192/201
f 557/1925/2044 553/196/205 538/176/184
f 544/173/190 550/183/192 561/192/2045
f 561/203/213 550/2238/2370 546/187/196
f 545/184/193 539/179/187 542/181/189
f 542/1927/2047 538/176/184 546/187/196
f 537/173/181 543/175/183 512/152/2048
f 543/1928/2049 539/179/187 510/143/148
f 544/173/190 517/140/157 519/152/159
f 519/1930/2051 516/149/154 545/184/193
f 565/207/217 571/209/219 582/1931/2052
f 571/1932/2053 567/213/223 580/227/238
f 572/216/226 578/218/228 570/215/2054
f 578/218/2055 574/222/232 567/213/223
f 586/224/244 592/233/246 577/209/2056
f 592/1934/2057 588/2243/250 574/222/232
f 581/230/241 584/232/243 591/238/2058
f 584/232/2059 580/2241/238 588/237/250
f 579/224/235 585/226/237 610/263/2060
f 610/259/276 585/2242/2371 581/230/241
f 614/254/280 620/263/282 589/1935/2061
f 620/1936/2062 616/2249/286 587/234/247
f 609/260/277 612/262/279 619/268/2063
f 612/262/2064 608/2248/274 616/267/286
f 607/254/271 613/256/273 596/248/2065
f 613/1937/2066 609/260/277 594/242/256
f 600/239/262 606/248/264 617/256/2067
f 606/1938/2068 602/2214/268 615/264/283
f 601/249/265 595/245/259 598/247/261
f 598/247/2070 594/2245/256 602/252/268
f 593/239/253 599/241/255 568/221/2071
f 568/212/222 599/2246/2372 595/245/259
f 600/239/262 573/219/229 575/221/231
f 575/1939/2073 572/2239/226 601/249/265
f 621/269/289 627/271/291 638/294/2074
f 627/1940/2075 623/2215/295 636/289/310
f 622/272/292 628/277/298 634/279/300
f 634/279/2077 630/2252/304 623/275/295
f 642/286/316 648/294/318 633/1941/2078
f 648/1942/2079 644/298/322 630/283/304
f 637/292/313 640/293/315 647/300/2080
f 647/300/324 640/293/2373 636/289/310
f 635/286/307 641/288/309 666/325/2081
f 666/321/348 641/2253/2374 637/1944/313
f 670/324/352 676/325/354 645/288/2082
f 676/1945/2083 672/329/358 643/295/319
f 665/322/349 668/323/351 675/331/2084
f 675/331/360 668/323/2375 664/319/346
f 663/316/343 669/318/345 652/309/2085
f 669/1947/2086 665/2217/349 650/304/328
f 656/301/334 662/309/336 673/318/2087
f 662/1948/2088 658/313/340 671/326/355
f 651/307/331 654/308/333 661/315/2089
f 654/308/2090 650/304/328 658/313/340
f 621/269/289 649/301/325 655/303/327
f 655/1950/2092 651/2216/331 622/272/292
f 629/280/301 631/282/303 659/303/2093
f 631/1951/2094 628/277/298 657/310/337
f 677/332/361 683/334/363 694/357/2095
f 694/353/384 683/2257/2376 679/338/367
f 684/341/370 690/343/372 682/1952/2096
f 690/1953/2097 686/345/376 679/338/367
f 685/332/373 698/348/388 704/357/390
f 704/1954/2099 700/361/394 686/345/376
f 693/354/385 696/356/387 703/1955/2100
f 696/1956/2101 692/351/382 700/361/394
f 691/348/379 697/350/381 722/390/2102
f 722/386/420 697/2259/2378 693/354/385
f 698/348/388 726/381/424 732/390/426
f 732/1957/2104 728/394/430 699/358/391
f 721/387/421 724/389/423 731/1958/2105
f 731/396/432 724/2261/2380 720/384/418
f 719/381/415 725/383/417 708/374/2106
f 725/1959/2107 721/387/421 706/367/400
f 712/364/406 718/374/408 729/383/2108
f 718/1960/2109 714/378/412 727/391/427
f 713/375/409 707/370/403 710/372/405
f 710/1962/2111 706/367/400 714/378/412
f 705/364/397 711/366/399 680/344/2112
f 680/337/366 711/2260/2379 707/370/403
f 685/332/373 687/344/375 715/366/2113
f 715/377/411 687/2258/2377 684/341/370
f 747/413/451 733/397/433 739/399/435
f 739/1963/2115 735/2218/439 748/416/454
f 734/400/436 740/405/442 746/407/444
f 746/407/2117 742/411/448 735/403/439
f 754/413/460 760/421/462 745/1964/2118
f 760/1965/2119 756/425/466 742/1966/448
f 749/419/457 752/420/459 759/426/2120
f 759/426/468 752/420/2382 748/416/454
f 775/443/487 747/413/451 753/415/453
f 753/1968/2122 749/2219/457 776/446/490
f 782/451/496 788/452/498 757/415/2123
f 788/1969/2124 784/456/502 755/1970/463
f 777/449/493 780/450/495 787/457/2125
f 780/450/2126 776/446/490 784/456/502
f 775/443/487 781/445/489 764/1972/2127
f 764/432/474 781/2380/2384 777/1973/493
f 768/435/478 774/437/480 785/445/2128
f 774/1974/2129 770/441/484 783/1975/499
f 763/433/475 766/434/477 773/442/2130
f 766/434/2131 762/430/472 770/441/484
f 733/397/433 761/427/469 767/429/471
f 736/402/438 767/2381/2383 763/1978/475
f 741/408/445 743/410/447 771/1979/2133
f 771/1980/483 743/2263/2381 740/405/442
f 789/458/505 795/460/507 806/483/2134
f 795/1982/2135 791/464/511 804/477/526
f 796/467/514 802/469/516 794/1983/2136
f 794/466/513 802/2268/2386 798/471/520
f 797/458/517 810/474/532 816/483/534
f 816/1984/2138 812/487/538 798/471/520
f 811/484/535 805/480/529 808/482/531
f 808/1986/2140 804/477/526 812/487/538
f 803/474/523 809/476/525 834/515/2141
f 809/1987/2142 805/480/529 832/509/562
f 810/474/532 838/506/568 844/515/570
f 813/486/537 844/2270/2388 840/519/574
f 833/512/565 836/514/567 843/1988/2144
f 836/1989/2145 832/509/562 840/519/574
f 831/506/559 837/508/561 820/499/2146
f 837/1990/2147 833/512/565 818/493/544
f 838/506/568 824/490/550 830/499/552
f 841/518/573 830/2269/2387 826/503/556
f 825/500/553 819/496/547 822/498/549
f 822/1992/2150 818/493/544 826/503/556
f 789/458/505 817/490/541 823/492/543
f 823/1994/2152 819/496/547 790/461/508
f 797/458/517 799/470/519 827/492/2153
f 827/502/555 799/2267/2385 796/467/514
f 859/537/595 845/522/577 851/524/579
f 862/1996/600 851/2271/2389 847/528/583
f 852/530/586 858/532/588 850/529/2155
f 850/529/585 858/532/2390 854/535/592
f 866/537/604 872/545/606 857/1998/2156
f 857/536/594 872/2382/2393 868/1999/610
f 861/543/601 864/544/603 871/550/2157
f 871/550/612 864/544/2391 860/540/598
f 859/537/595 865/539/597 890/575/2158
f 890/2000/636 865/2273/2392 861/543/601
f 866/537/604 894/573/640 900/575/642
f 900/2003/2160 896/2220/646 867/546/607
f 895/576/643 889/571/637 892/572/639
f 892/572/2162 888/568/634 896/579/646
f 873/551/613 887/565/631 893/567/633
f 893/2004/2164 889/571/637 874/2005/616
f 880/551/622 886/559/624 897/2007/2165
f 886/2008/2166 882/2221/628 895/576/643
f 881/560/625 875/557/619 878/558/621
f 878/558/2168 874/554/616 882/563/628
f 873/551/613 879/553/615 848/2009/2169
f 879/2010/2170 875/557/619 846/2011/580
f 880/551/622 853/533/589 855/534/591
f 855/2013/2172 852/2383/586 881/560/625
f 916/600/670 918/602/672 907/2014/2173
f 907/583/651 918/2278/2394 915/597/667
f 924/612/682 909/592/661 911/594/663
f 911/2016/2175 908/589/658 922/606/676
f 902/584/652 910/595/664 913/596/666
f 913/596/2177 909/592/661 903/587/655
f 917/603/673 920/605/675 927/2017/2178
f 927/614/684 920/2279/2395 916/600/670
f 930/618/688 932/620/690 921/2018/2179
f 932/2019/2180 929/615/685 915/597/667
f 923/609/679 925/611/681 942/2020/2181
f 942/626/696 925/2280/2396 922/606/676
f 931/621/691 934/623/693 941/2021/2182
f 941/632/702 934/2281/2397 930/618/688
f 944/636/706 946/638/708 935/2022/2183
f 935/617/687 946/2283/2399 943/633/703
f 952/647/718 937/627/697 939/629/699
f 956/643/714 939/2282/2398 936/624/694
f 945/639/709 948/640/711 955/648/2185
f 955/648/720 948/640/2400 944/636/706
f 958/652/724 960/654/726 949/2024/2186
f 949/635/705 960/2285/2401 957/649/721
f 966/663/736 951/2222/715 953/2026/717
f 953/2028/2188 950/641/712 964/657/730
f 959/655/727 962/656/729 969/664/2189
f 969/664/738 962/656/2402 958/652/724
f 902/2029/652 904/2384/654 963/2030/2190
f 904/2031/2191 901/581/649 957/649/721
f 965/660/733 967/662/735 914/2032/2192
f 914/591/660 967/2286/2403 964/657/730
f 986/686/760 988/688/762 977/2034/2193
f 977/667/741 988/2288/2405 985/683/757
f 979/677/751 981/679/753 998/2035/2194
f 998/693/768 981/2287/2404 978/674/748
f 972/668/742 980/680/754 983/682/756
f 983/2037/2196 979/677/751 973/671/745
f 987/689/763 990/690/765 997/698/2197
f 997/698/774 990/690/2406 986/686/760
f 1000/702/778 1002/704/780 991/2038/2198
f 1002/2040/2199 999/699/775 985/683/757
f 1008/713/790 993/2385/769 995/2041/771
f 1012/709/786 995/2290/2407 992/691/766
f 1001/705/781 1004/706/783 1011/714/2201
f 1011/714/792 1004/706/2408 1000/702/778
f 1001/705/781 1014/718/796 1016/720/798
f 1016/2044/2203 1013/715/793 999/699/775
f 1007/710/787 1009/712/789 1026/2045/2204
f 1009/2047/2205 1006/707/784 1020/724/802
f 1015/721/799 1018/723/801 1025/731/2206
f 1025/731/810 1018/723/2409 1014/2048/796
f 1015/721/799 1028/735/814 1030/737/816
f 1030/2050/2208 1027/732/811 1013/715/793
f 1036/747/826 1021/727/805 1023/729/807
f 1040/743/822 1023/2291/2410 1020/724/802
f 1029/738/817 1032/740/819 1039/2052/2210
f 1039/749/828 1032/2293/2411 1028/735/814
f 972/668/742 974/670/744 1033/2053/2211
f 974/2054/2212 971/665/739 1027/732/811
f 1035/744/823 1037/746/825 984/2055/2213
f 1037/2056/2214 1034/741/820 978/674/748
f 1056/769/850 1058/771/852 1047/2057/2215
f 1047/752/831 1058/2296/2413 1055/766/847
f 1049/761/841 1051/763/843 1068/2058/2216
f 1068/777/858 1051/2294/2412 1048/758/838
f 1042/753/832 1050/764/844 1053/765/846
f 1053/765/2218 1049/761/841 1043/756/835
f 1057/772/853 1060/774/855 1067/782/2219
f 1067/2060/864 1060/2297/2414 1056/769/850
f 1070/786/868 1072/788/870 1061/2061/2220
f 1061/768/849 1072/2300/2416 1069/783/865
f 1078/798/880 1063/778/859 1065/780/861
f 1082/794/876 1065/2298/2415 1062/775/856
f 1071/789/871 1074/791/873 1081/2063/2222
f 1081/800/882 1074/2301/2417 1070/786/868
f 1071/789/871 1084/804/886 1086/806/888
f 1075/785/867 1086/2302/2418 1083/801/883
f 1092/815/898 1077/795/877 1079/797/879
f 1079/2066/2225 1076/792/874 1090/809/892
f 1085/807/889 1088/808/891 1095/817/2226
f 1095/817/900 1088/808/2419 1084/804/886
f 1085/2068/889 1098/821/904 1100/823/906
f 1089/803/885 1100/2304/2420 1097/818/901
f 1091/812/895 1093/814/897 1110/2070/2228
f 1093/2071/2229 1090/809/892 1104/826/910
f 1099/824/907 1102/825/909 1109/833/2230
f 1109/833/918 1102/825/2421 1098/821/904
f 1099/824/907 1042/2223/832 1044/2072/834
f 1044/2074/2232 1041/750/829 1097/818/901
f 1105/829/913 1107/831/915 1054/2075/2233
f 1054/760/840 1107/2305/2422 1104/826/910
f 1126/855/940 1128/857/942 1117/2077/2234
f 1117/836/921 1128/2307/2424 1125/852/937
f 1119/846/931 1121/848/933 1138/2078/2235
f 1138/862/948 1121/2306/2423 1118/843/928
f 1112/837/922 1120/849/934 1123/851/936
f 1123/2080/2237 1119/846/931 1113/840/925
f 1127/858/943 1130/859/945 1137/867/2238
f 1137/867/954 1130/859/2425 1126/855/940
f 1127/2081/943 1140/871/958 1142/873/960
f 1131/854/939 1142/2309/2426 1139/868/955
f 1148/882/970 1133/2224/949 1135/2083/951
f 1135/2085/2241 1132/860/946 1146/876/964
f 1141/874/961 1144/875/963 1151/883/2242
f 1151/883/972 1144/875/2427 1140/871/958
f 1141/874/961 1154/2225/976 1156/2086/978
f 1156/2088/2244 1153/884/973 1139/868/955
f 1162/2089/988 1147/879/967 1149/881/969
f 1166/894/984 1149/2310/2428 1146/876/964
f 1155/890/979 1158/891/981 1165/899/2246
f 1165/899/990 1158/891/2429 1154/887/976
f 1168/903/994 1170/905/996 1159/2091/2247
f 1170/2092/2248 1167/900/991 1153/884/973
f 1161/895/985 1163/897/987 1180/2093/2249
f 1163/2094/2250 1160/892/982 1174/909/1000
f 1169/906/997 1172/908/999 1179/2095/2251
f 1179/917/1008 1172/2312/2430 1168/903/994
f 1169/906/997 1112/837/922 1114/839/924
f 1114/2097/2253 1111/834/919 1167/900/991
f 1120/849/934 1175/912/1003 1177/914/1005
f 1177/2099/2255 1174/909/1000 1118/843/928
f 1183/924/1015 1196/2226/1030 1198/2100/1032
f 1187/920/1011 1198/2314/2432 1195/934/1027
f 1204/2102/1042 1189/929/1021 1191/931/1023
f 1208/944/1038 1191/2313/2431 1188/926/1018
f 1182/921/1012 1190/932/1024 1193/933/1026
f 1193/933/2259 1189/929/1021 1183/924/1015
f 1197/940/1033 1200/941/1035 1207/949/2260
f 1207/949/1044 1200/941/2433 1196/937/1030
f 1197/940/1033 1210/953/1048 1212/955/1050
f 1212/2105/2262 1209/950/1045 1195/934/1027
f 1203/945/1039 1205/947/1041 1222/2106/2263
f 1222/961/1056 1205/2315/2434 1202/942/1036
f 1211/956/1051 1214/958/1053 1221/2107/2264
f 1221/967/1062 1214/2317/2435 1210/953/1048
f 1211/956/1051 1224/971/1066 1226/973/1068
f 1226/2109/2266 1223/968/1063 1209/950/1045
f 1217/962/1057 1219/964/1059 1236/2110/2267
f 1219/2111/2268 1216/959/1054 1230/977/1072
f 1225/974/1069 1228/976/1071 1235/2112/2269
f 1235/985/1080 1228/2318/2436 1224/971/1066
f 1225/974/1069 1238/989/1084 1240/991/1086
f 1229/970/1065 1240/2319/2437 1237/986/1081
f 1231/980/1075 1233/982/1077 1250/2114/2271
f 1233/2115/2272 1230/977/1072 1244/994/1090
f 1239/992/1087 1242/993/1089 1249/1001/2273
f 1249/1001/1098 1242/993/2438 1238/989/1084
f 1239/2116/1087 1182/921/1012 1184/923/1014
f 1184/2118/2275 1181/918/1009 1237/986/1081
f 1190/932/1024 1245/2227/1093 1247/2119/1095
f 1247/2121/2277 1244/994/1090 1188/926/1018
f 1253/1008/1105 1266/1023/1120 1268/1025/1122
f 1268/2123/2279 1265/1020/1117 1251/1002/1099
f 1259/1014/1111 1261/1016/1113 1278/2124/2280
f 1278/1031/1128 1261/2321/2439 1258/1011/1108
f 1252/1005/1102 1260/1017/1114 1263/1019/1116
f 1263/2126/2282 1259/1014/1111 1253/1008/1105
f 1267/1026/1123 1270/1028/1125 1277/2127/2283
f 1277/1037/1134 1270/2322/2440 1266/1023/1120
f 1267/1026/1123 1280/1041/1138 1282/1043/1140
f 1271/1022/1119 1282/2323/2441 1279/1038/1135
f 1273/1032/1129 1275/1034/1131 1292/2129/2285
f 1275/2130/2286 1272/1029/1126 1286/1046/1144
f 1281/1044/1141 1284/1045/1143 1291/1053/2287
f 1291/1053/1152 1284/1045/2442 1280/1041/1138
f 1281/2131/1141 1294/1057/1156 1296/1059/1158
f 1296/2133/2289 1293/1054/1153 1279/1038/1135
f 1302/1068/1168 1287/2386/1147 1289/2134/1149
f 1306/1064/1164 1289/2325/2443 1286/1046/1144
f 1295/1060/1159 1298/1061/1161 1305/1069/2291
f 1305/1069/1170 1298/1061/2444 1294/1057/1156
f 1308/2136/1174 1310/2387/1176 1299/2137/2292
f 1299/1056/1155 1310/2327/2446 1307/1070/1171
f 1301/1065/1165 1303/1067/1167 1320/2138/2293
f 1320/1080/1182 1303/2326/2445 1300/1062/1162
f 1309/1076/1177 1312/1077/1179 1319/1085/2294
f 1319/1085/1188 1312/1077/2447 1308/1073/1174
f 1309/1076/1177 1252/1005/1102 1254/1007/1104
f 1254/2141/2296 1251/1002/1099 1307/1070/1171
f 1315/1081/1183 1317/1083/1185 1264/2142/2297
f 1264/1013/1110 1317/2328/2448 1314/1078/1180
f 1336/1105/1210 1338/1107/1212 1327/2143/2298
f 1327/1088/1191 1338/2332/2450 1335/1102/1207
f 1344/1116/1222 1329/2228/1201 1331/2145/1203
f 1348/1112/1218 1331/2331/2449 1328/1094/1198
f 1322/1089/1192 1330/1100/1204 1333/1101/1206
f 1333/1101/2301 1329/1097/1201 1323/1092/1195
f 1337/1108/1213 1340/1109/1215 1347/1117/2302
f 1347/1117/1224 1340/1109/2451 1336/1105/1210
f 1337/1108/1213 1350/1121/1228 1352/1123/1230
f 1352/2148/2304 1349/1118/1225 1335/1102/1207
f 1343/1113/1219 1345/1115/1221 1362/2149/2305
f 1345/2151/2306 1342/1110/1216 1356/1127/1234
f 1351/1124/1231 1354/1126/1233 1361/1134/2307
f 1361/1134/1242 1354/1126/2452 1350/2152/1228
f 1364/1138/1246 1366/1140/1248 1355/2153/2308
f 1355/1120/1227 1366/2335/2454 1363/1135/1243
f 1357/1130/1237 1359/1132/1239 1376/2154/2309
f 1376/1146/1254 1359/2333/2453 1356/1127/1234
f 1365/1141/1249 1368/1143/1251 1375/2155/2310
f 1375/1152/1260 1368/2336/2455 1364/1138/1246
f 1378/1156/1264 1380/1158/1266 1369/2156/2311
f 1369/1137/1245 1380/2338/2457 1377/1153/1261
f 1371/1147/1255 1373/1149/1257 1390/2157/2312
f 1390/1164/1272 1373/2337/2456 1370/1144/1252
f 1379/2158/1267 1382/2339/1269 1389/1170/2313
f 1389/1170/1278 1382/2339/2458 1378/1156/1264
f 1379/1159/1267 1322/1089/1192 1324/1091/1194
f 1324/2161/2315 1321/1086/1189 1377/1153/1261
f 1385/1165/1273 1387/1167/1275 1334/2162/2316
f 1387/2163/2317 1384/1162/1270 1328/1094/1198
f 1406/1192/1300 1408/1194/1302 1397/2164/2318
f 1397/1173/1281 1408/2340/2459 1405/1189/1297
f 1414/1204/1312 1399/1183/1291 1401/1185/1293
f 1401/2166/2320 1398/1180/1288 1412/1198/1306
f 1392/1174/1282 1400/1186/1294 1403/1188/1296
f 1403/2168/2322 1399/1183/1291 1393/1177/1285
f 1407/1195/1303 1410/1197/1305 1417/2169/2323
f 1417/1206/1314 1410/2341/2460 1406/1192/1300
f 1407/1195/1303 1420/1210/1318 1422/1212/1320
f 1422/2171/2325 1419/1207/1315 1405/1189/1297
f 1428/1221/1330 1413/1201/1309 1415/1203/1311
f 1415/2173/2327 1412/1198/1306 1426/1215/1324
f 1421/1213/1321 1424/1214/1323 1431/1222/2328
f 1431/1222/1332 1424/1214/2461 1420/1210/1318
f 1434/1226/1336 1436/1228/1338 1425/2174/2329
f 1425/1209/1317 1436/2344/2463 1433/1223/1333
f 1427/2176/1327 1429/2388/1329 1446/2177/2330
f 1446/1233/1344 1429/2343/2462 1426/1215/1324
f 1435/1229/1339 1438/1230/1341 1445/1238/2331
f 1445/1238/1350 1438/1230/2464 1434/1226/1336
f 1435/1229/1339 1448/2229/1354 1450/2178/1356
f 1439/1225/1335 1450/2345/2465 1447/1239/1351
f 1456/2180/1366 1441/1234/1345 1443/1236/1347
f 1443/2182/2334 1440/1231/1342 1454/1247/1360
f 1449/1245/1357 1452/1246/1359 1459/1254/2335
f 1459/1254/1368 1452/1246/2466 1448/1242/1354
f 1392/1174/1282 1394/1176/1284 1453/2183/2336
f 1394/2184/2337 1391/1171/1279 1447/1239/1351
f 1455/1250/1363 1457/1252/1365 1404/2185/2338
f 1457/2186/2339 1454/1247/1360 1398/1180/1288
f 1476/1274/1390 1478/1276/1392 1467/2187/2340
f 1467/1257/1371 1478/2350/2469 1475/1271/1387
f 1469/2189/1381 1471/2389/1383 1488/2190/2341
f 1488/1281/1398 1471/2349/2468 1468/1263/1378
f 1462/1258/1372 1470/1269/1384 1473/1270/1386
f 1473/1270/2343 1469/1266/1381 1463/1261/1375
f 1477/1277/1393 1480/1278/1395 1487/1286/2344
f 1487/1286/1404 1480/1278/2470 1476/1274/1390
f 1477/1277/1393 1490/2230/1408 1492/2191/1410
f 1492/2193/2346 1489/1287/1405 1475/1271/1387
f 1498/2194/1420 1483/1282/1399 1485/1284/1401
f 1485/2196/2348 1482/1279/1396 1496/1295/1414
f 1491/1293/1411 1494/1294/1413 1501/1302/2349
f 1501/1302/1422 1494/1294/2471 1490/1290/1408
f 1504/1306/1426 1506/1308/1428 1495/2197/2350
f 1506/2198/2351 1503/1303/1423 1489/1287/1405
f 1512/1318/1438 1497/1298/1417 1499/1300/1419
f 1499/2200/2353 1496/1295/1414 1510/1312/1432
f 1505/1309/1429 1508/1311/1431 1515/2201/2354
f 1515/1320/1440 1508/2352/2472 1504/1306/1426
f 1505/1309/1429 1518/1324/1444 1520/1326/1446
f 1520/2203/2356 1517/1321/1441 1503/1303/1423
f 1526/1336/1456 1511/1315/1435 1513/1317/1437
f 1513/2205/2358 1510/1312/1432 1524/1330/1450
f 1519/1327/1447 1522/1329/1449 1529/2206/2359
f 1529/1338/1458 1522/2353/2473 1518/1324/1444
f 1462/1258/1372 1464/1260/1374 1523/2207/2360
f 1523/1323/1443 1464/2347/2467 1461/1255/1369
f 1470/1269/1384 1525/1333/1453 1527/1335/1455
f 1527/2209/2362 1524/1330/1450 1468/1263/1378
f 79/1438/1561 1/1344/1464 7/1343/1463
f 7/1343/1463 13/1354/1474 19/1372/1490
f 19/1372/1490 25/1380/1498 31/1388/1506
f 31/1388/1506 37/1392/1514 19/1372/1490
f 37/1392/1514 43/1398/1522 19/1372/1490
f 43/1398/1522 49/1406/1530 67/1432/1554
f 49/1406/1530 55/1415/1538 67/1432/1554
f 55/1415/1538 61/1424/1546 67/1432/1554
f 67/1432/1554 73/1439/1562 79/1438/1561
f 79/1438/1561 7/1343/1463 19/1372/1490
f 67/1432/1554 79/1438/1561 19/1372/1490
f 5/1345/1465 11/1347/1467 8/1352/1472
f 83/1400/1564 5/1345/1465 2/1339/1459
f 16/1357/1477 10/1349/1469 4/1443/1570
f 4/1443/1570 82/1440/1565 76/1435/1557
f 76/1435/1557 70/1427/1549 64/1419/1541
f 64/1419/1541 58/1409/1533 52/1401/1525
f 52/1401/1525 46/1394/1517 28/1375/1493
f 46/1394/1517 40/1390/1510 28/1375/1493
f 40/1390/1510 34/1383/1501 28/1375/1493
f 28/1375/1493 22/1368/1486 76/1435/1557
f 22/1368/1486 16/1357/1477 76/1435/1557
f 16/1357/1477 4/1443/1570 76/1435/1557
f 76/1435/1557 64/1419/1541 52/1401/1525
f 11/1347/1467 17/1356/1476 14/1351/1471
f 17/1364/1476 23/1366/1484 20/1369/1487
f 23/1366/1484 29/1374/1492 26/1377/1495
f 29/1374/1492 35/1382/1500 32/2210/1503
f 35/1356/1500 41/1347/1507 38/1352/1512
f 41/1347/1507 47/1345/1516 44/1339/1511
f 47/1345/1516 53/1400/1524 50/1396/1519
f 50/1396/1519 53/1400/1524 59/1408/1532
f 59/1416/1532 65/1418/1540 62/1411/1535
f 65/1418/1540 71/1425/1547 68/1421/1543
f 71/1425/1547 77/1433/1555 74/1429/1551
f 74/1403/1551 77/1408/1555 83/1400/1564
f 163/1552/1673 85/1448/1575 103/1477/1602
f 85/1448/1575 91/1459/1586 103/1477/1602
f 91/1459/1586 97/1468/1594 103/1477/1602
f 103/1477/1602 109/1485/1610 127/1511/1634
f 109/1485/1610 115/1493/1618 127/1511/1634
f 115/1493/1618 121/1502/1626 127/1511/1634
f 127/1511/1634 133/1510/1633 139/1528/1650
f 139/1528/1650 145/1527/1649 127/1511/1634
f 145/1527/1649 151/1537/1658 127/1511/1634
f 151/1537/1658 157/1553/1674 163/1552/1673
f 151/1537/1658 163/1552/1673 127/1511/1634
f 89/1450/1577 95/1452/1579 92/1457/1584
f 164/1558/1671 167/1561/1676 89/1450/1577
f 100/1462/1589 94/1455/1582 88/1454/1581
f 88/1454/1581 166/1557/1678 160/1548/1669
f 160/1548/1669 154/1541/1662 136/1514/1637
f 154/1541/1662 148/1532/1653 136/1514/1637
f 148/1532/1653 142/1522/1645 136/1514/1637
f 136/1514/1637 130/1507/1630 124/1497/1622
f 124/1497/1622 118/1489/1614 112/1480/1605
f 112/1480/1605 106/1472/1597 100/1462/1589
f 100/1462/1589 88/1454/1581 160/1548/1669
f 136/1514/1637 124/1497/1622 112/1480/1605
f 112/1480/1605 100/1462/1589 136/1514/1637
f 95/1452/1579 101/1461/1588 98/1456/1583
f 101/1469/1588 107/1471/1596 104/1464/1591
f 107/1471/1596 113/1479/1604 110/1483/1608
f 113/1479/1604 119/1487/1612 116/1482/1607
f 119/1487/1612 125/1495/1620 122/1490/1615
f 122/1500/1615 125/1503/1620 131/1505/1628
f 131/1505/1628 137/1513/1636 134/1508/1631
f 137/1513/1636 143/1521/1644 140/1516/1639
f 143/1529/1644 149/1531/1652 146/1535/1656
f 149/1531/1652 155/1538/1659 152/1534/1655
f 155/1538/1659 161/1547/1668 158/1542/1663
f 158/1542/1663 161/1547/1668 167/1555/1676
f 247/1680/1792 169/1569/1688 175/1568/1687
f 175/1568/1687 181/1587/1706 187/1586/1705
f 187/1586/1705 193/1596/1714 211/1631/1746
f 193/1596/1714 199/1613/1730 211/1631/1746
f 199/1613/1730 205/1622/1738 211/1631/1746
f 211/1631/1746 217/1630/1745 223/1647/1762
f 223/1647/1762 229/1656/1770 235/1665/1778
f 235/1665/1778 241/1673/1786 247/1680/1792
f 247/1680/1792 175/1568/1687 187/1586/1705
f 211/1631/1746 223/1647/1762 235/1665/1778
f 235/1665/1778 247/1680/1792 211/1631/1746
f 173/1570/1689 179/1572/1691 176/1564/1683
f 251/1681/1788 173/1570/1689 170/1566/1685
f 184/1582/1701 178/1574/1693 244/1668/1781
f 178/1574/1693 172/1683/1794 244/1668/1781
f 172/1683/1794 250/1677/1790 244/1668/1781
f 244/1668/1781 238/1661/1774 232/1650/1765
f 232/1650/1765 226/1643/1758 220/1634/1749
f 220/1634/1749 214/1626/1741 208/1616/1733
f 208/1616/1733 202/1608/1725 196/1600/1717
f 196/1600/1717 190/1590/1709 184/1582/1701
f 244/1668/1781 232/1650/1765 220/1634/1749
f 220/1634/1749 208/1616/1733 196/1600/1717
f 196/1600/1717 184/1582/1701 220/1634/1749
f 176/1564/1683 179/1572/1691 185/1580/1699
f 185/1580/1699 191/1589/1708 188/1584/1703
f 191/2211/1708 197/1597/1715 194/1592/1711
f 197/1597/1715 203/1607/1724 200/1611/1728
f 200/1611/1728 203/1607/1724 209/1614/1731
f 206/1618/1727 209/1623/1731 215/1625/1740
f 212/1629/1744 215/1625/1740 221/1633/1748
f 221/1633/1748 227/1641/1756 224/1645/1760
f 224/1645/1760 227/1641/1756 233/1649/1764
f 233/2212/1764 239/1657/1771 236/1652/1767
f 239/1657/1771 245/1667/1780 242/1662/1775
f 245/1667/1780 251/1675/1788 248/1670/1783
f 331/1792/1897 253/1688/1799 259/1699/1810
f 259/1699/1810 265/1698/1809 271/1707/1818
f 271/1707/1818 277/1725/1834 283/1724/1833
f 283/1724/1833 289/1733/1842 295/1741/1850
f 295/1741/1850 301/1750/1858 319/1785/1890
f 301/1750/1858 307/1759/1866 319/1785/1890
f 307/1759/1866 313/1776/1882 319/1785/1890
f 319/1785/1890 325/1793/1898 331/1792/1897
f 331/1792/1897 259/1699/1810 271/1707/1818
f 271/1707/1818 283/1724/1833 319/1785/1890
f 283/1724/1833 295/1741/1850 319/1785/1890
f 257/1690/1801 263/1692/1803 260/1684/1795
f 335/1795/1900 257/1802/1801 254/2213/1797
f 268/1702/1813 262/1695/1806 256/1694/1805
f 256/1694/1805 334/1796/1901 268/1702/1813
f 334/1796/1901 328/1788/1893 268/1702/1813
f 328/1788/1893 322/1781/1886 316/1770/1877
f 316/1770/1877 310/1762/1869 304/1754/1861
f 304/1754/1861 298/1744/1853 292/1736/1845
f 292/1736/1845 286/1728/1837 280/1721/1830
f 280/1721/1830 274/1710/1821 268/1702/1813
f 328/1788/1893 316/1770/1877 304/1754/1861
f 304/1754/1861 292/1736/1845 280/1721/1830
f 280/1721/1830 268/1702/1813 304/1754/1861
f 260/1684/1795 263/1692/1803 269/1701/1812
f 266/1696/1807 269/1701/1812 275/1709/1820
f 275/1717/1820 281/1719/1828 278/1712/1823
f 278/1712/1823 281/1719/1828 287/1727/1836
f 287/1727/1836 293/1735/1844 290/1739/1848
f 293/1735/1844 299/1742/1851 296/1738/1847
f 299/1751/1851 305/1753/1860 302/1746/1855
f 302/1746/1855 305/1753/1860 311/1761/1868
f 311/1761/1868 317/1768/1875 314/1764/1871
f 317/1777/1875 323/1779/1884 320/1772/1879
f 323/1779/1884 329/1787/1892 326/1782/1887
f 329/1787/1892 335/1795/1900 332/1798/1903
f 379/55/55 365/37/37 337/1/1
f 346/16/16 360/34/34 352/22/22
f 373/49/49 344/10/10 338/4/4
f 358/28/28 345/13/13 372/46/46
f 359/31/31 388/70/70 380/58/58
f 381/61/61 387/67/67 374/52/52
f 435/123/127 421/105/109 393/73/73
f 402/86/88 416/102/106 408/92/94
f 429/117/121 400/82/82 394/76/76
f 414/89/100 401/73/85 428/114/118
f 415/99/103 444/137/142 436/126/130
f 443/134/139 430/120/124 422/108/112
f 503/1915/2029 449/1845/1954 455/1857/1965
f 455/1857/1965 461/1866/1973 467/1874/1981
f 467/1874/1981 473/1881/1989 479/1887/1998
f 479/1887/1998 485/1896/2006 491/1904/2014
f 491/1904/2014 497/1910/2022 503/1915/2029
f 503/1915/2029 455/1857/1965 467/1874/1981
f 467/1874/1981 479/1887/1998 491/1904/2014
f 450/1843/1951 453/1847/1956 459/1849/1958
f 507/1889/2024 453/1847/1956 450/1843/2027
f 464/1862/1969 458/1851/1960 500/1905/2017
f 458/1851/1960 452/1916/2031 500/1905/2017
f 452/1916/2031 506/1912/2025 500/1905/2017
f 500/1905/2017 494/1899/2009 488/1890/2001
f 488/1890/2001 482/1884/1993 500/1905/2017
f 482/1884/1993 476/1877/1984 500/1905/2017
f 476/1877/1984 470/1869/1976 464/1862/1969
f 459/1911/1958 465/1858/1966 462/1853/1962
f 465/1858/1966 471/1868/1975 468/1863/1970
f 468/1863/1978 471/1868/1975 477/1876/1983
f 477/1849/1983 483/1847/1990 480/1843/1986
f 480/1843/1994 483/1847/1990 489/1889/2000
f 489/1876/2000 495/1868/2007 492/1892/2003
f 495/1868/2007 501/1858/2015 498/1901/2011
f 498/1901/2019 501/1858/2015 507/1911/2024
f 523/156/163 551/190/199 537/173/181
f 518/153/160 532/170/178 524/159/166
f 539/179/187 545/184/193 516/149/154
f 530/165/172 517/140/157 544/173/190
f 531/167/175 560/204/214 552/193/202
f 553/196/205 559/201/211 546/187/196
f 607/254/271 593/239/253 565/207/217
f 574/222/232 588/2243/250 580/227/238
f 601/249/265 572/2239/226 566/210/220
f 586/224/244 573/219/229 600/239/262
f 587/234/247 616/2249/286 608/257/274
f 609/260/277 615/264/283 602/2214/268
f 663/316/343 649/301/325 621/269/289
f 630/283/304 644/298/322 636/289/310
f 657/310/337 628/277/298 622/272/292
f 642/286/316 629/280/301 656/301/334
f 637/1944/313 643/295/319 672/329/358
f 671/326/355 658/313/340 650/304/328
f 719/381/415 705/364/397 677/332/361
f 686/345/376 700/361/394 692/351/382
f 713/375/409 684/341/370 678/335/364
f 726/381/424 698/348/388 685/332/373
f 699/358/391 728/394/430 720/384/418
f 721/387/421 727/391/427 714/378/412
f 775/443/487 761/427/469 733/397/433
f 742/1966/448 756/425/466 748/416/454
f 769/1981/481 740/405/442 734/400/436
f 782/451/496 754/413/460 741/408/445
f 749/2219/457 755/1970/463 784/456/502
f 783/1975/499 770/441/484 762/430/472
f 803/474/523 831/506/559 817/490/541
f 791/464/511 798/471/520 812/487/538
f 825/500/553 796/467/514 790/461/508
f 810/474/532 797/458/517 824/490/550
f 811/484/535 840/519/574 832/509/562
f 833/512/565 839/516/571 826/503/556
f 859/537/595 887/565/631 873/551/613
f 854/535/592 868/1999/610 860/1997/598
f 881/560/625 852/2383/586 846/2011/580
f 866/537/604 853/533/589 880/551/622
f 861/543/601 867/546/607 896/2220/646
f 889/571/637 895/576/643 882/2221/628
f 957/649/721 901/581/649 943/633/703
f 901/581/649 915/597/667 943/633/703
f 909/592/661 924/612/682 916/600/670
f 965/660/733 910/2033/664 902/2029/652
f 936/624/694 922/606/676 908/589/658
f 908/589/658 964/657/730 950/641/712
f 923/609/679 938/630/700 930/618/688
f 931/621/691 937/627/697 952/647/718
f 951/2222/715 966/663/736 958/652/724
f 1027/732/811 971/665/739 1013/715/793
f 971/665/739 985/683/757 1013/715/793
f 979/677/751 994/697/772 986/686/760
f 1035/744/823 980/680/754 972/668/742
f 1006/707/784 992/691/766 978/674/748
f 978/674/748 1034/741/820 1006/707/784
f 987/2039/763 993/2385/769 1008/713/790
f 1001/705/781 1007/710/787 1022/2046/808
f 1021/727/805 1036/747/826 1028/735/814
f 1097/818/901 1041/750/829 1055/766/847
f 1055/766/847 1069/783/865 1083/801/883
f 1043/756/835 1049/761/841 1064/2059/862
f 1105/829/913 1050/2076/844 1042/2223/832
f 1076/792/874 1062/775/856 1090/809/892
f 1062/775/856 1048/758/838 1090/809/892
f 1063/778/859 1078/798/880 1070/786/868
f 1077/795/877 1092/815/898 1084/804/886
f 1091/812/895 1106/832/916 1098/821/904
f 1167/900/991 1111/834/919 1125/852/937
f 1125/852/937 1139/868/955 1167/900/991
f 1119/846/931 1134/866/952 1126/855/940
f 1169/906/997 1175/912/1003 1120/849/934
f 1146/876/964 1132/860/946 1118/843/928
f 1118/843/928 1174/909/1000 1146/876/964
f 1133/2224/949 1148/882/970 1140/871/958
f 1147/879/967 1162/2089/988 1154/2225/976
f 1161/895/985 1176/915/1006 1168/903/994
f 1237/986/1081 1181/918/1009 1195/934/1027
f 1195/934/1027 1209/950/1045 1237/986/1081
f 1189/929/1021 1204/2102/1042 1196/2226/1030
f 1245/2227/1093 1190/932/1024 1182/921/1012
f 1216/959/1054 1202/942/1036 1188/926/1018
f 1188/926/1018 1244/994/1090 1216/959/1054
f 1203/945/1039 1218/965/1060 1210/953/1048
f 1217/962/1057 1232/983/1078 1224/971/1066
f 1231/980/1075 1246/1000/1096 1238/989/1084
f 1307/1070/1171 1251/1002/1099 1265/1020/1117
f 1265/1020/1117 1279/1038/1135 1293/1054/1153
f 1253/1008/1105 1259/1014/1111 1274/1035/1132
f 1315/1081/1183 1260/1017/1114 1252/1005/1102
f 1286/1046/1144 1272/1029/1126 1258/1011/1108
f 1258/1011/1108 1314/1078/1180 1286/1046/1144
f 1267/1026/1123 1273/1032/1129 1288/1052/1150
f 1281/2131/1141 1287/2386/1147 1302/1068/1168
f 1301/1065/1165 1316/2139/1186 1308/2136/1174
f 1377/1153/1261 1321/1086/1189 1335/1102/1207
f 1335/1102/1207 1349/1118/1225 1377/1153/1261
f 1329/2228/1201 1344/1116/1222 1336/1105/1210
f 1385/1165/1273 1330/1100/1204 1322/1089/1192
f 1356/1127/1234 1342/1110/1216 1328/1094/1198
f 1328/1094/1198 1384/1162/1270 1356/1127/1234
f 1343/1113/1219 1358/2150/1240 1350/1121/1228
f 1357/1130/1237 1372/1150/1258 1364/1138/1246
f 1371/1147/1255 1386/1168/1276 1378/1156/1264
f 1447/1239/1351 1391/1171/1279 1433/1223/1333
f 1391/1171/1279 1405/1189/1297 1433/1223/1333
f 1399/1183/1291 1414/1204/1312 1406/1192/1300
f 1455/1250/1363 1400/1186/1294 1392/1174/1282
f 1426/1215/1324 1412/1198/1306 1440/1231/1342
f 1412/1198/1306 1398/1180/1288 1440/1231/1342
f 1413/1201/1309 1428/1221/1330 1420/1210/1318
f 1427/2176/1327 1442/1237/1348 1434/1226/1336
f 1441/1234/1345 1456/2180/1366 1448/2229/1354
f 1517/1321/1441 1461/1255/1369 1475/1271/1387
f 1475/1271/1387 1489/1287/1405 1503/1303/1423
f 1469/2189/1381 1484/1285/1402 1476/1274/1390
f 1525/1333/1453 1470/1269/1384 1462/1258/1372
f 1496/1295/1414 1482/1279/1396 1468/1263/1378
f 1468/1263/1378 1524/1330/1450 1496/1295/1414
f 1483/1282/1399 1498/2194/1420 1490/2230/1408
f 1497/1298/1417 1512/1318/1438 1504/1306/1426
f 1511/1315/1435 1526/1336/1456 1518/1324/1444
