# Blender 4.5.10 LTS
# www.blender.org
o circle
v 0.000000 0.000000 2.571651 1.0000 1.0000 1.0000
v 0.000000 0.027719 2.595996 1.0000 1.0000 1.0000
v 0.000000 0.008119 2.590524 1.0000 1.0000 1.0000
v 0.000000 0.180000 2.545651 1.0000 1.0000 1.0000
v 0.000000 0.152281 2.578004 1.0000 1.0000 1.0000
v 0.000000 0.171881 2.566869 1.0000 1.0000 1.0000
v -0.794684 0.000000 2.445785 1.0000 1.0000 1.0000
v -0.802207 0.027719 2.468939 1.0000 1.0000 1.0000
v -0.800516 0.008119 2.463735 1.0000 1.0000 1.0000
v -0.786650 0.180000 2.421058 0.9378 0.9378 0.9378
v -0.796647 0.152281 2.451828 1.0000 1.0000 1.0000
v -0.793206 0.171881 2.441238 0.9802 0.9802 0.9802
v -1.511578 0.000000 2.080509 1.0000 1.0000 1.0000
v -1.525888 0.027719 2.100205 1.0000 1.0000 1.0000
v -1.522672 0.008119 2.095778 1.0000 1.0000 1.0000
v -1.496296 0.180000 2.059475 0.9595 0.9595 0.9595
v -1.515313 0.152281 2.085649 1.0000 1.0000 1.0000
v -1.508768 0.171881 2.076641 0.9902 0.9902 0.9902
v -2.080509 0.000000 1.511578 1.0000 1.0000 1.0000
v -2.100205 0.027719 1.525888 1.0000 1.0000 1.0000
v -2.095778 0.008119 1.522672 1.0000 1.0000 1.0000
v -2.059475 0.180000 1.496296 0.9488 0.9488 0.9488
v -2.085649 0.152281 1.515313 1.0000 1.0000 1.0000
v -2.076641 0.171881 1.508768 0.9802 0.9802 0.9802
v -2.445785 0.000000 0.794684 1.0000 1.0000 1.0000
v -2.468939 0.027719 0.802207 1.0000 1.0000 1.0000
v -2.463735 0.008119 0.800516 1.0000 1.0000 1.0000
v -2.421058 0.180000 0.786650 0.9700 0.9700 0.9700
v -2.451828 0.152281 0.796647 1.0000 1.0000 1.0000
v -2.441238 0.171881 0.793206 0.9902 0.9902 0.9902
v -2.571651 0.000000 0.000000 1.0000 1.0000 1.0000
v -2.595996 0.027719 0.000000 1.0000 1.0000 1.0000
v -2.590524 0.008119 0.000000 1.0000 1.0000 1.0000
v -2.545651 0.180000 0.000000 0.9700 0.9700 0.9700
v -2.578004 0.152281 0.000000 1.0000 1.0000 1.0000
v -2.566869 0.171881 0.000000 1.0000 1.0000 1.0000
v -2.445785 0.000000 -0.794684 1.0000 1.0000 1.0000
v -2.468939 0.027719 -0.802207 1.0000 1.0000 1.0000
v -2.463735 0.008119 -0.800516 1.0000 1.0000 1.0000
v -2.421058 0.180000 -0.786650 0.9902 0.9902 0.9902
v -2.451828 0.152281 -0.796647 1.0000 1.0000 1.0000
v -2.441238 0.171881 -0.793206 1.0000 1.0000 1.0000
v -2.080509 0.000000 -1.511578 1.0000 1.0000 1.0000
v -2.100205 0.027719 -1.525888 1.0000 1.0000 1.0000
v -2.095778 0.008119 -1.522672 1.0000 1.0000 1.0000
v -2.059475 0.180000 -1.496296 0.9488 0.9488 0.9488
v -2.085649 0.152281 -1.515313 1.0000 1.0000 1.0000
v -2.076641 0.171881 -1.508768 0.9902 0.9902 0.9902
v -1.511578 0.000000 -2.080509 1.0000 1.0000 1.0000
v -1.525888 0.027719 -2.100205 1.0000 1.0000 1.0000
v -1.522672 0.008119 -2.095778 1.0000 1.0000 1.0000
v -1.496296 0.180000 -2.059475 0.9802 0.9802 0.9802
v -1.515313 0.152281 -2.085649 1.0000 1.0000 1.0000
v -1.508768 0.171881 -2.076641 1.0000 1.0000 1.0000
v -0.794684 0.000000 -2.445785 1.0000 1.0000 1.0000
v -0.802207 0.027719 -2.468939 1.0000 1.0000 1.0000
v -0.800516 0.008119 -2.463735 1.0000 1.0000 1.0000
v -0.786650 0.180000 -2.421058 0.9902 0.9902 0.9902
v -0.796647 0.152281 -2.451828 1.0000 1.0000 1.0000
v -0.793206 0.171881 -2.441238 1.0000 1.0000 1.0000
v 0.000000 0.000000 -2.571651 1.0000 1.0000 1.0000
v 0.000000 0.027719 -2.595996 1.0000 1.0000 1.0000
v 0.000000 0.008119 -2.590524 1.0000 1.0000 1.0000
v 0.000000 0.180000 -2.545651 0.9700 0.9700 0.9700
v 0.000000 0.152281 -2.578004 1.0000 1.0000 1.0000
v 0.000000 0.171881 -2.566869 1.0000 1.0000 1.0000
v 0.794684 0.000000 -2.445785 1.0000 1.0000 1.0000
v 0.802207 0.027719 -2.468939 1.0000 1.0000 1.0000
v 0.800516 0.008119 -2.463735 1.0000 1.0000 1.0000
v 0.786650 0.180000 -2.421058 0.9488 0.9488 0.9488
v 0.796647 0.152281 -2.451828 1.0000 1.0000 1.0000
v 0.793206 0.171881 -2.441238 0.9595 0.9595 0.9595
v 1.511578 0.000000 -2.080509 1.0000 1.0000 1.0000
v 1.525888 0.027719 -2.100205 1.0000 1.0000 1.0000
v 1.522672 0.008119 -2.095778 1.0000 1.0000 1.0000
v 1.496296 0.180000 -2.059475 0.9802 0.9802 0.9802
v 1.515313 0.152281 -2.085649 1.0000 1.0000 1.0000
v 1.508768 0.171881 -2.076641 1.0000 1.0000 1.0000
v 2.080509 0.000000 -1.511578 1.0000 1.0000 1.0000
v 2.100205 0.027719 -1.525888 1.0000 1.0000 1.0000
v 2.095778 0.008119 -1.522672 1.0000 1.0000 1.0000
v 2.059475 0.180000 -1.496296 0.9700 0.9700 0.9700
v 2.085649 0.152281 -1.515313 1.0000 1.0000 1.0000
v 2.076641 0.171881 -1.508768 0.9902 0.9902 0.9902
v 2.445785 0.000000 -0.794684 1.0000 1.0000 1.0000
v 2.468939 0.027719 -0.802207 1.0000 1.0000 1.0000
v 2.463735 0.008119 -0.800516 1.0000 1.0000 1.0000
v 2.421058 0.180000 -0.786650 0.9902 0.9902 0.9902
v 2.451828 0.152281 -0.796647 1.0000 1.0000 1.0000
v 2.441238 0.171881 -0.793206 1.0000 1.0000 1.0000
v 2.571651 0.000000 0.000000 1.0000 1.0000 1.0000
v 2.595996 0.027719 0.000000 1.0000 1.0000 1.0000
v 2.590524 0.008119 0.000000 1.0000 1.0000 1.0000
v 2.545651 0.180000 0.000000 0.9902 0.9902 0.9902
v 2.578004 0.152281 0.000000 1.0000 1.0000 1.0000
v 2.566869 0.171881 0.000000 0.9902 0.9902 0.9902
v 2.445785 0.000000 0.794684 1.0000 1.0000 1.0000
v 2.468939 0.027719 0.802207 1.0000 1.0000 1.0000
v 2.463735 0.008119 0.800516 1.0000 1.0000 1.0000
v 2.421058 0.180000 0.786650 0.9700 0.9700 0.9700
v 2.451828 0.152281 0.796647 1.0000 1.0000 1.0000
v 2.441238 0.171881 0.793206 0.9902 0.9902 0.9902
v 2.080509 0.000000 1.511578 1.0000 1.0000 1.0000
v 2.100205 0.027719 1.525888 1.0000 1.0000 1.0000
v 2.095778 0.008119 1.522672 1.0000 1.0000 1.0000
v 2.059475 0.180000 1.496296 0.9265 0.9265 0.9265
v 2.085649 0.152281 1.515313 1.0000 1.0000 1.0000
v 2.076641 0.171881 1.508768 0.9595 0.9595 0.9595
v 1.511578 0.000000 2.080509 1.0000 1.0000 1.0000
v 1.525888 0.027719 2.100205 1.0000 1.0000 1.0000
v 1.522672 0.008119 2.095778 1.0000 1.0000 1.0000
v 1.496296 0.180000 2.059475 1.0000 1.0000 1.0000
v 1.515313 0.152281 2.085649 1.0000 1.0000 1.0000
v 1.508768 0.171881 2.076641 1.0000 1.0000 1.0000
v 0.794684 0.000000 2.445785 1.0000 1.0000 1.0000
v 0.802207 0.027719 2.468939 1.0000 1.0000 1.0000
v 0.800516 0.008119 2.463735 1.0000 1.0000 1.0000
v 0.786650 0.180000 2.421058 0.9378 0.9378 0.9378
v 0.796647 0.152281 2.451828 1.0000 1.0000 1.0000
v 0.793206 0.171881 2.441238 0.9902 0.9902 0.9902
v 0.000000 0.180000 1.421451 0.6181 0.6181 0.6181
v 0.000000 0.206382 1.440436 0.7895 0.7895 0.7895
v 0.000000 0.187727 1.438837 0.7336 0.7336 0.7336
v -0.000000 0.340000 1.363451 0.9148 0.9148 0.9148
v 0.000000 0.313618 1.401564 0.8508 0.8508 0.8508
v -0.000000 0.332273 1.386439 0.8905 0.8905 0.8905
v -0.543966 0.180000 1.313250 0.6591 0.6591 0.6591
v -0.551231 0.206382 1.330790 0.7895 0.7895 0.7895
v -0.550619 0.187727 1.329312 0.7536 0.7536 0.7536
v -0.521770 0.340000 1.259665 0.8905 0.8905 0.8905
v -0.536355 0.313618 1.294876 0.8060 0.8060 0.8060
v -0.530568 0.332273 1.280903 0.8365 0.8365 0.8365
v -1.005118 0.180000 1.005118 0.6181 0.6181 0.6181
v -1.018542 0.206382 1.018542 0.7895 0.7895 0.7895
v -1.017411 0.187727 1.017411 0.7536 0.7536 0.7536
v -0.964106 0.340000 0.964106 0.9378 0.9378 0.9378
v -0.991055 0.313618 0.991055 0.7895 0.7895 0.7895
v -0.980361 0.332273 0.980361 0.8508 0.8508 0.8508
v -1.313250 0.180000 0.543966 0.6181 0.6181 0.6181
v -1.330790 0.206382 0.551231 0.8216 0.8216 0.8216
v -1.329312 0.187727 0.550619 0.7336 0.7336 0.7336
v -1.259665 0.340000 0.521770 0.9700 0.9700 0.9700
v -1.294876 0.313618 0.536355 0.8645 0.8645 0.8645
v -1.280903 0.332273 0.530568 0.9378 0.9378 0.9378
v -1.421451 0.180000 0.000000 0.6591 0.6591 0.6591
v -1.440436 0.206382 0.000000 0.8060 0.8060 0.8060
v -1.438837 0.187727 0.000000 0.7118 0.7118 0.7118
v -1.363451 0.340000 -0.000000 0.9488 0.9488 0.9488
v -1.401564 0.313618 0.000000 0.8216 0.8216 0.8216
v -1.386439 0.332273 -0.000000 0.8905 0.8905 0.8905
v -1.313250 0.180000 -0.543966 0.6181 0.6181 0.6181
v -1.330790 0.206382 -0.551231 0.8645 0.8645 0.8645
v -1.329312 0.187727 -0.550619 0.7721 0.7721 0.7721
v -1.259665 0.340000 -0.521770 0.9700 0.9700 0.9700
v -1.294876 0.313618 -0.536355 0.9029 0.9029 0.9029
v -1.280903 0.332273 -0.530568 0.9029 0.9029 0.9029
v -1.005118 0.180000 -1.005118 0.6181 0.6181 0.6181
v -1.018542 0.206382 -1.018542 0.8645 0.8645 0.8645
v -1.017411 0.187727 -1.017411 0.8216 0.8216 0.8216
v -0.964106 0.340000 -0.964106 0.9488 0.9488 0.9488
v -0.991055 0.313618 -0.991055 0.8905 0.8905 0.8905
v -0.980361 0.332273 -0.980361 0.9029 0.9029 0.9029
v -0.543966 0.180000 -1.313250 0.6181 0.6181 0.6181
v -0.551231 0.206382 -1.330790 0.8060 0.8060 0.8060
v -0.550619 0.187727 -1.329312 0.7895 0.7895 0.7895
v -0.521770 0.340000 -1.259665 0.9029 0.9029 0.9029
v -0.536355 0.313618 -1.294876 0.8508 0.8508 0.8508
v -0.530568 0.332273 -1.280903 0.8645 0.8645 0.8645
v 0.000000 0.180000 -1.421451 0.6181 0.6181 0.6181
v 0.000000 0.206382 -1.440436 0.8216 0.8216 0.8216
v 0.000000 0.187727 -1.438837 0.7536 0.7536 0.7536
v 0.000000 0.340000 -1.363451 0.9378 0.9378 0.9378
v 0.000000 0.313618 -1.401564 0.8777 0.8777 0.8777
v 0.000000 0.332273 -1.386439 0.8905 0.8905 0.8905
v 0.543966 0.180000 -1.313250 0.6591 0.6591 0.6591
v 0.551231 0.206382 -1.330790 0.8216 0.8216 0.8216
v 0.550619 0.187727 -1.329312 0.7895 0.7895 0.7895
v 0.521770 0.340000 -1.259665 0.9378 0.9378 0.9378
v 0.536355 0.313618 -1.294876 0.8508 0.8508 0.8508
v 0.530568 0.332273 -1.280903 0.9148 0.9148 0.9148
v 1.005118 0.180000 -1.005118 0.6591 0.6591 0.6591
v 1.018542 0.206382 -1.018542 0.9148 0.9148 0.9148
v 1.017411 0.187727 -1.017411 0.8508 0.8508 0.8508
v 0.964106 0.340000 -0.964106 0.9802 0.9802 0.9802
v 0.991055 0.313618 -0.991055 0.9265 0.9265 0.9265
v 0.980361 0.332273 -0.980361 0.9700 0.9700 0.9700
v 1.313250 0.180000 -0.543966 0.6875 0.6875 0.6875
v 1.330790 0.206382 -0.551231 0.8777 0.8777 0.8777
v 1.329312 0.187727 -0.550619 0.8216 0.8216 0.8216
v 1.259665 0.340000 -0.521770 0.9595 0.9595 0.9595
v 1.294876 0.313618 -0.536355 0.9148 0.9148 0.9148
v 1.280903 0.332273 -0.530568 0.9378 0.9378 0.9378
v 1.421451 0.180000 0.000000 0.6875 0.6875 0.6875
v 1.440436 0.206382 0.000000 0.7336 0.7336 0.7336
v 1.438837 0.187727 0.000000 0.7721 0.7721 0.7721
v 1.363451 0.340000 0.000000 0.6181 0.6181 0.6181
v 1.401564 0.313618 0.000000 0.6181 0.6181 0.6181
v 1.386439 0.332273 0.000000 0.6181 0.6181 0.6181
v 1.313250 0.180000 0.543966 0.6181 0.6181 0.6181
v 1.330790 0.206382 0.551231 0.8060 0.8060 0.8060
v 1.329312 0.187727 0.550619 0.7721 0.7721 0.7721
v 1.259665 0.340000 0.521770 0.9595 0.9595 0.9595
v 1.294876 0.313618 0.536355 0.8645 0.8645 0.8645
v 1.280903 0.332273 0.530568 0.9265 0.9265 0.9265
v 1.005118 0.180000 1.005118 0.6181 0.6181 0.6181
v 1.018542 0.206382 1.018542 0.8365 0.8365 0.8365
v 1.017411 0.187727 1.017411 0.8216 0.8216 0.8216
v 0.964106 0.340000 0.964106 0.9802 0.9802 0.9802
v 0.991055 0.313618 0.991055 0.9029 0.9029 0.9029
v 0.980361 0.332273 0.980361 0.9378 0.9378 0.9378
v 0.543966 0.180000 1.313250 0.6181 0.6181 0.6181
v 0.551231 0.206382 1.330790 0.8216 0.8216 0.8216
v 0.550619 0.187727 1.329312 0.7536 0.7536 0.7536
v 0.521770 0.340000 1.259665 0.9488 0.9488 0.9488
v 0.536355 0.313618 1.294876 0.8777 0.8777 0.8777
v 0.530568 0.332273 1.280903 0.8905 0.8905 0.8905
v 0.297043 0.340000 -0.637011 0.6181 0.6181 0.6181
v 0.287467 0.368000 -0.663323 0.8216 0.8216 0.8216
v 0.323355 0.368000 -0.646588 0.8645 0.8645 0.8645
v 0.290272 0.348201 -0.655616 0.7895 0.7895 0.7895
v 0.306705 0.351834 -0.657731 0.8365 0.8365 0.8365
v 0.308877 0.368000 -0.662388 0.8508 0.8508 0.8508
v 0.315648 0.348201 -0.643783 0.7721 0.7721 0.7721
v 0.287467 0.652000 -0.663323 0.8645 0.8645 0.8645
v 0.297043 0.680000 -0.637011 0.9700 0.9700 0.9700
v 0.323355 0.652000 -0.646588 0.9148 0.9148 0.9148
v 0.290272 0.671799 -0.655616 0.9378 0.9378 0.9378
v 0.306705 0.668166 -0.657731 0.9148 0.9148 0.9148
v 0.315648 0.671799 -0.643783 0.9378 0.9378 0.9378
v 0.308877 0.652000 -0.662388 0.9029 0.9029 0.9029
v 0.637011 0.340000 0.297043 0.6181 0.6181 0.6181
v 0.663323 0.368000 0.287467 0.8777 0.8777 0.8777
v 0.646588 0.368000 0.323355 0.7895 0.7895 0.7895
v 0.655616 0.348201 0.290272 0.7895 0.7895 0.7895
v 0.657731 0.351834 0.306705 0.7895 0.7895 0.7895
v 0.662388 0.368000 0.308877 0.8060 0.8060 0.8060
v 0.643783 0.348201 0.315648 0.7721 0.7721 0.7721
v 0.637011 0.680000 0.297043 0.9700 0.9700 0.9700
v 0.646588 0.652000 0.323355 0.8777 0.8777 0.8777
v 0.663323 0.652000 0.287467 0.9378 0.9378 0.9378
v 0.643783 0.671799 0.315648 0.9265 0.9265 0.9265
v 0.657731 0.668166 0.306705 0.9488 0.9488 0.9488
v 0.662388 0.652000 0.308877 0.8905 0.8905 0.8905
v 0.655616 0.671799 0.290272 0.9595 0.9595 0.9595
v -0.637011 0.340000 -0.297043 0.6181 0.6181 0.6181
v -0.663323 0.368000 -0.287467 0.7895 0.7895 0.7895
v -0.646588 0.368000 -0.323355 0.8508 0.8508 0.8508
v -0.655616 0.348201 -0.290272 0.7336 0.7336 0.7336
v -0.657731 0.351834 -0.306705 0.7536 0.7536 0.7536
v -0.662388 0.368000 -0.308877 0.8365 0.8365 0.8365
v -0.643783 0.348201 -0.315648 0.7721 0.7721 0.7721
v -0.637011 0.680000 -0.297043 0.9902 0.9902 0.9902
v -0.646588 0.652000 -0.323355 0.9378 0.9378 0.9378
v -0.663323 0.652000 -0.287467 0.8777 0.8777 0.8777
v -0.643783 0.671799 -0.315648 0.9488 0.9488 0.9488
v -0.657731 0.668166 -0.306705 0.9378 0.9378 0.9378
v -0.662388 0.652000 -0.308877 0.9265 0.9265 0.9265
v -0.655616 0.671799 -0.290272 0.9488 0.9488 0.9488
v -0.297043 0.340000 0.637011 0.6181 0.6181 0.6181
v -0.287467 0.368000 0.663323 0.8777 0.8777 0.8777
v -0.323355 0.368000 0.646588 0.7895 0.7895 0.7895
v -0.290272 0.348201 0.655616 0.7895 0.7895 0.7895
v -0.306705 0.351834 0.657731 0.8216 0.8216 0.8216
v -0.308877 0.368000 0.662388 0.8365 0.8365 0.8365
v -0.315648 0.348201 0.643783 0.7536 0.7536 0.7536
v -0.297043 0.680000 0.637011 1.0000 1.0000 1.0000
v -0.323355 0.652000 0.646588 0.9029 0.9029 0.9029
v -0.287467 0.652000 0.663323 0.9265 0.9265 0.9265
v -0.315648 0.671799 0.643783 0.9595 0.9595 0.9595
v -0.306705 0.668166 0.657731 0.9265 0.9265 0.9265
v -0.308877 0.652000 0.662388 0.9148 0.9148 0.9148
v -0.290272 0.671799 0.655616 0.9488 0.9488 0.9488
v -2.120704 -0.010715 0.630001 0.9802 0.9802 0.9802
v -2.092930 0.014521 0.642999 0.6591 0.6591 0.6591
v -2.137157 0.017654 0.652400 0.6591 0.6591 0.6591
v -2.101953 -0.004423 0.638865 0.9148 0.9148 0.9148
v -2.115737 -0.000183 0.649860 0.9265 0.9265 0.9265
v -2.113587 0.015637 0.654704 0.6591 0.6591 0.6591
v -2.133226 -0.002207 0.645512 0.9148 0.9148 0.9148
v -2.009567 1.563365 0.628267 1.0000 1.0000 1.0000
v -2.029965 1.535849 0.650728 0.9902 0.9902 0.9902
v -1.985738 1.532716 0.641327 0.9902 0.9902 0.9902
v -2.023244 1.555504 0.643796 1.0000 1.0000 1.0000
v -2.006267 1.550277 0.648151 1.0000 1.0000 1.0000
v -2.006395 1.533832 0.653031 0.9902 0.9902 0.9902
v -1.991971 1.553288 0.637149 1.0000 1.0000 1.0000
v -2.361530 0.013887 0.522286 0.6181 0.6181 0.6181
v -2.362563 0.040681 0.551582 0.6181 0.6181 0.6181
v -2.384991 0.044357 0.512368 0.6181 0.6181 0.6181
v -2.363389 0.021306 0.542567 0.6181 0.6181 0.6181
v -2.377667 0.026575 0.532705 0.6181 0.6181 0.6181
v -2.379979 0.042851 0.535554 0.6181 0.6181 0.6181
v -2.379248 0.023905 0.514838 0.6181 0.6181 0.6181
v -2.167051 1.579453 0.557828 1.0000 1.0000 1.0000
v -2.197417 1.554340 0.546649 1.0000 1.0000 1.0000
v -2.174989 1.550664 0.585863 1.0000 1.0000 1.0000
v -2.186792 1.573191 0.550011 1.0000 1.0000 1.0000
v -2.186106 1.568649 0.567714 1.0000 1.0000 1.0000
v -2.192405 1.552834 0.569834 1.0000 1.0000 1.0000
v -2.170933 1.570591 0.577739 1.0000 1.0000 1.0000
v -2.332848 0.024059 0.259078 0.6181 0.6181 0.6181
v -2.358146 0.053878 0.266012 0.6181 0.6181 0.6181
v -2.327780 0.053017 0.232376 0.6181 0.6181 0.6181
v -2.351837 0.033627 0.263283 0.6181 0.6181 0.6181
v -2.346472 0.037639 0.246431 0.6181 0.6181 0.6181
v -2.348253 0.054103 0.244402 0.6181 0.6181 0.6181
v -2.330364 0.033018 0.239498 0.6181 0.6181 0.6181
v -2.148295 1.586105 0.385708 1.0000 1.0000 1.0000
v -2.149778 1.559605 0.354510 1.0000 1.0000 1.0000
v -2.180145 1.560466 0.388147 1.0000 1.0000 1.0000
v -2.147730 1.578820 0.364811 1.0000 1.0000 1.0000
v -2.164688 1.576245 0.371161 1.0000 1.0000 1.0000
v -2.170251 1.560691 0.366536 1.0000 1.0000 1.0000
v -2.169202 1.579429 0.388596 1.0000 1.0000 1.0000
v -2.074296 0.005744 0.204121 0.6591 0.6591 0.6591
v -2.085782 0.035874 0.180938 0.6181 0.6181 0.6181
v -2.044587 0.031666 0.199363 0.6591 0.6591 0.6591
v -2.083260 0.015513 0.186974 0.6181 0.6181 0.6181
v -2.065263 0.017718 0.186658 0.6181 0.6181 0.6181
v -2.062252 0.033843 0.183610 0.6181 0.6181 0.6181
v -2.054131 0.012538 0.200003 0.6591 0.6591 0.6591
v -1.979219 1.574127 0.349770 1.0000 1.0000 1.0000
v -1.952885 1.544367 0.339841 1.0000 1.0000 1.0000
v -1.994081 1.548576 0.321416 1.0000 1.0000 1.0000
v -1.960042 1.564613 0.344138 1.0000 1.0000 1.0000
v -1.971612 1.562568 0.330121 1.0000 1.0000 1.0000
v -1.970551 1.546545 0.324088 1.0000 1.0000 1.0000
v -1.989171 1.567588 0.331109 1.0000 1.0000 1.0000
v -1.943184 -0.015748 0.433364 0.9902 0.9902 0.9902
v -1.921869 0.011550 0.413928 0.6591 0.6591 0.6591
v -1.926776 0.009810 0.458953 0.6591 0.6591 0.6591
v -1.928823 -0.008003 0.419097 0.9265 0.9265 0.9265
v -1.922660 -0.005657 0.435990 0.8905 0.8905 0.8905
v -1.917220 0.010070 0.437191 0.6591 0.6591 0.6591
v -1.932292 -0.009233 0.450934 0.9148 0.9148 0.9148
v -1.893480 1.560073 0.499679 1.0000 1.0000 1.0000
v -1.878837 1.529685 0.522914 0.9902 0.9902 0.9902
v -1.873930 1.531425 0.477890 0.9902 0.9902 0.9902
v -1.883105 1.550202 0.516560 1.0000 1.0000 1.0000
v -1.873702 1.546519 0.501311 1.0000 1.0000 1.0000
v -1.869281 1.529945 0.501152 0.9902 0.9902 0.9902
v -1.879636 1.551433 0.484723 1.0000 1.0000 1.0000
v -0.731708 0.004521 1.987313 0.9700 0.9700 0.9700
v -0.707929 0.034133 1.975985 0.6181 0.6181 0.6181
v -0.728162 0.031162 2.016439 0.6181 0.6181 0.6181
v -0.714146 0.013904 1.978828 0.6181 0.6181 0.6181
v -0.714609 0.016575 1.996750 0.6181 0.6181 0.6181
v -0.711638 0.032742 1.999424 0.6181 0.6181 0.6181
v -0.728452 0.011803 2.007434 0.6181 0.6181 0.6181
v -0.858505 1.388295 2.025533 1.0000 1.0000 1.0000
v -0.849848 1.359161 2.053119 0.9902 0.9902 0.9902
v -0.829615 1.362132 2.012665 0.9902 0.9902 0.9902
v -0.853753 1.379241 2.045202 1.0000 1.0000 1.0000
v -0.839247 1.376776 2.034319 1.0000 1.0000 1.0000
v -0.833324 1.360741 2.036103 0.9902 0.9902 0.9902
v -0.839446 1.381342 2.016597 1.0000 1.0000 1.0000
v -0.966606 -0.011581 2.108839 0.9902 0.9902 0.9902
v -0.947818 0.016105 2.130080 0.6181 0.6181 0.6181
v -0.992608 0.014619 2.123266 0.6181 0.6181 0.6181
v -0.952890 -0.003582 2.123548 0.9265 0.9265 0.9265
v -0.970009 -0.000932 2.128883 0.9148 0.9148 0.9148
v -0.971276 0.014944 2.133749 0.6181 0.6181 0.6181
v -0.984561 -0.004633 2.118730 0.9488 0.9488 0.9488
v -1.012113 1.377766 2.105003 1.0000 1.0000 1.0000
v -1.036281 1.347966 2.119584 1.0000 1.0000 1.0000
v -0.991491 1.349452 2.126399 1.0000 1.0000 1.0000
v -1.029531 1.368312 2.114938 1.0000 1.0000 1.0000
v -1.014741 1.364747 2.125112 1.0000 1.0000 1.0000
v -1.014949 1.348291 2.130068 1.0000 1.0000 1.0000
v -0.997859 1.369363 2.119757 1.0000 1.0000 1.0000
v -1.155320 -0.009532 1.922862 0.9902 0.9902 0.9902
v -1.169078 0.016535 1.949356 0.6181 0.6181 0.6181
v -1.176526 0.018588 1.904689 0.6591 0.6591 0.6591
v -1.164871 -0.002675 1.941034 0.9595 0.9595 0.9595
v -1.175194 0.001296 1.926674 0.9265 0.9265 0.9265
v -1.179866 0.017209 1.928184 0.6591 0.6591 0.6591
v -1.170138 -0.001223 1.909451 0.9488 0.9488 0.9488
v -1.135519 1.379106 1.983386 1.0000 1.0000 1.0000
v -1.157524 1.351254 1.962774 1.0000 1.0000 1.0000
v -1.150075 1.349201 2.007440 1.0000 1.0000 1.0000
v -1.150571 1.371021 1.969260 1.0000 1.0000 1.0000
v -1.155730 1.366277 1.986167 1.0000 1.0000 1.0000
v -1.160864 1.349875 1.986269 1.0000 1.0000 1.0000
v -1.145304 1.369569 2.000844 1.0000 1.0000 1.0000
v -1.037054 0.007836 1.686395 0.6591 0.6591 0.6591
v -1.065934 0.034829 1.683566 0.6181 0.6181 0.6181
v -1.025748 0.037584 1.662775 0.6181 0.6181 0.6181
v -1.057139 0.015371 1.683514 0.6591 0.6591 0.6591
v -1.046606 0.020180 1.669569 0.6591 0.6591 0.6591
v -1.049144 0.036406 1.666812 0.6181 0.6181 0.6181
v -1.028723 0.017319 1.668813 0.6591 0.6591 0.6591
v -1.058181 1.390463 1.828753 1.0000 1.0000 1.0000
v -1.046023 1.364482 1.799395 0.9902 0.9902 0.9902
v -1.086210 1.361727 1.820186 1.0000 1.0000 1.0000
v -1.049601 1.383624 1.809490 1.0000 1.0000 1.0000
v -1.067373 1.379253 1.809501 1.0000 1.0000 1.0000
v -1.069420 1.363304 1.803432 1.0000 1.0000 1.0000
v -1.078017 1.381676 1.824191 1.0000 1.0000 1.0000
v -0.775248 0.016521 1.726228 0.6591 0.6591 0.6591
v -0.780928 0.045705 1.700024 0.6181 0.6181 0.6181
v -0.748643 0.045355 1.731841 0.6181 0.6181 0.6181
v -0.778575 0.025617 1.706872 0.6591 0.6591 0.6591
v -0.761949 0.029623 1.712878 0.6591 0.6591 0.6591
v -0.759763 0.046006 1.710841 0.6181 0.6181 0.6181
v -0.755746 0.025370 1.729370 0.6591 0.6591 0.6591
v -0.886977 1.396143 1.854801 1.0000 1.0000 1.0000
v -0.855869 1.369368 1.855231 0.9902 0.9902 0.9902
v -0.888155 1.369719 1.823414 0.9902 0.9902 0.9902
v -0.866157 1.388704 1.856425 1.0000 1.0000 1.0000
v -0.871775 1.385742 1.839261 0.9902 0.9902 0.9902
v -0.866989 1.370020 1.834231 0.9902 0.9902 0.9902
v -0.888986 1.388952 1.833927 1.0000 1.0000 1.0000
v 1.061290 -0.010554 1.843014 0.9902 0.9902 0.9902
v 1.068653 0.017487 1.816021 0.6591 0.6591 0.6591
v 1.087688 0.015401 1.857109 0.6181 0.6181 0.6181
v 1.065991 -0.002299 1.823573 0.8905 0.8905 0.8905
v 1.079889 0.000167 1.834942 0.8777 0.8777 0.8777
v 1.084657 0.016054 1.833540 0.6591 0.6591 0.6591
v 1.079451 -0.003775 1.852627 0.9265 0.9265 0.9265
v 1.083595 1.340750 1.901312 1.0000 1.0000 1.0000
v 1.109069 1.310732 1.912992 1.0000 1.0000 1.0000
v 1.090034 1.312819 1.871904 1.0000 1.0000 1.0000
v 1.101485 1.331136 1.910218 1.0000 1.0000 1.0000
v 1.101803 1.327814 1.892220 1.0000 1.0000 1.0000
v 1.106038 1.311386 1.889423 1.0000 1.0000 1.0000
v 1.088025 1.332611 1.881164 1.0000 1.0000 1.0000
v 1.010364 -0.011942 2.103032 1.0000 1.0000 1.0000
v 1.040076 0.014103 2.100204 0.6181 0.6181 0.6181
v 1.006943 0.015806 2.131094 0.6181 0.6181 0.6181
v 1.030795 -0.005100 2.101050 0.9265 0.9265 0.9265
v 1.024521 -0.001342 2.117633 0.9148 0.9148 0.9148
v 1.028377 0.014520 2.120893 0.6181 0.6181 0.6181
v 1.007367 -0.003896 2.122893 0.9378 0.9378 0.9378
v 1.050292 1.339843 2.071346 1.0000 1.0000 1.0000
v 1.045218 1.311598 2.100721 1.0000 1.0000 1.0000
v 1.078351 1.309896 2.069831 1.0000 1.0000 1.0000
v 1.046811 1.331488 2.091592 1.0000 1.0000 1.0000
v 1.063751 1.326778 2.086502 1.0000 1.0000 1.0000
v 1.066651 1.310313 2.090520 1.0000 1.0000 1.0000
v 1.070239 1.330284 2.069749 1.0000 1.0000 1.0000
v 0.747939 0.005549 2.135162 0.6875 0.6875 0.6875
v 0.761598 0.032159 2.161134 0.6181 0.6181 0.6181
v 0.722086 0.035298 2.139137 0.6181 0.6181 0.6181
v 0.756645 0.012815 2.153590 0.6181 0.6181 0.6181
v 0.739215 0.017674 2.152565 0.6181 0.6181 0.6181
v 0.738364 0.033850 2.156401 0.6181 0.6181 0.6181
v 0.728705 0.015034 2.138037 0.6181 0.6181 0.6181
v 0.878684 1.351281 2.092357 1.0000 1.0000 1.0000
v 0.847416 1.325288 2.098105 0.9902 0.9902 0.9902
v 0.886928 1.322149 2.120102 1.0000 1.0000 1.0000
v 0.857864 1.344440 2.095751 1.0000 1.0000 1.0000
v 0.867671 1.339847 2.110509 1.0000 1.0000 1.0000
v 0.863693 1.323840 2.115370 0.9902 0.9902 0.9902
v 0.885803 1.342220 2.111305 1.0000 1.0000 1.0000
v 0.636679 0.017747 1.895001 0.6591 0.6591 0.6591
v 0.618067 0.046702 1.914607 0.6181 0.6181 0.6181
v 0.626780 0.046939 1.870122 0.6181 0.6181 0.6181
v 0.622406 0.026688 1.908585 0.6181 0.6181 0.6181
v 0.618252 0.030935 1.891463 0.6591 0.6591 0.6591
v 0.615407 0.047330 1.890993 0.6181 0.6181 0.6181
v 0.628567 0.026856 1.877129 0.6591 0.6591 0.6591
v 0.805927 1.359257 1.935308 1.0000 1.0000 1.0000
v 0.789018 1.332883 1.908759 0.9902 0.9902 0.9902
v 0.780305 1.332645 1.953244 0.9902 0.9902 0.9902
v 0.795762 1.352091 1.916947 1.0000 1.0000 1.0000
v 0.784538 1.348961 1.931064 0.9902 0.9902 0.9902
v 0.777645 1.333274 1.929630 0.9902 0.9902 0.9902
v 0.789601 1.351923 1.948403 1.0000 1.0000 1.0000
v 0.830340 0.007794 1.714444 0.6591 0.6591 0.6591
v 0.807837 0.037634 1.701316 0.6181 0.6181 0.6181
v 0.852734 0.034642 1.695819 0.6181 0.6181 0.6181
v 0.813593 0.017347 1.704623 0.6591 0.6591 0.6591
v 0.828801 0.020115 1.695161 0.6591 0.6591 0.6591
v 0.829427 0.036331 1.691454 0.6181 0.6181 0.6181
v 0.845340 0.015231 1.700737 0.6591 0.6591 0.6591
v 0.932569 1.352749 1.817235 1.0000 1.0000 1.0000
v 0.950728 1.323887 1.794353 1.0000 1.0000 1.0000
v 0.905832 1.326879 1.799850 0.9902 0.9902 0.9902
v 0.946328 1.343869 1.802281 1.0000 1.0000 1.0000
v 0.929240 1.341524 1.796154 1.0000 1.0000 1.0000
v 0.927422 1.325576 1.789988 1.0000 1.0000 1.0000
v 0.914581 1.345985 1.806168 1.0000 1.0000 1.0000
v 2.132134 -0.005763 0.315013 0.9802 0.9802 0.9802
v 2.114441 0.021843 0.292420 0.6181 0.6181 0.6181
v 2.158467 0.021655 0.303164 0.6181 0.6181 0.6181
v 2.119532 0.002167 0.299210 0.9148 0.9148 0.9148
v 2.136961 0.005521 0.295432 0.6181 0.6181 0.6181
v 2.138152 0.021555 0.290831 0.6181 0.6181 0.6181
v 2.150663 0.002034 0.306807 0.8905 0.8905 0.8905
v 2.133579 1.899151 0.342404 1.0000 1.0000 1.0000
v 2.159869 1.870559 0.329749 1.0000 1.0000 1.0000
v 2.115844 1.870747 0.319005 1.0000 1.0000 1.0000
v 2.152095 1.890543 0.333961 1.0000 1.0000 1.0000
v 2.138388 1.886762 0.322482 1.0000 1.0000 1.0000
v 2.139555 1.870458 0.317416 0.9902 0.9902 0.9902
v 2.120965 1.890676 0.326364 1.0000 1.0000 1.0000
v 2.303487 -0.002421 0.517082 0.9700 0.9700 0.9700
v 2.319034 0.024787 0.492514 0.6591 0.6591 0.6591
v 2.322429 0.025899 0.537691 0.6181 0.6181 0.6181
v 2.314485 0.005229 0.499995 0.6591 0.6591 0.6591
v 2.323407 0.009157 0.515300 0.6181 0.6181 0.6181
v 2.327879 0.025255 0.514567 0.6181 0.6181 0.6181
v 2.316886 0.006016 0.531940 0.6181 0.6181 0.6181
v 2.245633 1.901336 0.474543 1.0000 1.0000 1.0000
v 2.266276 1.873680 0.496403 1.0000 1.0000 1.0000
v 2.262881 1.872568 0.451226 1.0000 1.0000 1.0000
v 2.259529 1.893378 0.489767 1.0000 1.0000 1.0000
v 2.266272 1.889256 0.473290 1.0000 1.0000 1.0000
v 2.271726 1.873036 0.473279 1.0000 1.0000 1.0000
v 2.257129 1.892591 0.457822 1.0000 1.0000 1.0000
v 2.164251 0.004763 0.742396 0.9700 0.9700 0.9700
v 2.191957 0.032631 0.748823 0.6181 0.6181 0.6181
v 2.150030 0.033507 0.766000 0.6181 0.6181 0.6181
v 2.183769 0.012884 0.747352 0.6181 0.6181 0.6181
v 2.171907 0.016974 0.760461 0.6181 0.6181 0.6181
v 2.173713 0.033209 0.764042 0.6181 0.6181 0.6181
v 2.154121 0.013503 0.759498 0.6181 0.6181 0.6181
v 2.154582 1.906034 0.621884 1.0000 1.0000 1.0000
v 2.140645 1.878875 0.649031 1.0000 1.0000 1.0000
v 2.182572 1.877999 0.631854 1.0000 1.0000 1.0000
v 2.144536 1.898401 0.640023 1.0000 1.0000 1.0000
v 2.162358 1.894618 0.641446 1.0000 1.0000 1.0000
v 2.164328 1.878577 0.647073 1.0000 1.0000 1.0000
v 2.174183 1.897782 0.627877 1.0000 1.0000 1.0000
v 1.906845 0.005861 0.679580 0.6181 0.6181 0.6181
v 1.908826 0.034536 0.707137 0.6181 0.6181 0.6181
v 1.879519 0.033965 0.672576 0.6181 0.6181 0.6181
v 1.908029 0.014553 0.699442 0.6181 0.6181 0.6181
v 1.891828 0.018169 0.692111 0.6181 0.6181 0.6181
v 1.888706 0.034425 0.694490 0.6181 0.6181 0.6181
v 1.887305 0.014149 0.675003 0.6181 0.6181 0.6181
v 1.986255 1.906752 0.580806 1.0000 1.0000 1.0000
v 1.956594 1.878964 0.576707 1.0000 1.0000 1.0000
v 1.985901 1.879535 0.611268 1.0000 1.0000 1.0000
v 1.966031 1.898670 0.577080 1.0000 1.0000 1.0000
v 1.970251 1.895437 0.594565 1.0000 1.0000 1.0000
v 1.965781 1.879424 0.598620 1.0000 1.0000 1.0000
v 1.986755 1.899074 0.601519 1.0000 1.0000 1.0000
v 1.886996 -0.000644 0.415442 0.9802 0.9802 0.9802
v 1.860919 0.027869 0.425065 0.6591 0.6591 0.6591
v 1.884733 0.026640 0.386528 0.6591 0.6591 0.6591
v 1.868328 0.007930 0.422475 0.6591 0.6591 0.6591
v 1.870230 0.011091 0.404707 0.6591 0.6591 0.6591
v 1.866728 0.027223 0.402029 0.6591 0.6591 0.6591
v 1.885167 0.007061 0.395225 0.6591 0.6591 0.6591
v 1.973275 1.902498 0.408078 1.0000 1.0000 1.0000
v 1.968475 1.873824 0.379380 0.9902 0.9902 0.9902
v 1.944661 1.875053 0.417917 0.9902 0.9902 0.9902
v 1.970703 1.893813 0.387924 0.9902 0.9902 0.9902
v 1.955437 1.890583 0.397434 0.9902 0.9902 0.9902
v 1.950470 1.874407 0.394881 0.9902 0.9902 0.9902
v 1.953864 1.894682 0.415173 1.0000 1.0000 1.0000
v 1.586029 0.000221 -1.510284 0.9700 0.9700 0.9700
v 1.557033 0.027511 -1.509408 0.6181 0.6181 0.6181
v 1.592867 0.028847 -1.537117 0.6181 0.6181 0.6181
v 1.565730 0.007931 -1.509959 0.6181 0.6181 0.6181
v 1.573597 0.012026 -1.525791 0.6181 0.6181 0.6181
v 1.570565 0.028172 -1.528933 0.6181 0.6181 0.6181
v 1.591068 0.008875 -1.529552 0.6181 0.6181 0.6181
v 1.587546 1.935093 -1.415033 1.0000 1.0000 1.0000
v 1.594340 1.907771 -1.444621 1.0000 1.0000 1.0000
v 1.558506 1.906435 -1.416911 0.9902 0.9902 0.9902
v 1.592572 1.927361 -1.435108 1.0000 1.0000 1.0000
v 1.575096 1.923252 -1.431704 1.0000 1.0000 1.0000
v 1.572038 1.907097 -1.436436 1.0000 1.0000 1.0000
v 1.567234 1.926417 -1.415514 1.0000 1.0000 1.0000
v 1.850795 0.006679 -1.518150 0.6181 0.6181 0.6181
v 1.840991 0.034899 -1.544490 0.6181 0.6181 0.6181
v 1.878428 0.035350 -1.518957 0.6181 0.6181 0.6181
v 1.844205 0.015050 -1.537074 0.6181 0.6181 0.6181
v 1.861695 0.019053 -1.534351 0.6181 0.6181 0.6181
v 1.863745 0.035323 -1.537644 0.6181 0.6181 0.6181
v 1.870678 0.015369 -1.519019 0.6181 0.6181 0.6181
v 1.760685 1.939316 -1.420177 1.0000 1.0000 1.0000
v 1.790924 1.912104 -1.423817 1.0000 1.0000 1.0000
v 1.753486 1.911653 -1.449349 1.0000 1.0000 1.0000
v 1.781331 1.931639 -1.421876 1.0000 1.0000 1.0000
v 1.772686 1.928071 -1.437575 1.0000 1.0000 1.0000
v 1.776241 1.912078 -1.442504 1.0000 1.0000 1.0000
v 1.754859 1.931320 -1.439930 1.0000 1.0000 1.0000
v 1.940198 0.004489 -1.268737 0.9700 0.9700 0.9700
v 1.962211 0.033298 -1.285221 0.6181 0.6181 0.6181
v 1.949515 0.032240 -1.241731 0.6181 0.6181 0.6181
v 1.956154 0.013275 -1.280561 0.6181 0.6181 0.6181
v 1.958976 0.016670 -1.262959 0.6181 0.6181 0.6181
v 1.962742 0.032898 -1.261465 0.6181 0.6181 0.6181
v 1.947176 0.012528 -1.249809 0.6181 0.6181 0.6181
v 1.819149 1.937884 -1.257077 1.0000 1.0000 1.0000
v 1.831966 1.909731 -1.230409 1.0000 1.0000 1.0000
v 1.844662 1.910788 -1.273898 1.0000 1.0000 1.0000
v 1.827152 1.929549 -1.238248 1.0000 1.0000 1.0000
v 1.839406 1.926437 -1.251441 1.0000 1.0000 1.0000
v 1.845192 1.910389 -1.250142 1.0000 1.0000 1.0000
v 1.836129 1.930296 -1.269000 1.0000 1.0000 1.0000
v 1.730685 -0.003322 -1.106724 0.9802 0.9802 0.9802
v 1.753172 0.024920 -1.089902 0.6181 0.6181 0.6181
v 1.707887 0.023816 -1.088556 0.6181 0.6181 0.6181
v 1.746866 0.005059 -1.094912 0.6181 0.6181 0.6181
v 1.731001 0.008170 -1.086669 0.6181 0.6181 0.6181
v 1.730745 0.024249 -1.082065 0.6181 0.6181 0.6181
v 1.714845 0.004278 -1.093960 0.6875 0.6875 0.6875
v 1.682141 1.932776 -1.151131 0.9902 0.9902 0.9902
v 1.660747 1.903931 -1.131680 0.9902 0.9902 0.9902
v 1.706031 1.905035 -1.133025 0.9902 0.9902 0.9902
v 1.666712 1.923980 -1.137992 0.9902 0.9902 0.9902
v 1.683050 1.920608 -1.130534 0.9902 0.9902 0.9902
v 1.683605 1.904364 -1.125189 0.9902 0.9902 0.9902
v 1.698733 1.924761 -1.138943 0.9902 0.9902 0.9902
v 1.511797 -0.005960 -1.256008 0.9802 0.9802 0.9802
v 1.502758 0.021343 -1.228457 0.6591 0.6591 0.6591
v 1.487467 0.021718 -1.271115 0.6181 0.6181 0.6181
v 1.505571 0.001756 -1.236687 0.9378 0.9378 0.9378
v 1.492824 0.005300 -1.249108 0.6591 0.6591 0.6591
v 1.488367 0.021328 -1.247370 0.6591 0.6591 0.6591
v 1.494758 0.002021 -1.266851 0.9488 0.9488 0.9488
v 1.539003 1.931051 -1.248753 0.9902 0.9902 0.9902
v 1.513886 1.902720 -1.264070 0.9902 0.9902 0.9902
v 1.529177 1.902345 -1.221412 1.0000 1.0000 1.0000
v 1.521734 1.922628 -1.259658 0.9902 0.9902 0.9902
v 1.519697 1.918639 -1.241942 0.9902 0.9902 0.9902
v 1.514786 1.902330 -1.240325 0.9902 0.9902 0.9902
v 1.532547 1.922363 -1.229494 1.0000 1.0000 1.0000
v -0.156733 -0.007001 -2.182461 0.9802 0.9802 0.9802
v -0.175131 0.019671 -2.159274 0.6591 0.6591 0.6591
v -0.174453 0.021015 -2.204566 0.6181 0.6181 0.6181
v -0.169424 0.000276 -2.166404 0.9595 0.9595 0.9595
v -0.177024 0.004102 -2.182436 0.6181 0.6181 0.6181
v -0.181955 0.020086 -2.182035 0.6181 0.6181 0.6181
v -0.168945 0.001226 -2.198431 0.9265 0.9265 0.9265
v -0.151434 1.993514 -2.123028 1.0000 1.0000 1.0000
v -0.169303 1.965540 -2.146796 1.0000 1.0000 1.0000
v -0.169981 1.964196 -2.101504 1.0000 1.0000 1.0000
v -0.163690 1.985342 -2.139484 1.0000 1.0000 1.0000
v -0.171788 1.980953 -2.123705 1.0000 1.0000 1.0000
v -0.176804 1.964611 -2.124265 1.0000 1.0000 1.0000
v -0.164169 1.984392 -2.107458 1.0000 1.0000 1.0000
v 0.002093 0.004942 -2.394207 0.9378 0.9378 0.9378
v -0.025585 0.032209 -2.403037 0.6181 0.6181 0.6181
v 0.017690 0.034170 -2.416343 0.6181 0.6181 0.6181
v -0.017088 0.012645 -2.400887 0.6181 0.6181 0.6181
v -0.004192 0.017097 -2.412855 0.6181 0.6181 0.6181
v -0.006059 0.033312 -2.416539 0.6181 0.6181 0.6181
v 0.013512 0.014031 -2.410295 0.6181 0.6181 0.6181
v -0.047573 2.001323 -2.261496 1.0000 1.0000 1.0000
v -0.030586 1.974678 -2.287345 1.0000 1.0000 1.0000
v -0.073861 1.972717 -2.274040 1.0000 1.0000 1.0000
v -0.035746 1.994048 -2.278672 1.0000 1.0000 1.0000
v -0.053270 1.989864 -2.281714 1.0000 1.0000 1.0000
v -0.054335 1.973820 -2.287542 1.0000 1.0000 1.0000
v -0.066346 1.992661 -2.269263 1.0000 1.0000 1.0000
v 0.252668 0.011552 -2.308339 0.6181 0.6181 0.6181
v 0.252555 0.040366 -2.335858 0.6181 0.6181 0.6181
v 0.278623 0.040234 -2.298790 0.6181 0.6181 0.6181
v 0.253094 0.020352 -2.328195 0.6181 0.6181 0.6181
v 0.268481 0.024291 -2.319415 0.6591 0.6591 0.6591
v 0.271447 0.040633 -2.321442 0.6591 0.6591 0.6591
v 0.271526 0.020259 -2.301983 0.6181 0.6181 0.6181
v 0.116287 2.005646 -2.205344 1.0000 1.0000 1.0000
v 0.146059 1.978518 -2.198677 1.0000 1.0000 1.0000
v 0.119991 1.978650 -2.235745 1.0000 1.0000 1.0000
v 0.136263 1.998006 -2.199832 1.0000 1.0000 1.0000
v 0.133713 1.994797 -2.217638 1.0000 1.0000 1.0000
v 0.138883 1.978917 -2.221329 1.0000 1.0000 1.0000
v 0.117830 1.998100 -2.226044 1.0000 1.0000 1.0000
v 0.248706 0.003695 -2.043524 0.9700 0.9700 0.9700
v 0.274910 0.032870 -2.050576 0.6591 0.6591 0.6591
v 0.247745 0.030827 -2.014361 0.6591 0.6591 0.6591
v 0.267738 0.012746 -2.048786 0.6591 0.6591 0.6591
v 0.264170 0.015741 -2.031245 0.6591 0.6591 0.6591
v 0.267059 0.031932 -2.028165 0.6591 0.6591 0.6591
v 0.248530 0.011302 -2.023178 0.6591 0.6591 0.6591
v 0.113696 2.000509 -2.032172 1.0000 1.0000 1.0000
v 0.116514 1.971755 -2.003327 1.0000 1.0000 1.0000
v 0.143678 1.973797 -2.039542 1.0000 1.0000 1.0000
v 0.114627 1.991747 -2.011919 1.0000 1.0000 1.0000
v 0.130757 1.988934 -2.020028 1.0000 1.0000 1.0000
v 0.135828 1.972859 -2.017131 1.0000 1.0000 1.0000
v 0.133835 1.993191 -2.037528 1.0000 1.0000 1.0000
v -0.004318 -0.007771 -1.965726 0.9700 0.9700 0.9700
v 0.010585 0.020080 -1.941441 0.6875 0.6875 0.6875
v -0.032271 0.018949 -1.956127 0.6591 0.6591 0.6591
v 0.006608 0.000339 -1.948794 0.9265 0.9265 0.9265
v -0.011167 0.003264 -1.946587 0.8508 0.8508 0.8508
v -0.013158 0.019233 -1.942006 0.6875 0.6875 0.6875
v -0.023696 -0.000461 -1.959178 0.9488 0.9488 0.9488
v -0.051765 1.993010 -1.981298 1.0000 1.0000 1.0000
v -0.078391 1.963733 -1.971263 1.0000 1.0000 1.0000
v -0.035534 1.964864 -1.956577 1.0000 1.0000 1.0000
v -0.070754 1.983920 -1.974622 1.0000 1.0000 1.0000
v -0.058053 1.980378 -1.961974 1.0000 1.0000 1.0000
v -0.059278 1.964017 -1.957142 1.0000 1.0000 1.0000
v -0.040450 1.984719 -1.964238 1.0000 1.0000 1.0000
v -1.780275 0.001418 -1.168153 0.9802 0.9802 0.9802
v -1.774273 0.030305 -1.141490 0.6875 0.6875 0.6875
v -1.809254 0.028570 -1.170252 0.6591 0.6591 0.6591
v -1.775826 0.010263 -1.148850 0.6875 0.6875 0.6875
v -1.793178 0.013305 -1.153178 0.6591 0.6591 0.6591
v -1.796317 0.029462 -1.150335 0.6591 0.6591 0.6591
v -1.800561 0.009037 -1.169189 0.6591 0.6591 0.6591
v -1.777913 1.724259 -1.274936 1.0000 1.0000 1.0000
v -1.806968 1.695498 -1.273570 1.0000 1.0000 1.0000
v -1.771987 1.697233 -1.244807 1.0000 1.0000 1.0000
v -1.798221 1.715500 -1.274957 1.0000 1.0000 1.0000
v -1.790848 1.712513 -1.258497 1.0000 1.0000 1.0000
v -1.794031 1.696390 -1.253653 1.0000 1.0000 1.0000
v -1.773486 1.716727 -1.254619 1.0000 1.0000 1.0000
v -1.846800 -0.007327 -1.424479 0.9802 0.9802 0.9802
v -1.871555 0.020380 -1.410305 0.6181 0.6181 0.6181
v -1.854986 0.019695 -1.452483 0.6181 0.6181 0.6181
v -1.864151 0.000677 -1.414208 0.9488 0.9488 0.9488
v -1.865547 0.003791 -1.432024 0.6591 0.6591 0.6591
v -1.869939 0.019784 -1.434010 0.6181 0.6181 0.6181
v -1.852435 0.000193 -1.444032 0.9265 0.9265 0.9265
v -1.821415 1.718540 -1.442556 1.0000 1.0000 1.0000
v -1.830425 1.689551 -1.469974 1.0000 1.0000 1.0000
v -1.846995 1.690236 -1.427796 1.0000 1.0000 1.0000
v -1.827291 1.709654 -1.461938 1.0000 1.0000 1.0000
v -1.840511 1.705985 -1.449854 1.0000 1.0000 1.0000
v -1.845378 1.689640 -1.451501 1.0000 1.0000 1.0000
v -1.839008 1.710138 -1.432113 1.0000 1.0000 1.0000
v -1.623532 -0.005066 -1.567137 0.9802 0.9802 0.9802
v -1.645892 0.021812 -1.586084 0.6181 0.6181 0.6181
v -1.600671 0.023123 -1.583388 0.6591 0.6591 0.6591
v -1.639016 0.002353 -1.580397 0.9148 0.9148 0.9148
v -1.622664 0.006250 -1.587216 0.6181 0.6181 0.6181
v -1.622850 0.022286 -1.591889 0.6181 0.6181 0.6181
v -1.607039 0.003280 -1.578491 0.9029 0.9029 0.9029
v -1.675413 1.720018 -1.535845 1.0000 1.0000 1.0000
v -1.650868 1.692222 -1.553112 1.0000 1.0000 1.0000
v -1.696090 1.690911 -1.555808 1.0000 1.0000 1.0000
v -1.658427 1.711967 -1.547497 1.0000 1.0000 1.0000
v -1.673833 1.707672 -1.556354 1.0000 1.0000 1.0000
v -1.673047 1.691385 -1.561613 1.0000 1.0000 1.0000
v -1.690403 1.711040 -1.549403 1.0000 1.0000 1.0000
v -1.419021 0.005076 -1.398979 0.9265 0.9265 0.9265
v -1.409143 0.032621 -1.425906 0.6591 0.6591 0.6591
v -1.397764 0.034117 -1.382062 0.6875 0.6875 0.6875
v -1.411549 0.012975 -1.417751 0.6591 0.6591 0.6591
v -1.400184 0.017284 -1.404284 0.6591 0.6591 0.6591
v -1.396518 0.033510 -1.405789 0.6591 0.6591 0.6591
v -1.403503 0.014033 -1.386748 0.6875 0.6875 0.6875
v -1.541677 1.726650 -1.425881 0.9902 0.9902 0.9902
v -1.516439 1.699820 -1.408091 0.9802 0.9802 0.9802
v -1.527818 1.698324 -1.451935 0.9902 0.9902 0.9902
v -1.524992 1.719243 -1.413395 0.9902 0.9902 0.9902
v -1.521157 1.715244 -1.430817 0.9902 0.9902 0.9902
v -1.515193 1.699213 -1.431818 0.9802 0.9802 0.9802
v -1.533038 1.718185 -1.444397 0.9902 0.9902 0.9902
v -1.515894 0.009084 -1.152393 0.6875 0.6875 0.6875
v -1.488487 0.037870 -1.151131 0.6875 0.6875 0.6875
v -1.526676 0.037484 -1.126730 0.6875 0.6875 0.6875
v -1.496102 0.017864 -1.151040 0.6875 0.6875 0.6875
v -1.505568 0.021643 -1.136034 0.6875 0.6875 0.6875
v -1.503727 0.037946 -1.132894 0.6875 0.6875 0.6875
v -1.523106 0.017590 -1.133786 0.6875 0.6875 0.6875
v -1.605025 1.729271 -1.264630 1.0000 1.0000 1.0000
v -1.612914 1.701845 -1.235325 0.9902 0.9902 0.9902
v -1.574725 1.702231 -1.259726 0.9902 0.9902 0.9902
v -1.611390 1.721427 -1.244956 1.0000 1.0000 1.0000
v -1.593476 1.718236 -1.246731 1.0000 1.0000 1.0000
v -1.589965 1.702307 -1.241488 0.9902 0.9902 0.9902
v -1.584386 1.721700 -1.262210 1.0000 1.0000 1.0000
v -0.769655 0.260000 1.089082 0.6591 0.6591 0.6591
v -0.793904 0.288000 1.075082 0.6591 0.6591 0.6591
v -0.755655 0.288000 1.064833 0.6591 0.6591 0.6591
v -0.786802 0.268201 1.079182 0.6591 0.6591 0.6591
v -0.775572 0.271834 1.066999 0.6591 0.6591 0.6591
v -0.776902 0.288000 1.062036 0.6591 0.6591 0.6591
v -0.759756 0.268201 1.071935 0.6591 0.6591 0.6591
v -0.793904 0.452000 1.075082 0.9148 0.9148 0.9148
v -0.769655 0.480000 1.089082 0.9902 0.9902 0.9902
v -0.755655 0.452000 1.064833 0.9029 0.9029 0.9029
v -0.786802 0.471799 1.079182 0.9265 0.9265 0.9265
v -0.775572 0.468166 1.066999 0.9265 0.9265 0.9265
v -0.759756 0.471799 1.071935 0.9378 0.9378 0.9378
v -0.776902 0.452000 1.062036 0.8777 0.8777 0.8777
v -0.558345 0.260000 1.211082 0.6591 0.6591 0.6591
v -0.544345 0.288000 1.186833 0.6591 0.6591 0.6591
v -0.534096 0.288000 1.225082 0.6181 0.6181 0.6181
v -0.548445 0.268201 1.193935 0.6591 0.6591 0.6591
v -0.536262 0.271834 1.205165 0.6591 0.6591 0.6591
v -0.531299 0.288000 1.203835 0.6591 0.6591 0.6591
v -0.541198 0.268201 1.220981 0.6181 0.6181 0.6181
v -0.558345 0.480000 1.211082 0.9700 0.9700 0.9700
v -0.534096 0.452000 1.225082 0.8777 0.8777 0.8777
v -0.544345 0.452000 1.186833 0.9148 0.9148 0.9148
v -0.541198 0.471799 1.220981 0.9378 0.9378 0.9378
v -0.536262 0.468166 1.205165 0.9378 0.9378 0.9378
v -0.531299 0.452000 1.203835 0.9029 0.9029 0.9029
v -0.548445 0.471799 1.193935 0.9265 0.9265 0.9265
v -0.891655 0.260000 1.300392 0.6591 0.6591 0.6591
v -0.905655 0.288000 1.324641 0.7721 0.7721 0.7721
v -0.915904 0.288000 1.286392 0.8365 0.8365 0.8365
v -0.901555 0.268201 1.317538 0.7536 0.7536 0.7536
v -0.913738 0.271834 1.306309 0.7336 0.7336 0.7336
v -0.918701 0.288000 1.307639 0.7895 0.7895 0.7895
v -0.908802 0.268201 1.290492 0.7336 0.7336 0.7336
v -0.891655 0.480000 1.300392 0.9802 0.9802 0.9802
v -0.915904 0.452000 1.286392 0.9029 0.9029 0.9029
v -0.905655 0.452000 1.324641 0.8508 0.8508 0.8508
v -0.908802 0.471799 1.290492 0.9378 0.9378 0.9378
v -0.913738 0.468166 1.306309 0.8777 0.8777 0.8777
v -0.918701 0.452000 1.307639 0.8508 0.8508 0.8508
v -0.901555 0.471799 1.317538 0.8905 0.8905 0.8905
v -0.680345 0.260000 1.422392 0.6875 0.6875 0.6875
v -0.656096 0.288000 1.436392 0.8365 0.8365 0.8365
v -0.694345 0.288000 1.446641 0.8508 0.8508 0.8508
v -0.663199 0.268201 1.432292 0.8060 0.8060 0.8060
v -0.674428 0.271834 1.444475 0.8060 0.8060 0.8060
v -0.673098 0.288000 1.449438 0.8777 0.8777 0.8777
v -0.690244 0.268201 1.439538 0.7895 0.7895 0.7895
v -0.680345 0.480000 1.422392 0.9902 0.9902 0.9902
v -0.694345 0.452000 1.446641 0.8905 0.8905 0.8905
v -0.656096 0.452000 1.436392 0.8645 0.8645 0.8645
v -0.690244 0.471799 1.439538 0.9378 0.9378 0.9378
v -0.674428 0.468166 1.444475 0.9265 0.9265 0.9265
v -0.673098 0.452000 1.449438 0.9029 0.9029 0.9029
v -0.663199 0.471799 1.432292 0.9378 0.9378 0.9378
v 1.328000 0.260000 0.122000 0.6181 0.6181 0.6181
v 1.328000 0.288000 0.150000 0.6181 0.6181 0.6181
v 1.300000 0.288000 0.122000 0.6181 0.6181 0.6181
v 1.328000 0.268201 0.141799 0.6181 0.6181 0.6181
v 1.311834 0.271834 0.138166 0.6181 0.6181 0.6181
v 1.308201 0.288000 0.141799 0.6181 0.6181 0.6181
v 1.308201 0.268201 0.122000 0.6181 0.6181 0.6181
v 1.328000 0.452000 0.150000 0.8508 0.8508 0.8508
v 1.328000 0.480000 0.122000 0.9700 0.9700 0.9700
v 1.300000 0.452000 0.122000 0.8365 0.8365 0.8365
v 1.328000 0.471799 0.141799 0.8777 0.8777 0.8777
v 1.311834 0.468166 0.138166 0.8777 0.8777 0.8777
v 1.308201 0.471799 0.122000 0.9265 0.9265 0.9265
v 1.308201 0.452000 0.141799 0.8508 0.8508 0.8508
v 1.328000 0.260000 -0.122000 0.6181 0.6181 0.6181
v 1.300000 0.288000 -0.122000 0.6181 0.6181 0.6181
v 1.328000 0.288000 -0.150000 0.6181 0.6181 0.6181
v 1.308201 0.268201 -0.122000 0.6181 0.6181 0.6181
v 1.311834 0.271834 -0.138166 0.6181 0.6181 0.6181
v 1.308201 0.288000 -0.141799 0.6181 0.6181 0.6181
v 1.328000 0.268201 -0.141799 0.6181 0.6181 0.6181
v 1.328000 0.480000 -0.122000 0.9488 0.9488 0.9488
v 1.328000 0.452000 -0.150000 0.8645 0.8645 0.8645
v 1.300000 0.452000 -0.122000 0.8777 0.8777 0.8777
v 1.328000 0.471799 -0.141799 0.9378 0.9378 0.9378
v 1.311834 0.468166 -0.138166 0.9029 0.9029 0.9029
v 1.308201 0.452000 -0.141799 0.8905 0.8905 0.8905
v 1.308201 0.471799 -0.122000 0.9029 0.9029 0.9029
v 1.572000 0.260000 0.122000 0.6591 0.6591 0.6591
v 1.600000 0.288000 0.122000 0.8060 0.8060 0.8060
v 1.572000 0.288000 0.150000 0.8216 0.8216 0.8216
v 1.591799 0.268201 0.122000 0.7536 0.7536 0.7536
v 1.588166 0.271834 0.138166 0.7536 0.7536 0.7536
v 1.591799 0.288000 0.141799 0.7721 0.7721 0.7721
v 1.572000 0.268201 0.141799 0.7118 0.7118 0.7118
v 1.572000 0.480000 0.122000 0.9488 0.9488 0.9488
v 1.572000 0.452000 0.150000 0.8645 0.8645 0.8645
v 1.600000 0.452000 0.122000 0.8508 0.8508 0.8508
v 1.572000 0.471799 0.141799 0.8905 0.8905 0.8905
v 1.588166 0.468166 0.138166 0.8777 0.8777 0.8777
v 1.591799 0.452000 0.141799 0.8365 0.8365 0.8365
v 1.591799 0.471799 0.122000 0.9029 0.9029 0.9029
v 1.572000 0.260000 -0.122000 0.7118 0.7118 0.7118
v 1.572000 0.288000 -0.150000 0.8216 0.8216 0.8216
v 1.600000 0.288000 -0.122000 0.8060 0.8060 0.8060
v 1.572000 0.268201 -0.141799 0.7895 0.7895 0.7895
v 1.588166 0.271834 -0.138166 0.8060 0.8060 0.8060
v 1.591799 0.288000 -0.141799 0.8508 0.8508 0.8508
v 1.591799 0.268201 -0.122000 0.7536 0.7536 0.7536
v 1.572000 0.480000 -0.122000 0.9265 0.9265 0.9265
v 1.600000 0.452000 -0.122000 0.8508 0.8508 0.8508
v 1.572000 0.452000 -0.150000 0.8777 0.8777 0.8777
v 1.591799 0.471799 -0.122000 0.9029 0.9029 0.9029
v 1.588166 0.468166 -0.138166 0.8905 0.8905 0.8905
v 1.591799 0.452000 -0.141799 0.8905 0.8905 0.8905
v 1.572000 0.471799 -0.141799 0.9148 0.9148 0.9148
v -0.558345 0.260000 -1.211082 0.6591 0.6591 0.6591
v -0.534096 0.288000 -1.225082 0.6181 0.6181 0.6181
v -0.544345 0.288000 -1.186833 0.6591 0.6591 0.6591
v -0.541198 0.268201 -1.220981 0.6181 0.6181 0.6181
v -0.536262 0.271834 -1.205165 0.6591 0.6591 0.6591
v -0.531299 0.288000 -1.203835 0.6591 0.6591 0.6591
v -0.548445 0.268201 -1.193935 0.6591 0.6591 0.6591
v -0.534096 0.452000 -1.225082 0.9148 0.9148 0.9148
v -0.558345 0.480000 -1.211082 0.9595 0.9595 0.9595
v -0.544345 0.452000 -1.186833 0.8508 0.8508 0.8508
v -0.541198 0.471799 -1.220981 0.9488 0.9488 0.9488
v -0.536262 0.468166 -1.205165 0.9029 0.9029 0.9029
v -0.548445 0.471799 -1.193935 0.9029 0.9029 0.9029
v -0.531299 0.452000 -1.203835 0.8365 0.8365 0.8365
v -0.769655 0.260000 -1.089082 0.6591 0.6591 0.6591
v -0.755655 0.288000 -1.064833 0.6591 0.6591 0.6591
v -0.793904 0.288000 -1.075082 0.6591 0.6591 0.6591
v -0.759756 0.268201 -1.071935 0.6591 0.6591 0.6591
v -0.775572 0.271834 -1.066999 0.6591 0.6591 0.6591
v -0.776902 0.288000 -1.062036 0.6591 0.6591 0.6591
v -0.786802 0.268201 -1.079182 0.6591 0.6591 0.6591
v -0.769655 0.480000 -1.089082 0.9595 0.9595 0.9595
v -0.793904 0.452000 -1.075082 0.8365 0.8365 0.8365
v -0.755655 0.452000 -1.064833 0.8777 0.8777 0.8777
v -0.786802 0.471799 -1.079182 0.9029 0.9029 0.9029
v -0.775572 0.468166 -1.066999 0.8777 0.8777 0.8777
v -0.776902 0.452000 -1.062036 0.8365 0.8365 0.8365
v -0.759756 0.471799 -1.071935 0.8905 0.8905 0.8905
v -0.680345 0.260000 -1.422392 0.7336 0.7336 0.7336
v -0.694345 0.288000 -1.446641 0.8508 0.8508 0.8508
v -0.656096 0.288000 -1.436392 0.8777 0.8777 0.8777
v -0.690244 0.268201 -1.439538 0.8365 0.8365 0.8365
v -0.674428 0.271834 -1.444475 0.8508 0.8508 0.8508
v -0.673098 0.288000 -1.449438 0.8905 0.8905 0.8905
v -0.663199 0.268201 -1.432292 0.8060 0.8060 0.8060
v -0.680345 0.480000 -1.422392 0.9902 0.9902 0.9902
v -0.656096 0.452000 -1.436392 0.9378 0.9378 0.9378
v -0.694345 0.452000 -1.446641 0.9029 0.9029 0.9029
v -0.663199 0.471799 -1.432292 0.9595 0.9595 0.9595
v -0.674428 0.468166 -1.444475 0.9378 0.9378 0.9378
v -0.673098 0.452000 -1.449438 0.9148 0.9148 0.9148
v -0.690244 0.471799 -1.439538 0.9488 0.9488 0.9488
v -0.891655 0.260000 -1.300392 0.7336 0.7336 0.7336
v -0.915904 0.288000 -1.286392 0.8060 0.8060 0.8060
v -0.905655 0.288000 -1.324641 0.9029 0.9029 0.9029
v -0.908802 0.268201 -1.290492 0.7536 0.7536 0.7536
v -0.913738 0.271834 -1.306309 0.8216 0.8216 0.8216
v -0.918701 0.288000 -1.307639 0.8905 0.8905 0.8905
v -0.901555 0.268201 -1.317538 0.8216 0.8216 0.8216
v -0.891655 0.480000 -1.300392 0.9902 0.9902 0.9902
v -0.905655 0.452000 -1.324641 0.9265 0.9265 0.9265
v -0.915904 0.452000 -1.286392 0.8508 0.8508 0.8508
v -0.901555 0.471799 -1.317538 0.9488 0.9488 0.9488
v -0.913738 0.468166 -1.306309 0.9378 0.9378 0.9378
v -0.918701 0.452000 -1.307639 0.9029 0.9029 0.9029
v -0.908802 0.471799 -1.290492 0.9378 0.9378 0.9378
vn 0.1072 -0.9673 -0.2299
vn 0.1943 -0.8881 -0.4166
vn 0.3094 -0.9152 -0.2583
vn -0.1623 -0.1794 -0.9703
vn 0.0017 -0.3251 -0.9457
vn -0.1844 -0.3791 -0.9068
vn 0.8476 -0.1794 -0.4994
vn 0.7233 -0.3251 -0.6092
vn 0.7303 -0.1369 -0.6692
vn -0.1623 0.1794 -0.9703
vn 0.0017 0.3251 -0.9457
vn 0.0432 0.1369 -0.9896
vn 0.1072 0.9673 -0.2299
vn 0.1943 0.8881 -0.4166
vn -0.0010 0.9152 -0.4030
vn 0.8476 0.1794 -0.4994
vn 0.7233 0.3251 -0.6092
vn 0.8132 0.3791 -0.4416
vn 0.2299 -0.9673 0.1072
vn 0.4166 -0.8881 0.1943
vn 0.2583 -0.9152 0.3094
vn 0.9703 -0.1794 -0.1623
vn 0.9457 -0.3251 0.0017
vn 0.9068 -0.3791 -0.1844
vn 0.4994 -0.1794 0.8476
vn 0.6092 -0.3251 0.7233
vn 0.6692 -0.1369 0.7303
vn 0.2299 0.9673 0.1072
vn 0.4166 0.8881 0.1943
vn 0.4030 0.9152 -0.0011
vn 0.4994 0.1794 0.8476
vn 0.6092 0.3251 0.7233
vn 0.4416 0.3791 0.8132
vn 0.9703 0.1794 -0.1623
vn 0.9457 0.3251 0.0017
vn 0.9896 0.1369 0.0432
vn -0.2299 -0.9673 -0.1072
vn -0.4166 -0.8881 -0.1943
vn -0.2583 -0.9152 -0.3094
vn -0.9703 -0.1794 0.1623
vn -0.9457 -0.3251 -0.0017
vn -0.9068 -0.3791 0.1844
vn -0.4994 -0.1794 -0.8476
vn -0.6092 -0.3251 -0.7233
vn -0.6692 -0.1369 -0.7303
vn -0.2299 0.9673 -0.1072
vn -0.4166 0.8881 -0.1943
vn -0.4030 0.9152 0.0011
vn -0.4994 0.1794 -0.8476
vn -0.6092 0.3251 -0.7233
vn -0.4416 0.3791 -0.8132
vn -0.9703 0.1794 0.1623
vn -0.9457 0.3251 -0.0017
vn -0.9896 0.1369 -0.0432
vn -0.1072 -0.9673 0.2299
vn -0.1943 -0.8881 0.4166
vn -0.3094 -0.9152 0.2583
vn 0.1623 -0.1794 0.9703
vn -0.0017 -0.3251 0.9457
vn 0.1844 -0.3791 0.9068
vn -0.8476 -0.1794 0.4994
vn -0.7233 -0.3251 0.6092
vn -0.7303 -0.1369 0.6692
vn -0.1072 0.9673 0.2299
vn -0.1943 0.8881 0.4166
vn 0.0010 0.9152 0.4030
vn -0.8476 0.1794 0.4994
vn -0.7233 0.3251 0.6092
vn -0.8132 0.3791 0.4416
vn 0.1623 0.1794 0.9703
vn -0.0017 0.3251 0.9457
vn -0.0432 0.1369 0.9896
vn -0.0198 -0.9728 0.2309
vn 0.0353 -0.8865 0.4613
vn -0.1486 -0.9127 0.3806
vn 0.6143 -0.2298 0.7549
vn 0.4726 -0.3571 0.8057
vn 0.5761 -0.4266 0.6973
vn -0.2809 -0.1664 0.9452
vn -0.1494 -0.3130 0.9379
vn -0.1076 -0.1327 0.9853
vn 0.1326 0.9415 0.3100
vn 0.1701 0.8359 0.5219
vn 0.3021 0.8703 0.3889
vn -0.2475 0.1980 0.9484
vn -0.0948 0.3238 0.9413
vn -0.2307 0.3928 0.8902
vn 0.6345 0.1355 0.7610
vn 0.5105 0.2810 0.8127
vn 0.4946 0.1012 0.8632
vn -0.3219 -0.9419 0.0958
vn -0.5136 -0.8305 0.2159
vn -0.4976 -0.8672 0.0174
vn -0.5433 -0.1395 0.8278
vn -0.6485 -0.2620 0.7147
vn -0.5206 -0.3418 0.7824
vn -0.9973 -0.0651 0.0341
vn -0.9639 -0.2103 0.1632
vn -0.9775 -0.0255 0.2096
vn -0.1566 0.9710 0.1806
vn -0.3556 0.8896 0.2868
vn -0.1852 0.9107 0.3692
vn -0.9533 0.2977 0.0508
vn -0.8861 0.4236 0.1880
vn -0.8735 0.4852 0.0401
vn -0.5061 0.2244 0.8328
vn -0.5791 0.3733 0.7247
vn -0.6499 0.2000 0.7332
vn -0.2859 -0.9292 -0.2343
vn -0.4482 -0.8073 -0.3840
vn -0.2595 -0.8653 -0.4288
vn -0.9660 -0.0541 -0.2527
vn -0.9045 -0.1892 -0.3823
vn -0.9363 -0.2599 -0.2363
vn -0.3514 -0.0715 -0.9335
vn -0.4774 -0.2013 -0.8553
vn -0.5069 -0.0127 -0.8619
vn -0.1222 0.9832 -0.1355
vn -0.2930 0.9118 -0.2878
vn -0.3153 0.9436 -0.1014
vn -0.3170 0.2915 -0.9025
vn -0.4128 0.4323 -0.8017
vn -0.2630 0.4775 -0.8384
vn -0.9225 0.3086 -0.2318
vn -0.8284 0.4441 -0.3413
vn -0.8760 0.2720 -0.3982
vn 0.0384 -0.9521 -0.3032
vn 0.1410 -0.8490 -0.5092
vn 0.2367 -0.9096 -0.3414
vn -0.0697 -0.0914 -0.9934
vn 0.0584 -0.2393 -0.9692
vn -0.0965 -0.2939 -0.9510
vn 0.7641 -0.1766 -0.6204
vn 0.6377 -0.2985 -0.7101
vn 0.6536 -0.1120 -0.7485
vn 0.1883 0.9612 -0.2015
vn 0.2715 0.8718 -0.4078
vn 0.0916 0.9235 -0.3725
vn 0.7821 0.1879 -0.5941
vn 0.6710 0.3379 -0.6600
vn 0.7571 0.3803 -0.5312
vn -0.0394 0.2718 -0.9616
vn 0.1072 0.3955 -0.9122
vn 0.1287 0.2177 -0.9675
vn 0.2028 -0.9791 -0.0157
vn 0.4398 -0.8980 0.0132
vn 0.3053 -0.9389 0.1589
vn 0.9070 -0.2000 -0.3706
vn 0.9095 -0.3430 -0.2349
vn 0.8382 -0.3969 -0.3740
vn 0.8077 -0.2353 0.5407
vn 0.8405 -0.3675 0.3982
vn 0.9004 -0.1862 0.3931
vn 0.3458 0.9354 0.0738
vn 0.5577 0.8249 0.0926
vn 0.4731 0.8783 -0.0694
vn 0.8251 0.1301 0.5499
vn 0.8675 0.2708 0.4172
vn 0.7771 0.3280 0.5371
vn 0.9229 0.1648 -0.3480
vn 0.9347 0.2947 -0.1990
vn 0.9758 0.1122 -0.1879
vn 0.2928 -0.9531 0.0764
vn 0.4957 -0.8484 0.1856
vn 0.3225 -0.9056 0.2755
vn 0.9951 -0.0962 -0.0238
vn 0.9648 -0.2402 0.1073
vn 0.9530 -0.2994 -0.0469
vn 0.5853 -0.1564 0.7956
vn 0.6799 -0.2821 0.6769
vn 0.7185 -0.0952 0.6889
vn 0.2016 0.9643 0.1717
vn 0.4027 0.8759 0.2657
vn 0.3760 0.9228 0.0839
vn 0.5606 0.2085 0.8014
vn 0.6320 0.3549 0.6889
vn 0.5000 0.4000 0.7681
vn 0.9635 0.2676 -0.0042
vn 0.9083 0.3955 0.1365
vn 0.9617 0.2185 0.1652
vn -0.0026 -0.9734 0.2293
vn -0.0411 -0.8852 0.4633
vn -0.1816 -0.9288 0.3229
vn 0.3292 -0.1740 0.9281
vn 0.1921 -0.3155 0.9293
vn 0.3337 -0.3732 0.8657
vn -0.5780 -0.2041 0.7901
vn -0.4386 -0.3364 0.8333
vn -0.4340 -0.1532 0.8878
vn -0.0796 0.9450 0.3172
vn -0.1086 0.8409 0.5302
vn 0.0570 0.8902 0.4520
vn -0.5833 0.1616 0.7960
vn -0.4510 0.3023 0.8398
vn -0.5662 0.3574 0.7427
vn 0.3087 0.1912 0.9317
vn 0.1606 0.3226 0.9328
vn 0.1461 0.1419 0.9790
vn -0.2399 -0.9708 -0.0046
vn -0.4724 -0.8805 0.0383
vn -0.3835 -0.9126 -0.1417
vn -0.7838 -0.2018 0.5873
vn -0.8305 -0.3322 0.4471
vn -0.7274 -0.4006 0.5571
vn -0.9347 -0.1603 -0.3174
vn -0.9354 -0.3033 -0.1818
vn -0.9817 -0.1211 -0.1467
vn -0.3055 0.9475 0.0945
vn -0.5193 0.8453 0.1255
vn -0.3925 0.8817 0.2617
vn -0.9340 0.2047 -0.2929
vn -0.9314 0.3345 -0.1434
vn -0.8738 0.3987 -0.2785
vn -0.7856 0.1638 0.5966
vn -0.8297 0.3064 0.4665
vn -0.8821 0.1273 0.4536
vn -0.0912 -0.9489 -0.3020
vn -0.2021 -0.8409 -0.5021
vn -0.0042 -0.8793 -0.4762
vn -0.8057 -0.1413 -0.5752
vn -0.6898 -0.2672 -0.6729
vn -0.7639 -0.3438 -0.5462
vn 0.0082 -0.0855 -0.9963
vn -0.1239 -0.2284 -0.9656
vn -0.1678 -0.0433 -0.9849
vn -0.1639 0.9683 -0.1886
vn -0.2619 0.8831 -0.3892
vn -0.3512 0.9091 -0.2239
vn -0.0069 0.2782 -0.9605
vn -0.1454 0.4069 -0.9018
vn 0.0024 0.4668 -0.8843
vn -0.8072 0.2233 -0.5465
vn -0.6941 0.3693 -0.6179
vn -0.7019 0.1949 -0.6851
vn 0.2381 -0.9380 -0.2519
vn 0.3962 -0.8210 -0.4111
vn 0.4322 -0.8749 -0.2184
vn 0.2937 -0.0761 -0.9529
vn 0.4197 -0.2104 -0.8829
vn 0.2747 -0.2813 -0.9195
vn 0.9476 -0.0832 -0.3084
vn 0.8744 -0.2153 -0.4349
vn 0.8831 -0.0273 -0.4684
vn 0.1495 0.9787 -0.1409
vn 0.3079 0.9020 -0.3025
vn 0.1237 0.9345 -0.3338
vn 0.9168 0.2805 -0.2842
vn 0.8209 0.4196 -0.3874
vn 0.8514 0.4676 -0.2375
vn 0.2739 0.2875 -0.9178
vn 0.3800 0.4243 -0.8219
vn 0.4376 0.2513 -0.8633
vn 0.1907 -0.9719 -0.1377
vn 0.4075 -0.8828 -0.2336
vn 0.3677 -0.9291 -0.0395
vn 0.5921 -0.1633 -0.7891
vn 0.6686 -0.3064 -0.6775
vn 0.5373 -0.3629 -0.7613
vn 0.9777 -0.2055 0.0432
vn 0.9367 -0.3358 -0.0988
vn 0.9797 -0.1522 -0.1302
vn 0.3103 0.9458 -0.0957
vn 0.5036 0.8427 -0.1905
vn 0.3472 0.8936 -0.2846
vn 0.9859 0.1601 0.0492
vn 0.9495 0.3027 -0.0832
vn 0.9322 0.3556 0.0671
vn 0.6069 0.2016 -0.7688
vn 0.6897 0.3311 -0.6440
vn 0.7360 0.1507 -0.6600
vn 0.1266 -0.9737 0.1895
vn 0.2910 -0.8860 0.3610
vn 0.0916 -0.9181 0.3857
vn 0.9222 -0.2070 0.3267
vn 0.8309 -0.3387 0.4414
vn 0.8656 -0.4054 0.2938
vn 0.2510 -0.1725 0.9525
vn 0.3642 -0.3147 0.8765
vn 0.4194 -0.1329 0.8980
vn 0.2493 0.9442 0.2154
vn 0.3928 0.8397 0.3750
vn 0.4365 0.8784 0.1948
vn 0.2717 0.1925 0.9429
vn 0.3951 0.3231 0.8599
vn 0.2507 0.3872 0.8873
vn 0.9313 0.1586 0.3280
vn 0.8473 0.2999 0.4383
vn 0.8652 0.1202 0.4868
vn -0.2036 -0.9517 0.2299
vn -0.3091 -0.8460 0.4345
vn -0.3969 -0.8819 0.2544
vn -0.0352 -0.1535 0.9875
vn -0.1810 -0.2784 0.9433
vn -0.0346 -0.3554 0.9341
vn -0.8356 -0.0899 0.5419
vn -0.7375 -0.2342 0.6334
vn -0.7288 -0.0497 0.6829
vn -0.0646 0.9651 0.2538
vn -0.1779 0.8777 0.4449
vn 0.0091 0.9034 0.4286
vn -0.7963 0.2737 0.5395
vn -0.6705 0.4011 0.6242
vn -0.7373 0.4627 0.4922
vn -0.0096 0.2112 0.9774
vn -0.1312 0.3582 0.9244
vn -0.1833 0.1835 0.9658
vn -0.3436 -0.9363 -0.0723
vn -0.5635 -0.8181 -0.1147
vn -0.4226 -0.8706 -0.2519
vn -0.9569 -0.0766 0.2800
vn -0.9687 -0.2088 0.1345
vn -0.9193 -0.2819 0.2747
vn -0.7804 -0.0718 -0.6211
vn -0.8459 -0.2055 -0.4921
vn -0.8781 -0.0175 -0.4782
vn -0.1977 0.9797 -0.0335
vn -0.4199 0.9042 -0.0774
vn -0.3444 0.9341 0.0938
vn -0.7421 0.2915 -0.6036
vn -0.7748 0.4288 -0.4647
vn -0.6665 0.4779 -0.5722
vn -0.9155 0.2868 0.2820
vn -0.8937 0.4255 0.1425
vn -0.9606 0.2531 0.1150
vn -0.0999 -0.9488 -0.2995
vn -0.1206 -0.8409 -0.5276
vn 0.0499 -0.8998 -0.4335
vn -0.5692 -0.0826 -0.8180
vn -0.4436 -0.2262 -0.8672
vn -0.5658 -0.2866 -0.7731
vn 0.3402 -0.1432 -0.9294
vn 0.1888 -0.2683 -0.9446
vn 0.1778 -0.0809 -0.9807
vn 0.0340 0.9678 -0.2495
vn 0.0013 0.8826 -0.4701
vn -0.1354 0.9280 -0.3470
vn 0.3593 0.2213 -0.9066
vn 0.2264 0.3680 -0.9019
vn 0.3654 0.4117 -0.8349
vn -0.5345 0.2809 -0.7972
vn -0.3863 0.4088 -0.8268
vn -0.3924 0.2329 -0.8898
vn 0.0567 -0.9668 -0.2491
vn 0.1122 -0.8727 -0.4752
vn 0.2405 -0.9144 -0.3257
vn -0.2392 -0.1723 -0.9556
vn -0.0979 -0.3096 -0.9458
vn -0.2422 -0.3719 -0.8961
vn 0.6511 -0.1761 -0.7383
vn 0.5201 -0.3122 -0.7950
vn 0.5151 -0.1288 -0.8474
vn 0.0744 0.9546 -0.2883
vn 0.1261 0.8558 -0.5017
vn -0.0487 0.8984 -0.4364
vn 0.6469 0.1899 -0.7385
vn 0.5149 0.3273 -0.7923
vn 0.6193 0.3851 -0.6842
vn -0.2325 0.1937 -0.9531
vn -0.0894 0.3298 -0.9398
vn -0.0643 0.1497 -0.9866
vn 0.2708 -0.9626 0.0034
vn 0.5013 -0.8651 -0.0164
vn 0.3995 -0.9039 0.1530
vn 0.8376 -0.1724 -0.5184
vn 0.8743 -0.3053 -0.3772
vn 0.7835 -0.3725 -0.4973
vn 0.9063 -0.1499 0.3952
vn 0.9220 -0.2897 0.2569
vn 0.9672 -0.1061 0.2309
vn 0.2810 0.9587 -0.0447
vn 0.5016 0.8631 -0.0589
vn 0.3847 0.8997 -0.2061
vn 0.8990 0.2157 0.3812
vn 0.9070 0.3493 0.2352
vn 0.8355 0.4096 0.3663
vn 0.8312 0.1935 -0.5212
vn 0.8604 0.3340 -0.3849
vn 0.9158 0.1551 -0.3706
vn 0.0968 -0.9537 0.2849
vn 0.1852 -0.8488 0.4953
vn -0.0067 -0.8920 0.4519
vn 0.7547 -0.1421 0.6405
vn 0.6341 -0.2749 0.7227
vn 0.7214 -0.3439 0.6011
vn -0.0932 -0.1244 0.9878
vn 0.0456 -0.2626 0.9638
vn 0.0812 -0.0775 0.9937
vn 0.1132 0.9673 0.2269
vn 0.1965 0.8788 0.4348
vn 0.2996 0.9129 0.2771
vn -0.0882 0.2409 0.9665
vn 0.0508 0.3758 0.9253
vn -0.0970 0.4328 0.8963
vn 0.7493 0.2234 0.6234
vn 0.6263 0.3638 0.6896
vn 0.6328 0.1866 0.7515
vn -0.2248 -0.9523 0.2064
vn -0.3993 -0.8463 0.3526
vn -0.4167 -0.8952 0.1580
vn -0.3733 -0.1232 0.9195
vn -0.4866 -0.2603 0.8340
vn -0.3428 -0.3257 0.8812
vn -0.9660 -0.1348 0.2206
vn -0.8980 -0.2683 0.3488
vn -0.9185 -0.0824 0.3868
vn -0.1972 0.9686 0.1512
vn -0.3676 0.8812 0.2971
vn -0.1864 0.9197 0.3455
vn -0.9504 0.2307 0.2086
vn -0.8705 0.3702 0.3243
vn -0.8895 0.4227 0.1732
vn -0.3650 0.2421 0.8990
vn -0.4683 0.3780 0.7986
vn -0.5222 0.2007 0.8289
vn -0.2496 -0.9604 -0.1236
vn -0.4444 -0.8611 -0.2472
vn -0.2639 -0.9090 -0.3226
vn -0.9876 -0.1418 -0.0669
vn -0.9390 -0.2818 -0.1972
vn -0.9383 -0.3429 -0.0441
vn -0.5060 -0.1667 -0.8463
vn -0.6047 -0.2990 -0.7382
vn -0.6503 -0.1142 -0.7511
vn -0.2211 0.9608 -0.1673
vn -0.4111 0.8670 -0.2817
vn -0.4017 0.9108 -0.0955
vn -0.4961 0.1992 -0.8451
vn -0.5837 0.3402 -0.7373
vn -0.4468 0.3933 -0.8036
vn -0.9717 0.2237 -0.0754
vn -0.9106 0.3570 -0.2084
vn -0.9530 0.1779 -0.2453
vn -0.1493 -0.9594 -0.2394
vn -0.2925 -0.8593 -0.4197
vn -0.0952 -0.8985 -0.4285
vn -0.8945 -0.1652 -0.4154
vn -0.7973 -0.2971 -0.5253
vn -0.8477 -0.3657 -0.3842
vn -0.1699 -0.1382 -0.9757
vn -0.2944 -0.2783 -0.9142
vn -0.3405 -0.0944 -0.9355
vn -0.1892 0.9617 -0.1983
vn -0.3230 0.8686 -0.3758
vn -0.3812 0.9033 -0.1966
vn -0.1766 0.2273 -0.9577
vn -0.3024 0.3604 -0.8824
vn -0.1534 0.4204 -0.8943
vn -0.8924 0.2006 -0.4041
vn -0.7944 0.3420 -0.5020
vn -0.8134 0.1638 -0.5582
vn 0.1814 -0.9513 -0.2492
vn 0.3086 -0.8446 -0.4375
vn 0.3780 -0.8902 -0.2541
vn 0.1182 -0.1312 -0.9843
vn 0.2529 -0.2650 -0.9305
vn 0.1030 -0.3335 -0.9371
vn 0.8753 -0.1220 -0.4680
vn 0.7783 -0.2587 -0.5722
vn 0.7843 -0.0731 -0.6161
vn 0.1301 0.9695 -0.2078
vn 0.2574 0.8828 -0.3930
vn 0.0690 0.9175 -0.3918
vn 0.8561 0.2433 -0.4561
vn 0.7456 0.3796 -0.5478
vn 0.8029 0.4348 -0.4077
vn 0.1081 0.2343 -0.9661
vn 0.2316 0.3734 -0.8983
vn 0.2791 0.1965 -0.9399
vn 0.2931 -0.9540 0.0624
vn 0.5115 -0.8496 0.1287
vn 0.3586 -0.8994 0.2498
vn 0.9726 -0.1244 -0.1965
vn 0.9631 -0.2632 -0.0566
vn 0.9230 -0.3266 -0.2034
vn 0.7158 -0.1458 0.6829
vn 0.7849 -0.2780 0.5537
vn 0.8285 -0.0923 0.5523
vn 0.2379 0.9668 0.0929
vn 0.4534 0.8780 0.1537
vn 0.3939 0.9188 -0.0237
vn 0.6986 0.2198 0.6810
vn 0.7516 0.3606 0.5523
vn 0.6361 0.4125 0.6521
vn 0.9522 0.2409 -0.1878
vn 0.9259 0.3752 -0.0447
vn 0.9802 0.1973 -0.0186
vn 0.0314 -0.9638 0.2648
vn 0.0359 -0.8673 0.4965
vn -0.1266 -0.9134 0.3869
vn 0.4878 -0.1543 0.8592
vn 0.3518 -0.2942 0.8886
vn 0.4790 -0.3547 0.8030
vn -0.4279 -0.1766 0.8864
vn -0.2837 -0.3097 0.9075
vn -0.2688 -0.1255 0.9550
vn -0.0148 0.9574 0.2883
vn -0.0059 0.8609 0.5088
vn 0.1445 0.9056 0.3989
vn -0.4314 0.1893 0.8821
vn -0.2927 0.3297 0.8976
vn -0.4233 0.3842 0.8205
vn 0.4733 0.2114 0.8552
vn 0.3290 0.3449 0.8791
vn 0.3210 0.1650 0.9326
vn -0.2421 -0.9671 0.0783
vn -0.4610 -0.8733 0.1576
vn -0.4070 -0.9128 -0.0323
vn -0.6661 -0.1795 0.7239
vn -0.7362 -0.3151 0.5989
vn -0.6154 -0.3788 0.6912
vn -0.9753 -0.1719 -0.1387
vn -0.9508 -0.3099 0.0003
vn -0.9913 -0.1268 0.0355
vn -0.2787 0.9542 0.1083
vn -0.4857 0.8551 0.1816
vn -0.3346 0.8960 0.2920
vn -0.9723 0.1940 -0.1307
vn -0.9441 0.3296 0.0108
vn -0.9112 0.3892 -0.1352
vn -0.6668 0.1865 0.7215
vn -0.7342 0.3244 0.5965
vn -0.7875 0.1443 0.5991
vn -0.2463 -0.9686 -0.0324
vn -0.4798 -0.8768 -0.0332
vn -0.3623 -0.9119 -0.1927
vn -0.8765 -0.1968 0.4394
vn -0.8969 -0.3296 0.2949
vn -0.8157 -0.3953 0.4224
vn -0.8628 -0.1697 -0.4763
vn -0.8874 -0.3108 -0.3406
vn -0.9393 -0.1286 -0.3180
vn -0.3067 0.9515 0.0236
vn -0.5255 0.8506 0.0174
vn -0.4231 0.8890 0.1748
vn -0.8659 0.1960 -0.4602
vn -0.8905 0.3283 -0.3150
vn -0.8089 0.3913 -0.4388
vn -0.8795 0.1691 0.4449
vn -0.8998 0.3098 0.3071
vn -0.9491 0.1297 0.2869
vn -0.0480 -0.9537 -0.2968
vn -0.1194 -0.8497 -0.5136
vn 0.0685 -0.8887 -0.4534
vn -0.6899 -0.1567 -0.7067
vn -0.5592 -0.2861 -0.7781
vn -0.6554 -0.3578 -0.6652
vn 0.1850 -0.1170 -0.9757
vn 0.0480 -0.2586 -0.9648
vn 0.0109 -0.0743 -0.9972
vn -0.1151 0.9659 -0.2318
vn -0.1772 0.8768 -0.4470
vn -0.2950 0.9075 -0.2990
vn 0.1696 0.2480 -0.9538
vn 0.0243 0.3793 -0.9249
vn 0.1675 0.4397 -0.8824
vn -0.6951 0.2088 -0.6879
vn -0.5701 0.3524 -0.7422
vn -0.5666 0.1754 -0.8051
vn 0.2648 -0.9455 -0.1896
vn 0.4491 -0.8347 -0.3188
vn 0.4500 -0.8844 -0.1239
vn 0.4577 -0.1098 -0.8823
vn 0.5657 -0.2449 -0.7874
vn 0.4283 -0.3131 -0.8477
vn 0.9847 -0.1125 -0.1328
vn 0.9315 -0.2468 -0.2673
vn 0.9513 -0.0603 -0.3024
vn 0.1873 0.9739 -0.1282
vn 0.3724 0.8913 -0.2587
vn 0.1952 0.9260 -0.3231
vn 0.9600 0.2525 -0.1207
vn 0.8879 0.3908 -0.2426
vn 0.8920 0.4430 -0.0901
vn 0.4391 0.2551 -0.8614
vn 0.5299 0.3927 -0.7517
vn 0.5903 0.2166 -0.7776
vn 0.2599 -0.9553 0.1410
vn 0.4401 -0.8525 0.2820
vn 0.2550 -0.9050 0.3406
vn 0.9804 -0.1211 0.1553
vn 0.9233 -0.2630 0.2799
vn 0.9379 -0.3229 0.1271
vn 0.4312 -0.1624 0.8875
vn 0.5422 -0.2917 0.7880
vn 0.5822 -0.1060 0.8061
vn 0.1825 0.9644 0.1913
vn 0.3637 0.8741 0.3221
vn 0.3700 0.9190 0.1359
vn 0.4130 0.2032 0.8878
vn 0.5068 0.3469 0.7891
vn 0.3633 0.3966 0.8430
vn 0.9558 0.2440 0.1641
vn 0.8799 0.3750 0.2917
vn 0.9228 0.1964 0.3315
vn -0.0560 -0.9696 0.2382
vn -0.1340 -0.8785 0.4586
vn -0.2471 -0.9220 0.2980
vn 0.1559 -0.1748 0.9722
vn 0.0194 -0.3154 0.9488
vn 0.1690 -0.3737 0.9120
vn -0.7106 -0.1977 0.6753
vn -0.5819 -0.3312 0.7427
vn -0.5862 -0.1482 0.7965
vn -0.1228 0.9506 0.2851
vn -0.1912 0.8489 0.4927
vn -0.0121 0.8962 0.4436
vn -0.7155 0.1683 0.6780
vn -0.5923 0.3083 0.7444
vn -0.6879 0.3647 0.6275
vn 0.1408 0.1909 0.9715
vn -0.0037 0.3238 0.9461
vn -0.0286 0.1427 0.9894
vn -0.1530 -0.9577 0.2438
vn -0.3022 -0.8561 0.4192
vn -0.3524 -0.9071 0.2303
vn -0.1989 -0.1263 0.9719
vn -0.3212 -0.2674 0.9085
vn -0.1692 -0.3282 0.9293
vn -0.9066 -0.1614 0.3899
vn -0.8127 -0.2918 0.5044
vn -0.8317 -0.1062 0.5450
vn -0.1986 0.9628 0.1835
vn -0.3369 0.8711 0.3572
vn -0.1519 0.9155 0.3725
vn -0.9043 0.2042 0.3749
vn -0.8093 0.3469 0.4740
vn -0.8567 0.3974 0.3288
vn -0.2061 0.2388 0.9489
vn -0.3299 0.3706 0.8682
vn -0.3718 0.1922 0.9082
vn -0.2362 -0.9686 -0.0771
vn -0.4535 -0.8760 -0.1639
vn -0.2874 -0.9188 -0.2705
vn -0.9790 -0.1709 0.1108
vn -0.9504 -0.3099 -0.0262
vn -0.9205 -0.3705 0.1243
vn -0.6438 -0.1848 -0.7425
vn -0.7176 -0.3195 -0.6188
vn -0.7704 -0.1360 -0.6229
vn -0.2786 0.9522 -0.1249
vn -0.4824 0.8520 -0.2034
vn -0.4416 0.8969 -0.0223
vn -0.6451 0.1811 -0.7423
vn -0.7162 0.3199 -0.6203
vn -0.5952 0.3766 -0.7099
vn -0.9758 0.1948 0.0995
vn -0.9433 0.3293 -0.0422
vn -0.9863 0.1489 -0.0710
vn 0.0432 -0.9658 -0.2556
vn 0.0544 -0.8709 -0.4885
vn 0.2089 -0.9077 -0.3638
vn -0.4007 -0.1823 -0.8979
vn -0.2555 -0.3148 -0.9141
vn -0.3865 -0.3819 -0.8395
vn 0.5143 -0.1558 -0.8434
vn 0.3799 -0.2964 -0.8763
vn 0.3593 -0.1133 -0.9263
vn -0.0100 0.9550 -0.2966
vn 0.0059 0.8569 -0.5154
vn -0.1554 0.8940 -0.4202
vn 0.4974 0.2097 -0.8418
vn 0.3532 0.3424 -0.8706
vn 0.4733 0.4038 -0.7829
vn -0.4052 0.1836 -0.8956
vn -0.2666 0.3244 -0.9076
vn -0.2445 0.1453 -0.9587
vn 0.2992 -0.9531 -0.0451
vn 0.5196 -0.8478 -0.1059
vn 0.4507 -0.8892 0.0793
vn 0.7370 -0.1448 -0.6602
vn 0.8032 -0.2754 -0.5282
vn 0.6948 -0.3467 -0.6302
vn 0.9672 -0.1145 0.2268
vn 0.9631 -0.2544 0.0878
vn 0.9961 -0.0694 0.0541
vn 0.2361 0.9672 -0.0943
vn 0.4532 0.8791 -0.1476
vn 0.3112 0.9108 -0.2712
vn 0.9442 0.2505 0.2139
vn 0.9210 0.3833 0.0689
vn 0.8721 0.4416 0.2107
vn 0.7171 0.2206 -0.6611
vn 0.7651 0.3628 -0.5320
vn 0.8285 0.1863 -0.5282
vn 0.1780 -0.9481 0.2635
vn 0.2992 -0.8387 0.4550
vn 0.1038 -0.8887 0.4465
vn 0.8617 -0.1101 0.4953
vn 0.7626 -0.2461 0.5983
vn 0.8291 -0.3135 0.4630
vn 0.0891 -0.1180 0.9890
vn 0.2260 -0.2515 0.9411
vn 0.2600 -0.0650 0.9634
vn 0.1195 0.9720 0.2024
vn 0.2413 0.8879 0.3917
vn 0.3134 0.9241 0.2186
vn 0.0779 0.2471 0.9659
vn 0.2025 0.3861 0.9000
vn 0.0501 0.4376 0.8977
vn 0.8401 0.2548 0.4789
vn 0.7260 0.3914 0.5655
vn 0.7498 0.2153 0.6257
vn -0.0657 -0.9673 -0.2450
vn -0.1190 -0.8881 -0.4440
vn 0.0710 -0.9152 -0.3967
vn -0.7480 -0.1794 -0.6390
vn -0.6066 -0.3251 -0.7255
vn -0.7241 -0.3791 -0.5761
vn 0.3283 -0.1794 -0.9274
vn 0.1625 -0.3251 -0.9316
vn 0.1293 -0.1369 -0.9821
vn -0.7480 0.1794 -0.6390
vn -0.6066 0.3251 -0.7255
vn -0.6030 0.1369 -0.7859
vn -0.0657 0.9673 -0.2450
vn -0.1190 0.8881 -0.4440
vn -0.2599 0.9152 -0.3081
vn 0.3283 0.1794 -0.9274
vn 0.1625 0.3251 -0.9316
vn 0.3391 0.3791 -0.8610
vn 0.2450 -0.9673 -0.0657
vn 0.4440 -0.8881 -0.1190
vn 0.3967 -0.9152 0.0710
vn 0.6390 -0.1794 -0.7480
vn 0.7255 -0.3251 -0.6066
vn 0.5761 -0.3791 -0.7241
vn 0.9274 -0.1794 0.3283
vn 0.9316 -0.3251 0.1625
vn 0.9821 -0.1369 0.1293
vn 0.2450 0.9673 -0.0657
vn 0.4440 0.8881 -0.1190
vn 0.3081 0.9152 -0.2599
vn 0.9274 0.1794 0.3283
vn 0.9316 0.3251 0.1625
vn 0.8610 0.3791 0.3391
vn 0.6390 0.1794 -0.7480
vn 0.7255 0.3251 -0.6066
vn 0.7859 0.1369 -0.6030
vn -0.2450 -0.9673 0.0657
vn -0.4440 -0.8881 0.1190
vn -0.3967 -0.9152 -0.0710
vn -0.6390 -0.1794 0.7480
vn -0.7255 -0.3250 0.6066
vn -0.5761 -0.3791 0.7241
vn -0.9274 -0.1794 -0.3283
vn -0.9316 -0.3251 -0.1625
vn -0.9821 -0.1369 -0.1293
vn -0.2450 0.9673 0.0657
vn -0.4440 0.8881 0.1190
vn -0.3081 0.9152 0.2599
vn -0.9274 0.1794 -0.3283
vn -0.9316 0.3251 -0.1625
vn -0.8610 0.3791 -0.3391
vn -0.6390 0.1794 0.7480
vn -0.7255 0.3250 0.6066
vn -0.7859 0.1369 0.6030
vn 0.0657 -0.9673 0.2450
vn 0.1190 -0.8881 0.4440
vn -0.0710 -0.9152 0.3967
vn 0.7480 -0.1794 0.6390
vn 0.6066 -0.3251 0.7255
vn 0.7241 -0.3791 0.5761
vn -0.3283 -0.1794 0.9274
vn -0.1625 -0.3251 0.9316
vn -0.1293 -0.1369 0.9821
vn 0.0657 0.9673 0.2450
vn 0.1190 0.8881 0.4440
vn 0.2599 0.9152 0.3081
vn -0.3283 0.1794 0.9274
vn -0.1625 0.3251 0.9316
vn -0.3391 0.3791 0.8610
vn 0.7480 0.1794 0.6390
vn 0.6066 0.3251 0.7255
vn 0.6030 0.1369 0.7859
vn -0.1794 -0.9673 0.1794
vn -0.3251 -0.8881 0.3251
vn -0.3791 -0.9152 0.1369
vn -0.1794 -0.1794 0.9673
vn -0.3251 -0.3251 0.8881
vn -0.1369 -0.3791 0.9152
vn -0.9673 -0.1794 0.1794
vn -0.8881 -0.3251 0.3251
vn -0.9152 -0.1369 0.3791
vn -0.1794 0.1794 0.9673
vn -0.3251 0.3251 0.8881
vn -0.3791 0.1369 0.9152
vn -0.1794 0.9673 0.1794
vn -0.3251 0.8881 0.3251
vn -0.1369 0.9152 0.3791
vn -0.9673 0.1794 0.1794
vn -0.8881 0.3251 0.3251
vn -0.9152 0.3791 0.1369
vn -0.1794 -0.9673 -0.1794
vn -0.3251 -0.8881 -0.3251
vn -0.1369 -0.9152 -0.3791
vn -0.9673 -0.1794 -0.1794
vn -0.8881 -0.3251 -0.3251
vn -0.9152 -0.3791 -0.1369
vn -0.1794 -0.1794 -0.9673
vn -0.3251 -0.3251 -0.8881
vn -0.3791 -0.1369 -0.9152
vn -0.1794 0.9673 -0.1794
vn -0.3251 0.8881 -0.3251
vn -0.3791 0.9152 -0.1369
vn -0.1794 0.1794 -0.9673
vn -0.3251 0.3251 -0.8881
vn -0.1369 0.3791 -0.9152
vn -0.9673 0.1794 -0.1794
vn -0.8881 0.3251 -0.3251
vn -0.9152 0.1369 -0.3791
vn 0.1794 -0.9673 0.1794
vn 0.3251 -0.8881 0.3251
vn 0.1369 -0.9152 0.3791
vn 0.9673 -0.1794 0.1794
vn 0.8881 -0.3251 0.3251
vn 0.9152 -0.3791 0.1369
vn 0.1794 -0.1794 0.9673
vn 0.3251 -0.3251 0.8881
vn 0.3791 -0.1369 0.9152
vn 0.1794 0.9673 0.1794
vn 0.3251 0.8881 0.3251
vn 0.3791 0.9152 0.1369
vn 0.1794 0.1794 0.9673
vn 0.3251 0.3251 0.8881
vn 0.1369 0.3791 0.9152
vn 0.9673 0.1794 0.1794
vn 0.8881 0.3251 0.3251
vn 0.9152 0.1369 0.3791
vn 0.1794 -0.9673 -0.1794
vn 0.3251 -0.8881 -0.3251
vn 0.3791 -0.9152 -0.1369
vn 0.1794 -0.1794 -0.9673
vn 0.3251 -0.3251 -0.8881
vn 0.1369 -0.3791 -0.9152
vn 0.9673 -0.1794 -0.1794
vn 0.8881 -0.3251 -0.3251
vn 0.9152 -0.1369 -0.3791
vn 0.1794 0.9673 -0.1794
vn 0.3251 0.8881 -0.3251
vn 0.1369 0.9152 -0.3791
vn 0.9673 0.1794 -0.1794
vn 0.8881 0.3251 -0.3251
vn 0.9152 0.3791 -0.1369
vn 0.1794 0.1794 -0.9673
vn 0.3251 0.3251 -0.8881
vn 0.3791 0.1369 -0.9152
vn 0.2450 -0.9673 0.0657
vn 0.4440 -0.8881 0.1190
vn 0.3081 -0.9152 0.2599
vn 0.9274 -0.1794 -0.3283
vn 0.9316 -0.3251 -0.1625
vn 0.8610 -0.3791 -0.3391
vn 0.6390 -0.1794 0.7480
vn 0.7255 -0.3251 0.6066
vn 0.7859 -0.1369 0.6030
vn 0.9274 0.1794 -0.3283
vn 0.9316 0.3251 -0.1625
vn 0.9821 0.1369 -0.1293
vn 0.2450 0.9673 0.0657
vn 0.4440 0.8881 0.1190
vn 0.3967 0.9152 -0.0710
vn 0.6390 0.1794 0.7480
vn 0.7255 0.3251 0.6066
vn 0.5761 0.3791 0.7242
vn -0.0657 -0.9673 0.2450
vn -0.1190 -0.8881 0.4440
vn -0.2599 -0.9152 0.3081
vn 0.3283 -0.1794 0.9274
vn 0.1625 -0.3251 0.9316
vn 0.3391 -0.3791 0.8610
vn -0.7480 -0.1794 0.6390
vn -0.6066 -0.3251 0.7255
vn -0.6030 -0.1369 0.7859
vn -0.0657 0.9673 0.2450
vn -0.1190 0.8881 0.4440
vn 0.0710 0.9152 0.3967
vn -0.7480 0.1794 0.6390
vn -0.6066 0.3251 0.7255
vn -0.7241 0.3791 0.5761
vn 0.3283 0.1794 0.9274
vn 0.1625 0.3251 0.9316
vn 0.1293 0.1369 0.9821
vn 0.0657 -0.9673 -0.2450
vn 0.1190 -0.8881 -0.4440
vn 0.2599 -0.9152 -0.3081
vn -0.3283 -0.1794 -0.9274
vn -0.1625 -0.3251 -0.9316
vn -0.3391 -0.3791 -0.8610
vn 0.7480 -0.1794 -0.6390
vn 0.6066 -0.3251 -0.7255
vn 0.6030 -0.1369 -0.7859
vn 0.0657 0.9673 -0.2450
vn 0.1190 0.8881 -0.4440
vn -0.0710 0.9152 -0.3967
vn 0.7480 0.1794 -0.6390
vn 0.6066 0.3251 -0.7255
vn 0.7241 0.3791 -0.5761
vn -0.3283 0.1794 -0.9274
vn -0.1625 0.3251 -0.9316
vn -0.1293 0.1369 -0.9821
vn -0.2450 -0.9673 -0.0657
vn -0.4440 -0.8881 -0.1190
vn -0.3081 -0.9152 -0.2599
vn -0.9274 -0.1794 0.3283
vn -0.9316 -0.3251 0.1625
vn -0.8610 -0.3791 0.3391
vn -0.6390 -0.1794 -0.7480
vn -0.7255 -0.3251 -0.6066
vn -0.7859 -0.1369 -0.6030
vn -0.2450 0.9673 -0.0657
vn -0.4440 0.8881 -0.1190
vn -0.3967 0.9152 0.0710
vn -0.6390 0.1794 -0.7480
vn -0.7255 0.3251 -0.6066
vn -0.5761 0.3791 -0.7241
vn -0.9274 0.1794 0.3283
vn -0.9316 0.3251 0.1625
vn -0.9821 0.1369 0.1293
vn -0.3084 -0.0631 0.9492
vn -0.0000 -0.2689 0.9632
vn -0.0000 -0.0631 0.9980
vn -0.1221 -0.9186 0.3758
vn -0.0000 -0.9753 0.2209
vn -0.0000 -0.9186 0.3952
vn -0.2929 0.3185 0.9015
vn -0.0000 0.4939 0.8695
vn -0.2687 0.4939 0.8269
vn -0.1104 0.9340 0.3399
vn -0.0000 0.9800 0.1992
vn -0.0615 0.9800 0.1894
vn -0.5866 -0.0631 0.8074
vn -0.2976 -0.2689 0.9160
vn -0.2323 -0.9186 0.3197
vn -0.0683 -0.9753 0.2101
vn -0.5111 0.4939 0.7034
vn -0.5572 0.3186 0.7669
vn -0.2101 0.9340 0.2891
vn -0.1171 0.9800 0.1611
vn -0.8074 -0.0631 0.5866
vn -0.5661 -0.2689 0.7792
vn -0.3197 -0.9186 0.2323
vn -0.1299 -0.9753 0.1787
vn -0.7034 0.4939 0.5111
vn -0.7669 0.3185 0.5572
vn -0.1611 0.9800 0.1171
vn -0.2891 0.9340 0.2101
vn -0.9160 -0.2689 0.2976
vn -0.7792 -0.2689 0.5661
vn -0.3758 -0.9186 0.1221
vn -0.1787 -0.9753 0.1299
vn -0.8269 0.4939 0.2687
vn -0.9015 0.3185 0.2929
vn -0.1894 0.9800 0.0615
vn -0.3399 0.9340 0.1104
vn -0.9980 -0.0631 -0.0000
vn -0.9492 -0.0631 0.3084
vn -0.2209 -0.9753 -0.0000
vn -0.2101 -0.9753 0.0683
vn -0.8695 0.4939 -0.0000
vn -0.9479 0.3185 -0.0000
vn -0.1992 0.9800 -0.0000
vn -0.3574 0.9340 -0.0000
vn -0.9492 -0.0631 -0.3084
vn -0.9632 -0.2689 -0.0000
vn -0.3758 -0.9186 -0.1221
vn -0.3952 -0.9186 -0.0000
vn -0.9015 0.3185 -0.2929
vn -0.8269 0.4939 -0.2687
vn -0.3399 0.9340 -0.1104
vn -0.1894 0.9800 -0.0615
vn -0.8074 -0.0631 -0.5866
vn -0.9160 -0.2689 -0.2976
vn -0.3197 -0.9186 -0.2323
vn -0.2101 -0.9753 -0.0683
vn -0.7034 0.4939 -0.5111
vn -0.7669 0.3185 -0.5572
vn -0.2891 0.9340 -0.2101
vn -0.1611 0.9800 -0.1171
vn -0.5866 -0.0631 -0.8074
vn -0.7792 -0.2689 -0.5661
vn -0.2323 -0.9186 -0.3197
vn -0.1787 -0.9753 -0.1299
vn -0.5111 0.4939 -0.7034
vn -0.5572 0.3185 -0.7669
vn -0.1171 0.9800 -0.1611
vn -0.2101 0.9340 -0.2891
vn -0.2976 -0.2689 -0.9160
vn -0.5661 -0.2689 -0.7792
vn -0.1221 -0.9186 -0.3758
vn -0.1298 -0.9753 -0.1787
vn -0.2687 0.4939 -0.8269
vn -0.2929 0.3185 -0.9015
vn -0.0615 0.9800 -0.1894
vn -0.1104 0.9340 -0.3399
vn -0.0000 -0.0631 -0.9980
vn -0.3084 -0.0631 -0.9492
vn -0.0000 -0.9753 -0.2209
vn -0.0683 -0.9753 -0.2101
vn -0.0000 0.4939 -0.8695
vn -0.0000 0.3185 -0.9479
vn -0.0000 0.9800 -0.1992
vn -0.0000 0.9340 -0.3574
vn 0.3084 -0.0631 -0.9492
vn -0.0000 -0.2689 -0.9632
vn 0.1221 -0.9186 -0.3758
vn -0.0000 -0.9186 -0.3952
vn 0.2929 0.3185 -0.9015
vn 0.2687 0.4939 -0.8269
vn 0.1104 0.9340 -0.3399
vn 0.0615 0.9800 -0.1894
vn 0.5866 -0.0631 -0.8074
vn 0.2976 -0.2689 -0.9160
vn 0.2323 -0.9186 -0.3197
vn 0.0683 -0.9753 -0.2101
vn 0.5111 0.4939 -0.7034
vn 0.5572 0.3186 -0.7669
vn 0.2101 0.9340 -0.2891
vn 0.1171 0.9800 -0.1611
vn 0.8074 -0.0631 -0.5866
vn 0.5661 -0.2689 -0.7792
vn 0.3197 -0.9186 -0.2323
vn 0.1299 -0.9753 -0.1787
vn 0.7034 0.4939 -0.5111
vn 0.7669 0.3185 -0.5572
vn 0.1611 0.9800 -0.1171
vn 0.2891 0.9340 -0.2101
vn 0.9160 -0.2689 -0.2976
vn 0.7792 -0.2689 -0.5661
vn 0.3758 -0.9186 -0.1221
vn 0.1787 -0.9753 -0.1299
vn 0.8269 0.4939 -0.2687
vn 0.9015 0.3185 -0.2929
vn 0.1894 0.9800 -0.0615
vn 0.3399 0.9340 -0.1104
vn 0.9980 -0.0631 -0.0000
vn 0.9492 -0.0631 -0.3084
vn 0.2209 -0.9753 -0.0000
vn 0.2101 -0.9753 -0.0683
vn 0.8695 0.4939 -0.0000
vn 0.9479 0.3185 -0.0000
vn 0.1992 0.9800 -0.0000
vn 0.3574 0.9340 -0.0000
vn 0.9492 -0.0631 0.3084
vn 0.9632 -0.2689 -0.0000
vn 0.3758 -0.9186 0.1221
vn 0.3952 -0.9186 -0.0000
vn 0.9015 0.3185 0.2929
vn 0.8269 0.4939 0.2687
vn 0.3399 0.9340 0.1104
vn 0.1894 0.9800 0.0615
vn 0.8074 -0.0631 0.5866
vn 0.9160 -0.2689 0.2976
vn 0.3197 -0.9186 0.2323
vn 0.2101 -0.9753 0.0683
vn 0.7034 0.4939 0.5111
vn 0.7669 0.3185 0.5572
vn 0.2891 0.9340 0.2101
vn 0.1611 0.9800 0.1171
vn 0.5866 -0.0631 0.8074
vn 0.7792 -0.2689 0.5661
vn 0.2323 -0.9186 0.3197
vn 0.1787 -0.9753 0.1299
vn 0.5111 0.4939 0.7034
vn 0.5572 0.3185 0.7669
vn 0.1171 0.9800 0.1611
vn 0.2101 0.9340 0.2891
vn 0.2976 -0.2689 0.9160
vn 0.5661 -0.2689 0.7792
vn 0.1221 -0.9186 0.3758
vn 0.1298 -0.9753 0.1787
vn 0.2687 0.4939 0.8269
vn 0.2929 0.3185 0.9015
vn 0.0615 0.9800 0.1894
vn 0.1104 0.9340 0.3399
vn 0.3084 -0.0631 0.9492
vn 0.0683 -0.9753 0.2101
vn -0.0000 0.3185 0.9479
vn -0.0000 0.9340 0.3574
vn -0.3796 0.1274 0.9163
vn -0.0000 -0.0854 0.9963
vn -0.0000 0.1274 0.9918
vn -0.1554 -0.9138 0.3752
vn -0.0000 -0.9727 0.2321
vn -0.0000 -0.9138 0.4061
vn -0.3350 0.4835 0.8087
vn -0.0000 0.6298 0.7768
vn -0.2973 0.6298 0.7177
vn -0.1219 0.9479 0.2944
vn -0.0000 0.9835 0.1809
vn -0.0692 0.9835 0.1672
vn -0.7013 0.1274 0.7013
vn -0.3813 -0.0854 0.9205
vn -0.2872 -0.9138 0.2872
vn -0.0888 -0.9727 0.2145
vn -0.5493 0.6298 0.5493
vn -0.6190 0.4835 0.6190
vn -0.2253 0.9479 0.2253
vn -0.1279 0.9835 0.1279
vn -0.9163 0.1274 0.3796
vn -0.7045 -0.0854 0.7045
vn -0.2145 -0.9727 0.0888
vn -0.1642 -0.9727 0.1642
vn -0.7177 0.6298 0.2973
vn -0.8087 0.4835 0.3350
vn -0.1672 0.9835 0.0692
vn -0.2944 0.9479 0.1219
vn -0.9963 -0.0854 -0.0000
vn -0.9205 -0.0854 0.3813
vn -0.4061 -0.9138 -0.0000
vn -0.3752 -0.9138 0.1554
vn -0.7768 0.6298 -0.0000
vn -0.8754 0.4835 -0.0000
vn -0.1809 0.9835 -0.0000
vn -0.3186 0.9479 -0.0000
vn -0.9163 0.1274 -0.3796
vn -0.9918 0.1274 -0.0000
vn -0.3752 -0.9138 -0.1554
vn -0.2321 -0.9727 -0.0000
vn -0.8087 0.4835 -0.3350
vn -0.7177 0.6298 -0.2973
vn -0.2944 0.9479 -0.1219
vn -0.1672 0.9835 -0.0692
vn -0.7013 0.1274 -0.7013
vn -0.9205 -0.0854 -0.3813
vn -0.2872 -0.9138 -0.2872
vn -0.2145 -0.9727 -0.0888
vn -0.5493 0.6298 -0.5493
vn -0.6190 0.4835 -0.6190
vn -0.2253 0.9479 -0.2253
vn -0.1279 0.9835 -0.1279
vn -0.3796 0.1274 -0.9163
vn -0.7045 -0.0854 -0.7045
vn -0.0888 -0.9727 -0.2145
vn -0.1641 -0.9727 -0.1641
vn -0.2973 0.6298 -0.7177
vn -0.3350 0.4835 -0.8087
vn -0.0692 0.9835 -0.1672
vn -0.1219 0.9479 -0.2944
vn -0.0000 -0.0854 -0.9963
vn -0.3813 -0.0854 -0.9205
vn -0.0000 -0.9138 -0.4061
vn -0.1554 -0.9138 -0.3752
vn -0.0000 0.6298 -0.7768
vn -0.0000 0.4835 -0.8754
vn -0.0000 0.9835 -0.1809
vn -0.0000 0.9479 -0.3186
vn 0.3796 0.1274 -0.9163
vn -0.0000 0.1274 -0.9918
vn 0.1554 -0.9138 -0.3752
vn -0.0000 -0.9727 -0.2321
vn 0.3350 0.4835 -0.8087
vn 0.2973 0.6298 -0.7177
vn 0.1219 0.9479 -0.2944
vn 0.0692 0.9835 -0.1672
vn 0.7013 0.1274 -0.7013
vn 0.3813 -0.0854 -0.9205
vn 0.2872 -0.9138 -0.2872
vn 0.0888 -0.9727 -0.2145
vn 0.5493 0.6298 -0.5493
vn 0.6190 0.4835 -0.6190
vn 0.2253 0.9479 -0.2253
vn 0.1279 0.9835 -0.1279
vn 0.9163 0.1274 -0.3796
vn 0.7045 -0.0854 -0.7045
vn 0.2145 -0.9727 -0.0888
vn 0.1641 -0.9727 -0.1641
vn 0.7177 0.6298 -0.2973
vn 0.8087 0.4835 -0.3350
vn 0.1672 0.9835 -0.0692
vn 0.2944 0.9479 -0.1219
vn 0.9963 -0.0854 -0.0000
vn 0.9205 -0.0854 -0.3813
vn 0.4061 -0.9138 -0.0000
vn 0.3752 -0.9138 -0.1554
vn 0.7768 0.6298 -0.0000
vn 0.8754 0.4835 -0.0000
vn 0.1809 0.9835 -0.0000
vn 0.3186 0.9479 -0.0000
vn 0.9163 0.1274 0.3796
vn 0.9918 0.1274 -0.0000
vn 0.3752 -0.9138 0.1554
vn 0.2321 -0.9727 -0.0000
vn 0.8087 0.4835 0.3350
vn 0.7177 0.6298 0.2973
vn 0.2944 0.9479 0.1219
vn 0.1672 0.9835 0.0692
vn 0.7013 0.1274 0.7013
vn 0.9205 -0.0854 0.3813
vn 0.2872 -0.9138 0.2872
vn 0.2145 -0.9727 0.0888
vn 0.5493 0.6298 0.5493
vn 0.6190 0.4835 0.6190
vn 0.2253 0.9479 0.2253
vn 0.1279 0.9835 0.1279
vn 0.3796 0.1274 0.9163
vn 0.7045 -0.0854 0.7045
vn 0.0888 -0.9727 0.2145
vn 0.1642 -0.9727 0.1642
vn 0.2973 0.6298 0.7177
vn 0.3350 0.4835 0.8087
vn 0.0692 0.9835 0.1672
vn 0.1219 0.9479 0.2944
vn 0.3813 -0.0854 0.9205
vn 0.1554 -0.9138 0.3752
vn -0.0000 0.4835 0.8754
vn -0.0000 0.9479 0.3186
vn 0.4030 -0.9152 -0.0011
vn 0.8132 -0.3791 -0.4416
vn 0.0432 -0.1369 -0.9896
vn 0.3094 0.9152 -0.2583
vn 0.9068 0.3791 -0.1844
vn 0.6692 0.1369 0.7303
vn 0.9896 -0.1369 0.0432
vn 0.0011 -0.9152 0.4030
vn 0.4416 -0.3791 0.8132
vn 0.2583 0.9152 0.3094
vn 0.1844 0.3791 0.9068
vn -0.7303 0.1369 0.6692
vn -0.0432 -0.1369 0.9896
vn -0.4030 -0.9152 0.0011
vn -0.8132 -0.3791 0.4416
vn -0.3094 0.9152 0.2583
vn -0.9068 0.3791 0.1844
vn -0.6692 0.1369 -0.7303
vn -0.9896 -0.1369 -0.0432
vn -0.0011 -0.9152 -0.4030
vn -0.4416 -0.3791 -0.8132
vn -0.2583 0.9152 -0.3094
vn -0.1844 0.3791 -0.9068
vn -0.2963 -0.3648 0.8827
vn -0.4411 0.4143 0.7961
vn 0.4783 -0.1742 0.8607
vn -0.0842 0.1422 0.9862
vn -0.9434 0.2481 0.2201
vn -0.9630 -0.2693 0.0089
vn -0.4750 -0.8592 -0.1901
vn -0.8484 0.4941 -0.1899
vn -0.4786 0.2608 -0.8384
vn -0.3373 -0.2768 -0.8998
vn -0.0556 -0.8797 -0.4722
vn -0.0371 0.4615 -0.8864
vn 0.6678 0.1627 -0.7264
vn 0.7161 -0.3769 -0.5875
vn 0.3401 -0.9266 -0.1607
vn 0.8717 0.3616 -0.3308
vn 0.9116 0.0894 0.4013
vn 0.7414 -0.4313 0.5141
vn 0.6220 0.3324 0.7090
vn 0.5534 -0.3581 0.7520
vn 0.2956 0.3860 0.8739
vn 0.9867 -0.0559 0.1528
vn 0.6973 0.1797 0.6939
vn -0.4393 0.1225 0.8900
vn -0.5509 -0.4025 0.7311
vn -0.3305 -0.9272 0.1762
vn -0.7304 0.3592 0.5809
vn -0.9794 0.1542 -0.1302
vn -0.8745 -0.3601 -0.3250
vn -0.2902 -0.8989 -0.3283
vn -0.7708 0.4138 -0.4843
vn -0.1767 0.2309 -0.9568
vn 0.0297 -0.2894 -0.9567
vn 0.2024 -0.8725 -0.4448
vn 0.2302 0.4744 -0.8497
vn 0.8596 0.2467 -0.4475
vn 0.9122 -0.2882 -0.2911
vn 0.4665 -0.8844 -0.0124
vn 0.8893 0.4572 -0.0103
vn 0.9133 -0.4041 0.0503
vn 0.3275 -0.9302 0.1657
vn 0.8879 0.3544 0.2932
vn 0.4760 0.8794 -0.0067
vn 0.7275 -0.1245 -0.6747
vn 0.9847 0.1235 -0.1232
vn 0.4323 0.1425 0.8904
vn 0.2112 -0.3717 0.9040
vn -0.1155 -0.9043 0.4111
vn 0.0226 0.4024 0.9152
vn 0.2124 0.8899 0.4037
vn -0.6996 0.2245 0.6784
vn -0.8151 -0.2934 0.4996
vn -0.8341 0.4733 0.2834
vn -0.2582 0.9247 0.2798
vn -0.8467 0.2562 -0.4662
vn -0.7472 -0.2773 -0.6041
vn -0.2698 -0.8784 -0.3944
vn -0.4981 0.4693 -0.7292
vn 0.1942 0.1938 -0.9616
vn 0.3211 -0.3457 -0.8817
vn 0.2322 -0.9142 -0.3321
vn 0.5661 0.3958 -0.7231
vn 0.1683 0.9078 -0.3842
vn 0.6248 -0.3756 -0.6845
vn 0.3755 -0.9117 -0.1665
vn 0.7699 0.3881 -0.5066
vn 0.2515 0.8972 -0.3631
vn -0.0679 -0.1263 -0.9897
vn 0.5128 0.1473 -0.8458
vn 0.9603 0.1697 0.2216
vn 0.8504 -0.3506 0.3924
vn 0.2898 -0.8982 0.3304
vn 0.7131 0.4159 0.5643
vn 0.4078 0.9073 0.1020
vn 0.0832 0.1981 0.9766
vn -0.1043 -0.3267 0.9394
vn -0.2094 -0.8912 0.4025
vn -0.3232 0.4338 0.8411
vn -0.9063 0.1932 0.3759
vn -0.9199 -0.3369 0.2005
vn -0.4323 -0.9003 -0.0500
vn -0.9070 0.4170 -0.0589
vn -0.6408 0.1618 -0.7504
vn -0.4693 -0.3671 -0.8031
vn -0.0708 -0.9131 -0.4016
vn -0.2314 0.3888 -0.8918
vn -0.2393 0.9024 -0.3583
vn -0.1421 -0.3394 -0.9298
vn 0.1133 -0.8934 -0.4347
vn 0.0794 0.4261 -0.9012
vn -0.1368 0.9124 -0.3857
vn -0.8149 -0.1121 -0.5686
vn -0.3436 0.1813 -0.9214
vn 0.7699 0.2024 -0.6052
vn 0.8402 -0.3246 -0.4343
vn 0.4484 -0.8920 -0.0577
vn 0.8815 0.4329 -0.1885
vn 0.8137 0.1834 0.5515
vn 0.6730 -0.3474 0.6530
vn 0.1936 -0.9056 0.3774
vn 0.4520 0.4056 0.7945
vn 0.3073 0.9116 0.2729
vn -0.2727 0.1505 0.9502
vn -0.4127 -0.3764 0.8295
vn -0.6157 0.3819 0.6893
vn -0.9880 0.1493 0.0399
vn -0.9165 -0.3715 -0.1488
vn -0.3486 -0.9080 -0.2325
vn -0.8459 0.3946 -0.3587
vn -0.8023 -0.3688 -0.4693
vn -0.6692 0.4018 -0.6251
vn -0.4185 0.8982 -0.1344
vn -0.9483 -0.1464 0.2816
vn -0.9403 0.1473 -0.3070
vn 0.0008 0.2011 -0.9796
vn 0.1965 -0.3192 -0.9271
vn 0.2658 -0.8834 -0.3858
vn 0.3880 0.4456 -0.8068
vn 0.0004 0.9209 -0.3898
vn 0.9321 0.2149 -0.2915
vn 0.9415 -0.3156 -0.1179
vn 0.4469 -0.8906 0.0846
vn 0.8885 0.4361 0.1429
vn 0.5666 0.1696 0.8063
vn 0.4031 -0.3631 0.8400
vn 0.0557 -0.9140 0.4018
vn 0.1407 0.3865 0.9115
vn -0.5906 0.1278 0.7968
vn -0.6747 -0.3960 0.6229
vn -0.8220 0.3653 0.4369
vn -0.3046 0.8884 0.3433
vn -0.8587 -0.3624 0.3624
vn -0.4048 -0.9140 0.0283
vn -0.9150 0.3898 0.1042
vn -0.3684 -0.0832 0.9259
vn -0.8299 0.1695 0.5315
vn -0.7693 0.1400 -0.6234
vn -0.5939 -0.3840 -0.7070
vn -0.1115 -0.9170 -0.3829
vn -0.3995 0.3785 -0.8349
vn -0.3288 0.8923 -0.3094
vn 0.3478 0.1625 -0.9234
vn 0.5048 -0.3561 -0.7864
vn 0.3701 -0.8998 -0.2313
vn 0.6525 0.4127 -0.6355
vn 0.9775 0.2059 0.0461
vn 0.9190 -0.3172 0.2340
vn 0.3743 -0.8860 0.2736
vn 0.7872 0.4451 0.4268
vn 0.2496 0.2102 0.9452
vn 0.0764 -0.3211 0.9440
vn -0.1046 -0.8948 0.4341
vn -0.1815 0.4309 0.8839
vn 0.0535 0.9215 0.3847
vn 0.3081 -0.9152 -0.2599
vn 0.3391 -0.3791 -0.8610
vn -0.6030 -0.1369 -0.7859
vn 0.1293 0.1369 -0.9821
vn 0.0710 0.9152 -0.3967
vn 0.5761 0.3791 -0.7241
vn 0.9821 0.1369 0.1293
vn 0.2599 -0.9152 0.3081
vn 0.8610 -0.3791 0.3391
vn 0.3967 0.9152 0.0710
vn -0.1293 0.1369 0.9821
vn -0.3081 -0.9152 0.2599
vn -0.3391 -0.3791 0.8610
vn -0.0710 0.9152 0.3967
vn -0.5761 0.3791 0.7241
vn -0.9821 0.1369 -0.1293
vn -0.7859 -0.1369 0.6030
vn -0.2599 -0.9152 -0.3081
vn -0.8610 -0.3791 -0.3391
vn -0.3967 0.9152 -0.0710
vn -0.3791 -0.9152 -0.1369
vn -0.9152 -0.3791 0.1369
vn -0.3791 -0.1369 0.9152
vn -0.9152 0.1369 0.3791
vn -0.3791 0.9152 0.1369
vn -0.9152 0.3791 -0.1369
vn -0.3791 0.1369 -0.9152
vn 0.1369 -0.9152 -0.3791
vn -0.1369 -0.3791 -0.9152
vn -0.1369 0.9152 -0.3791
vn 0.1369 0.3791 -0.9152
vn 0.9152 0.1369 -0.3791
vn 0.3791 -0.9152 0.1369
vn 0.9152 -0.3791 -0.1369
vn 0.3791 0.9152 -0.1369
vn 0.9152 0.3791 0.1369
vn 0.3791 0.1369 0.9152
vn -0.1369 -0.9152 0.3791
vn 0.1369 -0.3791 0.9152
vn 0.1369 0.9152 0.3791
vn -0.1369 0.3791 0.9152
vn 0.0710 -0.9152 0.3967
vn 0.5761 -0.3791 0.7241
vn 0.9821 -0.1369 -0.1293
vn 0.7859 0.1369 0.6030
vn 0.3081 0.9152 0.2599
vn -0.6030 0.1369 0.7859
vn 0.1293 -0.1369 0.9821
vn -0.3967 -0.9152 0.0710
vn -0.2599 0.9152 0.3081
vn -0.8610 0.3791 0.3391
vn -0.7859 0.1369 -0.6030
vn -0.0710 -0.9152 -0.3967
vn -0.3081 0.9152 -0.2599
vn -0.3391 0.3791 -0.8610
vn 0.6030 0.1369 -0.7859
vn 0.3967 -0.9152 -0.0710
vn 0.2599 0.9152 -0.3081
vn 0.8610 0.3791 -0.3391
vn 0.7303 0.1369 -0.6692
vn 0.1653 -0.9349 0.3139
vn 0.0017 0.8916 0.4528
vn -0.3384 -0.8933 0.2957
vn -0.6803 -0.0742 0.7292
vn -0.3375 0.9357 0.1029
vn -0.9092 -0.0013 -0.4163
vn -0.1090 0.9377 -0.3298
vn 0.1079 -0.0563 -0.9926
vn 0.3714 0.8949 -0.2473
vn 0.9654 -0.1631 -0.2033
vn 0.4398 0.8664 0.2363
vn 0.2390 0.9027 0.3578
vn 0.1372 -0.9183 0.3714
vn 0.1596 -0.1335 0.9781
vn -0.2462 0.8802 0.4058
vn -0.8830 -0.1484 0.4453
vn -0.4429 0.8956 -0.0407
vn -0.7003 -0.0798 -0.7094
vn -0.0792 0.9278 -0.3647
vn 0.4552 -0.0226 -0.8901
vn 0.3423 0.9321 -0.1184
vn 0.8585 -0.1555 0.4886
vn -0.2051 -0.0913 0.9745
vn -0.4847 -0.8723 0.0649
vn -0.9936 -0.0207 0.1114
vn -0.2855 0.9357 -0.2072
vn -0.4172 -0.0412 -0.9079
vn 0.9222 -0.1209 -0.3673
vn 0.6364 -0.0891 0.7662
vn 0.0137 0.9189 0.3943
vn -0.5304 -0.0749 0.8444
vn -0.3862 0.9158 0.1098
vn -0.9656 -0.0979 -0.2408
vn 0.2885 -0.0791 -0.9542
vn 0.3244 0.9205 -0.2176
vn 0.9967 -0.0783 -0.0236
vn 0.3308 -0.1108 0.9372
vn -0.1645 0.8980 0.4081
vn -0.2989 -0.9155 0.2693
vn -0.7888 -0.1317 0.6003
vn -0.4389 0.8985 0.0010
vn -0.3671 -0.9214 0.1274
vn -0.2373 -0.9025 -0.3594
vn -0.5620 -0.1003 -0.8210
vn 0.6061 -0.0586 -0.7932
vn 0.3731 0.9251 -0.0700
vn 0.9418 -0.0790 0.3266
vn 0.1846 0.9051 0.3831
vn -0.0188 -0.1333 0.9909
vn -0.3899 0.9037 0.1767
vn -0.9898 -0.1270 -0.0643
vn -0.2397 -0.1307 -0.9620
vn 0.1523 0.9029 -0.4018
vn 0.8454 -0.0892 -0.5266
vn 0.3886 0.9210 0.0271
vn 0.7659 -0.0599 0.6402
vn -0.7241 0.3791 -0.5761
vn 0.7859 -0.1369 -0.6030
vn 0.6030 -0.1369 0.7859
vn 0.7241 0.3791 0.5761
vn -0.9152 -0.1369 -0.3791
vn 0.9152 -0.1369 0.3791
vn 0.3791 -0.1369 -0.9152
vn -0.7241 -0.3791 0.5761
vn 0.3391 0.3791 0.8610
vn -0.1293 -0.1369 -0.9821
vn 0.7241 -0.3791 -0.5761
vn -0.9821 -0.1369 0.1293
vn -0.5761 -0.3791 -0.7241
vt 0.202957 -0.137011
vt 0.193295 -0.157731
vt 0.184352 -0.143783
vt 0.212533 -0.126949
vt 0.193295 -0.143115
vt 0.209728 -0.146748
vt -0.146588 -0.126949
vt -0.157731 -0.143115
vt -0.162388 -0.126949
vt 0.212533 0.157051
vt 0.193295 0.173217
vt 0.191123 0.157051
vt 0.209728 -0.155616
vt -0.146588 0.157051
vt -0.157731 0.173217
vt -0.143783 0.176850
vt -0.137011 0.797043
vt -0.157731 0.806705
vt -0.143783 0.815648
vt 0.787467 -0.126949
vt 0.806705 -0.143115
vt 0.790272 -0.146748
vt -0.155616 0.790272
vt 0.787467 0.157051
vt 0.806705 0.173217
vt 0.808877 0.157051
vt 1.137011 0.202957
vt 1.157731 0.193295
vt 1.143783 0.184352
vt 1.146588 -0.126949
vt 1.157731 -0.143115
vt 1.162388 -0.126949
vt 1.155616 0.209728
vt 1.146588 0.157051
vt 1.157731 0.173217
vt 1.143783 0.176850
vt 0.797043 1.137011
vt 0.806705 1.157731
vt 0.815648 1.143783
vt 0.790272 1.155616
vt 2.620704 1.130001
vt 2.615737 1.149860
vt 2.633226 1.145512
vt 2.592930 -0.480428
vt 2.615737 -0.495132
vt 2.601953 -0.499372
vt 2.637157 -0.477295
vt 2.613587 -0.479312
vt 2.509567 1.128267
vt 2.506267 1.148151
vt 2.491971 1.137149
vt 2.529965 1.040900
vt 2.506267 1.055328
vt 2.523244 1.060555
vt 2.485738 1.037767
vt 2.506395 1.038882
vt 2.861530 1.022286
vt 2.877667 1.032705
vt 2.879248 1.014838
vt 2.862563 -0.454268
vt 2.877667 -0.468374
vt 2.863389 -0.473644
vt 1.012368 -0.450592
vt 1.032705 -0.468374
vt 1.035553 -0.452098
vt 2.667051 1.057828
vt 2.686106 1.067714
vt 2.670933 1.077739
vt 1.046649 1.059391
vt 1.067714 1.073700
vt 1.050011 1.078242
vt 2.674989 1.055715
vt 2.686106 1.073700
vt 2.692405 1.057885
vt 2.832848 0.759078
vt 2.846472 0.746431
vt 2.830364 0.739498
vt 0.766012 -0.441071
vt 0.746431 -0.457311
vt 0.763283 -0.461322
vt 2.827780 -0.441932
vt 2.846472 -0.457311
vt 2.848253 -0.440846
vt 2.648295 0.885708
vt 2.664688 0.871161
vt 2.669202 0.888596
vt 2.649778 1.064656
vt 2.664688 1.081296
vt 2.647730 1.083871
vt 0.888147 1.065517
vt 0.871161 1.081296
vt 0.866536 1.065742
vt 2.574296 0.704121
vt 2.565263 0.686658
vt 2.554131 0.700003
vt 2.585782 -0.459075
vt 2.565263 -0.477231
vt 2.583260 -0.479436
vt 2.544587 -0.463284
vt 2.562252 -0.461106
vt 2.479219 0.849770
vt 2.471612 0.830121
vt 2.489171 0.831109
vt 0.839841 1.049418
vt 0.830121 1.067619
vt 0.844138 1.069663
vt 2.494081 1.053626
vt 2.471612 1.067619
vt 2.470551 1.051595
vt 2.443184 0.933364
vt 2.422660 0.935990
vt 2.432292 0.950934
vt 0.913928 -0.483399
vt 0.935990 -0.500606
vt 0.919097 -0.502952
vt 0.958953 -0.485139
vt 0.937191 -0.484880
vt 2.393480 0.999679
vt 2.373702 1.001311
vt 2.379636 0.984723
vt 1.022914 1.034736
vt 1.001311 1.051570
vt 1.016560 1.055253
vt 0.977890 1.036476
vt 1.001152 1.034996
vt 1.231708 2.487313
vt 1.214609 2.496750
vt 1.228452 2.507434
vt 2.475985 -0.460816
vt 2.496750 -0.478374
vt 2.478828 -0.481046
vt 2.516439 -0.463787
vt 2.499424 -0.462207
vt 1.358505 2.525533
vt 1.339247 2.534319
vt 1.339446 2.516597
vt 1.349848 0.864212
vt 1.339247 0.881827
vt 1.353753 0.884292
vt 2.512665 0.867183
vt 2.534319 0.881827
vt 2.536103 0.865792
vt 1.466606 2.608839
vt 1.470009 2.628883
vt 1.484561 2.618730
vt 1.447819 -0.478845
vt 1.470009 -0.495881
vt 1.452890 -0.498531
vt 1.492608 -0.480330
vt 1.471276 -0.480005
vt 1.512113 2.605003
vt 1.514741 2.625112
vt 1.497859 2.619757
vt 1.536281 0.853016
vt 1.514741 0.869797
vt 1.529531 0.873363
vt 1.491491 0.854502
vt 1.514949 0.853342
vt 1.655320 2.422862
vt 1.675194 2.426674
vt 1.670138 2.409451
vt 2.449356 -0.478415
vt 2.426674 -0.493654
vt 2.441034 -0.497624
vt 2.404689 -0.476362
vt 2.428185 -0.477741
vt 1.635519 2.483386
vt 1.655730 2.486167
vt 1.645304 2.500844
vt 2.462774 0.856305
vt 2.486167 0.871328
vt 2.469260 0.876072
vt 2.507440 0.854252
vt 2.486269 0.854926
vt 1.537054 2.186395
vt 1.546606 2.169569
vt 1.528723 2.168813
vt 2.183566 -0.460120
vt 2.169569 -0.474770
vt 2.183514 -0.479578
vt 1.525748 -0.457366
vt 1.546606 -0.474770
vt 1.549144 -0.458543
vt 1.558181 2.328753
vt 1.567373 2.309501
vt 1.578017 2.324191
vt 1.546023 0.869532
vt 1.567373 0.884304
vt 1.549601 0.888675
vt 2.320186 0.866778
vt 2.309501 0.884304
vt 2.303432 0.868355
vt 1.275248 2.226228
vt 1.261949 2.212878
vt 1.255746 2.229370
vt 1.280928 -0.449244
vt 1.261949 -0.465326
vt 1.278575 -0.469332
vt 2.231841 -0.449594
vt 2.212878 -0.465326
vt 2.210841 -0.448943
vt 1.386977 2.354801
vt 1.371775 2.339261
vt 1.388986 2.333927
vt 2.355231 0.874419
vt 2.339261 0.890793
vt 2.356425 0.893755
vt 1.388155 0.874770
vt 1.371775 0.890793
vt 1.366989 0.875071
vt -0.561290 2.343014
vt -0.579889 2.334942
vt -0.579451 2.352627
vt -0.568653 -0.477462
vt -0.579889 -0.494783
vt -0.565991 -0.497249
vt 2.357109 -0.479549
vt 2.334942 -0.494783
vt 2.333540 -0.478896
vt -0.583595 2.401312
vt -0.601803 2.392220
vt -0.588025 2.381164
vt 2.412992 0.815783
vt 2.392220 0.832865
vt 2.410218 0.836186
vt 2.371904 0.817870
vt 2.389423 0.816436
vt -0.510364 2.603032
vt -0.524521 2.617633
vt -0.507367 2.622893
vt 2.600204 -0.480846
vt 2.617633 -0.496291
vt 2.601050 -0.500050
vt -0.506943 -0.479143
vt -0.524521 -0.496291
vt -0.528377 -0.480429
vt -0.550292 2.571346
vt -0.563751 2.586502
vt -0.570239 2.569749
vt -0.545218 0.816649
vt -0.563751 0.831828
vt -0.546811 0.836539
vt 2.569831 0.814946
vt 2.586502 0.831828
vt 2.590520 0.815363
vt -0.247939 2.635162
vt -0.239215 2.652565
vt -0.228705 2.638037
vt -0.261598 -0.462790
vt -0.239215 -0.477275
vt -0.256645 -0.482135
vt 2.639137 -0.459651
vt 2.652565 -0.477275
vt 2.656401 -0.461099
vt -0.378684 2.592357
vt -0.367671 2.610509
vt -0.385803 2.611305
vt 2.598105 0.830339
vt 2.610509 0.844898
vt 2.595751 0.849490
vt -0.386928 0.827200
vt -0.367671 0.844898
vt -0.363693 0.828891
vt -0.136679 2.395001
vt -0.118252 2.391463
vt -0.128567 2.377129
vt 2.414607 -0.448248
vt 2.391463 -0.464014
vt 2.408585 -0.468261
vt 2.370122 -0.448010
vt 2.390993 -0.447619
vt -0.305927 2.435308
vt -0.284538 2.431064
vt -0.289601 2.448403
vt 2.408759 0.837933
vt 2.431064 0.854011
vt 2.416947 0.857142
vt 2.453244 0.837696
vt 2.429630 0.838324
vt -0.330340 2.214444
vt -0.328801 2.195161
vt -0.345340 2.200737
vt -0.307837 -0.457315
vt -0.328801 -0.474834
vt -0.313593 -0.477602
vt -0.352734 -0.460308
vt -0.329427 -0.458618
vt -0.432569 2.317235
vt -0.429240 2.296154
vt -0.414581 2.306168
vt -0.450728 0.828938
vt -0.429240 0.846575
vt -0.446328 0.848919
vt -0.405832 0.831930
vt -0.427422 0.830627
vt -1.632134 0.815013
vt -1.636961 0.795432
vt -1.650663 0.806807
vt -1.614441 -0.473106
vt -1.636961 -0.489428
vt -1.619532 -0.492782
vt -1.658467 -0.473294
vt -1.638152 -0.473395
vt -1.633579 0.842404
vt -1.638388 0.822482
vt -1.620965 0.826364
vt -1.659869 1.375610
vt -1.638388 1.391813
vt -1.652095 1.395594
vt -1.615844 1.375798
vt -1.639555 1.375509
vt -1.803487 1.017082
vt -1.823407 1.015300
vt -1.816886 1.031940
vt 0.992514 -0.470163
vt 1.015300 -0.485792
vt 0.999995 -0.489720
vt 1.037691 -0.469050
vt 1.014567 -0.469695
vt -1.745633 0.974543
vt -1.766272 0.973290
vt -1.757129 0.957822
vt 0.996403 1.378731
vt 0.973290 1.394307
vt 0.989767 1.398429
vt 0.951226 1.377618
vt 0.973279 1.378086
vt -1.664251 1.242396
vt -1.671907 1.260461
vt -1.654121 1.259498
vt -1.691957 -0.462318
vt -1.671907 -0.477975
vt -1.683769 -0.482065
vt -1.650030 -0.461442
vt -1.673713 -0.461740
vt -1.654582 1.121884
vt -1.662358 1.141446
vt -1.674183 1.127877
vt -1.640645 1.383925
vt -1.662358 1.399668
vt -1.644536 1.403451
vt -1.682572 1.383050
vt -1.664328 1.383628
vt -1.406845 1.179580
vt -1.391828 1.192111
vt -1.387305 1.175004
vt -1.408826 -0.460413
vt -1.391828 -0.476780
vt -1.408029 -0.480396
vt 1.172576 -0.460985
vt 1.192111 -0.476780
vt 1.194489 -0.460524
vt -1.486255 1.080806
vt -1.470251 1.094565
vt -1.486755 1.101519
vt 1.076707 1.384014
vt 1.094565 1.400488
vt 1.077080 1.403720
vt -1.485901 1.384586
vt -1.470251 1.400488
vt -1.465781 1.384475
vt -1.386996 0.915442
vt -1.370230 0.904707
vt -1.385167 0.895225
vt 0.925065 -0.467080
vt 0.904707 -0.483858
vt 0.922475 -0.487019
vt -1.384733 -0.468309
vt -1.370230 -0.483858
vt -1.366728 -0.467727
vt -1.473275 0.908078
vt -1.455437 0.897434
vt -1.453864 0.915173
vt -1.468475 1.378875
vt -1.455437 1.395633
vt -1.470703 1.398864
vt 0.917917 1.380104
vt 0.897434 1.395633
vt 0.894881 1.379457
vt -1.086029 -1.010284
vt -1.073597 -1.025791
vt -1.091068 -1.029552
vt -1.009408 -0.467439
vt -1.025791 -0.482923
vt -1.009959 -0.487019
vt -1.092867 -0.466103
vt -1.073597 -0.482923
vt -1.070565 -0.466777
vt -1.087546 -0.915033
vt -1.075096 -0.931704
vt -1.067234 -0.915514
vt -1.094340 1.412822
vt -1.075096 1.428303
vt -1.092572 1.432412
vt -0.916911 1.411486
vt -0.931704 1.428303
vt -0.936436 1.412148
vt -1.350795 -1.018150
vt -1.361695 -1.034351
vt -1.370678 -1.019019
vt -1.340991 -0.460051
vt -1.361695 -0.475896
vt -1.344205 -0.479900
vt -1.018957 -0.459599
vt -1.034351 -0.475896
vt -1.037644 -0.459626
vt -1.260685 -0.920177
vt -1.272686 -0.937575
vt -1.254859 -0.939930
vt -0.923817 1.417155
vt -0.937575 1.433122
vt -0.921876 1.436689
vt -1.253486 1.416704
vt -1.272686 1.433122
vt -1.276241 1.417128
vt -1.440198 -0.768737
vt -1.458976 -0.762959
vt -1.447176 -0.749809
vt -0.785221 -0.461652
vt -0.762959 -0.478279
vt -0.780561 -0.481674
vt -0.741731 -0.462709
vt -0.761465 -0.462051
vt -1.319149 -0.757077
vt -1.339406 -0.751441
vt -1.336129 -0.769000
vt -0.730409 1.414781
vt -0.751441 1.431488
vt -0.738248 1.434599
vt -0.773898 1.415839
vt -0.750142 1.415439
vt -1.230685 -0.606724
vt -1.231001 -0.586669
vt -1.214845 -0.593960
vt -1.253172 -0.470029
vt -1.231001 -0.486779
vt -1.246866 -0.489890
vt -1.207887 -0.471134
vt -1.230745 -0.470701
vt -1.182141 -0.651131
vt -1.183050 -0.630534
vt -1.198733 -0.638943
vt -1.160747 1.408981
vt -1.183050 1.425658
vt -1.166712 1.429030
vt -1.206031 1.410086
vt -1.183605 1.409415
vt -1.011797 -0.756008
vt -0.992824 -0.749108
vt -0.994758 -0.766851
vt -0.728457 -0.473606
vt -0.749108 -0.489649
vt -0.736687 -0.493193
vt -0.771115 -0.473231
vt -0.747370 -0.473622
vt -1.039003 -0.748753
vt -1.019697 -0.741942
vt -1.032547 -0.729494
vt -0.764070 1.407770
vt -0.741942 1.423690
vt -0.759658 1.427678
vt -0.721412 1.407396
vt -0.740325 1.407380
vt 0.656733 -1.682461
vt 0.677024 -1.682436
vt 0.668945 -1.698431
vt -1.659274 -0.475278
vt -1.682436 -0.490847
vt -1.666404 -0.494673
vt -1.704566 -0.473934
vt -1.682035 -0.474863
vt 0.651434 -1.623028
vt 0.671788 -1.623705
vt 0.664169 -1.607458
vt -1.646796 1.470591
vt -1.623705 1.486003
vt -1.639484 1.490393
vt -1.601504 1.469247
vt -1.624265 1.469662
vt 0.497907 -1.894207
vt 0.504192 -1.912855
vt 0.486488 -1.910295
vt 0.525585 -0.462740
vt 0.504192 -0.477852
vt 0.517088 -0.482305
vt 0.482310 -0.460779
vt 0.506059 -0.461637
vt 0.547573 -1.761496
vt 0.553270 -1.781714
vt 0.566346 -1.769263
vt 0.530586 1.479728
vt 0.553270 1.494915
vt 0.535746 1.499099
vt 0.573861 1.477767
vt 0.554335 1.478870
vt 0.247332 -1.808339
vt 0.231519 -1.819415
vt 0.228474 -1.801983
vt 0.247445 -0.454583
vt 0.231519 -0.470658
vt 0.246906 -0.474597
vt -1.798790 -0.454715
vt -1.819415 -0.470658
vt -1.821442 -0.454316
vt 0.383713 -1.705344
vt 0.366287 -1.717638
vt 0.382170 -1.726044
vt -1.698677 1.483569
vt -1.717638 1.499848
vt -1.699832 1.503057
vt 0.380009 1.483701
vt 0.366287 1.499848
vt 0.361117 1.483968
vt 0.251294 -1.543524
vt 0.235830 -1.531245
vt 0.251470 -1.523178
vt -1.550576 -0.462079
vt -1.531245 -0.479208
vt -1.548786 -0.482203
vt 0.252254 -0.464122
vt 0.235830 -0.479208
vt 0.232941 -0.463018
vt 0.386304 -1.532172
vt 0.369243 -1.520028
vt 0.366165 -1.537528
vt 0.383486 1.476805
vt 0.369243 1.493985
vt 0.385373 1.496798
vt -1.539542 1.478848
vt -1.520028 1.493985
vt -1.517131 1.477910
vt 0.504318 -1.465726
vt 0.511167 -1.446587
vt 0.523696 -1.459178
vt 0.489415 -0.474869
vt 0.511167 -0.491686
vt 0.493392 -0.494610
vt 0.532271 -0.476000
vt 0.513158 -0.475716
vt 0.551765 -1.481298
vt 0.558053 -1.461974
vt 0.540450 -1.464238
vt 0.578391 1.468784
vt 0.558053 1.485429
vt 0.570754 1.488971
vt 0.535534 1.469915
vt 0.559278 1.469068
vt 2.280275 -0.668153
vt 2.293178 -0.653178
vt 2.300561 -0.669189
vt 2.274273 -0.464644
vt 2.293178 -0.481645
vt 2.275826 -0.484686
vt -0.670252 -0.466379
vt -0.653178 -0.481645
vt -0.650335 -0.465487
vt 2.277913 -0.774936
vt 2.290848 -0.758497
vt 2.273486 -0.754619
vt -0.773570 1.200549
vt -0.758497 1.217564
vt -0.774957 1.220551
vt 2.271987 1.202283
vt 2.290848 1.217564
vt 2.294031 1.201441
vt 2.346800 -0.924479
vt 2.365547 -0.932024
vt 2.352435 -0.944032
vt -0.910305 -0.474569
vt -0.932024 -0.491158
vt -0.914208 -0.494272
vt -0.952483 -0.475254
vt -0.934010 -0.475165
vt 2.321415 -0.942556
vt 2.340511 -0.949854
vt 2.339008 -0.932113
vt -0.969974 1.194601
vt -0.949854 1.211035
vt -0.961938 1.214705
vt -0.927796 1.195287
vt -0.951501 1.194691
vt 2.123532 -1.067137
vt 2.122663 -1.087216
vt 2.107039 -1.078491
vt 2.145892 -0.473137
vt 2.122663 -0.488699
vt 2.139016 -0.492596
vt 2.100671 -0.471826
vt 2.122850 -0.472663
vt 2.175413 -1.035845
vt 2.173833 -1.056354
vt 2.190403 -1.049403
vt 2.150868 1.197273
vt 2.173833 1.212723
vt 2.158427 1.217017
vt 2.196090 1.195961
vt 2.173047 1.196436
vt 1.919021 -0.898979
vt 1.900184 -0.904284
vt 1.903503 -0.886748
vt -0.925906 -0.462328
vt -0.904284 -0.477666
vt -0.917751 -0.481974
vt -0.882062 -0.460832
vt -0.905789 -0.461439
vt 2.041677 -0.925881
vt 2.021157 -0.930817
vt 2.033038 -0.944397
vt -0.908091 1.204871
vt -0.930817 1.220295
vt -0.913395 1.224294
vt -0.951935 1.203375
vt -0.931818 1.204264
vt 2.015894 -0.652393
vt 2.005568 -0.636034
vt 2.023106 -0.633786
vt -0.651131 -0.457079
vt -0.636034 -0.473306
vt -0.651040 -0.477085
vt 2.026676 -0.457466
vt 2.005568 -0.473306
vt 2.003726 -0.457004
vt 2.105025 -0.764630
vt 2.093476 -0.746731
vt 2.084386 -0.762210
vt 2.112915 1.206896
vt 2.093476 1.223287
vt 2.111390 1.226478
vt -0.759726 1.207282
vt -0.746731 1.223287
vt -0.741488 1.207357
vt 1.269655 1.589082
vt 1.275572 1.566999
vt 1.259756 1.571935
vt 1.293904 -0.206949
vt 1.275572 -0.223115
vt 1.286802 -0.226748
vt 1.255655 -0.206949
vt 1.276902 -0.206949
vt 1.293904 -0.042949
vt 1.275572 -0.026783
vt 1.276902 -0.042949
vt 1.286802 1.579182
vt 1.255655 -0.042949
vt 1.259756 -0.023150
vt 1.058345 1.711082
vt 1.036262 1.705165
vt 1.041198 1.720981
vt 1.686833 -0.206949
vt 1.705165 -0.223115
vt 1.693935 -0.226748
vt 1.725082 -0.206949
vt 1.703835 -0.206949
vt 1.048445 1.693935
vt 1.725082 -0.042949
vt 1.705165 -0.026783
vt 1.720981 -0.023150
vt 1.686833 -0.042949
vt 1.703835 -0.042949
vt 1.391655 1.800392
vt 1.413738 1.806309
vt 1.408802 1.790492
vt 1.824641 -0.206949
vt 1.806309 -0.223115
vt 1.817538 -0.226748
vt 1.786392 -0.206949
vt 1.807639 -0.206949
vt 1.391655 1.800392
vt 1.401555 1.817538
vt 1.786392 -0.042949
vt 1.806309 -0.026783
vt 1.790492 -0.023150
vt 1.824641 -0.042949
vt 1.807639 -0.042949
vt 1.180345 1.922392
vt 1.174428 1.944475
vt 1.190244 1.939538
vt 1.156096 -0.206949
vt 1.174428 -0.223115
vt 1.163198 -0.226748
vt 1.194345 -0.206949
vt 1.173098 -0.206949
vt 1.163198 1.932292
vt 1.194345 -0.042949
vt 1.174428 -0.026783
vt 1.190244 -0.023150
vt 1.156096 -0.042949
vt 1.173098 -0.042949
vt -0.828000 0.622000
vt -0.811834 0.638166
vt -0.808201 0.622000
vt -0.828000 -0.206949
vt -0.811834 -0.223115
vt -0.828000 -0.226748
vt 0.622000 -0.206949
vt 0.638166 -0.223115
vt 0.641799 -0.206949
vt -0.828000 -0.042949
vt -0.811834 -0.026783
vt -0.808201 -0.042949
vt -0.828000 0.641799
vt 0.622000 -0.042949
vt 0.638166 -0.026783
vt 0.622000 -0.023150
vt -0.828000 0.378000
vt -0.811834 0.361834
vt -0.828000 0.358201
vt 0.378000 -0.206949
vt 0.361834 -0.223115
vt 0.378000 -0.226748
vt -0.808201 -0.206949
vt -0.808201 0.378000
vt -0.828000 -0.023150
vt 0.378000 -0.042949
vt 0.361834 -0.026783
vt 0.358201 -0.042949
vt -1.072000 0.622000
vt -1.088166 0.638166
vt -1.072000 0.641799
vt 0.622000 -0.206949
vt 0.622000 -0.226748
vt -1.072000 -0.206949
vt -1.088166 -0.223115
vt -1.091799 -0.206949
vt -1.091799 0.622000
vt -1.072000 -0.042949
vt -1.088166 -0.026783
vt -1.072000 -0.023150
vt 0.622000 -0.042949
vt 0.641799 -0.042949
vt -1.072000 0.378000
vt -1.088166 0.361834
vt -1.091799 0.378000
vt -1.072000 -0.226748
vt 0.378000 -0.206949
vt 0.361834 -0.223115
vt 0.358201 -0.206949
vt -1.072000 0.358201
vt 0.378000 -0.042949
vt 0.361834 -0.026783
vt 0.378000 -0.023150
vt -1.091799 -0.042949
vt 1.058345 -0.711082
vt 1.036262 -0.705165
vt 1.048445 -0.693935
vt -0.725082 -0.206949
vt -0.705165 -0.223115
vt -0.720981 -0.226748
vt -0.686833 -0.206949
vt -0.703835 -0.206949
vt -0.725082 -0.042949
vt -0.705165 -0.026783
vt -0.703835 -0.042949
vt 1.041198 -0.720981
vt -0.686833 -0.042949
vt -0.693935 -0.023150
vt 1.269655 -0.589082
vt 1.275572 -0.566999
vt 1.286802 -0.579182
vt 1.255655 -0.206949
vt 1.259756 -0.226748
vt 1.275572 -0.566999
vt 1.259756 -0.571935
vt 1.275572 -0.026783
vt 1.286802 -0.023150
vt 1.255655 -0.042949
vt 1.276902 -0.042949
vt 1.180345 -0.922392
vt 1.174428 -0.944475
vt 1.163198 -0.932292
vt 1.194345 -0.206949
vt 1.190244 -0.226748
vt 1.190244 -0.939538
vt 1.163198 -0.023150
vt 1.194345 -0.042949
vt 1.391655 -0.800392
vt 1.413738 -0.806309
vt 1.401555 -0.817538
vt -0.786392 -0.206949
vt -0.806309 -0.223115
vt -0.790492 -0.226748
vt -0.824641 -0.206949
vt -0.807639 -0.206949
vt 1.408802 -0.790492
vt -0.824641 -0.042949
vt -0.806309 -0.026783
vt -0.817538 -0.023150
vt -0.786392 -0.042949
vt -0.807639 -0.042949
vt 1.302207 -0.467230
vt 0.500000 -0.486830
vt 0.500000 -0.467230
vt 1.300516 2.963735
vt 0.500000 3.071651
vt 0.500000 3.090524
vt 1.296647 -0.342669
vt 0.500000 -0.323068
vt 1.293206 -0.323068
vt 1.293206 2.941238
vt 0.500000 3.045651
vt 1.286650 2.921058
vt 2.025888 -0.467230
vt 1.300516 -0.486830
vt 2.022672 2.595778
vt 1.294684 2.945785
vt 2.008768 -0.323068
vt 2.015313 -0.342669
vt 2.008768 2.576641
vt 1.996296 2.559475
vt 2.600205 -0.467230
vt 2.022672 -0.486830
vt 2.595778 2.022672
vt 2.011579 2.580509
vt 2.576641 -0.323068
vt 2.585649 -0.342669
vt 2.559475 1.996296
vt 2.576641 2.008768
vt 2.963735 1.300516
vt 2.580509 2.011579
vt 2.921058 1.286650
vt 2.941238 1.293206
vt 3.071651 0.500000
vt 2.945785 1.294684
vt 0.500000 -0.342669
vt 3.045651 0.500000
vt 3.066869 0.500000
vt -0.302207 -0.467230
vt 2.963735 -0.300516
vt 3.090524 0.500000
vt -0.296647 -0.342669
vt -0.293206 -0.323068
vt 2.941238 -0.293206
vt 2.921058 -0.286650
vt -1.025888 -0.467230
vt -0.300516 -0.486830
vt 2.595778 -1.022672
vt 2.945785 -0.294684
vt -1.008768 -0.323068
vt -1.015313 -0.342669
vt 2.576641 -1.008768
vt 2.559475 -0.996296
vt -1.600205 -0.467230
vt -1.022672 -0.486830
vt 2.022672 -1.595778
vt 2.580509 -1.011578
vt 2.008768 -0.323068
vt 1.996296 -1.559475
vt 2.008768 -1.576641
vt 1.300516 -1.963735
vt 2.011579 -1.580509
vt 1.286650 -1.921058
vt 1.293206 -1.941238
vt 0.500000 -2.071651
vt 1.294684 -1.945785
vt 0.500000 -2.045651
vt 0.500000 -2.066869
vt -0.300516 -1.963735
vt 0.500000 -2.090524
vt -0.293206 -1.941238
vt -0.286650 -1.921058
vt -1.022672 -1.595778
vt -0.294684 -1.945785
vt -1.008768 -1.576641
vt -0.996296 -1.559475
vt -1.595778 -1.022672
vt -1.011578 -1.580509
vt -1.576641 -0.323068
vt -1.585649 -0.342669
vt -1.559475 -0.996296
vt -1.576641 -1.008768
vt -1.963735 -0.300516
vt -1.580509 -1.011578
vt -1.921058 -0.286650
vt -1.941238 -0.293206
vt -2.071651 0.500000
vt -1.945785 -0.294684
vt -2.045651 0.500000
vt -2.066869 0.500000
vt -1.963735 1.300516
vt -2.090524 0.500000
vt -1.941238 1.293206
vt -1.921058 1.286650
vt -1.595778 2.022672
vt -1.945785 1.294684
vt -1.576641 2.008768
vt -1.559475 1.996296
vt -1.022672 2.595778
vt -1.580509 2.011579
vt -1.008768 -0.323068
vt -0.996296 2.559475
vt -1.008768 2.576641
vt -0.300516 2.963735
vt -1.011578 2.580509
vt -0.286650 2.921058
vt -0.293206 2.941238
vt -0.294684 2.945785
vt 0.500000 3.066869
vt 1.051231 -0.288567
vt 0.500000 -0.307222
vt 0.500000 -0.288567
vt 1.050619 1.829312
vt 0.500000 1.921451
vt 0.500000 1.938837
vt 1.036355 -0.181331
vt 0.500000 -0.162676
vt 1.030568 -0.162676
vt 1.030568 1.780903
vt 0.500000 1.863451
vt 1.021770 1.759665
vt 1.518542 -0.288567
vt 1.050619 -0.307222
vt 1.517411 1.517411
vt 1.043966 1.813250
vt 1.480361 -0.162676
vt 1.491055 -0.181331
vt 1.480361 1.480361
vt 1.464106 1.464106
vt 1.517411 -0.307222
vt 1.813250 1.043966
vt 1.505118 1.505118
vt 1.759665 1.021770
vt 1.780903 1.030568
vt 1.938837 0.500000
vt 1.829312 1.050619
vt 0.500000 -0.181331
vt 1.863451 0.500000
vt 1.886439 0.500000
vt -0.051231 -0.288567
vt 1.829312 -0.050619
vt 1.921451 0.500000
vt -0.036355 -0.181331
vt -0.030568 -0.162676
vt 1.780903 -0.030568
vt 1.759665 -0.021770
vt -0.518542 -0.288567
vt -0.050619 -0.307222
vt 1.517411 -0.517411
vt 1.813250 -0.043966
vt -0.480361 -0.162676
vt -0.491055 -0.181331
vt 1.480361 -0.480361
vt 1.464106 -0.464106
vt 1.043966 -0.813250
vt 1.505118 -0.505118
vt 1.021770 -0.759665
vt 1.030568 -0.780903
vt 0.500000 -0.938837
vt 1.050619 -0.829312
vt 0.500000 -0.863451
vt 0.500000 -0.886439
vt -0.050619 -0.829312
vt 0.500000 -0.921451
vt -0.030568 -0.780903
vt -0.021770 -0.759665
vt -0.517411 -0.517411
vt -0.043966 -0.813250
vt -0.480361 -0.480361
vt -0.464106 -0.464106
vt -0.517411 -0.307222
vt -0.813250 -0.043966
vt -0.505118 -0.505118
vt -0.759665 -0.021770
vt -0.780903 -0.030568
vt -0.938837 0.500000
vt -0.829312 -0.050619
vt -0.863451 0.500000
vt -0.886439 0.500000
vt -0.829312 1.050619
vt -0.921451 0.500000
vt -0.780903 1.030568
vt -0.759665 1.021770
vt -0.517411 1.517411
vt -0.813250 1.043966
vt -0.480361 1.480361
vt -0.464106 1.464106
vt -0.043966 1.813250
vt -0.505118 1.505118
vt -0.021770 1.759665
vt -0.030568 1.780903
vt -0.050619 1.829312
vt 0.500000 1.886439
vt -0.143783 -0.146748
vt 0.191123 -0.126949
vt 0.790272 0.176850
vt -0.162388 0.157051
vt 0.808877 -0.126949
vt 1.162388 0.157051
vt 1.143783 -0.146748
vt 0.209728 0.176850
vt 2.633226 -0.497157
vt 2.670933 1.075642
vt 1.069834 1.057885
vt 1.014838 -0.471044
vt 2.851837 0.763283
vt 0.888596 1.084480
vt 2.670251 1.065742
vt 2.830364 -0.461931
vt 2.583260 0.686974
vt 2.489171 1.072639
vt 2.452885 1.049418
vt 0.699363 -0.463284
vt 0.700003 -0.482412
vt 2.428823 0.919097
vt 0.984723 1.056483
vt 1.142999 -0.480428
vt 0.950934 -0.504182
vt 1.137149 1.058339
vt 1.141327 1.037767
vt 1.228452 -0.483147
vt 1.228162 -0.463787
vt 1.497859 0.874414
vt 1.669078 -0.478415
vt 1.484561 -0.499582
vt 1.664871 2.441034
vt 1.650075 0.854252
vt 1.645304 0.874620
vt 2.409451 -0.496173
vt 1.557139 2.183514
vt 2.324191 0.886727
vt 1.569420 0.868355
vt 1.528723 -0.477630
vt 1.278575 2.206872
vt 1.388986 0.894003
vt 2.334231 0.875071
vt 2.229370 -0.469580
vt 1.214146 2.478828
vt 2.516597 0.886393
vt 2.352627 -0.498724
vt -0.530795 2.601050
vt 2.569749 0.835335
vt -0.601485 2.410218
vt 2.316021 -0.477462
vt -0.566651 0.815363
vt -0.507367 -0.498846
vt -0.256645 2.653590
vt -0.385803 0.847271
vt -0.546811 2.591592
vt 2.615370 0.828891
vt 2.638037 -0.479915
vt 2.448403 0.856974
vt -0.357864 2.595751
vt -0.128567 -0.468094
vt -0.126780 -0.448010
vt -0.313593 2.204623
vt -0.289018 0.837933
vt -0.414581 0.851035
vt -0.345340 -0.479718
vt -0.565991 2.323573
vt -0.588025 0.837662
vt -0.590034 0.817870
vt -0.446328 2.302281
vt 0.806807 -0.492915
vt 0.803164 -0.473294
vt -1.814485 0.999995
vt 0.833961 1.395594
vt 0.957822 1.397642
vt -1.652095 0.833961
vt 1.248823 -0.462318
vt 1.031940 -0.488934
vt -1.683769 1.247352
vt 1.131854 1.383050
vt 1.127877 1.402832
vt -1.759529 0.989767
vt -1.654121 -0.481446
vt -1.408029 1.199442
vt -1.486755 1.404124
vt 1.098620 1.384475
vt 1.175004 -0.480800
vt -1.368328 0.922475
vt 0.915173 1.399733
vt -1.450470 1.379457
vt -1.385167 -0.487888
vt -1.619532 0.799210
vt -1.620965 1.395726
vt -1.470703 0.887924
vt -1.091068 -0.486074
vt -1.344205 -1.037074
vt -1.254859 1.436370
vt -1.092572 -0.935108
vt -1.028933 -0.466777
vt -1.072038 1.412148
vt -0.942504 1.417128
vt -1.019019 -0.479581
vt -1.456154 -0.780561
vt -0.769000 1.435347
vt -1.449515 -0.462709
vt -1.447176 -0.482422
vt -1.246866 -0.594912
vt -1.327152 1.434599
vt -1.198733 1.429811
vt -1.327152 -0.738248
vt -1.002758 -0.473606
vt -1.214845 -0.490671
vt -1.032547 1.427413
vt -1.029177 1.407396
vt -0.766851 -0.492928
vt -1.065730 -1.009959
vt -0.915514 1.431467
vt -1.903037 -0.462740
vt -1.698431 -0.493723
vt -1.774040 1.477767
vt -1.769263 1.497712
vt 0.663690 -1.639484
vt 0.486488 -0.480918
vt 0.246906 -1.828195
vt 0.382170 1.503150
vt 0.535746 -1.778672
vt -1.721329 1.483968
vt -1.801983 -0.474691
vt 0.232262 -1.548786
vt -1.537528 1.498242
vt 0.364172 1.477910
vt 0.251470 -0.483647
vt 0.493392 -1.448794
vt 0.540450 1.489770
vt -1.459178 -0.495410
vt -1.456127 -0.476000
vt -1.474622 1.488971
vt -1.607458 1.489443
vt 0.570754 -1.474622
vt -0.669189 -0.485913
vt 2.364151 -0.914208
vt -0.932113 1.215189
vt 2.296317 -0.465487
vt -0.753653 1.201441
vt 2.354986 -0.475254
vt 2.352435 -0.494757
vt 2.139016 -1.080397
vt 2.330425 1.194601
vt 2.190403 1.216090
vt 2.327291 -0.961938
vt 1.911549 -0.481974
vt 2.107039 -0.491669
vt 1.911549 -0.917751
vt 2.027818 1.203375
vt 2.033038 1.223236
vt -0.886748 -0.480916
vt 1.996102 -0.651040
vt -0.762210 1.226751
vt 2.089965 1.207357
vt 2.023106 -0.477359
vt 2.275826 -0.648850
vt 2.273486 1.221778
vt 2.111390 -0.744956
vt 1.044345 -0.206949
vt 1.048445 -0.226748
vt 1.048445 -0.023150
vt 1.720981 -0.226748
vt 1.936392 -0.206949
vt 1.932292 -0.226748
vt 1.936392 -0.042949
vt 1.405655 -0.206949
vt 1.401555 -0.226748
vt 1.401555 -0.023150
vt 1.790492 -0.226748
vt 1.575082 -0.206949
vt 1.579182 -0.226748
vt 1.575082 -0.042949
vt 0.622000 -0.226748
vt 0.358201 -0.042949
vt 0.622000 -0.023150
vt 1.259756 -0.571935
vt 1.044345 -0.042949
vt -0.575082 -0.206949
vt -0.790492 -0.023150
vt -0.575082 -0.042949
vt -0.579182 -0.023150
vt 1.405655 -0.042949
vt -0.936392 -0.206949
vt -0.720981 -0.023150
vt -0.936392 -0.042949
vt -0.932292 -0.023150
vt -1.471263 1.468784
vt 1.909143 -0.462328
vt 2.601953 1.138865
vt 2.523244 1.143796
vt 2.491971 1.058339
vt 2.863389 1.042567
vt 2.879979 -0.452098
vt 2.686792 1.050011
vt 0.744402 -0.440846
vt 2.647730 0.864811
vt 2.554131 -0.482412
vt 2.460042 0.844138
vt 2.383105 1.016560
vt 1.214609 -0.478374
vt 1.353753 2.545202
vt 1.333324 0.865792
vt 1.452890 2.623548
vt 1.529531 2.614938
vt 1.650571 2.469260
vt 2.500844 0.874620
vt 1.565934 -0.460120
vt 1.549601 2.309490
vt 1.259763 -0.448943
vt 1.366157 2.356425
vt 2.381164 0.837662
vt 2.620893 -0.480429
vt -0.238364 -0.461099
vt -0.122406 2.408585
vt 2.377129 -0.468094
vt -0.295762 2.416947
vt -1.650663 -0.492915
vt -1.644536 1.140023
vt -1.674183 1.402832
vt -1.388706 -0.460524
vt -1.466031 1.077080
vt 0.902029 -0.467727
vt -1.363745 -0.459626
vt -1.281331 -0.921876
vt -0.749809 -0.482422
vt -1.166712 -0.637992
vt -1.005571 -0.736687
vt -1.021734 -0.759658
vt -0.729494 1.427413
vt 0.669424 -1.666404
vt 0.517088 -1.900887
vt 0.566346 1.497712
vt 0.228553 -0.454316
vt 0.363737 -1.699832
vt -1.528165 -0.463018
vt 0.385373 -1.511919
vt 0.523696 -0.495410
vt 2.298221 -0.774957
vt -0.944032 -0.494757
vt 2.158427 -1.047497
vt 2.024992 -0.913395
vt -0.944397 1.223236
vt -0.632894 -0.457004
vt 1.693935 -0.023150
vt 1.817538 -0.023150
vt 0.358201 -0.206949
vt -0.693935 -0.226748
vt 1.259756 -0.023150
vt -0.817538 -0.226748
vt 2.595778 -0.486830
vt -1.595778 -0.486830
vt 1.138865 -0.499372
vt 2.553119 0.864212
vt 1.664871 -0.497624
vt 2.166812 -0.458543
vt -0.295762 0.857142
vt 0.829749 1.375610
vt 1.247352 -0.482065
vt -1.331966 1.414781
vt -1.005571 -0.493193
vt -1.900887 -0.482305
vt 2.327291 1.214705
vt 1.932292 -0.023150
vt 1.579182 -0.023150
vt -0.579182 -0.226748
vt -0.932292 -0.226748
s 1
f 217/1/1 221/2/2 223/3/3
f 218/4/4 221/5/5 220/6/6
f 219/7/7 221/8/8 222/9/9
f 224/10/10 228/11/11 230/12/12
f 225/1/13 228/2/14 227/13/15
f 226/14/16 228/15/17 229/16/18
f 231/17/19 235/18/20 237/19/21
f 232/20/22 235/21/23 234/22/24
f 233/7/25 235/8/26 236/9/27
f 238/17/28 242/18/29 244/23/30
f 239/14/31 242/15/32 241/16/33
f 240/24/34 242/25/35 243/26/36
f 245/27/37 249/28/38 251/29/39
f 246/4/40 249/5/41 248/6/42
f 247/30/43 249/31/44 250/32/45
f 252/27/46 256/28/47 258/33/48
f 253/34/49 256/35/50 255/36/51
f 254/10/52 256/11/53 257/12/54
f 259/37/55 263/38/56 265/39/57
f 260/20/58 263/21/59 262/22/60
f 261/30/61 263/31/62 264/32/63
f 266/37/64 270/38/65 272/40/66
f 267/34/67 270/35/68 269/36/69
f 268/24/70 270/25/71 271/26/72
f 273/41/73 277/42/74 279/43/75
f 274/44/76 277/45/77 276/46/78
f 275/47/79 277/45/80 278/48/81
f 280/49/82 284/50/83 286/51/84
f 281/52/85 284/53/86 283/54/87
f 282/55/88 284/53/89 285/56/90
f 287/57/91 291/58/92 293/59/93
f 288/60/94 291/61/95 290/62/96
f 289/63/97 291/64/98 292/65/99
f 294/66/100 298/67/101 300/68/102
f 295/69/103 298/70/104 297/71/105
f 296/72/106 298/73/107 299/74/108
f 301/75/109 305/76/110 307/77/111
f 302/78/112 305/79/113 304/80/114
f 303/81/115 305/82/116 306/83/117
f 308/84/118 312/85/119 314/86/120
f 309/87/121 312/88/122 311/89/123
f 310/90/124 312/91/125 313/92/126
f 315/93/127 319/94/128 321/95/129
f 316/96/130 319/97/131 318/98/132
f 317/99/133 319/97/134 320/100/135
f 322/101/136 326/102/137 328/103/138
f 323/104/139 326/105/140 325/106/141
f 324/107/142 326/108/143 327/109/144
f 329/110/145 333/111/146 335/112/147
f 330/113/148 333/114/149 332/115/150
f 331/116/151 333/114/152 334/117/153
f 336/118/154 340/119/155 342/120/156
f 337/121/157 340/122/158 339/123/159
f 338/124/160 340/122/161 341/125/162
f 343/126/163 347/127/164 349/128/165
f 344/129/166 347/130/167 346/131/168
f 345/132/169 347/130/170 348/133/171
f 350/134/172 354/135/173 356/136/174
f 351/137/175 354/138/176 353/139/177
f 352/140/178 354/141/179 355/142/180
f 357/143/181 361/144/182 363/145/183
f 358/146/184 361/147/185 360/148/186
f 359/149/187 361/147/188 362/150/189
f 364/151/190 368/152/191 370/153/192
f 365/154/193 368/155/194 367/156/195
f 366/157/196 368/155/197 369/158/198
f 371/159/199 375/160/200 377/161/201
f 372/162/202 375/163/203 374/164/204
f 373/165/205 375/163/206 376/166/207
f 378/167/208 382/168/209 384/169/210
f 379/170/211 382/171/212 381/172/213
f 380/173/214 382/171/215 383/174/216
f 385/175/217 389/176/218 391/177/219
f 386/178/220 389/179/221 388/180/222
f 387/181/223 389/182/224 390/183/225
f 392/184/226 396/185/227 398/186/228
f 393/187/229 396/188/230 395/189/231
f 394/190/232 396/191/233 397/192/234
f 399/193/235 403/194/236 405/195/237
f 400/196/238 403/197/239 402/198/240
f 401/199/241 403/200/242 404/201/243
f 406/202/244 410/203/245 412/204/246
f 407/205/247 410/206/248 409/207/249
f 408/208/250 410/209/251 411/210/252
f 413/211/253 417/212/254 419/213/255
f 414/214/256 417/215/257 416/216/258
f 415/217/259 417/218/260 418/219/261
f 420/220/262 424/221/263 426/222/264
f 421/223/265 424/224/266 423/225/267
f 422/226/268 424/224/269 425/227/270
f 427/228/271 431/229/272 433/230/273
f 428/231/274 431/232/275 430/233/276
f 429/234/277 431/235/278 432/236/279
f 434/237/280 438/238/281 440/239/282
f 435/240/283 438/241/284 437/242/285
f 436/243/286 438/244/287 439/245/288
f 441/246/289 445/247/290 447/248/291
f 442/249/292 445/250/293 444/251/294
f 443/252/295 445/253/296 446/254/297
f 448/255/298 452/256/299 454/257/300
f 449/258/301 452/259/302 451/260/303
f 450/261/304 452/262/305 453/263/306
f 455/264/307 459/265/308 461/266/309
f 456/267/310 459/268/311 458/269/312
f 457/270/313 459/268/314 460/271/315
f 462/272/316 466/273/317 468/274/318
f 463/275/319 466/276/320 465/277/321
f 464/278/322 466/276/323 467/279/324
f 469/280/325 473/281/326 475/282/327
f 470/283/328 473/284/329 472/285/330
f 471/286/331 473/284/332 474/287/333
f 476/288/334 480/289/335 482/290/336
f 477/291/337 480/292/338 479/293/339
f 478/294/340 480/292/341 481/295/342
f 483/296/343 487/297/344 489/298/345
f 484/299/346 487/300/347 486/301/348
f 485/302/349 487/300/350 488/303/351
f 490/304/352 494/305/353 496/306/354
f 491/307/355 494/308/356 493/309/357
f 492/310/358 494/308/359 495/311/360
f 497/312/361 501/313/362 503/314/363
f 498/315/364 501/316/365 500/317/366
f 499/318/367 501/316/368 502/319/369
f 504/320/370 508/321/371 510/322/372
f 505/323/373 508/324/374 507/325/375
f 506/326/376 508/324/377 509/327/378
f 511/328/379 515/329/380 517/330/381
f 512/331/382 515/332/383 514/333/384
f 513/334/385 515/332/386 516/335/387
f 518/336/388 522/337/389 524/338/390
f 519/339/391 522/340/392 521/341/393
f 520/342/394 522/340/395 523/343/396
f 525/344/397 529/345/398 531/346/399
f 526/347/400 529/348/401 528/349/402
f 527/350/403 529/351/404 530/352/405
f 532/353/406 536/354/407 538/355/408
f 533/356/409 536/357/410 535/358/411
f 534/359/412 536/360/413 537/361/414
f 539/362/415 543/363/416 545/364/417
f 540/365/418 543/366/419 542/367/420
f 541/368/421 543/369/422 544/370/423
f 546/371/424 550/372/425 552/373/426
f 547/374/427 550/375/428 549/376/429
f 548/377/430 550/378/431 551/379/432
f 553/380/433 557/381/434 559/382/435
f 554/383/436 557/384/437 556/385/438
f 555/386/439 557/387/440 558/388/441
f 560/389/442 564/390/443 566/391/444
f 561/392/445 564/393/446 563/394/447
f 562/395/448 564/396/449 565/397/450
f 567/398/451 571/399/452 573/400/453
f 568/401/454 571/402/455 570/403/456
f 569/404/457 571/405/458 572/406/459
f 574/407/460 578/408/461 580/409/462
f 575/410/463 578/411/464 577/412/465
f 576/413/466 578/414/467 579/415/468
f 581/416/469 585/417/470 587/418/471
f 582/419/472 585/420/473 584/421/474
f 583/422/475 585/420/476 586/423/477
f 588/424/478 592/425/479 594/426/480
f 589/427/481 592/428/482 591/429/483
f 590/430/484 592/428/485 593/431/486
f 595/432/487 599/433/488 601/434/489
f 596/435/490 599/436/491 598/437/492
f 597/438/493 599/436/494 600/439/495
f 602/440/496 606/441/497 608/442/498
f 603/443/499 606/444/500 605/445/501
f 604/446/502 606/444/503 607/447/504
f 609/448/505 613/449/506 615/450/507
f 610/451/508 613/452/509 612/453/510
f 611/454/511 613/452/512 614/455/513
f 616/456/514 620/457/515 622/458/516
f 617/459/517 620/460/518 619/461/519
f 618/462/520 620/460/521 621/463/522
f 623/464/523 627/465/524 629/466/525
f 624/467/526 627/468/527 626/469/528
f 625/470/529 627/468/530 628/471/531
f 630/472/532 634/473/533 636/474/534
f 631/475/535 634/476/536 633/477/537
f 632/478/538 634/476/539 635/479/540
f 637/480/541 641/481/542 643/482/543
f 638/483/544 641/484/545 640/485/546
f 639/486/547 641/484/548 642/487/549
f 644/488/550 648/489/551 650/490/552
f 645/491/553 648/492/554 647/493/555
f 646/494/556 648/492/557 649/495/558
f 651/496/559 655/497/560 657/498/561
f 652/499/562 655/500/563 654/501/564
f 653/502/565 655/503/566 656/504/567
f 658/505/568 662/506/569 664/507/570
f 659/508/571 662/509/572 661/510/573
f 660/511/574 662/512/575 663/513/576
f 665/514/577 669/515/578 671/516/579
f 666/517/580 669/518/581 668/519/582
f 667/520/583 669/521/584 670/522/585
f 672/523/586 676/524/587 678/525/588
f 673/526/589 676/527/590 675/528/591
f 674/529/592 676/530/593 677/531/594
f 679/532/595 683/533/596 685/534/597
f 680/535/598 683/536/599 682/537/600
f 681/538/601 683/536/602 684/539/603
f 686/540/604 690/541/605 692/542/606
f 687/543/607 690/544/608 689/545/609
f 688/546/610 690/544/611 691/547/612
f 693/548/613 697/549/614 699/550/615
f 694/551/616 697/552/617 696/553/618
f 695/554/619 697/555/620 698/556/621
f 700/557/622 704/558/623 706/559/624
f 701/560/625 704/561/626 703/562/627
f 702/563/628 704/564/629 705/565/630
f 707/566/631 711/567/632 713/568/633
f 708/569/634 711/570/635 710/571/636
f 709/572/637 711/570/638 712/573/639
f 714/574/640 718/575/641 720/576/642
f 715/577/643 718/578/644 717/579/645
f 716/580/646 718/578/647 719/581/648
f 721/582/649 725/583/650 727/584/651
f 722/585/652 725/586/653 724/587/654
f 723/588/655 725/586/656 726/589/657
f 728/590/658 732/591/659 734/592/660
f 729/593/661 732/594/662 731/595/663
f 730/596/664 732/594/665 733/597/666
f 735/598/667 739/599/668 741/600/669
f 736/601/670 739/602/671 738/603/672
f 737/604/673 739/602/674 740/605/675
f 742/606/676 746/607/677 748/608/678
f 743/609/679 746/610/680 745/611/681
f 744/612/682 746/610/683 747/613/684
f 749/614/685 753/615/686 755/616/687
f 750/617/688 753/618/689 752/619/690
f 751/620/691 753/621/692 754/622/693
f 756/623/694 760/624/695 762/625/696
f 757/626/697 760/627/698 759/628/699
f 758/629/700 760/630/701 761/631/702
f 763/632/703 767/633/704 769/634/705
f 764/635/706 767/636/707 766/637/708
f 765/638/709 767/636/710 768/639/711
f 770/640/712 774/641/713 776/642/714
f 771/632/715 774/633/716 773/643/717
f 772/644/718 774/641/719 775/645/720
f 777/646/721 781/647/722 783/648/723
f 778/649/724 781/650/725 780/651/726
f 779/652/727 781/650/728 782/653/729
f 784/646/730 788/647/731 790/654/732
f 785/655/733 788/656/734 787/657/735
f 786/658/736 788/656/737 789/659/738
f 791/660/739 795/661/740 797/662/741
f 792/663/742 795/664/743 794/665/744
f 793/666/745 795/664/746 796/667/747
f 798/668/748 802/661/749 804/669/750
f 799/670/751 802/671/752 801/672/753
f 800/673/754 802/671/755 803/674/756
f 805/675/757 809/676/758 811/677/759
f 806/678/760 809/679/761 808/680/762
f 807/681/763 809/679/764 810/682/765
f 812/675/766 816/676/767 818/683/768
f 813/684/769 816/685/770 815/686/771
f 814/687/772 816/685/773 817/688/774
f 819/689/775 823/690/776 825/691/777
f 820/692/778 823/693/779 822/694/780
f 821/695/781 823/696/782 824/697/783
f 826/698/784 830/699/785 832/700/786
f 827/689/787 830/690/788 829/701/789
f 828/702/790 830/703/791 831/704/792
f 833/705/793 837/706/794 839/707/795
f 834/708/796 837/709/797 836/710/798
f 835/692/799 837/693/800 838/711/801
f 840/705/802 844/706/803 846/712/804
f 841/698/805 844/699/806 843/713/807
f 842/714/808 844/715/809 845/716/810
f 847/717/811 851/718/812 853/719/813
f 848/720/814 851/696/815 850/721/816
f 849/722/817 851/723/818 852/724/819
f 854/717/820 858/718/821 860/725/822
f 855/726/823 858/727/824 857/728/825
f 856/729/826 858/703/827 859/730/828
f 861/731/829 865/732/830 867/733/831
f 862/722/832 865/723/833 864/734/834
f 863/735/835 865/736/836 866/737/837
f 868/731/838 872/732/839 874/738/840
f 869/739/841 872/740/842 871/741/843
f 870/726/844 872/727/845 873/742/846
f 875/743/847 879/744/848 881/745/849
f 876/746/850 879/747/851 878/748/852
f 877/749/853 879/747/854 880/750/855
f 882/751/856 886/752/857 888/753/858
f 883/743/859 886/744/860 885/754/861
f 884/755/862 886/752/863 887/756/864
f 889/757/865 893/758/866 895/759/867
f 890/760/868 893/636/869 892/761/870
f 891/635/871 893/636/872 894/639/873
f 896/757/874 900/762/875 902/763/876
f 897/640/877 900/764/878 899/765/879
f 898/766/880 900/764/881 901/767/882
f 903/768/883 907/769/884 909/770/885
f 904/771/886 907/679/887 906/772/888
f 905/678/889 907/679/890 908/682/891
f 910/768/892 914/769/893 916/773/894
f 911/687/895 914/685/896 913/774/897
f 912/775/898 914/685/899 915/688/900
f 917/776/901 921/777/902 923/778/903
f 918/779/904 921/780/905 920/781/906
f 919/782/907 921/780/908 922/783/909
f 924/776/910 928/777/911 930/784/912
f 925/785/913 928/786/914 927/787/915
f 926/788/916 928/786/917 929/789/918
f 8/790/919 3/791/920 2/792/921
f 9/793/922 1/794/923 3/795/924
f 11/796/925 6/797/926 12/798/927
f 12/799/928 4/800/929 10/801/930
f 14/802/931 9/803/932 8/790/919
f 15/804/933 7/805/934 9/793/922
f 11/796/925 18/806/935 17/807/936
f 18/808/937 10/801/930 16/809/938
f 20/810/939 15/811/940 14/802/931
f 21/812/941 13/813/942 15/804/933
f 17/807/936 24/814/943 23/815/944
f 18/808/937 22/816/945 24/817/946
f 20/802/939 27/803/947 21/811/948
f 27/818/949 19/819/950 21/812/941
f 23/807/944 30/798/951 29/796/952
f 24/817/946 28/820/953 30/821/954
f 32/792/955 27/803/947 26/790/956
f 27/818/949 31/822/957 25/823/958
f 29/796/952 36/797/959 35/824/960
f 30/821/954 34/825/961 36/826/962
f 38/827/963 33/791/964 32/792/955
f 39/828/965 31/822/957 33/829/966
f 41/830/967 36/797/959 42/831/968
f 42/832/969 34/825/961 40/833/970
f 44/834/971 39/835/972 38/827/963
f 45/836/973 37/837/974 39/828/965
f 41/830/967 48/838/975 47/839/976
f 48/840/977 40/833/970 46/841/978
f 50/842/979 45/843/980 44/834/971
f 51/844/981 43/845/982 45/836/973
f 47/815/976 54/846/983 53/807/984
f 48/840/977 52/847/985 54/848/986
f 50/802/979 57/803/987 51/811/988
f 57/849/989 49/850/990 51/844/981
f 53/807/984 60/798/991 59/796/992
f 54/848/986 58/851/993 60/852/994
f 62/792/995 57/803/987 56/790/996
f 57/849/989 61/853/997 55/854/998
f 59/796/992 66/797/999 65/824/1000
f 60/852/994 64/855/1001 66/856/1002
f 68/827/1003 63/791/1004 62/792/995
f 69/857/1005 61/853/997 63/858/1006
f 71/830/1007 66/797/999 72/831/1008
f 72/859/1009 64/855/1001 70/860/1010
f 74/834/1011 69/835/1012 68/827/1003
f 75/861/1013 67/862/1014 69/857/1005
f 71/830/1007 78/838/1015 77/839/1016
f 78/863/1017 70/860/1010 76/864/1018
f 80/842/1019 75/843/1020 74/834/1011
f 81/865/1021 73/866/1022 75/861/1013
f 77/839/1016 84/867/1023 83/868/1024
f 78/863/1017 82/869/1025 84/870/1026
f 80/834/1019 87/835/1027 81/843/1028
f 87/871/1029 79/872/1030 81/865/1021
f 83/839/1024 90/831/1031 89/830/1032
f 84/870/1026 88/873/1033 90/874/1034
f 92/792/1035 87/835/1027 86/827/1036
f 87/871/1029 91/875/1037 85/876/1038
f 89/830/1032 96/797/1039 95/824/1040
f 90/874/1034 94/877/1041 96/878/1042
f 98/790/1043 93/791/1044 92/792/1035
f 99/879/1045 91/875/1037 93/880/1046
f 101/796/1047 96/797/1039 102/798/1048
f 102/881/1049 94/877/1041 100/882/1050
f 104/802/1051 99/803/1052 98/790/1043
f 105/883/1053 97/884/1054 99/879/1045
f 101/796/1047 108/806/1055 107/807/1056
f 108/885/1057 100/882/1050 106/886/1058
f 110/810/1059 105/811/1060 104/802/1051
f 111/887/1061 103/888/1062 105/883/1053
f 107/868/1056 114/889/1063 113/839/1064
f 108/885/1057 112/890/1065 114/891/1066
f 110/834/1059 117/835/1067 111/843/1068
f 117/892/1069 109/893/1070 111/887/1061
f 113/839/1064 120/831/1071 119/830/1072
f 114/891/1066 118/894/1073 120/895/1074
f 2/792/921 117/835/1067 116/827/1075
f 117/892/1069 1/794/923 115/896/1076
f 119/830/1072 6/797/926 5/824/1077
f 120/895/1074 4/800/929 6/897/1078
f 128/898/1079 123/899/1080 122/900/1081
f 129/901/1082 121/902/1083 123/903/1084
f 131/904/1085 126/905/1086 132/906/1087
f 132/907/1088 124/908/1089 130/909/1090
f 134/910/1091 129/911/1092 128/898/1079
f 135/912/1093 127/913/1094 129/901/1082
f 131/904/1085 138/914/1095 137/915/1096
f 138/916/1097 130/909/1090 136/917/1098
f 140/898/1099 135/918/1100 134/910/1091
f 135/912/1093 139/919/1101 133/920/1102
f 137/915/1096 144/906/1103 143/904/1104
f 138/916/1097 142/921/1105 144/922/1106
f 140/898/1099 147/899/1107 141/911/1108
f 147/923/1109 139/919/1101 141/924/1110
f 143/904/1104 150/905/1111 149/925/1112
f 144/922/1106 148/926/1113 150/927/1114
f 152/928/1115 147/899/1107 146/900/1116
f 153/929/1117 145/930/1118 147/923/1109
f 155/931/1119 150/905/1111 156/932/1120
f 156/933/1121 148/926/1113 154/934/1122
f 158/935/1123 153/936/1124 152/928/1115
f 159/937/1125 151/938/1126 153/929/1117
f 155/931/1119 162/939/1127 161/940/1128
f 162/941/1129 154/934/1122 160/942/1130
f 164/898/1131 159/918/1132 158/910/1123
f 159/937/1125 163/943/1133 157/944/1134
f 161/915/1128 168/906/1135 167/904/1136
f 162/941/1129 166/945/1137 168/946/1138
f 164/898/1131 171/899/1139 165/911/1140
f 171/947/1141 163/943/1133 165/948/1142
f 167/904/1136 174/905/1143 173/925/1144
f 168/946/1138 172/949/1145 174/950/1146
f 176/928/1147 171/899/1139 170/900/1148
f 177/951/1149 169/952/1150 171/947/1141
f 179/931/1151 174/905/1143 180/932/1152
f 180/953/1153 172/949/1145 178/954/1154
f 182/935/1155 177/936/1156 176/928/1147
f 183/955/1157 175/956/1158 177/951/1149
f 179/931/1151 186/939/1159 185/940/1160
f 186/957/1161 178/954/1154 184/958/1162
f 188/928/1163 183/959/1164 182/935/1155
f 183/955/1157 187/960/1165 181/961/1166
f 185/940/1160 192/932/1167 191/931/1168
f 186/957/1161 190/962/1169 192/963/1170
f 188/928/1163 195/899/1171 189/936/1172
f 195/964/1173 187/960/1165 189/965/1174
f 191/931/1168 198/905/1175 197/925/1176
f 192/963/1170 196/966/1177 198/967/1178
f 200/898/1179 195/899/1171 194/900/1180
f 201/968/1181 193/969/1182 195/964/1173
f 203/904/1183 198/905/1175 204/906/1184
f 204/970/1185 196/966/1177 202/971/1186
f 206/910/1187 201/911/1188 200/898/1179
f 207/972/1189 199/973/1190 201/968/1181
f 203/904/1183 210/914/1191 209/915/1192
f 210/974/1193 202/971/1186 208/975/1194
f 212/928/1195 207/959/1196 206/935/1187
f 207/972/1189 211/976/1197 205/977/1198
f 209/940/1192 216/932/1199 215/931/1200
f 210/974/1193 214/978/1201 216/979/1202
f 212/928/1195 123/899/1080 213/936/1203
f 123/903/1084 211/976/1197 213/980/1204
f 215/931/1200 126/905/1086 125/925/1205
f 216/979/1202 124/908/1089 126/981/1206
f 217/1/1 234/23/1207 231/17/19
f 223/982/1208 232/20/22 234/22/24
f 224/10/10 222/983/1209 218/4/4
f 222/9/9 226/14/16 219/7/7
f 238/17/28 229/3/1210 225/1/13
f 244/984/1211 226/14/16 229/16/18
f 239/14/31 236/9/27 243/985/1212
f 236/986/1213 240/24/34 243/26/36
f 231/17/19 262/40/1214 259/37/55
f 237/982/1215 260/20/58 262/22/60
f 266/37/64 241/19/1216 238/17/28
f 272/984/1217 239/14/31 241/16/33
f 267/34/67 264/32/63 271/987/1218
f 264/986/1219 268/24/70 271/26/72
f 259/37/55 248/33/1220 245/27/37
f 265/988/1221 246/4/40 248/6/42
f 252/27/46 269/39/1222 266/37/64
f 258/989/1223 267/34/67 269/36/69
f 253/34/49 250/32/45 257/987/1224
f 250/983/1225 254/10/52 257/12/54
f 245/27/37 220/13/1226 217/1/1
f 251/988/1227 218/4/4 220/6/6
f 225/1/13 255/29/1228 252/27/46
f 227/989/1229 253/34/49 255/36/51
f 288/60/94 279/990/1230 275/47/79
f 279/43/75 287/57/91 273/41/73
f 281/52/85 300/991/1231 296/72/106
f 300/68/102 280/49/82 294/66/100
f 274/44/76 285/56/90 278/48/1232
f 285/56/1233 275/47/79 278/48/81
f 289/63/97 299/992/1234 295/69/103
f 299/74/108 288/60/94 296/72/106
f 302/78/112 293/993/1235 289/63/97
f 304/994/1236 287/57/91 293/59/93
f 295/69/103 314/995/1237 310/90/124
f 314/86/120 294/66/100 308/84/118
f 303/81/115 313/996/1238 309/87/121
f 313/92/126 302/78/112 310/90/124
f 303/81/115 318/98/132 307/997/1239
f 318/998/1240 301/75/109 307/77/111
f 309/87/121 328/999/1241 324/107/142
f 328/103/138 308/84/118 322/101/136
f 317/99/133 327/109/1242 323/1000/139
f 327/109/144 316/96/130 324/107/142
f 317/1001/133 332/115/150 321/1002/1243
f 332/1003/1244 315/93/127 321/95/129
f 323/104/139 342/1004/1245 338/124/160
f 342/120/156 322/101/136 336/118/154
f 331/116/151 341/125/1246 337/121/157
f 341/125/162 330/113/148 338/124/160
f 274/1005/76 335/1006/1247 331/116/151
f 335/112/147 273/41/73 329/110/145
f 337/121/157 286/1007/1248 282/1008/88
f 286/51/84 336/118/154 280/49/82
f 358/146/184 349/1009/1249 345/1010/169
f 349/128/165 357/143/181 343/126/163
f 351/137/175 370/1011/1250 366/157/196
f 370/153/192 350/134/172 364/151/190
f 344/129/166 355/142/180 348/133/1251
f 355/142/1252 345/132/169 348/133/171
f 359/149/187 369/158/1253 365/154/193
f 369/158/198 358/146/184 366/157/196
f 372/1012/202 363/1013/1254 359/149/187
f 374/1014/1255 357/143/181 363/145/183
f 380/1015/214 367/156/195 384/1016/1256
f 384/169/210 364/151/190 378/167/208
f 373/165/205 383/174/1257 379/170/211
f 383/174/216 372/162/202 380/173/214
f 386/178/220 377/1017/1258 373/165/205
f 388/1018/1259 371/159/199 377/161/201
f 394/190/232 381/172/213 398/1019/1260
f 398/186/228 378/167/208 392/184/226
f 387/181/223 397/1020/1261 393/187/229
f 397/192/234 386/178/220 394/190/232
f 400/196/238 391/1021/1262 387/181/223
f 402/1022/1263 385/175/217 391/177/219
f 408/208/250 395/189/231 412/1023/1264
f 412/204/246 392/184/226 406/202/244
f 401/199/241 411/1024/1265 407/205/247
f 411/210/252 400/196/238 408/208/250
f 401/199/241 346/131/168 405/1025/1266
f 346/1026/1267 399/193/235 405/195/237
f 407/205/247 356/1027/1268 352/140/178
f 356/136/174 406/202/244 350/134/172
f 415/217/259 430/233/276 419/1028/1269
f 430/1029/1270 413/211/253 419/213/255
f 436/243/286 423/225/267 440/1030/1271
f 423/1031/1272 434/237/280 440/239/282
f 414/1032/256 425/227/270 418/219/1273
f 425/227/1274 415/217/259 418/219/261
f 429/234/277 439/1033/1275 435/240/283
f 439/245/288 428/231/274 436/243/286
f 442/249/292 433/1034/1276 429/234/277
f 444/1035/1277 427/228/271 433/230/273
f 450/261/304 437/242/285 454/1036/1278
f 437/1037/1279 448/255/298 454/257/300
f 443/252/295 453/1038/1280 449/258/301
f 453/263/306 442/249/292 450/261/304
f 456/267/310 447/1039/1281 443/252/295
f 447/248/291 455/264/307 441/246/289
f 449/258/301 468/1040/1282 464/278/322
f 451/1041/1283 462/272/316 468/274/318
f 457/270/313 467/279/1284 463/275/319
f 467/279/324 456/267/310 464/278/322
f 470/283/328 461/1042/1285 457/1043/313
f 472/1044/1286 455/264/307 461/266/309
f 463/1045/319 482/1046/1287 478/294/340
f 482/290/336 462/272/316 476/288/334
f 471/286/331 481/295/1288 477/291/337
f 481/295/342 470/283/328 478/294/340
f 471/286/331 416/216/258 475/1047/1289
f 416/1048/1290 469/280/325 475/282/327
f 477/291/337 426/1049/1291 422/1050/268
f 479/1051/1292 420/220/262 426/222/264
f 498/315/364 489/1052/1293 485/1053/349
f 500/1054/1294 483/296/343 489/298/345
f 506/326/376 493/1055/357 510/1056/1295
f 493/1057/1296 504/320/370 510/322/372
f 484/299/346 495/311/360 488/303/1297
f 495/311/1298 485/302/349 488/303/351
f 499/318/367 509/327/1299 505/323/373
f 509/327/378 498/315/364 506/326/376
f 512/1058/382 503/1059/1300 499/318/367
f 514/1060/1301 497/312/361 503/314/363
f 520/1061/394 507/325/375 524/1062/1302
f 507/1063/1303 518/336/388 524/338/390
f 513/334/385 523/343/1304 519/339/391
f 523/343/396 512/331/382 520/342/394
f 526/347/400 517/1064/1305 513/334/385
f 528/1065/1306 511/328/379 517/330/381
f 519/339/391 538/1066/1307 534/359/412
f 538/355/408 518/336/388 532/353/406
f 527/350/403 537/1067/1308 533/356/409
f 537/361/414 526/347/400 534/359/412
f 540/365/418 531/1068/1309 527/350/403
f 542/1069/1310 525/344/397 531/346/399
f 548/377/430 535/358/411 552/1070/1311
f 552/373/426 532/353/406 546/371/424
f 541/368/421 551/1071/1312 547/374/427
f 551/379/432 540/365/418 548/377/430
f 541/368/421 486/301/348 545/1072/1313
f 486/1073/1314 539/362/415 545/364/417
f 492/310/358 549/376/429 496/1074/1315
f 549/1075/1316 490/304/352 496/306/354
f 555/386/439 570/403/456 559/1076/1317
f 570/1077/1318 553/380/433 559/382/435
f 576/413/466 563/394/447 580/1078/1319
f 563/1079/1320 574/407/460 580/409/462
f 554/383/436 565/397/450 558/1080/1321
f 565/1081/1322 555/386/439 558/388/441
f 569/404/457 579/1082/1323 575/410/463
f 579/415/468 568/401/454 576/413/466
f 569/404/457 584/421/474 573/1083/1324
f 584/1084/1325 567/398/451 573/400/453
f 575/410/463 594/1085/1326 590/430/484
f 594/426/480 574/407/460 588/424/478
f 583/422/475 593/431/1327 589/427/481
f 593/431/486 582/419/472 590/430/484
f 583/1086/475 598/437/492 587/1087/1328
f 598/1088/1329 581/416/469 587/418/471
f 604/446/502 591/1089/483 608/1090/1330
f 591/1091/1331 602/440/496 608/442/498
f 597/438/493 607/447/1332 603/443/499
f 607/447/504 596/435/490 604/446/502
f 610/1092/508 601/1093/1333 597/438/493
f 601/434/489 609/448/505 595/432/487
f 603/443/499 622/1094/1334 618/1095/520
f 622/458/516 602/440/496 616/456/514
f 611/454/511 621/463/1335 617/459/517
f 621/463/522 610/451/508 618/462/520
f 611/454/511 556/385/438 615/1096/1336
f 556/1097/1337 609/448/505 615/450/507
f 617/459/517 566/1098/1338 562/395/448
f 566/391/444 616/456/514 560/389/442
f 638/1099/544 629/1100/1339 625/470/529
f 629/466/525 637/480/541 623/464/523
f 646/1101/556 633/477/537 650/1102/1340
f 633/1103/1341 644/488/550 650/490/552
f 624/467/526 635/479/540 628/471/1342
f 635/479/1343 625/470/529 628/471/531
f 639/486/547 649/495/1344 645/491/553
f 649/495/558 638/483/544 646/494/556
f 652/499/562 643/1104/1345 639/486/547
f 654/1105/1346 637/480/541 643/482/543
f 645/491/553 664/1106/1347 660/511/574
f 647/1107/1348 658/505/568 664/507/570
f 653/502/565 663/1108/1349 659/508/571
f 663/513/576 652/499/562 660/511/574
f 666/517/580 657/1109/1350 653/502/565
f 668/1110/1351 651/496/559 657/498/561
f 659/508/571 678/1111/1352 674/529/592
f 678/525/588 658/505/568 672/523/586
f 667/520/583 677/1112/1353 673/526/589
f 677/531/594 666/517/580 674/529/592
f 667/520/583 682/537/600 671/1113/1354
f 682/1114/1355 665/514/577 671/516/579
f 673/526/589 692/1115/1356 688/546/610
f 692/542/606 672/523/586 686/540/604
f 681/538/601 691/547/1357 687/543/607
f 691/547/612 680/535/598 688/546/610
f 624/467/526 685/1116/1358 681/1117/601
f 685/534/597 623/464/523 679/532/595
f 632/478/538 689/1118/609 636/1119/1359
f 689/1120/1360 630/472/532 636/474/534
f 708/569/634 699/1121/1361 695/554/619
f 710/1122/1362 693/548/613 699/550/615
f 701/560/625 720/1123/1363 716/580/646
f 720/576/642 700/557/622 714/574/640
f 694/551/616 705/565/630 698/1124/1364
f 705/1125/1365 695/554/619 698/556/621
f 709/572/637 719/581/1366 715/577/643
f 719/581/648 708/569/634 716/580/646
f 709/1126/637 724/587/654 713/1127/1367
f 724/1128/1368 707/566/631 713/568/633
f 715/1129/643 734/1130/1369 730/596/664
f 717/1131/1370 728/590/658 734/592/660
f 723/588/655 733/597/1371 729/593/661
f 733/597/666 722/585/652 730/596/664
f 723/588/655 738/1132/672 727/1133/1372
f 738/1134/1373 721/582/649 727/584/651
f 744/1135/682 731/595/663 748/1136/1374
f 748/608/678 728/590/658 742/606/676
f 737/604/673 747/613/1375 743/609/679
f 747/613/684 736/601/670 744/612/682
f 750/617/688 741/1137/1376 737/604/673
f 752/1138/1377 735/598/667 741/600/669
f 743/609/679 762/1139/1378 758/629/700
f 762/625/696 742/606/676 756/623/694
f 751/620/691 761/1140/1379 757/626/697
f 761/631/702 750/617/688 758/629/700
f 751/620/691 696/553/618 755/1141/1380
f 696/1142/1381 749/614/685 755/616/687
f 702/563/628 759/628/699 706/1143/1382
f 759/1144/1383 700/557/622 706/559/624
f 763/632/703 780/654/1384 777/646/721
f 769/761/1385 778/1145/724 780/1146/726
f 770/640/712 768/639/1386 764/635/706
f 776/642/1387 765/638/709 768/639/711
f 771/632/715 790/654/732 775/634/1388
f 790/1147/1389 772/644/718 775/645/720
f 779/652/727 789/659/1390 785/655/733
f 789/659/738 778/649/724 786/658/736
f 805/675/757 783/648/723 808/683/1391
f 783/1148/1392 806/1149/760 808/1150/762
f 812/675/766 787/648/1393 784/646/730
f 787/657/735 814/1151/772 785/655/733
f 807/681/763 817/688/1394 813/684/769
f 817/688/774 806/678/760 814/687/772
f 805/675/757 794/669/1395 791/660/739
f 811/772/1396 792/1152/742 794/1153/744
f 798/668/748 815/677/1397 812/675/766
f 804/1154/1398 813/684/769 815/686/771
f 793/666/745 803/674/1399 799/670/751
f 796/667/1400 800/673/754 803/674/756
f 763/632/703 797/662/741 766/643/1401
f 797/1155/1402 764/1156/706 766/1157/708
f 771/632/715 801/662/1403 798/668/748
f 801/672/753 770/1158/712 799/670/751
f 819/689/775 836/712/1404 833/705/793
f 825/1159/1405 834/708/796 836/710/798
f 820/692/778 832/700/786 824/711/1406
f 832/730/1407 821/695/781 824/697/783
f 840/705/802 831/691/1408 827/689/787
f 846/741/1409 828/702/790 831/704/792
f 835/692/799 845/700/1410 841/698/805
f 845/716/810 834/708/796 842/714/808
f 833/705/793 864/738/1411 861/731/829
f 839/694/1412 862/722/832 864/734/834
f 868/731/838 843/707/1413 840/705/802
f 874/728/1414 841/698/805 843/713/807
f 863/735/835 873/1160/1415 869/739/841
f 873/742/846 862/722/832 870/726/844
f 861/731/829 850/725/1416 847/717/811
f 867/710/1417 848/720/814 850/721/816
f 854/717/820 871/733/1418 868/731/838
f 860/1161/1419 869/739/841 871/741/843
f 849/722/817 859/742/1420 855/726/823
f 859/730/828 848/720/814 856/729/826
f 847/717/811 822/701/1421 819/689/775
f 853/734/1422 820/692/778 822/694/780
f 827/689/787 857/719/1423 854/717/820
f 829/713/1424 855/726/823 857/728/825
f 889/757/865 881/745/849 892/1162/1425
f 881/1146/1426 890/760/868 892/761/870
f 882/751/856 880/750/1427 876/746/850
f 888/753/1428 877/749/853 880/750/855
f 896/757/874 887/745/1429 883/743/859
f 887/1147/864 898/766/880 884/1163/862
f 891/635/871 901/767/1430 897/640/877
f 894/639/1431 898/766/880 901/767/882
f 889/757/865 920/784/1432 917/776/901
f 920/781/906 891/1164/871 918/779/904
f 896/757/874 930/784/912 899/759/1433
f 930/1165/1434 897/1166/877 899/1167/879
f 919/782/907 929/789/1435 925/785/913
f 929/789/918 918/779/904 926/788/916
f 917/776/901 906/773/1436 903/768/883
f 906/772/888 919/1152/907 904/771/886
f 924/776/910 916/773/894 927/778/1437
f 916/686/1438 925/1168/913 927/1154/915
f 905/678/889 915/688/1439 911/687/895
f 915/688/900 904/771/886 912/775/898
f 903/768/883 878/754/1440 875/743/847
f 878/748/852 905/1169/889 876/746/850
f 910/768/892 885/754/861 913/770/1441
f 885/1170/1442 911/1171/895 913/1172/897
f 43/845/982 91/875/1037 115/896/1076
f 2/792/921 11/796/925 8/790/919
f 119/830/1072 2/792/921 116/827/1075
f 64/855/1001 40/833/970 16/809/938
f 8/790/919 17/807/936 14/802/931
f 17/807/936 20/810/939 14/802/931
f 23/807/944 26/790/956 20/802/939
f 29/796/952 32/792/955 26/790/956
f 32/792/955 41/830/967 38/827/963
f 38/827/963 47/839/976 44/834/971
f 47/815/976 50/802/979 44/810/971
f 53/807/984 56/790/996 50/802/979
f 59/796/992 62/792/995 56/790/996
f 62/792/995 71/830/1007 68/827/1003
f 68/827/1003 77/839/1016 74/834/1011
f 77/839/1016 80/842/1019 74/834/1011
f 83/839/1024 86/827/1036 80/834/1019
f 89/830/1032 92/792/1035 86/827/1036
f 92/792/1035 101/796/1047 98/790/1043
f 98/790/1043 107/807/1056 104/802/1051
f 107/868/1056 110/834/1059 104/842/1051
f 113/839/1064 116/827/1075 110/834/1059
f 163/943/1133 187/960/1165 211/976/1197
f 125/925/1205 128/898/1079 122/900/1081
f 212/928/1195 125/925/1205 122/900/1081
f 184/958/1162 160/942/1130 136/917/1098
f 131/904/1085 134/910/1091 128/898/1079
f 134/910/1091 143/904/1104 140/898/1099
f 140/898/1099 149/925/1112 146/900/1116
f 149/925/1112 152/928/1115 146/900/1116
f 155/931/1119 158/935/1123 152/928/1115
f 158/910/1123 167/904/1136 164/898/1131
f 164/898/1131 173/925/1144 170/900/1148
f 173/925/1144 176/928/1147 170/900/1148
f 179/931/1151 182/935/1155 176/928/1147
f 182/935/1155 191/931/1168 188/928/1163
f 188/928/1163 197/925/1176 194/900/1180
f 197/925/1176 200/898/1179 194/900/1180
f 203/904/1183 206/910/1187 200/898/1179
f 206/935/1187 215/931/1200 212/928/1195
f 259/37/55 217/1/1 231/17/19
f 226/14/16 232/20/22 219/7/7
f 253/34/49 218/4/4 247/30/43
f 238/17/28 252/27/46 266/37/64
f 239/14/31 260/20/58 233/7/25
f 267/34/67 246/4/40 261/30/61
f 287/57/91 301/75/109 315/93/127
f 281/52/85 288/60/94 275/47/79
f 337/121/157 274/1005/76 331/116/151
f 280/49/82 322/101/136 308/84/118
f 289/63/97 310/90/124 302/78/112
f 309/87/121 316/96/130 303/81/115
f 317/1001/133 338/124/160 330/113/148
f 357/143/181 371/159/199 385/175/217
f 351/137/175 358/146/184 345/1010/169
f 407/205/247 344/129/166 401/199/241
f 406/202/244 392/184/226 378/167/208
f 359/149/187 380/1015/214 372/1012/202
f 379/170/211 386/178/220 373/165/205
f 393/187/229 400/196/238 387/181/223
f 427/228/271 441/246/289 455/264/307
f 421/223/265 428/231/274 415/217/259
f 477/291/337 414/214/256 471/286/331
f 420/220/262 476/288/334 462/272/316
f 435/240/283 442/249/292 429/234/277
f 449/258/301 456/267/310 443/252/295
f 463/1045/319 470/283/328 457/1043/313
f 497/312/361 511/328/379 525/344/397
f 485/1053/349 506/326/376 498/315/364
f 547/374/427 484/299/346 541/368/421
f 490/304/352 532/353/406 518/336/388
f 505/323/373 512/1058/382 499/318/367
f 519/339/391 526/347/400 513/334/385
f 533/356/409 540/365/418 527/350/403
f 567/398/451 581/416/469 595/432/487
f 561/392/445 568/401/454 555/386/439
f 617/459/517 554/383/436 611/454/511
f 616/456/514 602/440/496 588/424/478
f 575/410/463 582/419/472 569/404/457
f 583/1086/475 604/446/502 596/435/490
f 603/443/499 610/1092/508 597/438/493
f 637/480/541 651/496/559 665/514/577
f 631/475/535 638/1099/544 625/470/529
f 687/1173/607 624/467/526 681/1117/601
f 630/472/532 672/523/586 658/505/568
f 645/491/553 652/499/562 639/486/547
f 659/508/571 666/517/580 653/502/565
f 673/526/589 680/535/598 667/520/583
f 707/566/631 721/582/649 735/598/667
f 701/560/625 708/569/634 695/554/619
f 751/620/691 702/563/628 694/551/616
f 700/557/622 742/606/676 728/590/658
f 715/1129/643 722/585/652 709/1126/637
f 723/588/655 744/1135/682 736/1174/670
f 743/609/679 750/617/688 737/604/673
f 805/675/757 763/632/703 777/646/721
f 772/644/718 778/1145/724 765/638/709
f 799/670/751 764/1156/706 793/666/745
f 812/675/766 771/632/715 798/668/748
f 785/655/733 806/1149/760 779/652/727
f 813/684/769 792/1152/742 807/681/763
f 833/705/793 847/717/811 819/689/775
f 828/702/790 834/708/796 821/695/781
f 855/726/823 820/692/778 849/722/817
f 840/705/802 854/717/820 868/731/838
f 841/698/805 862/722/832 835/692/799
f 869/739/841 848/720/814 863/735/835
f 917/776/901 875/743/847 889/757/865
f 884/1163/862 890/760/868 877/1145/853
f 911/1171/895 876/746/850 905/1169/889
f 924/776/910 883/743/859 910/768/892
f 897/1166/877 918/779/904 891/1164/871
f 925/1168/913 904/771/886 919/1152/907
f 217/1/1 220/13/1226 221/2/2
f 218/4/4 222/983/1209 221/5/5
f 219/7/7 223/982/1208 221/8/8
f 224/10/10 227/989/1229 228/11/11
f 225/1/13 229/3/1210 228/2/14
f 226/14/16 230/985/1443 228/15/17
f 231/17/19 234/23/1207 235/18/20
f 232/20/22 236/986/1213 235/21/23
f 233/7/25 237/982/1215 235/8/26
f 238/17/28 241/19/1216 242/18/29
f 239/14/31 243/985/1212 242/15/32
f 240/24/34 244/984/1211 242/25/35
f 245/27/37 248/33/1220 249/28/38
f 246/4/40 250/983/1225 249/5/41
f 247/30/43 251/988/1227 249/31/44
f 252/27/46 255/29/1228 256/28/47
f 253/34/49 257/987/1224 256/35/50
f 254/10/52 258/989/1223 256/11/53
f 259/37/55 262/40/1214 263/38/56
f 260/20/58 264/986/1219 263/21/59
f 261/30/61 265/988/1221 263/31/62
f 266/37/64 269/39/1222 270/38/65
f 267/34/67 271/987/1218 270/35/68
f 268/24/70 272/984/1217 270/25/71
f 273/41/73 276/1175/1444 277/42/74
f 274/44/76 278/48/1232 277/45/77
f 275/47/79 279/990/1230 277/45/80
f 280/49/82 283/1176/1445 284/50/83
f 281/52/85 285/56/1233 284/53/86
f 282/55/88 286/1177/1248 284/53/89
f 287/57/91 290/1178/1446 291/58/92
f 288/60/94 292/1179/1447 291/61/95
f 289/63/97 293/993/1235 291/64/98
f 294/66/100 297/1180/1448 298/67/101
f 295/69/103 299/992/1234 298/70/104
f 296/72/106 300/991/1231 298/73/107
f 301/75/109 304/994/1236 305/76/110
f 302/78/112 306/1181/1449 305/79/113
f 303/81/115 307/997/1239 305/82/116
f 308/84/118 311/1182/1450 312/85/119
f 309/87/121 313/996/1238 312/88/122
f 310/90/124 314/995/1237 312/91/125
f 315/93/127 318/998/1240 319/94/128
f 316/96/130 320/100/1451 319/97/131
f 317/99/133 321/1183/1243 319/97/134
f 322/101/136 325/1184/1452 326/102/137
f 323/1000/139 327/109/1242 326/108/140
f 324/107/142 328/999/1241 326/108/143
f 329/110/145 332/1003/1244 333/111/146
f 330/113/148 334/117/1453 333/114/149
f 331/116/151 335/1006/1247 333/114/152
f 336/118/154 339/1185/1454 340/119/155
f 337/121/157 341/125/1246 340/122/158
f 338/124/160 342/1004/1245 340/122/161
f 343/126/163 346/1026/1267 347/127/164
f 344/129/166 348/133/1251 347/130/167
f 345/1010/169 349/1009/1249 347/1186/170
f 350/134/172 353/1187/1455 354/135/173
f 351/137/175 355/1188/1252 354/138/176
f 352/140/178 356/1027/1268 354/141/179
f 357/143/181 360/1189/1456 361/144/182
f 358/146/184 362/150/1457 361/147/185
f 359/149/187 363/1013/1254 361/147/188
f 364/151/190 367/1190/1458 368/152/191
f 365/154/193 369/158/1253 368/155/194
f 366/157/196 370/1011/1250 368/155/197
f 371/159/199 374/1014/1255 375/160/200
f 372/162/202 376/166/1459 375/163/203
f 373/165/205 377/1017/1258 375/163/206
f 378/167/208 381/1191/1460 382/168/209
f 379/170/211 383/174/1257 382/171/212
f 380/173/214 384/1192/1256 382/171/215
f 385/175/217 388/1018/1259 389/176/218
f 386/1193/220 390/183/1461 389/182/221
f 387/181/223 391/1021/1262 389/182/224
f 392/184/226 395/1194/1462 396/185/227
f 393/187/229 397/1020/1261 396/188/230
f 394/190/232 398/1019/1260 396/191/233
f 399/193/235 402/1022/1263 403/194/236
f 400/196/238 404/1195/1463 403/197/239
f 401/199/241 405/1025/1266 403/200/242
f 406/202/244 409/1196/1464 410/203/245
f 407/205/247 411/1024/1265 410/206/248
f 408/208/250 412/1023/1264 410/209/251
f 413/211/253 416/1048/1290 417/212/254
f 414/1032/256 418/219/1273 417/218/257
f 415/217/259 419/1028/1269 417/218/260
f 420/220/262 423/1031/1272 424/221/263
f 421/223/265 425/227/1274 424/224/266
f 422/226/268 426/1197/1291 424/224/269
f 427/228/271 430/1029/1270 431/229/272
f 428/231/274 432/1198/1465 431/232/275
f 429/234/277 433/1034/1276 431/235/278
f 434/237/280 437/1037/1279 438/238/281
f 435/240/283 439/1033/1275 438/241/284
f 436/243/286 440/1030/1271 438/244/287
f 441/246/289 444/1035/1277 445/247/290
f 442/249/292 446/1199/1466 445/250/293
f 443/252/295 447/1039/1281 445/253/296
f 448/255/298 451/1041/1283 452/256/299
f 449/258/301 453/1038/1280 452/259/302
f 450/261/304 454/1036/1278 452/262/305
f 455/264/307 458/1200/1467 459/265/308
f 456/267/310 460/271/1468 459/268/311
f 457/270/313 461/1201/1285 459/268/314
f 462/272/316 465/1202/1469 466/273/317
f 463/275/319 467/279/1284 466/276/320
f 464/278/322 468/1040/1282 466/276/323
f 469/280/325 472/1044/1286 473/281/326
f 470/283/328 474/287/1470 473/284/329
f 471/286/331 475/1047/1289 473/284/332
f 476/288/334 479/1051/1292 480/289/335
f 477/291/337 481/295/1288 480/292/338
f 478/294/340 482/1046/1287 480/292/341
f 483/296/343 486/1073/1314 487/297/344
f 484/299/346 488/303/1297 487/300/347
f 485/302/349 489/1203/1293 487/300/350
f 490/304/352 493/1057/1296 494/305/353
f 491/307/355 495/311/1298 494/308/356
f 492/310/358 496/1074/1315 494/308/359
f 497/312/361 500/1054/1294 501/313/362
f 498/315/364 502/319/1471 501/316/365
f 499/318/367 503/1059/1300 501/316/368
f 504/320/370 507/1063/1303 508/321/371
f 505/323/373 509/327/1299 508/324/374
f 506/326/376 510/1056/1295 508/324/377
f 511/328/379 514/1060/1301 515/329/380
f 512/331/382 516/335/1472 515/332/383
f 513/334/385 517/1064/1305 515/332/386
f 518/336/388 521/1204/1473 522/337/389
f 519/339/391 523/343/1304 522/340/392
f 520/342/394 524/1205/1302 522/340/395
f 525/344/397 528/1065/1306 529/345/398
f 526/347/400 530/1206/1474 529/348/401
f 527/350/403 531/1068/1309 529/351/404
f 532/353/406 535/1207/1475 536/354/407
f 533/356/409 537/1067/1308 536/357/410
f 534/359/412 538/1066/1307 536/360/413
f 539/362/415 542/1069/1310 543/363/416
f 540/365/418 544/1208/1476 543/366/419
f 541/368/421 545/1072/1313 543/369/422
f 546/371/424 549/1075/1316 550/372/425
f 547/374/427 551/1071/1312 550/375/428
f 548/377/430 552/1070/1311 550/378/431
f 553/380/433 556/1097/1337 557/381/434
f 554/383/436 558/1080/1321 557/384/437
f 555/386/439 559/1076/1317 557/387/440
f 560/389/442 563/1079/1320 564/390/443
f 561/392/445 565/1081/1322 564/393/446
f 562/395/448 566/1098/1338 564/396/449
f 567/398/451 570/1077/1318 571/399/452
f 568/401/454 572/1209/1477 571/402/455
f 569/404/457 573/1083/1324 571/405/458
f 574/407/460 577/1210/1478 578/408/461
f 575/410/463 579/1082/1323 578/411/464
f 576/413/466 580/1078/1319 578/414/467
f 581/416/469 584/1084/1325 585/417/470
f 582/419/472 586/423/1479 585/420/473
f 583/422/475 587/1211/1328 585/420/476
f 588/424/478 591/1091/1331 592/425/479
f 589/427/481 593/431/1327 592/428/482
f 590/430/484 594/1085/1326 592/428/485
f 595/432/487 598/1088/1329 599/433/488
f 596/435/490 600/439/1480 599/436/491
f 597/438/493 601/1093/1333 599/436/494
f 602/440/496 605/1212/1481 606/441/497
f 603/443/499 607/447/1332 606/444/500
f 604/446/502 608/1090/1330 606/444/503
f 609/448/505 612/1213/1482 613/449/506
f 610/451/508 614/455/1483 613/452/509
f 611/454/511 615/1096/1336 613/452/512
f 616/456/514 619/1214/1484 620/457/515
f 617/459/517 621/463/1335 620/460/518
f 618/462/520 622/1215/1334 620/460/521
f 623/464/523 626/1216/1485 627/465/524
f 624/467/526 628/471/1342 627/468/527
f 625/470/529 629/1100/1339 627/468/530
f 630/472/532 633/1103/1341 634/473/533
f 631/475/535 635/479/1343 634/476/536
f 632/478/538 636/1119/1359 634/476/539
f 637/480/541 640/1217/1486 641/481/542
f 638/483/544 642/487/1487 641/484/545
f 639/486/547 643/1104/1345 641/484/548
f 644/488/550 647/1107/1348 648/489/551
f 645/491/553 649/495/1344 648/492/554
f 646/494/556 650/1218/1340 648/492/557
f 651/496/559 654/1105/1346 655/497/560
f 652/499/562 656/1219/1488 655/500/563
f 653/502/565 657/1109/1350 655/503/566
f 658/505/568 661/1220/1489 662/506/569
f 659/508/571 663/1108/1349 662/509/572
f 660/511/574 664/1106/1347 662/512/575
f 665/514/577 668/1110/1351 669/515/578
f 666/517/580 670/1221/1490 669/518/581
f 667/520/583 671/1113/1354 669/521/584
f 672/523/586 675/1222/1491 676/524/587
f 673/526/589 677/1112/1353 676/527/590
f 674/529/592 678/1111/1352 676/530/593
f 679/532/595 682/1114/1355 683/533/596
f 680/535/598 684/539/1492 683/536/599
f 681/538/601 685/1223/1358 683/536/602
f 686/540/604 689/1120/1360 690/541/605
f 687/543/607 691/547/1357 690/544/608
f 688/546/610 692/1115/1356 690/544/611
f 693/548/613 696/1142/1381 697/549/614
f 694/551/616 698/1124/1364 697/552/617
f 695/554/619 699/1121/1361 697/555/620
f 700/557/622 703/1224/1493 704/558/623
f 701/560/625 705/1125/1365 704/561/626
f 702/563/628 706/1143/1382 704/564/629
f 707/566/631 710/1122/1362 711/567/632
f 708/569/634 712/573/1494 711/570/635
f 709/572/637 713/1225/1367 711/570/638
f 714/574/640 717/1131/1370 718/575/641
f 715/577/643 719/581/1366 718/578/644
f 716/580/646 720/1123/1363 718/578/647
f 721/582/649 724/1128/1368 725/583/650
f 722/585/652 726/589/1495 725/586/653
f 723/588/655 727/1133/1372 725/586/656
f 728/590/658 731/1226/1496 732/591/659
f 729/593/661 733/597/1371 732/594/662
f 730/596/664 734/1130/1369 732/594/665
f 735/598/667 738/1134/1373 739/599/668
f 736/601/670 740/605/1497 739/602/671
f 737/604/673 741/1137/1376 739/602/674
f 742/606/676 745/1227/1498 746/607/677
f 743/609/679 747/613/1375 746/610/680
f 744/612/682 748/1228/1374 746/610/683
f 749/614/685 752/1138/1377 753/615/686
f 750/617/688 754/1229/1499 753/618/689
f 751/620/691 755/1141/1380 753/621/692
f 756/623/694 759/1144/1383 760/624/695
f 757/626/697 761/1140/1379 760/627/698
f 758/629/700 762/1139/1378 760/630/701
f 763/632/703 766/643/1401 767/633/704
f 764/635/706 768/639/1386 767/636/707
f 765/638/709 769/761/1385 767/636/710
f 770/640/712 773/765/1500 774/641/713
f 771/632/715 775/634/1388 774/633/716
f 772/644/718 776/642/1387 774/641/719
f 777/646/721 780/654/1384 781/647/722
f 778/649/724 782/653/1501 781/650/725
f 779/652/727 783/1148/1392 781/650/728
f 784/646/730 787/648/1393 788/647/731
f 785/655/733 789/659/1390 788/656/734
f 786/658/736 790/1230/1389 788/656/737
f 791/660/739 794/669/1395 795/661/740
f 792/663/742 796/667/1400 795/664/743
f 793/666/745 797/1155/1402 795/664/746
f 798/668/748 801/662/1403 802/661/749
f 799/670/751 803/674/1399 802/671/752
f 800/673/754 804/1231/1398 802/671/755
f 805/675/757 808/683/1391 809/676/758
f 806/678/760 810/682/1502 809/679/761
f 807/681/763 811/772/1396 809/679/764
f 812/675/766 815/677/1397 816/676/767
f 813/684/769 817/688/1394 816/685/770
f 814/687/772 818/774/1503 816/685/773
f 819/689/775 822/701/1421 823/690/776
f 820/692/778 824/711/1406 823/693/779
f 821/695/781 825/1159/1405 823/696/782
f 826/698/784 829/713/1424 830/699/785
f 827/689/787 831/691/1408 830/690/788
f 828/702/790 832/730/1407 830/703/791
f 833/705/793 836/712/1404 837/706/794
f 834/708/796 838/1232/1504 837/709/797
f 835/692/799 839/694/1412 837/693/800
f 840/705/802 843/707/1413 844/706/803
f 841/698/805 845/700/1410 844/699/806
f 842/714/808 846/741/1409 844/715/809
f 847/717/811 850/725/1416 851/718/812
f 848/720/814 852/697/1505 851/696/815
f 849/722/817 853/734/1422 851/723/818
f 854/717/820 857/719/1423 858/718/821
f 855/726/823 859/742/1420 858/727/824
f 856/729/826 860/1161/1419 858/703/827
f 861/731/829 864/738/1411 865/732/830
f 862/722/832 866/724/1506 865/723/833
f 863/735/835 867/710/1417 865/736/836
f 868/731/838 871/733/1418 872/732/839
f 869/739/841 873/1160/1415 872/740/842
f 870/726/844 874/728/1414 872/727/845
f 875/743/847 878/754/1440 879/744/848
f 876/746/850 880/750/1427 879/747/851
f 877/749/853 881/1233/1426 879/747/854
f 882/751/856 885/1170/1442 886/752/857
f 883/743/859 887/745/1429 886/744/860
f 884/755/862 888/753/1428 886/752/863
f 889/757/865 892/1162/1425 893/758/866
f 890/760/868 894/639/1431 893/636/869
f 891/635/871 895/637/1507 893/636/872
f 896/757/874 899/759/1433 900/762/875
f 897/640/877 901/767/1430 900/764/878
f 898/766/880 902/1234/1508 900/764/881
f 903/768/883 906/773/1436 907/769/884
f 904/771/886 908/682/1509 907/679/887
f 905/678/889 909/680/1510 907/679/890
f 910/768/892 913/770/1441 914/769/893
f 911/687/895 915/688/1439 914/685/896
f 912/775/898 916/686/1438 914/685/899
f 917/776/901 920/784/1432 921/777/902
f 918/779/904 922/783/1511 921/780/905
f 919/782/907 923/1235/1512 921/780/908
f 924/776/910 927/778/1437 928/777/911
f 925/785/913 929/789/1435 928/786/914
f 926/788/916 930/1165/1434 928/786/917
f 8/790/919 9/803/932 3/791/920
f 9/793/922 7/805/934 1/794/923
f 11/796/925 5/824/1077 6/797/926
f 12/799/928 6/897/1078 4/800/929
f 14/802/931 15/811/940 9/803/932
f 15/804/933 13/813/942 7/805/934
f 11/796/925 12/798/927 18/806/935
f 18/808/937 12/799/928 10/801/930
f 20/810/939 21/1236/948 15/811/940
f 21/812/941 19/819/950 13/813/942
f 17/807/936 18/806/935 24/814/943
f 18/808/937 16/809/938 22/816/945
f 20/802/939 26/790/956 27/803/947
f 27/818/949 25/823/958 19/819/950
f 23/807/944 24/846/943 30/798/951
f 24/817/946 22/816/945 28/820/953
f 32/792/955 33/791/964 27/803/947
f 27/818/949 33/829/966 31/822/957
f 29/796/952 30/798/951 36/797/959
f 30/821/954 28/820/953 34/825/961
f 38/827/963 39/835/972 33/791/964
f 39/828/965 37/837/974 31/822/957
f 41/830/967 35/824/960 36/797/959
f 42/832/969 36/826/962 34/825/961
f 44/834/971 45/843/980 39/835/972
f 45/836/973 43/845/982 37/837/974
f 41/830/967 42/831/968 48/838/975
f 48/840/977 42/832/969 40/833/970
f 50/802/979 51/811/988 45/1236/980
f 51/844/981 49/850/990 43/845/982
f 47/839/976 48/838/975 54/867/983
f 48/840/977 46/841/978 52/847/985
f 50/802/979 56/790/996 57/803/987
f 57/849/989 55/854/998 49/850/990
f 53/807/984 54/846/983 60/798/991
f 54/848/986 52/847/985 58/851/993
f 62/792/995 63/791/1004 57/803/987
f 57/849/989 63/858/1006 61/853/997
f 59/796/992 60/798/991 66/797/999
f 60/852/994 58/851/993 64/855/1001
f 68/827/1003 69/835/1012 63/791/1004
f 69/857/1005 67/862/1014 61/853/997
f 71/830/1007 65/824/1000 66/797/999
f 72/859/1009 66/856/1002 64/855/1001
f 74/834/1011 75/843/1020 69/835/1012
f 75/861/1013 73/866/1022 67/862/1014
f 71/830/1007 72/831/1008 78/838/1015
f 78/863/1017 72/859/1009 70/860/1010
f 80/842/1019 81/1237/1028 75/843/1020
f 81/865/1021 79/872/1030 73/866/1022
f 77/839/1016 78/838/1015 84/867/1023
f 78/863/1017 76/864/1018 82/869/1025
f 80/834/1019 86/827/1036 87/835/1027
f 87/871/1029 85/876/1038 79/872/1030
f 83/839/1024 84/889/1023 90/831/1031
f 84/870/1026 82/869/1025 88/873/1033
f 92/792/1035 93/791/1044 87/835/1027
f 87/871/1029 93/880/1046 91/875/1037
f 89/830/1032 90/831/1031 96/797/1039
f 90/874/1034 88/873/1033 94/877/1041
f 98/790/1043 99/803/1052 93/791/1044
f 99/879/1045 97/884/1054 91/875/1037
f 101/796/1047 95/824/1040 96/797/1039
f 102/881/1049 96/878/1042 94/877/1041
f 104/802/1051 105/811/1060 99/803/1052
f 105/883/1053 103/888/1062 97/884/1054
f 101/796/1047 102/798/1048 108/806/1055
f 108/885/1057 102/881/1049 100/882/1050
f 110/834/1059 111/843/1068 105/1237/1060
f 111/887/1061 109/893/1070 103/888/1062
f 107/807/1056 108/806/1055 114/814/1063
f 108/885/1057 106/886/1058 112/890/1065
f 110/834/1059 116/827/1075 117/835/1067
f 117/892/1069 115/896/1076 109/893/1070
f 113/839/1064 114/889/1063 120/831/1071
f 114/891/1066 112/890/1065 118/894/1073
f 2/792/921 3/791/920 117/835/1067
f 117/892/1069 3/795/924 1/794/923
f 119/830/1072 120/831/1071 6/797/926
f 120/895/1074 118/894/1073 4/800/929
f 128/898/1079 129/911/1092 123/899/1080
f 129/901/1082 127/913/1094 121/902/1083
f 131/904/1085 125/925/1205 126/905/1086
f 132/907/1088 126/981/1206 124/908/1089
f 134/910/1091 135/918/1100 129/911/1092
f 135/912/1093 133/920/1102 127/913/1094
f 131/904/1085 132/906/1087 138/914/1095
f 138/916/1097 132/907/1088 130/909/1090
f 140/898/1099 141/911/1108 135/918/1100
f 135/912/1093 141/924/1110 139/919/1101
f 137/915/1096 138/914/1095 144/906/1103
f 138/916/1097 136/917/1098 142/921/1105
f 140/898/1099 146/900/1116 147/899/1107
f 147/923/1109 145/930/1118 139/919/1101
f 143/904/1104 144/906/1103 150/905/1111
f 144/922/1106 142/921/1105 148/926/1113
f 152/928/1115 153/936/1124 147/899/1107
f 153/929/1117 151/938/1126 145/930/1118
f 155/931/1119 149/925/1112 150/905/1111
f 156/933/1121 150/927/1114 148/926/1113
f 158/935/1123 159/959/1132 153/936/1124
f 159/937/1125 157/944/1134 151/938/1126
f 155/931/1119 156/932/1120 162/939/1127
f 162/941/1129 156/933/1121 154/934/1122
f 164/898/1131 165/911/1140 159/918/1132
f 159/937/1125 165/948/1142 163/943/1133
f 161/915/1128 162/914/1127 168/906/1135
f 162/941/1129 160/942/1130 166/945/1137
f 164/898/1131 170/900/1148 171/899/1139
f 171/947/1141 169/952/1150 163/943/1133
f 167/904/1136 168/906/1135 174/905/1143
f 168/946/1138 166/945/1137 172/949/1145
f 176/928/1147 177/936/1156 171/899/1139
f 177/951/1149 175/956/1158 169/952/1150
f 179/931/1151 173/925/1144 174/905/1143
f 180/953/1153 174/950/1146 172/949/1145
f 182/935/1155 183/959/1164 177/936/1156
f 183/955/1157 181/961/1166 175/956/1158
f 179/931/1151 180/932/1152 186/939/1159
f 186/957/1161 180/953/1153 178/954/1154
f 188/928/1163 189/936/1172 183/959/1164
f 183/955/1157 189/965/1174 187/960/1165
f 185/940/1160 186/939/1159 192/932/1167
f 186/957/1161 184/958/1162 190/962/1169
f 188/928/1163 194/900/1180 195/899/1171
f 195/964/1173 193/969/1182 187/960/1165
f 191/931/1168 192/932/1167 198/905/1175
f 192/963/1170 190/962/1169 196/966/1177
f 200/898/1179 201/911/1188 195/899/1171
f 201/968/1181 199/973/1190 193/969/1182
f 203/904/1183 197/925/1176 198/905/1175
f 204/970/1185 198/967/1178 196/966/1177
f 206/910/1187 207/918/1196 201/911/1188
f 207/972/1189 205/977/1198 199/973/1190
f 203/904/1183 204/906/1184 210/914/1191
f 210/974/1193 204/970/1185 202/971/1186
f 212/928/1195 213/936/1203 207/959/1196
f 207/972/1189 213/980/1204 211/976/1197
f 209/940/1192 210/939/1191 216/932/1199
f 210/974/1193 208/975/1194 214/978/1201
f 212/928/1195 122/900/1081 123/899/1080
f 123/903/1084 121/902/1083 211/976/1197
f 215/931/1200 216/932/1199 126/905/1086
f 216/979/1202 214/978/1201 124/908/1089
f 217/1/1 223/3/3 234/23/1207
f 223/982/1208 219/7/7 232/20/22
f 224/10/10 230/12/12 222/983/1209
f 222/9/9 230/985/1443 226/14/16
f 238/17/28 244/23/30 229/3/1210
f 244/984/1211 240/24/34 226/14/16
f 239/14/31 233/7/25 236/9/27
f 236/986/1213 232/20/22 240/24/34
f 231/17/19 237/19/21 262/40/1214
f 237/982/1215 233/7/25 260/20/58
f 266/37/64 272/40/66 241/19/1216
f 272/984/1217 268/24/70 239/14/31
f 267/34/67 261/30/61 264/32/63
f 264/986/1219 260/20/58 268/24/70
f 259/37/55 265/39/57 248/33/1220
f 265/988/1221 261/30/61 246/4/40
f 252/27/46 258/33/48 269/39/1222
f 258/989/1223 254/10/52 267/34/67
f 253/34/49 247/30/43 250/32/45
f 250/983/1225 246/4/40 254/10/52
f 245/27/37 251/29/39 220/13/1226
f 251/988/1227 247/30/43 218/4/4
f 225/1/13 227/13/15 255/29/1228
f 227/989/1229 224/10/10 253/34/49
f 288/60/94 290/62/96 279/990/1230
f 279/43/75 290/1178/1446 287/57/91
f 281/52/85 283/54/87 300/991/1231
f 300/68/102 283/1176/1445 280/49/82
f 274/44/76 282/55/88 285/56/90
f 285/56/1233 281/52/85 275/47/79
f 289/63/97 292/65/99 299/992/1234
f 299/74/108 292/1179/1447 288/60/94
f 302/78/112 304/80/114 293/993/1235
f 304/994/1236 301/75/109 287/57/91
f 295/69/103 297/71/105 314/995/1237
f 314/86/120 297/1180/1448 294/66/100
f 303/81/115 306/83/117 313/996/1238
f 313/92/126 306/1181/1449 302/78/112
f 303/81/115 316/96/130 318/98/132
f 318/998/1240 315/93/127 301/75/109
f 309/87/121 311/89/123 328/999/1241
f 328/103/138 311/1182/1450 308/84/118
f 317/99/133 320/100/135 327/109/1242
f 327/109/144 320/100/1451 316/96/130
f 317/1001/133 330/113/148 332/115/150
f 332/1003/1244 329/110/145 315/93/127
f 323/104/139 325/106/141 342/1004/1245
f 342/120/156 325/1184/1452 322/101/136
f 331/116/151 334/117/153 341/125/1246
f 341/125/162 334/117/1453 330/113/148
f 274/1005/76 276/1238/78 335/1006/1247
f 335/112/147 276/1175/1444 273/41/73
f 337/121/157 339/123/159 286/1007/1248
f 286/51/84 339/1185/1454 336/118/154
f 358/146/184 360/148/186 349/1009/1249
f 349/128/165 360/1189/1456 357/143/181
f 351/137/175 353/139/177 370/1011/1250
f 370/153/192 353/1187/1455 350/134/172
f 344/129/166 352/140/178 355/142/180
f 355/142/1252 351/1239/175 345/132/169
f 359/149/187 362/150/189 369/158/1253
f 369/158/198 362/150/1457 358/146/184
f 372/1012/202 374/1240/204 363/1013/1254
f 374/1014/1255 371/159/199 357/143/181
f 380/1015/214 365/154/193 367/156/195
f 384/169/210 367/1190/1458 364/151/190
f 373/165/205 376/166/207 383/174/1257
f 383/174/216 376/166/1459 372/162/202
f 386/178/220 388/180/222 377/1017/1258
f 388/1018/1259 385/175/217 371/159/199
f 394/190/232 379/170/211 381/172/213
f 398/186/228 381/1191/1460 378/167/208
f 387/181/223 390/183/225 397/1020/1261
f 397/192/234 390/1241/1461 386/178/220
f 400/196/238 402/198/240 391/1021/1262
f 402/1022/1263 399/193/235 385/175/217
f 408/208/250 393/187/229 395/189/231
f 412/204/246 395/1194/1462 392/184/226
f 401/199/241 404/201/243 411/1024/1265
f 411/210/252 404/1195/1463 400/196/238
f 401/199/241 344/129/166 346/131/168
f 346/1026/1267 343/126/163 399/193/235
f 407/205/247 409/207/249 356/1027/1268
f 356/136/174 409/1196/1464 406/202/244
f 415/217/259 428/231/274 430/233/276
f 430/1029/1270 427/228/271 413/211/253
f 436/243/286 421/223/265 423/225/267
f 423/1031/1272 420/220/262 434/237/280
f 414/1032/256 422/226/268 425/227/270
f 425/227/1274 421/223/265 415/217/259
f 429/234/277 432/236/279 439/1033/1275
f 439/245/288 432/1198/1465 428/231/274
f 442/249/292 444/251/294 433/1034/1276
f 444/1035/1277 441/246/289 427/228/271
f 450/261/304 435/240/283 437/242/285
f 437/1037/1279 434/237/280 448/255/298
f 443/252/295 446/254/297 453/1038/1280
f 453/263/306 446/1199/1466 442/249/292
f 456/267/310 458/269/312 447/1039/1281
f 447/248/291 458/1200/1467 455/264/307
f 449/258/301 451/260/303 468/1040/1282
f 451/1041/1283 448/255/298 462/272/316
f 457/270/313 460/271/315 467/279/1284
f 467/279/324 460/271/1468 456/267/310
f 470/283/328 472/285/330 461/1042/1285
f 472/1044/1286 469/280/325 455/264/307
f 463/1045/319 465/1242/321 482/1046/1287
f 482/290/336 465/1202/1469 462/272/316
f 471/286/331 474/287/333 481/295/1288
f 481/295/342 474/287/1470 470/283/328
f 471/286/331 414/214/256 416/216/258
f 416/1048/1290 413/211/253 469/280/325
f 477/291/337 479/293/339 426/1049/1291
f 479/1051/1292 476/288/334 420/220/262
f 498/315/364 500/317/366 489/1052/1293
f 500/1054/1294 497/312/361 483/296/343
f 506/326/376 491/1243/355 493/1055/357
f 493/1057/1296 490/304/352 504/320/370
f 484/299/346 492/310/358 495/311/360
f 495/311/1298 491/307/355 485/302/349
f 499/318/367 502/319/369 509/327/1299
f 509/327/378 502/319/1471 498/315/364
f 512/1058/382 514/1244/384 503/1059/1300
f 514/1060/1301 511/328/379 497/312/361
f 520/1061/394 505/323/373 507/325/375
f 507/1063/1303 504/320/370 518/336/388
f 513/334/385 516/335/387 523/343/1304
f 523/343/396 516/335/1472 512/331/382
f 526/347/400 528/349/402 517/1064/1305
f 528/1065/1306 525/344/397 511/328/379
f 519/339/391 521/341/393 538/1066/1307
f 538/355/408 521/1204/1473 518/336/388
f 527/350/403 530/352/405 537/1067/1308
f 537/361/414 530/1206/1474 526/347/400
f 540/365/418 542/367/420 531/1068/1309
f 542/1069/1310 539/362/415 525/344/397
f 548/377/430 533/356/409 535/358/411
f 552/373/426 535/1207/1475 532/353/406
f 541/368/421 544/370/423 551/1071/1312
f 551/379/432 544/1208/1476 540/365/418
f 541/368/421 484/299/346 486/301/348
f 486/1073/1314 483/296/343 539/362/415
f 492/310/358 547/374/427 549/376/429
f 549/1075/1316 546/371/424 490/304/352
f 555/386/439 568/401/454 570/403/456
f 570/1077/1318 567/398/451 553/380/433
f 576/413/466 561/392/445 563/394/447
f 563/1079/1320 560/389/442 574/407/460
f 554/383/436 562/395/448 565/397/450
f 565/1081/1322 561/392/445 555/386/439
f 569/404/457 572/406/459 579/1082/1323
f 579/415/468 572/1209/1477 568/401/454
f 569/404/457 582/419/472 584/421/474
f 584/1084/1325 581/416/469 567/398/451
f 575/410/463 577/412/465 594/1085/1326
f 594/426/480 577/1210/1478 574/407/460
f 583/422/475 586/423/477 593/431/1327
f 593/431/486 586/423/1479 582/419/472
f 583/1086/475 596/435/490 598/437/492
f 598/1088/1329 595/432/487 581/416/469
f 604/446/502 589/1245/481 591/1089/483
f 591/1091/1331 588/424/478 602/440/496
f 597/438/493 600/439/495 607/447/1332
f 607/447/504 600/439/1480 596/435/490
f 610/1092/508 612/1246/510 601/1093/1333
f 601/434/489 612/1213/1482 609/448/505
f 603/443/499 605/445/501 622/1094/1334
f 622/458/516 605/1212/1481 602/440/496
f 611/454/511 614/455/513 621/463/1335
f 621/463/522 614/455/1483 610/451/508
f 611/454/511 554/383/436 556/385/438
f 556/1097/1337 553/380/433 609/448/505
f 617/459/517 619/461/519 566/1098/1338
f 566/391/444 619/1214/1484 616/456/514
f 638/1099/544 640/1247/546 629/1100/1339
f 629/466/525 640/1217/1486 637/480/541
f 646/1101/556 631/475/535 633/477/537
f 633/1103/1341 630/472/532 644/488/550
f 624/467/526 632/478/538 635/479/540
f 635/479/1343 631/475/535 625/470/529
f 639/486/547 642/487/549 649/495/1344
f 649/495/558 642/487/1487 638/483/544
f 652/499/562 654/501/564 643/1104/1345
f 654/1105/1346 651/496/559 637/480/541
f 645/491/553 647/493/555 664/1106/1347
f 647/1107/1348 644/488/550 658/505/568
f 653/502/565 656/504/567 663/1108/1349
f 663/513/576 656/1219/1488 652/499/562
f 666/517/580 668/519/582 657/1109/1350
f 668/1110/1351 665/514/577 651/496/559
f 659/508/571 661/510/573 678/1111/1352
f 678/525/588 661/1220/1489 658/505/568
f 667/520/583 670/522/585 677/1112/1353
f 677/531/594 670/1221/1490 666/517/580
f 667/520/583 680/535/598 682/537/600
f 682/1114/1355 679/532/595 665/514/577
f 673/526/589 675/528/591 692/1115/1356
f 692/542/606 675/1222/1491 672/523/586
f 681/538/601 684/539/603 691/547/1357
f 691/547/612 684/539/1492 680/535/598
f 624/467/526 626/469/528 685/1116/1358
f 685/534/597 626/1216/1485 623/464/523
f 632/478/538 687/1173/607 689/1118/609
f 689/1120/1360 686/540/604 630/472/532
f 708/569/634 710/571/636 699/1121/1361
f 710/1122/1362 707/566/631 693/548/613
f 701/560/625 703/562/627 720/1123/1363
f 720/576/642 703/1224/1493 700/557/622
f 694/551/616 702/563/628 705/565/630
f 705/1125/1365 701/560/625 695/554/619
f 709/572/637 712/573/639 719/581/1366
f 719/581/648 712/573/1494 708/569/634
f 709/1126/637 722/585/652 724/587/654
f 724/1128/1368 721/582/649 707/566/631
f 715/1129/643 717/1248/645 734/1130/1369
f 717/1131/1370 714/574/640 728/590/658
f 723/588/655 726/589/657 733/597/1371
f 733/597/666 726/589/1495 722/585/652
f 723/588/655 736/1174/670 738/1132/672
f 738/1134/1373 735/598/667 721/582/649
f 744/1135/682 729/593/661 731/595/663
f 748/608/678 731/1226/1496 728/590/658
f 737/604/673 740/605/675 747/613/1375
f 747/613/684 740/605/1497 736/601/670
f 750/617/688 752/619/690 741/1137/1376
f 752/1138/1377 749/614/685 735/598/667
f 743/609/679 745/611/681 762/1139/1378
f 762/625/696 745/1227/1498 742/606/676
f 751/620/691 754/622/693 761/1140/1379
f 761/631/702 754/1229/1499 750/617/688
f 751/620/691 694/551/616 696/553/618
f 696/1142/1381 693/548/613 749/614/685
f 702/563/628 757/626/697 759/628/699
f 759/1144/1383 756/623/694 700/557/622
f 763/632/703 769/634/705 780/654/1384
f 769/761/1385 765/638/709 778/1145/724
f 770/640/712 776/642/714 768/639/1386
f 776/642/1387 772/644/718 765/638/709
f 771/632/715 784/646/730 790/654/732
f 790/1147/1389 786/1163/736 772/644/718
f 779/652/727 782/653/729 789/659/1390
f 789/659/738 782/653/1501 778/649/724
f 805/675/757 777/646/721 783/648/723
f 783/1148/1392 779/652/727 806/1149/760
f 812/675/766 818/683/768 787/648/1393
f 787/657/735 818/1249/1503 814/1151/772
f 807/681/763 810/682/765 817/688/1394
f 817/688/774 810/682/1502 806/678/760
f 805/675/757 811/677/759 794/669/1395
f 811/772/1396 807/681/763 792/1152/742
f 798/668/748 804/669/750 815/677/1397
f 804/1154/1398 800/1168/754 813/684/769
f 793/666/745 796/667/747 803/674/1399
f 796/667/1400 792/663/742 800/673/754
f 763/632/703 791/660/739 797/662/741
f 797/1155/1402 793/666/745 764/1156/706
f 771/632/715 773/643/717 801/662/1403
f 801/672/753 773/1250/1500 770/1158/712
f 819/689/775 825/691/777 836/712/1404
f 825/1159/1405 821/695/781 834/708/796
f 820/692/778 826/698/784 832/700/786
f 832/730/1407 828/702/790 821/695/781
f 840/705/802 846/712/804 831/691/1408
f 846/741/1409 842/714/808 828/702/790
f 835/692/799 838/711/801 845/700/1410
f 845/716/810 838/1232/1504 834/708/796
f 833/705/793 839/707/795 864/738/1411
f 839/694/1412 835/692/799 862/722/832
f 868/731/838 874/738/840 843/707/1413
f 874/728/1414 870/726/844 841/698/805
f 863/735/835 866/737/837 873/1160/1415
f 873/742/846 866/724/1506 862/722/832
f 861/731/829 867/733/831 850/725/1416
f 867/710/1417 863/735/835 848/720/814
f 854/717/820 860/725/822 871/733/1418
f 860/1161/1419 856/729/826 869/739/841
f 849/722/817 852/724/819 859/742/1420
f 859/730/828 852/697/1505 848/720/814
f 847/717/811 853/719/813 822/701/1421
f 853/734/1422 849/722/817 820/692/778
f 827/689/787 829/701/789 857/719/1423
f 829/713/1424 826/698/784 855/726/823
f 889/757/865 875/743/847 881/745/849
f 881/1146/1426 877/1145/853 890/760/868
f 882/751/856 888/753/858 880/750/1427
f 888/753/1428 884/755/862 877/749/853
f 896/757/874 902/763/876 887/745/1429
f 887/1147/864 902/1234/1508 898/766/880
f 891/635/871 894/639/873 901/767/1430
f 894/639/1431 890/760/868 898/766/880
f 889/757/865 895/759/867 920/784/1432
f 920/781/906 895/1251/1507 891/1164/871
f 896/757/874 924/776/910 930/784/912
f 930/1165/1434 926/788/916 897/1166/877
f 919/782/907 922/783/909 929/789/1435
f 929/789/918 922/783/1511 918/779/904
f 917/776/901 923/778/903 906/773/1436
f 906/772/888 923/1153/1512 919/1152/907
f 924/776/910 910/768/892 916/773/894
f 916/686/1438 912/775/898 925/1168/913
f 905/678/889 908/682/891 915/688/1439
f 915/688/900 908/682/1509 904/771/886
f 903/768/883 909/770/885 878/754/1440
f 878/748/852 909/1252/1510 905/1169/889
f 910/768/892 883/743/859 885/754/861
f 885/1170/1442 882/751/856 911/1171/895
f 115/896/1076 1/794/923 19/819/950
f 1/794/923 7/805/934 19/819/950
f 7/805/934 13/813/942 19/819/950
f 19/819/950 25/823/958 31/822/957
f 31/822/957 37/837/974 43/845/982
f 43/845/982 49/850/990 55/854/998
f 55/854/998 61/853/997 67/862/1014
f 67/862/1014 73/866/1022 79/872/1030
f 79/872/1030 85/876/1038 91/875/1037
f 91/875/1037 97/884/1054 103/888/1062
f 103/888/1062 109/893/1070 115/896/1076
f 19/819/950 31/822/957 115/896/1076
f 31/822/957 43/845/982 115/896/1076
f 43/845/982 55/854/998 91/875/1037
f 55/854/998 67/862/1014 91/875/1037
f 67/862/1014 79/872/1030 91/875/1037
f 91/875/1037 103/888/1062 115/896/1076
f 2/792/921 5/824/1077 11/796/925
f 119/830/1072 5/824/1077 2/792/921
f 16/809/938 10/801/930 4/800/929
f 4/800/929 118/894/1073 112/890/1065
f 112/890/1065 106/886/1058 100/882/1050
f 100/882/1050 94/877/1041 112/890/1065
f 94/877/1041 88/873/1033 112/890/1065
f 88/873/1033 82/869/1025 76/864/1018
f 76/864/1018 70/860/1010 64/855/1001
f 64/855/1001 58/851/993 52/847/985
f 52/847/985 46/841/978 64/855/1001
f 46/841/978 40/833/970 64/855/1001
f 40/833/970 34/825/961 16/809/938
f 34/825/961 28/820/953 16/809/938
f 28/820/953 22/816/945 16/809/938
f 16/809/938 4/800/929 112/890/1065
f 88/873/1033 76/864/1018 64/855/1001
f 16/809/938 112/890/1065 88/873/1033
f 88/873/1033 64/855/1001 16/809/938
f 8/790/919 11/796/925 17/807/936
f 17/807/936 23/815/944 20/810/939
f 23/807/944 29/796/952 26/790/956
f 29/796/952 35/824/960 32/792/955
f 32/792/955 35/824/960 41/830/967
f 38/827/963 41/830/967 47/839/976
f 47/815/976 53/807/984 50/802/979
f 53/807/984 59/796/992 56/790/996
f 59/796/992 65/824/1000 62/792/995
f 62/792/995 65/824/1000 71/830/1007
f 68/827/1003 71/830/1007 77/839/1016
f 77/839/1016 83/868/1024 80/842/1019
f 83/839/1024 89/830/1032 86/827/1036
f 89/830/1032 95/824/1040 92/792/1035
f 92/792/1035 95/824/1040 101/796/1047
f 98/790/1043 101/796/1047 107/807/1056
f 107/868/1056 113/839/1064 110/834/1059
f 113/839/1064 119/830/1072 116/827/1075
f 211/976/1197 121/902/1083 127/913/1094
f 127/913/1094 133/920/1102 211/976/1197
f 133/920/1102 139/919/1101 211/976/1197
f 139/919/1101 145/930/1118 163/943/1133
f 145/930/1118 151/938/1126 163/943/1133
f 151/938/1126 157/944/1134 163/943/1133
f 163/943/1133 169/952/1150 187/960/1165
f 169/952/1150 175/956/1158 187/960/1165
f 175/956/1158 181/961/1166 187/960/1165
f 187/960/1165 193/969/1182 199/973/1190
f 199/973/1190 205/977/1198 187/960/1165
f 205/977/1198 211/976/1197 187/960/1165
f 211/976/1197 139/919/1101 163/943/1133
f 125/925/1205 131/904/1085 128/898/1079
f 212/928/1195 215/931/1200 125/925/1205
f 136/917/1098 130/909/1090 124/908/1089
f 124/908/1089 214/978/1201 208/975/1194
f 208/975/1194 202/971/1186 196/966/1177
f 196/966/1177 190/962/1169 184/958/1162
f 184/958/1162 178/954/1154 172/949/1145
f 172/949/1145 166/945/1137 160/942/1130
f 160/942/1130 154/934/1122 148/926/1113
f 148/926/1113 142/921/1105 136/917/1098
f 136/917/1098 124/908/1089 208/975/1194
f 208/975/1194 196/966/1177 184/958/1162
f 184/958/1162 172/949/1145 160/942/1130
f 160/942/1130 148/926/1113 136/917/1098
f 136/917/1098 208/975/1194 184/958/1162
f 131/904/1085 137/915/1096 134/910/1091
f 134/910/1091 137/915/1096 143/904/1104
f 140/898/1099 143/904/1104 149/925/1112
f 149/925/1112 155/931/1119 152/928/1115
f 155/931/1119 161/940/1128 158/935/1123
f 158/910/1123 161/915/1128 167/904/1136
f 164/898/1131 167/904/1136 173/925/1144
f 173/925/1144 179/931/1151 176/928/1147
f 179/931/1151 185/940/1160 182/935/1155
f 182/935/1155 185/940/1160 191/931/1168
f 188/928/1163 191/931/1168 197/925/1176
f 197/925/1176 203/904/1183 200/898/1179
f 203/904/1183 209/915/1192 206/910/1187
f 206/935/1187 209/940/1192 215/931/1200
f 259/37/55 245/27/37 217/1/1
f 226/14/16 240/24/34 232/20/22
f 253/34/49 224/10/10 218/4/4
f 238/17/28 225/1/13 252/27/46
f 239/14/31 268/24/70 260/20/58
f 267/34/67 254/10/52 246/4/40
f 329/110/145 273/41/73 315/93/127
f 273/41/73 287/57/91 315/93/127
f 281/52/85 296/72/106 288/60/94
f 337/121/157 282/1008/88 274/1005/76
f 308/84/118 294/66/100 280/49/82
f 280/49/82 336/118/154 322/101/136
f 289/63/97 295/69/103 310/90/124
f 309/87/121 324/107/142 316/96/130
f 317/1001/133 323/104/139 338/124/160
f 399/193/235 343/126/163 385/175/217
f 343/126/163 357/143/181 385/175/217
f 351/137/175 366/157/196 358/146/184
f 407/205/247 352/140/178 344/129/166
f 378/167/208 364/151/190 350/134/172
f 350/134/172 406/202/244 378/167/208
f 359/149/187 365/154/193 380/1015/214
f 379/170/211 394/190/232 386/178/220
f 393/187/229 408/208/250 400/196/238
f 469/280/325 413/211/253 455/264/307
f 413/211/253 427/228/271 455/264/307
f 421/223/265 436/243/286 428/231/274
f 477/291/337 422/1050/268 414/214/256
f 448/255/298 434/237/280 462/272/316
f 434/237/280 420/220/262 462/272/316
f 435/240/283 450/261/304 442/249/292
f 449/258/301 464/278/322 456/267/310
f 463/1045/319 478/294/340 470/283/328
f 539/362/415 483/296/343 525/344/397
f 483/296/343 497/312/361 525/344/397
f 485/1053/349 491/1243/355 506/326/376
f 547/374/427 492/310/358 484/299/346
f 518/336/388 504/320/370 490/304/352
f 490/304/352 546/371/424 532/353/406
f 505/323/373 520/1061/394 512/1058/382
f 519/339/391 534/359/412 526/347/400
f 533/356/409 548/377/430 540/365/418
f 609/448/505 553/380/433 595/432/487
f 553/380/433 567/398/451 595/432/487
f 561/392/445 576/413/466 568/401/454
f 617/459/517 562/395/448 554/383/436
f 588/424/478 574/407/460 560/389/442
f 560/389/442 616/456/514 588/424/478
f 575/410/463 590/430/484 582/419/472
f 583/1086/475 589/1245/481 604/446/502
f 603/443/499 618/1095/520 610/1092/508
f 679/532/595 623/464/523 665/514/577
f 623/464/523 637/480/541 665/514/577
f 631/475/535 646/1101/556 638/1099/544
f 687/1173/607 632/478/538 624/467/526
f 658/505/568 644/488/550 630/472/532
f 630/472/532 686/540/604 672/523/586
f 645/491/553 660/511/574 652/499/562
f 659/508/571 674/529/592 666/517/580
f 673/526/589 688/546/610 680/535/598
f 749/614/685 693/548/613 735/598/667
f 693/548/613 707/566/631 735/598/667
f 701/560/625 716/580/646 708/569/634
f 751/620/691 757/626/697 702/563/628
f 728/590/658 714/574/640 700/557/622
f 700/557/622 756/623/694 742/606/676
f 715/1129/643 730/596/664 722/585/652
f 723/588/655 729/593/661 744/1135/682
f 743/609/679 758/629/700 750/617/688
f 805/675/757 791/660/739 763/632/703
f 772/644/718 786/1163/736 778/1145/724
f 799/670/751 770/1158/712 764/1156/706
f 812/675/766 784/646/730 771/632/715
f 785/655/733 814/1151/772 806/1149/760
f 813/684/769 800/1168/754 792/1152/742
f 833/705/793 861/731/829 847/717/811
f 828/702/790 842/714/808 834/708/796
f 855/726/823 826/698/784 820/692/778
f 840/705/802 827/689/787 854/717/820
f 841/698/805 870/726/844 862/722/832
f 869/739/841 856/729/826 848/720/814
f 917/776/901 903/768/883 875/743/847
f 884/1163/862 898/766/880 890/760/868
f 911/1171/895 882/751/856 876/746/850
f 924/776/910 896/757/874 883/743/859
f 897/1166/877 926/788/916 918/779/904
f 925/1168/913 912/775/898 904/771/886
