# Blender 4.5.10 LTS
# www.blender.org
o dolmen
v -0.000000 0.000000 1.921012 1.0000 1.0000 1.0000
v 0.000000 0.027120 1.942789 1.0000 1.0000 1.0000
v -0.000000 0.007943 1.939398 1.0000 1.0000 1.0000
v 0.000000 0.220000 1.862512 1.0000 1.0000 1.0000
v 0.000000 0.192880 1.898711 1.0000 1.0000 1.0000
v 0.000000 0.212057 1.885122 1.0000 1.0000 1.0000
v -0.960506 0.000000 1.663645 1.0000 1.0000 1.0000
v -0.971394 0.027120 1.682504 1.0000 1.0000 1.0000
v -0.969699 0.007943 1.679568 1.0000 1.0000 1.0000
v -0.931256 0.220000 1.612983 0.9802 0.9802 0.9802
v -0.949356 0.192880 1.644332 1.0000 1.0000 1.0000
v -0.942561 0.212057 1.632563 1.0000 1.0000 1.0000
v -1.663645 0.000000 0.960506 1.0000 1.0000 1.0000
v -1.682504 0.027120 0.971394 1.0000 1.0000 1.0000
v -1.679567 0.007943 0.969699 1.0000 1.0000 1.0000
v -1.612983 0.220000 0.931256 0.9802 0.9802 0.9802
v -1.644332 0.192880 0.949356 1.0000 1.0000 1.0000
v -1.632563 0.212057 0.942561 0.9902 0.9902 0.9902
v -1.921012 0.000000 -0.000000 1.0000 1.0000 1.0000
v -1.942789 0.027120 0.000000 1.0000 1.0000 1.0000
v -1.939398 0.007943 -0.000000 1.0000 1.0000 1.0000
v -1.862512 0.220000 0.000000 0.9488 0.9488 0.9488
v -1.898711 0.192880 0.000000 0.9902 0.9902 0.9902
v -1.885122 0.212057 0.000000 0.9700 0.9700 0.9700
v -1.663645 0.000000 -0.960506 0.9902 0.9902 0.9902
v -1.682504 0.027120 -0.971394 0.6181 0.6181 0.6181
v -1.679568 0.007943 -0.969699 0.9029 0.9029 0.9029
v -1.612983 0.220000 -0.931256 0.8060 0.8060 0.8060
v -1.644332 0.192880 -0.949356 0.7721 0.7721 0.7721
v -1.632563 0.212057 -0.942561 0.8060 0.8060 0.8060
v -0.960506 0.000000 -1.663645 1.0000 1.0000 1.0000
v -0.971394 0.027120 -1.682504 0.9802 0.9802 0.9802
v -0.969699 0.007943 -1.679567 1.0000 1.0000 1.0000
v -0.931256 0.220000 -1.612983 0.9802 0.9802 0.9802
v -0.949356 0.192880 -1.644332 0.9802 0.9802 0.9802
v -0.942561 0.212057 -1.632563 0.9802 0.9802 0.9802
v 0.000000 0.000000 -1.921012 1.0000 1.0000 1.0000
v 0.000000 0.027120 -1.942789 1.0000 1.0000 1.0000
v 0.000000 0.007943 -1.939398 1.0000 1.0000 1.0000
v 0.000000 0.220000 -1.862512 1.0000 1.0000 1.0000
v 0.000000 0.192880 -1.898711 1.0000 1.0000 1.0000
v 0.000000 0.212057 -1.885122 1.0000 1.0000 1.0000
v 0.960506 0.000000 -1.663645 1.0000 1.0000 1.0000
v 0.971394 0.027120 -1.682504 0.9902 0.9902 0.9902
v 0.969699 0.007943 -1.679568 1.0000 1.0000 1.0000
v 0.931256 0.220000 -1.612983 0.9802 0.9802 0.9802
v 0.949356 0.192880 -1.644332 0.9802 0.9802 0.9802
v 0.942561 0.212057 -1.632563 0.9700 0.9700 0.9700
v 1.663645 0.000000 -0.960506 0.9902 0.9902 0.9902
v 1.682504 0.027120 -0.971394 0.6181 0.6181 0.6181
v 1.679567 0.007943 -0.969699 0.6181 0.6181 0.6181
v 1.612983 0.220000 -0.931256 0.8777 0.8777 0.8777
v 1.644332 0.192880 -0.949356 0.8060 0.8060 0.8060
v 1.632563 0.212057 -0.942561 0.8365 0.8365 0.8365
v 1.921012 0.000000 0.000000 1.0000 1.0000 1.0000
v 1.942789 0.027120 0.000000 1.0000 1.0000 1.0000
v 1.939398 0.007943 0.000000 1.0000 1.0000 1.0000
v 1.862512 0.220000 0.000000 0.9595 0.9595 0.9595
v 1.898711 0.192880 0.000000 1.0000 1.0000 1.0000
v 1.885122 0.212057 0.000000 0.9902 0.9902 0.9902
v 1.663645 0.000000 0.960506 1.0000 1.0000 1.0000
v 1.682504 0.027120 0.971394 1.0000 1.0000 1.0000
v 1.679568 0.007943 0.969699 1.0000 1.0000 1.0000
v 1.612983 0.220000 0.931256 0.9802 0.9802 0.9802
v 1.644332 0.192880 0.949356 1.0000 1.0000 1.0000
v 1.632563 0.212057 0.942561 1.0000 1.0000 1.0000
v 0.960506 0.000000 1.663645 1.0000 1.0000 1.0000
v 0.971394 0.027120 1.682504 1.0000 1.0000 1.0000
v 0.969699 0.007943 1.679567 1.0000 1.0000 1.0000
v 0.931256 0.220000 1.612983 0.9700 0.9700 0.9700
v 0.949356 0.192880 1.644332 1.0000 1.0000 1.0000
v 0.942561 0.212057 1.632563 1.0000 1.0000 1.0000
v 1.231256 0.209434 -0.392640 0.6591 0.6591 0.6591
v 1.233413 0.237396 -0.420595 0.8365 0.8365 0.8365
v 1.260674 0.235930 -0.391912 0.8508 0.8508 0.8508
v 1.232175 0.217624 -0.412422 0.6591 0.6591 0.6591
v 1.248414 0.220406 -0.408386 0.6181 0.6181 0.6181
v 1.252976 0.236360 -0.411908 0.8777 0.8777 0.8777
v 1.251451 0.216588 -0.392140 0.6181 0.6181 0.6181
v 1.350819 2.478320 -0.417692 0.9029 0.9029 0.9029
v 1.351592 2.506282 -0.389665 0.7336 0.7336 0.7336
v 1.378080 2.476855 -0.389010 0.8645 0.8645 0.8645
v 1.351652 2.498092 -0.409468 0.8216 0.8216 0.8216
v 1.367511 2.493618 -0.405442 0.8365 0.8365 0.8365
v 1.370929 2.497056 -0.389186 0.8060 0.8060 0.8060
v 1.370382 2.477284 -0.409005 0.8645 0.8645 0.8645
v 1.211631 0.209434 0.401118 0.6181 0.6181 0.6181
v 1.241049 0.235930 0.401845 0.8508 0.8508 0.8508
v 1.212403 0.237396 0.429145 0.8645 0.8645 0.8645
v 1.231825 0.216588 0.401617 0.6181 0.6181 0.6181
v 1.227989 0.220406 0.417693 0.6181 0.6181 0.6181
v 1.232372 0.236360 0.421435 0.8216 0.8216 0.8216
v 1.211570 0.217624 0.420921 0.6181 0.6181 0.6181
v 1.331967 2.506282 0.404093 0.7336 0.7336 0.7336
v 1.329809 2.478320 0.432048 0.8777 0.8777 0.8777
v 1.358455 2.476855 0.404748 0.8905 0.8905 0.8905
v 1.331048 2.498092 0.423875 0.8365 0.8365 0.8365
v 1.347087 2.493618 0.420637 0.8645 0.8645 0.8645
v 1.349778 2.477284 0.424338 0.9265 0.9265 0.9265
v 1.351303 2.497056 0.404571 0.7895 0.7895 0.7895
v 0.768034 0.233718 -0.404093 0.6875 0.6875 0.6875
v 0.741545 0.263145 -0.404748 0.7721 0.7721 0.7721
v 0.770191 0.261680 -0.432048 0.8508 0.8508 0.8508
v 0.748697 0.242944 -0.404571 0.6875 0.6875 0.6875
v 0.752914 0.246382 -0.420637 0.7895 0.7895 0.7895
v 0.750222 0.262716 -0.424338 0.8216 0.8216 0.8216
v 0.768952 0.241908 -0.423875 0.8060 0.8060 0.8060
v 0.888369 2.530566 -0.401118 0.6591 0.6591 0.6591
v 0.887597 2.502604 -0.429145 0.8645 0.8645 0.8645
v 0.858951 2.504070 -0.401845 0.8508 0.8508 0.8508
v 0.888430 2.522376 -0.420921 0.6181 0.6181 0.6181
v 0.872011 2.519594 -0.417693 0.6591 0.6591 0.6591
v 0.867628 2.503640 -0.421435 0.8216 0.8216 0.8216
v 0.868174 2.523412 -0.401617 0.6591 0.6591 0.6591
v 0.748408 0.233718 0.389665 0.6875 0.6875 0.6875
v 0.749181 0.261680 0.417692 0.8365 0.8365 0.8365
v 0.721920 0.263145 0.389010 0.6181 0.6181 0.6181
v 0.748348 0.241908 0.409468 0.7895 0.7895 0.7895
v 0.732489 0.246382 0.405442 0.7895 0.7895 0.7895
v 0.729618 0.262716 0.409005 0.7895 0.7895 0.7895
v 0.729071 0.242944 0.389186 0.6181 0.6181 0.6181
v 0.868744 2.530566 0.392640 0.6181 0.6181 0.6181
v 0.839326 2.504070 0.391912 0.8777 0.8777 0.8777
v 0.866587 2.502604 0.420595 0.8777 0.8777 0.8777
v 0.848549 2.523412 0.392140 0.6181 0.6181 0.6181
v 0.851587 2.519594 0.408386 0.6181 0.6181 0.6181
v 0.847024 2.503640 0.411908 0.9029 0.9029 0.9029
v 0.867826 2.522376 0.412422 0.6181 0.6181 0.6181
v -0.733709 0.233718 -0.377831 0.6181 0.6181 0.6181
v -0.733408 0.261680 -0.405868 0.8508 0.8508 0.8508
v -0.707266 0.263145 -0.376162 0.6181 0.6181 0.6181
v -0.732891 0.241908 -0.397618 0.8060 0.8060 0.8060
v -0.717198 0.246382 -0.392987 0.6181 0.6181 0.6181
v -0.714192 0.262716 -0.396438 0.6181 0.6181 0.6181
v -0.714405 0.242944 -0.376613 0.6181 0.6181 0.6181
v -0.850617 2.502604 -0.413264 0.6591 0.6591 0.6591
v -0.853843 2.530566 -0.385412 0.6875 0.6875 0.6875
v -0.824474 2.504070 -0.383558 0.6875 0.6875 0.6875
v -0.852168 2.522376 -0.405144 0.6591 0.6591 0.6591
v -0.836095 2.519594 -0.400490 0.6875 0.6875 0.6875
v -0.833682 2.523412 -0.384140 0.6875 0.6875 0.6875
v -0.831401 2.503640 -0.403834 0.6875 0.6875 0.6875
v -0.783713 0.233718 0.414593 0.6591 0.6591 0.6591
v -0.757269 0.263145 0.416262 0.7118 0.7118 0.7118
v -0.786939 0.261680 0.442445 0.8216 0.8216 0.8216
v -0.764408 0.242944 0.415811 0.7118 0.7118 0.7118
v -0.769237 0.246382 0.431704 0.7118 0.7118 0.7118
v -0.766690 0.262716 0.435505 0.7118 0.7118 0.7118
v -0.785388 0.241908 0.434326 0.7536 0.7536 0.7536
v -0.903846 2.530566 0.407012 0.6591 0.6591 0.6591
v -0.904147 2.502604 0.435049 0.6591 0.6591 0.6591
v -0.874478 2.504070 0.408865 0.6591 0.6591 0.6591
v -0.904665 2.522376 0.426799 0.6591 0.6591 0.6591
v -0.888135 2.519594 0.424202 0.6591 0.6591 0.6591
v -0.883898 2.503640 0.428109 0.6591 0.6591 0.6591
v -0.883685 2.523412 0.408284 0.6591 0.6591 0.6591
v -1.196153 0.209434 -0.407012 0.6181 0.6181 0.6181
v -1.225522 0.235930 -0.408865 0.8365 0.8365 0.8365
v -1.195853 0.237396 -0.435049 0.8060 0.8060 0.8060
v -1.216314 0.216588 -0.408284 0.6181 0.6181 0.6181
v -1.211865 0.220406 -0.424202 0.6181 0.6181 0.6181
v -1.216102 0.236360 -0.428109 0.8508 0.8508 0.8508
v -1.195335 0.217624 -0.426799 0.6181 0.6181 0.6181
v -1.316287 2.506282 -0.414593 0.6591 0.6591 0.6591
v -1.313061 2.478320 -0.442445 0.6181 0.6181 0.6181
v -1.342731 2.476855 -0.416262 0.6181 0.6181 0.6181
v -1.314612 2.498092 -0.434326 0.6591 0.6591 0.6591
v -1.330763 2.493618 -0.431704 0.6181 0.6181 0.6181
v -1.333310 2.477284 -0.435505 0.6181 0.6181 0.6181
v -1.335591 2.497056 -0.415811 0.6181 0.6181 0.6181
v -1.246157 0.209434 0.385412 0.6181 0.6181 0.6181
v -1.249383 0.237396 0.413264 0.8365 0.8365 0.8365
v -1.275526 0.235930 0.383558 0.8060 0.8060 0.8060
v -1.247832 0.217624 0.405144 0.6181 0.6181 0.6181
v -1.263905 0.220406 0.400490 0.6181 0.6181 0.6181
v -1.268599 0.236360 0.403834 0.7895 0.7895 0.7895
v -1.266318 0.216588 0.384140 0.6181 0.6181 0.6181
v -1.366291 2.506282 0.377831 0.6181 0.6181 0.6181
v -1.392734 2.476855 0.376162 0.6181 0.6181 0.6181
v -1.366592 2.478320 0.405868 0.6181 0.6181 0.6181
v -1.385595 2.497056 0.376613 0.6181 0.6181 0.6181
v -1.382802 2.493618 0.392987 0.6181 0.6181 0.6181
v -1.385808 2.477284 0.396438 0.6181 0.6181 0.6181
v -1.367109 2.498092 0.397618 0.6181 0.6181 0.6181
v 1.659971 2.546735 -0.560893 0.9802 0.9802 0.9802
v 1.660460 2.574718 -0.588905 1.0000 1.0000 1.0000
v 1.686939 2.575695 -0.559479 1.0000 1.0000 1.0000
v 1.660721 2.554931 -0.580679 1.0000 1.0000 1.0000
v 1.676538 2.559126 -0.576212 1.0000 1.0000 1.0000
v 1.679791 2.575409 -0.579680 1.0000 1.0000 1.0000
v 1.679445 2.555622 -0.559872 0.9902 0.9902 0.9902
v 1.647774 2.938496 -0.589570 1.0000 1.0000 1.0000
v 1.645333 2.966479 -0.561660 1.0000 1.0000 1.0000
v 1.674253 2.939473 -0.560144 1.0000 1.0000 1.0000
v 1.646655 2.958283 -0.581417 1.0000 1.0000 1.0000
v 1.662725 2.955217 -0.576936 1.0000 1.0000 1.0000
v 1.665379 2.958974 -0.560609 1.0000 1.0000 1.0000
v 1.667105 2.939187 -0.580345 1.0000 1.0000 1.0000
v 1.592248 2.546735 0.731334 0.9595 0.9595 0.9595
v 1.619217 2.575695 0.732747 1.0000 1.0000 1.0000
v 1.589807 2.574718 0.759245 1.0000 1.0000 1.0000
v 1.611722 2.555622 0.732355 1.0000 1.0000 1.0000
v 1.607123 2.559126 0.748302 1.0000 1.0000 1.0000
v 1.609996 2.575409 0.752090 1.0000 1.0000 1.0000
v 1.590926 2.554931 0.751091 1.0000 1.0000 1.0000
v 1.577610 2.966479 0.730567 1.0000 1.0000 1.0000
v 1.577121 2.938496 0.758580 1.0000 1.0000 1.0000
v 1.606531 2.939473 0.732083 1.0000 1.0000 1.0000
v 1.576860 2.958283 0.750354 1.0000 1.0000 1.0000
v 1.593310 2.955217 0.747578 1.0000 1.0000 1.0000
v 1.597310 2.939187 0.751426 1.0000 1.0000 1.0000
v 1.597656 2.958974 0.731618 1.0000 1.0000 1.0000
v -1.577610 2.433521 -0.730567 0.9700 0.9700 0.9700
v -1.606531 2.460527 -0.732083 1.0000 1.0000 1.0000
v -1.577121 2.461504 -0.758580 1.0000 1.0000 1.0000
v -1.597656 2.441026 -0.731618 0.9902 0.9902 0.9902
v -1.593310 2.444783 -0.747578 0.9902 0.9902 0.9902
v -1.597310 2.460813 -0.751426 1.0000 1.0000 1.0000
v -1.576860 2.441717 -0.750354 0.9902 0.9902 0.9902
v -1.592248 2.853265 -0.731334 1.0000 1.0000 1.0000
v -1.589807 2.825282 -0.759245 1.0000 1.0000 1.0000
v -1.619217 2.824305 -0.732747 1.0000 1.0000 1.0000
v -1.590926 2.845069 -0.751091 1.0000 1.0000 1.0000
v -1.607123 2.840874 -0.748302 1.0000 1.0000 1.0000
v -1.609996 2.824591 -0.752090 1.0000 1.0000 1.0000
v -1.611722 2.844378 -0.732355 1.0000 1.0000 1.0000
v -1.645333 2.433521 0.561660 0.9700 0.9700 0.9700
v -1.647774 2.461504 0.589570 1.0000 1.0000 1.0000
v -1.674253 2.460527 0.560144 1.0000 1.0000 1.0000
v -1.646655 2.441717 0.581417 0.9700 0.9700 0.9700
v -1.662725 2.444783 0.576936 1.0000 1.0000 1.0000
v -1.667105 2.460813 0.580345 1.0000 1.0000 1.0000
v -1.665379 2.441026 0.560609 0.9902 0.9902 0.9902
v -1.659971 2.853265 0.560893 1.0000 1.0000 1.0000
v -1.686939 2.824305 0.559479 1.0000 1.0000 1.0000
v -1.660460 2.825282 0.588905 1.0000 1.0000 1.0000
v -1.679445 2.844378 0.559872 1.0000 1.0000 1.0000
v -1.676538 2.840874 0.576212 1.0000 1.0000 1.0000
v -1.679791 2.824592 0.579680 1.0000 1.0000 1.0000
v -1.660721 2.845069 0.580679 1.0000 1.0000 1.0000
v 0.646458 0.220000 -0.517408 0.6591 0.6591 0.6591
v 0.643531 0.248000 -0.545254 0.8508 0.8508 0.8508
v 0.674304 0.248000 -0.520334 0.8365 0.8365 0.8365
v 0.644388 0.228201 -0.537098 0.8060 0.8060 0.8060
v 0.660845 0.231834 -0.535175 0.8365 0.8365 0.8365
v 0.664079 0.248000 -0.539168 0.8645 0.8645 0.8645
v 0.666148 0.228201 -0.519477 0.7336 0.7336 0.7336
v 0.643531 0.472000 -0.545254 0.9148 0.9148 0.9148
v 0.646458 0.500000 -0.517408 0.9378 0.9378 0.9378
v 0.674304 0.472000 -0.520334 0.8645 0.8645 0.8645
v 0.644388 0.491799 -0.537098 0.9488 0.9488 0.9488
v 0.660845 0.488166 -0.535175 0.9029 0.9029 0.9029
v 0.666148 0.491799 -0.519477 0.9029 0.9029 0.9029
v 0.664079 0.472000 -0.539168 0.9029 0.9029 0.9029
v 0.739906 0.220000 0.371695 0.6181 0.6181 0.6181
v 0.767753 0.248000 0.368768 0.6181 0.6181 0.6181
v 0.742833 0.248000 0.399542 0.6181 0.6181 0.6181
v 0.759597 0.228201 0.369625 0.7336 0.7336 0.7336
v 0.757673 0.231834 0.386082 0.7336 0.7336 0.7336
v 0.761666 0.248000 0.389316 0.6181 0.6181 0.6181
v 0.741976 0.228201 0.391385 0.7721 0.7721 0.7721
v 0.739906 0.500000 0.371695 0.6181 0.6181 0.6181
v 0.742833 0.472000 0.399542 0.6181 0.6181 0.6181
v 0.767753 0.472000 0.368768 0.6181 0.6181 0.6181
v 0.741976 0.491799 0.391385 0.6181 0.6181 0.6181
v 0.757673 0.488166 0.386082 0.6181 0.6181 0.6181
v 0.761666 0.472000 0.389316 0.6181 0.6181 0.6181
v 0.759597 0.491799 0.369625 0.6181 0.6181 0.6181
v -0.739906 0.220000 -0.371695 0.6181 0.6181 0.6181
v -0.767753 0.248000 -0.368768 0.6181 0.6181 0.6181
v -0.742833 0.248000 -0.399542 0.8365 0.8365 0.8365
v -0.759597 0.228201 -0.369625 0.6875 0.6875 0.6875
v -0.757673 0.231834 -0.386082 0.7721 0.7721 0.7721
v -0.761666 0.248000 -0.389316 0.6181 0.6181 0.6181
v -0.741976 0.228201 -0.391385 0.8060 0.8060 0.8060
v -0.739906 0.500000 -0.371695 0.6181 0.6181 0.6181
v -0.742833 0.472000 -0.399542 0.6181 0.6181 0.6181
v -0.767753 0.472000 -0.368768 0.6181 0.6181 0.6181
v -0.741976 0.491799 -0.391385 0.6181 0.6181 0.6181
v -0.757673 0.488166 -0.386082 0.6181 0.6181 0.6181
v -0.761666 0.472000 -0.389316 0.6181 0.6181 0.6181
v -0.759597 0.491799 -0.369625 0.6181 0.6181 0.6181
v -0.646458 0.220000 0.517408 0.6181 0.6181 0.6181
v -0.643531 0.248000 0.545254 0.8365 0.8365 0.8365
v -0.674304 0.248000 0.520334 0.7536 0.7536 0.7536
v -0.644388 0.228201 0.537098 0.7895 0.7895 0.7895
v -0.660845 0.231834 0.535175 0.7895 0.7895 0.7895
v -0.664079 0.248000 0.539168 0.8060 0.8060 0.8060
v -0.666148 0.228201 0.519477 0.7536 0.7536 0.7536
v -0.646458 0.500000 0.517408 0.9595 0.9595 0.9595
v -0.674304 0.472000 0.520334 0.8365 0.8365 0.8365
v -0.643531 0.472000 0.545254 0.9148 0.9148 0.9148
v -0.666148 0.491799 0.519477 0.9029 0.9029 0.9029
v -0.660845 0.488166 0.535175 0.8905 0.8905 0.8905
v -0.664079 0.472000 0.539168 0.8777 0.8777 0.8777
v -0.644388 0.491799 0.537098 0.9148 0.9148 0.9148
v 0.247000 0.000000 -0.247000 0.9700 0.9700 0.9700
v 0.247000 0.028000 -0.275000 0.6591 0.6591 0.6591
v 0.275000 0.028000 -0.247000 0.6591 0.6591 0.6591
v 0.247000 0.008201 -0.266799 0.6591 0.6591 0.6591
v 0.263166 0.011834 -0.263166 0.6875 0.6875 0.6875
v 0.266799 0.028000 -0.266799 0.6875 0.6875 0.6875
v 0.266799 0.008201 -0.247000 0.6591 0.6591 0.6591
v 0.247000 0.272000 -0.275000 0.6181 0.6181 0.6181
v 0.247000 0.300000 -0.247000 0.6181 0.6181 0.6181
v 0.275000 0.272000 -0.247000 0.6181 0.6181 0.6181
v 0.247000 0.291799 -0.266799 0.6181 0.6181 0.6181
v 0.263166 0.288166 -0.263166 0.6181 0.6181 0.6181
v 0.266799 0.291799 -0.247000 0.6181 0.6181 0.6181
v 0.266799 0.272000 -0.266799 0.6181 0.6181 0.6181
v 0.247000 0.000000 0.247000 0.9802 0.9802 0.9802
v 0.275000 0.028000 0.247000 0.6181 0.6181 0.6181
v 0.247000 0.028000 0.275000 0.6181 0.6181 0.6181
v 0.266799 0.008201 0.247000 0.6181 0.6181 0.6181
v 0.263166 0.011834 0.263166 0.6181 0.6181 0.6181
v 0.266799 0.028000 0.266799 0.6181 0.6181 0.6181
v 0.247000 0.008201 0.266799 0.6181 0.6181 0.6181
v 0.247000 0.300000 0.247000 0.6181 0.6181 0.6181
v 0.247000 0.272000 0.275000 0.6181 0.6181 0.6181
v 0.275000 0.272000 0.247000 0.6181 0.6181 0.6181
v 0.247000 0.291799 0.266799 0.6181 0.6181 0.6181
v 0.263166 0.288166 0.263166 0.6181 0.6181 0.6181
v 0.266799 0.272000 0.266799 0.6181 0.6181 0.6181
v 0.266799 0.291799 0.247000 0.6181 0.6181 0.6181
v -0.247000 0.000000 -0.247000 0.9902 0.9902 0.9902
v -0.275000 0.028000 -0.247000 0.6181 0.6181 0.6181
v -0.247000 0.028000 -0.275000 0.6181 0.6181 0.6181
v -0.266799 0.008201 -0.247000 0.6181 0.6181 0.6181
v -0.263166 0.011834 -0.263166 0.6181 0.6181 0.6181
v -0.266799 0.028000 -0.266799 0.6181 0.6181 0.6181
v -0.247000 0.008201 -0.266799 0.6181 0.6181 0.6181
v -0.247000 0.300000 -0.247000 0.6181 0.6181 0.6181
v -0.247000 0.272000 -0.275000 0.6181 0.6181 0.6181
v -0.275000 0.272000 -0.247000 0.6181 0.6181 0.6181
v -0.247000 0.291799 -0.266799 0.6181 0.6181 0.6181
v -0.263166 0.288166 -0.263166 0.6181 0.6181 0.6181
v -0.266799 0.272000 -0.266799 0.6181 0.6181 0.6181
v -0.266799 0.291799 -0.247000 0.6181 0.6181 0.6181
v -0.247000 0.000000 0.247000 0.9802 0.9802 0.9802
v -0.247000 0.028000 0.275000 0.6875 0.6875 0.6875
v -0.275000 0.028000 0.247000 0.6875 0.6875 0.6875
v -0.247000 0.008201 0.266799 0.6875 0.6875 0.6875
v -0.263166 0.011834 0.263166 0.6591 0.6591 0.6591
v -0.266799 0.028000 0.266799 0.6591 0.6591 0.6591
v -0.266799 0.008201 0.247000 0.6591 0.6591 0.6591
v -0.247000 0.300000 0.247000 0.6181 0.6181 0.6181
v -0.275000 0.272000 0.247000 0.6181 0.6181 0.6181
v -0.247000 0.272000 0.275000 0.6181 0.6181 0.6181
v -0.266799 0.291799 0.247000 0.6181 0.6181 0.6181
v -0.263166 0.288166 0.263166 0.6181 0.6181 0.6181
v -0.266799 0.272000 0.266799 0.6181 0.6181 0.6181
v -0.247000 0.291799 0.266799 0.6181 0.6181 0.6181
v 1.597297 -0.013437 -1.351403 1.0000 1.0000 1.0000
v 1.566002 0.011757 -1.350954 0.9700 0.9700 0.9700
v 1.605695 0.014778 -1.378748 1.0000 1.0000 1.0000
v 1.576102 -0.007145 -1.351004 0.9902 0.9902 0.9902
v 1.585728 -0.002967 -1.366787 0.9902 0.9902 0.9902
v 1.582041 0.012805 -1.370339 0.9802 0.9802 0.9802
v 1.604170 -0.005009 -1.370657 1.0000 1.0000 1.0000
v 1.558471 1.038839 -1.292499 1.0000 1.0000 1.0000
v 1.568933 1.011117 -1.322974 0.9902 0.9902 0.9902
v 1.529240 1.008097 -1.295180 0.9902 0.9902 0.9902
v 1.565948 1.030883 -1.312669 1.0000 1.0000 1.0000
v 1.547774 1.025668 -1.309206 1.0000 1.0000 1.0000
v 1.545278 1.009145 -1.314566 0.9902 0.9902 0.9902
v 1.537880 1.028747 -1.293016 1.0000 1.0000 1.0000
v 1.823229 0.006683 -1.370969 1.0000 1.0000 1.0000
v 1.805473 0.032568 -1.396049 1.0000 1.0000 1.0000
v 1.849230 0.036979 -1.375482 1.0000 1.0000 1.0000
v 1.811803 0.013481 -1.388638 1.0000 1.0000 1.0000
v 1.829985 0.018785 -1.387940 1.0000 1.0000 1.0000
v 1.830189 0.034903 -1.391829 1.0000 1.0000 1.0000
v 1.842744 0.016600 -1.374096 1.0000 1.0000 1.0000
v 1.686356 1.050227 -1.303573 1.0000 1.0000 1.0000
v 1.719633 1.025052 -1.311669 1.0000 1.0000 1.0000
v 1.675876 1.020641 -1.332235 1.0000 1.0000 1.0000
v 1.708002 1.043897 -1.307749 1.0000 1.0000 1.0000
v 1.696188 1.038884 -1.322058 1.0000 1.0000 1.0000
v 1.700592 1.022976 -1.328016 1.0000 1.0000 1.0000
v 1.677061 1.040778 -1.322292 1.0000 1.0000 1.0000
v 1.952700 0.022390 -1.184359 1.0000 1.0000 1.0000
v 1.963713 0.050868 -1.210474 1.0000 1.0000 1.0000
v 1.967777 0.052259 -1.162114 1.0000 1.0000 1.0000
v 1.961729 0.031035 -1.202599 1.0000 1.0000 1.0000
v 1.969957 0.035766 -1.186194 1.0000 1.0000 1.0000
v 1.972390 0.052155 -1.186869 1.0000 1.0000 1.0000
v 1.964602 0.032018 -1.168403 1.0000 1.0000 1.0000
v 1.759641 1.059118 -1.197945 1.0000 1.0000 1.0000
v 1.784981 1.033877 -1.174978 0.9902 0.9902 0.9902
v 1.780917 1.032487 -1.223338 1.0000 1.0000 1.0000
v 1.774550 1.052605 -1.181778 1.0000 1.0000 1.0000
v 1.781236 1.049202 -1.199475 1.0000 1.0000 1.0000
v 1.789594 1.033774 -1.199734 1.0000 1.0000 1.0000
v 1.771676 1.051622 -1.215974 1.0000 1.0000 1.0000
v 1.856238 0.017977 -0.978182 1.0000 1.0000 1.0000
v 1.882483 0.048357 -0.979805 1.0000 1.0000 1.0000
v 1.842789 0.045336 -0.952012 0.9595 0.9595 0.9595
v 1.875954 0.027963 -0.978926 1.0000 1.0000 1.0000
v 1.865672 0.030995 -0.963295 1.0000 1.0000 1.0000
v 1.866444 0.047309 -0.960420 1.0000 1.0000 1.0000
v 1.847886 0.025827 -0.959272 0.9902 0.9902 0.9902
v 1.705041 1.056620 -1.081242 1.0000 1.0000 1.0000
v 1.699629 1.028768 -1.049593 0.9595 0.9595 0.9595
v 1.739322 1.031789 -1.077387 0.9802 0.9802 0.9802
v 1.699043 1.048299 -1.060728 0.9802 0.9802 0.9802
v 1.717872 1.046303 -1.064039 0.9700 0.9700 0.9700
v 1.723284 1.030740 -1.058002 0.9595 0.9595 0.9595
v 1.727111 1.050435 -1.080381 1.0000 1.0000 1.0000
v 1.630307 -0.002142 -0.958617 0.9802 0.9802 0.9802
v 1.643012 0.027546 -0.934711 0.6181 0.6181 0.6181
v 1.599255 0.023135 -0.955278 0.6181 0.6181 0.6181
v 1.640253 0.007337 -0.941291 0.6181 0.6181 0.6181
v 1.621415 0.009244 -0.942142 0.6181 0.6181 0.6181
v 1.618296 0.025211 -0.938930 0.6181 0.6181 0.6181
v 1.609312 0.004218 -0.955834 0.7336 0.7336 0.7336
v 1.577155 1.045232 -1.070167 1.0000 1.0000 1.0000
v 1.548929 1.014834 -1.060899 0.9488 0.9488 0.9488
v 1.592686 1.019245 -1.040332 0.9595 0.9595 0.9595
v 1.556988 1.035285 -1.065648 0.9802 0.9802 0.9802
v 1.569458 1.033087 -1.051187 0.9595 0.9595 0.9595
v 1.567971 1.016909 -1.044551 0.9488 0.9488 0.9488
v 1.587930 1.038404 -1.051105 0.9802 0.9802 0.9802
v 1.500836 -0.017849 -1.145227 0.9902 0.9902 0.9902
v 1.484772 0.009246 -1.120285 0.6591 0.6591 0.6591
v 1.480708 0.007856 -1.168646 0.8777 0.8777 0.8777
v 1.490327 -0.010217 -1.127331 0.9595 0.9595 0.9595
v 1.481444 -0.007737 -1.143888 0.9488 0.9488 0.9488
v 1.476095 0.007959 -1.143890 0.6181 0.6181 0.6181
v 1.487454 -0.011200 -1.161527 0.9802 0.9802 0.9802
v 1.503870 1.036341 -1.175795 1.0000 1.0000 1.0000
v 1.483581 1.006008 -1.197589 0.9700 0.9700 0.9700
v 1.487645 1.007399 -1.149229 0.9378 0.9378 0.9378
v 1.490441 1.026577 -1.191619 1.0000 1.0000 1.0000
v 1.484410 1.022769 -1.173770 0.9595 0.9595 0.9595
v 1.478968 1.006112 -1.172834 0.9595 0.9595 0.9595
v 1.493315 1.027560 -1.157423 0.9700 0.9700 0.9700
v -1.790395 0.003949 -0.968894 0.9902 0.9902 0.9902
v -1.780480 0.033536 -0.944005 0.9265 0.9265 0.9265
v -1.820188 0.030352 -0.971808 0.9595 0.9595 0.9595
v -1.783113 0.013362 -0.950365 0.9378 0.9378 0.9378
v -1.801392 0.015937 -0.954563 0.9700 0.9700 0.9700
v -1.804179 0.032032 -0.952425 0.9378 0.9378 0.9378
v -1.811190 0.011111 -0.970025 0.9802 0.9802 0.9802
v -1.772864 0.850746 -1.090914 0.9595 0.9595 0.9595
v -1.803805 0.821641 -1.085829 0.9595 0.9595 0.9595
v -1.764098 0.824825 -1.058026 0.9148 0.9148 0.9148
v -1.793995 0.841650 -1.089702 0.9700 0.9700 0.9700
v -1.784346 0.839273 -1.073202 0.9265 0.9265 0.9265
v -1.787797 0.823321 -1.066446 0.9148 0.9148 0.9148
v -1.765918 0.843902 -1.070041 0.9378 0.9378 0.9378
v -1.886190 -0.010474 -1.174924 1.0000 1.0000 1.0000
v -1.904622 0.017639 -1.153404 0.9902 0.9902 0.9902
v -1.900317 0.015493 -1.201744 1.0000 1.0000 1.0000
v -1.899143 -0.002131 -1.159188 0.9902 0.9902 0.9902
v -1.904845 0.000361 -1.177066 1.0000 1.0000 1.0000
v -1.909132 0.016230 -1.178152 1.0000 1.0000 1.0000
v -1.896099 -0.003649 -1.193369 1.0000 1.0000 1.0000
v -1.827087 0.842582 -1.207534 0.9700 0.9700 0.9700
v -1.845088 0.812631 -1.232216 1.0000 1.0000 1.0000
v -1.849393 0.814777 -1.183877 0.9802 0.9802 0.9802
v -1.838131 0.833029 -1.225353 1.0000 1.0000 1.0000
v -1.847380 0.829783 -1.208773 1.0000 1.0000 1.0000
v -1.853903 0.813368 -1.208625 1.0000 1.0000 1.0000
v -1.841174 0.834547 -1.191172 0.9902 0.9902 0.9902
v -1.755455 -0.013472 -1.361290 1.0000 1.0000 1.0000
v -1.785087 0.012851 -1.366008 1.0000 1.0000 1.0000
v -1.741074 0.013889 -1.386544 0.9902 0.9902 0.9902
v -1.776066 -0.006401 -1.364478 1.0000 1.0000 1.0000
v -1.763657 -0.002877 -1.378333 1.0000 1.0000 1.0000
v -1.765898 0.012946 -1.382336 1.0000 1.0000 1.0000
v -1.744945 -0.005667 -1.379000 1.0000 1.0000 1.0000
v -1.753086 0.840885 -1.313023 0.9802 0.9802 0.9802
v -1.738861 0.812242 -1.341442 0.9902 0.9902 0.9902
v -1.782873 0.811204 -1.320905 1.0000 1.0000 1.0000
v -1.742622 0.832287 -1.331660 1.0000 1.0000 1.0000
v -1.761354 0.827810 -1.331404 1.0000 1.0000 1.0000
v -1.763685 0.811299 -1.337233 1.0000 1.0000 1.0000
v -1.773744 0.831553 -1.317139 1.0000 1.0000 1.0000
v -1.528925 -0.002047 -1.341626 0.9802 0.9802 0.9802
v -1.541410 0.023959 -1.369212 0.9802 0.9802 0.9802
v -1.501702 0.027144 -1.341409 0.9488 0.9488 0.9488
v -1.536960 0.004822 -1.360945 0.9902 0.9902 0.9902
v -1.519015 0.009462 -1.357097 0.9700 0.9700 0.9700
v -1.517711 0.025463 -1.360792 0.9700 0.9700 0.9700
v -1.508883 0.007074 -1.341285 0.9700 0.9700 0.9700
v -1.624863 0.847352 -1.301893 0.9802 0.9802 0.9802
v -1.591351 0.820864 -1.304280 0.9700 0.9700 0.9700
v -1.631059 0.817679 -1.332084 0.9902 0.9902 0.9902
v -1.602978 0.840165 -1.302315 0.9700 0.9700 0.9700
v -1.612295 0.835328 -1.318465 0.9802 0.9802 0.9802
v -1.607360 0.819183 -1.323664 0.9802 0.9802 0.9802
v -1.631056 0.837914 -1.321975 1.0000 1.0000 1.0000
v -1.433131 0.012376 -1.135596 0.6875 0.6875 0.6875
v -1.417269 0.039856 -1.159813 0.6591 0.6591 0.6591
v -1.421573 0.042002 -1.111473 0.6875 0.6875 0.6875
v -1.420931 0.020316 -1.152122 0.6591 0.6591 0.6591
v -1.415561 0.025038 -1.134594 0.6875 0.6875 0.6875
v -1.412758 0.041265 -1.135065 0.6875 0.6875 0.6875
v -1.423974 0.021834 -1.117941 0.6875 0.6875 0.6875
v -1.570639 0.855516 -1.185273 0.9700 0.9700 0.9700
v -1.550068 0.829874 -1.157893 0.8645 0.8645 0.8645
v -1.545764 0.827727 -1.206233 0.9378 0.9378 0.9378
v -1.558843 0.848786 -1.166664 0.9378 0.9378 0.9378
v -1.549260 0.844819 -1.182894 0.9265 0.9265 0.9265
v -1.541253 0.829137 -1.181485 0.9029 0.9029 0.9029
v -1.555799 0.847269 -1.200845 0.9595 0.9595 0.9595
v -1.563866 0.015374 -0.949230 0.6591 0.6591 0.6591
v -1.536804 0.044645 -0.947209 0.6591 0.6591 0.6591
v -1.580816 0.043607 -0.926673 0.6591 0.6591 0.6591
v -1.544007 0.024586 -0.946832 0.6591 0.6591 0.6591
v -1.556749 0.028276 -0.933327 0.6591 0.6591 0.6591
v -1.555992 0.044550 -0.930881 0.6591 0.6591 0.6591
v -1.575128 0.023852 -0.932310 0.6591 0.6591 0.6591
v -1.644640 0.857213 -1.079783 0.9488 0.9488 0.9488
v -1.656295 0.830262 -1.048668 0.9029 0.9029 0.9029
v -1.612283 0.831300 -1.069204 0.8905 0.8905 0.8905
v -1.654351 0.849528 -1.060357 0.9148 0.9148 0.9148
v -1.635286 0.846791 -1.060263 0.9029 0.9029 0.9029
v -1.631472 0.831205 -1.052877 0.8905 0.8905 0.8905
v -1.623230 0.850263 -1.074878 0.9378 0.9378 0.9378
vn 0.1329 -0.9753 -0.1762
vn 0.2861 -0.9039 -0.3181
vn 0.3339 -0.9338 -0.1286
vn 0.1936 -0.1885 -0.9628
vn 0.3295 -0.3416 -0.8802
vn 0.1394 -0.3857 -0.9120
vn 0.9607 -0.2298 -0.1557
vn 0.8776 -0.3711 -0.3035
vn 0.9159 -0.1846 -0.3565
vn 0.2124 0.1697 -0.9623
vn 0.3635 0.3076 -0.8794
vn 0.4082 0.1168 -0.9054
vn 0.2341 0.9566 -0.1737
vn 0.3790 0.8698 -0.3158
vn 0.1939 0.9068 -0.3744
vn 0.9795 0.1285 -0.1552
vn 0.9116 0.2781 -0.3026
vn 0.9369 0.3307 -0.1137
vn 0.1240 -0.9753 0.1825
vn 0.2700 -0.9039 0.3318
vn 0.0794 -0.9211 0.3812
vn 0.9518 -0.2298 0.2030
vn 0.8615 -0.3711 0.3465
vn 0.8904 -0.4265 0.1589
vn 0.1458 -0.1885 0.9712
vn 0.2856 -0.3416 0.8954
vn 0.3487 -0.1565 0.9241
vn 0.2253 0.9566 0.1850
vn 0.3629 0.8698 0.3341
vn 0.4229 0.8941 0.1474
vn 0.1646 0.1697 0.9717
vn 0.3196 0.3076 0.8962
vn 0.1338 0.3714 0.9188
vn 0.9706 0.1285 0.2034
vn 0.8956 0.2781 0.3473
vn 0.9114 0.0888 0.4017
vn -0.2253 -0.9566 -0.1850
vn -0.3629 -0.8698 -0.3341
vn -0.1751 -0.9068 -0.3835
vn -0.9706 -0.1285 -0.2034
vn -0.8956 -0.2781 -0.3473
vn -0.9301 -0.3307 -0.1599
vn -0.1646 -0.1697 -0.9717
vn -0.3196 -0.3076 -0.8962
vn -0.3630 -0.1168 -0.9244
vn -0.1240 0.9753 -0.1825
vn -0.2700 0.9039 -0.3318
vn -0.3272 0.9338 -0.1450
vn -0.1458 0.1885 -0.9712
vn -0.2856 0.3416 -0.8954
vn -0.0942 0.3857 -0.9178
vn -0.9518 0.2298 -0.2030
vn -0.8615 0.3711 -0.3465
vn -0.8971 0.1846 -0.4014
vn -0.2341 -0.9566 0.1736
vn -0.3790 -0.8698 0.3158
vn -0.4297 -0.8941 0.1263
vn -0.2124 -0.1697 0.9623
vn -0.3635 -0.3076 0.8794
vn -0.1791 -0.3714 0.9110
vn -0.9795 -0.1285 0.1552
vn -0.9116 -0.2781 0.3026
vn -0.9302 -0.0888 0.3562
vn -0.1329 0.9753 0.1762
vn -0.2861 0.9039 0.3181
vn -0.0981 0.9211 0.3768
vn -0.9607 0.2298 0.1557
vn -0.8776 0.3711 0.3035
vn -0.8972 0.4265 0.1147
vn -0.1936 0.1885 0.9628
vn -0.3295 0.3416 0.8802
vn -0.3939 0.1565 0.9057
vn 0.2406 -0.9566 -0.1646
vn 0.3908 -0.8698 -0.3010
vn 0.4342 -0.8941 -0.1097
vn 0.2491 -0.1697 -0.9535
vn 0.3969 -0.3076 -0.8648
vn 0.2138 -0.3714 -0.9035
vn 0.9847 -0.1285 -0.1176
vn 0.9225 -0.2781 -0.2675
vn 0.9431 -0.0888 -0.3203
vn 0.2303 0.1885 -0.9547
vn 0.3629 0.3416 -0.8669
vn 0.4283 0.1565 -0.8900
vn 0.1396 0.9753 -0.1709
vn 0.2981 0.9039 -0.3069
vn 0.1125 0.9211 -0.3727
vn 0.9660 0.2298 -0.1188
vn 0.8886 0.3711 -0.2696
vn 0.9009 0.4265 -0.0803
vn 0.2180 -0.9566 0.1935
vn 0.3499 -0.8698 0.3478
vn 0.1603 -0.9068 0.3900
vn 0.9621 -0.1285 0.2405
vn 0.8816 -0.2781 0.3813
vn 0.9233 -0.3307 0.1954
vn 0.1272 -0.1697 0.9772
vn 0.2850 -0.3076 0.9078
vn 0.3273 -0.1168 0.9377
vn 0.1170 0.9753 0.1871
vn 0.2571 0.9039 0.3419
vn 0.3214 0.9338 0.1574
vn 0.1085 0.1885 0.9761
vn 0.2511 0.3416 0.9057
vn 0.0590 0.3857 0.9207
vn 0.9434 0.2298 0.2393
vn 0.8476 0.3711 0.3792
vn 0.8811 0.1846 0.4354
vn -0.1170 -0.9753 -0.1871
vn -0.2571 -0.9039 -0.3419
vn -0.0647 -0.9211 -0.3839
vn -0.9434 -0.2298 -0.2393
vn -0.8476 -0.3711 -0.3792
vn -0.8837 -0.4265 -0.1929
vn -0.1085 -0.1885 -0.9761
vn -0.2511 -0.3416 -0.9057
vn -0.3130 -0.1565 -0.9368
vn -0.2180 0.9566 -0.1935
vn -0.3499 0.8698 -0.3478
vn -0.4170 0.8941 -0.1634
vn -0.1272 0.1697 -0.9772
vn -0.2850 0.3076 -0.9078
vn -0.0986 0.3714 -0.9232
vn -0.9621 0.1285 -0.2405
vn -0.8816 0.2781 -0.3813
vn -0.8954 0.0888 -0.4363
vn -0.1396 -0.9753 0.1709
vn -0.2981 -0.9039 0.3069
vn -0.3386 -0.9338 0.1158
vn -0.2303 -0.1885 0.9547
vn -0.3629 -0.3416 0.8669
vn -0.1742 -0.3857 0.9060
vn -0.9660 -0.2298 0.1188
vn -0.8886 -0.3711 0.2696
vn -0.9288 -0.1846 0.3212
vn -0.2406 0.9566 0.1646
vn -0.3908 0.8698 0.3011
vn -0.2081 0.9068 0.3667
vn -0.9847 0.1285 0.1176
vn -0.9225 0.2781 0.2675
vn -0.9405 0.3307 0.0778
vn -0.2491 0.1697 0.9535
vn -0.3969 0.3076 0.8648
vn -0.4426 0.1168 0.8891
vn 0.2221 -0.9604 -0.1680
vn 0.3724 -0.8762 -0.3060
vn 0.4174 -0.9014 -0.1152
vn 0.2359 -0.1730 -0.9563
vn 0.3822 -0.3135 -0.8693
vn 0.1977 -0.3741 -0.9061
vn 0.9810 -0.1455 -0.1282
vn 0.9147 -0.2939 -0.2776
vn 0.9380 -0.1048 -0.3304
vn 0.2234 0.1855 -0.9569
vn 0.3596 0.3362 -0.8705
vn 0.4215 0.1500 -0.8944
vn 0.1547 0.9730 -0.1715
vn 0.3105 0.8989 -0.3092
vn 0.1245 0.9194 -0.3731
vn 0.9685 0.2130 -0.1289
vn 0.8920 0.3558 -0.2788
vn 0.9073 0.4108 -0.0895
vn 0.2033 -0.9604 0.1903
vn 0.3383 -0.8762 0.3432
vn 0.1486 -0.9098 0.3874
vn 0.9622 -0.1455 0.2301
vn 0.8806 -0.2939 0.3717
vn 0.9194 -0.3469 0.1852
vn 0.1347 -0.1730 0.9757
vn 0.2893 -0.3135 0.9044
vn 0.3352 -0.1235 0.9340
vn 0.1359 0.9730 0.1868
vn 0.2764 0.8989 0.3400
vn 0.3393 0.9279 0.1548
vn 0.1221 0.1855 0.9750
vn 0.2666 0.3362 0.9033
vn 0.0755 0.3836 0.9204
vn 0.9497 0.2130 0.2294
vn 0.8580 0.3558 0.3705
vn 0.8888 0.1687 0.4262
vn -0.1359 -0.9730 -0.1867
vn -0.2764 -0.8989 -0.3400
vn -0.0848 -0.9194 -0.3840
vn -0.9497 -0.2130 -0.2294
vn -0.8580 -0.3558 -0.3705
vn -0.8930 -0.4108 -0.1838
vn -0.1221 -0.1855 -0.9750
vn -0.2666 -0.3362 -0.9033
vn -0.3257 -0.1500 -0.9335
vn -0.2034 0.9604 -0.1903
vn -0.3384 0.8762 -0.3433
vn -0.4031 0.9014 -0.1582
vn -0.1347 0.1730 -0.9757
vn -0.2893 0.3135 -0.9044
vn -0.1019 0.3741 -0.9218
vn -0.9622 0.1455 -0.2301
vn -0.8806 0.2939 -0.3717
vn -0.8983 0.1048 -0.4267
vn -0.1547 -0.9730 0.1715
vn -0.3105 -0.8989 0.3092
vn -0.3536 -0.9279 0.1185
vn -0.2234 -0.1855 0.9569
vn -0.3596 -0.3362 0.8705
vn -0.1713 -0.3836 0.9075
vn -0.9685 -0.2130 0.1289
vn -0.8920 -0.3558 0.2788
vn -0.9284 -0.1687 0.3309
vn -0.2221 0.9604 0.1680
vn -0.3724 0.8762 0.3060
vn -0.1883 0.9099 0.3697
vn -0.9810 0.1455 0.1282
vn -0.9147 0.2939 0.2776
vn -0.9338 0.3469 0.0881
vn -0.2359 0.1730 0.9563
vn -0.3822 0.3135 0.8693
vn -0.4310 0.1235 0.8939
vn 0.1596 -0.9673 -0.1971
vn 0.2893 -0.8881 -0.3573
vn 0.3627 -0.9152 -0.1757
vn 0.0773 -0.1794 -0.9807
vn 0.2304 -0.3251 -0.9172
vn 0.0404 -0.3791 -0.9245
vn 0.9432 -0.1794 -0.2795
vn 0.8492 -0.3251 -0.4161
vn 0.8705 -0.1369 -0.4727
vn 0.0773 0.1794 -0.9807
vn 0.2304 0.3251 -0.9172
vn 0.2813 0.1369 -0.9498
vn 0.1596 0.9673 -0.1971
vn 0.2893 0.8881 -0.3573
vn 0.0965 0.9152 -0.3913
vn 0.9432 0.1794 -0.2795
vn 0.8492 0.3251 -0.4161
vn 0.8959 0.3791 -0.2318
vn 0.1971 -0.9673 0.1596
vn 0.3573 -0.8881 0.2893
vn 0.1757 -0.9152 0.3627
vn 0.9807 -0.1794 0.0773
vn 0.9172 -0.3251 0.2304
vn 0.9245 -0.3791 0.0404
vn 0.2795 -0.1794 0.9432
vn 0.4161 -0.3251 0.8492
vn 0.4727 -0.1369 0.8705
vn 0.1971 0.9673 0.1596
vn 0.3573 0.8881 0.2893
vn 0.3913 0.9152 0.0965
vn 0.2795 0.1794 0.9432
vn 0.4161 0.3251 0.8492
vn 0.2318 0.3791 0.8959
vn 0.9807 0.1794 0.0773
vn 0.9172 0.3251 0.2304
vn 0.9498 0.1369 0.2813
vn -0.1971 -0.9673 -0.1596
vn -0.3573 -0.8881 -0.2893
vn -0.1757 -0.9152 -0.3627
vn -0.9807 -0.1794 -0.0773
vn -0.9172 -0.3251 -0.2304
vn -0.9245 -0.3791 -0.0404
vn -0.2795 -0.1794 -0.9432
vn -0.4161 -0.3251 -0.8492
vn -0.4727 -0.1369 -0.8705
vn -0.1971 0.9673 -0.1596
vn -0.3573 0.8881 -0.2893
vn -0.3913 0.9152 -0.0965
vn -0.2795 0.1794 -0.9432
vn -0.4161 0.3251 -0.8492
vn -0.2318 0.3791 -0.8959
vn -0.9807 0.1794 -0.0773
vn -0.9172 0.3251 -0.2304
vn -0.9498 0.1369 -0.2813
vn -0.1596 -0.9673 0.1971
vn -0.2893 -0.8881 0.3573
vn -0.3627 -0.9152 0.1757
vn -0.0773 -0.1794 0.9807
vn -0.2304 -0.3251 0.9172
vn -0.0404 -0.3791 0.9245
vn -0.9432 -0.1794 0.2795
vn -0.8492 -0.3251 0.4161
vn -0.8705 -0.1369 0.4727
vn -0.1596 0.9673 0.1971
vn -0.2893 0.8881 0.3573
vn -0.0965 0.9152 0.3913
vn -0.9432 0.1794 0.2795
vn -0.8492 0.3251 0.4161
vn -0.8959 0.3791 0.2318
vn -0.0773 0.1794 0.9807
vn -0.2304 0.3251 0.9172
vn -0.2813 0.1369 0.9498
vn 0.1794 -0.9673 -0.1794
vn 0.3251 -0.8881 -0.3251
vn 0.3791 -0.9152 -0.1369
vn 0.1794 -0.1794 -0.9673
vn 0.3251 -0.3251 -0.8881
vn 0.1369 -0.3791 -0.9152
vn 0.9673 -0.1794 -0.1794
vn 0.8881 -0.3251 -0.3251
vn 0.9152 -0.1369 -0.3791
vn 0.1794 0.1794 -0.9673
vn 0.3251 0.3251 -0.8881
vn 0.3791 0.1369 -0.9152
vn 0.1794 0.9673 -0.1794
vn 0.3251 0.8881 -0.3251
vn 0.1369 0.9152 -0.3791
vn 0.9673 0.1794 -0.1794
vn 0.8881 0.3251 -0.3251
vn 0.9152 0.3791 -0.1369
vn 0.1794 -0.9673 0.1794
vn 0.3251 -0.8881 0.3251
vn 0.1369 -0.9152 0.3791
vn 0.9673 -0.1794 0.1794
vn 0.8881 -0.3251 0.3251
vn 0.9152 -0.3791 0.1369
vn 0.1794 -0.1794 0.9673
vn 0.3251 -0.3251 0.8881
vn 0.3791 -0.1369 0.9152
vn 0.1794 0.9673 0.1794
vn 0.3251 0.8881 0.3251
vn 0.3791 0.9152 0.1369
vn 0.1794 0.1794 0.9673
vn 0.3251 0.3251 0.8881
vn 0.1369 0.3791 0.9152
vn 0.9673 0.1794 0.1794
vn 0.8881 0.3251 0.3251
vn 0.9152 0.1369 0.3791
vn -0.1794 -0.9673 -0.1794
vn -0.3251 -0.8881 -0.3251
vn -0.1369 -0.9152 -0.3791
vn -0.9673 -0.1794 -0.1794
vn -0.8881 -0.3251 -0.3251
vn -0.9152 -0.3791 -0.1369
vn -0.1794 -0.1794 -0.9673
vn -0.3251 -0.3251 -0.8881
vn -0.3791 -0.1369 -0.9152
vn -0.1794 0.9673 -0.1794
vn -0.3251 0.8881 -0.3251
vn -0.3791 0.9152 -0.1369
vn -0.1794 0.1794 -0.9673
vn -0.3251 0.3251 -0.8881
vn -0.1369 0.3791 -0.9152
vn -0.9673 0.1794 -0.1794
vn -0.8881 0.3251 -0.3251
vn -0.9152 0.1369 -0.3791
vn -0.1794 -0.9673 0.1794
vn -0.3251 -0.8881 0.3251
vn -0.3791 -0.9152 0.1369
vn -0.1794 -0.1794 0.9673
vn -0.3251 -0.3251 0.8881
vn -0.1369 -0.3791 0.9152
vn -0.9673 -0.1794 0.1794
vn -0.8881 -0.3251 0.3251
vn -0.9152 -0.1369 0.3791
vn -0.1794 0.9673 0.1794
vn -0.3251 0.8881 0.3251
vn -0.1369 0.9152 0.3791
vn -0.9673 0.1794 0.1794
vn -0.8881 0.3251 0.3251
vn -0.9152 0.3791 0.1369
vn -0.1794 0.1794 0.9673
vn -0.3251 0.3251 0.8881
vn -0.3791 0.1369 0.9152
vn -0.0820 -0.9714 -0.2227
vn -0.2299 -0.8762 -0.4235
vn -0.0375 -0.9105 -0.4119
vn -0.8311 -0.2040 -0.5173
vn -0.5214 -0.3420 -0.7818
vn -0.7746 -0.4126 -0.4793
vn -0.1835 -0.1547 -0.9708
vn -0.5609 -0.1390 -0.8161
vn -0.2418 0.9394 -0.2432
vn -0.3603 0.8308 -0.4243
vn -0.4189 0.8683 -0.2658
vn -0.2129 0.2317 -0.9492
vn -0.5521 0.3671 -0.7486
vn -0.2022 0.4286 -0.8806
vn -0.8404 0.1840 -0.5098
vn -0.5737 0.1739 -0.8004
vn 0.2119 -0.9452 -0.2482
vn 0.3043 -0.8287 -0.4698
vn 0.3935 -0.8689 -0.3002
vn 0.0395 -0.1349 -0.9901
vn 0.4322 -0.2571 -0.8644
vn 0.0485 -0.3475 -0.9364
vn 0.7534 -0.0629 -0.6545
vn 0.4290 -0.0508 -0.9019
vn 0.0282 0.9634 -0.2665
vn 0.1313 0.8745 -0.4668
vn -0.0372 0.8994 -0.4356
vn 0.6956 0.3208 -0.6429
vn 0.3433 0.4468 -0.8262
vn 0.6295 0.5104 -0.5859
vn 0.0039 0.2510 -0.9680
vn 0.3892 0.2596 -0.8838
vn 0.3804 -0.9248 -0.0054
vn 0.6105 -0.7915 -0.0285
vn 0.5119 -0.8491 0.1305
vn 0.8812 -0.0474 -0.4703
vn 0.9786 -0.1908 -0.0768
vn 0.8530 -0.2641 -0.4501
vn 0.9475 -0.0247 0.3187
vn 0.9963 0.0180 -0.0842
vn 0.1828 0.9822 -0.0436
vn 0.4130 0.9087 -0.0608
vn 0.2995 0.9352 -0.1889
vn 0.8841 0.3578 0.3007
vn 0.8564 0.5090 -0.0866
vn 0.7897 0.5433 0.2849
vn 0.8198 0.3358 -0.4638
vn 0.9410 0.3266 -0.0885
vn 0.2549 -0.9306 0.2629
vn 0.3824 -0.8020 0.4589
vn 0.1994 -0.8707 0.4495
vn 0.8523 -0.0291 0.5222
vn 0.5715 -0.2094 0.7934
vn 0.8344 -0.2458 0.4933
vn 0.2047 -0.0783 0.9757
vn 0.5736 -0.0013 0.8191
vn 0.0676 0.9769 0.2027
vn 0.2031 0.8991 0.3877
vn 0.2545 0.9399 0.2276
vn 0.1640 0.3058 0.9378
vn 0.4741 0.4916 0.7305
vn 0.1183 0.4945 0.8611
vn 0.7915 0.3536 0.4985
vn 0.5299 0.3078 0.7902
vn -0.0391 -0.9567 0.2883
vn -0.1518 -0.8495 0.5052
vn -0.2316 -0.9123 0.3378
vn -0.0183 -0.0982 0.9950
vn -0.3821 -0.2943 0.8760
vn 0.0113 -0.3110 0.9503
vn -0.7322 -0.1702 0.6594
vn -0.4163 -0.0895 0.9048
vn -0.2023 0.9529 0.2261
vn -0.2885 0.8553 0.4303
vn -0.1272 0.9088 0.3974
vn -0.7444 0.2168 0.6315
vn -0.4213 0.4118 0.8080
vn -0.7134 0.4127 0.5664
vn -0.0527 0.2865 0.9566
vn -0.4330 0.2220 0.8736
vn -0.2075 -0.9772 0.0455
vn -0.4580 -0.8867 0.0640
vn -0.3500 -0.9321 -0.0929
vn -0.8600 -0.1857 0.4752
vn -0.9285 -0.3606 0.0884
vn -0.7932 -0.3944 0.4640
vn -0.9263 -0.2084 -0.3138
vn -0.9835 -0.1583 0.0872
vn -0.3570 0.9341 0.0031
vn -0.5702 0.8212 0.0243
vn -0.4639 0.8730 0.1507
vn -0.9329 0.1798 -0.3120
vn -0.9344 0.3496 0.0685
vn -0.8736 0.3797 -0.3044
vn -0.8687 0.2017 0.4525
vn -0.9848 0.1551 0.0783
vn -0.1276 -0.9482 0.2909
vn -0.2731 -0.8306 0.4852
vn -0.3249 -0.8953 0.3048
vn -0.5697 -0.0554 0.8200
vn -0.1876 -0.2545 0.9487
vn -0.2013 -0.0659 0.9773
vn -0.7973 -0.3034 0.5218
vn -0.8397 -0.1171 0.5303
vn -0.1989 0.9645 0.1736
vn -0.3216 0.8762 0.3590
vn -0.1573 0.9217 0.3546
vn -0.8297 0.2731 0.4868
vn -0.5341 0.4584 0.7103
vn -0.7780 0.4635 0.4242
vn -0.2057 0.3232 0.9237
vn -0.5664 0.2732 0.7775
vn -0.2534 -0.9671 0.0204
vn -0.5017 -0.8650 -0.0063
vn -0.3677 -0.9190 -0.1425
vn -0.9895 -0.1186 -0.0828
vn -0.8962 -0.3183 0.3092
vn -0.9400 -0.1322 0.3146
vn -0.8301 -0.3512 -0.4331
vn -0.8708 -0.1667 -0.4626
vn -0.3121 0.9475 -0.0699
vn -0.5279 0.8451 -0.0845
vn -0.4447 0.8939 0.0562
vn -0.8536 0.2256 -0.4696
vn -0.9104 0.4017 -0.0989
vn -0.7860 0.4206 -0.4532
vn -0.9212 0.2593 0.2901
vn -0.9725 0.2121 -0.0960
vn -0.0818 -0.9711 -0.2243
vn -0.1898 -0.8722 -0.4509
vn -0.0016 -0.9147 -0.4041
vn -0.4166 -0.1318 -0.8995
vn -0.6952 -0.3543 -0.6255
vn -0.7339 -0.1698 -0.6577
vn -0.0193 -0.3384 -0.9408
vn -0.0263 -0.1531 -0.9879
vn -0.1576 0.9439 -0.2901
vn -0.2464 0.8387 -0.4857
vn -0.3293 0.8799 -0.3424
vn -0.0371 0.2391 -0.9703
vn -0.3969 0.3900 -0.8309
vn -0.0300 0.4338 -0.9005
vn -0.7287 0.2227 -0.6476
vn -0.4182 0.1994 -0.8862
vn 0.2157 -0.9561 -0.1985
vn 0.3506 -0.8449 -0.4039
vn 0.4073 -0.8868 -0.2183
vn 0.5760 -0.0817 -0.8133
vn 0.2144 -0.3266 -0.9205
vn 0.2109 -0.1412 -0.9673
vn 0.8242 -0.2777 -0.4936
vn 0.8492 -0.0900 -0.5203
vn 0.1101 0.9574 -0.2669
vn 0.2412 0.8633 -0.4434
vn 0.0734 0.8937 -0.4427
vn 0.8032 0.3000 -0.5146
vn 0.4928 0.4348 -0.7537
vn 0.7339 0.4900 -0.4704
vn 0.1792 0.2500 -0.9515
vn 0.5423 0.2478 -0.8028
vn 0.3415 -0.9371 0.0720
vn 0.5791 -0.8105 0.0876
vn 0.4501 -0.8631 0.2290
vn 0.9958 -0.0185 0.0895
vn 0.9230 -0.2628 -0.2810
vn 0.9496 -0.0749 -0.3045
vn 0.8569 -0.2298 0.4613
vn 0.8803 -0.0404 0.4726
vn 0.2233 0.9745 -0.0234
vn 0.4475 0.8943 0.0001
vn 0.3607 0.9214 -0.1442
vn 0.8271 0.3475 0.4418
vn 0.8691 0.4915 0.0556
vn 0.7419 0.5329 0.4069
vn 0.8947 0.3138 -0.3179
vn 0.9484 0.3090 0.0707
vn 0.1698 -0.9332 0.3167
vn 0.2673 -0.8034 0.5321
vn 0.0840 -0.8674 0.4905
vn 0.4229 -0.0054 0.9061
vn 0.7220 -0.2268 0.6537
vn 0.7435 -0.0372 0.6677
vn 0.0462 -0.2427 0.9690
vn 0.0359 -0.0539 0.9979
vn 0.0688 0.9780 0.1969
vn 0.1660 0.9008 0.4013
vn 0.2454 0.9354 0.2544
vn 0.0106 0.3341 0.9425
vn 0.3556 0.5033 0.7876
vn -0.0140 0.5197 0.8542
vn 0.7022 0.3504 0.6198
vn 0.3941 0.3217 0.8609
vn -0.0000 0.0410 0.9992
vn -0.4924 -0.1741 0.8528
vn -0.0000 -0.1741 0.9847
vn -0.1983 -0.9180 0.3435
vn -0.0000 -0.9721 0.2344
vn -0.0000 -0.9180 0.3966
vn -0.4553 0.4135 0.7885
vn -0.0000 0.5782 0.8159
vn -0.4080 0.5782 0.7066
vn -0.1657 0.9435 0.2871
vn -0.0000 0.9808 0.1951
vn -0.0975 0.9808 0.1689
vn -0.8653 0.0410 0.4996
vn -0.4996 0.0410 0.8653
vn -0.3435 -0.9180 0.1983
vn -0.1172 -0.9721 0.2030
vn -0.7066 0.5782 0.4079
vn -0.7885 0.4135 0.4553
vn -0.1689 0.9808 0.0975
vn -0.2871 0.9435 0.1657
vn -0.9992 0.0410 -0.0000
vn -0.8528 -0.1741 0.4924
vn -0.2344 -0.9721 -0.0000
vn -0.2030 -0.9721 0.1172
vn -0.8159 0.5782 -0.0000
vn -0.9105 0.4135 -0.0000
vn -0.1951 0.9808 -0.0000
vn -0.3315 0.9435 -0.0000
vn -0.8528 -0.1741 -0.4924
vn -0.9847 -0.1741 -0.0000
vn -0.3435 -0.9180 -0.1983
vn -0.3966 -0.9180 -0.0000
vn -0.7885 0.4135 -0.4553
vn -0.7066 0.5782 -0.4079
vn -0.2871 0.9435 -0.1657
vn -0.1689 0.9808 -0.0975
vn -0.4996 0.0410 -0.8653
vn -0.8653 0.0410 -0.4996
vn -0.1983 -0.9180 -0.3435
vn -0.2030 -0.9721 -0.1172
vn -0.4080 0.5782 -0.7066
vn -0.4553 0.4135 -0.7885
vn -0.0975 0.9808 -0.1689
vn -0.1657 0.9435 -0.2871
vn -0.0000 0.0410 -0.9992
vn -0.4924 -0.1741 -0.8528
vn -0.0000 -0.9721 -0.2344
vn -0.1172 -0.9721 -0.2030
vn -0.0000 0.5782 -0.8159
vn -0.0000 0.4135 -0.9105
vn -0.0000 0.9808 -0.1951
vn -0.0000 0.9435 -0.3315
vn 0.4924 -0.1741 -0.8528
vn -0.0000 -0.1741 -0.9847
vn 0.1983 -0.9180 -0.3435
vn -0.0000 -0.9180 -0.3966
vn 0.4553 0.4135 -0.7885
vn 0.4080 0.5782 -0.7066
vn 0.1657 0.9435 -0.2871
vn 0.0975 0.9808 -0.1689
vn 0.8653 0.0410 -0.4996
vn 0.4996 0.0410 -0.8653
vn 0.3435 -0.9180 -0.1983
vn 0.1172 -0.9721 -0.2030
vn 0.7066 0.5782 -0.4079
vn 0.7885 0.4135 -0.4553
vn 0.1689 0.9808 -0.0975
vn 0.2871 0.9435 -0.1657
vn 0.9992 0.0410 -0.0000
vn 0.8528 -0.1741 -0.4924
vn 0.2344 -0.9721 -0.0000
vn 0.2030 -0.9721 -0.1172
vn 0.8159 0.5782 -0.0000
vn 0.9105 0.4135 -0.0000
vn 0.1951 0.9808 -0.0000
vn 0.3315 0.9435 -0.0000
vn 0.8528 -0.1741 0.4924
vn 0.9847 -0.1741 -0.0000
vn 0.3435 -0.9180 0.1983
vn 0.3966 -0.9180 -0.0000
vn 0.7885 0.4135 0.4553
vn 0.7066 0.5782 0.4079
vn 0.2871 0.9435 0.1657
vn 0.1689 0.9808 0.0975
vn 0.4996 0.0410 0.8653
vn 0.8653 0.0410 0.4996
vn 0.1983 -0.9180 0.3435
vn 0.2030 -0.9721 0.1172
vn 0.4080 0.5782 0.7066
vn 0.4553 0.4135 0.7885
vn 0.0975 0.9808 0.1689
vn 0.1657 0.9435 0.2871
vn 0.4924 -0.1741 0.8528
vn 0.1172 -0.9721 0.2030
vn -0.0000 0.4135 0.9105
vn -0.0000 0.9435 0.3315
vn 0.3272 -0.9338 0.1450
vn 0.3939 -0.1565 -0.9057
vn 0.9302 0.0888 -0.3562
vn 0.4297 0.8941 -0.1263
vn 0.9301 0.3307 0.1599
vn 0.3630 0.1168 0.9244
vn 0.8971 -0.1846 0.4014
vn -0.1939 -0.9068 0.3744
vn 0.0942 -0.3857 0.9178
vn 0.1751 0.9068 0.3835
vn -0.1394 0.3857 0.9120
vn -0.9159 0.1846 0.3566
vn -0.4082 -0.1168 0.9054
vn -0.4229 -0.8941 -0.1474
vn -0.3340 0.9338 0.1286
vn -0.8904 0.4265 -0.1589
vn -0.3487 0.1565 -0.9241
vn -0.9114 -0.0888 -0.4017
vn 0.0981 -0.9211 -0.3768
vn -0.1338 -0.3714 -0.9188
vn -0.0794 0.9211 -0.3812
vn 0.1791 0.3714 -0.9110
vn 0.4170 -0.8941 0.1634
vn 0.4426 -0.1168 -0.8891
vn 0.9288 0.1846 -0.3212
vn 0.3386 0.9338 -0.1158
vn 0.8837 0.4265 0.1929
vn 0.3130 0.1565 0.9368
vn 0.8954 -0.0888 0.4363
vn -0.1125 -0.9211 0.3727
vn 0.0986 -0.3714 0.9232
vn 0.0647 0.9211 0.3839
vn -0.2138 0.3714 0.9035
vn -0.9431 0.0888 0.3203
vn -0.4283 -0.1565 0.8900
vn -0.3214 -0.9338 -0.1574
vn -0.9009 -0.4265 0.0803
vn -0.4342 0.8941 0.1097
vn -0.9233 0.3307 -0.1954
vn -0.3273 0.1168 -0.9377
vn -0.8811 -0.1846 -0.4354
vn 0.2081 -0.9068 -0.3667
vn -0.0590 -0.3857 -0.9207
vn -0.1603 0.9068 -0.3900
vn 0.4031 -0.9014 0.1582
vn 0.4310 -0.1235 -0.8938
vn 0.9284 0.1687 -0.3309
vn 0.3536 0.9279 -0.1185
vn 0.8930 0.4108 0.1838
vn 0.3257 0.1500 0.9335
vn -0.1245 -0.9194 0.3731
vn 0.1019 -0.3741 0.9218
vn 0.0848 0.9194 0.3840
vn -0.1977 0.3741 0.9061
vn -0.9380 0.1048 0.3304
vn -0.4215 -0.1500 0.8944
vn -0.3393 -0.9279 -0.1548
vn -0.4174 0.9014 0.1152
vn -0.3352 0.1235 -0.9340
vn -0.8888 -0.1687 -0.4262
vn 0.1883 -0.9098 -0.3697
vn -0.1486 0.9098 -0.3874
vn 0.1713 0.3836 -0.9075
vn 0.3913 -0.9152 0.0965
vn 0.8959 -0.3791 -0.2318
vn 0.2813 -0.1369 -0.9498
vn 0.8705 0.1369 -0.4727
vn 0.3627 0.9152 -0.1757
vn 0.9245 0.3791 0.0404
vn 0.4727 0.1369 0.8705
vn -0.0965 -0.9152 0.3913
vn 0.2318 -0.3791 0.8959
vn 0.1757 0.9152 0.3627
vn -0.0404 0.3791 0.9245
vn -0.8705 0.1369 0.4727
vn -0.2813 -0.1369 0.9498
vn -0.3913 -0.9152 -0.0965
vn -0.8959 -0.3791 0.2318
vn -0.3627 0.9152 0.1757
vn -0.9245 0.3791 -0.0404
vn -0.4727 0.1369 -0.8705
vn 0.0965 -0.9152 -0.3913
vn -0.2318 -0.3791 -0.8959
vn -0.1757 0.9152 -0.3627
vn 0.0404 0.3791 -0.9245
vn 0.3791 -0.9152 0.1369
vn 0.9152 -0.3791 -0.1369
vn 0.3791 -0.1369 -0.9152
vn 0.9152 0.1369 -0.3791
vn 0.3791 0.9152 -0.1369
vn 0.9152 0.3791 0.1369
vn 0.3791 0.1369 0.9152
vn 0.9152 -0.1369 0.3791
vn -0.1369 -0.9152 0.3791
vn 0.1369 -0.3791 0.9152
vn 0.1369 0.9152 0.3791
vn -0.1369 0.3791 0.9152
vn -0.9152 0.1369 0.3791
vn -0.3791 -0.1369 0.9152
vn -0.3791 -0.9152 -0.1369
vn -0.9152 -0.3791 0.1369
vn -0.3791 0.9152 0.1369
vn -0.9152 0.3791 -0.1369
vn -0.3791 0.1369 -0.9152
vn -0.9152 -0.1369 -0.3791
vn 0.1369 -0.9152 -0.3791
vn -0.1369 -0.3791 -0.9152
vn -0.1369 0.9152 -0.3791
vn 0.1369 0.3791 -0.9152
vn -0.1458 -0.3648 -0.9196
vn -0.0293 0.4439 -0.8956
vn 0.7417 -0.2776 -0.6107
vn 0.4870 -0.8576 -0.1654
vn 0.7285 0.5224 -0.4432
vn 0.9174 -0.2420 0.3159
vn 0.4422 -0.8523 0.2795
vn 0.7159 0.5399 0.4426
vn 0.3224 0.9430 0.0826
vn 0.2057 -0.2937 0.9335
vn 0.0361 -0.8853 0.4636
vn -0.0545 0.4791 0.8761
vn -0.6818 -0.3809 0.6246
vn -0.8124 0.4006 0.4237
vn -0.8576 -0.4164 -0.3020
vn -0.7998 0.3831 -0.4621
vn -0.3942 -0.9057 0.1557
vn -0.8502 0.4526 0.2687
vn -0.3777 0.9040 0.2003
vn -0.6873 0.4183 -0.5938
vn -0.4208 0.8820 -0.2121
vn 0.1409 0.4424 -0.8857
vn -0.0851 0.8857 -0.4564
vn 0.4766 -0.8764 -0.0692
vn 0.8062 0.5009 -0.3150
vn 0.6432 0.5352 0.5475
vn -0.1850 0.5111 0.8394
vn 0.8972 -0.4265 -0.1147
vn -0.9369 -0.3307 0.1137
vn 0.9405 -0.3307 -0.0778
vn 0.1742 0.3857 -0.9060
vn 0.9338 -0.3469 -0.0881
vn 0.8983 -0.1048 0.4267
vn -0.0755 -0.3836 -0.9204
vn -0.9194 0.3469 -0.1852
vn -0.9073 -0.4108 0.0895
vn 0.9498 -0.1369 0.2813
vn -0.9498 -0.1369 -0.2813
vn -0.2803 -0.9289 -0.2419
vn -0.1960 0.8852 -0.4218
vn 0.1258 -0.8959 -0.4260
vn 0.2085 0.9242 -0.3201
vn 0.0317 0.9229 0.3836
vn -0.3729 0.8840 0.2819
vn -0.3252 -0.9236 0.2030
vn -0.4867 0.8652 -0.1208
vn -0.0800 -0.8756 0.4763
vn -0.2432 -0.1690 0.9551
vn -0.7938 -0.2131 0.5696
vn -0.9351 -0.2344 0.2656
vn -0.8755 -0.2642 -0.4047
vn -0.2731 -0.9211 -0.2774
vn -0.6826 -0.2686 -0.6797
vn -0.0723 -0.2542 -0.9644
vn 0.1623 -0.9065 -0.3898
vn 0.2620 -0.2374 -0.9354
vn 0.8126 -0.1932 -0.5499
vn 0.2937 0.9114 -0.2884
vn 0.9539 -0.1719 -0.2459
vn 0.8942 -0.1421 0.4244
vn 0.3369 0.9334 0.1240
vn 0.3555 -0.8610 0.3638
vn 0.7014 -0.1377 0.6994
vn 0.0910 -0.1521 0.9842
vn 0.0012 0.9297 0.3683
vt -0.716455 0.107360
vt -0.733613 0.091614
vt -0.736650 0.107860
vt -0.718612 -0.736919
vt -0.733613 -0.753909
vt -0.717374 -0.756691
vt 0.108088 -0.738385
vt 0.091614 -0.753909
vt 0.088092 -0.737955
vt -0.836018 1.504005
vt -0.852710 1.519303
vt -0.855582 1.502969
vt -0.836791 0.110335
vt -0.852710 0.094558
vt -0.836852 0.090532
vt 0.110990 1.502540
vt 0.094558 1.519303
vt 0.110814 1.522741
vt -0.696830 0.901118
vt -0.713188 0.917693
vt -0.696769 0.920921
vt 0.901845 -0.738385
vt 0.917693 -0.753909
vt 0.901617 -0.757727
vt -0.697603 -0.736919
vt -0.713188 -0.753909
vt -0.717571 -0.737955
vt -0.817166 0.904093
vt -0.832286 0.920637
vt -0.836503 0.904571
vt -0.815009 1.504005
vt -0.832286 1.519303
vt -0.816247 1.523777
vt 0.904748 1.502540
vt 0.920637 1.519303
vt 0.924338 1.502969
vt -0.253233 0.095907
vt -0.238113 0.079363
vt -0.254151 0.076125
vt 0.095252 -0.711170
vt 0.079363 -0.727933
vt 0.095429 -0.731371
vt -0.255390 -0.712635
vt -0.238113 -0.727933
vt -0.235421 -0.711599
vt -0.373569 0.098882
vt -0.357210 0.082307
vt -0.353374 0.098383
vt -0.372796 1.528289
vt -0.357210 1.545279
vt -0.373629 1.548061
vt 0.098155 1.529755
vt 0.082307 1.545279
vt 0.078565 1.529326
vt -0.233607 0.889665
vt -0.217688 0.905442
vt -0.214270 0.889186
vt -0.234380 -0.712635
vt -0.217688 -0.727933
vt -0.233547 -0.732407
vt 0.889010 -0.711170
vt 0.905442 -0.727933
vt 0.909005 -0.711599
vt -0.353943 0.892640
vt -0.336786 0.908386
vt -0.353025 0.912422
vt 0.891912 1.529755
vt 0.908386 1.545279
vt 0.892141 1.549097
vt -0.351786 1.528289
vt -0.336786 1.545279
vt -0.332223 1.529326
vt 1.248510 0.122169
vt 1.231998 0.107013
vt 1.229206 0.123387
vt 1.248209 -0.712635
vt 1.231998 -0.727933
vt 1.247691 -0.732407
vt 0.123838 -0.711170
vt 0.107013 -0.727933
vt 0.103562 -0.711599
vt 1.365418 1.528289
vt 1.350896 1.545279
vt 1.346202 1.529326
vt 1.368644 0.114588
vt 1.350896 0.099510
vt 1.366968 0.094856
vt 0.116442 1.529755
vt 0.099510 1.545279
vt 0.115860 1.549097
vt 1.298513 0.914593
vt 1.284038 0.931704
vt 1.300189 0.934326
vt 0.916262 -0.711170
vt 0.931704 -0.727933
vt 0.915811 -0.731371
vt 1.301739 -0.712635
vt 1.284038 -0.727933
vt 1.281490 -0.711599
vt 1.418647 0.907012
vt 1.402936 0.924202
vt 1.398486 0.908284
vt 1.418948 1.528289
vt 1.402936 1.545279
vt 1.419466 1.548061
vt 0.908865 1.529755
vt 0.924202 1.545279
vt 0.928109 1.529326
vt 1.710954 0.092988
vt 1.726666 0.075798
vt 1.710136 0.073201
vt 0.091135 -0.738385
vt 0.075798 -0.753909
vt 0.091716 -0.757727
vt 1.710653 -0.736919
vt 1.726666 -0.753909
vt 1.730902 -0.737955
vt 1.831088 0.085407
vt 1.845563 0.068296
vt 1.850392 0.084189
vt 1.827862 1.504005
vt 1.845563 1.519303
vt 1.829412 1.523777
vt 0.083738 1.502540
vt 0.068296 1.519303
vt 0.064495 1.502969
vt 1.760958 0.885412
vt 1.778705 0.900490
vt 1.781119 0.884140
vt 1.764184 -0.736919
vt 1.778705 -0.753909
vt 1.762633 -0.756691
vt 0.883559 -0.738385
vt 0.900490 -0.753909
vt 0.903834 -0.737955
vt 1.881091 0.877831
vt 1.897603 0.892987
vt 1.881910 0.897618
vt 0.876162 1.502540
vt 0.892987 1.519303
vt 0.876613 1.522741
vt 1.881392 1.504005
vt 1.897603 1.519303
vt 1.900608 1.502969
vt -1.145170 -0.060893
vt -1.161737 -0.076212
vt -1.164644 -0.059872
vt -1.145659 1.600403
vt -1.161737 1.584812
vt -1.145920 1.580616
vt -0.059479 1.601380
vt -0.076212 1.584812
vt -0.079680 1.601094
vt -1.132973 1.964181
vt -1.147925 1.980902
vt -1.152304 1.964872
vt -1.130532 -0.061660
vt -1.147925 -0.076936
vt -1.131854 -0.081417
vt -0.060144 1.965159
vt -0.076936 1.980902
vt -0.060609 1.984660
vt -1.077447 1.231334
vt -1.092323 1.248302
vt -1.076125 1.251091
vt 1.232748 1.601380
vt 1.248302 1.584811
vt 1.232355 1.581307
vt -1.075006 1.600403
vt -1.092323 1.584811
vt -1.095195 1.601094
vt -1.062809 1.230567
vt -1.078510 1.247578
vt -1.082855 1.231618
vt -1.062320 1.964181
vt -1.078510 1.980902
vt -1.062059 1.983968
vt 1.232083 1.965159
vt 1.247578 1.980902
vt 1.251426 1.964872
vt 2.092411 -0.230567
vt 2.108111 -0.247578
vt 2.091660 -0.250354
vt -0.232083 1.486212
vt -0.247578 1.470469
vt -0.231618 1.466711
vt 2.091921 1.487189
vt 2.108111 1.470469
vt 2.112110 1.486498
vt 2.107049 -0.231334
vt 2.121924 -0.248302
vt 2.126523 -0.232355
vt 2.104607 1.850968
vt 2.121924 1.866559
vt 2.105727 1.870754
vt -0.232747 1.849990
vt -0.248302 1.866559
vt -0.252090 1.850276
vt 2.160134 1.061660
vt 2.177526 1.076936
vt 2.180179 1.060609
vt 2.162575 1.487189
vt 2.177526 1.470469
vt 2.161456 1.467402
vt 1.060144 1.486212
vt 1.076936 1.470469
vt 1.080345 1.486498
vt 2.174771 1.060893
vt 2.191339 1.076212
vt 2.175522 1.080679
vt 1.059479 1.849990
vt 1.076212 1.866559
vt 1.059872 1.870064
vt 2.175261 1.850968
vt 2.191339 1.866559
vt 2.194592 1.850277
vt -0.131657 -0.017408
vt -0.146044 -0.035175
vt -0.151347 -0.019477
vt -0.128730 -0.726315
vt -0.146044 -0.742481
vt -0.129587 -0.746114
vt -0.020334 -0.726315
vt -0.035175 -0.742481
vt -0.039168 -0.726315
vt -0.128730 -0.502315
vt -0.146044 -0.486149
vt -0.149278 -0.502315
vt -0.129587 -0.037098
vt -0.020334 -0.502315
vt -0.035175 -0.486149
vt -0.019477 -0.482516
vt -0.225105 0.871695
vt -0.242872 0.886082
vt -0.227175 0.891385
vt 0.868768 -0.726315
vt 0.886082 -0.742481
vt 0.869625 -0.746114
vt -0.228032 -0.726315
vt -0.242872 -0.742481
vt -0.246865 -0.726315
vt -0.242872 0.886082
vt -0.244796 0.869625
vt -0.228032 -0.502315
vt -0.242872 -0.486149
vt -0.227175 -0.482516
vt 0.868768 -0.502315
vt 0.886082 -0.486149
vt 0.889316 -0.502315
vt 1.254707 0.128305
vt 1.272474 0.113918
vt 1.256776 0.108615
vt 0.131232 -0.726315
vt 0.113918 -0.742481
vt 0.130375 -0.746114
vt 1.257633 -0.726315
vt 1.272474 -0.742481
vt 1.276467 -0.726315
vt 1.274397 0.130375
vt 1.257633 -0.502315
vt 1.272474 -0.486149
vt 1.256776 -0.482516
vt 0.131232 -0.502315
vt 0.113918 -0.486149
vt 0.110684 -0.502315
vt 1.161258 1.017408
vt 1.175646 1.035175
vt 1.180949 1.019477
vt 1.158331 -0.726315
vt 1.175646 -0.742481
vt 1.159189 -0.746114
vt 1.020334 -0.726315
vt 1.035175 -0.742481
vt 1.039168 -0.726315
vt 1.175646 1.035175
vt 1.159189 1.037098
vt 1.020334 -0.502315
vt 1.035175 -0.486149
vt 1.019477 -0.482516
vt 1.158331 -0.502315
vt 1.175646 -0.486149
vt 1.178879 -0.502315
vt 0.267801 0.253000
vt 0.251635 0.236834
vt 0.248002 0.253000
vt 0.267801 -0.946315
vt 0.251635 -0.962481
vt 0.267801 -0.966114
vt 0.253000 -0.946315
vt 0.236834 -0.962481
vt 0.233201 -0.946315
vt 0.267801 -0.702315
vt 0.251635 -0.686149
vt 0.248002 -0.702315
vt 0.267801 0.233201
vt 0.253000 -0.702315
vt 0.236834 -0.686149
vt 0.253000 -0.682516
vt 0.267801 0.747000
vt 0.251635 0.763166
vt 0.267801 0.766799
vt 0.747000 -0.946315
vt 0.763166 -0.962481
vt 0.747000 -0.966114
vt 0.248002 -0.946315
vt 0.248002 0.747000
vt 0.267801 -0.682516
vt 0.747000 -0.702315
vt 0.763166 -0.686149
vt 0.766799 -0.702315
vt 0.761801 0.253000
vt 0.777967 0.236834
vt 0.761801 0.233201
vt 0.253000 -0.966114
vt 0.761801 -0.946315
vt 0.777967 -0.962481
vt 0.781600 -0.946315
vt 0.781600 0.253000
vt 0.761801 -0.702315
vt 0.777967 -0.686149
vt 0.761801 -0.682516
vt 0.233201 -0.702315
vt 0.761801 0.747000
vt 0.777967 0.763166
vt 0.781600 0.747000
vt 0.761801 -0.966114
vt 0.766799 -0.946315
vt 0.761801 0.766799
vt 0.747000 -0.682516
vt 0.781600 -0.702315
vt -1.082496 -0.851403
vt -1.070928 -0.866787
vt -1.089369 -0.870657
vt -0.850954 -0.962558
vt -0.866787 -0.977282
vt -0.851004 -0.981460
vt -1.090895 -0.959537
vt -1.070928 -0.977282
vt -1.067240 -0.961509
vt -1.043670 -0.792499
vt -1.032974 -0.809206
vt -1.023080 -0.793016
vt -1.054132 0.036803
vt -1.032974 0.051353
vt -1.051147 0.056568
vt -0.795180 0.033782
vt -0.809206 0.051353
vt -0.814566 0.034830
vt -1.308428 -0.870969
vt -1.315185 -0.887940
vt -1.327943 -0.874096
vt -1.290672 -0.941747
vt -1.315185 -0.955530
vt -1.297002 -0.960834
vt -1.334430 -0.937336
vt -1.315388 -0.939411
vt -1.171555 -0.803573
vt -1.181387 -0.822058
vt -1.162260 -0.822292
vt -1.204833 0.050737
vt -1.181387 0.064569
vt -1.193202 0.069582
vt -1.161075 0.046326
vt -1.185791 0.048661
vt -1.437899 -0.684359
vt -1.455157 -0.686194
vt -1.449802 -0.668403
vt -0.710474 -0.923447
vt -0.686194 -0.938549
vt -0.702599 -0.943280
vt -0.662114 -0.922056
vt -0.686869 -0.922160
vt -1.244841 -0.697945
vt -1.266436 -0.699475
vt -1.256876 -0.715974
vt -0.674978 0.059562
vt -0.699475 0.074887
vt -0.681778 0.078290
vt -0.723338 0.058172
vt -0.699734 0.059459
vt -1.341438 -0.478182
vt -1.350872 -0.463295
vt -1.333086 -0.459272
vt -0.479805 -0.925958
vt -0.463295 -0.943319
vt -0.478926 -0.946352
vt -1.327988 -0.928978
vt -1.350872 -0.943319
vt -1.351643 -0.927006
vt -1.190240 -0.581242
vt -1.203071 -0.564039
vt -1.212310 -0.580381
vt -1.184828 0.054453
vt -1.203071 0.071989
vt -1.184242 0.073984
vt -0.577387 0.057474
vt -0.564039 0.071989
vt -0.558002 0.056426
vt -1.115506 -0.458617
vt -1.106615 -0.442142
vt -1.094511 -0.455834
vt -1.128211 -0.946769
vt -1.106615 -0.965071
vt -1.125453 -0.966978
vt -1.084454 -0.951180
vt -1.103496 -0.949104
vt -1.062355 -0.570167
vt -1.054658 -0.551187
vt -1.073129 -0.551105
vt -0.560899 0.040519
vt -0.551187 0.058772
vt -0.565648 0.060970
vt -1.077886 0.044930
vt -1.054658 0.058772
vt -1.053170 0.042595
vt -0.986035 -0.645227
vt -0.966643 -0.643888
vt -0.972653 -0.661527
vt -0.620285 -0.965069
vt -0.643888 -0.982052
vt -0.627331 -0.984532
vt -0.668646 -0.966459
vt -0.643890 -0.966356
vt -0.989069 -0.675795
vt -0.969609 -0.673770
vt -0.978514 -0.657423
vt -0.697589 0.031694
vt -0.673770 0.048454
vt -0.691619 0.052262
vt -0.649229 0.033084
vt -0.672834 0.031797
vt 2.305196 -0.468894
vt 2.316192 -0.454563
vt 2.325991 -0.470025
vt 2.318980 -0.942283
vt 2.297914 -0.960953
vt 2.295281 -0.940779
vt -0.470025 -0.963204
vt -0.452425 -0.942283
vt -0.471808 -0.943963
vt 2.287665 -0.590914
vt 2.299146 -0.573202
vt 2.280719 -0.570041
vt -0.585829 -0.152674
vt -0.573202 -0.135042
vt -0.589702 -0.132665
vt 2.278899 -0.149490
vt 2.299146 -0.135042
vt 2.302598 -0.150994
vt 2.400990 -0.674924
vt 2.419646 -0.677066
vt 2.410900 -0.693369
vt -0.678152 -0.958085
vt -0.659188 -0.976446
vt -0.653404 -0.956676
vt -0.693369 -0.977964
vt -0.701744 -0.958822
vt 2.341888 -0.707534
vt 2.362181 -0.708773
vt 2.355975 -0.691172
vt -0.732216 -0.161684
vt -0.708773 -0.144532
vt -0.725353 -0.141286
vt -0.683877 -0.159538
vt -0.708625 -0.160947
vt 2.270255 -0.861290
vt 2.278458 -0.878333
vt 2.259746 -0.879000
vt 2.280699 -0.961369
vt 2.290867 -0.980716
vt 2.299887 -0.961464
vt 2.259746 -0.979982
vt 2.255875 -0.960426
vt 2.267887 -0.813023
vt 2.276155 -0.831404
vt 2.288544 -0.817139
vt 2.253662 -0.162073
vt 2.276155 -0.146505
vt 2.257423 -0.142028
vt 2.297674 -0.163111
vt 2.278486 -0.163016
vt 2.043726 -0.841626
vt 2.033816 -0.857097
vt 2.023684 -0.841285
vt 2.032512 -0.948852
vt 2.051761 -0.969492
vt 2.056211 -0.950356
vt -0.841285 -0.967241
vt -0.860792 -0.948852
vt -0.841409 -0.947171
vt 2.139663 -0.801893
vt 2.127095 -0.818465
vt 2.145857 -0.821975
vt -0.804280 -0.153451
vt -0.818465 -0.138987
vt -0.802315 -0.134150
vt 2.145859 -0.156635
vt 2.127095 -0.138987
vt 2.122160 -0.155132
vt 1.947931 -0.635596
vt 1.930362 -0.634594
vt 1.938775 -0.617941
vt -0.635065 -0.933050
vt -0.652122 -0.953998
vt -0.659813 -0.934459
vt -0.617941 -0.952481
vt -0.611473 -0.932313
vt 2.085440 -0.685273
vt 2.064061 -0.682894
vt 2.070600 -0.700845
vt -0.657893 -0.144441
vt -0.682894 -0.129496
vt -0.666664 -0.125529
vt -0.706233 -0.146587
vt -0.681485 -0.145178
vt 2.078666 -0.449230
vt 2.071550 -0.433327
vt 2.089929 -0.432310
vt 2.070793 -0.929765
vt 2.058808 -0.949728
vt 2.051605 -0.929670
vt 2.089929 -0.950463
vt 2.095616 -0.930708
vt 2.159441 -0.579783
vt 2.150087 -0.560263
vt 2.138031 -0.574878
vt 2.171096 -0.144053
vt 2.150087 -0.127524
vt 2.169152 -0.124786
vt 2.127084 -0.143015
vt 2.146272 -0.143110
vt 0.514801 -0.947195
vt 1.484499 -0.966372
vt 0.514801 -0.966372
vt 1.484499 2.179568
vt 0.514801 2.421012
vt 0.514801 2.439398
vt 1.464156 -0.781435
vt 0.514801 -0.762258
vt 1.457362 -0.762258
vt 1.457362 2.132563
vt 0.514801 2.362512
vt 1.446057 2.112983
vt 2.197305 -0.947195
vt 1.486195 -0.947195
vt 2.194368 1.469699
vt 1.475307 2.163645
vt 2.147364 -0.762258
vt 2.159133 -0.781435
vt 2.127784 1.431256
vt 2.147364 1.442561
vt 0.500000 -0.947195
vt 1.469699 -0.966372
vt 1.471394 -0.947195
vt 2.435813 0.500000
vt 2.178446 1.460506
vt 1.449356 -0.781435
vt 0.500000 -0.762258
vt 0.500000 -0.781435
vt 2.377313 0.500000
vt 2.399923 0.500000
vt -0.469699 -0.966372
vt 0.500000 -0.966372
vt 2.194368 -0.469699
vt 2.454198 0.500000
vt -0.449356 -0.781435
vt -0.442561 -0.762258
vt 2.147364 -0.442561
vt 2.127784 -0.431256
vt 2.194368 -0.966372
vt 1.484499 -1.179567
vt 2.178446 -0.460506
vt 1.446057 -1.112983
vt 1.457362 -1.132563
vt 0.514801 -1.421012
vt 1.475307 -1.163645
vt 0.514801 -0.781435
vt 0.514801 -1.362512
vt 0.514801 -1.385122
vt -0.454898 -0.966372
vt -0.454898 -1.179568
vt 0.514801 -1.439398
vt -0.434555 -0.781435
vt -0.427760 -0.762258
vt -0.427760 -1.132563
vt -0.416455 -1.112983
vt -1.167704 -0.947195
vt -0.456594 -0.947195
vt -1.164767 -0.469699
vt -0.445705 -1.163645
vt -1.117763 -0.762258
vt -1.129532 -0.781435
vt -1.098182 -0.431256
vt -1.117763 -0.442561
vt -0.471394 -0.947195
vt -1.406212 0.500000
vt -1.148845 -0.460506
vt -1.347712 0.500000
vt -1.370321 0.500000
vt -1.164767 1.469699
vt -1.424597 0.500000
vt 1.442561 -0.762258
vt -1.117763 1.442561
vt -1.098182 1.431256
vt -1.164767 -0.966372
vt -0.454898 2.179567
vt -1.148845 1.460506
vt -0.416455 2.112983
vt -0.427760 2.132563
vt -0.445705 2.163645
vt 0.514801 2.385122
vt -0.717025 0.901617
vt -0.738176 -0.737955
vt 0.090995 1.502969
vt -0.856128 0.110814
vt 0.904571 1.522741
vt -0.834977 1.502969
vt 0.921435 -0.737955
vt -0.233547 0.909468
vt -0.696769 -0.756691
vt -0.816247 0.923875
vt -0.353025 1.548061
vt 0.911908 1.529326
vt -0.214817 -0.711599
vt -0.233896 0.095429
vt -0.333748 0.892141
vt 0.098383 1.549097
vt -0.352827 1.529326
vt 0.075662 -0.711599
vt -0.717374 0.087578
vt -0.254151 -0.732407
vt -0.373629 0.079079
vt -0.836852 1.523777
vt 1.279209 0.915811
vt 1.228993 -0.711599
vt 0.096166 1.529326
vt 1.348483 0.115860
vt 0.908284 1.549097
vt 1.398699 1.529326
vt 0.935505 -0.711599
vt 1.762633 0.905144
vt 1.300189 -0.732407
vt 1.419466 0.926799
vt 1.881910 1.523777
vt 0.896438 1.502969
vt 1.783400 -0.737955
vt 1.731115 0.091716
vt 0.884140 -0.757727
vt 1.900396 0.876613
vt 0.084189 1.522741
vt 1.848111 1.502969
vt 0.071891 -0.737955
vt 1.247691 0.102382
vt 1.710136 -0.756691
vt 1.829412 0.065674
vt -1.096921 1.232355
vt -1.164990 1.601094
vt -0.080345 1.964872
vt -1.150578 -0.060609
vt 1.231618 1.984660
vt -1.082509 1.964872
vt 2.161456 1.081417
vt -1.076125 1.580616
vt -1.062059 1.250354
vt 2.175522 1.870755
vt 1.079680 1.850277
vt 2.181906 1.486498
vt 2.112457 -0.231618
vt 2.194245 1.059872
vt 2.124796 1.850276
vt -0.251426 1.486498
vt -1.145920 -0.080679
vt 2.105727 -0.251091
vt -1.131854 1.983968
vt -0.244796 0.869625
vt -0.019477 -0.746114
vt -0.149278 -0.726315
vt -0.039168 -0.502315
vt 0.869625 -0.482516
vt -0.246865 -0.502315
vt -0.227175 -0.746114
vt -0.227175 0.891385
vt 1.159189 -0.482516
vt 1.039168 -0.502315
vt 1.178879 -0.726315
vt 1.274397 0.130375
vt 1.019477 -0.746114
vt 1.180949 1.019477
vt 0.130375 -0.482516
vt 1.276467 -0.502315
vt 1.256776 -0.746114
vt -0.129587 -0.482516
vt -1.089369 -0.979324
vt -1.162260 0.066463
vt -0.870339 -0.961509
vt -1.030478 0.034830
vt -0.874096 -0.957715
vt -0.875482 -0.937336
vt -1.446928 -0.702599
vt -0.811669 0.050737
vt -0.715974 0.077307
vt -0.668403 -0.942297
vt -1.361153 -0.478926
vt -0.580381 0.076120
vt -1.259749 -0.681778
vt -1.208483 0.056426
vt -1.333086 -0.948488
vt -1.125453 -0.441291
vt -1.073129 0.064089
vt -1.034128 0.040519
vt -0.455834 -0.970097
vt -0.455278 -0.951180
vt -0.657423 0.053246
vt -0.661527 -0.985515
vt -0.793016 0.054432
vt 2.413943 -0.659188
vt -0.691172 -0.139768
vt 2.308796 -0.589702
vt -0.566446 -0.150994
vt -0.866008 -0.961464
vt -0.820905 -0.163111
vt -0.817139 -0.142762
vt 2.352931 -0.725353
vt 2.145857 -0.136401
vt 2.257423 -0.831660
vt -0.823664 -0.155132
vt 1.935731 -0.652122
vt -0.700845 -0.127046
vt -0.446832 -0.949728
vt -0.574878 -0.124052
vt -0.569204 -0.143015
vt 2.280719 -0.130413
vt -0.447209 -0.929670
vt 0.107860 -0.757727
vt 0.889186 -0.731371
vt 0.123387 -0.731371
vt 1.366968 1.548061
vt -0.059872 1.581307
vt 1.252090 1.601094
vt 2.091660 1.467402
vt -0.232355 1.870063
vt 1.060609 1.466711
vt 0.889316 -0.726315
vt 0.110684 -0.726315
vt -1.061301 -0.851004
vt -1.051147 -0.812669
vt -1.297002 -0.888638
vt -0.887940 -0.955530
vt -1.193202 -0.807749
vt -0.460420 -0.927006
vt -1.184242 -0.560728
vt -1.094511 -0.970097
vt -1.042188 -0.565648
vt -0.975527 -0.627331
vt -0.975640 -0.691619
vt 2.297914 -0.450365
vt 2.316192 -0.958378
vt -0.454563 -0.958378
vt -0.677066 -0.973954
vt 2.290867 -0.864478
vt -0.882336 -0.961369
vt -0.878333 -0.977192
vt -0.864478 -0.980716
vt 2.278458 -0.977192
vt 2.288544 -0.142762
vt 2.051761 -0.860945
vt 2.033816 -0.964853
vt -0.857097 -0.964853
vt 2.117779 -0.802315
vt -0.634594 -0.949277
vt 2.073644 -0.666664
vt 2.058808 -0.446832
vt -0.430881 -0.929765
vt -0.433327 -0.946039
vt 2.071550 -0.946039
vt 2.169152 -0.560357
vt 2.138031 -0.124052
vt 2.179568 -0.966372
vt -1.179568 -0.966372
vt -0.807749 0.069582
s 1
f 73/1/1 77/2/2 79/3/3
f 74/4/4 77/5/5 76/6/6
f 75/7/7 77/8/8 78/9/9
f 80/10/10 84/11/11 86/12/12
f 81/13/13 84/14/14 83/15/15
f 82/16/16 84/17/17 85/18/18
f 87/19/19 91/20/20 93/21/21
f 88/22/22 91/23/23 90/24/24
f 89/25/25 91/26/26 92/27/27
f 94/28/28 98/29/29 100/30/30
f 95/31/31 98/32/32 97/33/33
f 96/34/34 98/35/35 99/36/36
f 101/37/37 105/38/38 107/39/39
f 102/40/40 105/41/41 104/42/42
f 103/43/43 105/44/44 106/45/45
f 108/46/46 112/47/47 114/48/48
f 109/49/49 112/50/50 111/51/51
f 110/52/52 112/53/53 113/54/54
f 115/55/55 119/56/56 121/57/57
f 116/58/58 119/59/59 118/60/60
f 117/61/61 119/62/62 120/63/63
f 122/64/64 126/65/65 128/66/66
f 123/67/67 126/68/68 125/69/69
f 124/70/70 126/71/71 127/72/72
f 129/73/73 133/74/74 135/75/75
f 130/76/76 133/77/77 132/78/78
f 131/79/79 133/80/80 134/81/81
f 136/82/82 140/83/83 142/84/84
f 137/85/85 140/86/86 139/87/87
f 138/88/88 140/89/89 141/90/90
f 143/91/91 147/92/92 149/93/93
f 144/94/94 147/95/95 146/96/96
f 145/97/97 147/98/98 148/99/99
f 150/100/100 154/101/101 156/102/102
f 151/103/103 154/104/104 153/105/105
f 152/106/106 154/107/107 155/108/108
f 157/109/109 161/110/110 163/111/111
f 158/112/112 161/113/113 160/114/114
f 159/115/115 161/116/116 162/117/117
f 164/118/118 168/119/119 170/120/120
f 165/121/121 168/122/122 167/123/123
f 166/124/124 168/125/125 169/126/126
f 171/127/127 175/128/128 177/129/129
f 172/130/130 175/131/131 174/132/132
f 173/133/133 175/134/134 176/135/135
f 178/136/136 182/137/137 184/138/138
f 179/139/139 182/140/140 181/141/141
f 180/142/142 182/143/143 183/144/144
f 185/145/145 189/146/146 191/147/147
f 186/148/148 189/149/149 188/150/150
f 187/151/151 189/152/152 190/153/153
f 192/154/154 196/155/155 198/156/156
f 193/157/157 196/158/158 195/159/159
f 194/160/160 196/161/161 197/162/162
f 199/163/163 203/164/164 205/165/165
f 200/166/166 203/167/167 202/168/168
f 201/169/169 203/170/170 204/171/171
f 206/172/172 210/173/173 212/174/174
f 207/175/175 210/176/176 209/177/177
f 208/178/178 210/179/179 211/180/180
f 213/181/181 217/182/182 219/183/183
f 214/184/184 217/185/185 216/186/186
f 215/187/187 217/188/188 218/189/189
f 220/190/190 224/191/191 226/192/192
f 221/193/193 224/194/194 223/195/195
f 222/196/196 224/197/197 225/198/198
f 227/199/199 231/200/200 233/201/201
f 228/202/202 231/203/203 230/204/204
f 229/205/205 231/206/206 232/207/207
f 234/208/208 238/209/209 240/210/210
f 235/211/211 238/212/212 237/213/213
f 236/214/214 238/215/215 239/216/216
f 241/217/217 245/218/218 247/219/219
f 242/220/220 245/221/221 244/222/222
f 243/223/223 245/224/224 246/225/225
f 248/226/226 252/227/227 254/228/228
f 249/217/229 252/218/230 251/229/231
f 250/230/232 252/231/233 253/232/234
f 255/233/235 259/234/236 261/235/237
f 256/236/238 259/237/239 258/238/240
f 257/239/241 259/240/242 260/241/243
f 262/233/244 266/242/245 268/243/246
f 263/244/247 266/245/248 265/246/249
f 264/247/250 266/248/251 267/249/252
f 269/250/253 273/251/254 275/252/255
f 270/253/256 273/254/257 272/255/258
f 271/256/259 273/257/260 274/258/261
f 276/250/262 280/251/263 282/259/264
f 277/260/265 280/261/266 279/262/267
f 278/263/268 280/264/269 281/265/270
f 283/266/271 287/267/272 289/268/273
f 284/269/274 287/270/275 286/271/276
f 285/272/277 287/273/278 288/274/279
f 290/266/280 294/275/281 296/276/282
f 291/277/283 294/278/284 293/279/285
f 292/280/286 294/281/287 295/282/288
f 297/283/289 301/284/290 303/285/291
f 298/286/292 301/287/293 300/288/294
f 299/289/295 301/290/296 302/291/297
f 304/292/298 308/293/299 310/294/300
f 305/283/301 308/284/302 307/295/303
f 306/296/304 308/297/305 309/298/306
f 311/299/307 315/300/308 317/301/309
f 312/302/310 315/303/311 314/304/312
f 313/286/313 315/287/314 316/305/315
f 318/299/316 322/300/317 324/306/318
f 319/292/319 322/293/320 321/307/321
f 320/308/322 322/309/323 323/310/324
f 325/311/325 329/312/326 331/313/327
f 326/289/328 329/290/329 328/314/330
f 327/315/331 329/316/332 330/317/333
f 332/311/334 336/312/335 338/318/336
f 333/319/337 336/320/338 335/321/339
f 334/296/340 336/297/341 337/322/342
f 339/323/343 343/324/344 345/325/345
f 340/315/346 343/316/347 342/326/348
f 341/302/349 343/303/350 344/327/351
f 346/323/352 350/324/353 352/328/354
f 347/308/355 350/309/356 349/329/357
f 348/319/358 350/320/359 351/330/360
f 353/331/361 357/332/362 359/333/363
f 354/334/364 357/335/365 356/336/366
f 355/337/367 357/338/365 358/339/368
f 360/340/369 364/341/370 366/342/371
f 361/343/372 364/344/373 363/345/374
f 362/346/375 364/347/373 365/348/376
f 367/349/377 371/350/378 373/351/379
f 368/352/380 371/353/381 370/354/382
f 369/355/383 371/353/381 372/356/384
f 374/357/385 378/358/386 380/359/387
f 375/360/388 378/361/389 377/362/390
f 376/363/391 378/361/389 379/364/392
f 381/365/393 385/366/394 387/367/395
f 382/368/396 385/369/397 384/370/398
f 383/371/399 385/369/397 386/372/400
f 388/373/401 392/374/402 394/375/403
f 389/376/404 392/377/405 391/378/406
f 390/379/407 392/377/405 393/380/408
f 395/381/409 399/382/410 401/383/411
f 396/384/412 399/385/413 398/386/414
f 397/387/415 399/388/413 400/389/416
f 402/390/417 406/391/418 408/392/419
f 403/393/420 406/394/421 405/395/422
f 404/396/423 406/397/421 407/398/424
f 409/399/425 413/400/426 415/401/427
f 410/402/428 413/403/429 412/404/430
f 411/405/431 413/403/429 414/406/432
f 416/407/433 420/408/434 422/409/435
f 417/410/436 420/411/437 419/412/438
f 418/413/439 420/414/437 421/415/440
f 423/416/441 427/417/442 429/418/443
f 424/419/444 427/420/445 426/421/446
f 425/422/447 427/420/445 428/423/448
f 430/424/449 434/425/450 436/426/451
f 431/427/452 434/428/453 433/429/454
f 432/430/455 434/428/453 435/431/456
f 437/432/457 441/433/458 443/434/459
f 442/435/460 440/436/461 438/437/462
f 443/438/463 442/439/460 439/440/464
f 444/441/465 448/442/466 450/443/467
f 445/444/468 448/445/469 447/446/470
f 446/447/471 448/448/469 449/449/472
f 451/450/473 455/451/474 457/452/475
f 456/453/476 454/454/477 452/455/478
f 457/456/479 456/453/476 453/457/480
f 458/458/481 462/459/482 464/460/483
f 459/461/484 462/462/485 461/463/486
f 460/464/487 462/462/485 463/465/488
f 465/466/489 469/467/490 471/468/491
f 470/469/492 468/470/493 466/471/494
f 471/472/495 470/469/492 467/473/496
f 472/474/497 476/475/498 478/476/499
f 473/477/500 476/478/501 475/479/502
f 474/480/503 476/478/501 477/481/504
f 479/482/505 483/483/506 485/484/507
f 484/485/508 482/486/509 480/487/510
f 485/488/511 484/489/508 481/490/512
f 486/491/513 490/492/514 492/493/515
f 487/494/516 490/495/517 489/496/518
f 488/497/519 490/498/517 491/499/520
f 493/500/521 497/501/522 499/502/523
f 498/503/524 496/504/525 494/505/526
f 499/506/527 498/503/524 495/507/528
f 500/508/529 504/509/530 506/510/531
f 501/511/532 504/512/533 503/513/534
f 502/514/535 504/512/533 505/515/536
f 507/516/537 511/517/538 513/518/539
f 512/519/540 510/520/541 508/521/542
f 513/522/543 512/519/540 509/523/544
f 514/524/545 518/525/546 520/526/547
f 515/527/548 518/528/549 517/529/550
f 516/530/551 518/528/549 519/531/552
f 2/532/553 9/533/554 3/534/555
f 9/535/556 1/536/557 3/537/558
f 11/538/559 6/539/560 12/540/561
f 12/541/562 4/542/563 10/543/564
f 14/544/565 9/533/554 8/545/566
f 15/546/567 7/547/568 9/535/556
f 11/538/559 18/548/569 17/549/570
f 12/541/562 16/550/571 18/551/572
f 20/552/573 15/553/574 14/554/565
f 15/546/567 19/555/575 13/556/576
f 17/557/570 24/558/577 23/559/578
f 18/551/572 22/560/579 24/561/580
f 20/552/573 27/562/581 21/563/582
f 27/564/583 19/555/575 21/565/584
f 29/566/585 24/558/577 30/567/586
f 30/568/587 22/560/579 28/569/588
f 32/545/589 27/570/581 26/544/590
f 33/571/591 25/572/592 27/564/583
f 29/549/585 36/540/593 35/538/594
f 30/568/587 34/573/595 36/574/596
f 38/532/597 33/533/598 32/545/589
f 33/571/591 37/575/599 31/576/600
f 35/538/594 42/539/601 41/577/602
f 36/574/596 40/578/603 42/579/604
f 38/532/597 45/580/605 39/534/606
f 45/581/607 37/575/599 39/582/608
f 47/583/609 42/539/601 48/584/610
f 48/585/611 40/578/603 46/586/612
f 50/587/613 45/580/605 44/588/614
f 51/589/615 43/590/616 45/581/607
f 47/583/609 54/591/617 53/592/618
f 48/585/611 52/593/619 54/594/620
f 56/552/621 51/562/622 50/595/613
f 51/589/615 55/596/623 49/597/624
f 53/566/618 60/558/625 59/559/626
f 54/594/620 58/598/627 60/599/628
f 56/552/621 63/553/629 57/563/630
f 63/600/631 55/596/623 57/601/632
f 65/557/633 60/558/625 66/602/634
f 66/603/635 58/598/627 64/604/636
f 68/588/637 63/605/629 62/587/638
f 69/606/639 61/607/640 63/600/631
f 65/592/633 72/584/641 71/583/642
f 66/603/635 70/608/643 72/609/644
f 2/532/553 69/580/645 68/588/637
f 69/606/639 1/536/557 67/610/646
f 71/583/642 6/539/560 5/577/647
f 72/609/644 4/542/563 6/611/648
f 73/1/1 90/612/649 87/19/19
f 90/24/24 75/7/7 88/22/22
f 80/10/10 78/613/650 74/4/4
f 86/614/651 75/7/7 78/9/9
f 94/28/28 85/615/652 81/13/13
f 100/616/653 82/16/16 85/18/18
f 95/31/31 92/27/27 99/617/654
f 92/618/655 96/34/34 99/36/36
f 115/55/55 93/21/21 118/619/656
f 93/620/657 116/58/58 118/60/60
f 94/28/28 128/66/66 97/621/658
f 128/622/659 95/31/31 97/33/33
f 117/61/61 127/623/660 123/67/67
f 120/624/661 124/70/70 127/72/72
f 115/55/55 104/625/662 101/37/37
f 104/42/42 117/61/61 102/40/40
f 108/46/46 125/626/663 122/64/64
f 114/627/664 123/67/67 125/69/69
f 103/43/43 113/628/665 109/49/49
f 106/629/666 110/52/52 113/54/54
f 101/37/37 76/630/667 73/1/1
f 107/631/668 74/4/4 76/6/6
f 81/13/13 111/632/669 108/46/46
f 83/633/670 109/49/49 111/51/51
f 129/73/73 146/634/671 143/91/91
f 146/96/96 131/79/79 144/94/94
f 130/76/76 142/84/84 134/635/672
f 142/636/673 131/79/79 134/81/81
f 150/100/100 141/637/674 137/85/85
f 156/638/675 138/88/88 141/90/90
f 145/97/97 155/639/676 151/103/103
f 148/640/677 152/106/106 155/108/108
f 143/91/91 174/641/678 171/127/127
f 149/642/679 172/130/130 174/132/132
f 150/100/100 184/138/138 153/643/680
f 184/644/681 151/103/103 153/105/105
f 173/133/133 183/645/682 179/139/139
f 176/646/683 180/142/142 183/144/144
f 171/127/127 160/647/684 157/109/109
f 177/648/685 158/112/112 160/114/114
f 164/118/118 181/649/686 178/136/136
f 170/650/687 179/139/139 181/141/141
f 159/115/115 169/651/688 165/121/121
f 162/652/689 166/124/124 169/126/126
f 157/109/109 132/653/690 129/73/73
f 163/654/691 130/76/76 132/78/78
f 137/85/85 167/655/692 164/118/118
f 167/123/123 136/82/82 165/121/121
f 185/145/145 202/656/693 199/163/163
f 202/168/168 187/151/151 200/166/166
f 192/154/154 190/657/694 186/148/148
f 198/658/695 187/151/151 190/153/153
f 193/157/157 212/174/174 197/659/696
f 212/660/697 194/160/160 197/162/162
f 207/175/175 204/171/171 211/661/698
f 211/180/180 200/166/166 208/178/178
f 199/163/163 230/662/699 227/199/199
f 205/663/700 228/202/202 230/204/204
f 234/208/208 209/664/701 206/172/172
f 240/665/702 207/175/175 209/177/177
f 235/211/211 232/207/207 239/666/703
f 232/667/704 236/214/214 239/216/216
f 213/181/181 233/201/201 216/668/705
f 216/186/186 229/205/205 214/184/184
f 220/190/190 237/669/706 234/208/208
f 237/213/213 222/196/196 235/211/211
f 215/187/187 225/670/707 221/193/193
f 218/671/708 222/196/196 225/198/198
f 213/181/181 188/672/709 185/145/145
f 188/150/150 215/187/187 186/148/148
f 193/157/157 223/673/710 220/190/190
f 195/674/711 221/193/193 223/195/195
f 241/217/217 258/675/712 255/233/235
f 247/676/713 256/236/238 258/238/240
f 248/226/226 246/677/714 242/220/220
f 254/678/715 243/223/223 246/225/225
f 262/233/244 253/219/716 249/217/229
f 268/679/717 250/230/232 253/232/234
f 257/239/241 267/680/718 263/244/247
f 267/249/252 256/236/238 264/247/250
f 255/233/235 286/276/719 283/266/271
f 261/681/720 284/269/274 286/271/276
f 290/266/280 265/682/721 262/233/244
f 296/683/722 263/244/247 265/246/249
f 285/272/277 295/684/723 291/277/283
f 288/685/724 292/280/286 295/282/288
f 283/266/271 272/686/725 269/250/253
f 289/687/726 270/253/256 272/255/258
f 276/250/262 293/688/727 290/266/280
f 282/689/728 291/277/283 293/279/285
f 271/256/259 281/690/729 277/260/265
f 281/265/270 270/253/256 278/263/268
f 269/250/253 244/229/730 241/217/217
f 275/691/731 242/220/220 244/222/222
f 249/217/229 279/252/732 276/250/262
f 251/692/733 277/260/265 279/262/267
f 297/283/289 314/306/734 311/299/307
f 303/314/735 312/302/310 314/304/312
f 298/286/292 310/294/300 302/305/736
f 310/322/737 299/289/295 302/291/297
f 318/299/316 309/285/738 305/283/301
f 324/329/739 306/296/304 309/298/306
f 319/292/319 316/305/315 323/294/740
f 316/327/741 320/308/322 323/310/324
f 311/299/307 342/328/742 339/323/343
f 317/288/743 340/315/346 342/326/348
f 346/323/352 321/301/744 318/299/316
f 352/321/745 319/292/319 321/307/321
f 347/308/355 344/327/351 351/310/746
f 344/317/747 348/319/358 351/330/360
f 339/323/343 328/318/748 325/311/325
f 345/304/749 326/289/328 328/314/330
f 332/311/334 349/325/750 346/323/352
f 338/298/751 347/308/355 349/329/357
f 333/319/337 330/317/333 337/330/752
f 330/291/753 334/296/340 337/322/342
f 325/311/325 300/295/754 297/283/289
f 331/326/755 298/286/292 300/288/294
f 305/283/301 335/313/756 332/311/334
f 307/307/757 333/319/337 335/321/339
f 368/352/380 359/693/758 355/337/367
f 359/333/363 367/349/377 353/331/361
f 376/363/391 363/345/374 380/694/759
f 380/359/387 360/340/369 374/357/385
f 354/334/364 365/348/376 358/695/368
f 365/696/376 355/337/367 358/339/368
f 369/355/383 379/364/392 375/360/388
f 379/364/392 368/352/380 376/363/391
f 382/368/396 373/697/760 369/698/383
f 384/699/761 367/349/377 373/351/379
f 375/700/388 394/701/762 390/379/407
f 394/375/403 374/357/385 388/373/401
f 383/371/399 393/380/408 389/376/404
f 393/380/408 382/368/396 390/379/407
f 383/371/399 398/386/414 387/702/763
f 398/703/764 381/365/393 387/367/395
f 404/396/423 391/378/406 408/704/765
f 391/705/766 402/390/417 408/392/419
f 397/387/415 407/706/424 403/393/420
f 407/398/424 396/384/412 404/396/423
f 410/402/428 401/707/767 397/387/415
f 412/708/768 395/381/409 401/383/411
f 418/413/439 405/395/422 422/709/769
f 422/409/435 402/390/417 416/407/433
f 411/405/431 421/415/440 417/710/436
f 421/415/440 410/402/428 418/413/439
f 424/419/444 415/711/770 411/712/431
f 415/401/427 423/416/441 409/399/425
f 417/410/436 436/713/771 432/430/455
f 436/426/451 416/407/433 430/424/449
f 425/422/447 435/431/456 431/427/452
f 435/431/456 424/419/444 432/430/455
f 354/334/364 429/714/772 425/422/447
f 429/418/443 353/331/361 423/416/441
f 431/427/452 366/715/773 362/346/375
f 366/342/371 430/424/449 360/340/369
f 452/455/478 443/438/463 439/440/464
f 454/716/774 437/432/457 443/434/459
f 445/444/468 464/717/775 460/464/487
f 447/718/776 458/458/481 464/460/483
f 438/437/462 449/449/472 442/435/460
f 449/719/472 439/440/464 442/439/460
f 453/457/480 463/465/488 459/461/484
f 463/465/488 452/455/478 460/464/487
f 466/720/494 457/456/479 453/457/480
f 457/452/475 465/466/489 451/450/473
f 474/721/503 461/463/486 478/722/777
f 461/723/778 472/474/497 478/476/499
f 467/473/496 477/481/504 473/477/500
f 477/481/504 466/471/494 474/480/503
f 480/487/510 471/472/495 467/473/496
f 471/468/491 479/482/505 465/466/489
f 488/497/519 475/479/502 492/724/779
f 475/725/780 486/491/513 492/493/515
f 481/490/512 491/726/520 487/494/516
f 491/499/520 480/487/510 488/497/519
f 494/505/526 485/488/511 481/490/512
f 496/727/781 479/482/505 485/484/507
f 487/494/516 506/728/782 502/514/535
f 506/510/531 486/491/513 500/508/529
f 495/507/528 505/515/536 501/511/532
f 505/515/536 494/505/526 502/514/535
f 495/507/528 510/729/541 499/506/527
f 499/502/523 507/516/537 493/500/521
f 501/511/532 520/730/783 516/731/551
f 520/526/547 500/508/529 514/524/545
f 509/523/544 519/531/552 515/527/548
f 519/531/552 508/521/542 516/530/551
f 509/523/544 440/436/461 513/522/543
f 513/518/539 437/432/457 507/516/537
f 515/527/548 450/732/784 446/447/471
f 450/443/467 514/524/545 444/441/465
f 55/596/623 67/610/646 19/555/575
f 5/577/647 8/545/566 2/532/553
f 68/588/637 5/577/647 2/532/553
f 28/569/588 16/550/571 64/604/636
f 11/538/559 14/544/565 8/545/566
f 14/554/565 23/559/578 20/552/573
f 23/559/578 26/595/590 20/552/573
f 29/549/585 32/545/589 26/544/590
f 32/545/589 41/577/602 38/532/597
f 41/577/602 44/588/614 38/532/597
f 47/583/609 50/587/613 44/588/614
f 50/595/613 59/559/626 56/552/621
f 59/559/626 62/554/638 56/552/621
f 65/592/633 68/588/637 62/587/638
f 115/55/55 73/1/1 87/19/19
f 82/16/16 88/22/22 75/7/7
f 103/43/43 80/10/10 74/4/4
f 94/28/28 108/46/46 122/64/64
f 95/31/31 116/58/58 89/25/25
f 123/67/67 102/40/40 117/61/61
f 171/127/127 129/73/73 143/91/91
f 138/88/88 144/94/94 131/79/79
f 165/121/121 130/76/76 159/115/115
f 150/100/100 164/118/118 178/136/136
f 145/97/97 180/142/142 172/130/130
f 179/139/139 158/112/112 173/133/133
f 227/199/199 185/145/145 199/163/163
f 194/160/160 200/166/166 187/151/151
f 215/187/187 192/154/154 186/148/148
f 206/172/172 220/190/190 234/208/208
f 207/175/175 228/202/202 201/169/169
f 235/211/211 214/184/184 229/205/205
f 283/266/271 241/217/217 255/233/235
f 250/230/232 256/236/238 243/223/223
f 277/260/265 242/220/220 271/256/259
f 262/233/244 276/250/262 290/266/280
f 263/244/247 284/269/274 257/239/241
f 291/277/283 270/253/256 285/272/277
f 339/323/343 297/283/289 311/299/307
f 306/296/304 312/302/310 299/289/295
f 333/319/337 298/286/292 327/315/331
f 318/299/316 332/311/334 346/323/352
f 319/292/319 340/315/346 313/286/313
f 347/308/355 326/289/328 341/302/349
f 395/381/409 409/399/425 423/416/441
f 361/343/372 368/352/380 355/337/367
f 431/427/452 354/334/364 425/422/447
f 402/390/417 388/373/401 360/340/369
f 375/700/388 382/368/396 369/698/383
f 389/376/404 396/384/412 383/371/399
f 403/393/420 410/402/428 397/387/415
f 411/712/431 432/430/455 424/419/444
f 493/500/521 507/516/537 451/450/473
f 445/444/468 452/455/478 439/440/464
f 515/527/548 438/437/462 509/523/544
f 500/508/529 486/491/513 472/474/497
f 459/461/484 466/720/494 453/457/480
f 473/477/500 480/487/510 467/473/496
f 487/494/516 494/505/526 481/490/512
f 501/511/532 508/733/542 495/507/528
f 73/1/1 76/630/667 77/2/2
f 74/4/4 78/613/650 77/5/5
f 75/7/7 79/734/785 77/8/8
f 80/10/10 83/633/670 84/11/11
f 81/13/13 85/615/652 84/14/14
f 82/16/16 86/614/651 84/17/17
f 87/19/19 90/612/649 91/20/20
f 88/22/22 92/618/655 91/23/23
f 89/25/25 93/620/657 91/26/26
f 94/28/28 97/621/658 98/29/29
f 95/31/31 99/617/654 98/32/32
f 96/34/34 100/616/653 98/35/35
f 101/37/37 104/625/662 105/38/38
f 102/40/40 106/629/666 105/41/41
f 103/43/43 107/631/668 105/44/44
f 108/46/46 111/632/669 112/47/47
f 109/49/49 113/628/665 112/50/50
f 110/52/52 114/627/664 112/53/53
f 115/55/55 118/619/656 119/56/56
f 116/58/58 120/624/661 119/59/59
f 117/61/61 121/735/786 119/62/62
f 122/64/64 125/626/663 126/65/65
f 123/67/67 127/623/660 126/68/68
f 124/70/70 128/622/659 126/71/71
f 129/73/73 132/653/690 133/74/74
f 130/76/76 134/635/672 133/77/77
f 131/79/79 135/736/787 133/80/80
f 136/82/82 139/737/788 140/83/83
f 137/85/85 141/637/674 140/86/86
f 138/88/88 142/636/673 140/89/89
f 143/91/91 146/634/671 147/92/92
f 144/94/94 148/640/677 147/95/95
f 145/97/97 149/642/679 147/98/98
f 150/100/100 153/643/680 154/101/101
f 151/103/103 155/639/676 154/104/104
f 152/106/106 156/638/675 154/107/107
f 157/109/109 160/647/684 161/110/110
f 158/112/112 162/652/689 161/113/113
f 159/115/115 163/654/691 161/116/116
f 164/118/118 167/655/692 168/119/119
f 165/121/121 169/651/688 168/122/122
f 166/124/124 170/650/687 168/125/125
f 171/127/127 174/641/678 175/128/128
f 172/130/130 176/646/683 175/131/131
f 173/133/133 177/648/685 175/134/134
f 178/136/136 181/649/686 182/137/137
f 179/139/139 183/645/682 182/140/140
f 180/142/142 184/644/681 182/143/143
f 185/145/145 188/672/709 189/146/146
f 186/148/148 190/657/694 189/149/149
f 187/151/151 191/738/789 189/152/152
f 192/154/154 195/674/711 196/155/155
f 193/157/157 197/659/696 196/158/158
f 194/160/160 198/658/695 196/161/161
f 199/163/163 202/656/693 203/164/164
f 200/166/166 204/739/790 203/167/167
f 201/169/169 205/663/700 203/170/170
f 206/172/172 209/664/701 210/173/173
f 207/175/175 211/661/698 210/176/176
f 208/178/178 212/660/697 210/179/179
f 213/181/181 216/668/705 217/182/182
f 214/184/184 218/671/708 217/185/185
f 215/187/187 219/740/791 217/188/188
f 220/190/190 223/673/710 224/191/191
f 221/193/193 225/670/707 224/194/194
f 222/196/196 226/741/792 224/197/197
f 227/199/199 230/662/699 231/200/200
f 228/202/202 232/667/704 231/203/203
f 229/205/205 233/742/793 231/206/206
f 234/208/208 237/669/706 238/209/209
f 235/211/211 239/666/703 238/212/212
f 236/214/214 240/665/702 238/215/215
f 241/217/217 244/229/730 245/218/218
f 242/220/220 246/677/714 245/221/221
f 243/223/223 247/676/713 245/224/224
f 248/226/226 251/692/733 252/227/227
f 249/217/229 253/219/716 252/218/230
f 250/230/232 254/678/715 252/231/233
f 255/233/235 258/675/712 259/234/236
f 256/236/238 260/743/794 259/237/239
f 257/239/241 261/681/720 259/240/242
f 262/233/244 265/682/721 266/242/245
f 263/244/247 267/680/718 266/245/248
f 264/247/250 268/679/717 266/248/251
f 269/250/253 272/686/725 273/251/254
f 270/253/256 274/744/795 273/254/257
f 271/256/259 275/691/731 273/257/260
f 276/250/262 279/252/732 280/251/263
f 277/260/265 281/690/729 280/261/266
f 278/263/268 282/689/728 280/264/269
f 283/266/271 286/276/719 287/267/272
f 284/269/274 288/685/724 287/270/275
f 285/272/277 289/687/726 287/273/278
f 290/266/280 293/688/727 294/275/281
f 291/277/283 295/684/723 294/278/284
f 292/280/286 296/683/722 294/281/287
f 297/283/289 300/295/754 301/284/290
f 298/286/292 302/305/736 301/287/293
f 299/289/295 303/314/735 301/290/296
f 304/292/298 307/307/757 308/293/299
f 305/283/301 309/285/738 308/284/302
f 306/296/304 310/322/737 308/297/305
f 311/299/307 314/306/734 315/300/308
f 312/302/310 316/327/741 315/303/311
f 313/286/313 317/288/743 315/287/314
f 318/299/316 321/301/744 322/300/317
f 319/292/319 323/294/740 322/293/320
f 320/308/322 324/329/739 322/309/323
f 325/311/325 328/318/748 329/312/326
f 326/289/328 330/291/753 329/290/329
f 327/315/331 331/326/755 329/316/332
f 332/311/334 335/313/756 336/312/335
f 333/319/337 337/330/752 336/320/338
f 334/296/340 338/298/751 336/297/341
f 339/323/343 342/328/742 343/324/344
f 340/315/346 344/317/747 343/316/347
f 341/302/349 345/304/749 343/303/350
f 346/323/352 349/325/750 350/324/353
f 347/308/355 351/310/746 350/309/356
f 348/319/358 352/321/745 350/320/359
f 353/331/361 356/745/796 357/332/362
f 354/334/364 358/695/368 357/335/365
f 355/337/367 359/693/758 357/338/365
f 360/340/369 363/746/797 364/341/370
f 361/343/372 365/696/376 364/344/373
f 362/346/375 366/715/773 364/347/373
f 367/349/377 370/747/798 371/350/378
f 368/352/380 372/356/384 371/353/381
f 369/698/383 373/697/760 371/748/381
f 374/357/385 377/749/799 378/358/386
f 375/360/388 379/364/392 378/361/389
f 376/363/391 380/694/759 378/361/389
f 381/365/393 384/699/761 385/366/394
f 382/368/396 386/372/400 385/369/397
f 383/371/399 387/702/763 385/369/397
f 388/373/401 391/705/766 392/374/402
f 389/376/404 393/380/408 392/377/405
f 390/379/407 394/701/762 392/377/405
f 395/381/409 398/703/764 399/382/410
f 396/384/412 400/750/416 399/385/413
f 397/387/415 401/707/767 399/388/413
f 402/390/417 405/751/800 406/391/418
f 403/393/420 407/706/424 406/394/421
f 404/396/423 408/704/765 406/397/421
f 409/399/425 412/708/768 413/400/426
f 410/402/428 414/406/432 413/403/429
f 411/405/431 415/752/770 413/403/429
f 416/407/433 419/753/801 420/408/434
f 417/710/436 421/415/440 420/414/437
f 418/413/439 422/709/769 420/414/437
f 423/416/441 426/754/802 427/417/442
f 424/419/444 428/423/448 427/420/445
f 425/422/447 429/714/772 427/420/445
f 430/424/449 433/755/803 434/425/450
f 431/427/452 435/431/456 434/428/453
f 432/430/455 436/713/771 434/428/453
f 437/432/457 440/756/804 441/433/458
f 442/435/460 441/757/805 440/436/461
f 443/438/463 441/758/806 442/439/460
f 444/441/465 447/718/776 448/442/466
f 445/444/468 449/719/472 448/445/469
f 446/447/471 450/732/784 448/448/469
f 451/450/473 454/716/774 455/451/474
f 456/453/476 455/759/807 454/454/477
f 457/456/479 455/759/808 456/453/476
f 458/458/481 461/723/778 462/459/482
f 459/461/484 463/465/488 462/462/485
f 460/464/487 464/717/775 462/462/485
f 465/466/489 468/760/809 469/467/490
f 470/761/492 469/762/810 468/763/493
f 471/472/495 469/764/811 470/469/492
f 472/474/497 475/725/780 476/475/498
f 473/477/500 477/481/504 476/478/501
f 474/480/503 478/765/777 476/478/501
f 479/482/505 482/766/812 483/483/506
f 484/485/508 483/767/813 482/486/509
f 485/488/511 483/768/814 484/489/508
f 486/491/513 489/769/815 490/492/514
f 487/494/516 491/726/520 490/495/517
f 488/497/519 492/724/779 490/498/517
f 493/500/521 496/727/781 497/501/522
f 498/503/524 497/770/816 496/504/525
f 499/506/527 497/770/817 498/503/524
f 500/508/529 503/771/818 504/509/530
f 501/511/532 505/515/536 504/512/533
f 502/514/535 506/728/782 504/512/533
f 507/516/537 510/772/819 511/517/538
f 512/773/540 511/774/820 510/729/541
f 513/522/543 511/775/821 512/519/540
f 514/524/545 517/776/822 518/525/546
f 515/527/548 519/531/552 518/528/549
f 516/530/551 520/777/783 518/528/549
f 2/532/553 8/545/566 9/533/554
f 9/535/556 7/547/568 1/536/557
f 11/538/559 5/577/647 6/539/560
f 12/541/562 6/611/648 4/542/563
f 14/554/565 15/553/574 9/778/554
f 15/546/567 13/556/576 7/547/568
f 11/538/559 12/540/561 18/548/569
f 12/541/562 10/543/564 16/550/571
f 20/552/573 21/563/582 15/553/574
f 15/546/567 21/565/584 19/555/575
f 17/557/570 18/602/569 24/558/577
f 18/551/572 16/550/571 22/560/579
f 20/552/573 26/595/590 27/562/581
f 27/564/583 25/572/592 19/555/575
f 29/566/585 23/559/578 24/558/577
f 30/568/587 24/561/580 22/560/579
f 32/545/589 33/533/598 27/570/581
f 33/571/591 31/576/600 25/572/592
f 29/549/585 30/548/586 36/540/593
f 30/568/587 28/569/588 34/573/595
f 38/532/597 39/534/606 33/533/598
f 33/571/591 39/582/608 37/575/599
f 35/538/594 36/540/593 42/539/601
f 36/574/596 34/573/595 40/578/603
f 38/532/597 44/588/614 45/580/605
f 45/581/607 43/590/616 37/575/599
f 47/583/609 41/577/602 42/539/601
f 48/585/611 42/579/604 40/578/603
f 50/595/613 51/562/622 45/779/605
f 51/589/615 49/597/624 43/590/616
f 47/583/609 48/584/610 54/591/617
f 48/585/611 46/586/612 52/593/619
f 56/552/621 57/563/630 51/562/622
f 51/589/615 57/601/632 55/596/623
f 53/566/618 54/567/617 60/558/625
f 54/594/620 52/593/619 58/598/627
f 56/552/621 62/554/638 63/553/629
f 63/600/631 61/607/640 55/596/623
f 65/557/633 59/559/626 60/558/625
f 66/603/635 60/599/628 58/598/627
f 68/588/637 69/580/645 63/605/629
f 69/606/639 67/610/646 61/607/640
f 65/592/633 66/591/634 72/584/641
f 66/603/635 64/604/636 70/608/643
f 2/532/553 3/534/555 69/580/645
f 69/606/639 3/537/558 1/536/557
f 71/583/642 72/584/641 6/539/560
f 72/609/644 70/608/643 4/542/563
f 73/1/1 79/3/3 90/612/649
f 90/24/24 79/734/785 75/7/7
f 80/10/10 86/12/12 78/613/650
f 86/614/651 82/16/16 75/7/7
f 94/28/28 100/30/30 85/615/652
f 100/616/653 96/34/34 82/16/16
f 95/31/31 89/25/25 92/27/27
f 92/618/655 88/22/22 96/34/34
f 115/55/55 87/19/19 93/21/21
f 93/620/657 89/25/25 116/58/58
f 94/28/28 122/64/64 128/66/66
f 128/622/659 124/70/70 95/31/31
f 117/61/61 120/63/63 127/623/660
f 120/624/661 116/58/58 124/70/70
f 115/55/55 121/57/57 104/625/662
f 104/42/42 121/735/786 117/61/61
f 108/46/46 114/48/48 125/626/663
f 114/627/664 110/52/52 123/67/67
f 103/43/43 106/45/45 113/628/665
f 106/629/666 102/40/40 110/52/52
f 101/37/37 107/39/39 76/630/667
f 107/631/668 103/43/43 74/4/4
f 81/13/13 83/15/15 111/632/669
f 83/633/670 80/10/10 109/49/49
f 129/73/73 135/75/75 146/634/671
f 146/96/96 135/736/787 131/79/79
f 130/76/76 136/82/82 142/84/84
f 142/636/673 138/88/88 131/79/79
f 150/100/100 156/102/102 141/637/674
f 156/638/675 152/106/106 138/88/88
f 145/97/97 148/99/99 155/639/676
f 148/640/677 144/94/94 152/106/106
f 143/91/91 149/93/93 174/641/678
f 149/642/679 145/97/97 172/130/130
f 150/100/100 178/136/136 184/138/138
f 184/644/681 180/142/142 151/103/103
f 173/133/133 176/135/135 183/645/682
f 176/646/683 172/130/130 180/142/142
f 171/127/127 177/129/129 160/647/684
f 177/648/685 173/133/133 158/112/112
f 164/118/118 170/120/120 181/649/686
f 170/650/687 166/124/124 179/139/139
f 159/115/115 162/117/117 169/651/688
f 162/652/689 158/112/112 166/124/124
f 157/109/109 163/111/111 132/653/690
f 163/654/691 159/115/115 130/76/76
f 137/85/85 139/87/87 167/655/692
f 167/123/123 139/737/788 136/82/82
f 185/145/145 191/147/147 202/656/693
f 202/168/168 191/738/789 187/151/151
f 192/154/154 198/156/156 190/657/694
f 198/658/695 194/160/160 187/151/151
f 193/157/157 206/172/172 212/174/174
f 212/660/697 208/178/178 194/160/160
f 207/175/175 201/169/169 204/171/171
f 211/180/180 204/739/790 200/166/166
f 199/163/163 205/165/165 230/662/699
f 205/663/700 201/169/169 228/202/202
f 234/208/208 240/210/210 209/664/701
f 240/665/702 236/214/214 207/175/175
f 235/211/211 229/205/205 232/207/207
f 232/667/704 228/202/202 236/214/214
f 213/181/181 227/199/199 233/201/201
f 216/186/186 233/742/793 229/205/205
f 220/190/190 226/192/192 237/669/706
f 237/213/213 226/741/792 222/196/196
f 215/187/187 218/189/189 225/670/707
f 218/671/708 214/184/184 222/196/196
f 213/181/181 219/183/183 188/672/709
f 188/150/150 219/740/791 215/187/187
f 193/157/157 195/159/159 223/673/710
f 195/674/711 192/154/154 221/193/193
f 241/217/217 247/219/219 258/675/712
f 247/676/713 243/223/223 256/236/238
f 248/226/226 254/228/228 246/677/714
f 254/678/715 250/230/232 243/223/223
f 262/233/244 268/243/246 253/219/716
f 268/679/717 264/247/250 250/230/232
f 257/239/241 260/241/243 267/680/718
f 267/249/252 260/743/794 256/236/238
f 255/233/235 261/235/237 286/276/719
f 261/681/720 257/239/241 284/269/274
f 290/266/280 296/276/282 265/682/721
f 296/683/722 292/280/286 263/244/247
f 285/272/277 288/274/279 295/684/723
f 288/685/724 284/269/274 292/280/286
f 283/266/271 289/268/273 272/686/725
f 289/687/726 285/272/277 270/253/256
f 276/250/262 282/259/264 293/688/727
f 282/689/728 278/263/268 291/277/283
f 271/256/259 274/258/261 281/690/729
f 281/265/270 274/744/795 270/253/256
f 269/250/253 275/252/255 244/229/730
f 275/691/731 271/256/259 242/220/220
f 249/217/229 251/229/231 279/252/732
f 251/692/733 248/226/226 277/260/265
f 297/283/289 303/285/291 314/306/734
f 303/314/735 299/289/295 312/302/310
f 298/286/292 304/292/298 310/294/300
f 310/322/737 306/296/304 299/289/295
f 318/299/316 324/306/318 309/285/738
f 324/329/739 320/308/322 306/296/304
f 319/292/319 313/286/313 316/305/315
f 316/327/741 312/302/310 320/308/322
f 311/299/307 317/301/309 342/328/742
f 317/288/743 313/286/313 340/315/346
f 346/323/352 352/328/354 321/301/744
f 352/321/745 348/319/358 319/292/319
f 347/308/355 341/302/349 344/327/351
f 344/317/747 340/315/346 348/319/358
f 339/323/343 345/325/345 328/318/748
f 345/304/749 341/302/349 326/289/328
f 332/311/334 338/318/336 349/325/750
f 338/298/751 334/296/340 347/308/355
f 333/319/337 327/315/331 330/317/333
f 330/291/753 326/289/328 334/296/340
f 325/311/325 331/313/327 300/295/754
f 331/326/755 327/315/331 298/286/292
f 305/283/301 307/295/303 335/313/756
f 307/307/757 304/292/298 333/319/337
f 368/352/380 370/354/382 359/693/758
f 359/333/363 370/747/798 367/349/377
f 376/363/391 361/343/372 363/345/374
f 380/359/387 363/746/797 360/340/369
f 354/334/364 362/346/375 365/348/376
f 365/696/376 361/343/372 355/337/367
f 369/355/383 372/356/384 379/364/392
f 379/364/392 372/356/384 368/352/380
f 382/368/396 384/370/398 373/697/760
f 384/699/761 381/365/393 367/349/377
f 375/700/388 377/780/390 394/701/762
f 394/375/403 377/749/799 374/357/385
f 383/371/399 386/372/400 393/380/408
f 393/380/408 386/372/400 382/368/396
f 383/371/399 396/384/412 398/386/414
f 398/703/764 395/381/409 381/365/393
f 404/396/423 389/376/404 391/378/406
f 391/705/766 388/373/401 402/390/417
f 397/387/415 400/389/416 407/706/424
f 407/398/424 400/750/416 396/384/412
f 410/402/428 412/404/430 401/707/767
f 412/708/768 409/399/425 395/381/409
f 418/413/439 403/393/420 405/395/422
f 422/409/435 405/751/800 402/390/417
f 411/405/431 414/406/432 421/415/440
f 421/415/440 414/406/432 410/402/428
f 424/419/444 426/421/446 415/711/770
f 415/401/427 426/754/802 423/416/441
f 417/410/436 419/412/438 436/713/771
f 436/426/451 419/753/801 416/407/433
f 425/422/447 428/423/448 435/431/456
f 435/431/456 428/423/448 424/419/444
f 354/334/364 356/336/366 429/714/772
f 429/418/443 356/745/796 353/331/361
f 431/427/452 433/429/454 366/715/773
f 366/342/371 433/755/803 430/424/449
f 452/455/478 454/454/477 443/438/463
f 454/716/774 451/450/473 437/432/457
f 445/444/468 447/446/470 464/717/775
f 447/718/776 444/441/465 458/458/481
f 438/437/462 446/447/471 449/449/472
f 449/719/472 445/444/468 439/440/464
f 453/457/480 456/453/476 463/465/488
f 463/465/488 456/453/476 452/455/478
f 466/720/494 468/763/493 457/456/479
f 457/452/475 468/760/809 465/466/489
f 474/721/503 459/461/484 461/463/486
f 461/723/778 458/458/481 472/474/497
f 467/473/496 470/469/492 477/481/504
f 477/481/504 470/469/492 466/471/494
f 480/487/510 482/486/509 471/472/495
f 471/468/491 482/766/812 479/482/505
f 488/497/519 473/477/500 475/479/502
f 475/725/780 472/474/497 486/491/513
f 481/490/512 484/489/508 491/726/520
f 491/499/520 484/485/508 480/487/510
f 494/505/526 496/504/525 485/488/511
f 496/727/781 493/500/521 479/482/505
f 487/494/516 489/496/518 506/728/782
f 506/510/531 489/769/815 486/491/513
f 495/507/528 498/503/524 505/515/536
f 505/515/536 498/503/524 494/505/526
f 495/507/528 508/733/542 510/729/541
f 499/502/523 510/772/819 507/516/537
f 501/511/532 503/513/534 520/730/783
f 520/526/547 503/771/818 500/508/529
f 509/523/544 512/519/540 519/531/552
f 519/531/552 512/519/540 508/521/542
f 509/523/544 438/437/462 440/436/461
f 513/518/539 440/756/804 437/432/457
f 515/527/548 517/529/550 450/732/784
f 450/443/467 517/776/822 514/524/545
f 67/610/646 1/536/557 7/547/568
f 7/547/568 13/556/576 67/610/646
f 13/556/576 19/555/575 67/610/646
f 19/555/575 25/572/592 31/576/600
f 31/576/600 37/575/599 43/590/616
f 43/590/616 49/597/624 55/596/623
f 55/596/623 61/607/640 67/610/646
f 19/555/575 31/576/600 43/590/616
f 43/590/616 55/596/623 19/555/575
f 5/577/647 11/538/559 8/545/566
f 68/588/637 71/583/642 5/577/647
f 16/550/571 10/543/564 4/542/563
f 4/542/563 70/608/643 64/604/636
f 64/604/636 58/598/627 52/593/619
f 52/593/619 46/586/612 40/578/603
f 40/578/603 34/573/595 28/569/588
f 28/569/588 22/560/579 16/550/571
f 16/550/571 4/542/563 64/604/636
f 64/604/636 52/593/619 40/578/603
f 40/578/603 28/569/588 64/604/636
f 11/538/559 17/549/570 14/544/565
f 14/554/565 17/557/570 23/559/578
f 23/559/578 29/566/585 26/595/590
f 29/549/585 35/538/594 32/545/589
f 32/545/589 35/538/594 41/577/602
f 41/577/602 47/583/609 44/588/614
f 47/583/609 53/592/618 50/587/613
f 50/595/613 53/566/618 59/559/626
f 59/559/626 65/557/633 62/554/638
f 65/592/633 71/583/642 68/588/637
f 115/55/55 101/37/37 73/1/1
f 82/16/16 96/34/34 88/22/22
f 103/43/43 109/49/49 80/10/10
f 94/28/28 81/13/13 108/46/46
f 95/31/31 124/70/70 116/58/58
f 123/67/67 110/52/52 102/40/40
f 171/127/127 157/109/109 129/73/73
f 138/88/88 152/106/106 144/94/94
f 165/121/121 136/82/82 130/76/76
f 150/100/100 137/85/85 164/118/118
f 145/97/97 151/103/103 180/142/142
f 179/139/139 166/124/124 158/112/112
f 227/199/199 213/181/181 185/145/145
f 194/160/160 208/178/178 200/166/166
f 215/187/187 221/193/193 192/154/154
f 206/172/172 193/157/157 220/190/190
f 207/175/175 236/214/214 228/202/202
f 235/211/211 222/196/196 214/184/184
f 283/266/271 269/250/253 241/217/217
f 250/230/232 264/247/250 256/236/238
f 277/260/265 248/226/226 242/220/220
f 262/233/244 249/217/229 276/250/262
f 263/244/247 292/280/286 284/269/274
f 291/277/283 278/263/268 270/253/256
f 339/323/343 325/311/325 297/283/289
f 306/296/304 320/308/322 312/302/310
f 333/319/337 304/292/298 298/286/292
f 318/299/316 305/283/301 332/311/334
f 319/292/319 348/319/358 340/315/346
f 347/308/355 334/296/340 326/289/328
f 423/416/441 353/331/361 367/349/377
f 367/349/377 381/365/393 423/416/441
f 381/365/393 395/381/409 423/416/441
f 361/343/372 376/363/391 368/352/380
f 431/427/452 362/346/375 354/334/364
f 388/373/401 374/357/385 360/340/369
f 360/340/369 430/424/449 416/407/433
f 416/407/433 402/390/417 360/340/369
f 375/700/388 390/379/407 382/368/396
f 389/376/404 404/396/423 396/384/412
f 403/393/420 418/413/439 410/402/428
f 411/712/431 417/410/436 432/430/455
f 507/516/537 437/432/457 451/450/473
f 451/450/473 465/466/489 479/482/505
f 479/482/505 493/500/521 451/450/473
f 445/444/468 460/464/487 452/455/478
f 515/527/548 446/447/471 438/437/462
f 472/474/497 458/458/481 444/441/465
f 444/441/465 514/524/545 472/474/497
f 514/524/545 500/508/529 472/474/497
f 459/461/484 474/721/503 466/720/494
f 473/477/500 488/497/519 480/487/510
f 487/494/516 502/514/535 494/505/526
f 501/511/532 516/731/551 508/733/542
