# Blender 4.5.10 LTS
# www.blender.org
o cairn
v 0.011221 0.000140 1.775069 0.9802 0.9802 0.9802
v 0.038804 0.025866 1.786949 0.9488 0.9488 0.9488
v -0.014038 0.028152 1.786949 0.9378 0.9378 0.9378
v 0.027305 0.007329 1.787975 0.9802 0.9802 0.9802
v 0.011722 0.011729 1.791824 0.9488 0.9488 0.9488
v 0.012432 0.028131 1.790589 0.9378 0.9378 0.9378
v -0.004182 0.008691 1.787975 0.9595 0.9595 0.9595
v 0.024188 0.299860 1.682570 0.9265 0.9265 0.9265
v -0.003396 0.274134 1.711033 0.9378 0.9378 0.9378
v 0.049447 0.271848 1.711033 0.9488 0.9488 0.9488
v 0.009207 0.292624 1.700734 0.9488 0.9488 0.9488
v 0.023707 0.288737 1.706500 0.9488 0.9488 0.9488
v 0.023074 0.274113 1.714674 0.9488 0.9488 0.9488
v 0.038488 0.291357 1.700734 0.9488 0.9488 0.9488
v -1.157690 0.050713 1.349223 0.9902 0.9902 0.9902
v -1.143916 0.077036 1.375322 0.9902 0.9902 0.9902
v -1.184396 0.078787 1.341324 0.9902 0.9902 0.9902
v -1.153577 0.058419 1.369238 0.9902 0.9902 0.9902
v -1.167948 0.062767 1.362057 0.9902 0.9902 0.9902
v -1.166445 0.079134 1.361112 0.9902 0.9902 0.9902
v -1.177697 0.059463 1.348980 0.9902 0.9902 0.9902
v -1.085320 0.347862 1.278364 0.9488 0.9488 0.9488
v -1.125002 0.322660 1.283169 0.9902 0.9902 0.9902
v -1.084522 0.320909 1.317167 1.0000 1.0000 1.0000
v -1.108541 0.340982 1.282859 0.9902 0.9902 0.9902
v -1.101169 0.337404 1.296695 1.0000 1.0000 1.0000
v -1.107051 0.323007 1.302957 0.9902 0.9902 0.9902
v -1.086110 0.340012 1.301698 0.9902 0.9902 0.9902
v -1.779654 0.077622 0.270941 0.9902 0.9902 0.9902
v -1.785591 0.104798 0.299048 0.9802 0.9802 0.9802
v -1.794767 0.105195 0.246960 0.9802 0.9802 0.9802
v -1.789277 0.085922 0.288701 0.9802 0.9802 0.9802
v -1.795637 0.089924 0.273851 0.9802 0.9802 0.9802
v -1.793713 0.106273 0.273636 0.9802 0.9802 0.9802
v -1.794745 0.086159 0.257663 0.9902 0.9902 0.9902
v -1.675677 0.373404 0.254879 0.9802 0.9802 0.9802
v -1.709433 0.347945 0.233777 0.9902 0.9902 0.9902
v -1.700257 0.347548 0.285866 0.9700 0.9700 0.9700
v -1.696432 0.366417 0.243601 1.0000 1.0000 1.0000
v -1.699703 0.363300 0.259034 0.9802 0.9802 0.9802
v -1.708379 0.349023 0.260454 0.9700 0.9700 0.9700
v -1.691347 0.366197 0.272465 0.9802 0.9802 0.9802
v -1.563648 0.068276 -0.955235 0.9148 0.9148 0.9148
v -1.585974 0.096161 -0.938272 0.8365 0.8365 0.8365
v -1.559553 0.095018 -0.984078 0.8216 0.8216 0.8216
v -1.582345 0.076970 -0.948041 0.8777 0.8777 0.8777
v -1.577643 0.080492 -0.963612 0.8365 0.8365 0.8365
v -1.575865 0.096848 -0.962995 0.8216 0.8216 0.8216
v -1.566602 0.076288 -0.975335 0.8060 0.8060 0.8060
v -1.470649 0.364533 -0.908985 0.9378 0.9378 0.9378
v -1.483227 0.338159 -0.946120 0.9378 0.9378 0.9378
v -1.509649 0.339302 -0.900314 0.9595 0.9595 0.9595
v -1.479385 0.357027 -0.930759 0.9488 0.9488 0.9488
v -1.491835 0.354306 -0.920950 0.9595 0.9595 0.9595
v -1.499540 0.339988 -0.925038 0.9595 0.9595 0.9595
v -1.494026 0.357660 -0.905376 0.9595 0.9595 0.9595
v -0.610744 0.027049 -1.755565 1.0000 1.0000 1.0000
v -0.638468 0.055168 -1.757683 0.9902 0.9902 0.9902
v -0.588812 0.053019 -1.775773 0.9902 0.9902 0.9902
v -0.629607 0.035750 -1.762302 0.9902 0.9902 0.9902
v -0.615967 0.038886 -1.771309 1.0000 1.0000 1.0000
v -0.614836 0.055269 -1.770149 1.0000 1.0000 1.0000
v -0.600019 0.034470 -1.773082 1.0000 1.0000 1.0000
v -0.566169 0.325401 -1.668643 0.9595 0.9595 0.9595
v -0.552230 0.297879 -1.704436 0.9902 0.9902 0.9902
v -0.601886 0.300028 -1.686345 1.0000 1.0000 1.0000
v -0.558959 0.317205 -1.690725 0.9902 0.9902 0.9902
v -0.574827 0.314632 -1.691131 0.9902 0.9902 0.9902
v -0.578253 0.300129 -1.698812 0.9902 0.9902 0.9902
v -0.586474 0.318395 -1.680701 1.0000 1.0000 1.0000
v 0.633185 -0.026769 -1.755565 1.0000 1.0000 1.0000
v 0.613579 0.000998 -1.775773 0.9902 0.9902 0.9902
v 0.663234 -0.001150 -1.757683 0.9902 0.9902 0.9902
v 0.623141 -0.018450 -1.773082 0.9902 0.9902 0.9902
v 0.639411 -0.015428 -1.771309 0.9902 0.9902 0.9902
v 0.639699 0.000992 -1.770149 0.9902 0.9902 0.9902
v 0.652729 -0.019730 -1.762302 1.0000 1.0000 1.0000
v 0.614545 0.274318 -1.668643 0.9802 0.9802 0.9802
v 0.647936 0.245955 -1.686345 1.0000 1.0000 1.0000
v 0.598281 0.248103 -1.704436 0.9595 0.9595 0.9595
v 0.634169 0.265585 -1.680701 0.9902 0.9902 0.9902
v 0.622241 0.262842 -1.691131 0.9700 0.9700 0.9700
v 0.624401 0.248096 -1.698812 0.9595 0.9595 0.9595
v 0.606654 0.266775 -1.690725 0.9700 0.9700 0.9700
v 1.586089 -0.067996 -0.955235 0.9902 0.9902 0.9902
v 1.584319 -0.041000 -0.984078 0.9378 0.9378 0.9378
v 1.610740 -0.042143 -0.938272 0.9029 0.9029 0.9029
v 1.589724 -0.060269 -0.975335 0.9802 0.9802 0.9802
v 1.601087 -0.057034 -0.963612 0.9488 0.9488 0.9488
v 1.600729 -0.040587 -0.962995 0.9265 0.9265 0.9265
v 1.605468 -0.060950 -0.948041 0.9488 0.9488 0.9488
v 1.519024 0.235186 -0.908985 0.9488 0.9488 0.9488
v 1.555700 0.206680 -0.900314 0.9148 0.9148 0.9148
v 1.529278 0.207824 -0.946120 0.9595 0.9595 0.9595
v 1.541721 0.226320 -0.905376 0.9378 0.9378 0.9378
v 1.539248 0.223168 -0.920950 0.9595 0.9595 0.9595
v 1.545688 0.208237 -0.925037 0.9595 0.9595 0.9595
v 1.527080 0.226953 -0.930759 0.9595 0.9595 0.9595
v 1.802095 -0.077341 0.270941 1.0000 1.0000 1.0000
v 1.819533 -0.051177 0.246960 0.9802 0.9802 0.9802
v 1.810357 -0.050780 0.299048 0.9902 0.9902 0.9902
v 1.817867 -0.070139 0.257663 0.9902 0.9902 0.9902
v 1.819081 -0.066466 0.273851 1.0000 1.0000 1.0000
v 1.818576 -0.050012 0.273636 0.9802 0.9802 0.9802
v 1.812399 -0.069903 0.288701 1.0000 1.0000 1.0000
v 1.724053 0.226316 0.254879 0.9378 0.9378 0.9378
v 1.746308 0.198434 0.285866 0.9700 0.9700 0.9700
v 1.755484 0.198037 0.233777 0.9802 0.9802 0.9802
v 1.739042 0.217783 0.272465 0.9802 0.9802 0.9802
v 1.747117 0.214174 0.259034 0.9802 0.9802 0.9802
v 1.754526 0.199202 0.260454 0.9802 0.9802 0.9802
v 1.744127 0.217563 0.243601 0.9700 0.9700 0.9700
v 1.180131 -0.050432 1.349223 1.0000 1.0000 1.0000
v 1.209162 -0.024769 1.341323 0.9802 0.9802 0.9802
v 1.168682 -0.023018 1.375322 0.9700 0.9700 0.9700
v 1.200819 -0.043443 1.348979 0.9802 0.9802 0.9802
v 1.191392 -0.039309 1.362057 0.9802 0.9802 0.9802
v 1.191309 -0.022873 1.361112 0.9802 0.9802 0.9802
v 1.176699 -0.042399 1.369238 0.9802 0.9802 0.9802
v 1.133696 0.251857 1.278364 0.9378 0.9378 0.9378
v 1.130573 0.225073 1.317167 1.0000 1.0000 1.0000
v 1.171053 0.223322 1.283169 1.0000 1.0000 1.0000
v 1.133805 0.243968 1.301698 1.0000 1.0000 1.0000
v 1.148583 0.240070 1.296695 1.0000 1.0000 1.0000
v 1.153199 0.225218 1.302957 1.0000 1.0000 1.0000
v 1.156236 0.242998 1.282859 0.9902 0.9902 0.9902
v 0.494536 0.300118 1.461551 0.7721 0.7721 0.7721
v 0.522427 0.328276 1.466283 0.9488 0.9488 0.9488
v 0.471936 0.326110 1.481720 0.9700 0.9700 0.9700
v 0.513068 0.308691 1.469648 0.9029 0.9029 0.9029
v 0.499083 0.311773 1.478057 0.9148 0.9148 0.9148
v 0.498223 0.328216 1.477552 0.9802 0.9802 0.9802
v 0.483078 0.307405 1.478816 0.8645 0.8645 0.8645
v 0.460903 0.579882 1.390793 0.9378 0.9378 0.9378
v 0.444812 0.551724 1.424658 1.0000 1.0000 1.0000
v 0.495304 0.553890 1.409221 1.0000 1.0000 1.0000
v 0.452412 0.571350 1.412125 0.9902 0.9902 0.9902
v 0.468245 0.568652 1.413231 1.0000 1.0000 1.0000
v 0.471100 0.553830 1.420490 1.0000 1.0000 1.0000
v 0.480494 0.572554 1.403540 0.9902 0.9902 0.9902
v -0.543133 0.260067 1.406888 0.6181 0.6181 0.6181
v -0.524839 0.287638 1.429211 0.6181 0.6181 0.6181
v -0.573448 0.285979 1.408554 0.6181 0.6181 0.6181
v -0.534144 0.268144 1.425230 0.6181 0.6181 0.6181
v -0.550269 0.271272 1.422778 0.6181 0.6181 0.6181
v -0.550627 0.287735 1.422300 0.6181 0.6181 0.6181
v -0.563016 0.267158 1.412961 0.6181 0.6181 0.6181
v -0.523867 0.541874 1.338916 0.9378 0.9378 0.9378
v -0.557911 0.513239 1.353739 0.9700 0.9700 0.9700
v -0.509301 0.514898 1.374396 0.9902 0.9902 0.9902
v -0.544065 0.533010 1.349567 0.9802 0.9802 0.9802
v -0.532637 0.530021 1.360506 1.0000 1.0000 1.0000
v -0.535090 0.514995 1.367485 0.9802 0.9802 0.9802
v -0.517030 0.533933 1.361056 0.9802 0.9802 0.9802
v -1.303236 0.238757 0.697564 0.6181 0.6181 0.6181
v -1.303594 0.265509 0.727185 0.6181 0.6181 0.6181
v -1.327577 0.265133 0.680099 0.6181 0.6181 0.6181
v -1.308140 0.246268 0.717614 0.6181 0.6181 0.6181
v -1.318928 0.249722 0.705469 0.6181 0.6181 0.6181
v -1.318920 0.266195 0.705333 0.6181 0.6181 0.6181
v -1.322385 0.246044 0.689647 0.6181 0.6181 0.6181
v -1.245219 0.521650 0.665753 0.9595 0.9595 0.9595
v -1.280790 0.493269 0.654446 0.9488 0.9488 0.9488
v -1.256807 0.493645 0.701532 0.9488 0.9488 0.9488
v -1.267528 0.512892 0.660695 0.9700 0.9700 0.9700
v -1.265792 0.509466 0.676329 0.9902 0.9902 0.9902
v -1.272132 0.494331 0.679680 0.9378 0.9378 0.9378
v -1.254189 0.513101 0.686882 0.9902 0.9902 0.9902
v -1.430110 0.246158 -0.334521 0.6181 0.6181 0.6181
v -1.449452 0.272242 -0.311310 0.6181 0.6181 0.6181
v -1.437586 0.273325 -0.362793 0.6181 0.6181 0.6181
v -1.446760 0.253299 -0.322100 0.6181 0.6181 0.6181
v -1.447231 0.257206 -0.338235 0.6181 0.6181 0.6181
v -1.447161 0.273675 -0.337872 0.6181 0.6181 0.6181
v -1.439712 0.253943 -0.352679 0.6181 0.6181 0.6181
v -1.365625 0.528673 -0.313716 0.9488 0.9488 0.9488
v -1.385582 0.501157 -0.346014 0.9700 0.9700 0.9700
v -1.397448 0.500074 -0.294532 0.9378 0.9378 0.9378
v -1.379461 0.520408 -0.332162 0.9700 0.9700 0.9700
v -1.388168 0.516605 -0.319165 0.9700 0.9700 0.9700
v -1.395158 0.501507 -0.321094 0.9488 0.9488 0.9488
v -1.386060 0.519806 -0.303529 0.9802 0.9802 0.9802
v -0.864391 0.278807 -1.206442 0.6181 0.6181 0.6181
v -0.894162 0.304688 -1.200350 0.6181 0.6181 0.6181
v -0.852000 0.306723 -1.232140 0.6181 0.6181 0.6181
v -0.885141 0.285949 -1.207418 0.6181 0.6181 0.6181
v -0.875143 0.290223 -1.219971 0.6181 0.6181 0.6181
v -0.875347 0.306677 -1.219188 0.6181 0.6181 0.6181
v -0.860098 0.287157 -1.226300 0.6181 0.6181 0.6181
v -0.828747 0.559658 -1.141186 0.9378 0.9378 0.9378
v -0.823254 0.533212 -1.179515 0.9902 0.9902 0.9902
v -0.865417 0.531177 -1.147725 0.9802 0.9802 0.9802
v -0.827489 0.552043 -1.164433 0.9902 0.9902 0.9902
v -0.842505 0.548097 -1.160174 0.9902 0.9902 0.9902
v -0.846601 0.533166 -1.166563 0.9802 0.9802 0.9802
v -0.850939 0.550911 -1.146752 0.9902 0.9902 0.9902
v 0.129216 0.321428 -1.510218 0.7336 0.7336 0.7336
v 0.102448 0.347664 -1.523944 0.8905 0.8905 0.8905
v 0.155179 0.349699 -1.521166 0.9265 0.9265 0.9265
v 0.113929 0.328938 -1.524090 0.8365 0.8365 0.8365
v 0.129649 0.333324 -1.527167 0.8777 0.8777 0.8777
v 0.128966 0.349756 -1.526237 0.9265 0.9265 0.9265
v 0.145250 0.330147 -1.522440 0.8645 0.8645 0.8645
v 0.114206 0.600106 -1.429476 0.9488 0.9488 0.9488
v 0.143075 0.574436 -1.456052 0.9700 0.9700 0.9700
v 0.090344 0.572401 -1.458830 0.9802 0.9802 0.9802
v 0.130114 0.592993 -1.446690 0.9902 0.9902 0.9902
v 0.115876 0.589207 -1.453181 1.0000 1.0000 1.0000
v 0.116862 0.574494 -1.461123 0.9700 0.9700 0.9700
v 0.100786 0.591861 -1.448235 1.0000 1.0000 1.0000
v 1.085790 0.354077 -1.103709 0.7895 0.7895 0.7895
v 1.074054 0.381062 -1.130678 0.9700 0.9700 0.9700
v 1.112680 0.382145 -1.094632 0.9700 0.9700 0.9700
v 1.082974 0.362153 -1.123941 0.9265 0.9265 0.9265
v 1.096992 0.366341 -1.116082 0.9378 0.9378 0.9378
v 1.095848 0.382758 -1.115348 1.0000 1.0000 1.0000
v 1.105917 0.362796 -1.102531 0.9378 0.9378 0.9378
v 1.022014 0.631091 -1.043690 0.9802 0.9802 0.9802
v 1.061248 0.605540 -1.046231 1.0000 1.0000 1.0000
v 1.022623 0.604457 -1.082276 0.9902 0.9902 0.9902
v 1.045274 0.624098 -1.046862 0.9902 0.9902 0.9902
v 1.038537 0.620699 -1.061083 1.0000 1.0000 1.0000
v 1.044416 0.606153 -1.066947 1.0000 1.0000 1.0000
v 1.023792 0.623496 -1.066910 0.9802 0.9802 0.9802
v 1.557741 0.361478 -0.177125 0.8060 0.8060 0.8060
v 1.566030 0.389254 -0.204566 0.9802 0.9802 0.9802
v 1.572478 0.388878 -0.152119 0.9488 0.9488 0.9488
v 1.568567 0.370052 -0.194206 0.9378 0.9378 0.9378
v 1.574256 0.373825 -0.179066 0.9488 0.9488 0.9488
v 1.572883 0.390239 -0.178780 0.9802 0.9802 0.9802
v 1.572397 0.369828 -0.163055 0.9148 0.9148 0.9148
v 1.469905 0.638115 -0.164343 0.9802 0.9802 0.9802
v 1.501643 0.611969 -0.141811 1.0000 1.0000 1.0000
v 1.495196 0.612345 -0.194258 1.0000 1.0000 1.0000
v 1.489779 0.630803 -0.152033 0.9902 0.9902 0.9902
v 1.493755 0.627837 -0.167349 1.0000 1.0000 1.0000
v 1.502049 0.613329 -0.168472 1.0000 1.0000 1.0000
v 1.486193 0.631013 -0.181202 0.9902 0.9902 0.9902
v 1.324236 0.340168 0.835976 0.8365 0.8365 0.8365
v 1.348176 0.368407 0.821054 0.9902 0.9902 0.9902
v 1.319428 0.366748 0.865362 0.9700 0.9700 0.9700
v 1.343494 0.348938 0.830082 0.9378 0.9378 0.9378
v 1.338123 0.352275 0.845439 0.9595 0.9595 0.9595
v 1.336863 0.368699 0.845236 0.9802 0.9802 0.9802
v 1.326418 0.347952 0.856399 0.9148 0.9148 0.9148
v 1.248305 0.617891 0.797109 0.9802 0.9802 0.9802
v 1.258194 0.590715 0.834019 0.9902 0.9902 0.9902
v 1.286942 0.592374 0.789711 0.9902 0.9902 0.9902
v 1.255639 0.609971 0.819097 0.9902 0.9902 0.9902
v 1.268530 0.607282 0.809834 0.9902 0.9902 0.9902
v 1.275629 0.592665 0.813893 0.9902 0.9902 0.9902
v 1.271628 0.610894 0.794454 0.9902 0.9902 0.9902
v 0.752136 0.580054 0.995313 0.6181 0.6181 0.6181
v 0.780896 0.608082 0.992166 0.8365 0.8365 0.8365
v 0.737141 0.606562 1.021679 0.8777 0.8777 0.8777
v 0.772399 0.588490 0.997826 0.6181 0.6181 0.6181
v 0.761624 0.591770 1.009984 0.6181 0.6181 0.6181
v 0.761095 0.608246 1.010048 0.8645 0.8645 0.8645
v 0.746493 0.587591 1.015299 0.6181 0.6181 0.6181
v 0.710144 0.839946 0.946439 0.9488 0.9488 0.9488
v 0.703962 0.811918 0.983060 0.9802 0.9802 0.9802
v 0.747716 0.813437 0.953547 0.9802 0.9802 0.9802
v 0.708005 0.831535 0.969199 1.0000 1.0000 1.0000
v 0.723432 0.828613 0.965556 1.0000 1.0000 1.0000
v 0.727916 0.813601 0.971430 0.9802 0.9802 0.9802
v 0.732429 0.832384 0.952725 0.9902 0.9902 0.9902
v -0.077375 0.556927 1.202016 0.6181 0.6181 0.6181
v -0.053183 0.584529 1.218617 0.9029 0.9029 0.9029
v -0.105679 0.583365 1.213089 0.8645 0.8645 0.8645
v -0.063424 0.565011 1.217120 0.7895 0.7895 0.7895
v -0.079477 0.568321 1.219575 0.8365 0.8365 0.8365
v -0.079845 0.584800 1.219599 0.8777 0.8777 0.8777
v -0.094505 0.564321 1.213847 0.8216 0.8216 0.8216
v -0.076902 0.818004 1.142560 0.9378 0.9378 0.9378
v -0.105306 0.789655 1.166109 0.9700 0.9700 0.9700
v -0.052810 0.790820 1.171638 0.9802 0.9802 0.9802
v -0.093207 0.809365 1.158462 0.9700 0.9700 0.9700
v -0.079060 0.806240 1.165527 0.9802 0.9802 0.9802
v -0.079471 0.791091 1.172620 0.9802 0.9802 0.9802
v -0.063904 0.810015 1.161548 0.9802 0.9802 0.9802
v -0.845867 0.544622 0.827027 0.6875 0.6875 0.6875
v -0.837868 0.571641 0.855814 0.8905 0.8905 0.8905
v -0.874542 0.571377 0.817831 0.8777 0.8777 0.8777
v -0.844846 0.552307 0.847715 0.7895 0.7895 0.7895
v -0.858707 0.555844 0.839346 0.8060 0.8060 0.8060
v -0.858925 0.572326 0.839443 0.8905 0.8905 0.8905
v -0.866559 0.552151 0.825226 0.7536 0.7536 0.7536
v -0.806054 0.806328 0.786767 0.9148 0.9148 0.9148
v -0.843084 0.778165 0.786019 0.9488 0.9488 0.9488
v -0.806410 0.778429 0.824002 0.9488 0.9488 0.9488
v -0.828806 0.797767 0.788310 0.9802 0.9802 0.9802
v -0.822522 0.794336 0.802751 0.9802 0.9802 0.9802
v -0.827467 0.779114 0.807632 0.9595 0.9595 0.9595
v -0.808335 0.797914 0.809512 0.9700 0.9700 0.9700
v -1.193755 0.548896 0.045807 0.6875 0.6875 0.6875
v -1.205996 0.575449 0.073516 0.8508 0.8508 0.8508
v -1.209688 0.576208 0.020851 0.9029 0.9029 0.9029
v -1.206230 0.556323 0.062459 0.7895 0.7895 0.7895
v -1.211455 0.560177 0.047211 0.8365 0.8365 0.8365
v -1.211607 0.576658 0.047459 0.8777 0.8777 0.8777
v -1.208416 0.556773 0.031278 0.8365 0.8365 0.8365
v -1.136133 0.810383 0.045540 0.9595 0.9595 0.9595
v -1.164158 0.782824 0.020639 0.9700 0.9700 0.9700
v -1.160466 0.782064 0.073304 0.9700 0.9700 0.9700
v -1.154598 0.802168 0.031941 0.9902 0.9902 0.9902
v -1.159079 0.798470 0.046976 0.9902 0.9902 0.9902
v -1.166076 0.783274 0.047248 0.9700 0.9700 0.9700
v -1.152536 0.801744 0.061339 0.9902 0.9902 0.9902
v -0.958258 0.567749 -0.776102 0.7336 0.7336 0.7336
v -0.985316 0.594170 -0.762231 0.9265 0.9265 0.9265
v -0.954298 0.595598 -0.804935 0.9595 0.9595 0.9595
v -0.978481 0.575181 -0.771217 0.8365 0.8365 0.8365
v -0.972668 0.579293 -0.786182 0.9265 0.9265 0.9265
v -0.972865 0.595771 -0.785774 0.9595 0.9595 0.9595
v -0.960117 0.576026 -0.796501 0.8645 0.8645 0.8645
v -0.912691 0.828271 -0.734295 0.9378 0.9378 0.9378
v -0.918294 0.801451 -0.771901 0.9902 0.9902 0.9902
v -0.949311 0.800024 -0.729197 0.9902 0.9902 0.9902
v -0.918139 0.820509 -0.756731 1.0000 1.0000 1.0000
v -0.931252 0.816709 -0.748162 1.0000 1.0000 1.0000
v -0.936860 0.801624 -0.752740 0.9902 0.9902 0.9902
v -0.935453 0.819712 -0.732894 1.0000 1.0000 1.0000
v -0.249567 0.592359 -1.254119 0.7536 0.7536 0.7536
v -0.279086 0.619046 -1.260371 0.9488 0.9488 0.9488
v -0.227872 0.620474 -1.273133 0.9378 0.9378 0.9378
v -0.268166 0.600055 -1.263227 0.8508 0.8508 0.8508
v -0.254075 0.604248 -1.270879 0.8905 0.8905 0.8905
v -0.254410 0.620721 -1.270378 0.9378 0.9378 0.9378
v -0.237844 0.600901 -1.270783 0.8645 0.8645 0.8645
v -0.240280 0.851622 -1.187842 0.9595 0.9595 0.9595
v -0.220534 0.825332 -1.220763 0.9700 0.9700 0.9700
v -0.271748 0.823904 -1.208002 0.9802 0.9802 0.9802
v -0.230073 0.844207 -1.208678 1.0000 1.0000 1.0000
v -0.245644 0.840518 -1.210611 1.0000 1.0000 1.0000
v -0.247071 0.825578 -1.218009 0.9802 0.9802 0.9802
v -0.258661 0.843410 -1.201555 1.0000 1.0000 1.0000
v 0.600712 0.611212 -1.164576 0.6181 0.6181 0.6181
v 0.582240 0.638436 -1.187820 0.9378 0.9378 0.9378
v 0.629687 0.639196 -1.164668 0.9595 0.9595 0.9595
v 0.592352 0.619308 -1.183355 0.8365 0.8365 0.8365
v 0.608085 0.623364 -1.180084 0.8645 0.8645 0.8645
v 0.607586 0.639833 -1.179601 0.9488 0.9488 0.9488
v 0.620444 0.619758 -1.169647 0.8508 0.8508 0.8508
v 0.566472 0.869509 -1.102882 0.9802 0.9802 0.9802
v 0.602632 0.843291 -1.115920 1.0000 1.0000 1.0000
v 0.555185 0.842531 -1.139072 1.0000 1.0000 1.0000
v 0.587647 0.862175 -1.112430 0.9902 0.9902 0.9902
v 0.576941 0.858757 -1.123984 1.0000 1.0000 1.0000
v 0.580531 0.843928 -1.130853 1.0000 1.0000 1.0000
v 0.561163 0.861751 -1.125353 0.9902 0.9902 0.9902
v 1.194725 0.615486 -0.549370 0.6181 0.6181 0.6181
v 1.195639 0.643268 -0.578524 0.9378 0.9378 0.9378
v 1.217118 0.643004 -0.530292 0.9265 0.9265 0.9265
v 1.200426 0.623931 -0.568973 0.6181 0.6181 0.6181
v 1.210398 0.627697 -0.556282 0.6181 0.6181 0.6181
v 1.209783 0.644166 -0.555919 0.9378 0.9378 0.9378
v 1.213143 0.623774 -0.540416 0.6181 0.6181 0.6181
v 1.130077 0.873564 -0.519169 0.9802 0.9802 0.9802
v 1.166036 0.846926 -0.506429 0.9700 0.9700 0.9700
v 1.144557 0.847190 -0.554661 0.9802 0.9802 0.9802
v 1.152401 0.866005 -0.513021 0.9902 0.9902 0.9902
v 1.151607 0.862891 -0.528815 0.9802 0.9802 0.9802
v 1.158701 0.848088 -0.532055 0.9802 0.9802 0.9802
v 1.140412 0.866152 -0.539944 0.9902 0.9902 0.9902
v 1.254527 0.603180 0.303637 0.6181 0.6181 0.6181
v 1.274095 0.631280 0.282419 0.9029 0.9029 0.9029
v 1.259555 0.630116 0.333164 0.8508 0.8508 0.8508
v 1.271532 0.611760 0.292443 0.6181 0.6181 0.6181
v 1.271036 0.615220 0.308643 0.6181 0.6181 0.6181
v 1.270409 0.631691 0.308842 0.8645 0.8645 0.8645
v 1.262924 0.611071 0.322487 0.6181 0.6181 0.6181
v 1.186818 0.861889 0.290171 0.9700 0.9700 0.9700
v 1.206054 0.834536 0.322524 0.9488 0.9488 0.9488
v 1.220593 0.835700 0.271779 0.9902 0.9902 0.9902
v 1.199935 0.853904 0.309079 0.9802 0.9802 0.9802
v 1.209461 0.850986 0.296408 0.9902 0.9902 0.9902
v 1.216908 0.836111 0.298201 0.9700 0.9700 0.9700
v 1.208050 0.854554 0.280753 1.0000 1.0000 1.0000
v 0.740655 0.840000 0.603457 0.6181 0.6181 0.6181
v 0.768371 0.867527 0.592051 0.8777 0.8777 0.8777
v 0.735170 0.867390 0.633050 0.8508 0.8508 0.8508
v 0.761079 0.848083 0.600000 0.6181 0.6181 0.6181
v 0.754519 0.851773 0.614723 0.8216 0.8216 0.8216
v 0.754726 0.868267 0.614946 0.8645 0.8645 0.8645
v 0.741493 0.848002 0.624186 0.6181 0.6181 0.6181
v 0.700629 1.080000 0.571845 0.9378 0.9378 0.9378
v 0.704303 1.052474 0.608671 0.9595 0.9595 0.9595
v 0.737504 1.052610 0.567672 0.9378 0.9378 0.9378
v 0.704859 1.071919 0.594267 0.9902 0.9902 0.9902
v 0.718455 1.068563 0.586242 0.9802 0.9802 0.9802
v 0.723859 1.053350 0.590568 0.9378 0.9378 0.9378
v 0.723466 1.071996 0.571288 0.9595 0.9595 0.9595
v 0.160063 0.838351 0.952311 0.6875 0.6875 0.6875
v 0.188652 0.865837 0.961430 0.9148 0.9148 0.9148
v 0.136865 0.865733 0.971497 0.9148 0.9148 0.9148
v 0.177939 0.846401 0.962803 0.8216 0.8216 0.8216
v 0.163453 0.850094 0.969871 0.8508 0.8508 0.8508
v 0.163484 0.866587 0.970200 0.9378 0.9378 0.9378
v 0.147389 0.846340 0.968742 0.8060 0.8060 0.8060
v 0.149941 1.078435 0.902731 0.9378 0.9378 0.9378
v 0.129059 1.050882 0.933262 0.9902 0.9902 0.9902
v 0.180846 1.050987 0.923195 0.9802 0.9802 0.9802
v 0.138761 1.070335 0.922614 0.9902 0.9902 0.9902
v 0.154331 1.066961 0.925201 1.0000 1.0000 1.0000
v 0.155677 1.051736 0.931965 0.9802 0.9802 0.9802
v 0.167786 1.070393 0.916972 0.9902 0.9902 0.9902
v -0.508935 0.837474 0.846351 0.7336 0.7336 0.7336
v -0.492872 0.864907 0.871755 0.9265 0.9265 0.9265
v -0.539014 0.864883 0.846178 0.9265 0.9265 0.9265
v -0.501979 0.845488 0.865891 0.9029 0.9029 0.9029
v -0.517615 0.849201 0.861999 0.9029 0.9029 0.9029
v -0.517789 0.865694 0.862296 0.9378 0.9378 0.9378
v -0.529199 0.845474 0.850802 0.8905 0.8905 0.8905
v -0.484602 1.077603 0.802229 0.9378 0.9378 0.9378
v -0.520248 1.050067 0.812152 0.9902 0.9902 0.9902
v -0.474106 1.050091 0.837729 0.9902 0.9902 0.9902
v -0.505954 1.069510 0.810261 0.9700 0.9700 0.9700
v -0.495692 1.066108 0.822246 1.0000 1.0000 1.0000
v -0.499023 1.050878 0.828270 0.9902 0.9902 0.9902
v -0.480093 1.069523 0.824596 0.9700 0.9700 0.9700
v -0.953310 0.837778 0.335157 0.7536 0.7536 0.7536
v -0.957309 0.865170 0.364985 0.9378 0.9378 0.9378
v -0.976215 0.865238 0.315733 0.9265 0.9265 0.9265
v -0.960534 0.845770 0.354609 0.8645 0.8645 0.8645
v -0.970007 0.849511 0.341583 0.8905 0.8905 0.8905
v -0.970316 0.866004 0.341724 0.9488 0.9488 0.9488
v -0.971687 0.845810 0.325554 0.8777 0.8777 0.8777
v -0.906089 1.077892 0.317364 0.9700 0.9700 0.9700
v -0.939799 1.050410 0.302011 0.9902 0.9902 0.9902
v -0.920893 1.050342 0.351263 0.9802 0.9802 0.9802
v -0.927616 1.069830 0.309780 0.9902 0.9902 0.9902
v -0.927462 1.066404 0.325552 0.9902 0.9902 0.9902
v -0.933900 1.051176 0.328002 0.9802 0.9802 0.9802
v -0.917019 1.069792 0.337384 0.9902 0.9902 0.9902
v -0.965132 0.839123 -0.342077 0.7536 0.7536 0.7536
v -0.987344 0.866504 -0.321757 0.9488 0.9488 0.9488
v -0.970168 0.866632 -0.371638 0.9700 0.9700 0.9700
v -0.983162 0.847115 -0.331807 0.8905 0.8905 0.8905
v -0.982043 0.850880 -0.347870 0.9378 0.9378 0.9378
v -0.982355 0.867373 -0.347935 0.9595 0.9595 0.9595
v -0.973030 0.847191 -0.361233 0.9029 0.9029 0.9029
v -0.917302 1.079167 -0.324990 0.9488 0.9488 0.9488
v -0.933282 1.051751 -0.358461 0.9902 0.9902 0.9902
v -0.950458 1.051622 -0.308579 0.9802 0.9802 0.9802
v -0.928926 1.071146 -0.344649 0.9902 0.9902 0.9902
v -0.938949 1.067710 -0.332473 0.9902 0.9902 0.9902
v -0.945469 1.052492 -0.334757 0.9802 0.9802 0.9802
v -0.938552 1.071074 -0.316692 0.9902 0.9902 0.9902
v -0.538871 0.840878 -0.868467 0.6181 0.6181 0.6181
v -0.568923 0.868284 -0.867136 0.9265 0.9265 0.9265
v -0.523702 0.868413 -0.894307 0.8777 0.8777 0.8777
v -0.559276 0.848894 -0.872177 0.8508 0.8508 0.8508
v -0.548091 0.852666 -0.883755 0.8645 0.8645 0.8645
v -0.548273 0.869160 -0.883981 0.9488 0.9488 0.9488
v -0.532600 0.848970 -0.888205 0.8365 0.8365 0.8365
v -0.512995 1.080832 -0.824268 0.9378 0.9378 0.9378
v -0.503747 1.053461 -0.860222 0.9902 0.9902 0.9902
v -0.548968 1.053333 -0.833050 0.9902 0.9902 0.9902
v -0.509270 1.072841 -0.846811 1.0000 1.0000 1.0000
v -0.524778 1.069415 -0.843932 1.0000 1.0000 1.0000
v -0.528318 1.054209 -0.849896 0.9902 0.9902 0.9902
v -0.534615 1.072769 -0.831582 1.0000 1.0000 1.0000
v 0.126022 0.842222 -0.997708 0.6181 0.6181 0.6181
v 0.102171 0.869678 -1.015963 0.8508 0.8508 0.8508
v 0.154277 0.869747 -1.007710 0.8905 0.8905 0.8905
v 0.112783 0.850275 -1.013654 0.6181 0.6181 0.6181
v 0.128798 0.854035 -1.015328 0.6181 0.6181 0.6181
v 0.128818 0.870530 -1.015593 0.9029 0.9029 0.9029
v 0.143521 0.850316 -1.008785 0.6181 0.6181 0.6181
v 0.117653 1.082107 -0.946852 0.9488 0.9488 0.9488
v 0.147823 1.054742 -0.968491 0.9700 0.9700 0.9700
v 0.095716 1.054674 -0.976744 0.9902 0.9902 0.9902
v 0.134989 1.074123 -0.961739 0.9700 0.9700 0.9700
v 0.121256 1.070722 -0.969507 0.9902 0.9902 0.9902
v 0.122364 1.055525 -0.976374 0.9700 0.9700 0.9700
v 0.105785 1.074085 -0.966365 0.9902 0.9902 0.9902
v 0.718436 0.842527 -0.669327 0.6181 0.6181 0.6181
v 0.711924 0.870034 -0.698601 0.8905 0.8905 0.8905
v 0.746535 0.870010 -0.658786 0.9148 0.9148 0.9148
v 0.718551 0.850611 -0.690041 0.6181 0.6181 0.6181
v 0.731899 0.854346 -0.681023 0.6181 0.6181 0.6181
v 0.732100 0.870840 -0.681188 0.9148 0.9148 0.9148
v 0.738969 0.850597 -0.666553 0.6181 0.6181 0.6181
v 0.679554 1.082396 -0.635385 0.9700 0.9700 0.9700
v 0.716551 1.054993 -0.632610 0.9802 0.9802 0.9802
v 0.681939 1.055017 -0.672426 0.9700 0.9700 0.9700
v 0.702397 1.074392 -0.635657 0.9802 0.9802 0.9802
v 0.696866 1.071018 -0.650440 0.9802 0.9802 0.9802
v 0.702115 1.055823 -0.655012 0.9802 0.9802 0.9802
v 0.682999 1.074405 -0.657972 0.9802 0.9802 0.9802
v 0.961173 0.841650 -0.036978 0.6181 0.6181 0.6181
v 0.975027 0.869184 -0.063547 0.9148 0.9148 0.9148
v 0.975948 0.869079 -0.010799 0.8645 0.8645 0.8645
v 0.974584 0.849746 -0.052759 0.6181 0.6181 0.6181
v 0.979015 0.853452 -0.037266 0.6181 0.6181 0.6181
v 0.979291 0.869946 -0.037238 0.9148 0.9148 0.9148
v 0.975127 0.849684 -0.021642 0.6181 0.6181 0.6181
v 0.909790 1.081564 -0.035604 0.9595 0.9595 0.9595
v 0.936322 1.054097 -0.009740 0.9378 0.9378 0.9378
v 0.935401 1.054202 -0.062488 0.9700 0.9700 0.9700
v 0.927456 1.073521 -0.021142 0.9802 0.9802 0.9802
v 0.932719 1.070165 -0.036027 0.9700 0.9700 0.9700
v 0.939664 1.054964 -0.036179 0.9595 0.9595 0.9595
v 0.926940 1.073580 -0.050706 0.9802 0.9802 0.9802
v 0.679697 1.080019 0.289766 0.6181 0.6181 0.6181
v 0.703839 1.107128 0.270545 0.9029 0.9029 0.9029
v 0.684093 1.108100 0.319419 0.8777 0.8777 0.8777
v 0.698500 1.087816 0.280490 0.8216 0.8216 0.8216
v 0.696680 1.091827 0.296393 0.8216 0.8216 0.8216
v 0.697538 1.108313 0.296411 0.8905 0.8905 0.8905
v 0.686891 1.088387 0.309223 0.8216 0.8216 0.8216
v 0.644128 1.299981 0.271022 0.8645 0.8645 0.8645
v 0.657449 1.272872 0.305379 0.9488 0.9488 0.9488
v 0.677195 1.271900 0.256505 0.9265 0.9265 0.9265
v 0.654412 1.292172 0.291330 0.9265 0.9265 0.9265
v 0.664977 1.288464 0.279675 0.9595 0.9595 0.9595
v 0.670894 1.273085 0.282371 0.9488 0.9488 0.9488
v 0.665520 1.291625 0.263834 0.9378 0.9378 0.9378
v 0.327197 1.089142 0.681213 0.7118 0.7118 0.7118
v 0.357791 1.116545 0.681775 0.8905 0.8905 0.8905
v 0.311243 1.117289 0.706520 0.9378 0.9378 0.9378
v 0.347490 1.097171 0.686125 0.8216 0.8216 0.8216
v 0.335837 1.101166 0.697105 0.8508 0.8508 0.8508
v 0.336328 1.117662 0.697532 0.9148 0.9148 0.9148
v 0.320124 1.097608 0.700673 0.8216 0.8216 0.8216
v 0.309935 1.308630 0.642141 0.8905 0.8905 0.8905
v 0.298312 1.281706 0.677251 0.9488 0.9488 0.9488
v 0.344860 1.280962 0.652506 0.9595 0.9595 0.9595
v 0.304835 1.300960 0.664373 0.9488 0.9488 0.9488
v 0.320454 1.297380 0.662265 0.9595 0.9595 0.9595
v 0.323397 1.282079 0.668263 0.9488 0.9488 0.9488
v 0.331021 1.300542 0.650452 0.9378 0.9378 0.9378
v -0.194509 1.093996 0.754495 0.7336 0.7336 0.7336
v -0.171690 1.121783 0.774355 0.9378 0.9378 0.9378
v -0.223259 1.121951 0.763392 0.9148 0.9148 0.9148
v -0.182196 1.102282 0.771232 0.8216 0.8216 0.8216
v -0.198216 1.106135 0.772122 0.8905 0.8905 0.8905
v -0.198269 1.122636 0.772624 0.9148 0.9148 0.9148
v -0.212514 1.102381 0.764786 0.8508 0.8508 0.8508
v -0.184676 1.313233 0.711617 0.9265 0.9265 0.9265
v -0.215893 1.286179 0.731272 0.9802 0.9802 0.9802
v -0.164324 1.286011 0.742235 0.9595 0.9595 0.9595
v -0.202800 1.305509 0.725436 0.9595 0.9595 0.9595
v -0.189447 1.302125 0.733889 0.9700 0.9700 0.9700
v -0.190904 1.286864 0.740504 0.9700 0.9700 0.9700
v -0.173790 1.305414 0.731603 0.9595 0.9595 0.9595
v -0.641309 1.092310 0.475322 0.6875 0.6875 0.6875
v -0.636853 1.120391 0.504967 0.9029 0.9029 0.9029
v -0.669313 1.119905 0.463426 0.8905 0.8905 0.8905
v -0.642710 1.100758 0.495987 0.8216 0.8216 0.8216
v -0.655591 1.104409 0.486340 0.8508 0.8508 0.8508
v -0.656109 1.120908 0.486552 0.9148 0.9148 0.9148
v -0.661794 1.100473 0.471564 0.7895 0.7895 0.7895
v -0.608272 1.311634 0.446942 0.8777 0.8777 0.8777
v -0.644565 1.284199 0.442167 0.9802 0.9802 0.9802
v -0.612105 1.284684 0.483708 0.9595 0.9595 0.9595
v -0.630965 1.303689 0.445946 0.9378 0.9378 0.9378
v -0.626137 1.300477 0.461032 0.9595 0.9595 0.9595
v -0.631361 1.285202 0.465293 0.9802 0.9802 0.9802
v -0.612704 1.303962 0.469316 0.9595 0.9595 0.9595
v -0.804140 1.084873 -0.025679 0.6591 0.6591 0.6591
v -0.820043 1.113021 -0.000340 0.8508 0.8508 0.8508
v -0.818206 1.112108 -0.053022 0.9029 0.9029 0.9029
v -0.818575 1.093312 -0.010819 0.8060 0.8060 0.8060
v -0.822277 1.096796 -0.026518 0.8216 0.8216 0.8216
v -0.822964 1.113288 -0.026828 0.8905 0.8905 0.8905
v -0.817495 1.092775 -0.041791 0.8060 0.8060 0.8060
v -0.762647 1.304584 -0.028040 0.9148 0.9148 0.9148
v -0.787124 1.276691 -0.054790 0.9700 0.9700 0.9700
v -0.788960 1.277604 -0.002109 0.9700 0.9700 0.9700
v -0.779317 1.296352 -0.043319 0.9700 0.9700 0.9700
v -0.785284 1.293208 -0.028632 0.9802 0.9802 0.9802
v -0.791882 1.277871 -0.028596 0.9902 0.9902 0.9902
v -0.780350 1.296866 -0.013682 0.9488 0.9488 0.9488
v -0.606812 1.075164 -0.514083 0.6181 0.6181 0.6181
v -0.635543 1.103121 -0.505128 0.9029 0.9029 0.9029
v -0.600269 1.102208 -0.544300 0.9029 0.9029 0.9029
v -0.627499 1.083427 -0.512046 0.8060 0.8060 0.8060
v -0.620278 1.086858 -0.526481 0.8645 0.8645 0.8645
v -0.620760 1.103339 -0.527300 0.9148 0.9148 0.9148
v -0.606761 1.082891 -0.535075 0.7536 0.7536 0.7536
v -0.575567 1.295379 -0.491078 0.6181 0.6181 0.6181
v -0.576863 1.267168 -0.527067 0.9378 0.9378 0.9378
v -0.612138 1.268081 -0.487895 0.9265 0.9265 0.9265
v -0.578440 1.286932 -0.513428 0.8777 0.8777 0.8777
v -0.592421 1.283719 -0.505984 0.8905 0.8905 0.8905
v -0.597355 1.268300 -0.510067 0.9488 0.9488 0.9488
v -0.598284 1.287446 -0.491391 0.8216 0.8216 0.8216
v -0.141657 1.067727 -0.761360 0.6181 0.6181 0.6181
v -0.169684 1.095323 -0.773199 0.8777 0.8777 0.8777
v -0.117477 1.094837 -0.780533 0.9029 0.9029 0.9029
v -0.158891 1.075730 -0.773164 0.6181 0.6181 0.6181
v -0.144113 1.079244 -0.779611 0.6181 0.6181 0.6181
v -0.144111 1.095718 -0.780687 0.8645 0.8645 0.8645
v -0.128198 1.075444 -0.777475 0.6181 0.6181 0.6181
v -0.134569 1.288328 -0.725514 0.6181 0.6181 0.6181
v -0.112168 1.260087 -0.753680 0.9029 0.9029 0.9029
v -0.164374 1.260573 -0.746347 0.9029 0.9029 0.9029
v -0.122327 1.279835 -0.744411 0.8060 0.8060 0.8060
v -0.137791 1.276450 -0.747666 0.8365 0.8365 0.8365
v -0.138802 1.260968 -0.753835 0.9148 0.9148 0.9148
v -0.151697 1.280109 -0.740285 0.8060 0.8060 0.8060
v 0.373674 1.066041 -0.651807 0.6181 0.6181 0.6181
v 0.359555 1.093277 -0.679122 0.8905 0.8905 0.8905
v 0.404266 1.093446 -0.651185 0.9148 0.9148 0.9148
v 0.367983 1.073821 -0.671994 0.6181 0.6181 0.6181
v 0.383415 1.077519 -0.667466 0.6181 0.6181 0.6181
v 0.383953 1.093991 -0.668427 0.9029 0.9029 0.9029
v 0.394270 1.073920 -0.655569 0.6181 0.6181 0.6181
v 0.353999 1.286730 -0.621650 0.7895 0.7895 0.7895
v 0.389527 1.258761 -0.628595 0.9378 0.9378 0.9378
v 0.344816 1.258592 -0.656532 0.9595 0.9595 0.9595
v 0.375602 1.278384 -0.628189 0.8645 0.8645 0.8645
v 0.365879 1.274803 -0.640593 0.9265 0.9265 0.9265
v 0.369215 1.259306 -0.645837 0.9595 0.9595 0.9595
v 0.350449 1.278289 -0.643905 0.9378 0.9378 0.9378
v 0.698052 1.070896 -0.236686 0.6181 0.6181 0.6181
v 0.704536 1.097939 -0.266915 0.9148 0.9148 0.9148
v 0.720831 1.098683 -0.216780 0.9029 0.9029 0.9029
v 0.706594 1.078594 -0.255873 0.6181 0.6181 0.6181
v 0.715470 1.082488 -0.242519 0.6181 0.6181 0.6181
v 0.716347 1.098965 -0.243048 0.9378 0.9378 0.9378
v 0.716173 1.079031 -0.226398 0.6181 0.6181 0.6181
v 0.661530 1.291332 -0.228088 0.8777 0.8777 0.8777
v 0.693472 1.263810 -0.210340 0.9148 0.9148 0.9148
v 0.677178 1.263066 -0.260475 0.9595 0.9595 0.9595
v 0.682360 1.283256 -0.219143 0.9029 0.9029 0.9029
v 0.682917 1.279547 -0.234864 0.9029 0.9029 0.9029
v 0.688988 1.264092 -0.236608 0.9378 0.9378 0.9378
v 0.673193 1.282837 -0.247347 0.9148 0.9148 0.9148
v -0.516276 1.285846 -0.022341 0.6181 0.6181 0.6181
v -0.520320 1.313834 -0.050060 0.7118 0.7118 0.7118
v -0.487896 1.313004 -0.027345 0.7721 0.7721 0.7721
v -0.519474 1.294044 -0.041882 0.6181 0.6181 0.6181
v -0.502824 1.297196 -0.041128 0.6181 0.6181 0.6181
v -0.499407 1.313247 -0.045420 0.7336 0.7336 0.7336
v -0.496547 1.293457 -0.025820 0.6181 0.6181 0.6181
v -0.514363 1.517744 -0.051111 0.9148 0.9148 0.9148
v -0.508683 1.545732 -0.023680 0.9802 0.9802 0.9802
v -0.481938 1.516914 -0.028396 0.9029 0.9029 0.9029
v -0.512361 1.537534 -0.043136 0.9595 0.9595 0.9595
v -0.495923 1.533424 -0.042345 0.9265 0.9265 0.9265
v -0.489433 1.536947 -0.027074 0.9488 0.9488 0.9488
v -0.493449 1.517157 -0.046471 0.9148 0.9148 0.9148
v -0.484325 1.285846 0.158863 0.6181 0.6181 0.6181
v -0.455945 1.313004 0.153859 0.7895 0.7895 0.7895
v -0.478645 1.313834 0.186294 0.7721 0.7721 0.7721
v -0.464596 1.293457 0.155385 0.6181 0.6181 0.6181
v -0.465259 1.297196 0.171917 0.6181 0.6181 0.6181
v -0.460579 1.313247 0.174781 0.7336 0.7336 0.7336
v -0.480647 1.294044 0.178319 0.6181 0.6181 0.6181
v -0.476732 1.545732 0.157525 0.9902 0.9902 0.9902
v -0.472688 1.517744 0.185243 0.9029 0.9029 0.9029
v -0.449987 1.516914 0.152809 0.9148 0.9148 0.9148
v -0.473533 1.537534 0.177065 0.9378 0.9378 0.9378
v -0.458357 1.533424 0.170700 0.9148 0.9148 0.9148
v -0.454622 1.517157 0.173730 0.8645 0.8645 0.8645
v -0.457482 1.536947 0.154130 0.9378 0.9378 0.9378
v -0.795838 1.294268 0.026953 0.8905 0.8905 0.8905
v -0.822583 1.323086 0.031669 0.9700 0.9700 0.9700
v -0.799883 1.322256 -0.000766 0.9378 0.9378 0.9378
v -0.815089 1.303052 0.030347 0.9488 0.9488 0.9488
v -0.814213 1.306576 0.013778 0.9488 0.9488 0.9488
v -0.817948 1.322843 0.010747 0.9802 0.9802 0.9802
v -0.799037 1.302465 0.007413 0.9029 0.9029 0.9029
v -0.788246 1.554153 0.025614 1.0000 1.0000 1.0000
v -0.793925 1.526166 -0.001816 0.9802 0.9802 0.9802
v -0.816626 1.526996 0.030619 1.0000 1.0000 1.0000
v -0.791923 1.545956 0.006158 1.0000 1.0000 1.0000
v -0.807312 1.542804 0.012561 1.0000 1.0000 1.0000
v -0.811991 1.526753 0.009697 1.0000 1.0000 1.0000
v -0.807975 1.546543 0.029093 1.0000 1.0000 1.0000
v -0.763887 1.294268 0.208158 0.9148 0.9148 0.9148
v -0.758207 1.322255 0.235588 0.9148 0.9148 0.9148
v -0.790632 1.323086 0.212874 0.9700 0.9700 0.9700
v -0.760209 1.302465 0.227614 0.8777 0.8777 0.8777
v -0.776647 1.306576 0.226823 0.9488 0.9488 0.9488
v -0.779121 1.322843 0.230948 0.9378 0.9378 0.9378
v -0.783137 1.303052 0.211552 0.9488 0.9488 0.9488
v -0.756294 1.554153 0.206819 1.0000 1.0000 1.0000
v -0.784675 1.526996 0.211823 1.0000 1.0000 1.0000
v -0.752250 1.526166 0.234538 0.9802 0.9802 0.9802
v -0.776024 1.546543 0.210298 1.0000 1.0000 1.0000
v -0.769746 1.542804 0.225606 1.0000 1.0000 1.0000
v -0.773164 1.526753 0.229898 0.9902 0.9902 0.9902
v -0.753096 1.545956 0.226359 0.9902 0.9902 0.9902
v -0.348827 1.295531 0.336286 0.6181 0.6181 0.6181
v -0.372378 1.323510 0.321103 0.8216 0.8216 0.8216
v -0.333394 1.324582 0.314244 0.7895 0.7895 0.7895
v -0.365226 1.303726 0.325186 0.6181 0.6181 0.6181
v -0.353064 1.307975 0.314152 0.6181 0.6181 0.6181
v -0.354312 1.324268 0.309601 0.7721 0.7721 0.7721
v -0.337659 1.304484 0.320336 0.6181 0.6181 0.6181
v -0.376857 1.527361 0.327500 0.9265 0.9265 0.9265
v -0.354535 1.555340 0.344438 0.9802 0.9802 0.9802
v -0.337872 1.528432 0.320641 0.8905 0.8905 0.8905
v -0.370574 1.547145 0.332825 0.9378 0.9378 0.9378
v -0.358252 1.544134 0.321562 0.9265 0.9265 0.9265
v -0.343008 1.547903 0.327974 0.9488 0.9488 0.9488
v -0.358791 1.528119 0.315997 0.8777 0.8777 0.8777
v -0.198103 1.295531 0.441824 0.6181 0.6181 0.6181
v -0.182670 1.324582 0.419782 0.7895 0.7895 0.7895
v -0.175782 1.323510 0.458762 0.7336 0.7336 0.7336
v -0.186935 1.304483 0.425874 0.6181 0.6181 0.6181
v -0.175855 1.307975 0.438235 0.6181 0.6181 0.6181
v -0.171152 1.324268 0.437851 0.7721 0.7721 0.7721
v -0.182065 1.303726 0.453437 0.6181 0.6181 0.6181
v -0.203812 1.555340 0.449976 0.9902 0.9902 0.9902
v -0.180261 1.527361 0.465158 0.9148 0.9148 0.9148
v -0.187148 1.528432 0.426179 0.9265 0.9265 0.9265
v -0.187413 1.547145 0.461075 0.9700 0.9700 0.9700
v -0.181044 1.544134 0.445645 0.9488 0.9488 0.9488
v -0.175630 1.528119 0.444248 0.9265 0.9265 0.9265
v -0.192284 1.547903 0.433512 0.9595 0.9595 0.9595
v -0.511603 1.284660 0.568754 0.8508 0.8508 0.8508
v -0.528267 1.311567 0.592552 0.9700 0.9700 0.9700
v -0.535155 1.312639 0.553572 0.8905 0.8905 0.8905
v -0.523131 1.292097 0.585218 0.9265 0.9265 0.9265
v -0.534371 1.295867 0.573085 0.9029 0.9029 0.9029
v -0.539785 1.311881 0.574482 0.9378 0.9378 0.9378
v -0.528002 1.292855 0.557655 0.8365 0.8365 0.8365
v -0.517312 1.544469 0.576907 1.0000 1.0000 1.0000
v -0.539633 1.516490 0.559968 0.9700 0.9700 0.9700
v -0.532745 1.515418 0.598948 1.0000 1.0000 1.0000
v -0.533350 1.536274 0.565293 0.9700 0.9700 0.9700
v -0.539560 1.532025 0.580496 0.9902 0.9902 0.9902
v -0.544263 1.515732 0.580879 0.9802 0.9802 0.9802
v -0.528480 1.535516 0.592856 1.0000 1.0000 1.0000
v -0.360880 1.284660 0.674292 0.8777 0.8777 0.8777
v -0.338558 1.312639 0.691230 0.9148 0.9148 0.9148
v -0.377543 1.311567 0.698090 0.9700 0.9700 0.9700
v -0.344841 1.292855 0.685906 0.9029 0.9029 0.9029
v -0.357163 1.295866 0.697168 0.9378 0.9378 0.9378
v -0.356624 1.311881 0.702733 0.9595 0.9595 0.9595
v -0.372408 1.292097 0.690756 0.9148 0.9148 0.9148
v -0.366588 1.544469 0.682445 1.0000 1.0000 1.0000
v -0.382022 1.515418 0.704486 0.9902 0.9902 0.9902
v -0.343037 1.516490 0.697627 0.9488 0.9488 0.9488
v -0.377756 1.535516 0.698394 1.0000 1.0000 1.0000
v -0.362351 1.532025 0.704578 1.0000 1.0000 1.0000
v -0.361103 1.515732 0.709129 0.9902 0.9902 0.9902
v -0.350189 1.536274 0.693544 0.9902 0.9902 0.9902
v -0.034593 1.285478 0.474667 0.6181 0.6181 0.6181
v -0.062325 1.313464 0.478638 0.7536 0.7536 0.7536
v -0.039610 1.312559 0.446215 0.8216 0.8216 0.8216
v -0.054137 1.293675 0.477844 0.6181 0.6181 0.6181
v -0.053385 1.296784 0.461185 0.6181 0.6181 0.6181
v -0.057685 1.312824 0.457725 0.8060 0.8060 0.8060
v -0.038075 1.293035 0.454918 0.6181 0.6181 0.6181
v -0.063470 1.517357 0.472145 0.8905 0.8905 0.8905
v -0.036052 1.545343 0.466391 0.9802 0.9802 0.9802
v -0.040755 1.516452 0.439722 0.8777 0.8777 0.8777
v -0.055504 1.537146 0.470091 0.9148 0.9148 0.9148
v -0.054712 1.532992 0.453663 0.9029 0.9029 0.9029
v -0.039442 1.536506 0.447164 0.9265 0.9265 0.9265
v -0.058829 1.516717 0.451233 0.9029 0.9029 0.9029
v 0.146612 1.285478 0.442715 0.6181 0.6181 0.6181
v 0.141595 1.312559 0.414264 0.8060 0.8060 0.8060
v 0.174029 1.313464 0.436962 0.8365 0.8365 0.8365
v 0.143129 1.293035 0.422966 0.6181 0.6181 0.6181
v 0.159660 1.296784 0.423620 0.6181 0.6181 0.6181
v 0.162516 1.312824 0.418898 0.8060 0.8060 0.8060
v 0.166064 1.293675 0.439016 0.6181 0.6181 0.6181
v 0.145152 1.545343 0.434440 0.9902 0.9902 0.9902
v 0.172884 1.517357 0.430469 0.9488 0.9488 0.9488
v 0.140450 1.516453 0.407771 0.9029 0.9029 0.9029
v 0.164697 1.537146 0.431263 0.9595 0.9595 0.9595
v 0.158333 1.532992 0.416098 0.9378 0.9378 0.9378
v 0.161372 1.516718 0.412405 0.9148 0.9148 0.9148
v 0.141762 1.536506 0.415213 0.9378 0.9378 0.9378
v 0.014697 1.294657 0.754206 0.8645 0.8645 0.8645
v 0.019400 1.323547 0.780875 0.9595 0.9595 0.9595
v -0.013034 1.322642 0.758177 0.9029 0.9029 0.9029
v 0.018088 1.303494 0.773433 0.9265 0.9265 0.9265
v 0.001516 1.307007 0.772548 0.9265 0.9265 0.9265
v -0.001522 1.323282 0.776241 0.9488 0.9488 0.9488
v -0.004847 1.302854 0.757383 0.9029 0.9029 0.9029
v 0.013238 1.554521 0.745931 1.0000 1.0000 1.0000
v -0.014179 1.526536 0.751684 0.9488 0.9488 0.9488
v 0.018255 1.527441 0.774382 0.9902 0.9902 0.9902
v -0.006214 1.546324 0.749630 0.9700 0.9700 0.9700
v 0.000190 1.543216 0.765026 0.9902 0.9902 0.9902
v -0.002667 1.527176 0.769748 0.9802 0.9802 0.9802
v 0.016720 1.546964 0.765680 1.0000 1.0000 1.0000
v 0.195902 1.294657 0.722255 0.8365 0.8365 0.8365
v 0.223319 1.322642 0.716501 0.9378 0.9378 0.9378
v 0.200604 1.323547 0.748924 0.9595 0.9595 0.9595
v 0.215354 1.302854 0.718556 0.9148 0.9148 0.9148
v 0.214561 1.307007 0.734983 0.9488 0.9488 0.9488
v 0.218679 1.323282 0.737413 0.9488 0.9488 0.9488
v 0.199292 1.303494 0.741482 0.9265 0.9265 0.9265
v 0.194443 1.554521 0.713979 1.0000 1.0000 1.0000
v 0.199460 1.527441 0.742431 0.9902 0.9902 0.9902
v 0.222175 1.526536 0.710008 0.9595 0.9595 0.9595
v 0.197925 1.546965 0.733728 1.0000 1.0000 1.0000
v 0.213235 1.543216 0.727461 1.0000 1.0000 1.0000
v 0.217534 1.527176 0.730920 0.9700 0.9700 0.9700
v 0.213987 1.546325 0.710802 0.9802 0.9802 0.9802
v 0.324450 1.286901 0.373736 0.6181 0.6181 0.6181
v 0.307884 1.314894 0.396318 0.7118 0.7118 0.7118
v 0.301013 1.314276 0.357326 0.7536 0.7536 0.7536
v 0.312945 1.295099 0.389851 0.6181 0.6181 0.6181
v 0.301725 1.298375 0.377559 0.6181 0.6181 0.6181
v 0.296373 1.314457 0.378247 0.7336 0.7336 0.7336
v 0.308087 1.294663 0.362279 0.6181 0.6181 0.6181
v 0.304199 1.518844 0.393739 0.9029 0.9029 0.9029
v 0.319754 1.546837 0.370448 0.9902 0.9902 0.9902
v 0.297329 1.518227 0.354746 0.9029 0.9029 0.9029
v 0.308546 1.538638 0.386770 0.9595 0.9595 0.9595
v 0.297456 1.534650 0.374570 0.9148 0.9148 0.9148
v 0.303688 1.538202 0.359198 0.9265 0.9265 0.9265
v 0.292689 1.518408 0.375667 0.8777 0.8777 0.8777
v 0.429988 1.286901 0.223012 0.6181 0.6181 0.6181
v 0.406552 1.314276 0.206602 0.8060 0.8060 0.8060
v 0.445542 1.314894 0.199722 0.7536 0.7536 0.7536
v 0.413625 1.294663 0.211555 0.6181 0.6181 0.6181
v 0.425807 1.298375 0.200350 0.6181 0.6181 0.6181
v 0.424624 1.314457 0.195086 0.7336 0.7336 0.7336
v 0.441196 1.295099 0.206690 0.6181 0.6181 0.6181
v 0.425292 1.546837 0.219724 0.9802 0.9802 0.9802
v 0.441858 1.518844 0.197142 0.9148 0.9148 0.9148
v 0.402867 1.518227 0.204022 0.9029 0.9029 0.9029
v 0.436796 1.538638 0.203609 0.9488 0.9488 0.9488
v 0.421539 1.534650 0.197361 0.9378 0.9378 0.9378
v 0.420940 1.518408 0.192506 0.8777 0.8777 0.8777
v 0.409226 1.538202 0.208474 0.9265 0.9265 0.9265
v 0.557032 1.293162 0.536592 0.8508 0.8508 0.8508
v 0.579457 1.321773 0.552294 0.9488 0.9488 0.9488
v 0.540467 1.321156 0.559174 0.9148 0.9148 0.9148
v 0.573099 1.301798 0.547842 0.9378 0.9378 0.9378
v 0.560785 1.305350 0.558955 0.9029 0.9029 0.9029
v 0.561385 1.321592 0.563810 0.9595 0.9595 0.9595
v 0.545528 1.301361 0.552707 0.8645 0.8645 0.8645
v 0.552336 1.553099 0.533304 1.0000 1.0000 1.0000
v 0.536782 1.525106 0.556595 0.9700 0.9700 0.9700
v 0.575773 1.525723 0.549715 0.9802 0.9802 0.9802
v 0.541128 1.544900 0.549626 0.9902 0.9902 0.9902
v 0.556517 1.541624 0.555966 1.0000 1.0000 1.0000
v 0.557700 1.525543 0.561230 0.9902 0.9902 0.9902
v 0.568699 1.545337 0.544761 1.0000 1.0000 1.0000
v 0.662570 1.293162 0.385868 0.8508 0.8508 0.8508
v 0.678125 1.321156 0.362578 0.8508 0.8508 0.8508
v 0.684996 1.321773 0.401571 0.9488 0.9488 0.9488
v 0.673779 1.301361 0.369546 0.8060 0.8060 0.8060
v 0.684868 1.305350 0.381747 0.9148 0.9148 0.9148
v 0.689636 1.321592 0.380649 0.9265 0.9265 0.9265
v 0.678637 1.301798 0.397118 0.9265 0.9265 0.9265
v 0.657875 1.553099 0.382580 1.0000 1.0000 1.0000
v 0.681311 1.525723 0.398991 0.9902 0.9902 0.9902
v 0.674440 1.525106 0.359998 0.9700 0.9700 0.9700
v 0.674237 1.545337 0.394037 1.0000 1.0000 1.0000
v 0.680600 1.541624 0.378758 0.9902 0.9902 0.9902
v 0.685951 1.525543 0.378069 0.9802 0.9802 0.9802
v 0.669379 1.544900 0.366466 0.9802 0.9802 0.9802
v 0.481399 1.281228 0.035269 0.6181 0.6181 0.6181
v 0.484507 1.309171 0.063153 0.7721 0.7721 0.7721
v 0.452126 1.307390 0.040430 0.7536 0.7536 0.7536
v 0.484323 1.289412 0.054857 0.6181 0.6181 0.6181
v 0.467577 1.292010 0.054121 0.6181 0.6181 0.6181
v 0.463624 1.307912 0.058507 0.7336 0.7336 0.7336
v 0.461426 1.288153 0.038790 0.6181 0.6181 0.6181
v 0.471724 1.512758 0.065407 0.8777 0.8777 0.8777
v 0.465107 1.540701 0.038141 0.9595 0.9595 0.9595
v 0.439343 1.510976 0.042684 0.8216 0.8216 0.8216
v 0.469059 1.532517 0.057549 0.9148 0.9148 0.9148
v 0.452768 1.527863 0.056732 0.8645 0.8645 0.8645
v 0.446162 1.531257 0.041482 0.8777 0.8777 0.8777
v 0.450841 1.511498 0.060761 0.8508 0.8508 0.8508
v 0.449448 1.281228 -0.145936 0.6181 0.6181 0.6181
v 0.420174 1.307390 -0.140774 0.7536 0.7536 0.7536
v 0.442831 1.309171 -0.173201 0.7118 0.7118 0.7118
v 0.429475 1.288153 -0.142414 0.6181 0.6181 0.6181
v 0.430011 1.292010 -0.158924 0.6181 0.6181 0.6181
v 0.424796 1.307912 -0.161694 0.7721 0.7721 0.7721
v 0.445496 1.289413 -0.165344 0.6181 0.6181 0.6181
v 0.433156 1.540701 -0.143063 0.9700 0.9700 0.9700
v 0.430048 1.512758 -0.170947 0.8905 0.8905 0.8905
v 0.407392 1.510976 -0.138520 0.8508 0.8508 0.8508
v 0.430232 1.532517 -0.162652 0.9148 0.9148 0.9148
v 0.415202 1.527863 -0.156313 0.8905 0.8905 0.8905
v 0.412014 1.511498 -0.159440 0.8905 0.8905 0.8905
v 0.414211 1.531257 -0.139723 0.8905 0.8905 0.8905
v 0.760518 1.299298 -0.013948 0.8508 0.8508 0.8508
v 0.786282 1.329023 -0.018490 0.9595 0.9595 0.9595
v 0.763625 1.327242 0.013936 0.9148 0.9148 0.9148
v 0.779462 1.308742 -0.017288 0.9378 0.9378 0.9378
v 0.778471 1.312137 -0.000698 0.9265 0.9265 0.9265
v 0.781660 1.328501 0.002429 0.9265 0.9265 0.9265
v 0.763442 1.307483 0.005641 0.9148 0.9148 0.9148
v 0.744226 1.558771 -0.011075 1.0000 1.0000 1.0000
v 0.750842 1.530828 0.016190 0.9488 0.9488 0.9488
v 0.773499 1.532610 -0.016237 0.9902 0.9902 0.9902
v 0.748178 1.550587 0.008333 0.9700 0.9700 0.9700
v 0.763662 1.547990 0.001913 1.0000 1.0000 1.0000
v 0.768877 1.532088 0.004683 0.9700 0.9700 0.9700
v 0.764198 1.551847 -0.014597 1.0000 1.0000 1.0000
v 0.728566 1.299298 -0.195152 0.8645 0.8645 0.8645
v 0.721950 1.327242 -0.222417 0.9148 0.9148 0.9148
v 0.754331 1.329023 -0.199695 0.9700 0.9700 0.9700
v 0.724614 1.307483 -0.214560 0.8777 0.8777 0.8777
v 0.740905 1.312137 -0.213743 0.9378 0.9378 0.9378
v 0.742832 1.328501 -0.217772 0.9378 0.9378 0.9378
v 0.747511 1.308743 -0.198493 0.9378 0.9378 0.9378
v 0.712274 1.558771 -0.192279 1.0000 1.0000 1.0000
v 0.741548 1.532610 -0.197441 0.9902 0.9902 0.9902
v 0.709167 1.530828 -0.220163 0.9595 0.9595 0.9595
v 0.732247 1.551847 -0.195801 1.0000 1.0000 1.0000
v 0.726097 1.547990 -0.211132 0.9902 0.9902 0.9902
v 0.730050 1.532088 -0.215518 0.9902 0.9902 0.9902
v 0.709350 1.550587 -0.211868 0.9595 0.9595 0.9595
v 0.372860 1.288149 -0.311826 0.6181 0.6181 0.6181
v 0.395586 1.316146 -0.295465 0.7336 0.7336 0.7336
v 0.356591 1.315779 -0.288591 0.7118 0.7118 0.7118
v 0.389017 1.296349 -0.300382 0.6875 0.6875 0.6875
v 0.376742 1.299770 -0.289186 0.6181 0.6181 0.6181
v 0.377512 1.315886 -0.283952 0.7721 0.7721 0.7721
v 0.361443 1.296089 -0.295521 0.6875 0.6875 0.6875
v 0.394051 1.520129 -0.293274 0.8645 0.8645 0.8645
v 0.370904 1.548126 -0.309033 0.9700 0.9700 0.9700
v 0.355056 1.519761 -0.286399 0.8365 0.8365 0.8365
v 0.387184 1.539926 -0.297765 0.9378 0.9378 0.9378
v 0.374964 1.536081 -0.286647 0.9029 0.9029 0.9029
v 0.359610 1.539666 -0.292904 0.9029 0.9029 0.9029
v 0.375978 1.519869 -0.281761 0.8645 0.8645 0.8645
v 0.222136 1.288149 -0.417364 0.6181 0.6181 0.6181
v 0.205867 1.315779 -0.394129 0.7721 0.7721 0.7721
v 0.198989 1.316146 -0.433124 0.8508 0.8508 0.8508
v 0.210719 1.296089 -0.401059 0.7118 0.7118 0.7118
v 0.199533 1.299770 -0.413268 0.7721 0.7721 0.7721
v 0.194352 1.315886 -0.412203 0.7895 0.7895 0.7895
v 0.205856 1.296349 -0.428633 0.7536 0.7536 0.7536
v 0.220180 1.548126 -0.414571 0.9802 0.9802 0.9802
v 0.197454 1.520128 -0.430932 0.9265 0.9265 0.9265
v 0.204332 1.519761 -0.391937 0.8365 0.8365 0.8365
v 0.204023 1.539926 -0.426015 0.9488 0.9488 0.9488
v 0.197755 1.536081 -0.410729 0.9029 0.9029 0.9029
v 0.192817 1.519869 -0.410011 0.8645 0.8645 0.8645
v 0.208886 1.539666 -0.398442 0.8905 0.8905 0.8905
v 0.535742 1.291873 -0.544446 0.8060 0.8060 0.8060
v 0.551590 1.320238 -0.567079 0.9802 0.9802 0.9802
v 0.558467 1.319871 -0.528085 0.8508 0.8508 0.8508
v 0.547035 1.300333 -0.560574 0.9378 0.9378 0.9378
v 0.558166 1.303919 -0.548287 0.9148 0.9148 0.9148
v 0.563105 1.320131 -0.549006 0.9488 0.9488 0.9488
v 0.551898 1.300074 -0.533001 0.8060 0.8060 0.8060
v 0.533786 1.551851 -0.541652 1.0000 1.0000 1.0000
v 0.556932 1.523854 -0.525893 0.9148 0.9148 0.9148
v 0.550055 1.524221 -0.564887 1.0000 1.0000 1.0000
v 0.550066 1.543651 -0.530384 0.9595 0.9595 0.9595
v 0.556388 1.540230 -0.545748 0.9802 0.9802 0.9802
v 0.561570 1.524113 -0.546814 0.9700 0.9700 0.9700
v 0.545202 1.543911 -0.557957 1.0000 1.0000 1.0000
v 0.385018 1.291873 -0.649984 0.8508 0.8508 0.8508
v 0.361871 1.319871 -0.665743 0.9265 0.9265 0.9265
v 0.400866 1.320238 -0.672617 0.9700 0.9700 0.9700
v 0.368737 1.300074 -0.661252 0.8905 0.8905 0.8905
v 0.380958 1.303919 -0.672370 0.9378 0.9378 0.9378
v 0.379944 1.320131 -0.677256 0.9488 0.9488 0.9488
v 0.396311 1.300334 -0.666113 0.9378 0.9378 0.9378
v 0.383062 1.551851 -0.647190 1.0000 1.0000 1.0000
v 0.399331 1.524221 -0.670425 1.0000 1.0000 1.0000
v 0.360336 1.523854 -0.663551 0.9700 0.9700 0.9700
v 0.394479 1.543911 -0.663495 1.0000 1.0000 1.0000
v 0.379180 1.540230 -0.669831 1.0000 1.0000 1.0000
v 0.378409 1.524113 -0.675064 0.9700 0.9700 0.9700
v 0.366905 1.543651 -0.658634 0.9802 0.9802 0.9802
v 0.003073 1.293430 -0.508273 0.6181 0.6181 0.6181
v 0.030531 1.321422 -0.513794 0.8060 0.8060 0.8060
v 0.007817 1.322091 -0.481365 0.7721 0.7721 0.7721
v 0.022537 1.301628 -0.511904 0.7118 0.7118 0.7118
v 0.021750 1.305647 -0.495442 0.7336 0.7336 0.7336
v 0.025892 1.321895 -0.492877 0.7536 0.7536 0.7536
v 0.006476 1.302101 -0.488973 0.7336 0.7336 0.7336
v 0.029685 1.525363 -0.518593 0.9378 0.9378 0.9378
v 0.001994 1.553355 -0.514390 1.0000 1.0000 1.0000
v 0.006971 1.526032 -0.486165 0.9029 0.9029 0.9029
v 0.021526 1.545157 -0.517635 0.9700 0.9700 0.9700
v 0.020770 1.541911 -0.501003 0.9265 0.9265 0.9265
v 0.005465 1.545630 -0.494704 0.9378 0.9378 0.9378
v 0.025046 1.525836 -0.497677 0.8645 0.8645 0.8645
v -0.178132 1.293430 -0.476321 0.6181 0.6181 0.6181
v -0.173387 1.322091 -0.449413 0.7536 0.7536 0.7536
v -0.205823 1.321422 -0.472118 0.7536 0.7536 0.7536
v -0.174729 1.302101 -0.457022 0.7536 0.7536 0.7536
v -0.191295 1.305647 -0.457877 0.7118 0.7118 0.7118
v -0.194309 1.321895 -0.454049 0.7721 0.7721 0.7721
v -0.197664 1.301628 -0.473076 0.6591 0.6591 0.6591
v -0.179210 1.553355 -0.482439 0.9802 0.9802 0.9802
v -0.206669 1.525363 -0.476918 0.8905 0.8905 0.8905
v -0.174234 1.526032 -0.454213 0.8777 0.8777 0.8777
v -0.198675 1.545157 -0.478808 0.9488 0.9488 0.9488
v -0.192275 1.541911 -0.463438 0.8905 0.8905 0.8905
v -0.195155 1.525836 -0.458849 0.8645 0.8645 0.8645
v -0.175739 1.545630 -0.462753 0.9148 0.9148 0.9148
v -0.046229 1.286644 -0.787878 0.8365 0.8365 0.8365
v -0.051206 1.313967 -0.816104 0.9488 0.9488 0.9488
v -0.018771 1.314636 -0.793399 0.9029 0.9029 0.9029
v -0.049700 1.294370 -0.807564 0.9148 0.9148 0.9148
v -0.033164 1.298089 -0.806879 0.9148 0.9148 0.9148
v -0.030284 1.314163 -0.811468 0.9488 0.9488 0.9488
v -0.026765 1.294843 -0.791509 0.8216 0.8216 0.8216
v -0.047308 1.546570 -0.793996 1.0000 1.0000 1.0000
v -0.019617 1.518578 -0.798199 0.9488 0.9488 0.9488
v -0.052052 1.517909 -0.820904 0.9902 0.9902 0.9902
v -0.027776 1.538372 -0.797241 0.9902 0.9902 0.9902
v -0.034145 1.534353 -0.812440 1.0000 1.0000 1.0000
v -0.031131 1.518105 -0.816268 0.9802 0.9802 0.9802
v -0.050711 1.537898 -0.813295 1.0000 1.0000 1.0000
v -0.227434 1.286644 -0.755927 0.8365 0.8365 0.8365
v -0.255125 1.314636 -0.751724 0.9148 0.9148 0.9148
v -0.232411 1.313967 -0.784152 0.9488 0.9488 0.9488
v -0.246966 1.294843 -0.752682 0.8905 0.8905 0.8905
v -0.246209 1.298089 -0.769314 0.9148 0.9148 0.9148
v -0.250485 1.314163 -0.772640 0.9700 0.9700 0.9700
v -0.230905 1.294370 -0.775612 0.9148 0.9148 0.9148
v -0.228512 1.546570 -0.762044 1.0000 1.0000 1.0000
v -0.233257 1.517909 -0.788952 0.9902 0.9902 0.9902
v -0.255971 1.518578 -0.756523 0.9595 0.9595 0.9595
v -0.231916 1.537898 -0.781344 1.0000 1.0000 1.0000
v -0.247190 1.534353 -0.774874 0.9902 0.9902 0.9902
v -0.251332 1.518105 -0.777440 0.9902 0.9902 0.9902
v -0.247977 1.538372 -0.758413 1.0000 1.0000 1.0000
v -0.368131 1.286044 -0.363765 0.6181 0.6181 0.6181
v -0.351423 1.314033 -0.386248 0.8508 0.8508 0.8508
v -0.344556 1.313243 -0.347258 0.7895 0.7895 0.7895
v -0.356585 1.294242 -0.379850 0.6181 0.6181 0.6181
v -0.345348 1.297418 -0.367547 0.6181 0.6181 0.6181
v -0.339915 1.313475 -0.368178 0.8645 0.8645 0.8645
v -0.351729 1.293684 -0.352280 0.6181 0.6181 0.6181
v -0.346707 1.517952 -0.382946 0.9595 0.9595 0.9595
v -0.362120 1.545941 -0.359556 0.9902 0.9902 0.9902
v -0.339841 1.517162 -0.343956 0.8645 0.8645 0.8645
v -0.350954 1.537743 -0.375907 0.9595 0.9595 0.9595
v -0.339885 1.533655 -0.363721 0.9378 0.9378 0.9378
v -0.346098 1.537184 -0.348337 0.9378 0.9378 0.9378
v -0.335199 1.517393 -0.364876 0.9265 0.9265 0.9265
v -0.473669 1.286044 -0.213041 0.6181 0.6181 0.6181
v -0.450094 1.313243 -0.196534 0.7721 0.7721 0.7721
v -0.489082 1.314033 -0.189651 0.7895 0.7895 0.7895
v -0.457267 1.293684 -0.201556 0.6181 0.6181 0.6181
v -0.469430 1.297418 -0.190338 0.6181 0.6181 0.6181
v -0.468166 1.313475 -0.185017 0.8365 0.8365 0.8365
v -0.484835 1.294242 -0.196689 0.6181 0.6181 0.6181
v -0.467659 1.545941 -0.208832 0.9700 0.9700 0.9700
v -0.484366 1.517952 -0.186349 0.8777 0.8777 0.8777
v -0.445379 1.517162 -0.193232 0.8365 0.8365 0.8365
v -0.479204 1.537743 -0.192747 0.9148 0.9148 0.9148
v -0.463967 1.533655 -0.186513 0.9029 0.9029 0.9029
v -0.463450 1.517393 -0.181715 0.8777 0.8777 0.8777
v -0.451636 1.537184 -0.197613 0.9265 0.9265 0.9265
v -0.600677 1.294059 -0.526595 0.8508 0.8508 0.8508
v -0.622957 1.322838 -0.542196 0.9700 0.9700 0.9700
v -0.583970 1.322048 -0.549079 0.9265 0.9265 0.9265
v -0.616699 1.302815 -0.537814 0.9029 0.9029 0.9029
v -0.604368 1.306344 -0.548915 0.9378 0.9378 0.9378
v -0.604885 1.322606 -0.553712 0.9488 0.9488 0.9488
v -0.589131 1.302257 -0.542681 0.9148 0.9148 0.9148
v -0.594667 1.553955 -0.522387 1.0000 1.0000 1.0000
v -0.579254 1.525967 -0.545777 0.9595 0.9595 0.9595
v -0.618241 1.526757 -0.538894 1.0000 1.0000 1.0000
v -0.583500 1.545758 -0.538738 0.9700 0.9700 0.9700
v -0.598905 1.542582 -0.545090 0.9902 0.9902 0.9902
v -0.600170 1.526525 -0.550410 0.9595 0.9595 0.9595
v -0.611068 1.546316 -0.533872 1.0000 1.0000 1.0000
v -0.706215 1.294059 -0.375871 0.8216 0.8216 0.8216
v -0.721628 1.322048 -0.352482 0.8508 0.8508 0.8508
v -0.728495 1.322838 -0.391472 0.9802 0.9802 0.9802
v -0.717382 1.302257 -0.359520 0.8508 0.8508 0.8508
v -0.728451 1.306344 -0.371706 0.9148 0.9148 0.9148
v -0.733136 1.322606 -0.370552 0.9378 0.9378 0.9378
v -0.722237 1.302815 -0.387090 0.9148 0.9148 0.9148
v -0.700205 1.553955 -0.371663 1.0000 1.0000 1.0000
v -0.723779 1.526757 -0.388170 1.0000 1.0000 1.0000
v -0.716912 1.525967 -0.349180 0.9148 0.9148 0.9148
v -0.716606 1.546316 -0.383148 1.0000 1.0000 1.0000
v -0.722988 1.542582 -0.367881 0.9902 0.9902 0.9902
v -0.728420 1.526525 -0.367250 0.9488 0.9488 0.9488
v -0.711751 1.545757 -0.355577 0.9488 0.9488 0.9488
v -1.764042 -0.020000 0.744538 0.9902 0.9902 0.9902
v -1.765257 0.008000 0.716565 0.9488 0.9488 0.9488
v -1.736068 0.008000 0.743323 0.9148 0.9148 0.9148
v -1.764901 -0.011799 0.724758 0.9595 0.9595 0.9595
v -1.748593 -0.008166 0.727686 0.9265 0.9265 0.9265
v -1.745121 0.008000 0.723898 0.9148 0.9148 0.9148
v -1.744261 -0.011799 0.743679 0.9378 0.9378 0.9378
v -1.765257 0.232000 0.716565 0.9378 0.9378 0.9378
v -1.764042 0.260000 0.744538 0.9488 0.9488 0.9488
v -1.736068 0.232000 0.743323 0.9265 0.9265 0.9265
v -1.764901 0.251799 0.724758 0.9595 0.9595 0.9595
v -1.748593 0.248166 0.727686 0.9265 0.9265 0.9265
v -1.744261 0.251799 0.743679 0.9265 0.9265 0.9265
v -1.745121 0.232000 0.723898 0.9265 0.9265 0.9265
v -1.750843 -0.020000 1.048252 1.0000 1.0000 1.0000
v -1.722869 0.008000 1.047036 0.9595 0.9595 0.9595
v -1.749627 0.008000 1.076225 0.9802 0.9802 0.9802
v -1.731063 -0.011799 1.047392 0.9802 0.9802 0.9802
v -1.733991 -0.008166 1.063700 0.9802 0.9802 0.9802
v -1.730203 0.008000 1.067172 0.9802 0.9802 0.9802
v -1.749983 -0.011799 1.068032 1.0000 1.0000 1.0000
v -1.750843 0.260000 1.048252 0.9902 0.9902 0.9902
v -1.749627 0.232000 1.076225 0.9902 0.9902 0.9902
v -1.722870 0.232000 1.047036 0.9802 0.9802 0.9802
v -1.749984 0.251799 1.068032 0.9902 0.9902 0.9902
v -1.733991 0.248166 1.063700 0.9802 0.9802 0.9802
v -1.730203 0.232000 1.067172 0.9802 0.9802 0.9802
v -1.731063 0.251799 1.047392 0.9802 0.9802 0.9802
v -2.127698 -0.020000 0.760342 1.0000 1.0000 1.0000
v -2.155672 0.008000 0.761558 1.0000 1.0000 1.0000
v -2.128914 0.008000 0.732368 1.0000 1.0000 1.0000
v -2.147479 -0.011799 0.761201 1.0000 1.0000 1.0000
v -2.144551 -0.008166 0.744893 1.0000 1.0000 1.0000
v -2.148338 0.008000 0.741421 1.0000 1.0000 1.0000
v -2.128558 -0.011799 0.740561 1.0000 1.0000 1.0000
v -2.127698 0.260000 0.760342 0.9902 0.9902 0.9902
v -2.128914 0.232000 0.732368 0.9902 0.9902 0.9902
v -2.155672 0.232000 0.761558 1.0000 1.0000 1.0000
v -2.128558 0.251799 0.740562 0.9802 0.9802 0.9802
v -2.144551 0.248166 0.744893 1.0000 1.0000 1.0000
v -2.148338 0.232000 0.741421 1.0000 1.0000 1.0000
v -2.147479 0.251799 0.761202 1.0000 1.0000 1.0000
v -2.114500 -0.020000 1.064055 1.0000 1.0000 1.0000
v -2.113284 0.008000 1.092029 1.0000 1.0000 1.0000
v -2.142473 0.008000 1.065271 1.0000 1.0000 1.0000
v -2.113640 -0.011799 1.083836 1.0000 1.0000 1.0000
v -2.129949 -0.008166 1.080908 1.0000 1.0000 1.0000
v -2.133420 0.008000 1.084695 1.0000 1.0000 1.0000
v -2.134280 -0.011799 1.064915 1.0000 1.0000 1.0000
v -2.114500 0.260000 1.064055 0.9902 0.9902 0.9902
v -2.142473 0.232000 1.065271 1.0000 1.0000 1.0000
v -2.113284 0.232000 1.092029 1.0000 1.0000 1.0000
v -2.134280 0.251799 1.064915 1.0000 1.0000 1.0000
v -2.129949 0.248166 1.080908 1.0000 1.0000 1.0000
v -2.133420 0.232000 1.084695 1.0000 1.0000 1.0000
v -2.113640 0.251799 1.083836 1.0000 1.0000 1.0000
v -0.163752 -0.020000 1.878232 0.9802 0.9802 0.9802
v -0.183549 0.008000 1.858432 0.9029 0.9029 0.9029
v -0.143951 0.008000 1.858435 0.9029 0.9029 0.9029
v -0.177751 -0.011799 1.864231 0.9265 0.9265 0.9265
v -0.163750 -0.008166 1.855371 0.9029 0.9029 0.9029
v -0.163750 0.008000 1.850232 0.9029 0.9029 0.9029
v -0.149751 -0.011799 1.864234 0.9265 0.9265 0.9265
v -0.183549 0.232000 1.858432 0.8508 0.8508 0.8508
v -0.163752 0.260000 1.878232 0.9148 0.9148 0.9148
v -0.143951 0.232000 1.858435 0.8365 0.8365 0.8365
v -0.177751 0.251799 1.864231 0.8508 0.8508 0.8508
v -0.163750 0.248166 1.855371 0.8365 0.8365 0.8365
v -0.149751 0.251799 1.864234 0.8645 0.8645 0.8645
v -0.163750 0.232000 1.850232 0.8060 0.8060 0.8060
v 0.051189 -0.020000 2.093212 1.0000 1.0000 1.0000
v 0.070990 0.008000 2.073415 0.9265 0.9265 0.9265
v 0.070986 0.008000 2.113013 1.0000 1.0000 1.0000
v 0.065190 -0.011799 2.079213 0.9595 0.9595 0.9595
v 0.074051 -0.008166 2.093214 0.9802 0.9802 0.9802
v 0.079189 0.008000 2.093215 0.9802 0.9802 0.9802
v 0.065188 -0.011799 2.107213 1.0000 1.0000 1.0000
v 0.051189 0.260000 2.093212 0.9378 0.9378 0.9378
v 0.070986 0.232000 2.113013 1.0000 1.0000 1.0000
v 0.070990 0.232000 2.073415 0.9029 0.9029 0.9029
v 0.065188 0.251799 2.107213 0.9802 0.9802 0.9802
v 0.074051 0.248166 2.093214 0.9595 0.9595 0.9595
v 0.079189 0.232000 2.093215 0.9595 0.9595 0.9595
v 0.065190 0.251799 2.079213 0.9265 0.9265 0.9265
v -0.421162 -0.020000 2.135596 1.0000 1.0000 1.0000
v -0.440963 0.008000 2.155393 1.0000 1.0000 1.0000
v -0.440959 0.008000 2.115795 0.9378 0.9378 0.9378
v -0.435163 -0.011799 2.149595 1.0000 1.0000 1.0000
v -0.444024 -0.008166 2.135594 0.9802 0.9802 0.9802
v -0.449162 0.008000 2.135594 0.9802 0.9802 0.9802
v -0.435161 -0.011799 2.121595 0.9595 0.9595 0.9595
v -0.421162 0.260000 2.135596 0.9595 0.9595 0.9595
v -0.440959 0.232000 2.115795 0.9488 0.9488 0.9488
v -0.440963 0.232000 2.155393 1.0000 1.0000 1.0000
v -0.435161 0.251799 2.121595 0.9265 0.9265 0.9265
v -0.444024 0.248166 2.135594 0.9700 0.9700 0.9700
v -0.449162 0.232000 2.135594 0.9700 0.9700 0.9700
v -0.435163 0.251799 2.149595 1.0000 1.0000 1.0000
v -0.206221 -0.020000 2.350576 1.0000 1.0000 1.0000
v -0.186423 0.008000 2.370377 1.0000 1.0000 1.0000
v -0.226022 0.008000 2.370373 1.0000 1.0000 1.0000
v -0.192222 -0.011799 2.364577 1.0000 1.0000 1.0000
v -0.206223 -0.008166 2.373438 1.0000 1.0000 1.0000
v -0.206223 0.008000 2.378576 1.0000 1.0000 1.0000
v -0.220222 -0.011799 2.364575 1.0000 1.0000 1.0000
v -0.206221 0.260000 2.350576 0.9902 0.9902 0.9902
v -0.226021 0.232000 2.370373 1.0000 1.0000 1.0000
v -0.186424 0.232000 2.370377 1.0000 1.0000 1.0000
v -0.220222 0.251799 2.364575 1.0000 1.0000 1.0000
v -0.206223 0.248166 2.373438 1.0000 1.0000 1.0000
v -0.206223 0.232000 2.378576 1.0000 1.0000 1.0000
v -0.192222 0.251799 2.364577 1.0000 1.0000 1.0000
v 1.912958 -0.020000 1.057608 0.9802 0.9802 0.9802
v 1.899682 0.008000 1.032956 0.9488 0.9488 0.9488
v 1.937610 0.008000 1.044332 0.9802 0.9802 0.9802
v 1.903570 -0.011799 1.040176 0.9488 0.9488 0.9488
v 1.919526 -0.008166 1.035710 0.9595 0.9595 0.9595
v 1.921002 0.008000 1.030788 0.9595 0.9595 0.9595
v 1.930390 -0.011799 1.048220 0.9802 0.9802 0.9802
v 1.899682 0.232000 1.032956 0.9148 0.9148 0.9148
v 1.912958 0.260000 1.057608 0.9802 0.9802 0.9802
v 1.937610 0.232000 1.044332 0.9700 0.9700 0.9700
v 1.903570 0.251799 1.040176 0.9265 0.9265 0.9265
v 1.919526 0.248166 1.035710 0.9378 0.9378 0.9378
v 1.930390 0.251799 1.048220 0.9802 0.9802 0.9802
v 1.921002 0.232000 1.030788 0.9378 0.9378 0.9378
v 2.057102 -0.020000 1.325262 1.0000 1.0000 1.0000
v 2.081754 0.008000 1.311986 0.9902 0.9902 0.9902
v 2.070378 0.008000 1.349914 1.0000 1.0000 1.0000
v 2.074534 -0.011799 1.315874 1.0000 1.0000 1.0000
v 2.079000 -0.008166 1.331830 1.0000 1.0000 1.0000
v 2.083922 0.008000 1.333306 1.0000 1.0000 1.0000
v 2.066490 -0.011799 1.342694 1.0000 1.0000 1.0000
v 2.057102 0.260000 1.325262 1.0000 1.0000 1.0000
v 2.070378 0.232000 1.349914 1.0000 1.0000 1.0000
v 2.081754 0.232000 1.311986 1.0000 1.0000 1.0000
v 2.066489 0.251799 1.342694 1.0000 1.0000 1.0000
v 2.079000 0.248166 1.331830 1.0000 1.0000 1.0000
v 2.083921 0.232000 1.333306 1.0000 1.0000 1.0000
v 2.074533 0.251799 1.315874 1.0000 1.0000 1.0000
v 1.592478 -0.020000 1.230201 0.9700 0.9700 0.9700
v 1.567825 0.008000 1.243477 0.9700 0.9700 0.9700
v 1.579201 0.008000 1.205549 0.9488 0.9488 0.9488
v 1.575046 -0.011799 1.239589 0.9902 0.9902 0.9902
v 1.570580 -0.008166 1.223633 0.9488 0.9488 0.9488
v 1.565658 0.008000 1.222157 0.9378 0.9378 0.9378
v 1.583090 -0.011799 1.212769 0.9378 0.9378 0.9378
v 1.592478 0.260000 1.230201 0.9378 0.9378 0.9378
v 1.579201 0.232000 1.205549 0.8777 0.8777 0.8777
v 1.567825 0.232000 1.243477 0.9148 0.9148 0.9148
v 1.583090 0.251799 1.212769 0.8777 0.8777 0.8777
v 1.570580 0.248166 1.223633 0.8777 0.8777 0.8777
v 1.565658 0.232000 1.222157 0.8777 0.8777 0.8777
v 1.575046 0.251799 1.239589 0.9148 0.9148 0.9148
v 1.736621 -0.020000 1.497855 1.0000 1.0000 1.0000
v 1.749898 0.008000 1.522507 1.0000 1.0000 1.0000
v 1.711969 0.008000 1.511131 0.9902 0.9902 0.9902
v 1.746009 -0.011799 1.515287 1.0000 1.0000 1.0000
v 1.730054 -0.008166 1.519753 1.0000 1.0000 1.0000
v 1.728577 0.008000 1.524675 1.0000 1.0000 1.0000
v 1.719190 -0.011799 1.507243 0.9902 0.9902 0.9902
v 1.736621 0.260000 1.497855 0.9902 0.9902 0.9902
v 1.711969 0.232000 1.511131 0.9700 0.9700 0.9700
v 1.749898 0.232000 1.522507 1.0000 1.0000 1.0000
v 1.719190 0.251799 1.507243 0.9802 0.9802 0.9802
v 1.730053 0.248166 1.519753 1.0000 1.0000 1.0000
v 1.728577 0.232000 1.524675 1.0000 1.0000 1.0000
v 1.746009 0.251799 1.515287 1.0000 1.0000 1.0000
v 1.962947 -0.020000 -1.076156 1.0000 1.0000 1.0000
v 1.951980 0.008000 -1.101919 1.0000 1.0000 1.0000
v 1.988710 0.008000 -1.087124 1.0000 1.0000 1.0000
v 1.955192 -0.011799 -1.094373 1.0000 1.0000 1.0000
v 1.971489 -0.008166 -1.097362 1.0000 1.0000 1.0000
v 1.973409 0.008000 -1.102128 1.0000 1.0000 1.0000
v 1.981164 -0.011799 -1.083911 1.0000 1.0000 1.0000
v 1.951980 0.232000 -1.101919 0.9802 0.9802 0.9802
v 1.962947 0.260000 -1.076156 1.0000 1.0000 1.0000
v 1.988710 0.232000 -1.087124 1.0000 1.0000 1.0000
v 1.955192 0.251799 -1.094373 1.0000 1.0000 1.0000
v 1.971490 0.248166 -1.097362 1.0000 1.0000 1.0000
v 1.981164 0.251799 -1.083911 1.0000 1.0000 1.0000
v 1.973409 0.232000 -1.102128 1.0000 1.0000 1.0000
v 2.082022 -0.020000 -0.796447 1.0000 1.0000 1.0000
v 2.107785 0.008000 -0.807414 1.0000 1.0000 1.0000
v 2.092989 0.008000 -0.770684 1.0000 1.0000 1.0000
v 2.100239 -0.011799 -0.804202 1.0000 1.0000 1.0000
v 2.103228 -0.008166 -0.787905 1.0000 1.0000 1.0000
v 2.107994 0.008000 -0.785985 1.0000 1.0000 1.0000
v 2.089777 -0.011799 -0.778230 1.0000 1.0000 1.0000
v 2.082022 0.260000 -0.796447 0.9902 0.9902 0.9902
v 2.092989 0.232000 -0.770684 1.0000 1.0000 1.0000
v 2.107785 0.232000 -0.807414 1.0000 1.0000 1.0000
v 2.089777 0.251799 -0.778230 0.9902 0.9902 0.9902
v 2.103228 0.248166 -0.787905 1.0000 1.0000 1.0000
v 2.107994 0.232000 -0.785985 1.0000 1.0000 1.0000
v 2.100239 0.251799 -0.804202 1.0000 1.0000 1.0000
v 1.628032 -0.020000 -0.933580 0.8777 0.8777 0.8777
v 1.602270 0.008000 -0.922613 0.6591 0.6591 0.6591
v 1.617065 0.008000 -0.959343 0.9378 0.9378 0.9378
v 1.609816 -0.011799 -0.925825 0.7721 0.7721 0.7721
v 1.606826 -0.008166 -0.942122 0.8365 0.8365 0.8365
v 1.602060 0.008000 -0.944042 0.8508 0.8508 0.8508
v 1.620277 -0.011799 -0.951797 0.9265 0.9265 0.9265
v 1.628032 0.260000 -0.933580 0.9488 0.9488 0.9488
v 1.617065 0.232000 -0.959343 0.9148 0.9148 0.9148
v 1.602270 0.232000 -0.922613 0.8216 0.8216 0.8216
v 1.620277 0.251799 -0.951797 0.9265 0.9265 0.9265
v 1.606826 0.248166 -0.942122 0.9148 0.9148 0.9148
v 1.602060 0.232000 -0.944042 0.9029 0.9029 0.9029
v 1.609815 0.251799 -0.925825 0.9029 0.9029 0.9029
v 1.747107 -0.020000 -0.653871 0.9700 0.9700 0.9700
v 1.758074 0.008000 -0.628108 0.9488 0.9488 0.9488
v 1.721344 0.008000 -0.642903 0.8508 0.8508 0.8508
v 1.754862 -0.011799 -0.635654 0.9700 0.9700 0.9700
v 1.738565 -0.008166 -0.632665 0.9148 0.9148 0.9148
v 1.736645 0.008000 -0.627899 0.9148 0.9148 0.9148
v 1.728890 -0.011799 -0.646116 0.8905 0.8905 0.8905
v 1.747107 0.260000 -0.653871 0.9488 0.9488 0.9488
v 1.721344 0.232000 -0.642903 0.8060 0.8060 0.8060
v 1.758074 0.232000 -0.628108 0.9148 0.9148 0.9148
v 1.728890 0.251799 -0.646115 0.8777 0.8777 0.8777
v 1.738565 0.248166 -0.632665 0.9029 0.9029 0.9029
v 1.736645 0.232000 -0.627899 0.8777 0.8777 0.8777
v 1.754862 0.251799 -0.635654 0.9265 0.9265 0.9265
v 0.109238 -0.020000 -2.242915 1.0000 1.0000 1.0000
v 0.083546 0.008000 -2.254049 1.0000 1.0000 1.0000
v 0.120372 0.008000 -2.268606 1.0000 1.0000 1.0000
v 0.091071 -0.011799 -2.250788 1.0000 1.0000 1.0000
v 0.100833 -0.008166 -2.264176 1.0000 1.0000 1.0000
v 0.098944 0.008000 -2.268954 1.0000 1.0000 1.0000
v 0.117111 -0.011799 -2.261081 1.0000 1.0000 1.0000
v 0.083546 0.232000 -2.254049 1.0000 1.0000 1.0000
v 0.109238 0.260000 -2.242915 0.9802 0.9802 0.9802
v 0.120372 0.232000 -2.268606 1.0000 1.0000 1.0000
v 0.091071 0.251799 -2.250788 1.0000 1.0000 1.0000
v 0.100833 0.248166 -2.264176 1.0000 1.0000 1.0000
v 0.117111 0.251799 -2.261081 1.0000 1.0000 1.0000
v 0.098944 0.232000 -2.268954 1.0000 1.0000 1.0000
v 0.388169 -0.020000 -2.122030 1.0000 1.0000 1.0000
v 0.399303 0.008000 -2.147721 1.0000 1.0000 1.0000
v 0.413860 0.008000 -2.110896 0.9700 0.9700 0.9700
v 0.396042 -0.011799 -2.140197 1.0000 1.0000 1.0000
v 0.409430 -0.008166 -2.130435 1.0000 1.0000 1.0000
v 0.414209 0.008000 -2.132324 0.9902 0.9902 0.9902
v 0.406336 -0.011799 -2.114157 0.9700 0.9700 0.9700
v 0.388169 0.260000 -2.122030 0.9802 0.9802 0.9802
v 0.413860 0.232000 -2.110896 0.9148 0.9148 0.9148
v 0.399303 0.232000 -2.147721 1.0000 1.0000 1.0000
v 0.406336 0.251799 -2.114157 0.9488 0.9488 0.9488
v 0.409430 0.248166 -2.130435 0.9802 0.9802 0.9802
v 0.414209 0.232000 -2.132324 0.9902 0.9902 0.9902
v 0.396042 0.251799 -2.140197 1.0000 1.0000 1.0000
v -0.035506 -0.020000 -1.908931 0.9802 0.9802 0.9802
v -0.046640 0.008000 -1.883240 0.9378 0.9378 0.9378
v -0.061197 0.008000 -1.920065 0.9902 0.9902 0.9902
v -0.043379 -0.011799 -1.890764 0.9488 0.9488 0.9488
v -0.056767 -0.008166 -1.900526 0.9700 0.9700 0.9700
v -0.061545 0.008000 -1.898638 0.9595 0.9595 0.9595
v -0.053672 -0.011799 -1.916804 0.9902 0.9902 0.9902
v -0.035506 0.260000 -1.908931 0.9700 0.9700 0.9700
v -0.061197 0.232000 -1.920065 0.9700 0.9700 0.9700
v -0.046640 0.232000 -1.883240 0.8365 0.8365 0.8365
v -0.053672 0.251799 -1.916804 1.0000 1.0000 1.0000
v -0.056767 0.248166 -1.900526 0.9148 0.9148 0.9148
v -0.061545 0.232000 -1.898638 0.8905 0.8905 0.8905
v -0.043379 0.251799 -1.890764 0.8905 0.8905 0.8905
v 0.243426 -0.020000 -1.788046 0.9802 0.9802 0.9802
v 0.269117 0.008000 -1.776912 0.7336 0.7336 0.7336
v 0.232292 0.008000 -1.762355 0.6875 0.6875 0.6875
v 0.261592 -0.011799 -1.780173 0.9265 0.9265 0.9265
v 0.251830 -0.008166 -1.766785 0.9148 0.9148 0.9148
v 0.253719 0.008000 -1.762007 0.6875 0.6875 0.6875
v 0.235553 -0.011799 -1.769880 0.9265 0.9265 0.9265
v 0.243426 0.260000 -1.788046 0.9378 0.9378 0.9378
v 0.232292 0.232000 -1.762355 0.7895 0.7895 0.7895
v 0.269117 0.232000 -1.776912 0.8508 0.8508 0.8508
v 0.235553 0.251799 -1.769880 0.8216 0.8216 0.8216
v 0.251830 0.248166 -1.766785 0.8508 0.8508 0.8508
v 0.253719 0.232000 -1.762007 0.8060 0.8060 0.8060
v 0.261592 0.251799 -1.780173 0.9029 0.9029 0.9029
v -1.683728 -0.020000 -1.443016 1.0000 1.0000 1.0000
v -1.701471 0.008000 -1.464676 1.0000 1.0000 1.0000
v -1.662067 0.008000 -1.460759 0.9802 0.9802 0.9802
v -1.696274 -0.011799 -1.458332 1.0000 1.0000 1.0000
v -1.681466 -0.008166 -1.465765 0.9902 0.9902 0.9902
v -1.680958 0.008000 -1.470878 0.9902 0.9902 0.9902
v -1.668411 -0.011799 -1.455562 0.9802 0.9802 0.9802
v -1.701471 0.232000 -1.464676 1.0000 1.0000 1.0000
v -1.683728 0.260000 -1.443016 0.9700 0.9700 0.9700
v -1.662067 0.232000 -1.460759 0.9802 0.9802 0.9802
v -1.696274 0.251799 -1.458332 1.0000 1.0000 1.0000
v -1.681466 0.248166 -1.465765 1.0000 1.0000 1.0000
v -1.668411 0.251799 -1.455562 0.9700 0.9700 0.9700
v -1.680958 0.232000 -1.470878 1.0000 1.0000 1.0000
v -1.491086 -0.020000 -1.207844 0.9802 0.9802 0.9802
v -1.469426 0.008000 -1.225588 0.9488 0.9488 0.9488
v -1.473343 0.008000 -1.186184 0.9029 0.9029 0.9029
v -1.475770 -0.011799 -1.220391 0.9700 0.9700 0.9700
v -1.468337 -0.008166 -1.205583 0.9148 0.9148 0.9148
v -1.463224 0.008000 -1.205075 0.9029 0.9029 0.9029
v -1.478540 -0.011799 -1.192528 0.9265 0.9265 0.9265
v -1.491087 0.260000 -1.207844 0.8905 0.8905 0.8905
v -1.473343 0.232000 -1.186184 0.7895 0.7895 0.7895
v -1.469426 0.232000 -1.225588 0.9148 0.9148 0.9148
v -1.478540 0.251799 -1.192528 0.8216 0.8216 0.8216
v -1.468337 0.248166 -1.205583 0.8508 0.8508 0.8508
v -1.463224 0.232000 -1.205074 0.8365 0.8365 0.8365
v -1.475770 0.251799 -1.220391 0.9148 0.9148 0.9148
v -1.965314 -0.020000 -1.212353 1.0000 1.0000 1.0000
v -1.986974 0.008000 -1.194610 1.0000 1.0000 1.0000
v -1.983057 0.008000 -1.234014 1.0000 1.0000 1.0000
v -1.980630 -0.011799 -1.199807 1.0000 1.0000 1.0000
v -1.988064 -0.008166 -1.214615 1.0000 1.0000 1.0000
v -1.993177 0.008000 -1.215123 1.0000 1.0000 1.0000
v -1.977861 -0.011799 -1.227669 1.0000 1.0000 1.0000
v -1.965314 0.260000 -1.212353 0.9802 0.9802 0.9802
v -1.983057 0.232000 -1.234014 1.0000 1.0000 1.0000
v -1.986975 0.232000 -1.194610 0.9902 0.9902 0.9902
v -1.977861 0.251799 -1.227670 1.0000 1.0000 1.0000
v -1.988064 0.248166 -1.214615 1.0000 1.0000 1.0000
v -1.993177 0.232000 -1.215123 1.0000 1.0000 1.0000
v -1.980631 0.251799 -1.199807 0.9700 0.9700 0.9700
v -1.772673 -0.020000 -0.977182 0.9902 0.9902 0.9902
v -1.754930 0.008000 -0.955522 0.9148 0.9148 0.9148
v -1.794334 0.008000 -0.959439 0.9700 0.9700 0.9700
v -1.760127 -0.011799 -0.961866 0.9265 0.9265 0.9265
v -1.774935 -0.008166 -0.954432 0.9488 0.9488 0.9488
v -1.775443 0.008000 -0.949320 0.9488 0.9488 0.9488
v -1.787989 -0.011799 -0.964636 0.9802 0.9802 0.9802
v -1.772673 0.260000 -0.977182 0.9265 0.9265 0.9265
v -1.794334 0.232000 -0.959439 0.9488 0.9488 0.9488
v -1.754930 0.232000 -0.955522 0.8777 0.8777 0.8777
v -1.787989 0.251799 -0.964636 0.9488 0.9488 0.9488
v -1.774935 0.248166 -0.954432 0.9029 0.9029 0.9029
v -1.775443 0.232000 -0.949320 0.9148 0.9148 0.9148
v -1.760127 0.251799 -0.961866 0.8905 0.8905 0.8905
vn -0.0413 -0.9557 0.2916
vn -0.0355 -0.8214 0.5692
vn -0.1120 -0.8847 0.4525
vn 0.0069 0.1606 0.9870
vn 0.2366 -0.0543 0.9701
vn 0.2607 0.0801 0.9621
vn -0.2404 -0.0337 0.9701
vn -0.2528 0.1023 0.9621
vn 0.0422 0.9751 0.2178
vn 0.0392 0.9058 0.4218
vn 0.0924 0.9278 0.3616
vn 0.0177 0.4094 0.9122
vn -0.1930 0.5548 0.8093
vn -0.2175 0.4368 0.8729
vn 0.2402 0.5360 0.8093
vn 0.2544 0.4164 0.8729
vn -0.2286 -0.9476 0.2234
vn -0.4011 -0.8056 0.4361
vn -0.3854 -0.8729 0.2993
vn -0.6269 0.1881 0.7561
vn -0.4422 -0.0249 0.8966
vn -0.4172 0.1094 0.9022
vn -0.8076 -0.0091 0.5897
vn -0.8106 0.1264 0.5718
vn -0.0977 0.9811 0.1669
vn -0.2317 0.9176 0.3231
vn -0.1520 0.9383 0.3105
vn -0.5681 0.4347 0.6988
vn -0.6621 0.5751 0.4806
vn -0.7228 0.4586 0.5169
vn -0.3302 0.5607 0.7593
vn -0.3614 0.4430 0.8205
vn -0.3282 -0.9432 0.0506
vn -0.5956 -0.7972 0.0988
vn -0.4964 -0.8681 0.0061
vn -0.9641 0.2026 0.1714
vn -0.9149 -0.0045 0.4036
vn -0.8981 0.1302 0.4201
vn -0.9978 -0.0009 -0.0667
vn -0.9872 0.1341 -0.0860
vn -0.1721 0.9843 0.0378
vn -0.3758 0.9238 0.0732
vn -0.3065 0.9450 0.1142
vn -0.8798 0.4482 0.1584
vn -0.8103 0.5815 -0.0730
vn -0.8813 0.4655 -0.0810
vn -0.7350 0.5782 0.3541
vn -0.7994 0.4620 0.3841
vn -0.2936 -0.9447 -0.1458
vn -0.5280 -0.8001 -0.2846
vn -0.3932 -0.8725 -0.2900
vn -0.8470 0.1976 -0.4935
vn -0.9605 -0.0025 -0.2783
vn -0.9568 0.1328 -0.2585
vn -0.7220 -0.0128 -0.6918
vn -0.7001 0.1217 -0.7036
vn -0.1463 0.9832 -0.1089
vn -0.3258 0.9216 -0.2109
vn -0.2987 0.9447 -0.1356
vn -0.7715 0.4435 -0.4561
vn -0.5683 0.5710 -0.5924
vn -0.6188 0.4541 -0.6410
vn -0.7849 0.5804 -0.2169
vn -0.8547 0.4644 -0.2319
vn -0.1410 -0.9513 -0.2740
vn -0.2300 -0.8130 -0.5349
vn -0.1239 -0.8842 -0.4504
vn -0.3303 0.1752 -0.9275
vn -0.5575 -0.0200 -0.8299
vn -0.5661 0.1159 -0.8162
vn -0.1093 -0.0393 -0.9932
vn -0.0836 0.0950 -0.9920
vn -0.0322 0.9783 -0.2047
vn -0.1049 0.9121 -0.3964
vn -0.1323 0.9375 -0.3219
vn -0.2940 0.4229 -0.8572
vn -0.0494 0.5486 -0.8346
vn -0.0581 0.4299 -0.9010
vn -0.4565 0.5662 -0.6863
vn -0.5015 0.4491 -0.7395
vn 0.0583 -0.9600 -0.2740
vn 0.1590 -0.8298 -0.5349
vn 0.1853 -0.8976 -0.4000
vn 0.3442 0.1460 -0.9275
vn 0.1054 -0.0486 -0.9932
vn 0.0914 0.0874 -0.9920
vn 0.5537 -0.0680 -0.8299
vn 0.5739 0.0665 -0.8162
vn 0.1166 0.9719 -0.2047
vn 0.1833 0.8996 -0.3964
vn 0.1148 0.9268 -0.3576
vn 0.3294 0.3959 -0.8572
vn 0.5037 0.5246 -0.6863
vn 0.5384 0.4041 -0.7395
vn 0.0966 0.5423 -0.8346
vn 0.0950 0.4233 -0.9010
vn 0.2109 -0.9666 -0.1458
vn 0.4570 -0.8427 -0.2846
vn 0.3899 -0.9064 -0.1625
vn 0.8609 0.1237 -0.4935
vn 0.7182 -0.0751 -0.6918
vn 0.7080 0.0607 -0.7036
vn 0.9567 -0.0855 -0.2783
vn 0.9647 0.0496 -0.2585
vn 0.2307 0.9669 -0.1089
vn 0.4042 0.8900 -0.2109
vn 0.3270 0.9176 -0.2260
vn 0.8070 0.3752 -0.4561
vn 0.8321 0.5104 -0.2169
vn 0.8917 0.3888 -0.2319
vn 0.6155 0.5198 -0.5924
vn 0.6557 0.3990 -0.6410
vn 0.2455 -0.9681 0.0506
vn 0.5245 -0.8456 0.0988
vn 0.3940 -0.9066 0.1511
vn 0.9780 0.1186 0.1714
vn 0.9940 -0.0871 -0.0667
vn 0.9951 0.0483 -0.0860
vn 0.9111 -0.0835 0.4036
vn 0.9060 0.0522 0.4201
vn 0.2565 0.9658 0.0378
vn 0.4542 0.8879 0.0732
vn 0.4050 0.9142 0.0114
vn 0.9152 0.3706 0.1584
vn 0.7822 0.5126 0.3541
vn 0.8363 0.3912 0.3841
vn 0.8575 0.5093 -0.0730
vn 0.9182 0.3876 -0.0810
vn 0.1459 -0.9638 0.2234
vn 0.3300 -0.8372 0.4360
vn 0.1958 -0.8980 0.3940
vn 0.6408 0.1332 0.7561
vn 0.8038 -0.0788 0.5897
vn 0.8185 0.0560 0.5718
vn 0.4384 -0.0630 0.8966
vn 0.4251 0.0730 0.9022
vn 0.1821 0.9690 0.1669
vn 0.3101 0.8941 0.3231
vn 0.3124 0.9182 0.2435
vn 0.6035 0.3840 0.6988
vn 0.3774 0.5301 0.7593
vn 0.3983 0.4101 0.8205
vn 0.7093 0.5157 0.4806
vn 0.7597 0.3945 0.5169
vn 0.1219 -0.9567 0.2645
vn 0.1971 -0.8256 0.5287
vn 0.0971 -0.8922 0.4410
vn 0.2847 0.1314 0.9496
vn 0.5147 -0.0626 0.8551
vn 0.5254 0.0749 0.8475
vn 0.0572 -0.0823 0.9950
vn 0.0333 0.0538 0.9980
vn 0.0267 0.9742 0.2239
vn 0.0903 0.9021 0.4220
vn 0.1219 0.9298 0.3472
vn 0.2548 0.3844 0.8873
vn 0.0100 0.5163 0.8563
vn 0.0143 0.3939 0.9190
vn 0.4294 0.5343 0.7281
vn 0.4704 0.4135 0.7796
vn -0.0751 -0.9643 0.2541
vn -0.1874 -0.8404 0.5085
vn -0.2076 -0.9034 0.3752
vn -0.3920 0.1053 0.9139
vn -0.1547 -0.0905 0.9838
vn -0.1418 0.0470 0.9888
vn -0.5952 -0.1055 0.7966
vn -0.6156 0.0308 0.7874
vn -0.1248 0.9684 0.2159
vn -0.2032 0.8908 0.4065
vn -0.1309 0.9196 0.3703
vn -0.3753 0.3601 0.8541
vn -0.5432 0.4968 0.6769
vn -0.5800 0.3729 0.7243
vn -0.1394 0.5106 0.8485
vn -0.1409 0.3879 0.9109
vn -0.2194 -0.9683 0.1195
vn -0.4690 -0.8483 0.2457
vn -0.3988 -0.9079 0.1289
vn -0.8876 0.0914 0.4514
vn -0.7504 -0.1099 0.6518
vn -0.7439 0.0272 0.6677
vn -0.9677 -0.1133 0.2251
vn -0.9777 0.0236 0.2088
vn -0.2358 0.9653 0.1124
vn -0.4181 0.8848 0.2059
vn -0.3395 0.9132 0.2253
vn -0.8368 0.3471 0.4234
vn -0.8518 0.4906 0.1837
vn -0.9103 0.3664 0.1929
vn -0.6526 0.4937 0.5748
vn -0.6936 0.3698 0.6182
vn -0.2435 -0.9669 -0.0765
vn -0.5160 -0.8456 -0.1367
vn -0.3871 -0.9037 -0.1828
vn -0.9704 0.0962 -0.2216
vn -0.9936 -0.1117 0.0144
vn -0.9991 0.0248 0.0346
vn -0.8861 -0.1019 -0.4521
vn -0.8834 0.0354 -0.4672
vn -0.2543 0.9664 -0.0383
vn -0.4540 0.8868 -0.0860
vn -0.4063 0.9135 -0.0198
vn -0.9138 0.3516 -0.2032
vn -0.7715 0.5006 -0.3926
vn -0.8221 0.3773 -0.4265
vn -0.8701 0.4917 0.0351
vn -0.9292 0.3675 0.0385
vn -0.1361 -0.9607 -0.2420
vn -0.3064 -0.8335 -0.4598
vn -0.1780 -0.8928 -0.4139
vn -0.6015 0.1175 -0.7902
vn -0.7706 -0.0953 -0.6302
vn -0.7880 0.0409 -0.6144
vn -0.3885 -0.0768 -0.9182
vn -0.3770 0.0607 -0.9242
vn -0.1717 0.9711 -0.1656
vn -0.2940 0.8961 -0.3326
vn -0.3000 0.9205 -0.2505
vn -0.5703 0.3714 -0.7326
vn -0.3399 0.5223 -0.7821
vn -0.3566 0.4005 -0.8440
vn -0.6901 0.5053 -0.5181
vn -0.7375 0.3821 -0.5569
vn 0.0526 -0.9526 -0.2996
vn 0.0617 -0.8177 -0.5723
vn 0.1308 -0.8801 -0.4563
vn 0.0465 0.1453 -0.9883
vn -0.1857 -0.0681 -0.9803
vn -0.2093 0.0679 -0.9755
vn 0.2922 -0.0497 -0.9551
vn 0.3046 0.0878 -0.9484
vn -0.0267 0.9774 -0.2099
vn -0.0130 0.9081 -0.4185
vn -0.0703 0.9308 -0.3588
vn 0.0330 0.3973 -0.9171
vn 0.2412 0.5453 -0.8028
vn 0.2683 0.4253 -0.8644
vn -0.1968 0.5284 -0.8259
vn -0.2080 0.4069 -0.8895
vn 0.2341 -0.9464 -0.2225
vn 0.4161 -0.8056 -0.4217
vn 0.3946 -0.8718 -0.2903
vn 0.6702 0.1666 -0.7232
vn 0.4875 -0.0430 -0.8721
vn 0.4661 0.0933 -0.8798
vn 0.8375 -0.0332 -0.5454
vn 0.8426 0.1038 -0.5285
vn 0.1130 0.9821 -0.1506
vn 0.2575 0.9174 -0.3035
vn 0.1752 0.9396 -0.2940
vn 0.6138 0.4171 -0.6703
vn 0.6997 0.5590 -0.4449
vn 0.7602 0.4399 -0.4780
vn 0.3789 0.5500 -0.7443
vn 0.4113 0.4302 -0.8036
vn 0.3237 -0.9450 -0.0466
vn 0.5910 -0.8029 -0.0784
vn 0.4902 -0.8716 0.0067
vn 0.9780 0.1714 -0.1190
vn 0.9339 -0.0317 -0.3562
vn 0.9222 0.1051 -0.3721
vn 0.9923 -0.0351 0.1190
vn 0.9851 0.1014 0.1391
vn 0.1819 0.9832 -0.0153
vn 0.3910 0.9195 -0.0415
vn 0.3217 0.9429 -0.0864
vn 0.9003 0.4216 -0.1077
vn 0.8212 0.5569 0.1242
vn 0.8891 0.4377 0.1343
vn 0.7677 0.5601 -0.3115
vn 0.8308 0.4410 -0.3394
vn 0.2794 -0.9490 0.1457
vn 0.5045 -0.8108 0.2970
vn 0.3727 -0.8797 0.2955
vn 0.8257 0.1576 0.5416
vn 0.9446 -0.0394 0.3259
vn 0.9457 0.0978 0.3101
vn 0.6841 -0.0545 0.7274
vn 0.6655 0.0816 0.7420
vn 0.1478 0.9801 0.1326
vn 0.3250 0.9134 0.2450
vn 0.3007 0.9390 0.1668
vn 0.7586 0.4087 0.5075
vn 0.5488 0.5401 0.6380
vn 0.5945 0.4195 0.6860
vn 0.7876 0.5539 0.2700
vn 0.8541 0.4345 0.2858
vn 0.1825 -0.9580 0.2213
vn 0.3314 -0.8300 0.4486
vn 0.2122 -0.8931 0.3967
vn 0.5538 0.1027 0.8263
vn 0.7412 -0.0933 0.6648
vn 0.7527 0.0453 0.6568
vn 0.3436 -0.1071 0.9330
vn 0.3252 0.0305 0.9451
vn 0.1031 0.9737 0.2029
vn 0.2234 0.8987 0.3775
vn 0.2317 0.9272 0.2942
vn 0.5132 0.3595 0.7794
vn 0.2703 0.4988 0.8235
vn 0.2903 0.3741 0.8808
vn 0.6381 0.5116 0.5754
vn 0.6897 0.3879 0.6114
vn -0.0069 -0.9632 0.2685
vn -0.0383 -0.8404 0.5407
vn -0.0966 -0.9009 0.4232
vn -0.1062 0.0843 0.9908
vn 0.1402 -0.1128 0.9837
vn 0.1548 0.0257 0.9876
vn -0.3368 -0.1234 0.9334
vn -0.3580 0.0144 0.9336
vn -0.0468 0.9696 0.2403
vn -0.0671 0.8906 0.4499
vn -0.0072 0.9200 0.3920
vn -0.1059 0.3422 0.9336
vn -0.3197 0.4849 0.8140
vn -0.3418 0.3592 0.8684
vn 0.1216 0.4947 0.8605
vn 0.1374 0.3698 0.9189
vn -0.1824 -0.9661 0.1829
vn -0.3808 -0.8458 0.3736
vn -0.3502 -0.9041 0.2449
vn -0.7176 0.0745 0.6924
vn -0.5253 -0.1264 0.8415
vn -0.5159 0.0118 0.8566
vn -0.8585 -0.1288 0.4964
vn -0.8742 0.0093 0.4855
vn -0.1857 0.9673 0.1725
vn -0.3363 0.8863 0.3185
vn -0.2530 0.9154 0.3133
vn -0.6795 0.3330 0.6538
vn -0.7657 0.4805 0.4275
vn -0.8182 0.3545 0.4526
vn -0.4574 0.4827 0.7468
vn -0.4834 0.3569 0.7993
vn -0.2619 -0.9651 0.0044
vn -0.5359 -0.8439 0.0254
vn -0.4301 -0.9011 -0.0546
vn -0.9944 0.0779 0.0708
vn -0.9438 -0.1277 0.3048
vn -0.9457 0.0102 0.3250
vn -0.9774 -0.1208 -0.1737
vn -0.9817 0.0176 -0.1895
vn -0.2485 0.9681 0.0314
vn -0.4581 0.8878 0.0449
vn -0.3908 0.9156 0.0949
vn -0.9391 0.3362 0.0707
vn -0.8591 0.4876 -0.1552
vn -0.9161 0.3622 -0.1722
vn -0.8281 0.4813 0.2875
vn -0.8824 0.3553 0.3086
vn -0.2081 -0.9608 -0.1833
vn -0.4309 -0.8355 -0.3409
vn -0.2987 -0.8935 -0.3353
vn -0.8071 0.0929 -0.5831
vn -0.9196 -0.1162 -0.3752
vn -0.9333 0.0214 -0.3583
vn -0.6378 -0.1032 -0.7633
vn -0.6303 0.0354 -0.7755
vn -0.2060 0.9715 -0.1171
vn -0.3756 0.8944 -0.2429
vn -0.3560 0.9205 -0.1608
vn -0.7634 0.3503 -0.5427
vn -0.5562 0.5030 -0.6615
vn -0.5895 0.3787 -0.7135
vn -0.8169 0.4910 -0.3026
vn -0.8727 0.3657 -0.3236
vn -0.0463 -0.9552 -0.2925
vn -0.1151 -0.8246 -0.5540
vn -0.0176 -0.8847 -0.4659
vn -0.2432 0.1125 -0.9634
vn -0.4640 -0.0972 -0.8805
vn -0.4847 0.0404 -0.8737
vn 0.0014 -0.0842 -0.9964
vn 0.0156 0.0544 -0.9984
vn -0.0779 0.9760 -0.2035
vn -0.1274 0.9030 -0.4103
vn -0.1651 0.9279 -0.3344
vn -0.2344 0.3687 -0.8995
vn 0.0014 0.5194 -0.8545
vn 0.0086 0.3963 -0.9181
vn -0.4291 0.5074 -0.7472
vn -0.4589 0.3833 -0.8016
vn 0.1480 -0.9508 -0.2720
vn 0.2639 -0.8162 -0.5141
vn 0.2817 -0.8788 -0.3851
vn 0.4333 0.1275 -0.8922
vn 0.2098 -0.0796 -0.9745
vn 0.1903 0.0583 -0.9800
vn 0.6410 -0.0727 -0.7641
vn 0.6538 0.0657 -0.7538
vn 0.0757 0.9794 -0.1873
vn 0.1704 0.9096 -0.3790
vn 0.0928 0.9342 -0.3445
vn 0.4002 0.3827 -0.8327
vn 0.5526 0.5292 -0.6438
vn 0.5985 0.4067 -0.6902
vn 0.1538 0.5228 -0.8385
vn 0.1653 0.3998 -0.9016
vn 0.2836 -0.9499 -0.1315
vn 0.5286 -0.8143 -0.2399
vn 0.4591 -0.8787 -0.1309
vn 0.9059 0.1309 -0.4027
vn 0.7866 -0.0717 -0.6133
vn 0.7758 0.0666 -0.6274
vn 0.9818 -0.0741 -0.1750
vn 0.9856 0.0640 -0.1562
vn 0.1830 0.9802 -0.0762
vn 0.3784 0.9111 -0.1635
vn 0.2969 0.9365 -0.1864
vn 0.8435 0.3859 -0.3735
vn 0.8397 0.5278 -0.1281
vn 0.9040 0.4051 -0.1365
vn 0.6591 0.5300 -0.5335
vn 0.7080 0.4075 -0.5768
vn 0.2973 -0.9527 0.0633
vn 0.5553 -0.8197 0.1403
vn 0.4317 -0.8843 0.1779
vn 0.9535 0.1211 0.2760
vn 0.9964 -0.0771 0.0341
vn 0.9979 0.0615 0.0190
vn 0.8643 -0.0876 0.4952
vn 0.8559 0.0501 0.5147
vn 0.1938 0.9779 0.0780
vn 0.3993 0.9068 0.1352
vn 0.3518 0.9338 0.0658
vn 0.8882 0.3767 0.2631
vn 0.7282 0.5158 0.4514
vn 0.7823 0.3922 0.4839
vn 0.8504 0.5256 0.0248
vn 0.9150 0.4028 0.0207
vn 0.2208 -0.9594 0.1756
vn 0.4290 -0.8350 0.3446
vn 0.3025 -0.8933 0.3326
vn 0.7751 0.0706 0.6279
vn 0.8989 -0.1301 0.4184
vn 0.9132 0.0093 0.4074
vn 0.5966 -0.1314 0.7917
vn 0.5883 0.0079 0.8086
vn 0.1774 0.9731 0.1469
vn 0.3456 0.8947 0.2829
vn 0.3285 0.9235 0.1979
vn 0.7327 0.3312 0.5945
vn 0.5160 0.4817 0.7083
vn 0.5476 0.3547 0.7579
vn 0.7985 0.4829 0.3594
vn 0.8540 0.3559 0.3795
vn 0.0554 -0.9599 0.2750
vn 0.1064 -0.8359 0.5385
vn 0.0171 -0.8940 0.4478
vn 0.1902 0.0690 0.9793
vn 0.4195 -0.1319 0.8981
vn 0.4377 0.0075 0.8991
vn -0.0520 -0.1328 0.9898
vn -0.0691 0.0065 0.9976
vn 0.0424 0.9727 0.2280
vn 0.0838 0.8940 0.4402
vn 0.1253 0.9229 0.3642
vn 0.1795 0.3297 0.9269
vn -0.0596 0.4804 0.8750
vn -0.0673 0.3533 0.9331
vn 0.3811 0.4813 0.7893
vn 0.4106 0.3543 0.8402
vn -0.1352 -0.9601 0.2448
vn -0.2654 -0.8364 0.4796
vn -0.2756 -0.8942 0.3527
vn -0.4837 0.0681 0.8726
vn -0.2560 -0.1331 0.9575
vn -0.2426 0.0063 0.9701
vn -0.6762 -0.1333 0.7246
vn -0.6941 0.0060 0.7198
vn -0.1132 0.9725 0.2034
vn -0.2180 0.8936 0.3924
vn -0.1373 0.9225 0.3609
vn -0.4580 0.3288 0.8259
vn -0.6076 0.4800 0.6327
vn -0.6510 0.3529 0.6720
vn -0.2150 0.4802 0.8504
vn -0.2252 0.3531 0.9081
vn -0.2618 -0.9600 0.0992
vn -0.5124 -0.8362 0.1955
vn -0.4386 -0.8940 0.0917
vn -0.9314 0.0684 0.3576
vn -0.8117 -0.1332 0.5687
vn -0.8094 0.0061 0.5872
vn -0.9839 -0.1326 0.1202
vn -0.9944 0.0068 0.1052
vn -0.2166 0.9726 0.0845
vn -0.4184 0.8937 0.1618
vn -0.3363 0.9225 0.1896
vn -0.8814 0.3291 0.3388
vn -0.8717 0.4807 0.0948
vn -0.9304 0.3536 0.0969
vn -0.7108 0.4801 0.5140
vn -0.7559 0.3530 0.5514
vn -0.2652 -0.9596 -0.0938
vn -0.5189 -0.8355 -0.1808
vn -0.3958 -0.8933 -0.2131
vn -0.9433 0.0697 -0.3246
vn -0.9875 -0.1322 -0.0863
vn -0.9975 0.0071 -0.0704
vn -0.8311 -0.1310 -0.5405
vn -0.8294 0.0084 -0.5586
vn -0.2193 0.9729 -0.0730
vn -0.4237 0.8943 -0.1436
vn -0.3787 0.9229 -0.0695
vn -0.8927 0.3304 -0.3065
vn -0.7283 0.4821 -0.4870
vn -0.7747 0.3551 -0.5233
vn -0.8745 0.4810 -0.0625
vn -0.9332 0.3539 -0.0629
vn -0.1437 -0.9591 -0.2437
vn -0.2821 -0.8345 -0.4734
vn -0.1670 -0.8925 -0.4190
vn -0.5139 0.0715 -0.8549
vn -0.7011 -0.1305 -0.7010
vn -0.7188 0.0088 -0.6951
vn -0.2893 -0.1293 -0.9485
vn -0.2763 0.0101 -0.9610
vn -0.1202 0.9733 -0.1954
vn -0.2315 0.8951 -0.3810
vn -0.2446 0.9236 -0.2952
vn -0.4865 0.3321 -0.8081
vn -0.2445 0.4836 -0.8405
vn -0.2567 0.3567 -0.8982
vn -0.6293 0.4825 -0.6092
vn -0.6741 0.3555 -0.6475
vn 0.0457 -0.9587 -0.2806
vn 0.0874 -0.8338 -0.5452
vn 0.1405 -0.8920 -0.4297
vn 0.1559 0.0729 -0.9851
vn -0.0866 -0.1289 -0.9879
vn -0.1038 0.0104 -0.9945
vn 0.3879 -0.1283 -0.9127
vn 0.4061 0.0111 -0.9138
vn 0.0344 0.9736 -0.2255
vn 0.0684 0.8957 -0.4393
vn 0.0033 0.9242 -0.3820
vn 0.1471 0.3334 -0.9313
vn 0.3534 0.4845 -0.8002
vn 0.3810 0.3576 -0.8526
vn -0.0900 0.4839 -0.8705
vn -0.0998 0.3570 -0.9287
vn 0.2145 -0.9587 -0.1870
vn 0.4167 -0.8336 -0.3627
vn 0.3830 -0.8920 -0.2402
vn 0.7527 0.0732 -0.6543
vn 0.5686 -0.1282 -0.8126
vn 0.5597 0.0112 -0.8286
vn 0.8837 -0.1284 -0.4500
vn 0.8984 0.0110 -0.4390
vn 0.1722 0.9737 -0.1491
vn 0.3356 0.8959 -0.2912
vn 0.2489 0.9244 -0.2891
vn 0.7116 0.3336 -0.6184
vn 0.7855 0.4844 -0.3851
vn 0.8402 0.3575 -0.4077
vn 0.4910 0.4846 -0.7240
vn 0.5208 0.3577 -0.7751
vn 0.2836 -0.9589 -0.0069
vn 0.5515 -0.8341 -0.0113
vn 0.4470 -0.8925 0.0609
vn 0.9972 0.0723 -0.0173
vn 0.9578 -0.1287 -0.2572
vn 0.9614 0.0107 -0.2749
vn 0.9661 -0.1296 0.2231
vn 0.9704 0.0097 0.2413
vn 0.2287 0.9735 -0.0021
vn 0.4451 0.8955 -0.0060
vn 0.3773 0.9241 -0.0601
vn 0.9429 0.3328 -0.0158
vn 0.8498 0.4833 0.2106
vn 0.9060 0.3563 0.2284
vn 0.8419 0.4842 -0.2383
vn 0.8975 0.3573 -0.2584
vn 0.2519 -0.9602 0.1209
vn 0.4983 -0.8391 0.2180
vn 0.3769 -0.8933 0.2448
vn 0.9267 0.0411 0.3736
vn 0.9769 -0.1629 0.1387
vn 0.9922 -0.0231 0.1228
vn 0.7969 -0.1540 0.5842
vn 0.7988 -0.0136 0.6015
vn 0.2239 0.9720 0.0712
vn 0.4276 0.8906 0.1551
vn 0.3849 0.9198 0.0764
vn 0.8852 0.3046 0.3516
vn 0.7140 0.4646 0.5238
vn 0.7551 0.3356 0.5632
vn 0.8838 0.4562 0.1035
vn 0.9390 0.3266 0.1080
vn 0.1243 -0.9569 0.2626
vn 0.2495 -0.8327 0.4944
vn 0.1397 -0.8884 0.4373
vn 0.4694 0.0529 0.8814
vn 0.6607 -0.1505 0.7354
vn 0.6813 -0.0105 0.7319
vn 0.2364 -0.1437 0.9610
vn 0.2254 -0.0032 0.9743
vn 0.1167 0.9748 0.1902
vn 0.2196 0.8959 0.3861
vn 0.2371 0.9246 0.2982
vn 0.4493 0.3159 0.8357
vn 0.2060 0.4737 0.8562
vn 0.2133 0.3454 0.9139
vn 0.6063 0.4673 0.6434
vn 0.6468 0.3384 0.6835
vn -0.0646 -0.9551 0.2891
vn -0.1188 -0.8293 0.5461
vn -0.1657 -0.8864 0.4323
vn -0.2074 0.0592 0.9765
vn 0.0349 -0.1418 0.9893
vn 0.0516 -0.0016 0.9987
vn -0.4352 -0.1403 0.8894
vn -0.4534 -0.0000 0.8913
vn -0.0420 0.9763 0.2125
vn -0.0883 0.8988 0.4293
vn -0.0186 0.9276 0.3730
vn -0.1959 0.3219 0.9263
vn -0.3970 0.4767 0.7844
vn -0.4272 0.3484 0.8343
vn 0.0465 0.4752 0.8786
vn 0.0531 0.3468 0.9364
vn -0.2263 -0.9557 0.1880
vn -0.4342 -0.8304 0.3490
vn -0.3965 -0.8882 0.2322
vn -0.7870 0.0570 0.6143
vn -0.6078 -0.1409 0.7815
vn -0.6023 -0.0005 0.7983
vn -0.9036 -0.1453 0.4029
vn -0.9202 -0.0053 0.3914
vn -0.1779 0.9757 0.1276
vn -0.3520 0.8978 0.2646
vn -0.2627 0.9275 0.2660
vn -0.7484 0.3198 0.5811
vn -0.8127 0.4720 0.3418
vn -0.8668 0.3434 0.3617
vn -0.5335 0.4762 0.6990
vn -0.5644 0.3479 0.7486
vn -0.2853 -0.9584 0.0067
vn -0.5492 -0.8357 -0.0047
vn -0.4446 -0.8930 -0.0694
vn -0.9982 0.0474 -0.0356
vn -0.9665 -0.1482 0.2093
vn -0.9744 -0.0078 0.2245
vn -0.9498 -0.1565 -0.2709
vn -0.9564 -0.0167 -0.2914
vn -0.2274 0.9735 -0.0248
vn -0.4481 0.8934 -0.0311
vn -0.3809 0.9242 0.0271
vn -0.9498 0.3106 -0.0385
vn -0.8466 0.4619 -0.2644
vn -0.8997 0.3326 -0.2828
vn -0.8624 0.4697 0.1887
vn -0.9168 0.3411 0.2078
vn -0.2139 -0.9619 -0.1702
vn -0.4099 -0.8425 -0.3495
vn -0.2876 -0.8986 -0.3314
vn -0.7423 0.0348 -0.6692
vn -0.8736 -0.1603 -0.4595
vn -0.8907 -0.0199 -0.4541
vn -0.5520 -0.1686 -0.8166
vn -0.5452 -0.0289 -0.8378
vn -0.1674 0.9705 -0.1734
vn -0.3317 0.8877 -0.3194
vn -0.3179 0.9194 -0.2318
vn -0.7057 0.2986 -0.6425
vn -0.4830 0.4510 -0.7505
vn -0.5105 0.3211 -0.7977
vn -0.7863 0.4589 -0.4137
vn -0.8391 0.3296 -0.4328
vn -0.0454 -0.9646 -0.2597
vn -0.0815 -0.8478 -0.5240
vn 0.0011 -0.9023 -0.4312
vn -0.1388 0.0251 -0.9900
vn -0.3724 -0.1715 -0.9121
vn -0.3903 -0.0314 -0.9202
vn 0.1035 -0.1759 -0.9789
vn 0.1210 -0.0361 -0.9920
vn -0.0259 0.9683 -0.2486
vn -0.0571 0.8833 -0.4653
vn -0.1031 0.9152 -0.3896
vn -0.1305 0.2894 -0.9483
vn 0.1082 0.4446 -0.8892
vn 0.1186 0.3143 -0.9419
vn -0.3408 0.4488 -0.8261
vn -0.3677 0.3188 -0.8736
vn 0.1411 -0.9652 -0.2200
vn 0.2823 -0.8490 -0.4467
vn 0.2864 -0.9024 -0.3220
vn 0.5297 0.0229 -0.8479
vn 0.3026 -0.1766 -0.9366
vn 0.2927 -0.0367 -0.9555
vn 0.7101 -0.1750 -0.6820
vn 0.7306 -0.0350 -0.6819
vn 0.1308 0.9678 -0.2153
vn 0.2470 0.8823 -0.4006
vn 0.1628 0.9136 -0.3725
vn 0.5068 0.2873 -0.8128
vn 0.6502 0.4455 -0.6154
vn 0.6932 0.3154 -0.6481
vn 0.2657 0.4441 -0.8557
vn 0.2768 0.3138 -0.9082
vn 0.2585 -0.9635 -0.0697
vn 0.5113 -0.8456 -0.1536
vn 0.4348 -0.8988 -0.0550
vn 0.9505 0.0292 -0.3094
vn 0.8354 -0.1732 -0.5216
vn 0.8387 -0.0334 -0.5436
vn 0.9839 -0.1664 -0.0646
vn 0.9983 -0.0261 -0.0526
vn 0.2295 0.9692 -0.0890
vn 0.4384 0.8852 -0.1556
vn 0.3556 0.9154 -0.1885
vn 0.9079 0.2933 -0.2994
vn 0.8895 0.4534 -0.0574
vn 0.9446 0.3238 -0.0536
vn 0.7493 0.4470 -0.4886
vn 0.7929 0.3168 -0.5206
vn 0.1172 -0.9722 -0.2028
vn 0.2376 -0.8973 -0.3720
vn 0.3227 -0.9260 -0.1959
vn 0.0034 -0.1846 -0.9828
vn 0.1563 -0.3346 -0.9293
vn -0.0353 -0.3830 -0.9231
vn 0.9158 -0.2080 -0.3436
vn 0.8083 -0.3512 -0.4726
vn 0.8311 -0.1639 -0.5315
vn 0.0138 0.1740 -0.9847
vn 0.1753 0.3153 -0.9327
vn 0.2182 0.1256 -0.9678
vn 0.1737 0.9615 -0.2128
vn 0.2895 0.8780 -0.3811
vn 0.0956 0.9107 -0.4018
vn 0.9263 0.1506 -0.3455
vn 0.8272 0.2986 -0.4759
vn 0.8882 0.3518 -0.2956
vn 0.1795 -0.9722 0.1505
vn 0.3505 -0.8973 0.2683
vn 0.1738 -0.9188 0.3543
vn 0.9781 -0.2080 0.0097
vn 0.9212 -0.3512 0.1676
vn 0.9136 -0.4061 -0.0221
vn 0.3393 -0.1846 0.9224
vn 0.4647 -0.3346 0.8198
vn 0.5281 -0.1480 0.8362
vn 0.2360 0.9615 0.1405
vn 0.4024 0.8780 0.2591
vn 0.4236 0.9035 0.0643
vn 0.3498 0.1740 0.9205
vn 0.4837 0.3153 0.8165
vn 0.3047 0.3749 0.8756
vn 0.9886 0.1506 0.0078
vn 0.9401 0.2986 0.1643
vn 0.9707 0.1097 0.2138
vn -0.2360 -0.9615 -0.1405
vn -0.4024 -0.8780 -0.2591
vn -0.2273 -0.9107 -0.3449
vn -0.9886 -0.1506 -0.0078
vn -0.9401 -0.2986 -0.1643
vn -0.9357 -0.3518 0.0260
vn -0.3498 -0.1740 -0.9205
vn -0.4837 -0.3153 -0.8165
vn -0.5361 -0.1256 -0.8348
vn -0.1795 0.9722 -0.1505
vn -0.3505 0.8973 -0.2683
vn -0.3702 0.9260 -0.0737
vn -0.3393 0.1846 -0.9224
vn -0.4647 0.3346 -0.8198
vn -0.2826 0.3830 -0.8795
vn -0.9781 0.2080 -0.0097
vn -0.9212 0.3512 -0.1676
vn -0.9627 0.1639 -0.2152
vn -0.1737 -0.9615 0.2128
vn -0.2895 -0.8780 0.3811
vn -0.3761 -0.9035 0.2053
vn -0.0138 -0.1740 0.9847
vn -0.1753 -0.3153 0.9327
vn 0.0131 -0.3749 0.9270
vn -0.9263 -0.1506 0.3455
vn -0.8272 -0.2986 0.4759
vn -0.8391 -0.1097 0.5329
vn -0.1172 0.9722 0.2028
vn -0.2376 0.8973 0.3720
vn -0.0422 0.9188 0.3924
vn -0.9158 0.2080 0.3436
vn -0.8083 0.3513 0.4726
vn -0.8661 0.4061 0.2917
vn -0.0034 0.1846 0.9828
vn -0.1563 0.3346 0.9293
vn -0.2102 0.1480 0.9664
vn -0.0229 -0.9597 -0.2801
vn -0.0605 -0.8750 -0.4804
vn 0.1253 -0.9000 -0.4175
vn -0.6856 -0.1724 -0.7073
vn -0.5340 -0.3124 -0.7856
vn -0.6629 -0.3736 -0.6488
vn 0.4114 -0.1422 -0.9003
vn 0.2499 -0.2908 -0.9236
vn 0.2170 -0.1017 -0.9709
vn -0.6935 0.1861 -0.6960
vn -0.5483 0.3373 -0.7653
vn -0.5354 0.1513 -0.8309
vn -0.0654 0.9734 -0.2194
vn -0.0995 0.8999 -0.4247
vn -0.2522 0.9198 -0.3008
vn 0.4035 0.2163 -0.8890
vn 0.2356 0.3588 -0.9032
vn 0.4041 0.4138 -0.8157
vn 0.2710 -0.9597 -0.0743
vn 0.4721 -0.8750 -0.1075
vn 0.4091 -0.9093 0.0767
vn 0.7053 -0.1422 -0.6945
vn 0.7824 -0.2908 -0.5507
vn 0.6450 -0.3438 -0.6825
vn 0.8991 -0.1724 0.4024
vn 0.9209 -0.3124 0.2331
vn 0.9700 -0.1222 0.2103
vn 0.2285 0.9734 -0.0136
vn 0.4331 0.8999 -0.0518
vn 0.3093 0.9290 -0.2031
vn 0.8912 0.1861 0.4136
vn 0.9066 0.3373 0.2535
vn 0.8198 0.3840 0.4248
vn 0.6974 0.2163 -0.6833
vn 0.7681 0.3588 -0.5303
vn 0.8321 0.1718 -0.5274
vn -0.2285 -0.9734 0.0136
vn -0.4331 -0.8999 0.0518
vn -0.3689 -0.9198 -0.1341
vn -0.6974 -0.2163 0.6833
vn -0.7681 -0.3588 0.5303
vn -0.6283 -0.4138 0.6587
vn -0.8912 -0.1861 -0.4136
vn -0.9066 -0.3373 -0.2535
vn -0.9639 -0.1513 -0.2189
vn -0.2710 0.9597 0.0743
vn -0.4721 0.8750 0.1075
vn -0.3495 0.9000 0.2605
vn -0.8991 0.1724 -0.4024
vn -0.9209 0.3124 -0.2331
vn -0.8364 0.3736 -0.4010
vn -0.7053 0.1422 0.6945
vn -0.7824 0.2908 0.5507
vn -0.8381 0.1017 0.5360
vn 0.0654 -0.9734 0.2194
vn 0.0995 -0.8999 0.4247
vn -0.0851 -0.9290 0.3601
vn 0.6935 -0.1861 0.6960
vn 0.5483 -0.3373 0.7653
vn 0.6796 -0.3840 0.6251
vn -0.4035 -0.2163 0.8890
vn -0.2356 -0.3588 0.9032
vn -0.2110 -0.1718 0.9623
vn 0.0229 0.9597 0.2801
vn 0.0605 0.8750 0.4804
vn 0.2120 0.9093 0.3582
vn -0.4114 0.1422 0.9003
vn -0.2499 0.2908 0.9236
vn -0.4208 0.3438 0.8395
vn 0.6856 0.1724 0.7073
vn 0.5340 0.3124 0.7856
vn 0.5294 0.1222 0.8395
vn -0.2024 -0.9726 -0.1146
vn -0.3715 -0.8981 -0.2352
vn -0.1954 -0.9270 -0.3202
vn -0.9827 -0.1851 -0.0029
vn -0.9292 -0.3354 -0.1554
vn -0.9229 -0.3833 0.0363
vn -0.3435 -0.2105 -0.9152
vn -0.4724 -0.3536 -0.8073
vn -0.5314 -0.1664 -0.8306
vn -0.9847 0.1735 -0.0143
vn -0.9328 0.3144 -0.1761
vn -0.9678 0.1245 -0.2186
vn -0.2132 0.9610 -0.1762
vn -0.3815 0.8771 -0.2918
vn -0.4022 0.9103 -0.0980
vn -0.3455 0.1480 -0.9267
vn -0.4761 0.2962 -0.8280
vn -0.2957 0.3493 -0.8891
vn 0.1509 -0.9726 -0.1769
vn 0.2687 -0.8981 -0.3481
vn 0.3547 -0.9191 -0.1714
vn 0.0098 -0.2105 -0.9775
vn 0.1678 -0.3536 -0.9202
vn -0.0219 -0.4085 -0.9125
vn 0.9225 -0.1851 -0.3388
vn 0.8200 -0.3354 -0.4638
vn 0.8363 -0.1490 -0.5277
vn 0.1401 0.9610 -0.2385
vn 0.2587 0.8771 -0.4047
vn 0.0638 0.9025 -0.4260
vn 0.9205 0.1735 -0.3502
vn 0.8163 0.3144 -0.4845
vn 0.8754 0.3745 -0.3057
vn 0.0078 0.1480 -0.9890
vn 0.1642 0.2962 -0.9409
vn 0.2137 0.1072 -0.9710
vn -0.1401 -0.9610 0.2385
vn -0.2587 -0.8771 0.4047
vn -0.3444 -0.9103 0.2297
vn -0.0078 -0.1480 0.9890
vn -0.1642 -0.2962 0.9409
vn 0.0262 -0.3493 0.9366
vn -0.9205 -0.1735 0.3502
vn -0.8163 -0.3144 0.4845
vn -0.8347 -0.1245 0.5364
vn -0.1509 0.9726 0.1769
vn -0.2687 0.8981 0.3481
vn -0.0741 0.9270 0.3678
vn -0.9225 0.1851 0.3388
vn -0.8200 0.3354 0.4638
vn -0.8797 0.3833 0.2816
vn -0.0098 0.2105 0.9775
vn -0.1678 0.3536 0.9202
vn -0.2153 0.1664 0.9623
vn 0.2132 -0.9610 0.1762
vn 0.3815 -0.8771 0.2918
vn 0.2057 -0.9025 0.3785
vn 0.9847 -0.1735 0.0143
vn 0.9328 -0.3144 0.1761
vn 0.9272 -0.3745 -0.0121
vn 0.3455 -0.1480 0.9267
vn 0.4761 -0.2962 0.8280
vn 0.5329 -0.1072 0.8393
vn 0.2024 0.9726 0.1146
vn 0.3716 0.8981 0.2352
vn 0.3919 0.9191 0.0398
vn 0.3435 0.2105 0.9152
vn 0.4724 0.3536 0.8073
vn 0.2915 0.4085 0.8650
vn 0.9827 0.1851 0.0029
vn 0.9292 0.3354 0.1554
vn 0.9663 0.1490 0.2099
vn -0.2323 -0.9710 0.0563
vn -0.4366 -0.8950 0.0911
vn -0.3724 -0.9233 -0.0937
vn -0.6985 -0.1833 0.6918
vn -0.7697 -0.3321 0.5452
vn -0.6302 -0.3820 0.6760
vn -0.8918 -0.2007 -0.4055
vn -0.9079 -0.3446 -0.2389
vn -0.9645 -0.1570 -0.2125
vn -0.7050 0.1754 0.6872
vn -0.7815 0.3178 0.5370
vn -0.8379 0.1285 0.5306
vn -0.2673 0.9631 0.0318
vn -0.4687 0.8807 0.0686
vn -0.3460 0.9119 0.2205
vn -0.8983 0.1580 -0.4100
vn -0.9196 0.3054 -0.2471
vn -0.8348 0.3588 -0.4175
vn -0.0265 -0.9710 -0.2376
vn -0.0637 -0.8950 -0.4414
vn 0.1219 -0.9180 -0.3774
vn -0.6860 -0.2007 -0.6993
vn -0.5350 -0.3446 -0.7714
vn -0.6642 -0.3992 -0.6321
vn 0.4111 -0.1833 -0.8930
vn 0.2490 -0.3321 -0.9098
vn 0.2170 -0.1452 -0.9653
vn -0.0615 0.9631 -0.2620
vn -0.0958 0.8807 -0.4639
vn -0.2485 0.9066 -0.3411
vn 0.4047 0.1754 -0.8975
vn 0.2373 0.3178 -0.9180
vn 0.4060 0.3760 -0.8329
vn -0.6925 0.1580 -0.7039
vn -0.5467 0.3054 -0.7796
vn -0.5345 0.1166 -0.8371
vn 0.0615 -0.9631 0.2620
vn 0.0958 -0.8807 0.4639
vn -0.0888 -0.9119 0.4006
vn 0.6925 -0.1580 0.7039
vn 0.5467 -0.3054 0.7796
vn 0.6778 -0.3588 0.6417
vn -0.4047 -0.1754 0.8975
vn -0.2373 -0.3178 0.9180
vn -0.2120 -0.1285 0.9688
vn 0.0265 0.9710 0.2376
vn 0.0637 0.8950 0.4414
vn 0.2154 0.9233 0.3179
vn -0.4111 0.1833 0.8930
vn -0.2490 0.3321 0.9098
vn -0.4197 0.3820 0.8234
vn 0.6860 0.2007 0.6993
vn 0.5350 0.3446 0.7714
vn 0.5296 0.1570 0.8336
vn 0.2673 -0.9631 -0.0318
vn 0.4687 -0.8807 -0.0686
vn 0.4055 -0.9066 0.1168
vn 0.7050 -0.1754 -0.6872
vn 0.7815 -0.3178 -0.5370
vn 0.6439 -0.3760 -0.6664
vn 0.8983 -0.1580 0.4100
vn 0.9196 -0.3054 0.2471
vn 0.9694 -0.1166 0.2160
vn 0.2323 0.9710 -0.0563
vn 0.4366 0.8950 -0.0911
vn 0.3130 0.9180 -0.2436
vn 0.8918 0.2007 0.4055
vn 0.9079 0.3446 0.2389
vn 0.8211 0.3992 0.4079
vn 0.6985 0.1833 -0.6918
vn 0.7697 0.3321 -0.5452
vn 0.8329 0.1452 -0.5340
vn -0.0845 -0.9767 0.1971
vn -0.2074 -0.9070 0.3666
vn -0.2914 -0.9375 0.1904
vn 0.0029 -0.1904 0.9817
vn -0.1449 -0.3451 0.9273
vn 0.0482 -0.3870 0.9208
vn -0.9083 -0.2406 0.3423
vn -0.7960 -0.3809 0.4704
vn -0.8251 -0.1948 0.5304
vn -0.0196 0.1676 0.9857
vn -0.1856 0.3037 0.9345
vn -0.2222 0.1125 0.9685
vn -0.2058 0.9539 0.2184
vn -0.3187 0.8656 0.3863
vn -0.1260 0.9046 0.4071
vn -0.9308 0.1175 0.3463
vn -0.8367 0.2679 0.4776
vn -0.8994 0.3201 0.2976
vn -0.1468 -0.9767 -0.1563
vn -0.3203 -0.9070 -0.2736
vn -0.1430 -0.9220 -0.3597
vn -0.9706 -0.2406 -0.0110
vn -0.9089 -0.3809 -0.1698
vn -0.8995 -0.4365 0.0196
vn -0.3330 -0.1904 -0.9235
vn -0.4533 -0.3451 -0.8218
vn -0.5229 -0.1607 -0.8371
vn -0.2681 0.9539 -0.1349
vn -0.4316 0.8656 -0.2540
vn -0.4537 0.8892 -0.0590
vn -0.3555 0.1676 -0.9195
vn -0.4941 0.3037 -0.8147
vn -0.3172 0.3696 -0.8734
vn -0.9931 0.1175 -0.0070
vn -0.9496 0.2679 -0.1626
vn -0.9739 0.0783 -0.2132
vn 0.2681 -0.9539 0.1349
vn 0.4316 -0.8656 0.2540
vn 0.2577 -0.9046 0.3395
vn 0.9931 -0.1175 0.0070
vn 0.9496 -0.2679 0.1626
vn 0.9470 -0.3201 -0.0280
vn 0.3555 -0.1676 0.9195
vn 0.4940 -0.3037 0.8147
vn 0.5401 -0.1125 0.8341
vn 0.1468 0.9767 0.1563
vn 0.3203 0.9070 0.2736
vn 0.3390 0.9375 0.0792
vn 0.3330 0.1904 0.9235
vn 0.4533 0.3451 0.8218
vn 0.2697 0.3870 0.8818
vn 0.9706 0.2406 0.0110
vn 0.9089 0.3809 0.1698
vn 0.9567 0.1948 0.2162
vn 0.2058 -0.9539 -0.2184
vn 0.3187 -0.8656 -0.3863
vn 0.4062 -0.8892 -0.2106
vn 0.0196 -0.1676 -0.9857
vn 0.1856 -0.3037 -0.9345
vn -0.0007 -0.3696 -0.9292
vn 0.9308 -0.1175 -0.3463
vn 0.8367 -0.2679 -0.4776
vn 0.8422 -0.0783 -0.5334
vn 0.0845 0.9767 -0.1971
vn 0.2074 0.9070 -0.3666
vn 0.0113 0.9220 -0.3869
vn 0.9083 0.2406 -0.3423
vn 0.7960 0.3809 -0.4704
vn 0.8519 0.4365 -0.2892
vn -0.0029 0.1904 -0.9817
vn 0.1449 0.3451 -0.9273
vn 0.2051 0.1607 -0.9655
vn 0.0513 -0.9696 0.2394
vn 0.0865 -0.8923 0.4431
vn -0.0984 -0.9201 0.3792
vn 0.6908 -0.1817 0.6998
vn 0.5435 -0.3293 0.7721
vn 0.6740 -0.3808 0.6330
vn -0.4065 -0.1921 0.8932
vn -0.2406 -0.3367 0.9104
vn -0.2133 -0.1488 0.9656
vn 0.6881 0.1770 0.7037
vn 0.5386 0.3208 0.7791
vn 0.5312 0.1319 0.8369
vn 0.0368 0.9649 0.2602
vn 0.0732 0.8837 0.4622
vn 0.2252 0.9133 0.3394
vn -0.4092 0.1667 0.8971
vn -0.2455 0.3134 0.9173
vn -0.4156 0.3670 0.8322
vn -0.2425 -0.9696 0.0336
vn -0.4460 -0.8923 0.0703
vn -0.3821 -0.9169 -0.1152
vn -0.7004 -0.1921 0.6875
vn -0.7732 -0.3367 0.5375
vn -0.6341 -0.3911 0.6670
vn -0.8939 -0.1817 -0.4098
vn -0.9115 -0.3293 -0.2466
vn -0.9661 -0.1418 -0.2159
vn -0.2571 0.9649 0.0544
vn -0.4594 0.8837 0.0893
vn -0.3364 0.9101 0.2418
vn -0.8966 0.1770 -0.4060
vn -0.9163 0.3208 -0.2396
vn -0.8310 0.3773 -0.4088
vn -0.7031 0.1667 0.6913
vn -0.7781 0.3134 0.5444
vn -0.8364 0.1248 0.5336
vn 0.2571 -0.9649 -0.0544
vn 0.4594 -0.8837 -0.0893
vn 0.3959 -0.9133 0.0955
vn 0.7031 -0.1667 -0.6913
vn 0.7780 -0.3134 -0.5445
vn 0.6398 -0.3670 -0.6752
vn 0.8966 -0.1770 0.4060
vn 0.9163 -0.3208 0.2396
vn 0.9681 -0.1319 0.2130
vn 0.2425 0.9696 -0.0336
vn 0.4460 0.8923 -0.0703
vn 0.3226 0.9201 -0.2222
vn 0.8939 0.1817 0.4098
vn 0.9115 0.3293 0.2466
vn 0.8253 0.3808 0.4169
vn 0.7004 0.1921 -0.6875
vn 0.7732 0.3367 -0.5375
vn 0.8344 0.1489 -0.5307
vn -0.0368 -0.9649 -0.2602
vn -0.0732 -0.8837 -0.4622
vn 0.1122 -0.9101 -0.3988
vn -0.6881 -0.1770 -0.7037
vn -0.5386 -0.3208 -0.7791
vn -0.6683 -0.3773 -0.6411
vn 0.4092 -0.1667 -0.8971
vn 0.2455 -0.3134 -0.9173
vn 0.2154 -0.1248 -0.9685
vn -0.0513 0.9696 -0.2394
vn -0.0865 0.8923 -0.4431
vn -0.2389 0.9169 -0.3197
vn 0.4065 0.1921 -0.8932
vn 0.2406 0.3367 -0.9104
vn 0.4099 0.3911 -0.8240
vn -0.6908 0.1817 -0.6998
vn -0.5435 0.3293 -0.7721
vn -0.5333 0.1418 -0.8340
vn 0.2118 -0.9627 0.1682
vn 0.3802 -0.8801 0.2845
vn 0.2044 -0.9059 0.3710
vn 0.9845 -0.1750 0.0129
vn 0.9324 -0.3172 0.1735
vn 0.9266 -0.3757 -0.0153
vn 0.3453 -0.1562 0.9254
vn 0.4756 -0.3037 0.8255
vn 0.5328 -0.1150 0.8384
vn 0.9830 0.1836 0.0044
vn 0.9297 0.3327 0.1582
vn 0.9665 0.1459 0.2111
vn 0.2038 0.9713 0.1227
vn 0.3729 0.8956 0.2427
vn 0.3933 0.9182 0.0474
vn 0.3438 0.2024 0.9170
vn 0.4729 0.3462 0.8102
vn 0.2921 0.4008 0.8683
vn -0.1415 -0.9627 0.2305
vn -0.2600 -0.8801 0.3974
vn -0.3458 -0.9117 0.2221
vn -0.0080 -0.1562 0.9877
vn -0.1646 -0.3037 0.9384
vn 0.0257 -0.3571 0.9337
vn -0.9207 -0.1750 0.3488
vn -0.8168 -0.3172 0.4819
vn -0.8349 -0.1278 0.5354
vn -0.1495 0.9713 0.1850
vn -0.2674 0.8956 0.3556
vn -0.0728 0.9240 0.3755
vn -0.9222 0.1836 0.3404
vn -0.8195 0.3327 0.4666
vn -0.8791 0.3823 0.2847
vn -0.0095 0.2024 0.9792
vn -0.1673 0.3462 0.9231
vn -0.2150 0.1587 0.9636
vn 0.1495 -0.9713 -0.1850
vn 0.2674 -0.8956 -0.3556
vn 0.3534 -0.9182 -0.1790
vn 0.0095 -0.2024 -0.9792
vn 0.1673 -0.3462 -0.9231
vn -0.0225 -0.4008 -0.9159
vn 0.9222 -0.1836 -0.3404
vn 0.8195 -0.3327 -0.4666
vn 0.8360 -0.1459 -0.5289
vn 0.1415 0.9627 -0.2305
vn 0.2600 0.8801 -0.3974
vn 0.0652 0.9059 -0.4185
vn 0.9207 0.1750 -0.3488
vn 0.8168 0.3172 -0.4819
vn 0.8760 0.3757 -0.3026
vn 0.0080 0.1562 -0.9877
vn 0.1646 0.3037 -0.9384
vn 0.2139 0.1150 -0.9701
vn -0.2038 -0.9713 -0.1227
vn -0.3729 -0.8956 -0.2427
vn -0.1968 -0.9240 -0.3279
vn -0.9830 -0.1836 -0.0044
vn -0.9297 -0.3327 -0.1582
vn -0.9235 -0.3822 0.0331
vn -0.3438 -0.2024 -0.9170
vn -0.4729 -0.3462 -0.8102
vn -0.5316 -0.1587 -0.8320
vn -0.2118 0.9627 -0.1682
vn -0.3802 0.8801 -0.2845
vn -0.4009 0.9117 -0.0904
vn -0.3453 0.1562 -0.9254
vn -0.4756 0.3037 -0.8255
vn -0.2952 0.3571 -0.8862
vn -0.9845 0.1750 -0.0129
vn -0.9324 0.3172 -0.1735
vn -0.9677 0.1278 -0.2175
vn 0.2274 -0.9720 -0.0597
vn 0.4321 -0.8969 -0.0943
vn 0.3677 -0.9255 0.0904
vn 0.6975 -0.1844 -0.6924
vn 0.7680 -0.3341 -0.5464
vn 0.6282 -0.3828 -0.6773
vn 0.8908 -0.2066 0.4047
vn 0.9061 -0.3500 0.2376
vn 0.9636 -0.1626 0.2120
vn 0.7058 0.1742 -0.6866
vn 0.7831 0.3158 -0.5358
vn 0.8385 0.1261 -0.5301
vn 0.2721 0.9618 -0.0284
vn 0.4731 0.8785 -0.0655
vn 0.3507 0.9110 -0.2173
vn 0.8991 0.1520 0.4106
vn 0.9211 0.2999 0.2482
vn 0.8366 0.3531 0.4187
vn 0.0216 -0.9720 0.2341
vn 0.0592 -0.8969 0.4383
vn -0.1265 -0.9187 0.3742
vn 0.6850 -0.2066 0.6986
vn 0.5332 -0.3500 0.7702
vn 0.6621 -0.4048 0.6307
vn -0.4121 -0.1844 0.8923
vn -0.2507 -0.3341 0.9086
vn -0.2177 -0.1475 0.9648
vn 0.0664 0.9618 0.2654
vn 0.1003 0.8785 0.4670
vn 0.2531 0.9041 0.3443
vn -0.4038 0.1742 0.8981
vn -0.2357 0.3158 0.9191
vn -0.4041 0.3751 0.8343
vn 0.6933 0.1520 0.7044
vn 0.5482 0.2999 0.7807
vn 0.5351 0.1110 0.8375
vn -0.0664 -0.9618 -0.2654
vn -0.1002 -0.8785 -0.4670
vn 0.0842 -0.9110 -0.4038
vn -0.6933 -0.1520 -0.7044
vn -0.5482 -0.2999 -0.7807
vn -0.6796 -0.3531 -0.6430
vn 0.4038 -0.1742 -0.8981
vn 0.2357 -0.3158 -0.9191
vn 0.2114 -0.1261 -0.9692
vn -0.0216 0.9720 -0.2341
vn -0.0592 0.8969 -0.4383
vn -0.2108 0.9255 -0.3146
vn 0.4121 0.1844 -0.8923
vn 0.2507 0.3341 -0.9086
vn 0.4216 0.3828 -0.8220
vn -0.6850 0.2066 -0.6986
vn -0.5332 0.3500 -0.7702
vn -0.5288 0.1626 -0.8330
vn -0.2721 -0.9618 0.0284
vn -0.4731 -0.8785 0.0655
vn -0.4101 -0.9041 -0.1201
vn -0.7058 -0.1742 0.6866
vn -0.7831 -0.3158 0.5358
vn -0.6458 -0.3751 0.6651
vn -0.8991 -0.1520 -0.4106
vn -0.9211 -0.2999 -0.2482
vn -0.9700 -0.1110 -0.2164
vn -0.2274 0.9720 0.0597
vn -0.4321 0.8969 0.0943
vn -0.3083 0.9187 0.2469
vn -0.8908 0.2066 -0.4048
vn -0.9061 0.3500 -0.2376
vn -0.8191 0.4048 -0.4065
vn -0.6975 0.1844 0.6924
vn -0.7680 0.3341 0.5464
vn -0.8322 0.1475 0.5345
vn 0.1714 -0.9673 -0.1870
vn 0.3106 -0.8881 -0.3389
vn 0.3728 -0.9152 -0.1532
vn 0.1372 -0.1794 -0.9742
vn 0.2862 -0.3251 -0.9013
vn 0.0970 -0.3791 -0.9203
vn 0.9586 -0.1794 -0.2212
vn 0.8731 -0.3251 -0.3633
vn 0.8979 -0.1369 -0.4185
vn 0.1372 0.1794 -0.9742
vn 0.2862 0.3251 -0.9014
vn 0.3390 0.1369 -0.9308
vn 0.1714 0.9673 -0.1870
vn 0.3106 0.8881 -0.3389
vn 0.1203 0.9152 -0.3847
vn 0.9586 0.1794 -0.2212
vn 0.8731 0.3251 -0.3633
vn 0.9084 0.3791 -0.1765
vn 0.1870 -0.9673 0.1714
vn 0.3389 -0.8881 0.3106
vn 0.1532 -0.9152 0.3728
vn 0.9742 -0.1794 0.1372
vn 0.9013 -0.3251 0.2862
vn 0.9203 -0.3791 0.0970
vn 0.2212 -0.1794 0.9586
vn 0.3633 -0.3251 0.8731
vn 0.4185 -0.1369 0.8979
vn 0.1870 0.9673 0.1714
vn 0.3389 0.8881 0.3106
vn 0.3847 0.9152 0.1203
vn 0.2212 0.1794 0.9586
vn 0.3633 0.3251 0.8731
vn 0.1765 0.3791 0.9084
vn 0.9742 0.1794 0.1372
vn 0.9013 0.3251 0.2862
vn 0.9308 0.1369 0.3390
vn -0.1870 -0.9673 -0.1714
vn -0.3389 -0.8881 -0.3106
vn -0.1532 -0.9152 -0.3728
vn -0.9742 -0.1794 -0.1372
vn -0.9013 -0.3251 -0.2862
vn -0.9203 -0.3791 -0.0970
vn -0.2212 -0.1794 -0.9586
vn -0.3633 -0.3251 -0.8731
vn -0.4185 -0.1369 -0.8979
vn -0.1870 0.9673 -0.1714
vn -0.3389 0.8881 -0.3106
vn -0.3847 0.9152 -0.1203
vn -0.2212 0.1794 -0.9586
vn -0.3633 0.3251 -0.8731
vn -0.1765 0.3791 -0.9084
vn -0.9742 0.1794 -0.1372
vn -0.9013 0.3251 -0.2862
vn -0.9308 0.1369 -0.3390
vn -0.1714 -0.9673 0.1870
vn -0.3106 -0.8881 0.3389
vn -0.3728 -0.9152 0.1532
vn -0.1372 -0.1794 0.9742
vn -0.2862 -0.3251 0.9014
vn -0.0970 -0.3791 0.9203
vn -0.9586 -0.1794 0.2212
vn -0.8731 -0.3251 0.3633
vn -0.8979 -0.1369 0.4185
vn -0.1714 0.9673 0.1870
vn -0.3106 0.8881 0.3389
vn -0.1203 0.9152 0.3847
vn -0.9586 0.1794 0.2212
vn -0.8731 0.3251 0.3633
vn -0.9084 0.3791 0.1765
vn -0.1372 0.1794 0.9742
vn -0.2862 0.3251 0.9014
vn -0.3390 0.1369 0.9308
vn -0.0000 -0.9673 -0.2537
vn -0.0000 -0.8881 -0.4597
vn 0.1713 -0.9152 -0.3648
vn -0.5571 -0.1794 -0.8109
vn -0.3980 -0.3251 -0.8579
vn -0.5503 -0.3791 -0.7440
vn 0.5572 -0.1794 -0.8108
vn 0.3982 -0.3251 -0.8578
vn 0.3792 -0.1368 -0.9152
vn -0.5571 0.1794 -0.8109
vn -0.3980 0.3250 -0.8579
vn -0.3790 0.1369 -0.9152
vn -0.0000 0.9673 -0.2537
vn -0.0000 0.8881 -0.4597
vn -0.1712 0.9152 -0.3648
vn 0.5572 0.1794 -0.8108
vn 0.3982 0.3251 -0.8578
vn 0.5504 0.3791 -0.7439
vn 0.2537 -0.9673 -0.0000
vn 0.4597 -0.8881 -0.0000
vn 0.3648 -0.9152 0.1713
vn 0.8109 -0.1794 -0.5571
vn 0.8578 -0.3251 -0.3980
vn 0.7440 -0.3791 -0.5503
vn 0.8108 -0.1794 0.5572
vn 0.8578 -0.3251 0.3982
vn 0.9152 -0.1369 0.3792
vn 0.2537 0.9673 -0.0000
vn 0.4597 0.8881 -0.0000
vn 0.3648 0.9152 -0.1712
vn 0.8108 0.1794 0.5572
vn 0.8578 0.3251 0.3982
vn 0.7439 0.3791 0.5504
vn 0.8109 0.1794 -0.5571
vn 0.8578 0.3251 -0.3980
vn 0.9152 0.1369 -0.3790
vn -0.2537 -0.9673 -0.0000
vn -0.4597 -0.8881 -0.0000
vn -0.3648 -0.9152 -0.1713
vn -0.8109 -0.1794 0.5571
vn -0.8579 -0.3251 0.3980
vn -0.7440 -0.3791 0.5503
vn -0.8108 -0.1794 -0.5572
vn -0.8578 -0.3251 -0.3982
vn -0.9152 -0.1369 -0.3792
vn -0.2537 0.9673 -0.0000
vn -0.4597 0.8881 -0.0000
vn -0.3648 0.9152 0.1712
vn -0.8108 0.1794 -0.5572
vn -0.8578 0.3251 -0.3982
vn -0.7439 0.3791 -0.5504
vn -0.8109 0.1794 0.5571
vn -0.8579 0.3250 0.3980
vn -0.9152 0.1369 0.3790
vn -0.0000 -0.9673 0.2537
vn -0.0000 -0.8881 0.4597
vn -0.1713 -0.9152 0.3648
vn 0.5571 -0.1794 0.8109
vn 0.3980 -0.3251 0.8578
vn 0.5503 -0.3791 0.7440
vn -0.5572 -0.1794 0.8108
vn -0.3982 -0.3251 0.8578
vn -0.3792 -0.1369 0.9152
vn -0.0000 0.9673 0.2537
vn -0.0000 0.8881 0.4597
vn 0.1713 0.9152 0.3648
vn -0.5572 0.1794 0.8108
vn -0.3982 0.3251 0.8578
vn -0.5504 0.3791 0.7439
vn 0.5571 0.1794 0.8109
vn 0.3980 0.3251 0.8578
vn 0.3790 0.1369 0.9152
vn 0.0729 -0.9673 -0.2430
vn 0.1321 -0.8881 -0.4403
vn 0.2689 -0.9152 -0.3002
vn -0.3007 -0.1794 -0.9367
vn -0.1349 -0.3251 -0.9360
vn -0.3134 -0.3791 -0.8707
vn 0.7666 -0.1794 -0.6166
vn 0.6278 -0.3251 -0.7073
vn 0.6260 -0.1369 -0.7677
vn -0.3007 0.1794 -0.9367
vn -0.1349 0.3251 -0.9360
vn -0.1002 0.1369 -0.9855
vn 0.0729 0.9673 -0.2430
vn 0.1321 0.8881 -0.4403
vn -0.0593 0.9152 -0.3987
vn 0.7666 0.1794 -0.6166
vn 0.6278 0.3251 -0.7073
vn 0.7409 0.3791 -0.5544
vn 0.2430 -0.9673 0.0729
vn 0.4403 -0.8881 0.1321
vn 0.3002 -0.9152 0.2689
vn 0.9367 -0.1794 -0.3007
vn 0.9360 -0.3251 -0.1349
vn 0.8707 -0.3791 -0.3134
vn 0.6166 -0.1794 0.7666
vn 0.7073 -0.3251 0.6278
vn 0.7677 -0.1369 0.6260
vn 0.2430 0.9673 0.0729
vn 0.4403 0.8881 0.1321
vn 0.3987 0.9152 -0.0593
vn 0.6166 0.1794 0.7666
vn 0.7073 0.3251 0.6278
vn 0.5544 0.3791 0.7409
vn 0.9367 0.1794 -0.3007
vn 0.9360 0.3251 -0.1349
vn 0.9855 0.1369 -0.1002
vn -0.2430 -0.9673 -0.0729
vn -0.4403 -0.8881 -0.1321
vn -0.3002 -0.9152 -0.2689
vn -0.9367 -0.1794 0.3007
vn -0.9360 -0.3251 0.1349
vn -0.8707 -0.3791 0.3134
vn -0.6166 -0.1794 -0.7666
vn -0.7073 -0.3251 -0.6278
vn -0.7677 -0.1369 -0.6260
vn -0.2430 0.9673 -0.0729
vn -0.4403 0.8881 -0.1321
vn -0.3986 0.9152 0.0593
vn -0.6166 0.1794 -0.7666
vn -0.7073 0.3251 -0.6278
vn -0.5544 0.3791 -0.7409
vn -0.9367 0.1794 0.3007
vn -0.9360 0.3251 0.1349
vn -0.9855 0.1369 0.1002
vn -0.0729 -0.9673 0.2430
vn -0.1321 -0.8881 0.4403
vn -0.2689 -0.9152 0.3002
vn 0.3007 -0.1794 0.9367
vn 0.1349 -0.3251 0.9360
vn 0.3134 -0.3791 0.8707
vn -0.7666 -0.1794 0.6166
vn -0.6278 -0.3251 0.7073
vn -0.6260 -0.1369 0.7677
vn -0.0729 0.9673 0.2430
vn -0.1321 0.8881 0.4403
vn 0.0592 0.9152 0.3987
vn -0.7666 0.1794 0.6166
vn -0.6278 0.3250 0.7073
vn -0.7409 0.3791 0.5544
vn 0.3007 0.1794 0.9367
vn 0.1349 0.3250 0.9360
vn 0.1002 0.1369 0.9855
vn 0.0948 -0.9673 -0.2353
vn 0.1718 -0.8881 -0.4264
vn 0.2952 -0.9152 -0.2744
vn -0.2138 -0.1794 -0.9603
vn -0.0488 -0.3251 -0.9444
vn -0.2326 -0.3791 -0.8957
vn 0.8197 -0.1794 -0.5439
vn 0.6898 -0.3251 -0.6469
vn 0.6936 -0.1369 -0.7073
vn -0.2138 0.1794 -0.9603
vn -0.0488 0.3251 -0.9444
vn -0.0097 0.1369 -0.9905
vn 0.0948 0.9673 -0.2353
vn 0.1718 0.8881 -0.4264
vn -0.0226 0.9152 -0.4024
vn 0.8197 0.1794 -0.5439
vn 0.6898 0.3251 -0.6469
vn 0.7885 0.3791 -0.4844
vn 0.2353 -0.9673 0.0948
vn 0.4264 -0.8881 0.1718
vn 0.2744 -0.9152 0.2952
vn 0.9603 -0.1794 -0.2138
vn 0.9444 -0.3251 -0.0488
vn 0.8957 -0.3791 -0.2325
vn 0.5439 -0.1794 0.8197
vn 0.6469 -0.3251 0.6898
vn 0.7072 -0.1369 0.6936
vn 0.2353 0.9673 0.0948
vn 0.4264 0.8881 0.1718
vn 0.4024 0.9152 -0.0226
vn 0.5439 0.1794 0.8197
vn 0.6469 0.3251 0.6898
vn 0.4844 0.3791 0.7885
vn 0.9603 0.1794 -0.2138
vn 0.9444 0.3251 -0.0488
vn 0.9905 0.1369 -0.0097
vn -0.2353 -0.9673 -0.0948
vn -0.4264 -0.8881 -0.1718
vn -0.2744 -0.9152 -0.2952
vn -0.9603 -0.1794 0.2138
vn -0.9444 -0.3251 0.0488
vn -0.8957 -0.3791 0.2325
vn -0.5439 -0.1794 -0.8197
vn -0.6469 -0.3251 -0.6898
vn -0.7073 -0.1369 -0.6936
vn -0.2353 0.9673 -0.0948
vn -0.4264 0.8881 -0.1718
vn -0.4024 0.9152 0.0226
vn -0.5439 0.1794 -0.8197
vn -0.6469 0.3251 -0.6898
vn -0.4844 0.3791 -0.7885
vn -0.9603 0.1794 0.2138
vn -0.9444 0.3251 0.0488
vn -0.9905 0.1369 0.0097
vn -0.0948 -0.9673 0.2353
vn -0.1718 -0.8881 0.4264
vn -0.2952 -0.9152 0.2744
vn 0.2138 -0.1794 0.9603
vn 0.0488 -0.3251 0.9444
vn 0.2325 -0.3791 0.8957
vn -0.8197 -0.1794 0.5439
vn -0.6898 -0.3251 0.6469
vn -0.6936 -0.1369 0.7073
vn -0.0948 0.9673 0.2353
vn -0.1718 0.8881 0.4264
vn 0.0226 0.9152 0.4024
vn -0.8197 0.1794 0.5439
vn -0.6898 0.3251 0.6469
vn -0.7885 0.3791 0.4844
vn 0.2138 0.1794 0.9603
vn 0.0488 0.3251 0.9444
vn 0.0097 0.1369 0.9905
vn -0.0933 -0.9673 -0.2359
vn -0.1690 -0.8881 -0.4275
vn 0.0252 -0.9152 -0.4022
vn -0.8162 -0.1794 -0.5492
vn -0.6856 -0.3251 -0.6514
vn -0.7853 -0.3791 -0.4895
vn 0.2200 -0.1794 -0.9589
vn 0.0549 -0.3251 -0.9441
vn 0.0161 -0.1369 -0.9905
vn -0.8162 0.1794 -0.5492
vn -0.6856 0.3251 -0.6514
vn -0.6890 0.1369 -0.7117
vn -0.0933 0.9673 -0.2359
vn -0.1690 0.8881 -0.4275
vn -0.2934 0.9152 -0.2763
vn 0.2200 0.1794 -0.9589
vn 0.0549 0.3251 -0.9441
vn 0.2383 0.3791 -0.8941
vn 0.2359 -0.9673 -0.0933
vn 0.4275 -0.8881 -0.1690
vn 0.4022 -0.9152 0.0252
vn 0.5492 -0.1794 -0.8162
vn 0.6514 -0.3251 -0.6856
vn 0.4895 -0.3791 -0.7853
vn 0.9589 -0.1794 0.2200
vn 0.9441 -0.3251 0.0549
vn 0.9905 -0.1369 0.0161
vn 0.2359 0.9673 -0.0933
vn 0.4275 0.8881 -0.1690
vn 0.2763 0.9152 -0.2934
vn 0.9589 0.1794 0.2200
vn 0.9441 0.3251 0.0549
vn 0.8941 0.3791 0.2383
vn 0.5492 0.1794 -0.8162
vn 0.6514 0.3251 -0.6856
vn 0.7117 0.1368 -0.6890
vn -0.2359 -0.9673 0.0933
vn -0.4275 -0.8881 0.1690
vn -0.4022 -0.9152 -0.0252
vn -0.5492 -0.1794 0.8162
vn -0.6514 -0.3251 0.6856
vn -0.4895 -0.3791 0.7853
vn -0.9589 -0.1794 -0.2200
vn -0.9441 -0.3251 -0.0549
vn -0.9905 -0.1369 -0.0161
vn -0.2359 0.9673 0.0933
vn -0.4275 0.8881 0.1690
vn -0.2763 0.9152 0.2934
vn -0.9589 0.1794 -0.2201
vn -0.9441 0.3251 -0.0549
vn -0.8941 0.3791 -0.2384
vn -0.5492 0.1794 0.8162
vn -0.6514 0.3251 0.6856
vn -0.7117 0.1369 0.6890
vn 0.0933 -0.9673 0.2359
vn 0.1690 -0.8881 0.4275
vn -0.0252 -0.9152 0.4022
vn 0.8162 -0.1794 0.5492
vn 0.6856 -0.3251 0.6514
vn 0.7853 -0.3791 0.4895
vn -0.2200 -0.1794 0.9589
vn -0.0549 -0.3251 0.9441
vn -0.0161 -0.1369 0.9905
vn 0.0933 0.9673 0.2359
vn 0.1690 0.8881 0.4275
vn 0.2934 0.9152 0.2763
vn -0.2200 0.1794 0.9589
vn -0.0549 0.3251 0.9441
vn -0.2383 0.3791 0.8941
vn 0.8162 0.1794 0.5492
vn 0.6856 0.3251 0.6514
vn 0.6890 0.1369 0.7117
vn 0.0251 -0.9673 -0.2524
vn 0.0455 -0.8881 -0.4574
vn 0.2065 -0.9152 -0.3461
vn -0.4742 -0.1794 -0.8620
vn -0.3113 -0.3251 -0.8930
vn -0.4741 -0.3791 -0.7947
vn 0.6346 -0.1794 -0.7517
vn 0.4810 -0.3251 -0.8142
vn 0.4678 -0.1369 -0.8732
vn -0.4742 0.1794 -0.8620
vn -0.3113 0.3251 -0.8930
vn -0.2867 0.1369 -0.9482
vn 0.0251 0.9673 -0.2524
vn 0.0455 0.8881 -0.4574
vn -0.1344 0.9152 -0.3800
vn 0.6346 0.1794 -0.7517
vn 0.4810 0.3251 -0.8142
vn 0.6213 0.3791 -0.6858
vn 0.2524 -0.9673 0.0251
vn 0.4574 -0.8881 0.0455
vn 0.3461 -0.9152 0.2065
vn 0.8620 -0.1794 -0.4742
vn 0.8930 -0.3251 -0.3113
vn 0.7947 -0.3791 -0.4741
vn 0.7517 -0.1794 0.6346
vn 0.8142 -0.3251 0.4810
vn 0.8732 -0.1369 0.4678
vn 0.2524 0.9673 0.0251
vn 0.4574 0.8881 0.0455
vn 0.3800 0.9152 -0.1344
vn 0.7517 0.1794 0.6346
vn 0.8142 0.3251 0.4810
vn 0.6858 0.3791 0.6213
vn 0.8620 0.1794 -0.4742
vn 0.8930 0.3251 -0.3113
vn 0.9482 0.1369 -0.2867
vn -0.2524 -0.9673 -0.0251
vn -0.4574 -0.8881 -0.0455
vn -0.3461 -0.9152 -0.2065
vn -0.8619 -0.1794 0.4742
vn -0.8930 -0.3251 0.3113
vn -0.7947 -0.3791 0.4741
vn -0.7517 -0.1794 -0.6346
vn -0.8142 -0.3251 -0.4810
vn -0.8732 -0.1369 -0.4678
vn -0.2524 0.9673 -0.0251
vn -0.4574 0.8881 -0.0455
vn -0.3800 0.9152 0.1344
vn -0.7517 0.1794 -0.6346
vn -0.8142 0.3251 -0.4810
vn -0.6858 0.3791 -0.6213
vn -0.8620 0.1794 0.4742
vn -0.8930 0.3251 0.3113
vn -0.9482 0.1369 0.2867
vn -0.0251 -0.9673 0.2524
vn -0.0455 -0.8881 0.4574
vn -0.2065 -0.9152 0.3461
vn 0.4742 -0.1794 0.8620
vn 0.3113 -0.3251 0.8930
vn 0.4741 -0.3791 0.7947
vn -0.6346 -0.1794 0.7517
vn -0.4810 -0.3251 0.8142
vn -0.4678 -0.1369 0.8732
vn -0.0251 0.9673 0.2524
vn -0.0455 0.8881 0.4574
vn 0.1343 0.9152 0.3800
vn -0.6346 0.1794 0.7517
vn -0.4810 0.3251 0.8142
vn -0.6213 0.3791 0.6858
vn 0.4742 0.1794 0.8620
vn 0.3113 0.3251 0.8930
vn 0.2867 0.1369 0.9482
vn -0.2727 -0.8777 0.3940
vn -0.0119 0.9323 0.3616
vn -0.4709 -0.8692 0.1511
vn -0.4667 -0.8693 -0.1625
vn -0.2622 -0.8782 -0.4001
vn -0.2466 0.9424 -0.2260
vn 0.3163 -0.9032 -0.2900
vn 0.3791 0.9153 -0.1356
vn 0.3085 -0.9029 0.2993
vn 0.3869 0.9150 0.1142
vn 0.0352 -0.8911 0.4525
vn -0.0740 -0.8988 0.4320
vn 0.0203 0.9255 0.3782
vn -0.2288 0.9163 0.3287
vn -0.4197 -0.9067 -0.0413
vn -0.3878 0.9124 0.1305
vn -0.3824 0.9157 -0.1235
vn -0.0141 -0.8857 -0.4640
vn -0.2151 0.9246 -0.3145
vn 0.2885 -0.8748 -0.3893
vn 0.2530 0.9418 -0.2214
vn 0.4517 -0.8751 0.1737
vn 0.3347 0.9421 0.0192
vn 0.2359 -0.8863 0.3986
vn 0.2428 0.9357 0.2560
vn 0.0458 -0.8977 0.4382
vn 0.1418 0.9241 0.3548
vn -0.2508 -0.9033 0.3479
vn -0.1149 0.9176 0.3806
vn -0.3828 -0.8974 -0.2195
vn -0.3983 0.9171 -0.0132
vn -0.2924 0.9235 -0.2485
vn 0.4008 -0.8780 -0.2617
vn 0.1902 0.9358 -0.2969
vn 0.4711 -0.8812 0.0403
vn 0.3410 0.9360 -0.0874
vn 0.3309 -0.8890 0.3167
vn 0.3219 0.9314 0.1700
vn 0.1554 -0.8937 0.4209
vn 0.2589 0.9233 0.2839
vn -0.1524 -0.8942 0.4210
vn 0.0167 0.9227 0.3853
vn -0.3881 -0.8942 0.2232
vn -0.2340 0.9224 0.3072
vn -0.4416 -0.8936 -0.0799
vn -0.3759 0.9226 0.0863
vn -0.2878 -0.8929 -0.3464
vn -0.3426 0.9232 -0.1741
vn 0.0014 -0.8922 -0.4517
vn 0.2906 -0.8919 -0.3465
vn 0.1126 0.9243 -0.3646
vn 0.4445 -0.8922 -0.0800
vn 0.3792 0.9239 0.0506
vn 0.2622 -0.8904 0.3722
vn 0.3427 0.9218 0.1810
vn -0.0300 -0.8868 0.4611
vn 0.1376 0.9262 0.3511
vn -0.3111 -0.8869 0.3415
vn -0.1289 0.9280 0.3496
vn -0.3804 -0.8962 -0.2283
vn 0.3919 -0.9008 -0.1870
vn 0.2584 0.9140 -0.3128
vn 0.4288 -0.8959 0.1162
vn 0.3904 0.9170 -0.0812
vn 0.3702 -0.9260 0.0737
vn 0.8661 -0.4061 -0.2917
vn 0.2102 -0.1480 -0.9664
vn 0.8391 0.1097 -0.5329
vn 0.3761 0.9035 -0.2053
vn 0.9357 0.3518 -0.0260
vn 0.5361 0.1256 0.8348
vn -0.0956 -0.9107 0.4018
vn 0.2826 -0.3830 0.8795
vn 0.2273 0.9107 0.3449
vn 0.0353 0.3830 0.9231
vn -0.8311 0.1639 0.5315
vn -0.2182 -0.1256 0.9678
vn -0.4236 -0.9035 -0.0643
vn -0.8882 -0.3518 0.2956
vn -0.3227 0.9260 0.1959
vn -0.5281 0.1480 -0.8362
vn 0.0422 -0.9188 -0.3924
vn -0.3047 -0.3749 -0.8756
vn -0.1738 0.9188 -0.3543
vn -0.0131 0.3749 -0.9270
vn 0.3495 -0.9000 -0.2605
vn -0.5294 -0.1222 -0.8395
vn 0.0851 0.9290 -0.3601
vn 0.6283 0.4138 -0.6587
vn 0.9639 0.1513 0.2189
vn 0.8381 -0.1017 -0.5360
vn 0.2522 -0.9198 0.3008
vn 0.8364 -0.3736 0.4010
vn 0.3689 0.9198 0.1341
vn 0.6629 0.3736 0.6488
vn -0.2170 0.1017 0.9709
vn -0.3093 -0.9290 0.2031
vn -0.4041 -0.4138 0.8157
vn -0.1253 0.9000 0.4175
vn -0.6450 0.3438 0.6825
vn -0.9700 0.1222 -0.2103
vn -0.8321 -0.1718 0.5274
vn -0.2120 -0.9093 -0.3582
vn -0.8198 -0.3840 -0.4248
vn -0.4091 0.9093 -0.0767
vn -0.6796 0.3840 -0.6251
vn 0.0741 -0.9270 -0.3678
vn -0.9663 -0.1490 -0.2099
vn -0.5329 0.1072 -0.8393
vn -0.2057 0.9025 -0.3785
vn 0.8347 0.1245 -0.5364
vn 0.4022 -0.9103 0.0980
vn 0.8797 -0.3833 -0.2816
vn 0.3444 0.9103 -0.2297
vn 0.9229 0.3833 -0.0363
vn 0.5314 0.1664 0.8306
vn 0.9678 -0.1245 0.2186
vn -0.0638 -0.9025 0.4260
vn 0.2957 -0.3493 0.8891
vn 0.1954 0.9270 0.3202
vn 0.0219 0.4085 0.9125
vn -0.8363 0.1490 0.5277
vn -0.2137 -0.1072 0.9710
vn -0.3919 -0.9191 -0.0398
vn -0.8754 -0.3745 0.3057
vn -0.3547 0.9191 0.1714
vn -0.9272 0.3745 0.0121
vn -0.2154 -0.9233 -0.3179
vn -0.8211 -0.3992 -0.4079
vn -0.8329 -0.1452 0.5340
vn -0.4055 0.9066 -0.1168
vn 0.2120 0.1285 -0.9688
vn -0.5296 -0.1570 -0.8336
vn 0.3460 -0.9119 -0.2205
vn 0.4197 -0.3820 -0.8234
vn 0.0888 0.9119 -0.4006
vn 0.9645 0.1570 0.2125
vn 0.8379 -0.1285 -0.5306
vn 0.2485 -0.9066 0.3411
vn 0.8348 -0.3588 0.4175
vn 0.3724 0.9233 0.0937
vn 0.6642 0.3992 0.6321
vn -0.2169 0.1452 0.9653
vn -0.3130 -0.9180 0.2436
vn -0.4060 -0.3760 0.8329
vn -0.1219 0.9180 0.3774
vn -0.3390 -0.9375 -0.0792
vn -0.8519 -0.4365 0.2892
vn -0.2051 -0.1607 0.9655
vn -0.8422 0.0783 0.5334
vn -0.4061 0.8892 0.2106
vn -0.5401 0.1125 -0.8341
vn -0.9567 -0.1948 -0.2162
vn 0.1260 -0.9046 -0.4072
vn -0.2697 -0.3870 -0.8818
vn -0.2577 0.9046 -0.3395
vn 0.8251 0.1948 -0.5304
vn 0.2222 -0.1125 -0.9685
vn 0.4537 -0.8892 0.0590
vn 0.8994 -0.3201 -0.2976
vn 0.2915 0.9375 -0.1904
vn 0.8995 0.4365 -0.0196
vn 0.5229 0.1607 0.8371
vn -0.0113 -0.9220 0.3869
vn 0.1430 0.9220 0.3597
vn -0.3226 -0.9201 0.2222
vn -0.4099 -0.3911 0.8240
vn 0.5333 -0.1418 0.8340
vn -0.2154 0.1248 0.9685
vn -0.1122 0.9101 0.3988
vn -0.6398 0.3670 0.6752
vn -0.9681 0.1319 -0.2130
vn -0.2252 -0.9133 -0.3394
vn -0.3959 0.9133 -0.0955
vn -0.6740 0.3808 -0.6330
vn 0.2133 0.1488 -0.9656
vn -0.5312 -0.1319 -0.8369
vn 0.3364 -0.9101 -0.2418
vn 0.0984 0.9201 -0.3792
vn 0.9661 0.1418 0.2159
vn 0.8364 -0.1248 -0.5337
vn 0.2389 -0.9169 0.3197
vn 0.8310 -0.3773 0.4088
vn 0.3821 0.9169 0.1152
vn 0.6683 0.3773 0.6411
vn -0.0652 -0.9059 0.4185
vn 0.2952 -0.3571 0.8862
vn 0.9677 -0.1278 0.2175
vn 0.5316 0.1587 0.8320
vn 0.1968 0.9240 0.3279
vn 0.0225 0.4008 0.9159
vn -0.8360 0.1459 0.5289
vn -0.3933 -0.9182 -0.0474
vn -0.8760 -0.3757 0.3026
vn -0.3534 0.9182 0.1790
vn -0.9266 0.3757 0.0153
vn -0.5328 0.1150 -0.8384
vn 0.0728 -0.9240 -0.3754
vn -0.2044 0.9059 -0.3710
vn -0.0257 0.3571 -0.9337
vn 0.8349 0.1278 -0.5354
vn 0.2150 -0.1587 -0.9636
vn 0.4009 -0.9117 0.0904
vn 0.8791 -0.3822 -0.2847
vn 0.3458 0.9117 -0.2221
vn 0.9235 0.3822 -0.0331
vn 0.2108 -0.9255 0.3146
vn 0.8191 -0.4048 0.4065
vn 0.8322 -0.1475 -0.5345
vn 0.9700 0.1110 0.2164
vn 0.4101 0.9041 0.1201
vn 0.6796 0.3531 0.6430
vn -0.2114 0.1261 0.9692
vn -0.3506 -0.9110 0.2172
vn -0.4216 -0.3828 0.8220
vn -0.0842 0.9110 0.4038
vn -0.6282 0.3828 0.6773
vn -0.9636 0.1626 -0.2120
vn -0.2531 -0.9041 -0.3443
vn -0.8366 -0.3531 -0.4188
vn -0.3678 0.9255 -0.0904
vn -0.6621 0.4048 -0.6307
vn 0.2177 0.1475 -0.9648
vn -0.5351 -0.1110 -0.8375
vn 0.3083 -0.9187 -0.2469
vn 0.1265 0.9187 -0.3742
vn 0.6458 0.3751 -0.6651
vn 0.3847 -0.9152 0.1203
vn 0.9084 -0.3791 -0.1765
vn 0.3390 -0.1369 -0.9308
vn 0.8979 0.1369 -0.4185
vn 0.3728 0.9152 -0.1532
vn 0.9203 0.3791 0.0970
vn 0.4185 0.1369 0.8979
vn 0.9308 -0.1369 0.3390
vn -0.1203 -0.9152 0.3847
vn 0.1765 -0.3791 0.9084
vn 0.1532 0.9152 0.3728
vn -0.8979 0.1369 0.4185
vn -0.3390 -0.1369 0.9308
vn -0.3847 -0.9152 -0.1203
vn -0.9084 -0.3791 0.1765
vn -0.3728 0.9152 0.1532
vn -0.9203 0.3791 -0.0970
vn -0.4185 0.1369 -0.8979
vn -0.9308 -0.1369 -0.3390
vn 0.1203 -0.9152 -0.3847
vn -0.1532 0.9152 -0.3728
vn 0.0970 0.3791 -0.9203
vn 0.3648 -0.9152 -0.1712
vn 0.5504 -0.3791 -0.7439
vn -0.3790 -0.1369 -0.9152
vn 0.3792 0.1369 -0.9152
vn 0.1713 0.9152 -0.3648
vn 0.7440 0.3791 -0.5503
vn 0.9152 0.1368 0.3792
vn 0.9152 -0.1369 -0.3790
vn 0.1713 -0.9152 0.3648
vn 0.3648 0.9152 0.1713
vn 0.5503 0.3791 0.7440
vn -0.3792 0.1368 0.9152
vn 0.3790 -0.1369 0.9152
vn -0.3648 -0.9152 0.1712
vn -0.1713 0.9152 0.3648
vn -0.7440 0.3791 0.5503
vn -0.9152 0.1369 -0.3792
vn -0.9152 -0.1369 0.3790
vn -0.1713 -0.9152 -0.3648
vn -0.3648 0.9152 -0.1713
vn -0.5503 0.3791 -0.7440
vn 0.3987 -0.9152 -0.0592
vn 0.7409 -0.3791 -0.5544
vn -0.1002 -0.1369 -0.9855
vn 0.6260 0.1369 -0.7677
vn 0.2689 0.9152 -0.3002
vn 0.8707 0.3791 -0.3134
vn 0.7677 0.1369 0.6260
vn 0.9855 -0.1369 -0.1002
vn 0.0593 -0.9152 0.3987
vn 0.3002 0.9152 0.2689
vn -0.6260 0.1368 0.7677
vn 0.1002 -0.1369 0.9855
vn -0.3987 -0.9152 0.0593
vn -0.7409 -0.3791 0.5544
vn -0.2689 0.9152 0.3002
vn -0.8707 0.3791 0.3134
vn -0.7677 0.1369 -0.6260
vn -0.9855 -0.1369 0.1002
vn -0.0593 -0.9152 -0.3987
vn -0.5544 -0.3791 -0.7409
vn -0.3002 0.9152 -0.2689
vn 0.4024 -0.9152 -0.0226
vn 0.7885 -0.3791 -0.4844
vn -0.0097 -0.1369 -0.9905
vn 0.6936 0.1369 -0.7073
vn 0.2952 0.9152 -0.2744
vn 0.7073 0.1369 0.6936
vn 0.9905 -0.1369 -0.0097
vn 0.0226 -0.9152 0.4024
vn 0.2744 0.9152 0.2952
vn 0.2326 0.3791 0.8957
vn -0.6936 0.1369 0.7073
vn 0.0097 -0.1369 0.9905
vn -0.4024 -0.9152 0.0226
vn -0.7885 -0.3791 0.4844
vn -0.2952 0.9152 0.2744
vn -0.8957 0.3791 0.2325
vn -0.7073 0.1369 -0.6936
vn -0.9905 -0.1369 0.0097
vn -0.0226 -0.9152 -0.4024
vn -0.2744 0.9152 -0.2952
vn 0.2763 -0.9152 -0.2934
vn 0.2383 -0.3791 -0.8941
vn -0.6890 -0.1369 -0.7117
vn 0.0161 0.1369 -0.9905
vn 0.0252 0.9152 -0.4023
vn 0.9905 0.1369 0.0161
vn 0.7117 -0.1368 -0.6890
vn 0.2934 -0.9152 0.2763
vn 0.8941 -0.3791 0.2384
vn 0.4022 0.9152 0.0252
vn 0.7853 0.3791 0.4895
vn -0.0161 0.1369 0.9905
vn 0.6890 -0.1369 0.7117
vn -0.2763 -0.9152 0.2934
vn -0.2383 -0.3791 0.8941
vn -0.0252 0.9152 0.4022
vn -0.9905 0.1369 -0.0161
vn -0.7117 -0.1369 0.6890
vn -0.2934 -0.9152 -0.2763
vn -0.4022 0.9152 -0.0252
vn -0.7853 0.3791 -0.4895
vn 0.3800 -0.9152 -0.1344
vn 0.6213 -0.3791 -0.6858
vn -0.2867 -0.1369 -0.9482
vn 0.4678 0.1369 -0.8732
vn 0.2065 0.9152 -0.3461
vn 0.8732 0.1369 0.4678
vn 0.9482 -0.1369 -0.2867
vn 0.1343 -0.9152 0.3800
vn 0.6858 -0.3791 0.6213
vn 0.3461 0.9152 0.2065
vn -0.4678 0.1369 0.8732
vn 0.2867 -0.1369 0.9482
vn -0.3800 -0.9152 0.1343
vn -0.6213 -0.3791 0.6858
vn -0.2065 0.9152 0.3461
vn -0.8732 0.1369 -0.4678
vn -0.9482 -0.1369 0.2867
vn -0.1344 -0.9152 -0.3800
vn -0.3461 0.9152 -0.2065
vn -0.4741 0.3791 -0.7947
vn 0.0032 0.0749 0.9972
vn 0.0211 0.4871 0.8731
vn -0.6371 0.1026 0.7639
vn -0.2319 0.9418 0.2435
vn -0.5396 0.5114 0.6688
vn -0.9779 0.1173 0.1731
vn -0.3246 0.9458 0.0114
vn -0.8380 0.5243 0.1516
vn -0.8595 0.1122 -0.4986
vn -0.7343 0.5198 -0.4365
vn -0.3375 0.0896 -0.9370
vn -0.0343 0.9332 -0.3576
vn -0.2773 0.5000 -0.8204
vn 0.0471 -0.8916 -0.4504
vn 0.3440 0.0602 -0.9370
vn 0.2128 0.9225 -0.3219
vn 0.3194 0.4742 -0.8204
vn 0.8660 0.0376 -0.4986
vn 0.7765 0.4544 -0.4366
vn 0.4196 -0.9077 0.0061
vn 0.9844 0.0324 0.1732
vn 0.8801 0.4499 0.1516
vn 0.6436 0.0472 0.7639
vn 0.2325 0.9217 0.3105
vn 0.5818 0.4628 0.6688
vn 0.2903 0.0445 0.9559
vn 0.2408 0.4639 0.8525
vn -0.3916 0.0182 0.9200
vn -0.3638 0.4405 0.8207
vn -0.3329 -0.9069 0.2583
vn -0.8911 0.0042 0.4538
vn -0.8067 0.4281 0.4074
vn -0.9745 0.0090 -0.2244
vn -0.8806 0.4325 -0.1939
vn -0.2938 -0.8984 -0.3265
vn -0.6027 0.0305 -0.7974
vn -0.5510 0.4515 -0.7018
vn 0.0503 0.0585 -0.9970
vn 0.0358 0.9349 -0.3532
vn 0.0279 0.4763 -0.8788
vn 0.6789 0.0800 -0.7299
vn 0.5852 0.4953 -0.6420
vn 0.4725 -0.8706 -0.1375
vn 0.9890 0.0848 -0.1210
vn 0.8602 0.4996 -0.1022
vn 0.8356 0.0708 0.5448
vn 0.7241 0.4872 0.4881
vn 0.5588 0.0147 0.8292
vn 0.4914 0.4407 0.7512
vn -0.1046 -0.0038 0.9945
vn -0.1041 0.4241 0.8996
vn -0.7193 -0.0136 0.6946
vn -0.3283 0.9148 0.2353
vn -0.6559 0.4152 0.6304
vn -0.4200 -0.9032 0.0882
vn -0.9975 -0.0102 0.0698
vn -0.9057 0.4183 0.0695
vn -0.8092 0.0049 -0.5876
vn -0.7366 0.4318 -0.5206
vn -0.1565 -0.8886 -0.4313
vn -0.2424 0.0245 -0.9699
vn -0.0599 0.9308 -0.3606
vn -0.2278 0.4495 -0.8638
vn 0.1530 -0.8809 -0.4479
vn 0.4377 0.0396 -0.8983
vn 0.3827 0.4630 -0.7995
vn 0.9128 0.0430 -0.4062
vn 0.8092 0.4661 -0.3578
vn 0.9606 0.0332 0.2760
vn 0.8521 0.4573 0.2546
vn 0.3911 -0.8929 0.2231
vn 0.7770 -0.0183 0.6292
vn 0.7067 0.4142 0.5736
vn 0.1908 -0.0200 0.9814
vn 0.1730 0.4127 0.8943
vn -0.4847 -0.0209 0.8744
vn -0.4419 0.4119 0.7969
vn -0.9334 -0.0206 0.3583
vn -0.8504 0.4121 0.3270
vn -0.9453 -0.0192 -0.3256
vn -0.8613 0.4134 -0.2955
vn -0.5149 -0.0174 -0.8571
vn -0.1497 0.9239 -0.3522
vn -0.4695 0.4150 -0.7794
vn 0.1564 -0.0161 -0.9876
vn 0.1417 0.4162 -0.8982
vn 0.7546 -0.0158 -0.6560
vn 0.3215 0.9243 -0.2056
vn 0.6863 0.4165 -0.5963
vn 0.9997 -0.0166 -0.0175
vn 0.9094 0.4157 -0.0150
vn 0.9258 -0.0486 0.3750
vn 0.8568 0.3890 0.3385
vn 0.4686 -0.0367 0.8826
vn 0.4352 0.3999 0.8067
vn -0.2079 -0.0304 0.9777
vn -0.1888 0.4057 0.8943
vn -0.7874 -0.0326 0.6156
vn -0.3321 0.9264 0.1772
vn -0.7232 0.4037 0.5604
vn -0.4495 -0.8906 0.0692
vn -0.9985 -0.0423 -0.0341
vn -0.3770 0.9223 -0.0855
vn -0.9180 0.3948 -0.0388
vn -0.7426 -0.0548 -0.6675
vn -0.2424 0.9174 -0.3156
vn -0.6819 0.3832 -0.6230
vn -0.1363 -0.9010 -0.4119
vn -0.1394 -0.0645 -0.9881
vn 0.0085 0.9141 -0.4053
vn -0.1256 0.3743 -0.9188
vn 0.1687 -0.9028 -0.3955
vn 0.5289 -0.0667 -0.8461
vn 0.4908 0.3722 -0.7878
vn 0.9496 -0.0604 -0.3077
vn 0.8788 0.3781 -0.2912
vn 0.9627 -0.1639 0.2152
vn -0.9707 -0.1097 -0.2138
vn -0.9136 0.4061 0.0221
vn 0.4208 -0.3438 -0.8395
vn 0.2110 0.1718 -0.9623
vn 0.5354 -0.1513 0.8309
vn -0.2915 -0.4085 -0.8650
vn 0.2153 -0.1664 -0.9623
vn -0.0262 0.3493 -0.9366
vn -0.6439 0.3760 0.6664
vn -0.9694 0.1166 -0.2160
vn -0.6778 0.3588 -0.6417
vn 0.5345 -0.1166 0.8371
vn 0.6302 0.3820 -0.6760
vn 0.0007 0.3696 0.9292
vn -0.9470 0.3201 0.0280
vn 0.9739 -0.0783 0.2132
vn 0.3172 -0.3696 0.8734
vn -0.0482 0.3870 -0.9208
vn -0.8344 -0.1488 0.5307
vn -0.8253 -0.3808 -0.4169
vn 0.6341 0.3911 -0.6670
vn 0.4156 -0.3670 -0.8322
vn -0.2139 -0.1150 0.9701
vn -0.9665 -0.1459 -0.2111
vn -0.2921 -0.4008 -0.8683
vn 0.5288 -0.1626 0.8330
vn 0.4041 -0.3751 -0.8343
vn -0.8385 -0.1261 0.5301
vn -0.1765 -0.3791 -0.9084
vn -0.0970 0.3791 0.9203
vn 0.7439 -0.3791 0.5504
vn -0.7439 -0.3791 -0.5504
vn -0.5504 -0.3791 0.7439
vn -0.3134 0.3791 -0.8707
vn 0.5544 -0.3791 0.7409
vn 0.3134 0.3791 0.8707
vn -0.2325 0.3791 -0.8957
vn 0.4844 -0.3791 0.7885
vn 0.8957 0.3791 -0.2325
vn -0.4844 -0.3791 -0.7885
vn 0.4895 0.3791 -0.7853
vn -0.8941 -0.3791 -0.2383
vn -0.4895 0.3791 0.7853
vn 0.7947 0.3791 -0.4741
vn -0.6858 -0.3791 -0.6213
vn -0.7947 0.3791 0.4741
vn 0.4741 0.3791 0.7947
vt 0.464940 2.220258
vt 0.464439 2.237013
vt 0.480344 2.233164
vt 0.463730 -0.212585
vt 0.448857 -0.233386
vt 0.437357 -0.214849
vt 0.480344 -0.232024
vt 0.490199 -0.212563
vt 0.451973 2.127759
vt 0.452454 2.151689
vt 0.437673 2.145923
vt 0.453087 0.033397
vt 0.466954 0.051908
vt 0.479557 0.033419
vt 0.437673 0.050642
vt 0.426714 0.031133
vt 1.633851 1.794412
vt 1.644109 1.807246
vt 1.653859 1.794169
vt 1.642607 -0.161581
vt 1.629738 -0.182296
vt 1.620077 -0.163679
vt 1.794169 -0.181252
vt 1.806301 -0.161581
vt 1.786513 -0.161928
vt 1.561481 1.723553
vt 1.577331 1.741884
vt 1.562272 1.746887
vt 1.748146 0.082292
vt 1.728048 0.100267
vt 1.728358 0.081945
vt 1.562272 0.099297
vt 1.583213 0.082292
vt 1.560683 0.080194
vt 2.255815 0.716130
vt 2.271798 0.719040
vt 2.270906 0.702852
vt 0.718825 -0.134442
vt 0.733890 -0.154793
vt 0.744237 -0.135917
vt 0.702852 -0.154556
vt 0.692149 -0.135520
vt 2.151839 0.700068
vt 2.175865 0.704223
vt 2.167509 0.717654
vt 0.705643 0.108308
vt 0.688790 0.125702
vt 0.678966 0.107230
vt 0.717654 0.125482
vt 0.731055 0.106833
vt 2.039809 -0.510046
vt 2.053804 -0.518423
vt 2.042763 -0.530146
vt -0.517806 -0.143868
vt -0.502851 -0.163745
vt -0.493083 -0.144554
vt -0.530146 -0.164427
vt -0.538889 -0.145697
vt 1.946810 -0.463796
vt 1.967996 -0.475761
vt 1.970187 -0.460187
vt -0.479848 0.099273
vt -0.485570 0.116312
vt -0.500931 0.097443
vt -0.460187 0.116945
vt -0.455125 0.098587
vt 1.086905 -1.310376
vt 1.092128 -1.326120
vt 1.076180 -1.327893
vt 1.090997 -0.185446
vt 1.105768 -0.204965
vt 1.114629 -0.185547
vt 1.076180 -0.206245
vt 1.064974 -0.187696
vt 1.042330 -1.223454
vt 1.050989 -1.245942
vt 1.062636 -1.235512
vt 1.054414 0.059414
vt 1.035120 0.076490
vt 1.028391 0.057164
vt 1.062636 0.077680
vt 1.078047 0.059312
vt -0.157024 -1.310376
vt -0.163250 -1.326120
vt -0.176568 -1.317113
vt -0.163538 -0.239723
vt -0.146980 -0.259165
vt -0.137417 -0.239717
vt -0.176568 -0.260445
vt -0.187073 -0.241865
vt -0.138384 -1.223454
vt -0.146080 -1.245942
vt -0.130492 -1.245536
vt -0.148240 0.007381
vt -0.158008 0.024870
vt -0.171775 0.005239
vt -0.130492 0.026060
vt -0.122119 0.007388
vt -1.109928 -0.510046
vt -1.124926 -0.518423
vt -1.129306 -0.502851
vt -0.517806 -0.281302
vt -0.530146 -0.300984
vt -0.538889 -0.281715
vt -0.502851 -0.301665
vt -0.493083 -0.282858
vt -1.042863 -0.463796
vt -1.063087 -0.475761
vt -1.050919 -0.485569
vt -0.479848 -0.032478
vt -0.460187 -0.014395
vt -0.455125 -0.034035
vt -0.485569 -0.013762
vt -0.500931 -0.032892
vt -1.325934 0.716130
vt -1.342920 0.719040
vt -1.336238 0.733890
vt 0.718825 -0.290727
vt 0.702852 -0.310854
vt 0.692149 -0.291892
vt 0.733890 -0.310618
vt 0.744237 -0.291495
vt -1.247892 0.700068
vt -1.270956 0.704223
vt -1.267966 0.688790
vt 0.705643 -0.041513
vt 0.717654 -0.022932
vt 0.731055 -0.042281
vt 0.688790 -0.023152
vt 0.678966 -0.042678
vt -0.703970 1.794412
vt -0.715231 1.807246
vt -0.700538 1.814427
vt 1.806301 -0.263588
vt 1.794168 -0.284158
vt 1.786512 -0.265484
vt -0.700538 -0.283114
vt -0.715148 -0.263588
vt -0.692521 -0.263733
vt -0.657535 1.723553
vt -0.672422 1.741884
vt -0.680075 1.728048
vt -0.677038 -0.015497
vt -0.657644 0.003253
vt -0.654412 -0.015642
vt 1.728048 0.002283
vt 1.748146 -0.015497
vt 1.728358 -0.017393
vt -0.018375 1.906740
vt -0.022922 1.923246
vt -0.006917 1.924005
vt -0.022062 0.087501
vt -0.036907 0.067976
vt -0.046266 0.087561
vt -0.006917 0.066690
vt 0.004226 0.085395
vt 0.015258 1.835982
vt 0.007916 1.858420
vt -0.004332 1.848729
vt 0.005062 0.313115
vt 0.023750 0.330635
vt 0.031349 0.311009
vt -0.004332 0.331839
vt -0.019143 0.313175
vt 1.019295 1.852077
vt 1.026430 1.867967
vt 1.039177 1.858150
vt 1.026789 0.047019
vt 1.010305 0.027428
vt 1.001000 0.046923
vt 1.039177 0.026443
vt 1.049610 0.045264
vt 1.000028 1.784105
vt 1.008798 1.805695
vt 0.993191 1.806245
vt 1.011251 0.274279
vt 1.020226 0.292295
vt 1.034072 0.272524
vt 0.993191 0.293218
vt 0.985462 0.274183
vt 1.779397 1.142753
vt 1.795089 1.150658
vt 1.798547 1.134836
vt 1.150522 0.025480
vt 1.162803 0.005553
vt 1.172374 0.024794
vt 1.134836 0.005329
vt 1.125288 0.024418
vt 1.721380 1.110942
vt 1.741953 1.121518
vt 1.730350 1.132071
vt 1.124869 0.253616
vt 1.105884 0.272177
vt 1.099635 0.252554
vt 1.132071 0.272386
vt 1.146721 0.252930
vt 1.906272 0.110668
vt 1.923392 0.106954
vt 1.915873 0.092510
vt 0.107317 0.032960
vt 0.123089 0.012584
vt 0.133879 0.031527
vt 0.092510 0.013227
vt 0.082396 0.032610
vt 1.841787 0.131473
vt 1.864329 0.126024
vt 1.862221 0.141660
vt 0.124095 0.260792
vt 0.113027 0.279693
vt 0.099175 0.260442
vt 0.141660 0.279091
vt 0.150657 0.259359
vt 1.340552 -0.761253
vt 1.351304 -0.774782
vt 1.336259 -0.781111
vt 1.351508 0.065961
vt 1.361302 0.045233
vt 1.370323 0.063972
vt 1.336259 0.046442
vt 1.328161 0.066008
vt 1.304908 -0.695997
vt 1.318666 -0.714985
vt 1.327100 -0.701563
vt 1.322762 0.292451
vt 1.303650 0.311328
vt 1.299415 0.292497
vt -0.701563 0.310196
vt -0.721374 0.292451
vt -0.702536 0.290462
vt 0.346946 -1.065029
vt 0.346512 -1.081978
vt 0.330912 -1.077251
vt 0.347195 0.109041
vt 0.362232 0.088223
vt 0.373713 0.106949
vt 0.330912 0.089432
vt 0.320982 0.108984
vt 0.361955 -0.984287
vt 0.360286 -1.007992
vt 0.375375 -1.003046
vt 0.359299 0.333779
vt 0.346047 0.352278
vt 0.333086 0.333721
vt 0.375375 0.351146
vt 0.385817 0.331686
vt -0.609629 -0.658520
vt -0.620831 -0.670893
vt -0.629755 -0.657342
vt -0.619686 0.142043
vt -0.606813 0.121438
vt -0.597893 0.140347
vt -0.657342 0.122081
vt -0.670159 0.142043
vt -0.649443 0.141430
vt -0.545853 -0.598501
vt -0.562376 -0.615894
vt -0.547631 -0.621721
vt -0.621758 0.365438
vt -0.601673 0.383383
vt -0.601042 0.364825
vt -0.547631 0.382781
vt -0.568255 0.365438
vt -0.546461 0.363742
vt -1.081579 0.268064
vt -1.098095 0.266123
vt -1.096235 0.282134
vt 0.266409 0.149523
vt 0.250983 0.129337
vt 0.240623 0.148539
vt 0.282134 0.129113
vt 0.293070 0.148163
vt -0.993744 0.280846
vt -1.017594 0.277840
vt -1.010032 0.263987
vt 0.276717 0.372614
vt 0.293156 0.390088
vt 0.303378 0.371254
vt 0.263987 0.390297
vt 0.250931 0.371630
vt -0.848075 1.281165
vt -0.861962 1.290628
vt -0.850257 1.301588
vt 1.290425 0.127983
vt 1.275271 0.108223
vt 1.266243 0.127692
vt 1.301588 0.107237
vt 1.310551 0.126033
vt -0.772144 1.242298
vt -0.792368 1.255023
vt -0.795467 1.239643
vt 1.259082 0.351950
vt 1.264286 0.369256
vt 1.279208 0.350000
vt 1.239643 0.370179
vt 1.234900 0.351659
vt -0.275974 1.440503
vt -0.285463 1.455173
vt -0.270332 1.460488
vt -0.284934 0.367530
vt -0.296237 0.347775
vt -0.304735 0.367367
vt -0.270332 0.346876
vt -0.260980 0.365847
vt -0.233983 1.391628
vt -0.247271 1.410745
vt -0.256268 1.397914
vt -0.251754 0.572886
vt -0.231844 0.590820
vt -0.227801 0.571203
vt -0.256268 0.591668
vt -0.271555 0.572722
vt 0.553536 1.647205
vt 0.555638 1.664764
vt 0.570666 1.659036
vt 0.556006 0.344085
vt 0.539585 0.324295
vt 0.529344 0.343813
vt 0.570666 0.323606
vt 0.581841 0.342649
vt 0.553063 1.587749
vt 0.555221 1.610716
vt 0.540065 1.606737
vt 0.555632 0.550376
vt 0.569368 0.568650
vt 0.581467 0.548940
vt 0.540065 0.569300
vt 0.528971 0.550104
vt 1.322028 1.272216
vt 1.334868 1.284535
vt 1.342720 1.270416
vt 1.335087 0.331611
vt 1.321007 0.311592
vt 1.314029 0.330925
vt 1.270416 0.311435
vt 1.284632 0.331611
vt 1.263020 0.330662
vt 1.282215 1.231956
vt 1.298683 1.247940
vt 1.284496 1.254701
vt 1.252821 0.538399
vt 1.233500 0.557052
vt 1.231208 0.537450
vt 1.284496 0.557199
vt 1.303628 0.538399
vt 1.282571 0.537714
vt 1.669916 0.490996
vt 1.687616 0.492400
vt 1.684577 0.476467
vt 0.492648 0.335943
vt 0.507648 0.315608
vt 0.518705 0.334733
vt 0.476467 0.316058
vt 0.466040 0.335493
vt 1.612294 0.490729
vt 1.635240 0.492165
vt 1.628698 0.506528
vt 0.492437 0.542559
vt 0.477130 0.561453
vt 0.465828 0.542109
vt 0.506528 0.561029
vt 0.518493 0.541349
vt 1.434419 -0.330913
vt 1.448829 -0.340993
vt 1.436278 -0.351312
vt -0.340585 0.355056
vt -0.326028 0.334465
vt -0.317042 0.353455
vt -0.351312 0.335311
vt -0.359746 0.354883
vt 1.388852 -0.289105
vt 1.407413 -0.302973
vt 1.411614 -0.287705
vt -0.307551 0.560909
vt -0.311542 0.579794
vt -0.326712 0.560736
vt -0.287705 0.578997
vt -0.284008 0.559309
vt 0.725729 -0.808930
vt 0.730236 -0.825690
vt 0.714005 -0.825594
vt 0.730571 0.380005
vt 0.744327 0.359340
vt 0.755247 0.378331
vt 0.714005 0.360185
vt 0.704033 0.379759
vt 0.716441 -0.742653
vt 0.721805 -0.765422
vt 0.734822 -0.756366
vt 0.723232 0.584863
vt 0.706234 0.603492
vt 0.696695 0.584617
vt 0.734822 0.602695
vt 0.747909 0.583189
vt -0.124551 -0.719387
vt -0.131924 -0.734895
vt -0.144282 -0.724458
vt -0.131424 0.399118
vt -0.116191 0.378593
vt -0.106079 0.397721
vt -0.144282 0.379043
vt -0.153526 0.398481
vt -0.090311 -0.657693
vt -0.100780 -0.678795
vt -0.085001 -0.680164
vt -0.104370 0.603213
vt -0.111486 0.621460
vt -0.126471 0.602576
vt -0.085001 0.621036
vt -0.079024 0.601816
vt -0.718564 -0.104181
vt -0.734237 -0.111093
vt -0.736982 -0.095227
vt -0.110730 0.403450
vt -0.123784 0.383215
vt -0.133335 0.402553
vt -0.095227 0.383059
vt -0.085103 0.402289
vt -0.653916 -0.073980
vt -0.675446 -0.083626
vt -0.664251 -0.094755
vt -0.086866 0.607373
vt -0.067832 0.625289
vt -0.061239 0.606211
vt -0.094755 0.625437
vt -0.109472 0.606475
vt -0.778366 0.748826
vt -0.794874 0.753832
vt -0.786763 0.767676
vt 0.754031 0.390976
vt 0.737632 0.371045
vt 0.727608 0.390565
vt 0.767676 0.370355
vt 0.778353 0.389401
vt -0.710656 0.735360
vt -0.733300 0.741598
vt -0.731889 0.725942
vt 0.743390 0.595396
vt 0.754268 0.613189
vt 0.767713 0.593821
vt 0.725942 0.613839
vt 0.716968 0.594985
vt -0.264493 1.048646
vt -0.278357 1.059912
vt -0.265332 1.069375
vt 1.060136 0.627552
vt 1.045189 0.607368
vt 1.037240 0.626811
vt -0.265332 0.607287
vt -0.278565 0.627552
vt -0.259009 0.626675
vt -0.224468 1.017034
vt -0.242294 1.031431
vt -0.247305 1.016477
vt -0.247698 0.812635
vt -0.228697 0.831204
vt -0.228142 0.811758
vt 1.016477 0.831281
vt 1.035757 0.812635
vt 1.012861 0.811895
vt 0.316098 1.397500
vt 0.312708 1.415060
vt 0.328772 1.413931
vt 0.312678 0.625872
vt 0.298223 0.605686
vt 0.287509 0.625122
vt 0.328772 0.605624
vt 0.339296 0.625018
vt 0.326221 1.347920
vt 0.321830 1.370390
vt 0.308375 1.362161
vt 0.320484 0.811021
vt 0.337400 0.829620
vt 0.347102 0.810167
vt 0.308375 0.829678
vt 0.295315 0.810271
vt 0.985097 1.291540
vt 0.993776 1.307188
vt 1.005360 1.295992
vt 0.993950 0.624978
vt 0.978140 0.604773
vt 0.969033 0.624192
vt 1.005360 0.604759
vt 1.015175 0.624168
vt 0.960763 1.247418
vt 0.971853 1.267435
vt 0.956254 1.269785
vt 0.975184 0.810162
vt 0.982115 0.828795
vt 0.996409 0.809352
vt 0.956254 0.828808
vt 0.950267 0.809375
vt 1.429471 0.780346
vt 1.446168 0.786772
vt 1.447848 0.770743
vt 0.786913 0.625289
vt 0.799798 0.605055
vt 0.810174 0.624455
vt 0.770743 0.605095
vt 0.760922 0.624523
vt 1.382250 0.762553
vt 1.403623 0.770741
vt 1.393181 0.782573
vt 0.773191 0.810461
vt 0.754969 0.829115
vt 0.747200 0.809695
vt 0.782573 0.829076
vt 0.796452 0.809626
vt 1.441294 0.103112
vt 1.458204 0.097320
vt 1.449191 0.083956
vt 0.097254 0.626658
vt 0.113382 0.606400
vt 0.123433 0.625789
vt 0.083956 0.606476
vt 0.073551 0.625917
vt 1.393463 0.120199
vt 1.415110 0.112716
vt 1.414713 0.128497
vt 0.110432 0.811776
vt 0.100540 0.830431
vt 0.086728 0.811035
vt 0.128497 0.830358
vt 0.136610 0.810907
vt 1.015032 -0.423278
vt 1.024252 -0.438566
vt 1.008761 -0.443016
vt 1.024434 0.628445
vt 1.035438 0.608179
vt 1.045084 0.627569
vt 1.008761 0.608255
vt 0.999863 0.627698
vt 0.989156 -0.379079
vt 1.000939 -0.398743
vt 1.010776 -0.386393
vt 1.004479 0.813494
vt 0.985431 0.832126
vt 0.979908 0.812746
vt 1.010776 0.832054
vt 1.025129 0.812618
vt 0.350139 -0.552519
vt 0.347364 -0.570139
vt 0.332640 -0.563596
vt 0.347343 0.629815
vt 0.363379 0.609560
vt 0.373990 0.628963
vt 0.332640 0.609600
vt 0.321884 0.629032
vt 0.358508 -0.501663
vt 0.354905 -0.524318
vt 0.370376 -0.521176
vt 0.353797 0.814810
vt 0.341172 0.833408
vt 0.328338 0.814027
vt 0.370376 0.833370
vt 0.380445 0.813958
vt -0.242275 -0.224138
vt -0.255738 -0.235834
vt -0.262808 -0.221364
vt -0.255939 0.630125
vt -0.242390 0.609896
vt -0.235763 0.629318
vt -0.221364 0.609882
vt -0.235999 0.630125
vt -0.213597 0.629295
vt -0.203393 -0.190196
vt -0.220705 -0.205251
vt -0.206837 -0.212783
vt -0.209823 0.815108
vt -0.190468 0.833677
vt -0.187421 0.814278
vt -0.206837 0.833690
vt -0.225954 0.815108
vt -0.205778 0.814302
vt -0.485012 0.408211
vt -0.502854 0.407923
vt -0.498965 0.423547
vt 0.407951 0.629231
vt 0.392430 0.609031
vt 0.381642 0.628469
vt 0.423547 0.608969
vt 0.434390 0.628364
vt -0.433629 0.409585
vt -0.456557 0.409162
vt -0.450779 0.394483
vt 0.409010 0.814249
vt 0.424047 0.832806
vt 0.435449 0.813382
vt 0.394483 0.832865
vt 0.382701 0.813487
vt -0.203536 0.734955
vt -0.220519 0.741582
vt -0.210730 0.754412
vt 0.741600 0.867598
vt 0.725679 0.847100
vt 0.715734 0.866413
vt 0.754412 0.847672
vt 0.764608 0.867385
vt -0.167967 0.716211
vt -0.188816 0.724864
vt -0.189359 0.709023
vt 0.727560 1.032370
vt 0.736519 1.051457
vt 0.750568 1.032157
vt 0.709023 1.050910
vt 0.701694 1.031185
vt 0.148964 1.126402
vt 0.140324 1.142294
vt 0.156037 1.145862
vt 0.139833 0.876947
vt 0.128671 0.856456
vt 0.118371 0.875830
vt 0.156037 0.856893
vt 0.164918 0.876574
vt 0.166226 1.087330
vt 0.155708 1.107455
vt 0.145140 1.095641
vt 0.152764 1.041363
vt 0.171327 1.060245
vt 0.177849 1.040991
vt 0.145140 1.059827
vt 0.131301 1.040246
vt 0.670670 1.199684
vt 0.674378 1.217311
vt 0.688675 1.209975
vt 0.674430 0.881921
vt 0.658357 0.861567
vt 0.647851 0.881067
vt 0.688675 0.861666
vt 0.699420 0.881236
vt 0.660837 1.156806
vt 0.665609 1.179078
vt 0.649951 1.176792
vt 0.667065 1.046149
vt 0.678962 1.064794
vt 0.692055 1.045464
vt 0.649951 1.064699
vt 0.640486 1.045295
vt 1.117470 0.920511
vt 1.131752 0.931530
vt 1.137955 0.916753
vt 1.132270 0.880193
vt 1.118871 0.860043
vt 1.113014 0.879676
vt 0.916753 0.859757
vt 0.931741 0.880193
vt 0.908615 0.879190
vt 1.084433 0.892131
vt 1.102298 0.906221
vt 1.088865 0.914505
vt 0.910482 1.044487
vt 0.891135 1.062974
vt 0.887356 1.043483
vt 1.088865 1.063247
vt 1.107523 1.044487
vt 1.088266 1.043969
vt 1.280301 0.419510
vt 1.298438 0.418671
vt 1.293656 0.403398
vt 0.418361 0.872572
vt 0.434370 0.852597
vt 0.444849 0.872305
vt 0.403398 0.852060
vt 0.392167 0.871392
vt 1.238808 0.417149
vt 1.261445 0.416557
vt 1.256511 0.431507
vt 0.416593 1.037156
vt 0.401870 1.055637
vt 0.390399 1.035975
vt 0.431507 1.056151
vt 0.443080 1.036889
vt 1.082973 -0.068894
vt 1.096439 -0.081292
vt 1.082922 -0.089886
vt -0.082110 0.862624
vt -0.066857 0.842712
vt -0.059939 0.862405
vt 1.082922 0.842175
vt 1.096921 0.862624
vt 1.076430 0.861493
vt 1.051728 -0.045889
vt 1.068583 -0.060795
vt 1.074445 -0.046202
vt 1.073516 1.027585
vt 1.054601 1.046217
vt 1.053024 1.026453
vt -0.046202 1.046731
vt -0.064878 1.027585
vt -0.042706 1.027366
vt 0.617818 -0.316171
vt 0.620275 -0.334422
vt 0.604359 -0.332286
vt 0.620272 0.855003
vt 0.635052 0.835015
vt 0.645845 0.854608
vt 0.604359 0.834729
vt 0.593638 0.854122
vt 0.610730 -0.280325
vt 0.613953 -0.302477
vt 0.627858 -0.295096
vt 0.614963 1.020253
vt 0.598488 1.039120
vt 0.588329 1.019372
vt 0.627858 1.039394
vt 0.640536 1.019858
vt 0.102487 -0.206618
vt 0.092746 -0.222277
vt 0.081892 -0.210380
vt 0.092208 0.853276
vt 0.108178 0.833106
vt 0.116606 0.852562
vt 0.081892 0.833205
vt 0.071895 0.852730
vt 0.122162 -0.176461
vt 0.110282 -0.195404
vt 0.125712 -0.198716
vt 0.106946 1.018591
vt 0.100559 1.037669
vt 0.086634 1.018046
vt 0.125712 1.037574
vt 0.131345 1.017877
vt -0.221891 0.208504
vt -0.239309 0.202670
vt -0.240012 0.218791
vt 0.202141 0.858250
vt 0.189316 0.837879
vt 0.178274 0.857224
vt 0.218791 0.838316
vt 0.228409 0.857968
vt -0.185369 0.217101
vt -0.206756 0.210325
vt -0.197032 0.197842
vt 0.208582 1.023377
vt 0.226046 1.042541
vt 0.234849 1.023095
vt 0.197842 1.042122
vt 0.184714 1.022351
vt 0.992437 0.422848
vt 0.978985 0.404061
vt 0.972708 0.419369
vt 0.996482 1.073119
vt 0.978985 1.056481
vt 0.995636 1.053329
vt 0.417844 1.072289
vt 0.404061 1.056481
vt 0.399769 1.072532
vt 0.990524 1.277029
vt 0.972084 1.292708
vt 0.969611 1.276442
vt 0.984844 0.421509
vt 0.972084 0.402844
vt 0.988522 0.402053
vt 0.416793 1.276199
vt 0.402844 1.292708
vt 0.418115 1.296232
vt 0.960486 0.604052
vt 0.941420 0.617106
vt 0.956808 0.623508
vt 0.599048 1.072289
vt 0.617106 1.056481
vt 0.600574 1.052742
vt 0.954806 1.073119
vt 0.941420 1.056481
vt 0.936740 1.072532
vt 0.952893 0.602714
vt 0.934518 0.615889
vt 0.933643 0.599319
vt 0.948849 1.277029
vt 0.934518 1.292708
vt 0.949695 1.296819
vt 0.597998 1.276199
vt 0.615889 1.292708
vt 0.618919 1.276442
vt 1.271999 0.472142
vt 1.290374 0.458967
vt 1.275198 0.452602
vt 0.476858 1.082371
vt 0.458967 1.065861
vt 0.475536 1.062337
vt 1.276044 1.081541
vt 1.290374 1.065861
vt 1.294110 1.082128
vt 1.264407 0.470803
vt 1.283473 0.457750
vt 1.284136 0.474282
vt 1.270087 1.285451
vt 1.283473 1.302089
vt 1.268084 1.305241
vt 0.475808 1.286281
vt 0.457750 1.302089
vt 0.454886 1.286038
vt 1.240048 0.653347
vt 1.252809 0.672012
vt 1.259298 0.656741
vt 1.234368 1.081540
vt 1.252809 1.065861
vt 1.236371 1.061750
vt 0.658063 1.082371
vt 0.672012 1.065861
vt 0.676137 1.082128
vt 1.232455 0.652008
vt 1.245907 0.670795
vt 1.229257 0.671548
vt 0.657012 1.286281
vt 0.670795 1.302089
vt 0.655487 1.305828
vt 1.228411 1.285451
vt 1.245907 1.302089
vt 1.249325 1.286038
vt 0.824988 0.781475
vt 0.829225 0.759341
vt 0.813820 0.765525
vt 0.848539 1.082795
vt 0.829225 1.067260
vt 0.841387 1.063011
vt 0.809555 1.083867
vt 0.830474 1.083553
vt 0.853018 1.286646
vt 0.834414 1.303418
vt 0.834952 1.287404
vt 0.830697 0.789627
vt 0.834414 0.766751
vt 0.846735 0.778014
vt 0.814034 1.287717
vt 0.819169 1.307188
vt 0.674264 0.887013
vt 0.652016 0.883424
vt 0.658226 0.898626
vt 0.864971 1.083867
vt 0.883424 1.067260
vt 0.871063 1.063768
vt 0.903951 1.082795
vt 0.883040 1.083553
vt 0.679973 0.895165
vt 0.657205 0.890834
vt 0.668445 0.878701
vt 0.910347 1.286646
vt 0.890834 1.303418
vt 0.906264 1.306430
vt 0.871368 1.287717
vt 0.889437 1.287404
vt 0.987765 1.013943
vt 1.010532 1.018275
vt 1.004163 1.002844
vt 1.037741 1.070852
vt 1.018275 1.055151
vt 1.030407 1.051382
vt 0.998761 1.071924
vt 1.019671 1.071166
vt 0.993473 1.022096
vt 1.015721 1.025685
vt 1.004641 1.038045
vt 1.005157 1.275774
vt 1.025685 1.291310
vt 1.010482 1.295559
vt 1.044137 1.274703
vt 1.026068 1.275017
vt 0.837041 1.119481
vt 0.833324 1.142357
vt 0.848569 1.135945
vt 0.814719 1.071924
vt 0.833324 1.055151
vt 0.821002 1.052140
vt 0.853704 1.070852
vt 0.832785 1.071166
vt 0.842749 1.127634
vt 0.838512 1.149768
vt 0.826351 1.138733
vt 0.858183 1.274703
vt 0.838512 1.291310
vt 0.853917 1.294801
vt 0.819198 1.275775
vt 0.837264 1.275017
vt 0.510754 0.919856
vt 0.529546 0.906374
vt 0.514236 0.900107
vt 0.923827 1.072749
vt 0.906374 1.056069
vt 0.923033 1.052960
vt 0.515771 1.071844
vt 0.529546 1.056069
vt 0.533846 1.072109
vt 0.917334 1.276642
vt 0.898852 1.292277
vt 0.896422 1.276002
vt 0.512213 0.911580
vt 0.530873 0.898852
vt 0.531665 0.915280
vt 0.516916 1.275737
vt 0.530873 1.292277
vt 0.515604 1.295791
vt 0.329550 0.887904
vt 0.316501 0.868809
vt 0.310097 0.884205
vt 0.334566 1.071844
vt 0.316501 1.056069
vt 0.333032 1.052320
vt 0.882151 1.072749
vt 0.868809 1.056069
vt 0.864087 1.072109
vt 0.331009 0.879629
vt 0.317828 0.861287
vt 0.334399 0.860402
vt 0.875658 1.276642
vt 0.861287 1.292277
vt 0.876452 1.296431
vt 0.335711 1.275738
vt 0.317828 1.292277
vt 0.314790 1.276002
vt 0.461464 1.199395
vt 0.474645 1.217737
vt 0.481008 1.202572
vt 0.456761 1.082832
vt 0.474645 1.066292
vt 0.458074 1.062778
vt 1.203366 1.081927
vt 1.217737 1.066292
vt 1.221430 1.082567
vt 0.462923 1.191120
vt 0.475971 1.210215
vt 0.459441 1.210869
vt 1.196873 1.285821
vt 1.210215 1.302500
vt 1.194819 1.305609
vt 0.457906 1.286726
vt 0.475971 1.302500
vt 0.478828 1.286461
vt 0.280259 1.167444
vt 0.261600 1.180172
vt 0.276869 1.186671
vt 1.161690 1.081927
vt 1.180172 1.066292
vt 1.163745 1.062139
vt 0.275557 1.082832
vt 0.261600 1.066292
vt 0.257482 1.082567
vt 0.281718 1.159168
vt 0.262926 1.172650
vt 0.262174 1.155991
vt 0.276702 1.286726
vt 0.262926 1.302501
vt 0.278236 1.306249
vt 1.155197 1.285821
vt 1.172650 1.302501
vt 1.176110 1.286461
vt 0.151711 0.818925
vt 0.174436 0.822748
vt 0.168074 0.807468
vt 0.841507 1.074179
vt 0.822748 1.057660
vt 0.835040 1.054384
vt 0.802515 1.073561
vt 0.823436 1.073742
vt 0.838928 1.278129
vt 0.819759 1.293935
vt 0.820856 1.277693
vt 0.156407 0.815637
vt 0.178705 0.819759
vt 0.167615 0.831959
vt 0.799935 1.277512
vt 0.804387 1.297487
vt 0.046173 0.668201
vt 0.050354 0.645539
vt 0.034965 0.651879
vt 0.069610 1.073561
vt 0.050354 1.057660
vt 0.062536 1.053948
vt 0.030619 1.074179
vt 0.051537 1.073742
vt 0.050869 0.664913
vt 0.054622 0.642551
vt 0.066935 0.653663
vt 0.034303 1.278129
vt 0.054622 1.293935
vt 0.039365 1.297923
vt 0.073294 1.277512
vt 0.055222 1.277693
vt -0.080871 0.981781
vt -0.084624 1.004144
vt -0.069367 0.997896
vt -0.103296 1.081058
vt -0.084624 1.064635
vt -0.096938 1.061083
vt -0.064305 1.080441
vt -0.085224 1.080877
vt -0.076175 0.978493
vt -0.080356 1.001155
vt -0.092538 0.989950
vt -0.060621 1.284391
vt -0.080356 1.300909
vt -0.064967 1.304185
vt -0.099612 1.285008
vt -0.081539 1.284827
vt -0.186409 0.831057
vt -0.208707 0.826936
vt -0.202476 0.842307
vt 0.807767 1.080441
vt 0.826936 1.064635
vt 0.814735 1.060646
vt 0.846760 1.081058
vt 0.825838 1.080877
vt -0.181713 0.827769
vt -0.204439 0.823947
vt -0.193218 0.811655
vt 0.844180 1.285008
vt 0.823947 1.300909
vt 0.839226 1.304622
vt 0.805187 1.284391
vt 0.823259 1.284827
vt -0.005238 0.480458
vt 0.008585 0.499310
vt 0.014735 0.483979
vt -0.008345 1.068456
vt 0.008585 1.051295
vt -0.008162 1.048697
vt 0.485619 1.066675
vt 0.499310 1.051295
vt 0.503696 1.067196
vt 0.004437 1.272043
vt 0.023393 1.287148
vt 0.025320 1.270783
vt 0.011054 0.483330
vt 0.023393 0.501921
vt 0.007102 0.502738
vt 0.487873 1.270261
vt 0.501921 1.287148
vt 0.486671 1.290542
vt 0.026713 0.299253
vt 0.046150 0.286265
vt 0.030665 0.279845
vt 0.304415 1.066675
vt 0.286265 1.051295
vt 0.302775 1.047438
vt 0.033330 1.068456
vt 0.046150 1.051295
vt 0.051365 1.067197
vt 0.043005 0.302126
vt 0.060959 0.288876
vt 0.061950 0.305466
vt 0.046113 1.272043
vt 0.060959 1.287148
vt 0.045930 1.291802
vt 0.306669 1.270261
vt 0.288876 1.287148
vt 0.285749 1.270783
vt -0.284356 0.431241
vt -0.302310 0.444491
vt -0.287281 0.450830
vt 0.426699 1.088308
vt 0.444491 1.071422
vt 0.427901 1.068027
vt -0.287464 1.086526
vt -0.302310 1.071422
vt -0.305499 1.087786
vt -0.268065 0.434114
vt -0.287501 0.447102
vt -0.288037 0.430592
vt -0.274681 1.290113
vt -0.287501 1.307275
vt -0.272017 1.309872
vt 0.428953 1.291895
vt 0.447102 1.307275
vt 0.449872 1.291373
vt -0.252405 0.250037
vt -0.264744 0.231446
vt -0.271350 0.246696
vt -0.245788 1.086526
vt -0.264744 1.071422
vt -0.248453 1.066768
vt 0.245494 1.088308
vt 0.231446 1.071422
vt 0.227417 1.087786
vt -0.236113 0.252910
vt -0.249936 0.234057
vt -0.233189 0.233321
vt 0.247748 1.291895
vt 0.234057 1.307275
vt 0.249388 1.311132
vt -0.233006 1.290113
vt -0.249936 1.307275
vt -0.253888 1.291373
vt 0.103301 0.133363
vt 0.099420 0.156003
vt 0.114718 0.149668
vt 0.080576 1.075431
vt 0.099420 1.059054
vt 0.087145 1.055634
vt 0.119571 1.075064
vt 0.098649 1.075171
vt 0.082110 1.279413
vt 0.101198 1.295366
vt 0.100183 1.279154
vt 0.105257 0.136156
vt 0.101198 0.158542
vt 0.088977 0.147424
vt 0.121105 1.279046
vt 0.116551 1.298951
vt 0.254025 0.027825
vt 0.276628 0.031921
vt 0.270305 0.016556
vt 0.051060 1.075064
vt 0.031921 1.059055
vt 0.044130 1.055374
vt 0.012065 1.075431
vt 0.032986 1.075171
vt 0.255981 0.030618
vt 0.278406 0.034460
vt 0.267275 0.046747
vt 0.014257 1.279413
vt 0.034460 1.295366
vt 0.019174 1.299211
vt 0.053252 1.279046
vt 0.035178 1.279154
vt -0.059580 -0.099257
vt -0.082005 -0.103098
vt -0.075737 -0.087812
vt -0.121890 1.079523
vt -0.103098 1.063204
vt -0.115385 1.059618
vt -0.082896 1.079156
vt -0.103817 1.079416
vt -0.057624 -0.096463
vt -0.080227 -0.100559
vt -0.069041 -0.112768
vt -0.080704 1.283139
vt -0.100559 1.299515
vt -0.085195 1.302936
vt -0.119698 1.283506
vt -0.101625 1.283398
vt 0.091144 -0.204795
vt 0.095203 -0.227181
vt 0.079850 -0.220923
vt 0.114290 1.079156
vt 0.095203 1.063204
vt 0.107424 1.059359
vt 0.075295 1.079523
vt 0.096217 1.079416
vt 0.093100 -0.202001
vt 0.096981 -0.224642
vt 0.109256 -0.213445
vt 0.076830 1.283506
vt 0.096981 1.299515
vt 0.081683 1.303195
vt 0.115825 1.283139
vt 0.097752 1.283398
vt 0.473088 -0.063084
vt 0.454411 -0.050253
vt 0.469685 -0.043784
vt -0.068604 1.080707
vt -0.050253 1.064932
vt -0.066715 1.060913
vt 0.468344 1.081376
vt 0.454411 1.064932
vt 0.450269 1.081180
vt -0.073404 1.284648
vt -0.055814 1.301196
vt -0.052488 1.285121
vt 0.474167 -0.069201
vt 0.455391 -0.055814
vt 0.454635 -0.072446
vt 0.469190 1.285317
vt 0.455391 1.301196
vt 0.470696 1.304915
vt 0.654293 -0.031132
vt 0.667456 -0.012688
vt 0.673825 -0.027887
vt 0.649548 1.081376
vt 0.667456 1.064931
vt 0.650890 1.061386
vt -0.026929 1.080707
vt -0.012688 1.064931
vt -0.008860 1.081179
vt 0.655372 -0.037250
vt 0.668436 -0.018249
vt 0.651901 -0.017564
vt -0.031729 1.284648
vt -0.018249 1.301196
vt -0.033619 1.304442
vt 0.650395 1.285317
vt 0.668436 1.301196
vt 0.671317 1.285121
vt 0.522390 -0.342689
vt 0.509326 -0.361690
vt 0.502926 -0.346320
vt 0.527367 1.073252
vt 0.509326 1.057374
vt 0.525861 1.053655
vt -0.348210 1.073921
vt -0.361690 1.057374
vt -0.366279 1.073448
vt 0.523469 -0.348807
vt 0.510306 -0.367251
vt 0.526872 -0.368106
vt -0.353010 1.277863
vt -0.367251 1.293638
vt -0.352052 1.297657
vt 0.528214 1.277194
vt 0.510306 1.293638
vt 0.507292 1.277390
vt 0.703595 -0.310738
vt 0.722371 -0.324125
vt 0.707066 -0.330423
vt -0.306534 1.073921
vt -0.324125 1.057374
vt -0.307493 1.054128
vt 0.708572 1.073252
vt 0.722371 1.057374
vt 0.726646 1.073448
vt 0.704674 -0.316855
vt 0.723351 -0.329685
vt 0.724138 -0.313224
vt 0.709418 1.277194
vt 0.723351 1.293638
vt 0.708077 1.297183
vt -0.311334 1.277863
vt -0.329685 1.293638
vt -0.332251 1.277390
vt 0.844292 0.081425
vt 0.821509 0.077642
vt 0.827890 0.092909
vt 0.058941 1.073318
vt 0.077642 1.056703
vt 0.065339 1.053527
vt 0.097931 1.072528
vt 0.077011 1.072760
vt 0.062243 1.277237
vt 0.081468 1.292940
vt 0.080313 1.276678
vt 0.838282 0.085633
vt 0.816046 0.081468
vt 0.827115 0.069282
vt 0.101233 1.276447
vt 0.096852 1.296469
vt 0.949830 0.232148
vt 0.945592 0.254851
vt 0.960996 0.248500
vt 0.926255 1.072528
vt 0.945592 1.056703
vt 0.933428 1.052969
vt 0.965243 1.073318
vt 0.944327 1.072760
vt 0.943820 0.236357
vt 0.940129 0.258676
vt 0.927797 0.247576
vt 0.960527 1.277237
vt 0.940129 1.292940
vt 0.955365 1.297028
vt 0.921540 1.276447
vt 0.939611 1.276678
vt 1.076838 -0.081406
vt 1.080529 -0.103726
vt 1.065292 -0.097492
vt 1.099118 1.082123
vt 1.080529 1.065629
vt 1.092860 1.062100
vt 1.060131 1.081332
vt 1.081047 1.081891
vt 1.070828 -0.077198
vt 1.075066 -0.099900
vt 1.087230 -0.088682
vt 1.055415 1.285251
vt 1.075066 1.301867
vt 1.059661 1.305043
vt 1.094403 1.286041
vt 1.076331 1.285810
vt 1.182376 0.069318
vt 1.204612 0.073483
vt 1.198399 0.058099
vt 0.092707 1.081332
vt 0.073483 1.065629
vt 0.085669 1.061542
vt 0.053717 1.082123
vt 0.074637 1.081891
vt 1.176366 0.073526
vt 1.199149 0.077308
vt 1.187912 0.089612
vt 0.057019 1.286041
vt 0.077308 1.301867
vt 0.062041 1.305601
vt 0.096009 1.285251
vt 0.077939 1.285810
vt 2.240203 1.189727
vt 2.224754 1.172875
vt 2.220422 1.188868
vt 2.241418 -0.232715
vt 2.224754 -0.248881
vt 2.241062 -0.252514
vt 1.188512 -0.232715
vt 1.172875 -0.248881
vt 1.169087 -0.232715
vt 2.241418 -0.008715
vt 2.224754 0.007451
vt 2.221282 -0.008715
vt 2.241062 1.169947
vt 1.188512 -0.008715
vt 1.172875 0.007451
vt 1.188868 0.011084
vt 2.227004 1.493441
vt 2.210152 1.508889
vt 2.226145 1.513221
vt 1.492225 -0.232715
vt 1.508889 -0.248881
vt 1.492581 -0.252514
vt 2.225789 -0.232715
vt 2.210152 -0.248881
vt 2.206364 -0.232715
vt 2.227004 1.493441
vt 2.210152 1.508889
vt 2.207224 1.492581
vt 2.225789 -0.008715
vt 2.210152 0.007451
vt 2.226145 0.011084
vt 1.492225 -0.008715
vt 1.508889 0.007451
vt 1.512361 -0.008715
vt 2.603859 1.205531
vt 2.620712 1.190082
vt 2.604719 1.185750
vt 1.206747 -0.232715
vt 1.190082 -0.248881
vt 1.206390 -0.252514
vt 2.605075 -0.232715
vt 2.620712 -0.248881
vt 2.624499 -0.232715
vt 2.620712 1.190082
vt 2.623640 1.206391
vt 2.605075 -0.008715
vt 2.620712 0.007451
vt 2.604719 0.011084
vt 1.206747 -0.008715
vt 1.190082 0.007451
vt 1.186610 -0.008715
vt 2.590661 1.509244
vt 2.606110 1.526097
vt 2.610441 1.510104
vt 2.589445 -0.232715
vt 2.606110 -0.248881
vt 2.589801 -0.252514
vt 1.510460 -0.232715
vt 1.526097 -0.248881
vt 1.529884 -0.232715
vt 2.589801 1.529025
vt 1.510460 -0.008715
vt 1.526097 0.007451
vt 1.510104 0.011084
vt 2.589445 -0.008715
vt 2.606110 0.007451
vt 2.609581 -0.008715
vt 0.639913 2.323421
vt 0.639911 2.300560
vt 0.625912 2.309423
vt 0.659710 -0.232715
vt 0.639911 -0.248881
vt 0.653912 -0.252514
vt 0.620112 -0.232715
vt 0.639911 -0.232715
vt 0.659710 -0.008715
vt 0.639911 0.007451
vt 0.639911 -0.008715
vt 0.639911 2.300560
vt 0.653912 2.309420
vt 0.620112 -0.008715
vt 0.625912 0.011084
vt 0.424972 2.538401
vt 0.402110 2.538403
vt 0.410973 2.552402
vt 2.518604 -0.232715
vt 2.538403 -0.248881
vt 2.524402 -0.252514
vt 2.558202 -0.232715
vt 2.538404 -0.232715
vt 0.402110 2.538403
vt 0.410971 2.524402
vt 2.558202 -0.008715
vt 2.538403 0.007451
vt 2.552402 0.011084
vt 2.518604 -0.008715
vt 2.538404 -0.008715
vt 0.897323 2.580785
vt 0.920185 2.580783
vt 0.911322 2.566784
vt 2.600582 -0.232715
vt 2.580783 -0.248881
vt 2.594784 -0.252514
vt 2.560984 -0.232715
vt 2.580783 -0.232715
vt 0.920185 2.580783
vt 0.911324 2.594784
vt 2.560984 -0.008715
vt 2.580783 0.007451
vt 2.566784 0.011084
vt 2.600582 -0.008715
vt 2.580783 -0.008715
vt 0.682382 2.795765
vt 0.682384 2.818627
vt 0.696383 2.809764
vt 0.662585 -0.232715
vt 0.682384 -0.248881
vt 0.668383 -0.252514
vt 0.702183 -0.232715
vt 0.682384 -0.232715
vt 0.682384 2.818627
vt 0.668383 2.809766
vt 0.702183 -0.008715
vt 0.682384 0.007451
vt 0.696383 0.011084
vt 0.662585 -0.008715
vt 0.682384 -0.008715
vt -1.436797 1.502797
vt -1.443365 1.480899
vt -1.454229 1.493409
vt -1.423521 -0.232715
vt -1.443365 -0.248881
vt -1.427409 -0.252514
vt -1.461449 -0.232715
vt -1.444841 -0.232715
vt -1.423521 -0.008715
vt -1.443365 0.007451
vt -1.444841 -0.008715
vt -1.427409 1.485365
vt -1.461449 -0.008715
vt -1.454229 0.011084
vt -1.580941 1.770451
vt -1.602839 1.777019
vt -1.590329 1.787883
vt 1.757175 -0.232715
vt 1.777019 -0.248881
vt 1.761063 -0.252514
vt 1.795103 -0.232715
vt 1.778495 -0.232715
vt -1.602839 1.777019
vt -1.598372 1.761063
vt 1.795103 -0.008715
vt 1.777019 0.007451
vt 1.787883 0.011084
vt 1.757175 -0.008715
vt 1.778495 -0.008715
vt -1.116317 1.675390
vt -1.094419 1.668822
vt -1.106929 1.657958
vt 1.688666 -0.232715
vt 1.668822 -0.248881
vt 1.684778 -0.252514
vt 1.650738 -0.232715
vt 1.667346 -0.232715
vt -1.098885 1.684778
vt 1.650738 -0.008715
vt 1.668822 0.007451
vt 1.657958 0.011084
vt 1.688666 -0.008715
vt 1.667346 -0.008715
vt -1.260460 1.943044
vt -1.253892 1.964942
vt -1.243029 1.952432
vt -1.273737 -0.232715
vt -1.253892 -0.248881
vt -1.269848 -0.252514
vt -1.235808 -0.232715
vt -1.252416 -0.232715
vt -1.253892 1.964942
vt -1.269848 1.960476
vt -1.235808 -0.008715
vt -1.253892 0.007451
vt -1.243028 0.011084
vt -1.273737 -0.008715
vt -1.252416 -0.008715
vt -1.486786 -0.630967
vt -1.495328 -0.652173
vt -1.505003 -0.638722
vt -1.475819 -0.232715
vt -1.495328 -0.248881
vt -1.479031 -0.252514
vt -1.512549 -0.232715
vt -1.497248 -0.232715
vt -1.475819 -0.008715
vt -1.495328 0.007451
vt -1.497248 -0.008715
vt -1.486786 -0.630967
vt -1.495328 -0.652173
vt -1.479031 -0.649184
vt -0.641935 -0.008715
vt -0.652173 0.007451
vt -0.638722 0.011084
vt -1.605861 -0.351258
vt -1.627067 -0.342716
vt -1.613616 -0.333041
vt -0.362225 -0.232715
vt -0.342716 -0.248881
vt -0.359013 -0.252514
vt -0.325495 -0.232715
vt -0.340796 -0.232715
vt -1.605861 -0.351258
vt -1.624078 -0.359013
vt -1.616828 -0.008715
vt -1.627067 0.007451
vt -1.613616 0.011084
vt -0.362225 -0.008715
vt -0.342716 0.007451
vt -0.340796 -0.008715
vt -1.151871 -0.488391
vt -1.130665 -0.496933
vt -1.144116 -0.506608
vt -0.477423 -0.232715
vt -0.496933 -0.248881
vt -0.480636 -0.252514
vt -0.514154 -0.232715
vt -0.498853 -0.232715
vt -1.151871 -0.488391
vt -1.130665 -0.496933
vt -1.133654 -0.480636
vt -1.140904 -0.008715
vt -1.130665 0.007451
vt -1.144116 0.011084
vt -0.477423 -0.008715
vt -0.496933 0.007451
vt -0.498853 -0.008715
vt -1.270946 -0.208682
vt -1.262404 -0.187476
vt -1.252729 -0.200926
vt -1.281913 -0.232715
vt -1.262404 -0.248881
vt -1.278701 -0.252514
vt -1.245183 -0.232715
vt -1.260484 -0.232715
vt -1.262404 -0.187475
vt -1.278701 -0.190465
vt -0.197714 -0.008715
vt -0.187475 0.007451
vt -0.200926 0.011084
vt -1.281913 -0.008715
vt -1.262404 0.007451
vt -1.260484 -0.008715
vt 0.366924 -1.797726
vt 0.375328 -1.818987
vt 0.359051 -1.815892
vt -1.808860 -0.232715
vt -1.818987 -0.248881
vt -1.805599 -0.252514
vt 0.355789 -0.232715
vt 0.375328 -0.248881
vt 0.377217 -0.232715
vt 0.392615 -0.008715
vt 0.375328 0.007451
vt 0.377217 -0.008715
vt 0.385090 -1.805599
vt 0.355789 -0.008715
vt 0.359051 0.011084
vt 0.087992 -1.676841
vt 0.066731 -1.685246
vt 0.069826 -1.668968
vt 0.076858 -0.232715
vt 0.066731 -0.248881
vt 0.080119 -0.252514
vt -1.665707 -0.232715
vt -1.685246 -0.248881
vt -1.687135 -0.232715
vt 0.087992 -1.676841
vt 0.066731 -1.685246
vt 0.080119 -1.695008
vt -1.665707 -0.008715
vt -1.685246 0.007451
vt -1.668968 0.011084
vt -1.702532 -0.008715
vt -1.687135 -0.008715
vt 0.511667 -1.463742
vt 0.532928 -1.455337
vt 0.529833 -1.471615
vt 0.522801 -0.232715
vt 0.532928 -0.248881
vt 0.519540 -0.252514
vt -1.474876 -0.232715
vt -1.455337 -0.248881
vt -1.453449 -0.232715
vt 0.511667 -1.463742
vt 0.519540 -1.445575
vt -1.474876 -0.008715
vt -1.455337 0.007451
vt -1.471615 0.011084
vt -1.438051 -0.008715
vt -1.453449 -0.008715
vt 0.232735 -1.342857
vt 0.224331 -1.321596
vt 0.240608 -1.324691
vt -1.331723 -0.232715
vt -1.321596 -0.248881
vt -1.334984 -0.252514
vt 0.243869 -0.232715
vt 0.224331 -0.248881
vt 0.222442 -0.232715
vt 0.224331 -1.321596
vt 0.214569 -1.334984
vt 0.243869 -0.008715
vt 0.224331 0.007451
vt 0.240608 0.011084
vt 0.207044 -0.008715
vt 0.222442 -0.008715
vt 2.159889 -0.997827
vt 2.157627 -1.020576
vt 2.144573 -1.010373
vt 2.177632 -0.232715
vt 2.157627 -0.248881
vt 2.172435 -0.252514
vt 2.138228 -0.232715
vt 2.157119 -0.232715
vt 2.177632 -0.008715
vt 2.157627 0.007451
vt 2.157119 -0.008715
vt 2.172435 -1.013143
vt 2.138228 -0.008715
vt 2.144573 0.011084
vt 1.967248 -0.762655
vt 1.944498 -0.760394
vt 1.954701 -0.747339
vt -0.780399 -0.232715
vt -0.760394 -0.248881
vt -0.775202 -0.252514
vt -0.740995 -0.232715
vt -0.759886 -0.232715
vt 1.967248 -0.762655
vt 1.944498 -0.760394
vt 1.951932 -0.775202
vt -0.740995 -0.008715
vt -0.760394 0.007451
vt -0.747339 0.011084
vt -0.780399 -0.008715
vt -0.759885 -0.008715
vt 2.441475 -0.767164
vt 2.464225 -0.769426
vt 2.454022 -0.782480
vt -0.749421 -0.232715
vt -0.769426 -0.248881
vt -0.754618 -0.252514
vt -0.788825 -0.232715
vt -0.769934 -0.232715
vt 2.441475 -0.767164
vt 2.464225 -0.769426
vt 2.456792 -0.754618
vt -0.788825 -0.008715
vt -0.769426 0.007451
vt -0.782481 0.011084
vt -0.749421 -0.008715
vt -0.769934 -0.008715
vt 2.248834 -0.531993
vt 2.251096 -0.509243
vt 2.264151 -0.519447
vt 2.231091 -0.232715
vt 2.251096 -0.248881
vt 2.236288 -0.252514
vt 2.270495 -0.232715
vt 2.251604 -0.232715
vt 2.248834 -0.531993
vt 2.251096 -0.509243
vt 2.236288 -0.516677
vt 2.270495 -0.008715
vt 2.251096 0.007451
vt 2.264151 0.011084
vt 2.231091 -0.008715
vt 2.251604 -0.008715
vt 1.629738 1.814427
vt 0.466954 2.145923
vt 2.265439 0.733890
vt 2.058506 -0.502851
vt 2.042763 -0.164427
vt 2.035714 -0.145697
vt 1.105768 -1.317113
vt 1.955546 0.116312
vt 1.955546 -0.485570
vt -1.108158 -0.281715
vt -1.113563 -0.530146
vt -1.050919 -0.013762
vt -1.053117 -0.032892
vt -1.065560 -0.460187
vt -0.724658 1.794168
vt -1.262881 0.717654
vt 0.448857 2.233164
vt 1.010305 1.870419
vt 0.023750 1.857314
vt 1.784302 0.005553
vt 1.732968 0.252930
vt 1.730350 0.272386
vt 1.020226 1.794756
vt 1.922921 0.123089
vt 1.743689 1.105884
vt -0.755161 0.063972
vt 1.855622 0.113027
vt -0.773999 0.065961
vt 0.362232 -1.078901
vt 1.303650 -0.719244
vt -0.606813 -0.678752
vt -0.569113 -0.601673
vt -0.867333 1.275271
vt -1.013618 0.293156
vt -0.850257 0.107237
vt -0.843267 0.126033
vt -0.036907 1.914837
vt -0.782032 0.350000
vt -0.779478 1.264286
vt 0.539585 1.662309
vt -0.231844 1.414388
vt 1.321007 1.292904
vt 0.569368 1.603651
vt 1.454642 -0.326028
vt 1.630759 0.477130
vt 1.436278 0.335311
vt 1.430459 0.354883
vt 1.394300 0.579794
vt 1.394300 -0.311542
vt -0.724458 0.379043
vt -0.719479 0.398481
vt -0.724265 -0.123784
vt -0.670731 0.602576
vt -0.111486 -0.667241
vt -0.795371 0.737632
vt -0.676240 -0.067832
vt 1.437355 0.367367
vt -0.296237 1.443015
vt 1.397914 0.591668
vt 1.398736 0.572722
vt -0.723773 0.754268
vt 0.298223 1.407992
vt -0.228697 1.039456
vt 0.978140 1.311080
vt 0.337400 1.367803
vt 1.291367 0.624168
vt 1.295992 0.604759
vt 1.436695 0.799798
vt 1.257341 0.809352
vt 0.982115 1.255450
vt 1.459324 0.113382
vt 1.403777 0.754969
vt -0.421947 0.627569
vt 1.035438 -0.426988
vt -0.386393 0.832054
vt -0.387861 0.812618
vt 1.405087 0.100540
vt 0.363379 -0.568465
vt -0.242390 -0.244851
vt 0.341172 -0.516550
vt -0.498422 0.392430
vt -0.451295 0.424047
vt 1.131314 0.856456
vt 0.128671 1.131314
vt 1.095641 1.059827
vt 1.097695 1.040246
vt -0.178250 0.736519
vt 0.658357 1.216421
vt 0.171327 1.109562
vt 1.118871 0.941176
vt 0.678962 1.170625
vt 1.103661 -0.066857
vt -0.210380 0.833205
vt -0.205996 0.852730
vt -0.230433 0.189316
vt -0.183406 1.018046
vt 0.100559 -0.183000
vt -0.222339 0.725679
vt -0.206199 0.226046
vt 0.940757 0.600574
vt 0.419369 1.052742
vt 0.975568 1.072532
vt 0.398718 1.276442
vt 0.965594 0.418115
vt 0.599319 1.296232
vt 0.930783 1.276442
vt 1.236371 0.672803
vt 0.956808 1.053329
vt 0.949695 0.622254
vt 1.229257 1.305241
vt 0.675087 1.286038
vt 1.255282 1.082128
vt 1.291250 0.475536
vt 0.656741 1.062337
vt 1.252185 0.655487
vt 1.288152 1.286038
vt 0.995636 0.403307
vt 1.275198 1.061750
vt 1.268084 0.451347
vt 0.988522 1.296819
vt 0.663096 0.871063
vt 0.663096 1.063768
vt 0.658831 1.083867
vt 0.819169 0.773163
vt 0.668445 1.307188
vt 0.821002 1.131095
vt 0.898626 1.063010
vt 1.136419 1.071924
vt 1.131095 1.052140
vt 0.663574 0.906264
vt 1.138733 1.295559
vt 0.999293 1.030407
vt 0.848569 1.051382
vt 1.004428 1.070852
vt 0.999293 1.051382
vt 0.853917 1.143583
vt 1.004641 1.294801
vt 0.841387 0.770375
vt 1.002844 1.052140
vt 0.766292 1.082795
vt 0.770375 1.063011
vt 1.009511 1.010482
vt 0.778014 1.306430
vt 0.333032 0.868155
vt 0.902914 1.072109
vt 0.534991 1.276002
vt 0.515604 0.892354
vt 0.857594 1.276002
vt 0.260807 1.163745
vt 0.884205 1.052960
vt 0.311464 0.876452
vt 1.155991 1.305609
vt 0.258627 1.286461
vt 1.182603 1.082567
vt 0.458074 1.218622
vt 0.276869 1.062778
vt 0.278236 1.178917
vt 0.459441 1.306249
vt 1.214937 1.286461
vt 0.477683 1.082567
vt 0.530298 0.923033
vt 1.202572 1.062139
vt 0.482375 1.194819
vt 0.915280 1.296431
vt 0.062536 0.656744
vt 0.807468 1.053948
vt 0.651791 1.073561
vt 0.656744 1.053948
vt 0.172474 0.804387
vt 0.649211 1.277512
vt -0.197617 0.814735
vt 0.034965 1.054384
vt -0.201964 1.080441
vt -0.197617 1.060646
vt 0.039365 0.648799
vt -0.198279 1.284391
vt -0.096938 0.993031
vt 0.842307 1.061083
vt 0.997483 1.081058
vt 0.993031 1.061083
vt -0.198076 0.839226
vt 0.989950 1.304622
vt 0.163216 0.835040
vt -0.069367 1.060646
vt 0.168277 1.074179
vt 0.163216 1.054384
vt -0.064967 0.994815
vt 0.171962 1.278129
vt 0.046686 0.302775
vt 0.483979 1.047438
vt 0.012537 1.067196
vt 0.505950 1.270783
vt 0.029999 0.486671
vt 0.064148 1.270783
vt 0.283495 1.067197
vt -0.248453 0.230629
vt 0.030665 1.048698
vt 0.045930 0.282537
vt 0.229671 1.291373
vt -0.266671 1.087786
vt -0.303301 0.427901
vt 0.246696 1.068027
vt -0.256086 0.249388
vt 0.430592 1.311132
vt -0.292716 1.291373
vt -0.008162 0.500046
vt -0.272017 0.453522
vt 0.265442 0.044130
vt 0.114718 1.055374
vt 0.270295 1.075064
vt 0.265442 1.055374
vt 0.116551 0.152285
vt 0.267275 1.298951
vt 0.107424 -0.216063
vt -0.216063 1.059359
vt -0.220554 1.079156
vt 0.272138 0.019174
vt -0.213445 1.302936
vt -0.070874 -0.115385
vt -0.070874 1.059618
vt -0.075428 1.079523
vt 0.081683 -0.218306
vt -0.073894 1.283506
vt 0.087145 0.144807
vt -0.087812 1.059359
vt 0.149724 1.075431
vt 0.144807 1.055634
vt -0.073905 -0.085195
vt 0.147424 1.299211
vt 0.650890 -0.011833
vt 0.469685 1.061386
vt -0.047688 1.081180
vt 0.451116 1.285121
vt 0.470696 -0.049515
vt 0.651901 1.304915
vt -0.013660 1.285121
vt 0.723127 -0.307493
vt -0.027887 1.060913
vt 0.674836 -0.033619
vt -0.313224 1.297657
vt 0.727493 1.277390
vt 0.525861 -0.362375
vt 0.708077 -0.336155
vt 0.526872 1.297183
vt -0.371078 1.277390
vt 0.506445 1.073448
vt 0.453624 -0.066715
vt -0.346320 1.054128
vt 0.503937 -0.352052
vt -0.072446 1.304442
vt 0.933428 0.243633
vt 0.092909 1.052969
vt 0.248655 1.072528
vt 0.243633 1.052969
vt 0.822259 0.096852
vt 0.247576 1.296469
vt 1.193543 0.085669
vt 0.960996 1.053527
vt 1.197789 1.081332
vt 1.193543 1.061542
vt 0.955365 0.252442
vt 1.187912 1.305042
vt 1.092860 -0.092625
vt 0.058099 1.062100
vt -0.097007 1.082123
vt -0.092625 1.062100
vt 1.192768 0.062041
vt -0.088682 1.305601
vt 0.832746 0.065339
vt 0.832746 1.053527
vt 0.827584 1.073318
vt 1.059661 -0.093549
vt 0.827115 1.297028
vt 1.188868 -0.252514
vt 2.221282 -0.232715
vt 1.169087 -0.008715
vt 1.492581 0.011084
vt 2.206364 -0.008715
vt 1.512361 -0.232715
vt 2.226145 -0.252514
vt 2.226145 1.513221
vt 1.529884 -0.008715
vt 2.609581 -0.232715
vt 2.623640 1.206390
vt 1.510104 -0.252514
vt 1.206391 0.011084
vt 2.624499 -0.008715
vt 1.186610 -0.232715
vt 2.604719 1.185751
vt 2.241062 0.011084
vt 0.410971 2.524402
vt 2.309423 -0.252514
vt 2.524402 0.011084
vt 2.303624 -0.008715
vt 2.309423 0.011084
vt 0.668383 2.809766
vt 0.405175 -0.232715
vt 0.410973 2.552402
vt 0.668383 0.011084
vt 0.405175 -0.008715
vt 0.410973 0.011084
vt 2.815562 -0.232715
vt 2.594784 0.011084
vt 2.815562 -0.008715
vt 2.809764 0.011084
vt 0.917120 -0.232715
vt 0.653912 0.011084
vt 0.917120 -0.008715
vt 0.911322 0.011084
vt -1.598373 1.761063
vt 1.493409 -0.252514
vt 1.761063 0.011084
vt 1.489521 -0.008715
vt 1.493409 0.011084
vt -1.269848 1.960476
vt -1.594217 -0.232715
vt -1.590328 1.787883
vt -1.590328 0.011084
vt -1.594217 -0.008715
vt 1.952432 -0.252514
vt -1.243028 1.952432
vt 1.684778 0.011084
vt 1.956320 -0.008715
vt 1.952432 0.011084
vt -1.106929 -0.252514
vt -1.106929 0.011084
vt -1.103040 -0.008715
vt -0.638722 -0.252514
vt -1.505003 -0.638722
vt -0.325495 -0.008715
vt -1.278701 -0.190465
vt -1.616828 -0.232715
vt -1.613616 -0.333041
vt -1.278701 0.011084
vt -1.245183 -0.008715
vt -1.133654 -0.480636
vt -0.200926 -0.252514
vt -1.252729 -0.200926
vt -0.480636 0.011084
vt -0.514153 -0.008715
vt -1.479031 -0.649184
vt -1.140904 -0.232715
vt -1.144116 -0.506608
vt 0.080119 -1.695008
vt 0.359051 -0.252514
vt 0.392615 -0.232715
vt 0.359051 -1.815892
vt 0.076858 -0.008715
vt -1.668968 -0.252514
vt 0.069826 -1.668968
vt -1.334984 0.011084
vt 0.240608 -0.252514
vt 0.240608 -1.324691
vt 0.522801 -0.008715
vt 0.385090 -1.805599
vt 0.529833 -1.471615
vt -1.805599 0.011084
vt 1.951931 -0.775202
vt -1.010373 -0.252514
vt -1.010373 0.011084
vt -1.015570 -0.008715
vt 1.954701 -0.252514
vt 1.954702 -0.747339
vt 1.954702 0.011084
vt 1.949504 -0.008715
vt 2.456791 -0.754618
vt -0.519447 -0.252514
vt -0.519447 0.011084
vt -0.514250 -0.008715
vt 2.459219 -0.232715
vt 2.454022 -0.782481
vt 2.172435 0.011084
vt 2.459219 -0.008715
vt 2.454022 0.011084
vt 1.959389 0.097443
vt 1.779755 0.024794
vt 1.394455 0.560736
vt 1.126964 0.875830
vt 0.772689 1.286646
vt 1.008907 1.274703
vt 0.251957 1.276447
vt 2.303624 -0.232715
vt 1.489521 -0.232715
vt -1.103040 -0.232715
vt 1.956320 -0.232715
vt -0.641935 -0.232715
vt -0.197714 -0.232715
vt -1.015570 -0.232715
vt 1.949504 -0.232715
vt -0.514250 -0.232715
vt 0.464439 -0.228986
vt 0.452454 0.048022
vt 1.644109 -0.177948
vt 1.807246 -0.177948
vt 1.584702 1.728048
vt 1.741884 0.096689
vt 1.577331 0.096689
vt 0.719040 -0.150791
vt 2.172593 0.688790
vt 0.704223 0.122585
vt -0.518423 -0.160223
vt 1.975701 0.099273
vt 1.967996 0.113591
vt -0.475761 0.113591
vt 1.092128 -0.201829
vt 1.035120 -1.245536
vt 1.050989 0.073917
vt -0.146980 -1.327893
vt -0.163250 -0.256143
vt -0.158008 -1.235512
vt -0.146080 0.022127
vt -0.518423 -0.297749
vt -0.475761 -0.017547
vt -1.341706 0.702852
vt 0.719040 -0.307181
vt 0.704223 -0.026541
vt 1.807246 -0.280024
vt -0.715231 -0.280024
vt -0.657644 1.746887
vt -0.672422 -0.000645
vt 1.741884 -0.000645
vt -0.022922 0.071058
vt 0.007916 0.327937
vt 1.026430 0.030557
vt 1.008798 0.289306
vt 1.784302 1.162803
vt 1.150658 0.009007
vt 1.121518 0.268751
vt 0.106954 0.016491
vt 0.126024 0.275890
vt 1.361302 -0.762229
vt -0.774782 0.049508
vt -0.762229 0.045233
vt 1.351304 0.049508
vt 1.318666 0.307382
vt -0.714985 0.307382
vt 0.346512 0.092609
vt 0.346047 -1.001501
vt 0.360286 0.348492
vt -0.620831 0.125626
vt -0.670893 0.125626
vt -0.615894 0.379983
vt -0.562376 0.379983
vt -1.092406 0.250983
vt 0.266123 0.133110
vt 0.277840 0.387122
vt 1.290628 0.111560
vt -0.861962 0.111560
vt -0.860702 0.127983
vt -0.799467 0.351950
vt -0.792368 0.366567
vt -0.779478 0.369256
vt 1.255023 0.366567
vt 1.455237 0.367530
vt 1.455173 0.351055
vt 1.443015 0.347775
vt -0.285463 0.351055
vt -0.247271 0.587898
vt 1.410745 0.587898
vt 1.416619 0.572886
vt 0.555638 0.327606
vt 0.555221 0.565525
vt 1.334868 0.315128
vt 1.284535 0.315128
vt 1.304967 1.233500
vt 1.247940 0.553620
vt 1.298683 0.553620
vt 1.682391 0.507648
vt 0.492400 0.319462
vt 0.492165 0.557755
vt -0.340993 0.338578
vt 1.448829 0.338578
vt 1.449026 0.355056
vt 1.413021 0.560909
vt 1.407413 0.575994
vt -0.302973 0.575994
vt 0.744327 -0.818038
vt 0.730236 0.363532
vt 0.706234 -0.763489
vt 0.721805 0.599803
vt -0.116191 -0.738166
vt -0.131924 0.382649
vt -0.100780 0.618041
vt -0.111093 0.386982
vt -0.083626 0.622176
vt 0.753832 0.374505
vt 0.741598 0.610271
vt -0.284918 1.045189
vt 1.059912 0.611058
vt -0.278357 0.611058
vt -0.242294 0.827848
vt 1.031431 0.827848
vt 0.312708 0.609379
vt 0.321830 0.826245
vt 0.993776 0.608486
vt 0.971853 0.825393
vt 0.786772 0.608796
vt 0.770741 0.825689
vt 0.097320 0.610165
vt 0.112716 0.826995
vt -0.438792 0.628445
vt -0.438566 0.611951
vt -0.426988 0.608179
vt 1.024252 0.611951
vt 0.985431 -0.401622
vt 1.000939 0.828700
vt -0.398743 0.828700
vt -0.404707 0.813494
vt 0.347364 0.613320
vt 0.354905 0.830007
vt -0.255738 0.613630
vt -0.235834 0.613630
vt -0.226236 -0.190468
vt -0.205251 0.830303
vt -0.220705 0.830303
vt 0.407923 0.612737
vt 0.409162 0.829450
vt 0.741582 0.851112
vt 0.724864 1.047749
vt 0.140324 0.860451
vt 0.155708 1.056665
vt 0.674378 0.865420
vt 0.665609 1.061410
vt 1.131752 0.863694
vt 0.931530 0.863694
vt 1.107126 0.891135
vt 0.906221 1.059762
vt 1.102298 1.059762
vt 1.294736 0.434370
vt 0.418671 0.856081
vt 1.255478 0.401870
vt 0.416557 1.052493
vt -0.081292 0.846143
vt 1.096439 0.846143
vt 1.054601 -0.068239
vt 1.068583 1.043004
vt -0.060795 1.043004
vt 0.635052 -0.327975
vt 0.620275 0.838529
vt 0.598488 -0.299222
vt 0.613953 1.035735
vt 0.108178 -0.226804
vt 0.092746 0.836804
vt -0.222277 0.836804
vt -0.223238 0.853276
vt -0.200648 1.018591
vt -0.195404 1.034088
vt -0.183000 1.037669
vt 0.110282 1.034088
vt 0.202670 0.841773
vt 0.210325 1.038832
vt 0.619970 1.072532
vt 0.455936 1.082128
vt 0.474282 1.305828
vt 0.813820 1.063768
vt 0.846735 1.306430
vt 0.878701 1.307188
vt 1.038045 1.294801
vt 0.826351 1.295559
vt 0.514236 1.052320
vt 0.313645 1.072109
vt 0.334399 1.295791
vt 0.831959 1.297923
vt 0.066935 1.297487
vt -0.092538 1.304622
vt 0.811655 1.304185
vt 0.007102 1.291802
vt 0.305466 1.290542
vt 0.447618 1.087786
vt -0.287281 1.066768
vt -0.233189 1.309872
vt 0.088977 1.299211
vt 0.016556 1.055634
vt 0.046747 1.298951
vt -0.112768 1.303195
vt 0.079850 1.059618
vt 0.109256 1.302936
vt 0.670470 1.081179
vt -0.327451 1.073448
vt 0.707066 1.053655
vt 0.069282 1.297028
vt 0.927797 1.296469
vt 1.065292 1.061542
vt 1.087230 1.305601
vt 0.089612 1.305042
vt 2.604719 -0.252514
vt 2.589801 0.011084
vt 0.625912 -0.252514
vt 2.552402 -0.252514
vt 2.566784 -0.252514
vt 0.696383 -0.252514
vt -1.454229 -0.252514
vt -1.427409 0.011084
vt 1.787883 -0.252514
vt 1.657958 -0.252514
vt -1.243029 -0.252514
vt -1.269848 0.011084
vt -0.652173 -0.248881
vt -1.479031 0.011084
vt -1.512549 -0.008715
vt -1.613616 -0.252514
vt -1.627067 -0.248881
vt -0.359013 0.011084
vt -1.144116 -0.252514
vt -1.130665 -0.248881
vt -0.187476 -0.248881
vt -1.808860 -0.008715
vt -1.818987 0.007451
vt -1.702532 -0.232715
vt 0.080119 0.011084
vt 0.066731 0.007451
vt -1.438051 -0.232715
vt -1.471615 -0.252514
vt 0.519540 0.011084
vt 0.532928 0.007451
vt 0.207044 -0.232715
vt -1.331723 -0.008715
vt -1.321596 0.007451
vt 2.144573 -0.252514
vt -0.747339 -0.252514
vt -0.775202 0.011084
vt -0.782480 -0.252514
vt -0.754618 0.011084
vt 2.264151 -0.252514
vt 2.236288 0.011084
vt -1.113563 -0.300984
vt -0.667241 0.621460
vt 1.255450 0.828795
vt 0.663310 1.287717
vt 1.142816 1.275775
vt 0.653663 1.297487
vt -0.193218 1.304185
vt 0.994904 1.285008
vt 0.167615 1.297923
vt 0.271829 1.279046
vt -0.218362 1.283139
vt -0.069041 1.303195
vt 0.151915 1.279413
vt 1.193074 1.285251
vt -0.093705 1.286041
vt 0.822869 1.277237
vt 0.410973 -0.252514
vt 2.809764 -0.252514
vt 0.911322 -0.252514
vt -1.590329 -0.252514
vt 2.454022 -0.252514
s 1
f 1/1/1 5/2/2 7/3/3
f 6/4/4 4/5/5 2/6/6
f 7/7/7 6/4/4 3/8/8
f 8/9/9 12/10/10 14/11/11
f 13/12/12 11/13/13 9/14/14
f 14/15/15 13/12/12 10/16/16
f 15/17/17 19/18/18 21/19/19
f 20/20/20 18/21/21 16/22/22
f 21/23/23 20/24/20 17/25/24
f 22/26/25 26/27/26 28/28/27
f 27/29/28 25/30/29 23/31/30
f 28/32/31 27/33/28 24/34/32
f 29/35/33 33/36/34 35/37/35
f 34/38/36 32/39/37 30/40/38
f 35/41/39 34/38/36 31/42/40
f 36/43/41 40/44/42 42/45/43
f 41/46/44 39/47/45 37/48/46
f 42/49/47 41/46/44 38/50/48
f 43/51/49 47/52/50 49/53/51
f 48/54/52 46/55/53 44/56/54
f 49/57/55 48/54/52 45/58/56
f 50/59/57 54/60/58 56/61/59
f 55/62/60 53/63/61 51/64/62
f 56/65/63 55/62/60 52/66/64
f 57/67/65 61/68/66 63/69/67
f 62/70/68 60/71/69 58/72/70
f 63/73/71 62/70/68 59/74/72
f 64/75/73 68/76/74 70/77/75
f 69/78/76 67/79/77 65/80/78
f 70/81/79 69/78/76 66/82/80
f 71/83/81 75/84/82 77/85/83
f 76/86/84 74/87/85 72/88/86
f 77/89/87 76/86/84 73/90/88
f 78/91/89 82/92/90 84/93/91
f 83/94/92 81/95/93 79/96/94
f 84/97/95 83/94/92 80/98/96
f 85/99/97 89/100/98 91/101/99
f 90/102/100 88/103/101 86/104/102
f 91/105/103 90/102/100 87/106/104
f 92/107/105 96/108/106 98/109/107
f 97/110/108 95/111/109 93/112/110
f 98/113/111 97/110/108 94/114/112
f 99/115/113 103/116/114 105/117/115
f 104/118/116 102/119/117 100/120/118
f 105/121/119 104/118/116 101/122/120
f 106/123/121 110/124/122 112/125/123
f 111/126/124 109/127/125 107/128/126
f 112/129/127 111/126/124 108/130/128
f 113/131/129 117/132/130 119/133/131
f 118/134/132 116/135/133 114/136/134
f 119/137/135 118/138/132 115/139/136
f 120/140/137 124/141/138 126/142/139
f 125/143/140 123/144/141 121/145/142
f 126/146/143 125/147/140 122/148/144
f 127/149/145 131/150/146 133/151/147
f 132/152/148 130/153/149 128/154/150
f 133/155/151 132/152/148 129/156/152
f 134/157/153 138/158/154 140/159/155
f 139/160/156 137/161/157 135/162/158
f 140/163/159 139/160/156 136/164/160
f 141/165/161 145/166/162 147/167/163
f 146/168/164 144/169/165 142/170/166
f 147/171/167 146/168/164 143/172/168
f 148/173/169 152/174/170 154/175/171
f 153/176/172 151/177/173 149/178/174
f 154/179/175 153/176/172 150/180/176
f 155/181/177 159/182/178 161/183/179
f 160/184/180 158/185/181 156/186/182
f 161/187/183 160/184/180 157/188/184
f 162/189/185 166/190/186 168/191/187
f 167/192/188 165/193/189 163/194/190
f 168/195/191 167/192/188 164/196/192
f 169/197/193 173/198/194 175/199/195
f 174/200/196 172/201/197 170/202/198
f 175/203/199 174/200/196 171/204/200
f 176/205/201 180/206/202 182/207/203
f 181/208/204 179/209/205 177/210/206
f 182/211/207 181/208/204 178/212/208
f 183/213/209 187/214/210 189/215/211
f 188/216/212 186/217/213 184/218/214
f 189/219/215 188/216/212 185/220/216
f 190/221/217 194/222/218 196/223/219
f 195/224/220 193/225/221 191/226/222
f 196/227/223 195/228/220 192/229/224
f 197/230/225 201/231/226 203/232/227
f 202/233/228 200/234/229 198/235/230
f 203/236/231 202/233/228 199/237/232
f 204/238/233 208/239/234 210/240/235
f 209/241/236 207/242/237 205/243/238
f 210/244/239 209/241/236 206/245/240
f 211/246/241 215/247/242 217/248/243
f 216/249/244 214/250/245 212/251/246
f 217/252/247 216/253/244 213/254/248
f 218/255/249 222/256/250 224/257/251
f 223/258/252 221/259/253 219/260/254
f 224/261/255 223/262/252 220/263/256
f 225/264/257 229/265/258 231/266/259
f 230/267/260 228/268/261 226/269/262
f 231/270/263 230/267/260 227/271/264
f 232/272/265 236/273/266 238/274/267
f 237/275/268 235/276/269 233/277/270
f 238/278/271 237/275/268 234/279/272
f 239/280/273 243/281/274 245/282/275
f 244/283/276 242/284/277 240/285/278
f 245/286/279 244/283/276 241/287/280
f 246/288/281 250/289/282 252/290/283
f 251/291/284 249/292/285 247/293/286
f 252/294/287 251/291/284 248/295/288
f 253/296/289 257/297/290 259/298/291
f 258/299/292 256/300/293 254/301/294
f 259/302/295 258/299/292 255/303/296
f 260/304/297 264/305/298 266/306/299
f 265/307/300 263/308/301 261/309/302
f 266/310/303 265/307/300 262/311/304
f 267/312/305 271/313/306 273/314/307
f 272/315/308 270/316/309 268/317/310
f 273/318/311 272/315/308 269/319/312
f 274/320/313 278/321/314 280/322/315
f 279/323/316 277/324/317 275/325/318
f 280/326/319 279/323/316 276/327/320
f 281/328/321 285/329/322 287/330/323
f 286/331/324 284/332/325 282/333/326
f 287/334/327 286/335/324 283/336/328
f 288/337/329 292/338/330 294/339/331
f 293/340/332 291/341/333 289/342/334
f 294/343/335 293/344/332 290/345/336
f 295/346/337 299/347/338 301/348/339
f 300/349/340 298/350/341 296/351/342
f 301/352/343 300/349/340 297/353/344
f 302/354/345 306/355/346 308/356/347
f 307/357/348 305/358/349 303/359/350
f 308/360/351 307/357/348 304/361/352
f 309/362/353 313/363/354 315/364/355
f 314/365/356 312/366/357 310/367/358
f 315/368/359 314/365/356 311/369/360
f 316/370/361 320/371/362 322/372/363
f 321/373/364 319/374/365 317/375/366
f 322/376/367 321/373/364 318/377/368
f 323/378/369 327/379/370 329/380/371
f 328/381/372 326/382/373 324/383/374
f 329/384/375 328/381/372 325/385/376
f 330/386/377 334/387/378 336/388/379
f 335/389/380 333/390/381 331/391/382
f 336/392/383 335/389/380 332/393/384
f 337/394/385 341/395/386 343/396/387
f 342/397/388 340/398/389 338/399/390
f 343/400/391 342/397/388 339/401/392
f 344/402/393 348/403/394 350/404/395
f 349/405/396 347/406/397 345/407/398
f 350/408/399 349/405/396 346/409/400
f 351/410/401 355/411/402 357/412/403
f 356/413/404 354/414/405 352/415/406
f 357/416/407 356/413/404 353/417/408
f 358/418/409 362/419/410 364/420/411
f 363/421/412 361/422/413 359/423/414
f 364/424/415 363/421/412 360/425/416
f 365/426/417 369/427/418 371/428/419
f 370/429/420 368/430/421 366/431/422
f 371/432/423 370/429/420 367/433/424
f 372/434/425 376/435/426 378/436/427
f 377/437/428 375/438/429 373/439/430
f 378/440/431 377/437/428 374/441/432
f 379/442/433 383/443/434 385/444/435
f 384/445/436 382/446/437 380/447/438
f 385/448/439 384/449/436 381/450/440
f 386/451/441 390/452/442 392/453/443
f 391/454/444 389/455/445 387/456/446
f 392/457/447 391/458/444 388/459/448
f 393/460/449 397/461/450 399/462/451
f 398/463/452 396/464/453 394/465/454
f 399/466/455 398/463/452 395/467/456
f 400/468/457 404/469/458 406/470/459
f 405/471/460 403/472/461 401/473/462
f 406/474/463 405/471/460 402/475/464
f 407/476/465 411/477/466 413/478/467
f 412/479/468 410/480/469 408/481/470
f 413/482/471 412/479/468 409/483/472
f 414/484/473 418/485/474 420/486/475
f 419/487/476 417/488/477 415/489/478
f 420/490/479 419/487/476 416/491/480
f 421/492/481 425/493/482 427/494/483
f 426/495/484 424/496/485 422/497/486
f 427/498/487 426/495/484 423/499/488
f 428/500/489 432/501/490 434/502/491
f 433/503/492 431/504/493 429/505/494
f 434/506/495 433/503/492 430/507/496
f 435/508/497 439/509/498 441/510/499
f 440/511/500 438/512/501 436/513/502
f 441/514/503 440/511/500 437/515/504
f 442/516/505 446/517/506 448/518/507
f 447/519/508 445/520/509 443/521/510
f 448/522/511 447/519/508 444/523/512
f 449/524/513 453/525/514 455/526/515
f 454/527/516 452/528/517 450/529/518
f 455/530/519 454/527/516 451/531/520
f 456/532/521 460/533/522 462/534/523
f 461/535/524 459/536/525 457/537/526
f 462/538/527 461/535/524 458/539/528
f 463/540/529 467/541/530 469/542/531
f 468/543/532 466/544/533 464/545/534
f 469/546/535 468/543/532 465/547/536
f 470/548/537 474/549/538 476/550/539
f 475/551/540 473/552/541 471/553/542
f 476/554/543 475/551/540 472/555/544
f 477/556/545 481/557/546 483/558/547
f 482/559/548 480/560/549 478/561/550
f 483/562/551 482/563/548 479/564/552
f 484/565/553 488/566/554 490/567/555
f 489/568/556 487/569/557 485/570/558
f 490/571/559 489/572/556 486/573/560
f 491/574/561 495/575/562 497/576/563
f 496/577/564 494/578/565 492/579/566
f 497/580/567 496/577/564 493/581/568
f 498/582/569 502/583/570 504/584/571
f 503/585/572 501/586/573 499/587/574
f 504/588/575 503/585/572 500/589/576
f 505/590/577 509/591/578 511/592/579
f 510/593/580 508/594/581 506/595/582
f 511/596/583 510/593/580 507/597/584
f 512/598/585 516/599/586 518/600/587
f 517/601/588 515/602/589 513/603/590
f 518/604/591 517/601/588 514/605/592
f 519/606/593 523/607/594 525/608/595
f 524/609/596 522/610/597 520/611/598
f 525/612/599 524/609/596 521/613/600
f 526/614/601 530/615/602 532/616/603
f 531/617/604 529/618/605 527/619/606
f 532/620/607 531/617/604 528/621/608
f 533/622/609 537/623/610 539/624/611
f 538/625/612 536/626/613 534/627/614
f 539/628/615 538/625/612 535/629/616
f 540/630/617 544/631/618 546/632/619
f 545/633/620 543/634/621 541/635/622
f 546/636/623 545/633/620 542/637/624
f 547/638/625 551/639/626 553/640/627
f 552/641/628 550/642/629 548/643/630
f 553/644/631 552/645/628 549/646/632
f 554/647/633 558/648/634 560/649/635
f 559/650/636 557/651/637 555/652/638
f 560/653/639 559/654/636 556/655/640
f 561/656/641 565/657/642 567/658/643
f 566/659/644 564/660/645 562/661/646
f 567/662/647 566/659/644 563/663/648
f 568/664/649 572/665/650 574/666/651
f 573/667/652 571/668/653 569/669/654
f 574/670/655 573/667/652 570/671/656
f 575/672/657 579/673/658 581/674/659
f 580/675/660 578/676/661 576/677/662
f 581/678/663 580/679/660 577/680/664
f 582/681/665 586/682/666 588/683/667
f 587/684/668 585/685/669 583/686/670
f 588/687/671 587/688/668 584/689/672
f 589/690/673 593/691/674 595/692/675
f 594/693/676 592/694/677 590/695/678
f 595/696/679 594/693/676 591/697/680
f 596/698/681 600/699/682 602/700/683
f 601/701/684 599/702/685 597/703/686
f 602/704/687 601/701/684 598/705/688
f 603/706/689 607/707/690 609/708/691
f 608/709/692 606/710/693 604/711/694
f 609/712/695 608/709/692 605/713/696
f 610/714/697 614/715/698 616/716/699
f 615/717/700 613/718/701 611/719/702
f 616/720/703 615/717/700 612/721/704
f 617/722/705 621/723/706 623/724/707
f 622/725/708 620/726/709 618/727/710
f 623/728/711 622/725/708 619/729/712
f 624/730/713 628/731/714 630/732/715
f 629/733/716 627/734/717 625/735/718
f 630/736/719 629/733/716 626/737/720
f 631/738/721 635/739/722 637/740/723
f 632/741/724 635/742/725 634/743/726
f 633/744/727 635/745/728 636/746/729
f 638/747/730 642/748/731 644/749/732
f 639/750/733 642/751/734 641/752/735
f 640/753/736 642/754/737 643/755/738
f 645/756/739 649/757/740 651/758/741
f 646/759/742 649/760/743 648/761/744
f 647/762/745 649/763/746 650/764/747
f 652/765/748 656/766/749 658/767/750
f 653/768/751 656/769/752 655/770/753
f 654/771/754 656/772/755 657/773/756
f 659/774/757 663/775/758 665/776/759
f 660/777/760 663/778/761 662/779/762
f 661/780/763 663/781/764 664/782/765
f 666/783/766 670/784/767 672/785/768
f 667/786/769 670/787/770 669/788/771
f 668/789/772 670/790/773 671/791/774
f 673/792/775 677/793/776 679/794/777
f 674/795/778 677/796/779 676/797/780
f 675/798/781 677/799/782 678/800/783
f 680/801/784 684/802/785 686/803/786
f 681/804/787 684/805/788 683/806/789
f 682/807/790 684/808/791 685/809/792
f 687/810/793 691/811/794 693/812/795
f 688/813/796 691/814/797 690/815/798
f 689/816/799 691/814/800 692/817/801
f 694/818/802 698/819/803 700/820/804
f 695/821/805 698/822/806 697/823/807
f 696/824/808 698/819/809 699/825/810
f 701/826/811 705/827/812 707/828/813
f 702/829/814 705/830/815 704/831/816
f 703/832/817 705/830/818 706/833/819
f 708/834/820 712/835/821 714/836/822
f 709/837/823 712/838/824 711/839/825
f 710/840/826 712/838/827 713/841/828
f 715/842/829 719/843/830 721/844/831
f 716/845/832 719/846/833 718/847/834
f 717/848/835 719/846/836 720/849/837
f 722/850/838 726/851/839 728/852/840
f 723/853/841 726/854/842 725/855/843
f 724/856/844 726/854/845 727/857/846
f 729/858/847 733/859/848 735/860/849
f 730/861/850 733/862/851 732/863/852
f 731/864/853 733/862/854 734/865/855
f 736/866/856 740/867/857 742/868/858
f 737/869/859 740/870/860 739/871/861
f 738/872/862 740/870/863 741/873/864
f 743/874/865 747/875/866 749/876/867
f 744/877/868 747/878/869 746/879/870
f 745/880/871 747/881/872 748/882/873
f 750/883/874 754/884/875 756/885/876
f 751/886/877 754/887/878 753/888/879
f 752/889/880 754/890/881 755/891/882
f 757/892/883 761/893/884 763/894/885
f 758/895/886 761/896/887 760/897/888
f 759/898/889 761/899/890 762/900/891
f 764/901/892 768/902/893 770/903/894
f 765/904/895 768/905/896 767/906/897
f 766/907/898 768/908/899 769/909/900
f 771/910/901 775/911/902 777/912/903
f 772/913/904 775/914/905 774/915/906
f 773/916/907 775/917/908 776/918/909
f 778/919/910 782/920/911 784/921/912
f 779/922/913 782/923/914 781/924/915
f 780/925/916 782/926/917 783/927/918
f 785/928/919 789/929/920 791/930/921
f 786/931/922 789/932/923 788/933/924
f 787/934/925 789/935/926 790/936/927
f 792/937/928 796/938/929 798/939/930
f 793/940/931 796/941/932 795/942/933
f 794/943/934 796/944/935 797/945/936
f 799/946/937 803/947/938 805/948/939
f 800/949/940 803/950/941 802/951/942
f 801/952/943 803/950/944 804/953/945
f 806/954/946 810/955/947 812/956/948
f 807/957/949 810/958/950 809/959/951
f 808/960/952 810/955/953 811/961/954
f 813/962/955 817/963/956 819/964/957
f 814/965/958 817/966/959 816/967/960
f 815/968/961 817/966/962 818/969/963
f 820/970/964 824/971/965 826/972/966
f 821/973/967 824/974/968 823/975/969
f 822/976/970 824/974/971 825/977/972
f 827/978/973 831/979/974 833/980/975
f 828/981/976 831/982/977 830/983/978
f 829/984/979 831/982/980 832/985/981
f 834/986/982 838/987/983 840/988/984
f 835/989/985 838/990/986 837/991/987
f 836/992/988 838/990/989 839/993/990
f 841/994/991 845/995/992 847/996/993
f 842/997/994 845/998/995 844/999/996
f 843/1000/997 845/998/998 846/1001/999
f 848/1002/1000 852/1003/1001 854/1004/1002
f 849/1005/1003 852/1006/1004 851/1007/1005
f 850/1008/1006 852/1006/1007 853/1009/1008
f 855/1010/1009 859/1011/1010 861/1012/1011
f 856/1013/1012 859/1014/1013 858/1015/1014
f 857/1016/1015 859/1017/1016 860/1018/1017
f 862/1019/1018 866/1020/1019 868/1021/1020
f 863/1022/1021 866/1023/1022 865/1024/1023
f 864/1025/1024 866/1026/1025 867/1027/1026
f 869/1028/1027 873/1029/1028 875/1030/1029
f 870/1031/1030 873/1032/1031 872/1033/1032
f 871/1034/1033 873/1035/1034 874/1036/1035
f 876/1037/1036 880/1038/1037 882/1039/1038
f 877/1040/1039 880/1041/1040 879/1042/1041
f 878/1043/1042 880/1044/1043 881/1045/1044
f 883/1046/1045 887/1047/1046 889/1048/1047
f 884/1049/1048 887/1050/1049 886/1051/1050
f 885/1052/1051 887/1053/1052 888/1054/1053
f 890/1055/1054 894/1056/1055 896/1057/1056
f 891/1058/1057 894/1059/1058 893/1060/1059
f 892/1061/1060 894/1062/1061 895/1063/1062
f 897/1064/1063 901/1065/1064 903/1066/1065
f 898/1067/1066 901/1068/1067 900/1069/1068
f 899/1070/1069 901/1071/1070 902/1072/1071
f 904/1073/1072 908/1074/1073 910/1075/1074
f 905/1076/1075 908/1077/1076 907/1078/1077
f 906/1079/1078 908/1080/1079 909/1081/1080
f 911/1082/1081 915/1083/1082 917/1084/1083
f 912/1085/1084 915/1086/1085 914/1087/1086
f 913/1088/1087 915/1086/1088 916/1089/1089
f 918/1090/1090 922/1091/1091 924/1092/1092
f 919/1093/1093 922/1094/1094 921/1095/1095
f 920/1096/1096 922/1091/1097 923/1097/1098
f 925/1098/1099 929/1099/1100 931/1100/1101
f 926/1101/1102 929/1102/1103 928/1103/1104
f 927/1104/1105 929/1102/1106 930/1105/1107
f 932/1106/1108 936/1107/1109 938/1108/1110
f 933/1109/1111 936/1110/1112 935/1111/1113
f 934/1112/1114 936/1110/1115 937/1113/1116
f 939/1114/1117 943/1115/1118 945/1116/1119
f 940/1117/1120 943/1118/1121 942/1119/1122
f 941/1120/1123 943/1118/1124 944/1121/1125
f 946/1122/1126 950/1123/1127 952/1124/1128
f 947/1125/1129 950/1126/1130 949/1127/1131
f 948/1128/1132 950/1126/1133 951/1129/1134
f 953/1130/1135 957/1131/1136 959/1132/1137
f 954/1133/1138 957/1134/1139 956/1135/1140
f 955/1136/1141 957/1134/1142 958/1137/1143
f 960/1138/1144 964/1139/1145 966/1140/1146
f 961/1141/1147 964/1142/1148 963/1143/1149
f 962/1144/1150 964/1142/1151 965/1145/1152
f 967/1146/1153 971/1147/1154 973/1148/1155
f 968/1149/1156 971/1150/1157 970/1151/1158
f 969/1152/1159 971/1153/1160 972/1154/1161
f 974/1155/1162 978/1156/1163 980/1157/1164
f 975/1158/1165 978/1159/1166 977/1160/1167
f 976/1161/1168 978/1162/1169 979/1163/1170
f 981/1164/1171 985/1165/1172 987/1166/1173
f 982/1167/1174 985/1168/1175 984/1169/1176
f 983/1170/1177 985/1171/1178 986/1172/1179
f 988/1173/1180 992/1174/1181 994/1175/1182
f 989/1176/1183 992/1177/1184 991/1178/1185
f 990/1179/1186 992/1180/1187 993/1181/1188
f 995/1182/1189 999/1183/1190 1001/1184/1191
f 996/1185/1192 999/1186/1193 998/1187/1194
f 997/1188/1195 999/1189/1196 1000/1190/1197
f 1002/1191/1198 1006/1192/1199 1008/1193/1200
f 1003/1194/1201 1006/1195/1202 1005/1196/1203
f 1004/1197/1204 1006/1198/1205 1007/1199/1206
f 1009/1200/1207 1013/1201/1208 1015/1202/1209
f 1010/1203/1210 1013/1204/1211 1012/1205/1212
f 1011/1206/1213 1013/1207/1214 1014/1208/1215
f 1016/1209/1216 1020/1210/1217 1022/1211/1218
f 1017/1212/1219 1020/1213/1220 1019/1214/1221
f 1018/1215/1222 1020/1216/1223 1021/1217/1224
f 1023/1218/1225 1027/1219/1226 1029/1220/1227
f 1024/1221/1228 1027/1222/1229 1026/1223/1230
f 1025/1224/1231 1027/1222/1232 1028/1225/1233
f 1030/1226/1234 1034/1227/1235 1036/1228/1236
f 1031/1229/1237 1034/1230/1238 1033/1231/1239
f 1032/1232/1240 1034/1227/1241 1035/1233/1242
f 1037/1234/1243 1041/1235/1244 1043/1236/1245
f 1038/1237/1246 1041/1238/1247 1040/1239/1248
f 1039/1240/1249 1041/1238/1250 1042/1241/1251
f 1044/1242/1252 1048/1243/1253 1050/1244/1254
f 1045/1245/1255 1048/1246/1256 1047/1247/1257
f 1046/1248/1258 1048/1246/1259 1049/1249/1260
f 1051/1250/1261 1055/1251/1262 1057/1252/1263
f 1052/1253/1264 1055/1254/1265 1054/1255/1266
f 1053/1256/1267 1055/1254/1268 1056/1257/1269
f 1058/1258/1270 1062/1259/1271 1064/1260/1272
f 1059/1261/1273 1062/1262/1274 1061/1263/1275
f 1060/1264/1276 1062/1262/1277 1063/1265/1278
f 1065/1266/1279 1069/1267/1280 1071/1268/1281
f 1066/1269/1282 1069/1270/1283 1068/1271/1284
f 1067/1272/1285 1069/1270/1286 1070/1273/1287
f 1072/1274/1288 1076/1275/1289 1078/1276/1290
f 1073/1277/1291 1076/1278/1292 1075/1279/1293
f 1074/1280/1294 1076/1278/1295 1077/1281/1296
f 1079/1282/1297 1083/1283/1298 1085/1284/1299
f 1080/1285/1300 1083/1286/1301 1082/1287/1302
f 1081/1288/1303 1083/1289/1304 1084/1290/1305
f 1086/1291/1306 1090/1292/1307 1092/1293/1308
f 1087/1282/1309 1090/1283/1310 1089/1294/1311
f 1088/1295/1312 1090/1296/1313 1091/1297/1314
f 1093/1298/1315 1097/1299/1316 1099/1300/1317
f 1094/1301/1318 1097/1302/1319 1096/1303/1320
f 1095/1304/1321 1097/1305/1322 1098/1306/1323
f 1100/1307/1324 1104/1308/1325 1106/1309/1326
f 1101/1310/1327 1104/1311/1328 1103/1312/1329
f 1102/1313/1330 1104/1314/1331 1105/1315/1332
f 1107/1316/1333 1111/1317/1334 1113/1318/1335
f 1108/1319/1336 1111/1320/1337 1110/1321/1338
f 1109/1322/1339 1111/1323/1340 1112/1324/1341
f 1114/1316/1342 1118/1325/1343 1120/1326/1344
f 1115/1327/1345 1118/1328/1346 1117/1329/1347
f 1116/1330/1348 1118/1331/1349 1119/1332/1350
f 1121/1333/1351 1125/1334/1352 1127/1335/1353
f 1122/1336/1354 1125/1337/1355 1124/1338/1356
f 1123/1339/1357 1125/1340/1358 1126/1341/1359
f 1128/1333/1360 1132/1334/1361 1134/1342/1362
f 1129/1343/1363 1132/1344/1364 1131/1345/1365
f 1130/1346/1366 1132/1347/1367 1133/1348/1368
f 1135/1349/1369 1139/1350/1370 1141/1351/1371
f 1136/1352/1372 1139/1353/1373 1138/1354/1374
f 1137/1355/1375 1139/1353/1376 1140/1356/1377
f 1142/1357/1378 1146/1358/1379 1148/1359/1380
f 1143/1349/1381 1146/1360/1382 1145/1361/1383
f 1144/1362/1384 1146/1358/1385 1147/1363/1386
f 1149/1364/1387 1153/1365/1388 1155/1366/1389
f 1150/1367/1390 1153/1368/1391 1152/1369/1392
f 1151/1370/1393 1153/1368/1394 1154/1371/1395
f 1156/1364/1396 1160/1372/1397 1162/1373/1398
f 1157/1374/1399 1160/1375/1400 1159/1376/1401
f 1158/1377/1402 1160/1375/1403 1161/1378/1404
f 1163/1379/1405 1167/1380/1406 1169/1381/1407
f 1164/1382/1408 1167/1383/1409 1166/1384/1410
f 1165/1385/1411 1167/1383/1412 1168/1386/1413
f 1170/1379/1414 1174/1387/1415 1176/1388/1416
f 1171/1389/1417 1174/1390/1418 1173/1391/1419
f 1172/1392/1420 1174/1390/1421 1175/1393/1422
f 1177/1394/1423 1181/1395/1424 1183/1396/1425
f 1178/1397/1426 1181/1398/1427 1180/1399/1428
f 1179/1400/1429 1181/1398/1430 1182/1401/1431
f 1184/1394/1432 1188/1402/1433 1190/1403/1434
f 1185/1404/1435 1188/1405/1436 1187/1406/1437
f 1186/1407/1438 1188/1405/1439 1189/1408/1440
f 1191/1409/1441 1195/1410/1442 1197/1411/1443
f 1192/1412/1444 1195/1413/1445 1194/1414/1446
f 1193/1415/1447 1195/1413/1448 1196/1416/1449
f 1198/1417/1450 1202/1418/1451 1204/1419/1452
f 1199/1409/1453 1202/1410/1454 1201/1420/1455
f 1200/1421/1456 1202/1418/1457 1203/1422/1458
f 1205/1423/1459 1209/1424/1460 1211/1425/1461
f 1206/1426/1462 1209/1427/1463 1208/1428/1464
f 1207/1429/1465 1209/1427/1466 1210/1430/1467
f 1212/1423/1468 1216/1431/1469 1218/1432/1470
f 1213/1433/1471 1216/1434/1472 1215/1435/1473
f 1214/1436/1474 1216/1434/1475 1217/1437/1476
f 1219/1438/1477 1223/1439/1478 1225/1440/1479
f 1220/1441/1480 1223/1442/1481 1222/1443/1482
f 1221/1444/1483 1223/1442/1484 1224/1445/1485
f 1226/1438/1486 1230/1439/1487 1232/1446/1488
f 1227/1447/1489 1230/1448/1490 1229/1449/1491
f 1228/1450/1492 1230/1448/1493 1231/1451/1494
f 1233/1452/1495 1237/1453/1496 1239/1454/1497
f 1234/1455/1498 1237/1456/1499 1236/1457/1500
f 1235/1458/1501 1237/1456/1502 1238/1459/1503
f 1240/1452/1504 1244/1460/1505 1246/1461/1506
f 1241/1462/1507 1244/1463/1508 1243/1464/1509
f 1242/1465/1510 1244/1463/1511 1245/1466/1512
f 1247/1467/1513 1251/1468/1514 1253/1469/1515
f 1248/1470/1516 1251/1471/1517 1250/1472/1518
f 1249/1473/1519 1251/1471/1520 1252/1474/1521
f 1254/1475/1522 1258/1476/1523 1260/1477/1524
f 1255/1478/1525 1258/1479/1526 1257/1480/1527
f 1256/1481/1528 1258/1482/1529 1259/1483/1530
f 1261/1484/1531 1265/1485/1532 1267/1486/1533
f 1262/1487/1534 1265/1488/1535 1264/1489/1536
f 1263/1490/1537 1265/1488/1538 1266/1491/1539
f 1268/1492/1540 1272/1485/1541 1274/1493/1542
f 1269/1494/1543 1272/1495/1544 1271/1496/1545
f 1270/1497/1546 1272/1498/1547 1273/1499/1548
f 1275/1500/1549 1279/1501/1550 1281/1502/1551
f 1276/1503/1552 1279/1504/1553 1278/1505/1554
f 1277/1506/1555 1279/1504/1556 1280/1507/1557
f 1282/1508/1558 1286/1509/1559 1288/1510/1560
f 1283/1511/1561 1286/1512/1562 1285/1513/1563
f 1284/1514/1564 1286/1515/1565 1287/1516/1566
f 1289/1517/1567 1293/1518/1568 1295/1519/1569
f 1290/1520/1570 1293/1521/1571 1292/1522/1572
f 1291/1523/1573 1293/1521/1574 1294/1524/1575
f 1296/1517/1576 1300/1525/1577 1302/1526/1578
f 1297/1527/1579 1300/1528/1580 1299/1529/1581
f 1298/1530/1582 1300/1531/1583 1301/1532/1584
f 1303/1533/1585 1307/1534/1586 1309/1535/1587
f 1304/1536/1588 1307/1537/1589 1306/1538/1590
f 1305/1539/1591 1307/1540/1592 1308/1541/1593
f 1310/1542/1594 1314/1543/1595 1316/1544/1596
f 1311/1533/1597 1314/1534/1598 1313/1545/1599
f 1312/1546/1600 1314/1543/1601 1315/1547/1602
f 1317/1548/1603 1321/1549/1604 1323/1550/1605
f 1318/1551/1606 1321/1552/1607 1320/1553/1608
f 1319/1554/1609 1321/1555/1610 1322/1556/1611
f 1324/1557/1612 1328/1558/1613 1330/1559/1614
f 1325/1560/1615 1328/1561/1616 1327/1562/1617
f 1326/1563/1618 1328/1561/1619 1329/1564/1620
f 1331/1565/1621 1335/1566/1622 1337/1567/1623
f 1332/1568/1624 1335/1569/1625 1334/1570/1626
f 1333/1571/1627 1335/1572/1628 1336/1573/1629
f 1338/1574/1630 1342/1566/1631 1344/1575/1632
f 1339/1576/1633 1342/1577/1634 1341/1578/1635
f 1340/1579/1636 1342/1577/1637 1343/1580/1638
f 1345/1581/1639 1349/1582/1640 1351/1583/1641
f 1346/1584/1642 1349/1585/1643 1348/1586/1644
f 1347/1587/1645 1349/1588/1646 1350/1589/1647
f 1352/1581/1648 1356/1590/1649 1358/1591/1650
f 1353/1592/1651 1356/1593/1652 1355/1594/1653
f 1354/1595/1654 1356/1593/1655 1357/1596/1656
f 1359/1597/1657 1363/1598/1658 1365/1599/1659
f 1360/1600/1660 1363/1601/1661 1362/1602/1662
f 1361/1603/1663 1363/1601/1664 1364/1604/1665
f 1366/1605/1666 1370/1606/1667 1372/1607/1668
f 1367/1597/1669 1370/1598/1670 1369/1608/1671
f 1368/1609/1672 1370/1606/1673 1371/1610/1674
f 1373/1611/1675 1377/1612/1676 1379/1613/1677
f 1374/1614/1678 1377/1615/1679 1376/1616/1680
f 1375/1617/1681 1377/1615/1682 1378/1618/1683
f 1380/1619/1684 1384/1620/1685 1386/1621/1686
f 1381/1622/1687 1384/1623/1688 1383/1624/1689
f 1382/1625/1690 1384/1623/1691 1385/1626/1692
f 1387/1627/1693 1391/1628/1694 1393/1629/1695
f 1388/1630/1696 1391/1631/1697 1390/1632/1698
f 1389/1633/1699 1391/1631/1700 1392/1634/1701
f 1394/1635/1702 1398/1636/1703 1400/1637/1704
f 1395/1638/1705 1398/1639/1706 1397/1640/1707
f 1396/1641/1708 1398/1639/1709 1399/1642/1710
f 1401/1643/1711 1405/1644/1712 1407/1645/1713
f 1402/1646/1714 1405/1647/1715 1404/1648/1716
f 1403/1649/1717 1405/1647/1718 1406/1650/1719
f 1408/1651/1720 1412/1652/1721 1414/1653/1722
f 1409/1654/1723 1412/1655/1724 1411/1656/1725
f 1410/1657/1726 1412/1655/1727 1413/1658/1728
f 16/22/22 7/7/7 3/8/8
f 18/1659/1729 1/1/1 7/3/3
f 24/34/32 11/13/13 28/32/31
f 11/1660/1730 22/26/25 28/28/27
f 2/6/6 13/12/12 6/4/4
f 13/12/12 3/8/8 6/4/4
f 23/31/30 20/24/20 27/29/28
f 27/33/28 16/22/22 24/34/32
f 30/40/38 21/23/23 17/25/24
f 32/1661/1731 15/17/17 21/19/19
f 38/50/48 25/30/29 42/49/47
f 42/45/43 22/26/25 36/43/41
f 31/42/40 41/46/44 37/48/46
f 34/38/36 38/50/48 41/46/44
f 44/56/54 35/41/39 31/42/40
f 46/1662/1732 29/35/33 35/37/35
f 52/66/64 39/47/45 56/65/63
f 56/61/59 36/43/41 50/59/57
f 45/58/56 55/62/60 51/64/62
f 48/54/52 52/66/64 55/62/60
f 58/72/70 49/1663/55 45/1664/56
f 60/1665/1733 43/51/49 49/53/51
f 66/82/80 53/1666/61 70/81/79
f 53/1667/1734 64/75/73 70/77/75
f 65/80/78 62/70/68 69/78/76
f 62/70/68 66/82/80 69/78/76
f 72/88/86 63/73/71 59/74/72
f 63/69/67 71/83/81 57/67/65
f 65/80/78 84/97/95 80/98/96
f 84/93/91 64/75/73 78/91/89
f 73/90/88 83/94/92 79/96/94
f 76/86/84 80/98/96 83/94/92
f 86/1668/102 77/89/87 73/90/88
f 88/1669/1735 71/83/81 77/85/83
f 79/96/94 98/1670/111 94/1671/112
f 98/109/107 78/91/89 92/107/105
f 87/106/104 97/110/108 93/112/110
f 97/110/108 86/104/102 94/114/112
f 100/120/118 91/105/103 87/106/104
f 91/101/99 99/115/113 85/99/97
f 93/112/110 112/129/127 108/130/128
f 95/1672/1736 106/123/121 112/125/123
f 101/122/120 111/126/124 107/128/126
f 104/118/116 108/130/128 111/126/124
f 101/122/120 116/135/133 105/121/119
f 116/1673/1737 99/115/113 105/117/115
f 107/128/126 126/146/143 122/148/144
f 109/1674/1738 120/140/137 126/142/139
f 115/139/136 125/143/140 121/145/142
f 118/134/132 122/148/144 125/147/140
f 115/139/136 4/5/5 119/137/135
f 4/1675/1739 113/131/129 119/133/131
f 10/16/16 123/144/141 14/15/15
f 14/11/11 120/140/137 8/9/9
f 142/170/166 133/155/151 129/156/152
f 144/1676/1740 127/149/145 133/151/147
f 150/180/176 137/161/157 154/179/175
f 137/1677/1741 148/173/169 154/175/171
f 136/164/160 132/152/148 128/154/150
f 139/160/156 129/156/152 132/152/148
f 143/172/168 153/176/172 149/178/174
f 146/168/164 150/180/176 153/176/172
f 143/172/168 158/1678/181 147/171/167
f 147/167/163 155/181/177 141/165/161
f 164/1679/192 151/177/173 168/1680/191
f 151/1681/1742 162/189/185 168/191/187
f 157/188/184 167/192/188 163/194/190
f 167/192/188 156/186/182 164/196/192
f 170/202/198 161/187/183 157/188/184
f 172/1682/1743 155/181/177 161/183/179
f 163/194/190 182/211/207 178/212/208
f 165/1683/1744 176/205/201 182/207/203
f 177/210/206 174/200/196 181/208/204
f 174/200/196 178/212/208 181/208/204
f 184/1684/214 175/203/199 171/204/200
f 175/199/195 183/213/209 169/197/193
f 192/229/224 179/209/205 196/227/223
f 179/1685/1745 190/221/217 196/223/219
f 185/220/216 195/224/220 191/226/222
f 188/1686/212 192/229/224 195/228/220
f 198/235/230 189/219/215 185/220/216
f 200/1687/1746 183/213/209 189/215/211
f 191/226/222 210/244/239 206/245/240
f 193/1688/1747 204/238/233 210/240/235
f 199/237/232 209/241/236 205/243/238
f 202/233/228 206/245/240 209/241/236
f 199/237/232 214/250/245 203/236/231
f 214/1689/1748 197/230/225 203/232/227
f 220/263/256 207/242/237 224/261/255
f 224/257/251 204/238/233 218/255/249
f 213/254/248 223/258/252 219/260/254
f 223/262/252 212/251/246 220/263/256
f 213/254/248 228/268/261 217/252/247
f 217/248/243 225/264/257 211/246/241
f 219/260/254 238/278/271 234/279/272
f 221/1690/1749 232/272/265 238/274/267
f 227/271/264 237/275/268 233/277/270
f 230/267/260 234/279/272 237/275/268
f 240/285/278 231/270/263 227/271/264
f 242/1691/1750 225/264/257 231/266/259
f 233/277/270 252/294/287 248/295/288
f 235/1692/1751 246/288/281 252/290/283
f 247/293/286 244/283/276 251/291/284
f 251/291/284 240/285/278 248/295/288
f 128/154/150 245/1693/279 241/1694/280
f 130/1695/1752 239/280/273 245/282/275
f 247/1696/286 140/163/159 136/164/160
f 249/1697/1753 134/157/153 140/159/155
f 268/317/310 259/302/295 255/303/296
f 270/1698/1754 253/296/289 259/298/291
f 261/309/302 280/326/319 276/327/320
f 263/1699/1755 274/320/313 280/322/315
f 262/311/304 258/299/292 254/301/294
f 265/307/300 255/303/296 258/299/292
f 275/325/318 272/315/308 279/323/316
f 279/323/316 268/317/310 276/327/320
f 282/333/326 273/318/311 269/319/312
f 284/1700/1756 267/312/305 273/314/307
f 275/325/318 294/343/335 290/345/336
f 277/1701/1757 288/337/329 294/339/331
f 283/336/328 293/340/332 289/342/334
f 286/331/324 290/345/336 293/344/332
f 296/351/342 287/334/327 283/336/328
f 287/330/323 295/346/337 281/328/321
f 304/361/352 291/341/333 308/360/351
f 308/356/347 288/337/329 302/354/345
f 297/353/344 307/357/348 303/359/350
f 300/349/340 304/361/352 307/357/348
f 310/367/358 301/352/343 297/353/344
f 312/1702/1758 295/346/337 301/348/339
f 303/359/350 322/376/367 318/377/368
f 305/1703/1759 316/370/361 322/372/363
f 311/369/360 321/373/364 317/375/366
f 321/373/364 310/367/358 318/377/368
f 324/383/374 315/1704/359 311/1705/360
f 315/364/355 323/378/369 309/362/353
f 332/393/384 319/1706/365 336/392/383
f 319/1707/1760 330/386/377 336/388/379
f 325/385/376 335/389/380 331/391/382
f 335/389/380 324/383/374 332/393/384
f 338/399/390 329/384/375 325/385/376
f 329/380/371 337/394/385 323/378/369
f 346/409/400 333/390/381 350/408/399
f 350/404/395 330/386/377 344/402/393
f 339/401/392 349/405/396 345/407/398
f 349/405/396 338/399/390 346/409/400
f 352/415/406 343/1708/391 339/1709/392
f 354/1710/1761 337/394/385 343/396/387
f 345/1711/398 364/424/415 360/425/416
f 347/1712/1762 358/418/409 364/420/411
f 353/417/408 363/421/412 359/423/414
f 356/413/404 360/425/416 363/421/412
f 353/417/408 368/430/421 357/416/407
f 368/1713/1763 351/410/401 357/412/403
f 359/423/414 378/440/431 374/441/432
f 361/1714/1764 372/434/425 378/436/427
f 373/439/430 370/429/420 377/437/428
f 377/437/428 366/431/422 374/441/432
f 254/1715/294 371/432/423 367/433/424
f 256/1716/1765 365/426/417 371/428/419
f 373/439/430 266/1717/303 262/1718/304
f 375/1719/1766 260/304/297 266/306/299
f 394/465/454 385/448/439 381/450/440
f 396/1720/1767 379/442/433 385/444/435
f 387/456/446 406/474/463 402/475/464
f 389/1721/1768 400/468/457 406/470/459
f 380/447/438 391/458/444 384/445/436
f 391/454/444 381/450/440 384/449/436
f 395/467/456 405/471/460 401/473/462
f 398/463/452 402/475/464 405/471/460
f 408/481/470 399/466/455 395/467/456
f 410/1722/1769 393/460/449 399/462/451
f 401/473/462 420/490/479 416/491/480
f 403/1723/1770 414/484/473 420/486/475
f 415/489/478 412/479/468 419/487/476
f 412/479/468 416/491/480 419/487/476
f 409/1724/472 424/496/485 413/1725/471
f 424/1726/1771 407/476/465 413/478/467
f 415/1727/478 434/506/495 430/507/496
f 417/1728/1772 428/500/489 434/502/491
f 423/499/488 433/503/492 429/505/494
f 426/495/484 430/507/496 433/503/492
f 423/499/488 438/512/501 427/498/487
f 438/1729/1773 421/492/481 427/494/483
f 444/523/512 431/504/493 448/522/511
f 431/1730/1774 442/516/505 448/518/507
f 437/515/504 447/519/508 443/521/510
f 447/519/508 436/513/502 444/523/512
f 450/1731/518 441/514/503 437/515/504
f 452/1732/1775 435/508/497 441/510/499
f 443/521/510 462/1733/527 458/1734/528
f 445/1735/1776 456/532/521 462/534/523
f 451/531/520 461/535/524 457/537/526
f 461/535/524 450/529/518 458/539/528
f 464/545/534 455/530/519 451/531/520
f 466/1736/1777 449/524/513 455/526/515
f 457/537/526 476/554/543 472/555/544
f 476/550/539 456/532/521 470/548/537
f 471/553/542 468/543/532 475/551/540
f 475/551/540 464/545/534 472/555/544
f 465/547/536 480/560/549 469/546/535
f 480/1737/1778 463/540/529 469/542/531
f 471/553/542 490/571/559 486/573/560
f 473/1738/1779 484/565/553 490/567/555
f 485/570/558 482/563/548 489/568/556
f 489/572/556 478/561/550 486/573/560
f 492/579/566 483/562/551 479/564/552
f 494/1739/1780 477/556/545 483/558/547
f 485/570/558 504/588/575 500/589/576
f 504/584/571 484/565/553 498/582/569
f 499/587/574 496/577/564 503/585/572
f 503/585/572 492/579/566 500/589/576
f 380/447/438 497/580/567 493/581/568
f 497/576/563 379/442/433 491/574/561
f 388/459/448 501/586/573 392/457/447
f 501/1740/1781 386/451/441 392/453/443
f 507/597/584 522/1741/597 511/596/583
f 522/1742/1782 505/590/577 511/592/579
f 513/603/590 532/1743/607 528/1744/608
f 515/1745/1783 526/614/601 532/616/603
f 514/605/592 510/593/580 506/595/582
f 510/593/580 513/603/590 507/597/584
f 527/619/606 524/609/596 531/617/604
f 531/617/604 520/611/598 528/621/608
f 534/627/614 525/612/599 521/613/600
f 536/1746/1784 519/606/593 525/608/595
f 527/619/606 546/636/623 542/637/624
f 529/1747/1785 540/630/617 546/632/619
f 541/635/622 538/625/612 545/633/620
f 538/625/612 542/637/624 545/633/620
f 535/629/616 550/642/629 539/628/615
f 550/1748/1786 533/622/609 539/624/611
f 541/635/622 560/653/639 556/655/640
f 543/1749/1787 554/647/633 560/649/635
f 555/652/638 552/645/628 559/650/636
f 559/654/636 548/643/630 556/655/640
f 562/661/646 553/644/631 549/646/632
f 553/640/627 561/656/641 547/638/625
f 555/652/638 574/670/655 570/671/656
f 574/666/651 554/647/633 568/664/649
f 563/663/648 573/667/652 569/669/654
f 573/667/652 562/661/646 570/671/656
f 576/677/662 567/662/647 563/663/648
f 578/1750/1788 561/656/641 567/658/643
f 584/689/672 571/668/653 588/687/671
f 588/683/667 568/664/649 582/681/665
f 577/680/664 587/684/668 583/686/670
f 587/688/668 576/677/662 584/689/672
f 590/695/678 581/678/663 577/680/664
f 581/674/659 589/690/673 575/672/657
f 583/686/670 602/704/687 598/705/688
f 602/700/683 582/681/665 596/698/681
f 597/703/686 594/693/676 601/701/684
f 601/701/684 590/695/678 598/705/688
f 604/711/694 595/696/679 591/697/680
f 595/692/675 603/706/689 589/690/673
f 597/703/686 616/720/703 612/721/704
f 616/716/699 596/698/681 610/714/697
f 611/719/702 608/709/692 615/717/700
f 608/709/692 612/721/704 615/717/700
f 618/727/710 609/1751/695 605/1752/696
f 620/1753/1789 603/706/689 609/708/691
f 611/1754/702 630/736/719 626/737/720
f 613/1755/1790 624/730/713 630/732/715
f 619/729/712 629/733/716 625/735/718
f 622/725/708 626/737/720 629/733/716
f 506/595/582 623/728/711 619/729/712
f 508/1756/1791 617/722/705 623/724/707
f 514/605/592 627/734/717 518/604/591
f 627/1757/1792 512/598/585 518/600/587
f 631/738/721 648/1758/1793 645/756/739
f 637/1759/1794 646/759/742 648/761/744
f 632/741/724 644/749/732 636/1760/1795
f 644/1761/1796 633/744/727 636/746/729
f 652/765/748 643/1762/1797 639/750/733
f 658/1763/1798 640/753/736 643/755/738
f 653/768/751 650/764/747 657/1764/1799
f 657/773/756 646/759/742 654/771/754
f 645/756/739 676/1765/1800 673/792/775
f 651/1766/1801 674/795/778 676/797/780
f 652/765/748 686/803/786 655/1767/1802
f 686/1768/1803 653/768/751 655/770/753
f 675/798/781 685/1769/1804 681/804/787
f 678/1770/1805 682/807/790 685/809/792
f 659/774/757 679/794/777 662/1771/1806
f 679/1772/1807 660/777/760 662/779/762
f 666/783/766 683/1773/1808 680/801/784
f 683/806/789 668/789/772 681/804/787
f 661/780/763 671/1774/1809 667/786/769
f 671/791/774 660/777/760 668/789/772
f 631/738/721 665/776/759 634/1775/1810
f 665/1776/1811 632/741/724 634/743/726
f 639/750/733 669/1777/1812 666/783/766
f 641/1778/1813 667/786/769 669/788/771
f 687/810/793 704/1779/1814 701/826/811
f 704/1780/816 689/816/799 702/1781/814
f 694/818/802 692/817/1815 688/813/796
f 692/817/801 696/824/808 689/816/799
f 695/821/805 714/836/822 699/1782/1816
f 714/1783/1817 696/824/808 699/825/810
f 709/837/823 706/833/819 713/841/1818
f 706/833/1819 710/840/826 713/841/828
f 729/858/847 707/828/813 732/1784/1820
f 707/1785/1821 730/1786/850 732/1787/852
f 736/866/856 711/1788/1822 708/834/820
f 742/1789/1823 709/837/823 711/839/825
f 731/864/853 741/873/1824 737/869/859
f 741/873/864 730/861/850 738/872/862
f 715/842/829 735/860/849 718/1790/1825
f 735/1791/1826 716/1792/832 718/1793/834
f 722/850/838 739/1794/1827 736/866/856
f 728/1795/1828 737/869/859 739/871/861
f 717/848/835 727/857/1829 723/853/841
f 720/849/1830 724/856/844 727/857/846
f 715/842/829 690/1796/1831 687/810/793
f 721/1797/1832 688/1798/796 690/1799/798
f 722/850/838 697/823/807 725/1800/1833
f 697/1801/1834 723/853/841 725/855/843
f 757/892/883 749/876/867 760/1802/1835
f 760/897/888 745/880/871 758/895/886
f 744/877/868 756/885/876 748/1803/1836
f 756/1804/1837 745/880/871 748/882/873
f 764/901/892 755/1805/1838 751/886/877
f 755/891/882 766/907/898 752/889/880
f 759/898/889 769/1806/1839 765/904/895
f 769/909/900 758/895/886 766/907/898
f 785/928/919 763/894/885 788/1807/1840
f 763/1808/1841 786/931/922 788/933/924
f 764/901/892 798/939/930 767/1809/1842
f 798/1810/1843 765/904/895 767/906/897
f 793/940/931 790/936/927 797/1811/1844
f 790/1812/1845 794/943/934 797/945/936
f 785/928/919 774/1813/1846 771/910/901
f 791/1814/1847 772/913/904 774/915/906
f 778/919/910 795/1815/1848 792/937/928
f 784/1816/1849 793/940/931 795/942/933
f 779/922/913 776/918/909 783/1817/1850
f 776/1818/1851 780/925/916 783/927/918
f 743/874/865 777/912/903 746/1819/1852
f 777/1820/1853 744/877/868 746/879/870
f 778/919/910 753/888/879 781/1821/1854
f 753/1822/1855 779/922/913 781/924/915
f 813/962/955 805/948/939 816/1823/1856
f 805/1824/1857 814/1825/958 816/1826/960
f 806/954/946 804/953/1858 800/949/940
f 804/953/945 808/960/952 801/952/943
f 820/970/964 811/1827/1859 807/957/949
f 811/961/954 822/1828/970 808/960/952
f 815/968/961 825/977/1860 821/973/967
f 818/969/1861 822/976/970 825/977/972
f 841/994/991 819/964/957 844/1829/1862
f 819/1830/1863 842/1831/994 844/1832/996
f 848/1002/1000 823/1833/1864 820/970/964
f 823/975/969 850/1834/1006 821/973/967
f 843/1000/997 853/1009/1865 849/1005/1003
f 846/1001/1866 850/1008/1006 853/1009/1008
f 841/994/991 830/1835/1867 827/978/973
f 847/1836/1868 828/1837/976 830/1838/978
f 834/986/982 851/1839/1869 848/1002/1000
f 840/1840/1870 849/1005/1003 851/1007/1005
f 829/984/979 839/993/1871 835/989/985
f 839/993/990 828/981/976 836/992/988
f 827/978/973 802/1841/1872 799/946/937
f 833/1842/1873 800/1843/940 802/1844/942
f 807/957/949 837/1845/1874 834/986/982
f 837/991/987 806/1846/946 835/989/985
f 855/1010/1009 872/1847/1875 869/1028/1027
f 861/1848/1876 870/1031/1030 872/1033/1032
f 856/1013/1012 868/1021/1020 860/1849/1877
f 868/1850/1878 857/1016/1015 860/1018/1017
f 876/1037/1036 867/1851/1879 863/1022/1021
f 867/1027/1026 878/1043/1042 864/1025/1024
f 877/1040/1039 874/1036/1035 881/1852/1880
f 874/1853/1881 878/1043/1042 881/1045/1044
f 869/1028/1027 900/1854/1882 897/1064/1063
f 875/1855/1883 898/1067/1066 900/1069/1068
f 904/1073/1072 879/1856/1884 876/1037/1036
f 879/1042/1041 906/1079/1078 877/1040/1039
f 905/1076/1075 902/1072/1071 909/1857/1885
f 902/1858/1886 906/1079/1078 909/1081/1080
f 897/1064/1063 886/1859/1887 883/1046/1045
f 903/1860/1888 884/1049/1048 886/1051/1050
f 890/1055/1054 907/1861/1889 904/1073/1072
f 896/1862/1890 905/1076/1075 907/1078/1077
f 885/1052/1051 895/1863/1891 891/1058/1057
f 895/1063/1062 884/1049/1048 892/1061/1060
f 883/1046/1045 858/1864/1892 855/1010/1009
f 858/1015/1014 885/1052/1051 856/1013/1012
f 863/1022/1021 893/1865/1893 890/1055/1054
f 893/1060/1059 862/1019/1018 891/1058/1057
f 911/1082/1081 928/1866/1894 925/1098/1099
f 917/1867/1895 926/1868/1102 928/1869/1104
f 912/1085/1084 924/1092/1092 916/1089/1896
f 924/1092/1897 913/1088/1087 916/1089/1089
f 932/1106/1108 923/1870/1898 919/1093/1093
f 938/1871/1899 920/1096/1096 923/1097/1098
f 927/1104/1105 937/1113/1900 933/1109/1111
f 937/1113/1116 926/1101/1102 934/1112/1114
f 925/1098/1099 956/1872/1901 953/1130/1135
f 956/1873/1140 927/1104/1105 954/1874/1138
f 960/1138/1144 935/1875/1902 932/1106/1108
f 966/1876/1903 933/1109/1111 935/1111/1113
f 961/1141/1147 958/1137/1143 965/1145/1904
f 958/1137/1905 962/1144/1150 965/1145/1152
f 953/1130/1135 942/1877/1906 939/1114/1117
f 942/1878/1122 955/1136/1141 940/1879/1120
f 946/1122/1126 963/1880/1907 960/1138/1144
f 963/1143/1149 948/1881/1132 961/1141/1147
f 947/1125/1129 944/1121/1125 951/1129/1908
f 944/1121/1909 948/1128/1132 951/1129/1134
f 939/1114/1117 914/1882/1910 911/1082/1081
f 945/1883/1911 912/1884/1084 914/1885/1086
f 946/1122/1126 921/1095/1095 949/1886/1912
f 921/1887/1913 947/1125/1129 949/1127/1131
f 967/1146/1153 984/1888/1914 981/1164/1171
f 973/1889/1915 982/1167/1174 984/1169/1176
f 968/1149/1156 980/1157/1164 972/1890/1916
f 980/1891/1917 969/1152/1159 972/1154/1161
f 975/1158/1165 994/1175/1182 979/1892/1918
f 994/1893/1919 976/1161/1168 979/1163/1170
f 983/1170/1177 993/1894/1920 989/1176/1183
f 993/1181/1188 982/1167/1174 990/1179/1186
f 981/1164/1171 1012/1895/1921 1009/1200/1207
f 987/1896/1922 1010/1203/1210 1012/1205/1212
f 1016/1209/1216 991/1897/1923 988/1173/1180
f 1022/1898/1924 989/1176/1183 991/1178/1185
f 1011/1206/1213 1021/1899/1925 1017/1212/1219
f 1021/1217/1224 1010/1203/1210 1018/1215/1222
f 1009/1200/1207 998/1900/1926 995/1182/1189
f 998/1187/1194 1011/1206/1213 996/1185/1192
f 1002/1191/1198 1019/1901/1927 1016/1209/1216
f 1008/1902/1928 1017/1212/1219 1019/1214/1221
f 1003/1194/1201 1000/1190/1197 1007/1903/1929
f 1000/1904/1930 1004/1197/1204 1007/1199/1206
f 995/1182/1189 970/1905/1931 967/1146/1153
f 1001/1906/1932 968/1149/1156 970/1151/1158
f 975/1158/1165 1005/1907/1933 1002/1191/1198
f 977/1908/1934 1003/1194/1201 1005/1196/1203
f 1037/1234/1243 1029/1220/1227 1040/1909/1935
f 1029/1910/1936 1038/1911/1246 1040/1912/1248
f 1024/1221/1228 1036/1228/1236 1028/1225/1937
f 1036/1228/1938 1025/1224/1231 1028/1225/1233
f 1044/1242/1252 1035/1913/1939 1031/1229/1237
f 1050/1914/1940 1032/1232/1240 1035/1233/1242
f 1039/1240/1249 1049/1249/1941 1045/1245/1255
f 1049/1249/1260 1038/1237/1246 1046/1248/1258
f 1065/1266/1279 1043/1236/1245 1068/1915/1942
f 1043/1916/1943 1066/1917/1282 1068/1918/1284
f 1072/1274/1288 1047/1919/1944 1044/1242/1252
f 1078/1920/1945 1045/1245/1255 1047/1247/1257
f 1067/1272/1285 1077/1281/1946 1073/1277/1291
f 1077/1281/1296 1066/1269/1282 1074/1280/1294
f 1065/1266/1279 1054/1921/1947 1051/1250/1261
f 1071/1922/1948 1052/1923/1264 1054/1924/1266
f 1058/1258/1270 1075/1925/1949 1072/1274/1288
f 1064/1926/1950 1073/1277/1291 1075/1279/1293
f 1053/1256/1267 1063/1265/1951 1059/1261/1273
f 1056/1257/1952 1060/1264/1276 1063/1265/1278
f 1051/1250/1261 1026/1927/1953 1023/1218/1225
f 1026/1928/1230 1053/1256/1267 1024/1929/1228
f 1031/1229/1237 1061/1930/1954 1058/1258/1270
f 1033/1931/1955 1059/1261/1273 1061/1263/1275
f 1079/1282/1297 1096/1309/1956 1093/1298/1315
f 1085/1932/1957 1094/1301/1318 1096/1303/1320
f 1086/1291/1306 1084/1933/1958 1080/1285/1300
f 1092/1934/1959 1081/1288/1303 1084/1290/1305
f 1087/1282/1309 1106/1309/1326 1091/1284/1960
f 1106/1935/1961 1088/1295/1312 1091/1297/1314
f 1095/1304/1321 1105/1936/1962 1101/1310/1327
f 1098/1937/1963 1102/1313/1330 1105/1315/1332
f 1093/1298/1315 1124/1342/1964 1121/1333/1351
f 1099/1938/1965 1122/1336/1354 1124/1338/1356
f 1128/1333/1360 1103/1939/1966 1100/1307/1324
f 1103/1312/1329 1130/1346/1366 1101/1310/1327
f 1129/1343/1363 1126/1341/1359 1133/1940/1967
f 1126/1941/1968 1130/1346/1366 1133/1348/1368
f 1107/1316/1333 1127/1335/1353 1110/1942/1969
f 1127/1943/1970 1108/1319/1336 1110/1321/1338
f 1128/1333/1360 1120/1326/1344 1131/1335/1971
f 1120/1944/1972 1129/1343/1363 1131/1345/1365
f 1109/1322/1339 1119/1945/1973 1115/1327/1345
f 1112/1946/1974 1116/1330/1348 1119/1332/1350
f 1107/1316/1333 1082/1294/1975 1079/1282/1297
f 1082/1287/1302 1109/1322/1339 1080/1285/1300
f 1114/1316/1342 1089/1294/1311 1117/1947/1976
f 1089/1948/1977 1115/1327/1345 1117/1329/1347
f 1135/1349/1369 1152/1949/1978 1149/1364/1387
f 1141/1950/1979 1150/1367/1390 1152/1369/1392
f 1142/1357/1378 1140/1356/1980 1136/1352/1372
f 1148/1359/1981 1137/1355/1375 1140/1356/1377
f 1143/1349/1381 1162/1373/1398 1147/1351/1982
f 1162/1951/1983 1144/1952/1384 1147/1953/1386
f 1151/1370/1393 1161/1378/1984 1157/1374/1399
f 1154/1371/1985 1158/1377/1402 1161/1378/1404
f 1149/1364/1387 1180/1954/1986 1177/1394/1423
f 1180/1399/1428 1151/1955/1393 1178/1397/1426
f 1156/1364/1396 1190/1403/1434 1159/1956/1987
f 1190/1957/1988 1157/1958/1399 1159/1959/1401
f 1185/1404/1435 1182/1401/1431 1189/1408/1989
f 1182/1401/1990 1186/1407/1438 1189/1408/1440
f 1177/1394/1423 1166/1388/1991 1163/1379/1405
f 1166/1384/1410 1179/1960/1429 1164/1382/1408
f 1184/1394/1432 1176/1388/1416 1187/1396/1992
f 1176/1961/1993 1185/1962/1435 1187/1963/1437
f 1165/1385/1411 1175/1393/1994 1171/1389/1417
f 1168/1386/1995 1172/1392/1420 1175/1393/1422
f 1163/1379/1405 1138/1361/1996 1135/1349/1369
f 1138/1354/1374 1165/1964/1411 1136/1352/1372
f 1170/1379/1414 1145/1361/1383 1173/1381/1997
f 1145/1965/1998 1171/1966/1417 1173/1967/1419
f 1205/1423/1459 1197/1411/1443 1208/1968/1999
f 1197/1969/2000 1206/1426/1462 1208/1428/1464
f 1198/1417/1450 1196/1416/2001 1192/1412/1444
f 1204/1419/2002 1193/1415/1447 1196/1416/1449
f 1199/1409/1453 1218/1432/1470 1203/1411/2003
f 1218/1970/2004 1200/1971/1456 1203/1972/1458
f 1207/1429/1465 1217/1437/2005 1213/1433/1471
f 1210/1430/2006 1214/1436/1474 1217/1437/1476
f 1205/1423/1459 1236/1973/2007 1233/1452/1495
f 1236/1457/1500 1207/1974/1465 1234/1455/1498
f 1240/1452/1504 1215/1975/2008 1212/1423/1468
f 1215/1976/1473 1242/1465/1510 1213/1977/1471
f 1235/1458/1501 1245/1466/2009 1241/1462/1507
f 1238/1459/2010 1242/1465/1510 1245/1466/1512
f 1219/1438/1477 1239/1454/1497 1222/1446/2011
f 1239/1978/2012 1220/1441/1480 1222/1443/1482
f 1226/1438/1486 1243/1979/2013 1240/1452/1504
f 1232/1980/2014 1241/1981/1507 1243/1982/1509
f 1221/1444/1483 1231/1451/2015 1227/1447/1489
f 1224/1445/2016 1228/1450/1492 1231/1451/1494
f 1219/1438/1477 1194/1420/2017 1191/1409/1441
f 1225/1983/2018 1192/1412/1444 1194/1414/1446
f 1226/1438/1486 1201/1420/1455 1229/1440/2019
f 1229/1984/1491 1198/1417/1450 1227/1985/1489
f 1261/1484/1531 1253/1469/1515 1264/1493/2020
f 1253/1986/2021 1262/1487/1534 1264/1489/1536
f 1254/1475/1522 1252/1474/2022 1248/1470/1516
f 1260/1477/2023 1249/1473/1519 1252/1474/1521
f 1268/1492/1540 1259/1987/2024 1255/1478/1525
f 1259/1483/1530 1270/1497/1546 1256/1481/1528
f 1269/1988/1543 1266/1491/1539 1273/1499/2025
f 1266/1491/2026 1270/1497/1546 1273/1499/1548
f 1261/1484/1531 1292/1989/2027 1289/1517/1567
f 1292/1522/1572 1263/1990/1537 1290/1520/1570
f 1268/1492/1540 1302/1526/1578 1271/1991/2028
f 1302/1992/2029 1269/1494/1543 1271/1496/1545
f 1297/1993/1579 1294/1524/1575 1301/1532/2030
f 1294/1524/2031 1298/1530/1582 1301/1532/1584
f 1275/1500/1549 1295/1519/1569 1278/1994/2032
f 1295/1995/2033 1276/1503/1552 1278/1505/1554
f 1296/1517/1576 1288/1510/1560 1299/1996/2034
f 1288/1997/2035 1297/1527/1579 1299/1529/1581
f 1283/1998/1561 1280/1507/1557 1287/1516/2036
f 1280/1507/2037 1284/1514/1564 1287/1516/1566
f 1275/1500/1549 1250/1999/2038 1247/1467/1513
f 1250/1472/1518 1277/2000/1555 1248/1470/1516
f 1255/1478/1525 1285/2001/2039 1282/1508/1558
f 1285/1513/1563 1254/1475/1522 1283/1511/1561
f 1317/1548/1603 1309/1535/1587 1320/2002/2040
f 1309/2003/2041 1318/1551/1606 1320/1553/1608
f 1310/1542/1594 1308/1541/2042 1304/2004/1588
f 1316/1544/2043 1305/1539/1591 1308/1541/1593
f 1324/1557/1612 1315/2005/2044 1311/1533/1597
f 1315/1547/1602 1326/2006/1618 1312/1546/1600
f 1319/1554/1609 1329/1564/2045 1325/1560/1615
f 1322/1556/2046 1326/1563/1618 1329/1564/1620
f 1317/1548/1603 1348/1591/2047 1345/1581/1639
f 1323/2007/2048 1346/1584/1642 1348/1586/1644
f 1352/1581/1648 1327/2008/2049 1324/1557/1612
f 1358/2009/2050 1325/1560/1615 1327/1562/1617
f 1353/1592/1651 1350/1589/1647 1357/1596/2051
f 1350/1589/2052 1354/1595/1654 1357/1596/1656
f 1331/1565/1621 1351/1583/1641 1334/1575/2053
f 1351/2010/2054 1332/1568/1624 1334/1570/1626
f 1338/1574/1630 1355/2011/2055 1352/1581/1648
f 1355/1594/1653 1340/2012/1636 1353/1592/1651
f 1333/1571/1627 1343/1580/2056 1339/1576/1633
f 1336/1573/2057 1340/1579/1636 1343/1580/1638
f 1331/1565/1621 1306/2013/2058 1303/1533/1585
f 1306/1538/1590 1333/1571/1627 1304/1536/1588
f 1338/1574/1630 1313/1545/1599 1341/2014/2059
f 1313/2015/2060 1339/1576/1633 1341/1578/1635
f 1373/1611/1675 1365/1599/1659 1376/2016/2061
f 1365/2017/2062 1374/1614/1678 1376/1616/1680
f 1366/1605/1666 1364/1604/2063 1360/1600/1660
f 1372/1607/2064 1361/1603/1663 1364/1604/1665
f 1380/1619/1684 1371/1599/2065 1367/1597/1669
f 1371/2018/1674 1382/1625/1690 1368/2019/1672
f 1375/1617/1681 1385/1626/2066 1381/1622/1687
f 1378/1618/2067 1382/1625/1690 1385/1626/1692
f 1401/1643/1711 1379/1613/1677 1404/1653/2068
f 1379/2020/2069 1402/1646/1714 1404/1648/1716
f 1408/1651/1720 1383/2021/2070 1380/1619/1684
f 1383/2022/1689 1410/1657/1726 1381/2023/1687
f 1403/1649/1717 1413/1658/2071 1409/1654/1723
f 1406/1650/2072 1410/1657/1726 1413/1658/1728
f 1401/1643/1711 1390/2024/2073 1387/1627/1693
f 1407/2025/2074 1388/1630/1696 1390/1632/1698
f 1394/1635/1702 1411/1645/2075 1408/1651/1720
f 1411/2026/1725 1396/1641/1708 1409/2027/1723
f 1395/1638/1705 1392/1634/1701 1399/1642/2076
f 1392/1634/2077 1396/1641/1708 1399/1642/1710
f 1387/1627/1693 1362/1608/2078 1359/1597/1657
f 1362/1602/1662 1389/2028/1699 1360/1600/1660
f 1394/1635/1702 1369/1608/1671 1397/2029/2079
f 1369/2030/2080 1395/2031/1705 1397/2032/1707
f 15/17/17 71/83/81 99/115/113
f 3/8/8 24/34/32 16/22/22
f 115/139/136 10/16/16 2/6/6
f 8/9/9 78/91/89 50/59/57
f 23/31/30 30/40/38 17/25/24
f 37/48/46 44/56/54 31/42/40
f 51/2033/62 58/72/70 45/1664/56
f 65/80/78 72/88/86 59/74/72
f 79/96/94 86/1668/102 73/90/88
f 93/112/110 100/120/118 87/106/104
f 101/122/120 122/148/144 114/136/134
f 141/165/161 169/197/193 197/230/225
f 129/156/152 150/180/176 142/170/166
f 241/1694/280 136/164/160 128/154/150
f 232/272/265 204/238/233 176/205/201
f 149/178/174 156/2034/182 143/172/168
f 163/194/190 170/202/198 157/188/184
f 177/210/206 184/1684/214 171/204/200
f 185/220/216 206/245/240 198/235/230
f 205/243/238 212/251/246 199/237/232
f 213/254/248 234/279/272 226/269/262
f 233/277/270 240/285/278 227/271/264
f 267/312/305 323/378/369 351/410/401
f 261/309/302 268/317/310 255/303/296
f 367/433/424 262/1718/304 254/1715/294
f 260/304/297 358/418/409 330/386/377
f 275/325/318 282/333/326 269/319/312
f 283/336/328 304/361/352 296/351/342
f 303/359/350 310/367/358 297/353/344
f 317/2035/366 324/383/374 311/1705/360
f 331/391/382 338/399/390 325/385/376
f 345/1711/398 352/415/406 339/1709/392
f 359/423/414 366/431/422 353/417/408
f 421/492/481 449/524/513 477/556/545
f 381/450/440 402/475/464 394/465/454
f 499/587/574 380/447/438 493/581/568
f 386/451/441 456/532/521 428/500/489
f 401/473/462 408/481/470 395/467/456
f 415/1727/478 422/497/486 409/1724/472
f 429/505/494 436/513/502 423/499/488
f 443/521/510 450/1731/518 437/515/504
f 457/537/526 464/545/534 451/531/520
f 471/553/542 478/561/550 465/547/536
f 485/570/558 492/579/566 479/564/552
f 519/606/593 575/672/657 603/706/689
f 507/597/584 528/1744/608 520/2036/598
f 619/729/712 514/605/592 506/595/582
f 610/714/697 582/681/665 554/647/633
f 527/619/606 534/627/614 521/613/600
f 535/629/616 556/655/640 548/643/630
f 549/646/632 570/671/656 562/661/646
f 563/663/648 584/689/672 576/677/662
f 577/680/664 598/705/688 590/695/678
f 597/703/686 604/711/694 591/697/680
f 611/1754/702 618/727/710 605/1752/696
f 673/792/775 631/738/721 645/756/739
f 633/744/727 654/771/754 646/759/742
f 667/786/769 632/741/724 661/780/763
f 652/765/748 666/783/766 680/801/784
f 653/768/751 674/795/778 647/762/745
f 681/804/787 660/777/760 675/798/781
f 729/858/847 687/810/793 701/826/811
f 696/824/808 702/1781/814 689/816/799
f 717/848/835 694/2037/802 688/1798/796
f 736/866/856 695/821/805 722/850/838
f 709/837/823 730/1786/850 703/832/817
f 731/864/853 724/2038/844 716/1792/832
f 785/928/919 743/874/865 757/892/883
f 752/889/880 758/895/886 745/880/871
f 779/922/913 744/877/868 773/916/907
f 764/901/892 778/919/910 792/937/928
f 765/904/895 786/931/922 759/898/889
f 787/934/925 780/925/916 772/913/904
f 841/994/991 799/946/937 813/962/955
f 808/960/952 814/1825/958 801/952/943
f 829/984/979 806/1846/946 800/1843/940
f 820/970/964 834/986/982 848/1002/1000
f 821/973/967 842/1831/994 815/968/961
f 849/1005/1003 828/1837/976 843/1000/997
f 897/1064/1063 855/1010/1009 869/1028/1027
f 857/1016/1015 878/1043/1042 870/1031/1030
f 891/1058/1057 856/1013/1012 885/1052/1051
f 904/1073/1072 863/1022/1021 890/1055/1054
f 871/1034/1033 906/1079/1078 898/1067/1066
f 899/1070/1069 892/1061/1060 884/1049/1048
f 925/1098/1099 939/1114/1117 911/1082/1081
f 920/1096/1096 926/1868/1102 913/1088/1087
f 947/1125/1129 912/1884/1084 941/1120/1123
f 932/1106/1108 946/1122/1126 960/1138/1144
f 933/1109/1111 954/1874/1138 927/1104/1105
f 961/1141/1147 940/1879/1120 955/1136/1141
f 1009/1200/1207 967/1146/1153 981/1164/1171
f 969/1152/1159 990/1179/1186 982/1167/1174
f 1003/1194/1201 968/1149/1156 997/1188/1195
f 1016/1209/1216 975/1158/1165 1002/1191/1198
f 989/1176/1183 1010/1203/1210 983/1170/1177
f 1017/1212/1219 996/1185/1192 1011/1206/1213
f 1065/1266/1279 1023/1218/1225 1037/1234/1243
f 1025/1224/1231 1046/2039/1258 1038/1911/1246
f 1059/1261/1273 1024/1929/1228 1053/1256/1267
f 1044/1242/1252 1058/1258/1270 1072/1274/1288
f 1045/1245/1255 1066/1917/1282 1039/1240/1249
f 1073/1277/1291 1052/1923/1264 1067/1272/1285
f 1093/1298/1315 1107/1316/1333 1079/1282/1297
f 1088/1295/1312 1094/1301/1318 1081/1288/1303
f 1115/1327/1345 1080/1285/1300 1109/1322/1339
f 1100/1307/1324 1114/1316/1342 1128/1333/1360
f 1101/1310/1327 1122/1336/1354 1095/1304/1321
f 1129/1343/1363 1108/1319/1336 1123/1339/1357
f 1177/1394/1423 1135/1349/1369 1149/1364/1387
f 1144/1952/1384 1150/1367/1390 1137/2040/1375
f 1165/1964/1411 1142/1357/1378 1136/1352/1372
f 1184/1394/1432 1143/1349/1381 1170/1379/1414
f 1157/1958/1399 1178/1397/1426 1151/1955/1393
f 1185/1962/1435 1164/1382/1408 1179/1960/1429
f 1233/1452/1495 1191/1409/1441 1205/1423/1459
f 1200/1971/1456 1206/1426/1462 1193/2041/1447
f 1227/1985/1489 1192/1412/1444 1221/2042/1483
f 1212/1423/1468 1226/1438/1486 1240/1452/1504
f 1213/1977/1471 1234/1455/1498 1207/1974/1465
f 1241/1981/1507 1220/1441/1480 1235/2043/1501
f 1261/1484/1531 1275/1500/1549 1247/1467/1513
f 1256/1481/1528 1262/1487/1534 1249/2044/1519
f 1283/1511/1561 1248/1470/1516 1277/2000/1555
f 1268/1492/1540 1282/1508/1558 1296/1517/1576
f 1269/1494/1543 1290/1520/1570 1263/1990/1537
f 1297/1527/1579 1276/1503/1552 1291/2045/1573
f 1317/1548/1603 1331/1565/1621 1303/1533/1585
f 1312/1546/1600 1318/1551/1606 1305/1539/1591
f 1339/1576/1633 1304/1536/1588 1333/1571/1627
f 1324/1557/1612 1338/1574/1630 1352/1581/1648
f 1325/1560/1615 1346/1584/1642 1319/1554/1609
f 1353/1592/1651 1332/1568/1624 1347/1587/1645
f 1373/1611/1675 1387/1627/1693 1359/1597/1657
f 1368/2019/1672 1374/1614/1678 1361/2046/1663
f 1389/2028/1699 1366/1605/1666 1360/1600/1660
f 1408/1651/1720 1367/1597/1669 1394/1635/1702
f 1381/2023/1687 1402/1646/1714 1375/2047/1681
f 1409/2027/1723 1388/1630/1696 1403/2048/1717
f 1/1/1 4/1675/1739 5/2/2
f 6/4/4 5/2049/2081 4/5/5
f 7/7/7 5/2049/2081 6/4/4
f 8/9/9 11/1660/1730 12/10/10
f 13/12/12 12/2050/2082 11/13/13
f 14/15/15 12/2050/2082 13/12/12
f 15/17/17 18/1659/1729 19/18/18
f 20/20/20 19/2051/2083 18/21/21
f 21/23/23 19/2052/2083 20/24/20
f 22/26/25 25/2053/2084 26/27/26
f 27/29/28 26/2054/2085 25/30/29
f 28/32/31 26/2055/2085 27/33/28
f 29/35/33 32/1661/1731 33/36/34
f 34/38/36 33/2056/2086 32/39/37
f 35/41/39 33/2056/2086 34/38/36
f 36/43/41 39/2057/2087 40/44/42
f 41/46/44 40/2058/2088 39/47/45
f 42/49/47 40/2058/2088 41/46/44
f 43/51/49 46/1662/1732 47/52/50
f 48/54/52 47/2059/2089 46/55/53
f 49/57/55 47/2059/2089 48/54/52
f 50/59/57 53/1667/1734 54/60/58
f 55/2060/60 54/2061/2090 53/1666/61
f 56/65/63 54/2062/2090 55/62/60
f 57/67/65 60/1665/1733 61/68/66
f 62/70/68 61/2063/2091 60/71/69
f 63/73/71 61/2063/2091 62/70/68
f 64/75/73 67/2064/2092 68/76/74
f 69/78/76 68/2065/2093 67/79/77
f 70/81/79 68/2065/2093 69/78/76
f 71/83/81 74/2066/2094 75/84/82
f 76/86/84 75/2067/2095 74/87/85
f 77/89/87 75/2067/2095 76/86/84
f 78/91/89 81/2068/2096 82/92/90
f 83/94/92 82/2069/2097 81/95/93
f 84/97/95 82/2069/2097 83/94/92
f 85/99/97 88/1669/1735 89/100/98
f 90/102/100 89/2070/2098 88/103/101
f 91/105/103 89/2070/2098 90/102/100
f 92/107/105 95/1672/1736 96/108/106
f 97/110/108 96/2071/2099 95/111/109
f 98/113/111 96/2071/2099 97/110/108
f 99/115/113 102/2072/2100 103/116/114
f 104/118/116 103/2073/2101 102/119/117
f 105/121/119 103/2073/2101 104/118/116
f 106/123/121 109/1674/1738 110/124/122
f 111/126/124 110/2074/2102 109/127/125
f 112/129/127 110/2074/2102 111/126/124
f 113/131/129 116/1673/1737 117/132/130
f 118/134/132 117/2075/2103 116/135/133
f 119/137/135 117/2076/2103 118/138/132
f 120/140/137 123/2077/2104 124/141/138
f 125/143/140 124/2078/2105 123/144/141
f 126/146/143 124/2079/2105 125/147/140
f 127/149/145 130/1695/1752 131/150/146
f 132/152/148 131/2080/2106 130/153/149
f 133/155/151 131/2080/2106 132/152/148
f 134/157/153 137/1677/1741 138/158/154
f 139/160/156 138/2081/2107 137/161/157
f 140/163/159 138/2081/2107 139/160/156
f 141/165/161 144/1676/1740 145/166/162
f 146/168/164 145/2082/2108 144/169/165
f 147/171/167 145/2082/2108 146/168/164
f 148/173/169 151/1681/1742 152/174/170
f 153/176/172 152/2083/2109 151/177/173
f 154/179/175 152/2083/2109 153/176/172
f 155/181/177 158/2084/2110 159/182/178
f 160/184/180 159/2085/2111 158/185/181
f 161/187/183 159/2085/2111 160/184/180
f 162/189/185 165/1683/1744 166/190/186
f 167/192/188 166/2086/2112 165/193/189
f 168/195/191 166/2086/2112 167/192/188
f 169/197/193 172/1682/1743 173/198/194
f 174/200/196 173/2087/2113 172/201/197
f 175/203/199 173/2087/2113 174/200/196
f 176/205/201 179/1685/1745 180/206/202
f 181/208/204 180/2088/2114 179/209/205
f 182/211/207 180/2088/2114 181/208/204
f 183/213/209 186/2089/2115 187/214/210
f 188/1686/212 187/2090/2116 186/2091/213
f 189/219/215 187/2092/2116 188/216/212
f 190/221/217 193/1688/1747 194/222/218
f 195/224/220 194/2093/2117 193/225/221
f 196/227/223 194/2094/2117 195/228/220
f 197/230/225 200/1687/1746 201/231/226
f 202/233/228 201/2095/2118 200/234/229
f 203/236/231 201/2095/2118 202/233/228
f 204/238/233 207/2096/2119 208/239/234
f 209/241/236 208/2097/2120 207/242/237
f 210/244/239 208/2097/2120 209/241/236
f 211/246/241 214/1689/1748 215/247/242
f 216/249/244 215/2098/2121 214/250/245
f 217/252/247 215/2099/2121 216/253/244
f 218/255/249 221/1690/1749 222/256/250
f 223/258/252 222/2100/2122 221/259/253
f 224/261/255 222/2101/2122 223/262/252
f 225/264/257 228/2102/2123 229/265/258
f 230/267/260 229/2103/2124 228/268/261
f 231/270/263 229/2103/2124 230/267/260
f 232/272/265 235/1692/1751 236/273/266
f 237/275/268 236/2104/2125 235/276/269
f 238/278/271 236/2104/2125 237/275/268
f 239/280/273 242/1691/1750 243/281/274
f 244/283/276 243/2105/2126 242/284/277
f 245/1693/279 243/2106/2126 244/2107/276
f 246/288/281 249/1697/1753 250/289/282
f 251/2108/284 250/2109/2127 249/2110/285
f 252/294/287 250/2111/2127 251/291/284
f 253/296/289 256/1716/1765 257/297/290
f 258/2112/292 257/2113/2128 256/2114/293
f 259/302/295 257/2115/2128 258/299/292
f 260/304/297 263/1699/1755 264/305/298
f 265/307/300 264/2116/2129 263/308/301
f 266/1717/303 264/2117/2129 265/2118/300
f 267/312/305 270/1698/1754 271/313/306
f 272/315/308 271/2119/2130 270/316/309
f 273/318/311 271/2119/2130 272/315/308
f 274/320/313 277/1701/1757 278/321/314
f 279/323/316 278/2120/2131 277/324/317
f 280/326/319 278/2120/2131 279/323/316
f 281/328/321 284/1700/1756 285/329/322
f 286/331/324 285/2121/2132 284/332/325
f 287/334/327 285/2122/2132 286/335/324
f 288/337/329 291/2123/2133 292/338/330
f 293/340/332 292/2124/2134 291/341/333
f 294/343/335 292/2125/2134 293/344/332
f 295/346/337 298/2126/2135 299/347/338
f 300/349/340 299/2127/2136 298/350/341
f 301/352/343 299/2127/2136 300/349/340
f 302/354/345 305/1703/1759 306/355/346
f 307/357/348 306/2128/2137 305/358/349
f 308/360/351 306/2128/2137 307/357/348
f 309/362/353 312/1702/1758 313/363/354
f 314/365/356 313/2129/2138 312/366/357
f 315/1704/359 313/2130/2138 314/2131/356
f 316/370/361 319/1707/1760 320/371/362
f 321/2132/364 320/2133/2139 319/1706/365
f 322/376/367 320/2134/2139 321/373/364
f 323/378/369 326/2135/2140 327/379/370
f 328/381/372 327/2136/2141 326/382/373
f 329/384/375 327/2136/2141 328/381/372
f 330/386/377 333/2137/2142 334/387/378
f 335/389/380 334/2138/2143 333/390/381
f 336/392/383 334/2138/2143 335/389/380
f 337/394/385 340/2139/2144 341/395/386
f 342/397/388 341/2140/2145 340/398/389
f 343/400/391 341/2140/2145 342/397/388
f 344/402/393 347/1712/1762 348/403/394
f 349/405/396 348/2141/2146 347/406/397
f 350/408/399 348/2141/2146 349/405/396
f 351/410/401 354/1710/1761 355/411/402
f 356/413/404 355/2142/2147 354/414/405
f 357/416/407 355/2142/2147 356/413/404
f 358/418/409 361/1714/1764 362/419/410
f 363/421/412 362/2143/2148 361/422/413
f 364/424/415 362/2143/2148 363/421/412
f 365/426/417 368/1713/1763 369/427/418
f 370/429/420 369/2144/2149 368/430/421
f 371/432/423 369/2144/2149 370/429/420
f 372/434/425 375/1719/1766 376/435/426
f 377/437/428 376/2145/2150 375/438/429
f 378/440/431 376/2145/2150 377/437/428
f 379/442/433 382/2146/2151 383/443/434
f 384/445/436 383/2147/2152 382/446/437
f 385/448/439 383/2148/2152 384/449/436
f 386/451/441 389/1721/1768 390/452/442
f 391/454/444 390/2149/2153 389/455/445
f 392/457/447 390/2150/2153 391/458/444
f 393/460/449 396/1720/1767 397/461/450
f 398/463/452 397/2151/2154 396/464/453
f 399/466/455 397/2151/2154 398/463/452
f 400/468/457 403/1723/1770 404/469/458
f 405/471/460 404/2152/2155 403/472/461
f 406/474/463 404/2152/2155 405/471/460
f 407/476/465 410/1722/1769 411/477/466
f 412/479/468 411/2153/2156 410/480/469
f 413/482/471 411/2153/2156 412/479/468
f 414/484/473 417/1728/1772 418/485/474
f 419/487/476 418/2154/2157 417/488/477
f 420/490/479 418/2154/2157 419/487/476
f 421/492/481 424/1726/1771 425/493/482
f 426/495/484 425/2155/2158 424/496/485
f 427/498/487 425/2155/2158 426/495/484
f 428/500/489 431/1730/1774 432/501/490
f 433/503/492 432/2156/2159 431/504/493
f 434/506/495 432/2156/2159 433/503/492
f 435/508/497 438/1729/1773 439/509/498
f 440/511/500 439/2157/2160 438/512/501
f 441/514/503 439/2157/2160 440/511/500
f 442/516/505 445/1735/1776 446/517/506
f 447/519/508 446/2158/2161 445/520/509
f 448/522/511 446/2158/2161 447/519/508
f 449/524/513 452/1732/1775 453/525/514
f 454/2159/516 453/2160/2162 452/2161/517
f 455/530/519 453/2162/2162 454/527/516
f 456/532/521 459/2163/2163 460/533/522
f 461/535/524 460/2164/2164 459/536/525
f 462/1733/527 460/2165/2164 461/2166/524
f 463/540/529 466/1736/1777 467/541/530
f 468/543/532 467/2167/2165 466/544/533
f 469/546/535 467/2167/2165 468/543/532
f 470/548/537 473/1738/1779 474/549/538
f 475/551/540 474/2168/2166 473/552/541
f 476/554/543 474/2168/2166 475/551/540
f 477/556/545 480/1737/1778 481/557/546
f 482/559/548 481/2169/2167 480/560/549
f 483/562/551 481/2170/2167 482/563/548
f 484/565/553 487/2171/2168 488/566/554
f 489/568/556 488/2172/2169 487/569/557
f 490/571/559 488/2173/2169 489/572/556
f 491/574/561 494/1739/1780 495/575/562
f 496/577/564 495/2174/2170 494/578/565
f 497/580/567 495/2174/2170 496/577/564
f 498/582/569 501/1740/1781 502/583/570
f 503/585/572 502/2175/2171 501/586/573
f 504/588/575 502/2175/2171 503/585/572
f 505/590/577 508/1756/1791 509/591/578
f 510/593/580 509/2176/2172 508/594/581
f 511/596/583 509/2176/2172 510/593/580
f 512/598/585 515/1745/1783 516/599/586
f 517/601/588 516/2177/2173 515/602/589
f 518/604/591 516/2177/2173 517/601/588
f 519/606/593 522/1742/1782 523/607/594
f 524/609/596 523/2178/2174 522/610/597
f 525/612/599 523/2178/2174 524/609/596
f 526/614/601 529/1747/1785 530/615/602
f 531/617/604 530/2179/2175 529/618/605
f 532/620/607 530/2179/2175 531/617/604
f 533/622/609 536/1746/1784 537/623/610
f 538/625/612 537/2180/2176 536/626/613
f 539/628/615 537/2180/2176 538/625/612
f 540/630/617 543/1749/1787 544/631/618
f 545/633/620 544/2181/2177 543/634/621
f 546/636/623 544/2181/2177 545/633/620
f 547/638/625 550/1748/1786 551/639/626
f 552/641/628 551/2182/2178 550/642/629
f 553/644/631 551/2183/2178 552/645/628
f 554/647/633 557/2184/2179 558/648/634
f 559/650/636 558/2185/2180 557/651/637
f 560/653/639 558/2186/2180 559/654/636
f 561/656/641 564/2187/2181 565/657/642
f 566/659/644 565/2188/2182 564/660/645
f 567/662/647 565/2188/2182 566/659/644
f 568/664/649 571/2189/2183 572/665/650
f 573/667/652 572/2190/2184 571/668/653
f 574/670/655 572/2190/2184 573/667/652
f 575/672/657 578/1750/1788 579/673/658
f 580/675/660 579/2191/2185 578/676/661
f 581/678/663 579/2192/2185 580/679/660
f 582/681/665 585/2193/2186 586/682/666
f 587/684/668 586/2194/2187 585/685/669
f 588/687/671 586/2195/2187 587/688/668
f 589/690/673 592/2196/2188 593/691/674
f 594/693/676 593/2197/2189 592/694/677
f 595/696/679 593/2197/2189 594/693/676
f 596/698/681 599/2198/2190 600/699/682
f 601/701/684 600/2199/2191 599/702/685
f 602/704/687 600/2199/2191 601/701/684
f 603/706/689 606/2200/2192 607/707/690
f 608/709/692 607/2201/2193 606/710/693
f 609/1751/695 607/2202/2193 608/2203/692
f 610/714/697 613/1755/1790 614/715/698
f 615/2204/700 614/2205/2194 613/2206/701
f 616/720/703 614/2207/2194 615/717/700
f 617/722/705 620/1753/1789 621/723/706
f 622/725/708 621/2208/2195 620/726/709
f 623/728/711 621/2208/2195 622/725/708
f 624/730/713 627/1757/1792 628/731/714
f 629/733/716 628/2209/2196 627/734/717
f 630/736/719 628/2209/2196 629/733/716
f 631/738/721 634/1775/1810 635/739/722
f 632/741/724 636/1760/1795 635/742/725
f 633/744/727 637/1759/1794 635/745/728
f 638/747/730 641/1778/1813 642/748/731
f 639/750/733 643/1762/1797 642/751/734
f 640/753/736 644/1761/1796 642/754/737
f 645/756/739 648/1758/1793 649/757/740
f 646/759/742 650/2210/2197 649/760/743
f 647/762/745 651/1766/1801 649/763/746
f 652/765/748 655/1767/1802 656/766/749
f 653/768/751 657/1764/1799 656/769/752
f 654/771/754 658/1763/1798 656/772/755
f 659/774/757 662/1771/1806 663/775/758
f 660/777/760 664/2211/2198 663/778/761
f 661/780/763 665/1776/1811 663/781/764
f 666/783/766 669/1777/1812 670/784/767
f 667/786/769 671/1774/1809 670/787/770
f 668/789/772 672/2212/2199 670/790/773
f 673/792/775 676/1765/1800 677/793/776
f 674/795/778 678/1770/1805 677/796/779
f 675/798/781 679/1772/1807 677/799/782
f 680/801/784 683/1773/1808 684/802/785
f 681/804/787 685/1769/1804 684/805/788
f 682/807/790 686/1768/1803 684/808/791
f 687/810/793 690/1796/1831 691/811/794
f 688/813/796 692/817/1815 691/814/797
f 689/816/799 693/2213/2200 691/814/800
f 694/818/802 697/2214/1834 698/819/803
f 695/821/805 699/1782/1816 698/822/806
f 696/824/808 700/820/2201 698/819/809
f 701/826/811 704/1779/1814 705/827/812
f 702/829/814 706/833/1819 705/830/815
f 703/832/817 707/1785/1821 705/830/818
f 708/834/820 711/1788/1822 712/835/821
f 709/837/823 713/841/1818 712/838/824
f 710/840/826 714/2215/1817 712/838/827
f 715/842/829 718/1790/1825 719/843/830
f 716/845/832 720/849/1830 719/846/833
f 717/848/835 721/1797/1832 719/846/836
f 722/850/838 725/1800/1833 726/851/839
f 723/853/841 727/857/1829 726/854/842
f 724/856/844 728/2216/1828 726/854/845
f 729/858/847 732/1784/1820 733/859/848
f 730/861/850 734/865/2202 733/862/851
f 731/864/853 735/1791/1826 733/862/854
f 736/866/856 739/1794/1827 740/867/857
f 737/869/859 741/873/1824 740/870/860
f 738/872/862 742/2217/1823 740/870/863
f 743/874/865 746/1819/1852 747/875/866
f 744/877/868 748/1803/1836 747/878/869
f 745/880/871 749/2218/2203 747/881/872
f 750/883/874 753/1822/1855 754/884/875
f 751/886/877 755/1805/1838 754/887/878
f 752/889/880 756/1804/1837 754/890/881
f 757/892/883 760/1802/1835 761/893/884
f 758/895/886 762/2219/2204 761/896/887
f 759/898/889 763/1808/1841 761/899/890
f 764/901/892 767/1809/1842 768/902/893
f 765/904/895 769/1806/1839 768/905/896
f 766/907/898 770/2220/2205 768/908/899
f 771/910/901 774/1813/1846 775/911/902
f 772/913/904 776/1818/1851 775/914/905
f 773/916/907 777/1820/1853 775/917/908
f 778/919/910 781/1821/1854 782/920/911
f 779/922/913 783/1817/1850 782/923/914
f 780/925/916 784/1816/1849 782/926/917
f 785/928/919 788/1807/1840 789/929/920
f 786/931/922 790/1812/1845 789/932/923
f 787/934/925 791/1814/1847 789/935/926
f 792/937/928 795/1815/1848 796/938/929
f 793/940/931 797/1811/1844 796/941/932
f 794/943/934 798/1810/1843 796/944/935
f 799/946/937 802/1841/1872 803/947/938
f 800/949/940 804/953/1858 803/950/941
f 801/952/943 805/1824/1857 803/950/944
f 806/954/946 809/2221/2206 810/955/947
f 807/957/949 811/1827/1859 810/958/950
f 808/960/952 812/956/2207 810/955/953
f 813/962/955 816/1823/1856 817/963/956
f 814/965/958 818/969/1861 817/966/959
f 815/968/961 819/1830/1863 817/966/962
f 820/970/964 823/1833/1864 824/971/965
f 821/973/967 825/977/1860 824/974/968
f 822/976/970 826/2222/2208 824/974/971
f 827/978/973 830/1835/1867 831/979/974
f 828/981/976 832/985/2209 831/982/977
f 829/984/979 833/1842/1873 831/982/980
f 834/986/982 837/1845/1874 838/987/983
f 835/989/985 839/993/1871 838/990/986
f 836/992/988 840/2223/1870 838/990/989
f 841/994/991 844/1829/1862 845/995/992
f 842/997/994 846/1001/1866 845/998/995
f 843/1000/997 847/1836/1868 845/998/998
f 848/1002/1000 851/1839/1869 852/1003/1001
f 849/1005/1003 853/1009/1865 852/1006/1004
f 850/1008/1006 854/2224/2210 852/1006/1007
f 855/1010/1009 858/1864/1892 859/1011/1010
f 856/1013/1012 860/1849/1877 859/1014/1013
f 857/1016/1015 861/1848/1876 859/1017/1016
f 862/1019/1018 865/2225/2211 866/1020/1019
f 863/1022/1021 867/1851/1879 866/1023/1022
f 864/1025/1024 868/1850/1878 866/1026/1025
f 869/1028/1027 872/1847/1875 873/1029/1028
f 870/1031/1030 874/1853/1881 873/1032/1031
f 871/1034/1033 875/1855/1883 873/1035/1034
f 876/1037/1036 879/1856/1884 880/1038/1037
f 877/1040/1039 881/1852/1880 880/1041/1040
f 878/1043/1042 882/2226/2212 880/1044/1043
f 883/1046/1045 886/1859/1887 887/1047/1046
f 884/1049/1048 888/2227/2213 887/1050/1049
f 885/1052/1051 889/2228/2214 887/1053/1052
f 890/1055/1054 893/1865/1893 894/1056/1055
f 891/1058/1057 895/1863/1891 894/1059/1058
f 892/1061/1060 896/1862/1890 894/1062/1061
f 897/1064/1063 900/1854/1882 901/1065/1064
f 898/1067/1066 902/1858/1886 901/1068/1067
f 899/1070/1069 903/1860/1888 901/1071/1070
f 904/1073/1072 907/1861/1889 908/1074/1073
f 905/1076/1075 909/1857/1885 908/1077/1076
f 906/1079/1078 910/2229/2215 908/1080/1079
f 911/1082/1081 914/1882/1910 915/1083/1082
f 912/1085/1084 916/1089/1896 915/1086/1085
f 913/1088/1087 917/1867/1895 915/1086/1088
f 918/1090/1090 921/2230/1913 922/1091/1091
f 919/1093/1093 923/1870/1898 922/1094/1094
f 920/1096/1096 924/1092/1897 922/1091/1097
f 925/1098/1099 928/1866/1894 929/1099/1100
f 926/1101/1102 930/1105/2216 929/1102/1103
f 927/1104/1105 931/2231/2217 929/1102/1106
f 932/1106/1108 935/1875/1902 936/1107/1109
f 933/1109/1111 937/1113/1900 936/1110/1112
f 934/1112/1114 938/2232/1899 936/1110/1115
f 939/1114/1117 942/1877/1906 943/1115/1118
f 940/1117/1120 944/1121/1909 943/1118/1121
f 941/1120/1123 945/1883/1911 943/1118/1124
f 946/1122/1126 949/1886/1912 950/1123/1127
f 947/1125/1129 951/1129/1908 950/1126/1130
f 948/1128/1132 952/2233/2218 950/1126/1133
f 953/1130/1135 956/1872/1901 957/1131/1136
f 954/1133/1138 958/1137/1905 957/1134/1139
f 955/1136/1141 959/2234/2219 957/1134/1142
f 960/1138/1144 963/1880/1907 964/1139/1145
f 961/1141/1147 965/1145/1904 964/1142/1148
f 962/1144/1150 966/2235/1903 964/1142/1151
f 967/1146/1153 970/1905/1931 971/1147/1154
f 968/1149/1156 972/1890/1916 971/1150/1157
f 969/1152/1159 973/1889/1915 971/1153/1160
f 974/1155/1162 977/1908/1934 978/1156/1163
f 975/1158/1165 979/1892/1918 978/1159/1166
f 976/1161/1168 980/1891/1917 978/1162/1169
f 981/1164/1171 984/1888/1914 985/1165/1172
f 982/1167/1174 986/2236/2220 985/1168/1175
f 983/1170/1177 987/1896/1922 985/1171/1178
f 988/1173/1180 991/1897/1923 992/1174/1181
f 989/1176/1183 993/1894/1920 992/1177/1184
f 990/1179/1186 994/1893/1919 992/1180/1187
f 995/1182/1189 998/1900/1926 999/1183/1190
f 996/1185/1192 1000/1904/1930 999/1186/1193
f 997/1188/1195 1001/1906/1932 999/1189/1196
f 1002/1191/1198 1005/1907/1933 1006/1192/1199
f 1003/1194/1201 1007/1903/1929 1006/1195/1202
f 1004/1197/1204 1008/1902/1928 1006/1198/1205
f 1009/1200/1207 1012/1895/1921 1013/1201/1208
f 1010/1203/1210 1014/2237/2221 1013/1204/1211
f 1011/1206/1213 1015/2238/2222 1013/1207/1214
f 1016/1209/1216 1019/1901/1927 1020/1210/1217
f 1017/1212/1219 1021/1899/1925 1020/1213/1220
f 1018/1215/1222 1022/1898/1924 1020/1216/1223
f 1023/1218/1225 1026/1927/1953 1027/1219/1226
f 1024/1221/1228 1028/1225/1937 1027/1222/1229
f 1025/1224/1231 1029/1910/1936 1027/1222/1232
f 1030/1226/1234 1033/2239/1955 1034/1227/1235
f 1031/1229/1237 1035/1913/1939 1034/1230/1238
f 1032/1232/1240 1036/1228/1938 1034/1227/1241
f 1037/1234/1243 1040/1909/1935 1041/1235/1244
f 1038/1237/1246 1042/1241/2223 1041/1238/1247
f 1039/1240/1249 1043/1916/1943 1041/1238/1250
f 1044/1242/1252 1047/1919/1944 1048/1243/1253
f 1045/1245/1255 1049/1249/1941 1048/1246/1256
f 1046/1248/1258 1050/2240/1940 1048/1246/1259
f 1051/1250/1261 1054/1921/1947 1055/1251/1262
f 1052/1253/1264 1056/1257/1952 1055/1254/1265
f 1053/1256/1267 1057/2241/2224 1055/1254/1268
f 1058/1258/1270 1061/1930/1954 1062/1259/1271
f 1059/1261/1273 1063/1265/1951 1062/1262/1274
f 1060/1264/1276 1064/2242/1950 1062/1262/1277
f 1065/1266/1279 1068/1915/1942 1069/1267/1280
f 1066/1269/1282 1070/1273/2225 1069/1270/1283
f 1067/1272/1285 1071/1922/1948 1069/1270/1286
f 1072/1274/1288 1075/1925/1949 1076/1275/1289
f 1073/1277/1291 1077/1281/1946 1076/1278/1292
f 1074/1280/1294 1078/2243/1945 1076/1278/1295
f 1079/1282/1297 1082/1294/1975 1083/1283/1298
f 1080/1285/1300 1084/1933/1958 1083/1286/1301
f 1081/1288/1303 1085/1932/1957 1083/1289/1304
f 1086/1291/1306 1089/1948/1977 1090/1292/1307
f 1087/1282/1309 1091/1284/1960 1090/1283/1310
f 1088/1295/1312 1092/1934/1959 1090/1296/1313
f 1093/1298/1315 1096/1309/1956 1097/1299/1316
f 1094/1301/1318 1098/1937/1963 1097/1302/1319
f 1095/1304/1321 1099/1938/1965 1097/1305/1322
f 1100/1307/1324 1103/1939/1966 1104/1308/1325
f 1101/1310/1327 1105/1936/1962 1104/1311/1328
f 1102/1313/1330 1106/1935/1961 1104/1314/1331
f 1107/1316/1333 1110/1942/1969 1111/1317/1334
f 1108/1319/1336 1112/1946/1974 1111/1320/1337
f 1109/1322/1339 1113/2244/2226 1111/1323/1340
f 1114/1316/1342 1117/1947/1976 1118/1325/1343
f 1115/1327/1345 1119/1945/1973 1118/1328/1346
f 1116/1330/1348 1120/1944/1972 1118/1331/1349
f 1121/1333/1351 1124/1342/1964 1125/1334/1352
f 1122/1336/1354 1126/1941/1968 1125/1337/1355
f 1123/1339/1357 1127/1943/1970 1125/1340/1358
f 1128/1333/1360 1131/1335/1971 1132/1334/1361
f 1129/1343/1363 1133/1940/1967 1132/1344/1364
f 1130/1346/1366 1134/2245/2227 1132/1347/1367
f 1135/1349/1369 1138/1361/1996 1139/1350/1370
f 1136/1352/1372 1140/1356/1980 1139/1353/1373
f 1137/1355/1375 1141/2246/1979 1139/1353/1376
f 1142/1357/1378 1145/1965/1998 1146/1358/1379
f 1143/1349/1381 1147/1351/1982 1146/1360/1382
f 1144/1362/1384 1148/1359/1981 1146/1358/1385
f 1149/1364/1387 1152/1949/1978 1153/1365/1388
f 1150/1367/1390 1154/1371/1985 1153/1368/1391
f 1151/1370/1393 1155/2247/2228 1153/1368/1394
f 1156/1364/1396 1159/1956/1987 1160/1372/1397
f 1157/1374/1399 1161/1378/1984 1160/1375/1400
f 1158/1377/1402 1162/1951/1983 1160/1375/1403
f 1163/1379/1405 1166/1388/1991 1167/1380/1406
f 1164/1382/1408 1168/1386/1995 1167/1383/1409
f 1165/1385/1411 1169/2248/2229 1167/1383/1412
f 1170/1379/1414 1173/1381/1997 1174/1387/1415
f 1171/1389/1417 1175/1393/1994 1174/1390/1418
f 1172/1392/1420 1176/1961/1993 1174/1390/1421
f 1177/1394/1423 1180/1954/1986 1181/1395/1424
f 1178/1397/1426 1182/1401/1990 1181/1398/1427
f 1179/1400/1429 1183/2249/2230 1181/1398/1430
f 1184/1394/1432 1187/1396/1992 1188/1402/1433
f 1185/1404/1435 1189/1408/1989 1188/1405/1436
f 1186/1407/1438 1190/1957/1988 1188/1405/1439
f 1191/1409/1441 1194/1420/2017 1195/1410/1442
f 1192/1412/1444 1196/1416/2001 1195/1413/1445
f 1193/1415/1447 1197/2250/2000 1195/1413/1448
f 1198/1417/1450 1201/2251/2231 1202/1418/1451
f 1199/1409/1453 1203/1411/2003 1202/1410/1454
f 1200/1421/1456 1204/1419/2002 1202/1418/1457
f 1205/1423/1459 1208/1968/1999 1209/1424/1460
f 1206/1426/1462 1210/1430/2006 1209/1427/1463
f 1207/1429/1465 1211/2252/2232 1209/1427/1466
f 1212/1423/1468 1215/1975/2008 1216/1431/1469
f 1213/1433/1471 1217/1437/2005 1216/1434/1472
f 1214/1436/1474 1218/1970/2004 1216/1434/1475
f 1219/1438/1477 1222/1446/2011 1223/1439/1478
f 1220/1441/1480 1224/1445/2016 1223/1442/1481
f 1221/1444/1483 1225/2253/2018 1223/1442/1484
f 1226/1438/1486 1229/1440/2019 1230/1439/1487
f 1227/1447/1489 1231/1451/2015 1230/1448/1490
f 1228/1450/1492 1232/1980/2014 1230/1448/1493
f 1233/1452/1495 1236/1973/2007 1237/1453/1496
f 1234/1455/1498 1238/1459/2010 1237/1456/1499
f 1235/1458/1501 1239/2254/2012 1237/1456/1502
f 1240/1452/1504 1243/1979/2013 1244/1460/1505
f 1241/1462/1507 1245/1466/2009 1244/1463/1508
f 1242/1465/1510 1246/2255/2233 1244/1463/1511
f 1247/1467/1513 1250/1999/2038 1251/1468/1514
f 1248/1470/1516 1252/1474/2022 1251/1471/1517
f 1249/2044/1519 1253/1986/2021 1251/2256/1520
f 1254/1475/1522 1257/2257/2234 1258/1476/1523
f 1255/1478/1525 1259/1987/2024 1258/1479/1526
f 1256/2258/1528 1260/1477/2023 1258/1476/1529
f 1261/1484/1531 1264/1493/2020 1265/1485/1532
f 1262/1487/1534 1266/1491/2026 1265/1488/1535
f 1263/1990/1537 1267/2259/2235 1265/2260/1538
f 1268/1492/1540 1271/1991/2028 1272/1485/1541
f 1269/1988/1543 1273/1499/2025 1272/1498/1544
f 1270/1497/1546 1274/2261/2236 1272/1498/1547
f 1275/1500/1549 1278/1994/2032 1279/1501/1550
f 1276/1503/1552 1280/1507/2037 1279/1504/1553
f 1277/2000/1555 1281/2262/2237 1279/2263/1556
f 1282/1508/1558 1285/2001/2039 1286/1509/1559
f 1283/1998/1561 1287/1516/2036 1286/1515/1562
f 1284/1514/1564 1288/1997/2035 1286/1515/1565
f 1289/1517/1567 1292/1989/2027 1293/1518/1568
f 1290/1520/1570 1294/1524/2031 1293/1521/1571
f 1291/2045/1573 1295/1995/2033 1293/2264/1574
f 1296/1517/1576 1299/1996/2034 1300/1525/1577
f 1297/1993/1579 1301/1532/2030 1300/1531/1580
f 1298/1530/1582 1302/1992/2029 1300/1531/1583
f 1303/1533/1585 1306/2013/2058 1307/1534/1586
f 1304/2004/1588 1308/1541/2042 1307/1540/1589
f 1305/1539/1591 1309/2003/2041 1307/1540/1592
f 1310/2265/1594 1313/2015/2060 1314/2266/1595
f 1311/1533/1597 1315/2005/2044 1314/1534/1598
f 1312/1546/1600 1316/1544/2043 1314/1543/1601
f 1317/1548/1603 1320/2002/2040 1321/1549/1604
f 1318/2267/1606 1322/1556/2046 1321/1555/1607
f 1319/1554/1609 1323/2007/2048 1321/1555/1610
f 1324/1557/1612 1327/2008/2049 1328/1558/1613
f 1325/1560/1615 1329/1564/2045 1328/1561/1616
f 1326/2006/1618 1330/2268/2238 1328/2269/1619
f 1331/1565/1621 1334/1575/2053 1335/1566/1622
f 1332/2270/1624 1336/1573/2057 1335/1572/1625
f 1333/1571/1627 1337/2271/2239 1335/1572/1628
f 1338/1574/1630 1341/2014/2059 1342/1566/1631
f 1339/1576/1633 1343/1580/2056 1342/1577/1634
f 1340/2012/1636 1344/2272/2240 1342/2273/1637
f 1345/1581/1639 1348/1591/2047 1349/1582/1640
f 1346/2274/1642 1350/1589/2052 1349/1588/1643
f 1347/1587/1645 1351/2010/2054 1349/1588/1646
f 1352/1581/1648 1355/2011/2055 1356/1590/1649
f 1353/1592/1651 1357/1596/2051 1356/1593/1652
f 1354/2275/1654 1358/2009/2050 1356/2276/1655
f 1359/1597/1657 1362/1608/2078 1363/1598/1658
f 1360/1600/1660 1364/1604/2063 1363/1601/1661
f 1361/1603/1663 1365/2277/2062 1363/1601/1664
f 1366/1605/1666 1369/2030/2080 1370/1606/1667
f 1367/1597/1669 1371/1599/2065 1370/1598/1670
f 1368/1609/1672 1372/1607/2064 1370/1606/1673
f 1373/1611/1675 1376/2016/2061 1377/1612/1676
f 1374/1614/1678 1378/1618/2067 1377/1615/1679
f 1375/1617/1681 1379/2278/2069 1377/1615/1682
f 1380/1619/1684 1383/2021/2070 1384/1620/1685
f 1381/1622/1687 1385/1626/2066 1384/1623/1688
f 1382/1625/1690 1386/2279/2241 1384/1623/1691
f 1387/1627/1693 1390/2024/2073 1391/1628/1694
f 1388/1630/1696 1392/1634/2077 1391/1631/1697
f 1389/1633/1699 1393/2280/2242 1391/1631/1700
f 1394/1635/1702 1397/2029/2079 1398/1636/1703
f 1395/1638/1705 1399/1642/2076 1398/1639/1706
f 1396/1641/1708 1400/2281/2243 1398/1639/1709
f 1401/1643/1711 1404/1653/2068 1405/1644/1712
f 1402/1646/1714 1406/1650/2072 1405/1647/1715
f 1403/1649/1717 1407/2282/2074 1405/1647/1718
f 1408/1651/1720 1411/1645/2075 1412/1652/1721
f 1409/1654/1723 1413/1658/2071 1412/1655/1724
f 1410/1657/1726 1414/2283/2244 1412/1655/1727
f 16/22/22 18/21/21 7/7/7
f 18/1659/1729 15/17/17 1/1/1
f 24/34/32 9/14/14 11/13/13
f 11/1660/1730 8/9/9 22/26/25
f 2/6/6 10/16/16 13/12/12
f 13/12/12 9/14/14 3/8/8
f 23/31/30 17/25/24 20/24/20
f 27/33/28 20/20/20 16/22/22
f 30/40/38 32/39/37 21/23/23
f 32/1661/1731 29/35/33 15/17/17
f 38/50/48 23/31/30 25/30/29
f 42/45/43 25/2053/2084 22/26/25
f 31/42/40 34/38/36 41/46/44
f 34/38/36 30/40/38 38/50/48
f 44/56/54 46/55/53 35/41/39
f 46/1662/1732 43/51/49 29/35/33
f 52/66/64 37/48/46 39/47/45
f 56/61/59 39/2057/2087 36/43/41
f 45/58/56 48/54/52 55/62/60
f 48/54/52 44/56/54 52/66/64
f 58/72/70 60/71/69 49/1663/55
f 60/1665/1733 57/67/65 43/51/49
f 66/82/80 51/2033/62 53/1666/61
f 53/1667/1734 50/59/57 64/75/73
f 65/80/78 59/74/72 62/70/68
f 62/70/68 58/72/70 66/82/80
f 72/88/86 74/87/85 63/73/71
f 63/69/67 74/2066/2094 71/83/81
f 65/80/78 67/79/77 84/97/95
f 84/93/91 67/2064/2092 64/75/73
f 73/90/88 76/86/84 83/94/92
f 76/86/84 72/88/86 80/98/96
f 86/1668/102 88/2284/101 77/89/87
f 88/1669/1735 85/99/97 71/83/81
f 79/96/94 81/95/93 98/1670/111
f 98/109/107 81/2068/2096 78/91/89
f 87/106/104 90/102/100 97/110/108
f 97/110/108 90/102/100 86/104/102
f 100/120/118 102/119/117 91/105/103
f 91/101/99 102/2072/2100 99/115/113
f 93/112/110 95/111/109 112/129/127
f 95/1672/1736 92/107/105 106/123/121
f 101/122/120 104/118/116 111/126/124
f 104/118/116 100/120/118 108/130/128
f 101/122/120 114/136/134 116/135/133
f 116/1673/1737 113/131/129 99/115/113
f 107/128/126 109/127/125 126/146/143
f 109/1674/1738 106/123/121 120/140/137
f 115/139/136 118/138/132 125/143/140
f 118/134/132 114/136/134 122/148/144
f 115/139/136 2/6/6 4/5/5
f 4/1675/1739 1/1/1 113/131/129
f 10/16/16 121/145/142 123/144/141
f 14/11/11 123/2077/2104 120/140/137
f 142/170/166 144/169/165 133/155/151
f 144/1676/1740 141/165/161 127/149/145
f 150/180/176 135/162/158 137/161/157
f 137/1677/1741 134/157/153 148/173/169
f 136/164/160 139/160/156 132/152/148
f 139/160/156 135/162/158 129/156/152
f 143/172/168 146/168/164 153/176/172
f 146/168/164 142/170/166 150/180/176
f 143/172/168 156/2034/182 158/1678/181
f 147/167/163 158/2084/2110 155/181/177
f 164/1679/192 149/178/174 151/177/173
f 151/1681/1742 148/173/169 162/189/185
f 157/188/184 160/184/180 167/192/188
f 167/192/188 160/184/180 156/186/182
f 170/202/198 172/201/197 161/187/183
f 172/1682/1743 169/197/193 155/181/177
f 163/194/190 165/193/189 182/211/207
f 165/1683/1744 162/189/185 176/205/201
f 177/210/206 171/204/200 174/200/196
f 174/200/196 170/202/198 178/212/208
f 184/1684/214 186/2091/213 175/203/199
f 175/199/195 186/2089/2115 183/213/209
f 192/229/224 177/210/206 179/209/205
f 179/1685/1745 176/205/201 190/221/217
f 185/220/216 188/216/212 195/224/220
f 188/1686/212 184/1684/214 192/229/224
f 198/235/230 200/234/229 189/219/215
f 200/1687/1746 197/230/225 183/213/209
f 191/226/222 193/225/221 210/244/239
f 193/1688/1747 190/221/217 204/238/233
f 199/237/232 202/233/228 209/241/236
f 202/233/228 198/235/230 206/245/240
f 199/237/232 212/251/246 214/250/245
f 214/1689/1748 211/246/241 197/230/225
f 220/263/256 205/243/238 207/242/237
f 224/257/251 207/2096/2119 204/238/233
f 213/254/248 216/253/244 223/258/252
f 223/262/252 216/249/244 212/251/246
f 213/254/248 226/269/262 228/268/261
f 217/248/243 228/2102/2123 225/264/257
f 219/260/254 221/259/253 238/278/271
f 221/1690/1749 218/255/249 232/272/265
f 227/271/264 230/267/260 237/275/268
f 230/267/260 226/269/262 234/279/272
f 240/285/278 242/284/277 231/270/263
f 242/1691/1750 239/280/273 225/264/257
f 233/277/270 235/276/269 252/294/287
f 235/1692/1751 232/272/265 246/288/281
f 247/293/286 241/287/280 244/283/276
f 251/291/284 244/283/276 240/285/278
f 128/154/150 130/153/149 245/1693/279
f 130/1695/1752 127/149/145 239/280/273
f 247/1696/286 249/2110/285 140/163/159
f 249/1697/1753 246/288/281 134/157/153
f 268/317/310 270/316/309 259/302/295
f 270/1698/1754 267/312/305 253/296/289
f 261/309/302 263/308/301 280/326/319
f 263/1699/1755 260/304/297 274/320/313
f 262/311/304 265/307/300 258/299/292
f 265/307/300 261/309/302 255/303/296
f 275/325/318 269/319/312 272/315/308
f 279/323/316 272/315/308 268/317/310
f 282/333/326 284/332/325 273/318/311
f 284/1700/1756 281/328/321 267/312/305
f 275/325/318 277/324/317 294/343/335
f 277/1701/1757 274/320/313 288/337/329
f 283/336/328 286/335/324 293/340/332
f 286/331/324 282/333/326 290/345/336
f 296/351/342 298/350/341 287/334/327
f 287/330/323 298/2126/2135 295/346/337
f 304/361/352 289/342/334 291/341/333
f 308/356/347 291/2123/2133 288/337/329
f 297/353/344 300/349/340 307/357/348
f 300/349/340 296/351/342 304/361/352
f 310/367/358 312/366/357 301/352/343
f 312/1702/1758 309/362/353 295/346/337
f 303/359/350 305/358/349 322/376/367
f 305/1703/1759 302/354/345 316/370/361
f 311/369/360 314/365/356 321/373/364
f 321/373/364 314/365/356 310/367/358
f 324/383/374 326/382/373 315/1704/359
f 315/364/355 326/2135/2140 323/378/369
f 332/393/384 317/2035/366 319/1706/365
f 319/1707/1760 316/370/361 330/386/377
f 325/385/376 328/381/372 335/389/380
f 335/389/380 328/381/372 324/383/374
f 338/399/390 340/398/389 329/384/375
f 329/380/371 340/2139/2144 337/394/385
f 346/409/400 331/391/382 333/390/381
f 350/404/395 333/2137/2142 330/386/377
f 339/401/392 342/397/388 349/405/396
f 349/405/396 342/397/388 338/399/390
f 352/415/406 354/414/405 343/1708/391
f 354/1710/1761 351/410/401 337/394/385
f 345/1711/398 347/2285/397 364/424/415
f 347/1712/1762 344/402/393 358/418/409
f 353/417/408 356/413/404 363/421/412
f 356/413/404 352/415/406 360/425/416
f 353/417/408 366/431/422 368/430/421
f 368/1713/1763 365/426/417 351/410/401
f 359/423/414 361/422/413 378/440/431
f 361/1714/1764 358/418/409 372/434/425
f 373/439/430 367/433/424 370/429/420
f 377/437/428 370/429/420 366/431/422
f 254/1715/294 256/2114/293 371/432/423
f 256/1716/1765 253/296/289 365/426/417
f 373/439/430 375/438/429 266/1717/303
f 375/1719/1766 372/434/425 260/304/297
f 394/465/454 396/464/453 385/448/439
f 396/1720/1767 393/460/449 379/442/433
f 387/456/446 389/455/445 406/474/463
f 389/1721/1768 386/451/441 400/468/457
f 380/447/438 388/459/448 391/458/444
f 391/454/444 387/456/446 381/450/440
f 395/467/456 398/463/452 405/471/460
f 398/463/452 394/465/454 402/475/464
f 408/481/470 410/480/469 399/466/455
f 410/1722/1769 407/476/465 393/460/449
f 401/473/462 403/472/461 420/490/479
f 403/1723/1770 400/468/457 414/484/473
f 415/489/478 409/483/472 412/479/468
f 412/479/468 408/481/470 416/491/480
f 409/1724/472 422/497/486 424/496/485
f 424/1726/1771 421/492/481 407/476/465
f 415/1727/478 417/2286/477 434/506/495
f 417/1728/1772 414/484/473 428/500/489
f 423/499/488 426/495/484 433/503/492
f 426/495/484 422/497/486 430/507/496
f 423/499/488 436/513/502 438/512/501
f 438/1729/1773 435/508/497 421/492/481
f 444/523/512 429/505/494 431/504/493
f 431/1730/1774 428/500/489 442/516/505
f 437/515/504 440/511/500 447/519/508
f 447/519/508 440/511/500 436/513/502
f 450/1731/518 452/2161/517 441/514/503
f 452/1732/1775 449/524/513 435/508/497
f 443/521/510 445/520/509 462/1733/527
f 445/1735/1776 442/516/505 456/532/521
f 451/531/520 454/527/516 461/535/524
f 461/535/524 454/527/516 450/529/518
f 464/545/534 466/544/533 455/530/519
f 466/1736/1777 463/540/529 449/524/513
f 457/537/526 459/536/525 476/554/543
f 476/550/539 459/2163/2163 456/532/521
f 471/553/542 465/547/536 468/543/532
f 475/551/540 468/543/532 464/545/534
f 465/547/536 478/561/550 480/560/549
f 480/1737/1778 477/556/545 463/540/529
f 471/553/542 473/552/541 490/571/559
f 473/1738/1779 470/548/537 484/565/553
f 485/570/558 479/564/552 482/563/548
f 489/572/556 482/559/548 478/561/550
f 492/579/566 494/578/565 483/562/551
f 494/1739/1780 491/574/561 477/556/545
f 485/570/558 487/569/557 504/588/575
f 504/584/571 487/2171/2168 484/565/553
f 499/587/574 493/581/568 496/577/564
f 503/585/572 496/577/564 492/579/566
f 380/447/438 382/446/437 497/580/567
f 497/576/563 382/2146/2151 379/442/433
f 388/459/448 499/587/574 501/586/573
f 501/1740/1781 498/582/569 386/451/441
f 507/597/584 520/2036/598 522/1741/597
f 522/1742/1782 519/606/593 505/590/577
f 513/603/590 515/602/589 532/1743/607
f 515/1745/1783 512/598/585 526/614/601
f 514/605/592 517/601/588 510/593/580
f 510/593/580 517/601/588 513/603/590
f 527/619/606 521/613/600 524/609/596
f 531/617/604 524/609/596 520/611/598
f 534/627/614 536/626/613 525/612/599
f 536/1746/1784 533/622/609 519/606/593
f 527/619/606 529/618/605 546/636/623
f 529/1747/1785 526/614/601 540/630/617
f 541/635/622 535/629/616 538/625/612
f 538/625/612 534/627/614 542/637/624
f 535/629/616 548/643/630 550/642/629
f 550/1748/1786 547/638/625 533/622/609
f 541/635/622 543/634/621 560/653/639
f 543/1749/1787 540/630/617 554/647/633
f 555/652/638 549/646/632 552/645/628
f 559/654/636 552/641/628 548/643/630
f 562/661/646 564/660/645 553/644/631
f 553/640/627 564/2187/2181 561/656/641
f 555/652/638 557/651/637 574/670/655
f 574/666/651 557/2184/2179 554/647/633
f 563/663/648 566/659/644 573/667/652
f 573/667/652 566/659/644 562/661/646
f 576/677/662 578/676/661 567/662/647
f 578/1750/1788 575/672/657 561/656/641
f 584/689/672 569/669/654 571/668/653
f 588/683/667 571/2189/2183 568/664/649
f 577/680/664 580/679/660 587/684/668
f 587/688/668 580/675/660 576/677/662
f 590/695/678 592/694/677 581/678/663
f 581/674/659 592/2196/2188 589/690/673
f 583/686/670 585/685/669 602/704/687
f 602/700/683 585/2193/2186 582/681/665
f 597/703/686 591/697/680 594/693/676
f 601/701/684 594/693/676 590/695/678
f 604/711/694 606/710/693 595/696/679
f 595/692/675 606/2200/2192 603/706/689
f 597/703/686 599/702/685 616/720/703
f 616/716/699 599/2198/2190 596/698/681
f 611/719/702 605/713/696 608/709/692
f 608/709/692 604/711/694 612/721/704
f 618/727/710 620/726/709 609/1751/695
f 620/1753/1789 617/722/705 603/706/689
f 611/1754/702 613/2206/701 630/736/719
f 613/1755/1790 610/714/697 624/730/713
f 619/729/712 622/725/708 629/733/716
f 622/725/708 618/727/710 626/737/720
f 506/595/582 508/594/581 623/728/711
f 508/1756/1791 505/590/577 617/722/705
f 514/605/592 625/735/718 627/734/717
f 627/1757/1792 624/730/713 512/598/585
f 631/738/721 637/740/723 648/1758/1793
f 637/1759/1794 633/744/727 646/759/742
f 632/741/724 638/747/730 644/749/732
f 644/1761/1796 640/753/736 633/744/727
f 652/765/748 658/767/750 643/1762/1797
f 658/1763/1798 654/771/754 640/753/736
f 653/768/751 647/762/745 650/764/747
f 657/773/756 650/2210/2197 646/759/742
f 645/756/739 651/758/741 676/1765/1800
f 651/1766/1801 647/762/745 674/795/778
f 652/765/748 680/801/784 686/803/786
f 686/1768/1803 682/807/790 653/768/751
f 675/798/781 678/800/783 685/1769/1804
f 678/1770/1805 674/795/778 682/807/790
f 659/774/757 673/792/775 679/794/777
f 679/1772/1807 675/798/781 660/777/760
f 666/783/766 672/785/768 683/1773/1808
f 683/806/789 672/2212/2199 668/789/772
f 661/780/763 664/782/765 671/1774/1809
f 671/791/774 664/2211/2198 660/777/760
f 631/738/721 659/774/757 665/776/759
f 665/1776/1811 661/780/763 632/741/724
f 639/750/733 641/752/735 669/1777/1812
f 641/1778/1813 638/747/730 667/786/769
f 687/810/793 693/812/795 704/1779/1814
f 704/1780/816 693/2213/2200 689/816/799
f 694/818/802 700/820/804 692/817/1815
f 692/817/801 700/820/2201 696/824/808
f 695/821/805 708/834/820 714/836/822
f 714/1783/1817 710/2287/826 696/824/808
f 709/837/823 703/832/817 706/833/819
f 706/833/1819 702/829/814 710/840/826
f 729/858/847 701/826/811 707/828/813
f 707/1785/1821 703/832/817 730/1786/850
f 736/866/856 742/868/858 711/1788/1822
f 742/1789/1823 738/2288/862 709/837/823
f 731/864/853 734/865/855 741/873/1824
f 741/873/864 734/865/2202 730/861/850
f 715/842/829 729/858/847 735/860/849
f 735/1791/1826 731/864/853 716/1792/832
f 722/850/838 728/852/840 739/1794/1827
f 728/1795/1828 724/2038/844 737/869/859
f 717/848/835 720/849/837 727/857/1829
f 720/849/1830 716/845/832 724/856/844
f 715/842/829 721/844/831 690/1796/1831
f 721/1797/1832 717/848/835 688/1798/796
f 722/850/838 695/821/805 697/823/807
f 697/1801/1834 694/2037/802 723/853/841
f 757/892/883 743/874/865 749/876/867
f 760/897/888 749/2218/2203 745/880/871
f 744/877/868 750/883/874 756/885/876
f 756/1804/1837 752/889/880 745/880/871
f 764/901/892 770/903/894 755/1805/1838
f 755/891/882 770/2220/2205 766/907/898
f 759/898/889 762/900/891 769/1806/1839
f 769/909/900 762/2219/2204 758/895/886
f 785/928/919 757/892/883 763/894/885
f 763/1808/1841 759/898/889 786/931/922
f 764/901/892 792/937/928 798/939/930
f 798/1810/1843 794/943/934 765/904/895
f 793/940/931 787/934/925 790/936/927
f 790/1812/1845 786/931/922 794/943/934
f 785/928/919 791/930/921 774/1813/1846
f 791/1814/1847 787/934/925 772/913/904
f 778/919/910 784/921/912 795/1815/1848
f 784/1816/1849 780/925/916 793/940/931
f 779/922/913 773/916/907 776/918/909
f 776/1818/1851 772/913/904 780/925/916
f 743/874/865 771/910/901 777/912/903
f 777/1820/1853 773/916/907 744/877/868
f 778/919/910 751/886/877 753/888/879
f 753/1822/1855 750/883/874 779/922/913
f 813/962/955 799/946/937 805/948/939
f 805/1824/1857 801/952/943 814/1825/958
f 806/954/946 812/956/948 804/953/1858
f 804/953/945 812/956/2207 808/960/952
f 820/970/964 826/972/966 811/1827/1859
f 811/961/954 826/2289/2208 822/1828/970
f 815/968/961 818/969/963 825/977/1860
f 818/969/1861 814/965/958 822/976/970
f 841/994/991 813/962/955 819/964/957
f 819/1830/1863 815/968/961 842/1831/994
f 848/1002/1000 854/1004/1002 823/1833/1864
f 823/975/969 854/2290/2210 850/1834/1006
f 843/1000/997 846/1001/999 853/1009/1865
f 846/1001/1866 842/997/994 850/1008/1006
f 841/994/991 847/996/993 830/1835/1867
f 847/1836/1868 843/1000/997 828/1837/976
f 834/986/982 840/988/984 851/1839/1869
f 840/1840/1870 836/2291/988 849/1005/1003
f 829/984/979 832/985/981 839/993/1871
f 839/993/990 832/985/2209 828/981/976
f 827/978/973 833/980/975 802/1841/1872
f 833/1842/1873 829/984/979 800/1843/940
f 807/957/949 809/959/951 837/1845/1874
f 837/991/987 809/2292/2206 806/1846/946
f 855/1010/1009 861/1012/1011 872/1847/1875
f 861/1848/1876 857/1016/1015 870/1031/1030
f 856/1013/1012 862/1019/1018 868/1021/1020
f 868/1850/1878 864/1025/1024 857/1016/1015
f 876/1037/1036 882/1039/1038 867/1851/1879
f 867/1027/1026 882/2226/2212 878/1043/1042
f 877/1040/1039 871/1034/1033 874/1036/1035
f 874/1853/1881 870/1031/1030 878/1043/1042
f 869/1028/1027 875/1030/1029 900/1854/1882
f 875/1855/1883 871/1034/1033 898/1067/1066
f 904/1073/1072 910/1075/1074 879/1856/1884
f 879/1042/1041 910/2229/2215 906/1079/1078
f 905/1076/1075 899/1070/1069 902/1072/1071
f 902/1858/1886 898/1067/1066 906/1079/1078
f 897/1064/1063 903/1066/1065 886/1859/1887
f 903/1860/1888 899/1070/1069 884/1049/1048
f 890/1055/1054 896/1057/1056 907/1861/1889
f 896/1862/1890 892/1061/1060 905/1076/1075
f 885/1052/1051 888/1054/1053 895/1863/1891
f 895/1063/1062 888/2227/2213 884/1049/1048
f 883/1046/1045 889/1048/1047 858/1864/1892
f 858/1015/1014 889/2228/2214 885/1052/1051
f 863/1022/1021 865/1024/1023 893/1865/1893
f 893/1060/1059 865/2225/2211 862/1019/1018
f 911/1082/1081 917/1084/1083 928/1866/1894
f 917/1867/1895 913/1088/1087 926/1868/1102
f 912/1085/1084 918/1090/1090 924/1092/1092
f 924/1092/1897 920/1096/1096 913/1088/1087
f 932/1106/1108 938/1108/1110 923/1870/1898
f 938/1871/1899 934/2293/1114 920/1096/1096
f 927/1104/1105 930/1105/1107 937/1113/1900
f 937/1113/1116 930/1105/2216 926/1101/1102
f 925/1098/1099 931/1100/1101 956/1872/1901
f 956/1873/1140 931/2231/2217 927/1104/1105
f 960/1138/1144 966/1140/1146 935/1875/1902
f 966/1876/1903 962/2294/1150 933/1109/1111
f 961/1141/1147 955/1136/1141 958/1137/1143
f 958/1137/1905 954/1133/1138 962/1144/1150
f 953/1130/1135 959/1132/1137 942/1877/1906
f 942/1878/1122 959/2234/2219 955/1136/1141
f 946/1122/1126 952/1124/1128 963/1880/1907
f 963/1143/1149 952/2295/2218 948/1881/1132
f 947/1125/1129 941/1120/1123 944/1121/1125
f 944/1121/1909 940/1117/1120 948/1128/1132
f 939/1114/1117 945/1116/1119 914/1882/1910
f 945/1883/1911 941/1120/1123 912/1884/1084
f 946/1122/1126 919/1093/1093 921/1095/1095
f 921/1887/1913 918/2296/1090 947/1125/1129
f 967/1146/1153 973/1148/1155 984/1888/1914
f 973/1889/1915 969/1152/1159 982/1167/1174
f 968/1149/1156 974/1155/1162 980/1157/1164
f 980/1891/1917 976/1161/1168 969/1152/1159
f 975/1158/1165 988/1173/1180 994/1175/1182
f 994/1893/1919 990/1179/1186 976/1161/1168
f 983/1170/1177 986/1172/1179 993/1894/1920
f 993/1181/1188 986/2236/2220 982/1167/1174
f 981/1164/1171 987/1166/1173 1012/1895/1921
f 987/1896/1922 983/1170/1177 1010/1203/1210
f 1016/1209/1216 1022/1211/1218 991/1897/1923
f 1022/1898/1924 1018/1215/1222 989/1176/1183
f 1011/1206/1213 1014/1208/1215 1021/1899/1925
f 1021/1217/1224 1014/2237/2221 1010/1203/1210
f 1009/1200/1207 1015/1202/1209 998/1900/1926
f 998/1187/1194 1015/2238/2222 1011/1206/1213
f 1002/1191/1198 1008/1193/1200 1019/1901/1927
f 1008/1902/1928 1004/1197/1204 1017/1212/1219
f 1003/1194/1201 997/1188/1195 1000/1190/1197
f 1000/1904/1930 996/1185/1192 1004/1197/1204
f 995/1182/1189 1001/1184/1191 970/1905/1931
f 1001/1906/1932 997/1188/1195 968/1149/1156
f 975/1158/1165 977/1160/1167 1005/1907/1933
f 977/1908/1934 974/1155/1162 1003/1194/1201
f 1037/1234/1243 1023/1218/1225 1029/1220/1227
f 1029/1910/1936 1025/1224/1231 1038/1911/1246
f 1024/1221/1228 1030/1226/1234 1036/1228/1236
f 1036/1228/1938 1032/1232/1240 1025/1224/1231
f 1044/1242/1252 1050/1244/1254 1035/1913/1939
f 1050/1914/1940 1046/2039/1258 1032/1232/1240
f 1039/1240/1249 1042/1241/1251 1049/1249/1941
f 1049/1249/1260 1042/1241/2223 1038/1237/1246
f 1065/1266/1279 1037/1234/1243 1043/1236/1245
f 1043/1916/1943 1039/1240/1249 1066/1917/1282
f 1072/1274/1288 1078/1276/1290 1047/1919/1944
f 1078/1920/1945 1074/2297/1294 1045/1245/1255
f 1067/1272/1285 1070/1273/1287 1077/1281/1946
f 1077/1281/1296 1070/1273/2225 1066/1269/1282
f 1065/1266/1279 1071/1268/1281 1054/1921/1947
f 1071/1922/1948 1067/1272/1285 1052/1923/1264
f 1058/1258/1270 1064/1260/1272 1075/1925/1949
f 1064/1926/1950 1060/2298/1276 1073/1277/1291
f 1053/1256/1267 1056/1257/1269 1063/1265/1951
f 1056/1257/1952 1052/1253/1264 1060/1264/1276
f 1051/1250/1261 1057/1252/1263 1026/1927/1953
f 1026/1928/1230 1057/2241/2224 1053/1256/1267
f 1031/1229/1237 1033/1231/1239 1061/1930/1954
f 1033/1931/1955 1030/2299/1234 1059/1261/1273
f 1079/1282/1297 1085/1284/1299 1096/1309/1956
f 1085/1932/1957 1081/1288/1303 1094/1301/1318
f 1086/1291/1306 1092/1293/1308 1084/1933/1958
f 1092/1934/1959 1088/1295/1312 1081/1288/1303
f 1087/1282/1309 1100/1307/1324 1106/1309/1326
f 1106/1935/1961 1102/1313/1330 1088/1295/1312
f 1095/1304/1321 1098/1306/1323 1105/1936/1962
f 1098/1937/1963 1094/1301/1318 1102/1313/1330
f 1093/1298/1315 1099/1300/1317 1124/1342/1964
f 1099/1938/1965 1095/1304/1321 1122/1336/1354
f 1128/1333/1360 1134/1342/1362 1103/1939/1966
f 1103/1312/1329 1134/2245/2227 1130/1346/1366
f 1129/1343/1363 1123/1339/1357 1126/1341/1359
f 1126/1941/1968 1122/1336/1354 1130/1346/1366
f 1107/1316/1333 1121/1333/1351 1127/1335/1353
f 1127/1943/1970 1123/1339/1357 1108/1319/1336
f 1128/1333/1360 1114/1316/1342 1120/1326/1344
f 1120/1944/1972 1116/1330/1348 1129/1343/1363
f 1109/1322/1339 1112/1324/1341 1119/1945/1973
f 1112/1946/1974 1108/1319/1336 1116/1330/1348
f 1107/1316/1333 1113/1318/1335 1082/1294/1975
f 1082/1287/1302 1113/2244/2226 1109/1322/1339
f 1114/1316/1342 1087/1282/1309 1089/1294/1311
f 1089/1948/1977 1086/1291/1306 1115/1327/1345
f 1135/1349/1369 1141/1351/1371 1152/1949/1978
f 1141/1950/1979 1137/2040/1375 1150/1367/1390
f 1142/1357/1378 1148/1359/1380 1140/1356/1980
f 1148/1359/1981 1144/1362/1384 1137/1355/1375
f 1143/1349/1381 1156/1364/1396 1162/1373/1398
f 1162/1951/1983 1158/1377/1402 1144/1952/1384
f 1151/1370/1393 1154/1371/1395 1161/1378/1984
f 1154/1371/1985 1150/1367/1390 1158/1377/1402
f 1149/1364/1387 1155/1366/1389 1180/1954/1986
f 1180/1399/1428 1155/2300/2228 1151/1955/1393
f 1156/1364/1396 1184/1394/1432 1190/1403/1434
f 1190/1957/1988 1186/1407/1438 1157/1958/1399
f 1185/1404/1435 1179/1400/1429 1182/1401/1431
f 1182/1401/1990 1178/1397/1426 1186/1407/1438
f 1177/1394/1423 1183/1396/1425 1166/1388/1991
f 1166/1384/1410 1183/2301/2230 1179/1960/1429
f 1184/1394/1432 1170/1379/1414 1176/1388/1416
f 1176/1961/1993 1172/1392/1420 1185/1962/1435
f 1165/1385/1411 1168/1386/1413 1175/1393/1994
f 1168/1386/1995 1164/1382/1408 1172/1392/1420
f 1163/1379/1405 1169/1381/1407 1138/1361/1996
f 1138/1354/1374 1169/2302/2229 1165/1964/1411
f 1170/1379/1414 1143/1349/1381 1145/1361/1383
f 1145/1965/1998 1142/1357/1378 1171/1966/1417
f 1205/1423/1459 1191/1409/1441 1197/1411/1443
f 1197/1969/2000 1193/2041/1447 1206/1426/1462
f 1198/1417/1450 1204/1419/1452 1196/1416/2001
f 1204/1419/2002 1200/1421/1456 1193/1415/1447
f 1199/1409/1453 1212/1423/1468 1218/1432/1470
f 1218/1970/2004 1214/1436/1474 1200/1971/1456
f 1207/1429/1465 1210/1430/1467 1217/1437/2005
f 1210/1430/2006 1206/1426/1462 1214/1436/1474
f 1205/1423/1459 1211/1425/1461 1236/1973/2007
f 1236/1457/1500 1211/2303/2232 1207/1974/1465
f 1240/1452/1504 1246/1461/1506 1215/1975/2008
f 1215/1976/1473 1246/2255/2233 1242/1465/1510
f 1235/1458/1501 1238/1459/1503 1245/1466/2009
f 1238/1459/2010 1234/1455/1498 1242/1465/1510
f 1219/1438/1477 1233/1452/1495 1239/1454/1497
f 1239/1978/2012 1235/2043/1501 1220/1441/1480
f 1226/1438/1486 1232/1446/1488 1243/1979/2013
f 1232/1980/2014 1228/1450/1492 1241/1981/1507
f 1221/1444/1483 1224/1445/1485 1231/1451/2015
f 1224/1445/2016 1220/1441/1480 1228/1450/1492
f 1219/1438/1477 1225/1440/1479 1194/1420/2017
f 1225/1983/2018 1221/2042/1483 1192/1412/1444
f 1226/1438/1486 1199/1409/1453 1201/1420/1455
f 1229/1984/1491 1201/2251/2231 1198/1417/1450
f 1261/1484/1531 1247/1467/1513 1253/1469/1515
f 1253/1986/2021 1249/2044/1519 1262/1487/1534
f 1254/1475/1522 1260/1477/1524 1252/1474/2022
f 1260/1477/2023 1256/2258/1528 1249/1473/1519
f 1268/1492/1540 1274/1493/1542 1259/1987/2024
f 1259/1483/1530 1274/2261/2236 1270/1497/1546
f 1269/1988/1543 1263/1490/1537 1266/1491/1539
f 1266/1491/2026 1262/1487/1534 1270/1497/1546
f 1261/1484/1531 1267/1486/1533 1292/1989/2027
f 1292/1522/1572 1267/2259/2235 1263/1990/1537
f 1268/1492/1540 1296/1517/1576 1302/1526/1578
f 1302/1992/2029 1298/1530/1582 1269/1494/1543
f 1297/1993/1579 1291/1523/1573 1294/1524/1575
f 1294/1524/2031 1290/1520/1570 1298/1530/1582
f 1275/1500/1549 1289/1517/1567 1295/1519/1569
f 1295/1995/2033 1291/2045/1573 1276/1503/1552
f 1296/1517/1576 1282/1508/1558 1288/1510/1560
f 1288/1997/2035 1284/1514/1564 1297/1527/1579
f 1283/1998/1561 1277/1506/1555 1280/1507/1557
f 1280/1507/2037 1276/1503/1552 1284/1514/1564
f 1275/1500/1549 1281/1502/1551 1250/1999/2038
f 1250/1472/1518 1281/2262/2237 1277/2000/1555
f 1255/1478/1525 1257/1480/1527 1285/2001/2039
f 1285/1513/1563 1257/2257/2234 1254/1475/1522
f 1317/1548/1603 1303/1533/1585 1309/1535/1587
f 1309/2003/2041 1305/1539/1591 1318/1551/1606
f 1310/1542/1594 1316/1544/1596 1308/1541/2042
f 1316/1544/2043 1312/1546/1600 1305/1539/1591
f 1324/1557/1612 1330/1559/1614 1315/2005/2044
f 1315/1547/1602 1330/2268/2238 1326/2006/1618
f 1319/1554/1609 1322/1556/1611 1329/1564/2045
f 1322/1556/2046 1318/2267/1606 1326/1563/1618
f 1317/1548/1603 1323/1550/1605 1348/1591/2047
f 1323/2007/2048 1319/1554/1609 1346/1584/1642
f 1352/1581/1648 1358/1591/1650 1327/2008/2049
f 1358/2009/2050 1354/2275/1654 1325/1560/1615
f 1353/1592/1651 1347/1587/1645 1350/1589/1647
f 1350/1589/2052 1346/2274/1642 1354/1595/1654
f 1331/1565/1621 1345/1581/1639 1351/1583/1641
f 1351/2010/2054 1347/1587/1645 1332/1568/1624
f 1338/1574/1630 1344/1575/1632 1355/2011/2055
f 1355/1594/1653 1344/2272/2240 1340/2012/1636
f 1333/1571/1627 1336/1573/1629 1343/1580/2056
f 1336/1573/2057 1332/2270/1624 1340/1579/1636
f 1331/1565/1621 1337/1567/1623 1306/2013/2058
f 1306/1538/1590 1337/2271/2239 1333/1571/1627
f 1338/1574/1630 1311/1533/1597 1313/1545/1599
f 1313/2015/2060 1310/2265/1594 1339/1576/1633
f 1373/1611/1675 1359/1597/1657 1365/1599/1659
f 1365/2017/2062 1361/2046/1663 1374/1614/1678
f 1366/1605/1666 1372/1607/1668 1364/1604/2063
f 1372/1607/2064 1368/1609/1672 1361/1603/1663
f 1380/1619/1684 1386/1621/1686 1371/1599/2065
f 1371/2018/1674 1386/2279/2241 1382/1625/1690
f 1375/1617/1681 1378/1618/1683 1385/1626/2066
f 1378/1618/2067 1374/1614/1678 1382/1625/1690
f 1401/1643/1711 1373/1611/1675 1379/1613/1677
f 1379/2020/2069 1375/2047/1681 1402/1646/1714
f 1408/1651/1720 1414/1653/1722 1383/2021/2070
f 1383/2022/1689 1414/2283/2244 1410/1657/1726
f 1403/1649/1717 1406/1650/1719 1413/1658/2071
f 1406/1650/2072 1402/1646/1714 1410/1657/1726
f 1401/1643/1711 1407/1645/1713 1390/2024/2073
f 1407/2025/2074 1403/2048/1717 1388/1630/1696
f 1394/1635/1702 1400/1637/1704 1411/1645/2075
f 1411/2026/1725 1400/2281/2243 1396/1641/1708
f 1395/1638/1705 1389/1633/1699 1392/1634/1701
f 1392/1634/2077 1388/1630/1696 1396/1641/1708
f 1387/1627/1693 1393/1629/1695 1362/1608/2078
f 1362/1602/1662 1393/2304/2242 1389/2028/1699
f 1394/1635/1702 1367/1597/1669 1369/1608/1671
f 1369/2030/2080 1366/1605/1666 1395/2031/1705
f 113/131/129 1/1/1 15/17/17
f 15/17/17 29/35/33 43/51/49
f 43/51/49 57/67/65 71/83/81
f 71/83/81 85/99/97 99/115/113
f 99/115/113 113/131/129 15/17/17
f 15/17/17 43/51/49 71/83/81
f 3/8/8 9/14/14 24/34/32
f 115/139/136 121/145/142 10/16/16
f 36/43/41 22/26/25 8/9/9
f 8/9/9 120/140/137 106/123/121
f 106/123/121 92/107/105 8/9/9
f 92/107/105 78/91/89 8/9/9
f 78/91/89 64/75/73 50/59/57
f 50/59/57 36/43/41 8/9/9
f 23/31/30 38/50/48 30/40/38
f 37/48/46 52/66/64 44/56/54
f 51/2033/62 66/82/80 58/72/70
f 65/80/78 80/98/96 72/88/86
f 79/96/94 94/1671/112 86/1668/102
f 93/112/110 108/130/128 100/120/118
f 101/122/120 107/128/126 122/148/144
f 239/280/273 127/149/145 141/165/161
f 141/165/161 155/181/177 169/197/193
f 169/197/193 183/213/209 197/230/225
f 197/230/225 211/246/241 225/264/257
f 225/264/257 239/280/273 197/230/225
f 239/280/273 141/165/161 197/230/225
f 129/156/152 135/162/158 150/180/176
f 241/1694/280 247/1696/286 136/164/160
f 162/189/185 148/173/169 134/157/153
f 134/157/153 246/288/281 232/272/265
f 232/272/265 218/255/249 204/238/233
f 204/238/233 190/221/217 176/205/201
f 176/205/201 162/189/185 134/157/153
f 134/157/153 232/272/265 176/205/201
f 149/178/174 164/1679/192 156/2034/182
f 163/194/190 178/212/208 170/202/198
f 177/210/206 192/229/224 184/1684/214
f 185/220/216 191/226/222 206/245/240
f 205/243/238 220/263/256 212/251/246
f 213/254/248 219/260/254 234/279/272
f 233/277/270 248/295/288 240/285/278
f 365/426/417 253/296/289 351/410/401
f 253/296/289 267/312/305 351/410/401
f 267/312/305 281/328/321 295/346/337
f 295/346/337 309/362/353 267/312/305
f 309/362/353 323/378/369 267/312/305
f 323/378/369 337/394/385 351/410/401
f 261/309/302 276/327/320 268/317/310
f 367/433/424 373/439/430 262/1718/304
f 288/337/329 274/320/313 302/354/345
f 274/320/313 260/304/297 302/354/345
f 260/304/297 372/434/425 358/418/409
f 358/418/409 344/402/393 330/386/377
f 330/386/377 316/370/361 260/304/297
f 316/370/361 302/354/345 260/304/297
f 275/325/318 290/345/336 282/333/326
f 283/336/328 289/342/334 304/361/352
f 303/359/350 318/377/368 310/367/358
f 317/2035/366 332/393/384 324/383/374
f 331/391/382 346/409/400 338/399/390
f 345/1711/398 360/425/416 352/415/406
f 359/423/414 374/441/432 366/431/422
f 491/574/561 379/442/433 477/556/545
f 379/442/433 393/460/449 477/556/545
f 393/460/449 407/476/465 421/492/481
f 421/492/481 435/508/497 449/524/513
f 449/524/513 463/540/529 477/556/545
f 393/460/449 421/492/481 477/556/545
f 381/450/440 387/456/446 402/475/464
f 499/587/574 388/459/448 380/447/438
f 414/484/473 400/468/457 386/451/441
f 386/451/441 498/582/569 484/565/553
f 484/565/553 470/548/537 456/532/521
f 456/532/521 442/516/505 428/500/489
f 428/500/489 414/484/473 386/451/441
f 386/451/441 484/565/553 456/532/521
f 401/473/462 416/491/480 408/481/470
f 415/1727/478 430/507/496 422/497/486
f 429/505/494 444/523/512 436/513/502
f 443/521/510 458/1734/528 450/1731/518
f 457/537/526 472/555/544 464/545/534
f 471/553/542 486/573/560 478/561/550
f 485/570/558 500/589/576 492/579/566
f 617/722/705 505/590/577 519/606/593
f 519/606/593 533/622/609 547/638/625
f 547/638/625 561/656/641 519/606/593
f 561/656/641 575/672/657 519/606/593
f 575/672/657 589/690/673 603/706/689
f 603/706/689 617/722/705 519/606/593
f 507/597/584 513/603/590 528/1744/608
f 619/729/712 625/735/718 514/605/592
f 540/630/617 526/614/601 512/598/585
f 512/598/585 624/730/713 610/714/697
f 610/714/697 596/698/681 582/681/665
f 582/681/665 568/664/649 554/647/633
f 554/647/633 540/630/617 512/598/585
f 512/598/585 610/714/697 554/647/633
f 527/619/606 542/637/624 534/627/614
f 535/629/616 541/635/622 556/655/640
f 549/646/632 555/652/638 570/671/656
f 563/663/648 569/669/654 584/689/672
f 577/680/664 583/686/670 598/705/688
f 597/703/686 612/721/704 604/711/694
f 611/1754/702 626/737/720 618/727/710
f 673/792/775 659/774/757 631/738/721
f 633/744/727 640/753/736 654/771/754
f 667/786/769 638/747/730 632/741/724
f 652/765/748 639/750/733 666/783/766
f 653/768/751 682/807/790 674/795/778
f 681/804/787 668/789/772 660/777/760
f 729/858/847 715/842/829 687/810/793
f 696/824/808 710/2287/826 702/1781/814
f 717/848/835 723/853/841 694/2037/802
f 736/866/856 708/834/820 695/821/805
f 709/837/823 738/2288/862 730/1786/850
f 731/864/853 737/869/859 724/2038/844
f 785/928/919 771/910/901 743/874/865
f 752/889/880 766/907/898 758/895/886
f 779/922/913 750/883/874 744/877/868
f 764/901/892 751/886/877 778/919/910
f 765/904/895 794/943/934 786/931/922
f 787/934/925 793/940/931 780/925/916
f 841/994/991 827/978/973 799/946/937
f 808/960/952 822/1828/970 814/1825/958
f 829/984/979 835/989/985 806/1846/946
f 820/970/964 807/957/949 834/986/982
f 821/973/967 850/1834/1006 842/1831/994
f 849/1005/1003 836/2291/988 828/1837/976
f 897/1064/1063 883/1046/1045 855/1010/1009
f 857/1016/1015 864/1025/1024 878/1043/1042
f 891/1058/1057 862/1019/1018 856/1013/1012
f 904/1073/1072 876/1037/1036 863/1022/1021
f 871/1034/1033 877/1040/1039 906/1079/1078
f 899/1070/1069 905/1076/1075 892/1061/1060
f 925/1098/1099 953/1130/1135 939/1114/1117
f 920/1096/1096 934/2293/1114 926/1868/1102
f 947/1125/1129 918/2296/1090 912/1884/1084
f 932/1106/1108 919/1093/1093 946/1122/1126
f 933/1109/1111 962/2294/1150 954/1874/1138
f 961/1141/1147 948/1881/1132 940/1879/1120
f 1009/1200/1207 995/1182/1189 967/1146/1153
f 969/1152/1159 976/1161/1168 990/1179/1186
f 1003/1194/1201 974/1155/1162 968/1149/1156
f 1016/1209/1216 988/1173/1180 975/1158/1165
f 989/1176/1183 1018/1215/1222 1010/1203/1210
f 1017/1212/1219 1004/1197/1204 996/1185/1192
f 1065/1266/1279 1051/1250/1261 1023/1218/1225
f 1025/1224/1231 1032/1232/1240 1046/2039/1258
f 1059/1261/1273 1030/2299/1234 1024/1929/1228
f 1044/1242/1252 1031/1229/1237 1058/1258/1270
f 1045/1245/1255 1074/2297/1294 1066/1917/1282
f 1073/1277/1291 1060/2298/1276 1052/1923/1264
f 1093/1298/1315 1121/1333/1351 1107/1316/1333
f 1088/1295/1312 1102/1313/1330 1094/1301/1318
f 1115/1327/1345 1086/1291/1306 1080/1285/1300
f 1100/1307/1324 1087/1282/1309 1114/1316/1342
f 1101/1310/1327 1130/1346/1366 1122/1336/1354
f 1129/1343/1363 1116/1330/1348 1108/1319/1336
f 1177/1394/1423 1163/1379/1405 1135/1349/1369
f 1144/1952/1384 1158/1377/1402 1150/1367/1390
f 1165/1964/1411 1171/1966/1417 1142/1357/1378
f 1184/1394/1432 1156/1364/1396 1143/1349/1381
f 1157/1958/1399 1186/1407/1438 1178/1397/1426
f 1185/1962/1435 1172/1392/1420 1164/1382/1408
f 1233/1452/1495 1219/1438/1477 1191/1409/1441
f 1200/1971/1456 1214/1436/1474 1206/1426/1462
f 1227/1985/1489 1198/1417/1450 1192/1412/1444
f 1212/1423/1468 1199/1409/1453 1226/1438/1486
f 1213/1977/1471 1242/1465/1510 1234/1455/1498
f 1241/1981/1507 1228/1450/1492 1220/1441/1480
f 1261/1484/1531 1289/1517/1567 1275/1500/1549
f 1256/1481/1528 1270/1497/1546 1262/1487/1534
f 1283/1511/1561 1254/1475/1522 1248/1470/1516
f 1268/1492/1540 1255/1478/1525 1282/1508/1558
f 1269/1494/1543 1298/1530/1582 1290/1520/1570
f 1297/1527/1579 1284/1514/1564 1276/1503/1552
f 1317/1548/1603 1345/1581/1639 1331/1565/1621
f 1312/1546/1600 1326/2006/1618 1318/1551/1606
f 1339/1576/1633 1310/2265/1594 1304/1536/1588
f 1324/1557/1612 1311/1533/1597 1338/1574/1630
f 1325/1560/1615 1354/2275/1654 1346/1584/1642
f 1353/1592/1651 1340/2012/1636 1332/1568/1624
f 1373/1611/1675 1401/1643/1711 1387/1627/1693
f 1368/2019/1672 1382/1625/1690 1374/1614/1678
f 1389/2028/1699 1395/2031/1705 1366/1605/1666
f 1408/1651/1720 1380/1619/1684 1367/1597/1669
f 1381/2023/1687 1410/1657/1726 1402/1646/1714
f 1409/2027/1723 1396/1641/1708 1388/1630/1696
