# Blender 4.5.10 LTS
# www.blender.org
o shrine
v 0.922000 0.000000 -0.642000 1.0000 1.0000 1.0000
v 0.922000 0.028000 -0.670000 1.0000 1.0000 1.0000
v 0.950000 0.028000 -0.642000 1.0000 1.0000 1.0000
v 0.922000 0.008201 -0.661799 1.0000 1.0000 1.0000
v 0.938166 0.011834 -0.658166 1.0000 1.0000 1.0000
v 0.941799 0.028000 -0.661799 1.0000 1.0000 1.0000
v 0.941799 0.008201 -0.642000 1.0000 1.0000 1.0000
v 0.922000 0.132000 -0.670000 1.0000 1.0000 1.0000
v 0.922000 0.160000 -0.642000 0.9700 0.9700 0.9700
v 0.950000 0.132000 -0.642000 1.0000 1.0000 1.0000
v 0.922000 0.151799 -0.661799 0.9700 0.9700 0.9700
v 0.938166 0.148166 -0.658166 1.0000 1.0000 1.0000
v 0.941799 0.151799 -0.642000 0.9902 0.9902 0.9902
v 0.941799 0.132000 -0.661799 1.0000 1.0000 1.0000
v 0.922000 0.000000 0.642000 1.0000 1.0000 1.0000
v 0.950000 0.028000 0.642000 1.0000 1.0000 1.0000
v 0.922000 0.028000 0.670000 1.0000 1.0000 1.0000
v 0.941799 0.008201 0.642000 1.0000 1.0000 1.0000
v 0.938166 0.011834 0.658166 1.0000 1.0000 1.0000
v 0.941799 0.028000 0.661799 1.0000 1.0000 1.0000
v 0.922000 0.008201 0.661799 1.0000 1.0000 1.0000
v 0.922000 0.160000 0.642000 0.9700 0.9700 0.9700
v 0.922000 0.132000 0.670000 1.0000 1.0000 1.0000
v 0.950000 0.132000 0.642000 1.0000 1.0000 1.0000
v 0.922000 0.151799 0.661799 0.9902 0.9902 0.9902
v 0.938166 0.148166 0.658166 0.9902 0.9902 0.9902
v 0.941799 0.132000 0.661799 1.0000 1.0000 1.0000
v 0.941799 0.151799 0.642000 0.9902 0.9902 0.9902
v -0.922000 0.000000 -0.642000 1.0000 1.0000 1.0000
v -0.950000 0.028000 -0.642000 1.0000 1.0000 1.0000
v -0.922000 0.028000 -0.670000 1.0000 1.0000 1.0000
v -0.941799 0.008201 -0.642000 1.0000 1.0000 1.0000
v -0.938166 0.011834 -0.658166 1.0000 1.0000 1.0000
v -0.941799 0.028000 -0.661799 1.0000 1.0000 1.0000
v -0.922000 0.008201 -0.661799 1.0000 1.0000 1.0000
v -0.922000 0.160000 -0.642000 0.9595 0.9595 0.9595
v -0.922000 0.132000 -0.670000 1.0000 1.0000 1.0000
v -0.950000 0.132000 -0.642000 1.0000 1.0000 1.0000
v -0.922000 0.151799 -0.661799 1.0000 1.0000 1.0000
v -0.938166 0.148166 -0.658166 1.0000 1.0000 1.0000
v -0.941799 0.132000 -0.661799 1.0000 1.0000 1.0000
v -0.941799 0.151799 -0.642000 1.0000 1.0000 1.0000
v -0.922000 0.000000 0.642000 1.0000 1.0000 1.0000
v -0.922000 0.028000 0.670000 1.0000 1.0000 1.0000
v -0.950000 0.028000 0.642000 1.0000 1.0000 1.0000
v -0.922000 0.008201 0.661799 1.0000 1.0000 1.0000
v -0.938166 0.011834 0.658166 1.0000 1.0000 1.0000
v -0.941799 0.028000 0.661799 1.0000 1.0000 1.0000
v -0.941799 0.008201 0.642000 1.0000 1.0000 1.0000
v -0.922000 0.160000 0.642000 0.9378 0.9378 0.9378
v -0.950000 0.132000 0.642000 1.0000 1.0000 1.0000
v -0.922000 0.132000 0.670000 0.9902 0.9902 0.9902
v -0.941799 0.151799 0.642000 0.9802 0.9802 0.9802
v -0.938166 0.148166 0.658166 0.9902 0.9902 0.9902
v -0.941799 0.132000 0.661799 1.0000 1.0000 1.0000
v -0.922000 0.151799 0.661799 0.9802 0.9802 0.9802
v 0.782000 0.160000 -0.522000 0.6181 0.6181 0.6181
v 0.782000 0.188000 -0.550000 0.9029 0.9029 0.9029
v 0.810000 0.188000 -0.522000 0.9148 0.9148 0.9148
v 0.782000 0.168201 -0.541799 0.8508 0.8508 0.8508
v 0.798166 0.171834 -0.538166 0.8645 0.8645 0.8645
v 0.801799 0.188000 -0.541799 0.9148 0.9148 0.9148
v 0.801799 0.168201 -0.522000 0.8060 0.8060 0.8060
v 0.782000 0.252000 -0.550000 0.9595 0.9595 0.9595
v 0.782000 0.280000 -0.522000 0.9595 0.9595 0.9595
v 0.810000 0.252000 -0.522000 0.9595 0.9595 0.9595
v 0.782000 0.271799 -0.541799 0.9595 0.9595 0.9595
v 0.798166 0.268166 -0.538166 0.9700 0.9700 0.9700
v 0.801799 0.271799 -0.522000 0.9802 0.9802 0.9802
v 0.801799 0.252000 -0.541799 0.9802 0.9802 0.9802
v 0.782000 0.160000 0.522000 0.6181 0.6181 0.6181
v 0.810000 0.188000 0.522000 0.8905 0.8905 0.8905
v 0.782000 0.188000 0.550000 0.9029 0.9029 0.9029
v 0.801799 0.168201 0.522000 0.8060 0.8060 0.8060
v 0.798166 0.171834 0.538166 0.8060 0.8060 0.8060
v 0.801799 0.188000 0.541799 0.8777 0.8777 0.8777
v 0.782000 0.168201 0.541799 0.7721 0.7721 0.7721
v 0.782000 0.280000 0.522000 0.9488 0.9488 0.9488
v 0.782000 0.252000 0.550000 0.9802 0.9802 0.9802
v 0.810000 0.252000 0.522000 0.9378 0.9378 0.9378
v 0.782000 0.271799 0.541799 0.9902 0.9902 0.9902
v 0.798166 0.268166 0.538166 0.9902 0.9902 0.9902
v 0.801799 0.252000 0.541799 0.9595 0.9595 0.9595
v 0.801799 0.271799 0.522000 0.9595 0.9595 0.9595
v -0.782000 0.160000 -0.522000 0.6181 0.6181 0.6181
v -0.810000 0.188000 -0.522000 0.8905 0.8905 0.8905
v -0.782000 0.188000 -0.550000 0.8645 0.8645 0.8645
v -0.801799 0.168201 -0.522000 0.7721 0.7721 0.7721
v -0.798166 0.171834 -0.538166 0.8508 0.8508 0.8508
v -0.801799 0.188000 -0.541799 0.9148 0.9148 0.9148
v -0.782000 0.168201 -0.541799 0.8216 0.8216 0.8216
v -0.782000 0.280000 -0.522000 0.9265 0.9265 0.9265
v -0.782000 0.252000 -0.550000 0.9488 0.9488 0.9488
v -0.810000 0.252000 -0.522000 0.9595 0.9595 0.9595
v -0.782000 0.271799 -0.541799 0.9700 0.9700 0.9700
v -0.798166 0.268166 -0.538166 0.9802 0.9802 0.9802
v -0.801799 0.252000 -0.541799 0.9802 0.9802 0.9802
v -0.801799 0.271799 -0.522000 0.9802 0.9802 0.9802
v -0.782000 0.160000 0.522000 0.6181 0.6181 0.6181
v -0.782000 0.188000 0.550000 0.6591 0.6591 0.6591
v -0.810000 0.188000 0.522000 0.7721 0.7721 0.7721
v -0.782000 0.168201 0.541799 0.6875 0.6875 0.6875
v -0.798166 0.171834 0.538166 0.6181 0.6181 0.6181
v -0.801799 0.188000 0.541799 0.6591 0.6591 0.6591
v -0.801799 0.168201 0.522000 0.6181 0.6181 0.6181
v -0.782000 0.280000 0.522000 0.8905 0.8905 0.8905
v -0.810000 0.252000 0.522000 0.8365 0.8365 0.8365
v -0.782000 0.252000 0.550000 0.7118 0.7118 0.7118
v -0.801799 0.271799 0.522000 0.8508 0.8508 0.8508
v -0.798166 0.268166 0.538166 0.7721 0.7721 0.7721
v -0.801799 0.252000 0.541799 0.6875 0.6875 0.6875
v -0.782000 0.271799 0.541799 0.7895 0.7895 0.7895
v 0.662270 0.268249 -0.484645 0.6181 0.6181 0.6181
v 0.661532 0.296245 -0.512639 0.9378 0.9378 0.9378
v 0.690723 0.295760 -0.485887 0.9148 0.9148 0.9148
v 0.661548 0.276449 -0.504431 0.6181 0.6181 0.6181
v 0.677917 0.279802 -0.501509 0.6181 0.6181 0.6181
v 0.681667 0.295902 -0.505309 0.9378 0.9378 0.9378
v 0.682189 0.276106 -0.485514 0.6181 0.6181 0.6181
v 0.670586 0.820166 -0.513034 0.9595 0.9595 0.9595
v 0.672291 0.848162 -0.485082 0.7118 0.7118 0.7118
v 0.699776 0.819682 -0.486282 0.9029 0.9029 0.9029
v 0.671286 0.839962 -0.504856 0.8645 0.8645 0.8645
v 0.687529 0.836050 -0.501929 0.8777 0.8777 0.8777
v 0.691927 0.839620 -0.485939 0.8216 0.8216 0.8216
v 0.690721 0.819824 -0.505705 0.9265 0.9265 0.9265
v 0.700829 0.268249 0.398514 0.6181 0.6181 0.6181
v 0.729282 0.295760 0.397272 0.8905 0.8905 0.8905
v 0.702534 0.296245 0.426466 0.8777 0.8777 0.8777
v 0.720748 0.276106 0.397644 0.6181 0.6181 0.6181
v 0.717887 0.279802 0.413950 0.6181 0.6181 0.6181
v 0.721954 0.295902 0.417410 0.8508 0.8508 0.8508
v 0.701835 0.276449 0.418288 0.6181 0.6181 0.6181
v 0.710850 0.848162 0.398077 0.7118 0.7118 0.7118
v 0.711588 0.820166 0.426071 0.8905 0.8905 0.8905
v 0.738336 0.819682 0.396876 0.9265 0.9265 0.9265
v 0.711572 0.839962 0.417863 0.8365 0.8365 0.8365
v 0.727499 0.836050 0.413531 0.8777 0.8777 0.8777
v 0.731007 0.819824 0.417014 0.9488 0.9488 0.9488
v 0.730486 0.839620 0.397219 0.8060 0.8060 0.8060
v -0.700228 0.291838 -0.425157 0.7118 0.7118 0.7118
v -0.727713 0.320318 -0.423957 0.9378 0.9378 0.9378
v -0.700966 0.319834 -0.453151 0.9148 0.9148 0.9148
v -0.719863 0.300380 -0.424299 0.8060 0.8060 0.8060
v -0.716877 0.303950 -0.440611 0.8777 0.8777 0.8777
v -0.720385 0.320176 -0.444094 0.9700 0.9700 0.9700
v -0.700950 0.300038 -0.444943 0.8365 0.8365 0.8365
v -0.690207 0.871751 -0.425594 0.6181 0.6181 0.6181
v -0.691912 0.843755 -0.453546 0.8777 0.8777 0.8777
v -0.718660 0.844240 -0.424352 0.8905 0.8905 0.8905
v -0.691212 0.863551 -0.445368 0.6181 0.6181 0.6181
v -0.707265 0.860198 -0.441031 0.6181 0.6181 0.6181
v -0.711332 0.844098 -0.444490 0.8508 0.8508 0.8508
v -0.710126 0.863894 -0.424725 0.6181 0.6181 0.6181
v -0.661668 0.291838 0.458002 0.7118 0.7118 0.7118
v -0.659963 0.319834 0.485954 0.9378 0.9378 0.9378
v -0.689154 0.320318 0.459202 0.8508 0.8508 0.8508
v -0.660663 0.300038 0.477776 0.8508 0.8508 0.8508
v -0.676907 0.303950 0.474849 0.8508 0.8508 0.8508
v -0.680098 0.320176 0.478624 0.8905 0.8905 0.8905
v -0.681304 0.300380 0.458859 0.7895 0.7895 0.7895
v -0.651647 0.871751 0.457564 0.6181 0.6181 0.6181
v -0.680100 0.844240 0.458807 0.9029 0.9029 0.9029
v -0.650910 0.843755 0.485559 0.8905 0.8905 0.8905
v -0.671566 0.863894 0.458434 0.6181 0.6181 0.6181
v -0.667295 0.860198 0.474429 0.6181 0.6181 0.6181
v -0.671045 0.844098 0.478229 0.8905 0.8905 0.8905
v -0.650926 0.863551 0.477351 0.6181 0.6181 0.6181
v 0.816175 0.860000 -0.530817 0.9265 0.9265 0.9265
v 0.816908 0.888000 -0.558807 0.9802 0.9802 0.9802
v 0.844165 0.888000 -0.530084 0.9700 0.9700 0.9700
v 0.816693 0.868201 -0.550609 0.9802 0.9802 0.9802
v 0.832758 0.871834 -0.546554 0.9802 0.9802 0.9802
v 0.836485 0.888000 -0.550091 0.9902 0.9902 0.9902
v 0.835967 0.868201 -0.530299 0.9488 0.9488 0.9488
v 0.816908 0.972000 -0.558807 1.0000 1.0000 1.0000
v 0.816175 1.000000 -0.530817 0.7118 0.7118 0.7118
v 0.844165 0.972000 -0.530084 1.0000 1.0000 1.0000
v 0.816693 0.991799 -0.550609 0.9378 0.9378 0.9378
v 0.832758 0.988166 -0.546554 0.9902 0.9902 0.9902
v 0.835967 0.991799 -0.530299 0.9700 0.9700 0.9700
v 0.836485 0.972000 -0.550091 1.0000 1.0000 1.0000
v 0.787275 0.860000 0.572805 0.9265 0.9265 0.9265
v 0.815266 0.888000 0.573538 0.9902 0.9902 0.9902
v 0.786542 0.888000 0.600795 0.9902 0.9902 0.9902
v 0.807068 0.868201 0.573323 0.9802 0.9802 0.9802
v 0.803013 0.871834 0.589388 0.9802 0.9802 0.9802
v 0.806549 0.888000 0.593115 0.9902 0.9902 0.9902
v 0.786757 0.868201 0.592597 0.9700 0.9700 0.9700
v 0.787275 1.000000 0.572805 1.0000 1.0000 1.0000
v 0.786542 0.972000 0.600795 1.0000 1.0000 1.0000
v 0.815266 0.972000 0.573538 1.0000 1.0000 1.0000
v 0.786757 0.991799 0.592597 1.0000 1.0000 1.0000
v 0.803012 0.988166 0.589388 1.0000 1.0000 1.0000
v 0.806549 0.972000 0.593115 1.0000 1.0000 1.0000
v 0.807068 0.991799 0.573323 1.0000 1.0000 1.0000
v -0.787275 0.860000 -0.572805 0.9378 0.9378 0.9378
v -0.815266 0.888000 -0.573538 0.9902 0.9902 0.9902
v -0.786542 0.888000 -0.600795 0.9902 0.9902 0.9902
v -0.807068 0.868201 -0.573323 0.9595 0.9595 0.9595
v -0.803013 0.871834 -0.589388 0.9802 0.9802 0.9802
v -0.806549 0.888000 -0.593115 0.9902 0.9902 0.9902
v -0.786757 0.868201 -0.592597 0.9802 0.9802 0.9802
v -0.787275 1.000000 -0.572805 0.6181 0.6181 0.6181
v -0.786542 0.972000 -0.600795 0.9902 0.9902 0.9902
v -0.815266 0.972000 -0.573538 0.9902 0.9902 0.9902
v -0.786757 0.991799 -0.592597 0.9378 0.9378 0.9378
v -0.803012 0.988166 -0.589388 0.9802 0.9802 0.9802
v -0.806549 0.972000 -0.593115 0.9902 0.9902 0.9902
v -0.807068 0.991799 -0.573323 0.9595 0.9595 0.9595
v -0.816175 0.860000 0.530817 0.9595 0.9595 0.9595
v -0.816908 0.888000 0.558807 0.9902 0.9902 0.9902
v -0.844165 0.888000 0.530084 0.9902 0.9902 0.9902
v -0.816693 0.868201 0.550609 0.9595 0.9595 0.9595
v -0.832758 0.871834 0.546554 0.9902 0.9902 0.9902
v -0.836485 0.888000 0.550091 0.9902 0.9902 0.9902
v -0.835967 0.868201 0.530299 0.9802 0.9802 0.9802
v -0.816175 1.000000 0.530817 0.9902 0.9902 0.9902
v -0.844165 0.972000 0.530084 1.0000 1.0000 1.0000
v -0.816908 0.972000 0.558807 1.0000 1.0000 1.0000
v -0.835967 0.991799 0.530299 1.0000 1.0000 1.0000
v -0.832758 0.988166 0.546554 1.0000 1.0000 1.0000
v -0.836485 0.972000 0.550091 1.0000 1.0000 1.0000
v -0.816693 0.991799 0.550609 1.0000 1.0000 1.0000
v 0.802824 1.000000 -0.530992 0.6181 0.6181 0.6181
v 0.803557 1.028000 -0.558982 0.6181 0.6181 0.6181
v 0.830815 1.028000 -0.530259 0.9700 0.9700 0.9700
v 0.803343 1.008201 -0.550784 0.6181 0.6181 0.6181
v 0.819408 1.011834 -0.546729 0.9378 0.9378 0.9378
v 0.823135 1.028000 -0.550266 0.9802 0.9802 0.9802
v 0.822617 1.008201 -0.530474 0.9265 0.9265 0.9265
v 0.803557 1.062000 -0.558982 0.6181 0.6181 0.6181
v 0.802824 1.090000 -0.530992 0.6181 0.6181 0.6181
v 0.830815 1.062000 -0.530259 1.0000 1.0000 1.0000
v 0.803343 1.081799 -0.550784 0.6181 0.6181 0.6181
v 0.819408 1.078166 -0.546729 0.8508 0.8508 0.8508
v 0.822617 1.081799 -0.530474 0.9488 0.9488 0.9488
v 0.823135 1.062000 -0.550266 0.9902 0.9902 0.9902
v 0.800626 1.000000 -0.447020 0.6181 0.6181 0.6181
v 0.828616 1.028000 -0.446288 0.9488 0.9488 0.9488
v 0.799893 1.028000 -0.419030 0.9148 0.9148 0.9148
v 0.820418 1.008201 -0.446502 0.9029 0.9029 0.9029
v 0.816363 1.011834 -0.430437 0.9029 0.9029 0.9029
v 0.819900 1.028000 -0.426710 0.9265 0.9265 0.9265
v 0.800107 1.008201 -0.427228 0.8060 0.8060 0.8060
v 0.800626 1.090000 -0.447020 0.6181 0.6181 0.6181
v 0.799893 1.062000 -0.419030 0.9265 0.9265 0.9265
v 0.828616 1.062000 -0.446288 0.9802 0.9802 0.9802
v 0.800107 1.081799 -0.427228 0.6181 0.6181 0.6181
v 0.816363 1.078166 -0.430437 0.9378 0.9378 0.9378
v 0.819900 1.062000 -0.426710 0.9378 0.9378 0.9378
v 0.820418 1.081799 -0.446502 0.9488 0.9488 0.9488
v -0.800626 1.000000 -0.572980 0.8216 0.8216 0.8216
v -0.828616 1.028000 -0.573712 0.9902 0.9902 0.9902
v -0.799893 1.028000 -0.600970 1.0000 1.0000 1.0000
v -0.820418 1.008201 -0.573498 0.9378 0.9378 0.9378
v -0.816363 1.011834 -0.589563 0.9802 0.9802 0.9802
v -0.819900 1.028000 -0.593290 0.9902 0.9902 0.9902
v -0.800107 1.008201 -0.592772 0.9802 0.9802 0.9802
v -0.800626 1.090000 -0.572980 0.6181 0.6181 0.6181
v -0.799893 1.062000 -0.600970 1.0000 1.0000 1.0000
v -0.828616 1.062000 -0.573712 1.0000 1.0000 1.0000
v -0.800107 1.081799 -0.592772 1.0000 1.0000 1.0000
v -0.816363 1.078166 -0.589563 1.0000 1.0000 1.0000
v -0.819900 1.062000 -0.593290 1.0000 1.0000 1.0000
v -0.820418 1.081799 -0.573498 0.9802 0.9802 0.9802
v -0.802824 1.000000 -0.489008 0.7721 0.7721 0.7721
v -0.803557 1.028000 -0.461018 0.6181 0.6181 0.6181
v -0.830815 1.028000 -0.489741 0.9700 0.9700 0.9700
v -0.803343 1.008201 -0.469216 0.6181 0.6181 0.6181
v -0.819408 1.011834 -0.473271 0.9029 0.9029 0.9029
v -0.823135 1.028000 -0.469734 0.9029 0.9029 0.9029
v -0.822617 1.008201 -0.489527 0.9148 0.9148 0.9148
v -0.802824 1.090000 -0.489008 0.6181 0.6181 0.6181
v -0.830815 1.062000 -0.489741 1.0000 1.0000 1.0000
v -0.803557 1.062000 -0.461018 0.6181 0.6181 0.6181
v -0.822617 1.081799 -0.489527 0.9488 0.9488 0.9488
v -0.819408 1.078166 -0.473271 0.8905 0.8905 0.8905
v -0.823135 1.062000 -0.469734 0.9029 0.9029 0.9029
v -0.803343 1.081799 -0.469216 0.6181 0.6181 0.6181
v 0.498137 0.995776 0.451313 0.6181 0.6181 0.6181
v 0.499725 1.021229 0.421021 0.8216 0.8216 0.8216
v 0.526227 1.023669 0.450341 0.8645 0.8645 0.8645
v 0.499207 1.002220 0.430902 0.6181 0.6181 0.6181
v 0.515178 1.006156 0.435047 0.8060 0.8060 0.8060
v 0.519069 1.021944 0.430215 0.8508 0.8508 0.8508
v 0.517947 1.003946 0.451635 0.8060 0.8060 0.8060
v 0.502297 1.583083 0.371932 0.9802 0.9802 0.9802
v 0.500965 1.613417 0.397350 1.0000 1.0000 1.0000
v 0.528799 1.585523 0.401253 0.9902 0.9902 0.9902
v 0.501960 1.603522 0.378367 0.9802 0.9802 0.9802
v 0.517898 1.600219 0.383144 1.0000 1.0000 1.0000
v 0.520700 1.605247 0.399100 1.0000 1.0000 1.0000
v 0.521642 1.583798 0.381127 1.0000 1.0000 1.0000
v 0.491672 1.006583 0.574672 0.8645 0.8645 0.8645
v 0.519762 1.034477 0.573700 0.9488 0.9488 0.9488
v 0.490340 1.036917 0.600090 0.9902 0.9902 0.9902
v 0.511482 1.014753 0.574994 0.9265 0.9265 0.9265
v 0.507027 1.019781 0.590570 0.9488 0.9488 0.9488
v 0.510540 1.036202 0.592967 0.9595 0.9595 0.9595
v 0.490677 1.016479 0.593654 0.9378 0.9378 0.9378
v 0.494500 1.624224 0.520709 1.0000 1.0000 1.0000
v 0.492913 1.598771 0.551001 1.0000 1.0000 1.0000
v 0.522334 1.596331 0.524612 1.0000 1.0000 1.0000
v 0.493431 1.617780 0.541120 1.0000 1.0000 1.0000
v 0.509747 1.613844 0.538667 1.0000 1.0000 1.0000
v 0.513112 1.598056 0.543879 1.0000 1.0000 1.0000
v 0.514235 1.616054 0.522459 1.0000 1.0000 1.0000
v -0.494500 0.995776 0.399291 0.6181 0.6181 0.6181
v -0.522334 1.023669 0.395388 0.8508 0.8508 0.8508
v -0.492913 1.021229 0.368999 0.8216 0.8216 0.8216
v -0.514235 1.003946 0.397541 0.7336 0.7336 0.7336
v -0.509747 1.006156 0.381333 0.7721 0.7721 0.7721
v -0.513112 1.021944 0.376121 0.8508 0.8508 0.8508
v -0.493431 1.002220 0.378881 0.6181 0.6181 0.6181
v -0.491672 1.613417 0.345328 1.0000 1.0000 1.0000
v -0.490340 1.583083 0.319910 0.9595 0.9595 0.9595
v -0.519762 1.585523 0.346300 0.9902 0.9902 0.9902
v -0.490677 1.603522 0.326346 0.9902 0.9902 0.9902
v -0.507027 1.600219 0.329430 0.9902 0.9902 0.9902
v -0.510540 1.583798 0.327033 0.9802 0.9802 0.9802
v -0.511482 1.605247 0.345006 0.9902 0.9902 0.9902
v -0.500965 1.006583 0.522650 0.7118 0.7118 0.7118
v -0.502297 1.036917 0.548068 0.9700 0.9700 0.9700
v -0.528799 1.034477 0.518747 0.8905 0.8905 0.8905
v -0.501960 1.016479 0.541632 0.9378 0.9378 0.9378
v -0.517898 1.019781 0.536856 0.9148 0.9148 0.9148
v -0.521642 1.036202 0.538873 0.9378 0.9378 0.9378
v -0.520700 1.014753 0.520900 0.8365 0.8365 0.8365
v -0.498137 1.624224 0.468687 1.0000 1.0000 1.0000
v -0.526227 1.596331 0.469659 1.0000 1.0000 1.0000
v -0.499725 1.598771 0.498979 1.0000 1.0000 1.0000
v -0.517947 1.616054 0.468365 1.0000 1.0000 1.0000
v -0.515178 1.613844 0.484953 1.0000 1.0000 1.0000
v -0.519069 1.598056 0.489785 1.0000 1.0000 1.0000
v -0.499207 1.617780 0.489098 1.0000 1.0000 1.0000
v -0.236878 1.000000 -0.050363 0.6181 0.6181 0.6181
v -0.244125 1.028000 -0.077409 0.7536 0.7536 0.7536
v -0.209832 1.028000 -0.057610 0.7536 0.7536 0.7536
v -0.242003 1.008201 -0.069487 0.6875 0.6875 0.6875
v -0.225447 1.011834 -0.070162 0.6875 0.6875 0.6875
v -0.222878 1.028000 -0.074612 0.7536 0.7536 0.7536
v -0.217754 1.008201 -0.055487 0.7118 0.7118 0.7118
v -0.244125 1.062000 -0.077409 0.8645 0.8645 0.8645
v -0.236878 1.090000 -0.050363 0.9378 0.9378 0.9378
v -0.209832 1.062000 -0.057610 0.8508 0.8508 0.8508
v -0.242003 1.081799 -0.069487 0.9378 0.9378 0.9378
v -0.225447 1.078166 -0.070162 0.9029 0.9029 0.9029
v -0.217754 1.081799 -0.055487 0.9029 0.9029 0.9029
v -0.222878 1.062000 -0.074612 0.8777 0.8777 0.8777
v -0.222902 1.000000 0.001797 0.6181 0.6181 0.6181
v -0.195856 1.028000 -0.005450 0.6181 0.6181 0.6181
v -0.215655 1.028000 0.028843 0.6181 0.6181 0.6181
v -0.203778 1.008201 -0.003327 0.7118 0.7118 0.7118
v -0.203103 1.011834 0.013228 0.6181 0.6181 0.6181
v -0.198653 1.028000 0.015797 0.6181 0.6181 0.6181
v -0.217778 1.008201 0.020921 0.6181 0.6181 0.6181
v -0.222902 1.090000 0.001797 0.6181 0.6181 0.6181
v -0.215655 1.062000 0.028843 0.6181 0.6181 0.6181
v -0.195856 1.062000 -0.005450 0.7895 0.7895 0.7895
v -0.217778 1.081799 0.020921 0.6181 0.6181 0.6181
v -0.203103 1.078166 0.013228 0.6181 0.6181 0.6181
v -0.198653 1.062000 0.015797 0.6181 0.6181 0.6181
v -0.203778 1.081799 -0.003327 0.6181 0.6181 0.6181
v -0.433927 1.000000 0.002436 0.6181 0.6181 0.6181
v -0.460973 1.028000 0.009683 0.7895 0.7895 0.7895
v -0.441174 1.028000 -0.024610 0.8216 0.8216 0.8216
v -0.453052 1.008201 0.007560 0.7118 0.7118 0.7118
v -0.453726 1.011834 -0.008995 0.7721 0.7721 0.7721
v -0.458176 1.028000 -0.011564 0.8645 0.8645 0.8645
v -0.439052 1.008201 -0.016688 0.7536 0.7536 0.7536
v -0.433927 1.090000 0.002436 0.9378 0.9378 0.9378
v -0.441174 1.062000 -0.024610 0.8905 0.8905 0.8905
v -0.460973 1.062000 0.009683 0.8508 0.8508 0.8508
v -0.439052 1.081799 -0.016688 0.9265 0.9265 0.9265
v -0.453726 1.078166 -0.008995 0.9148 0.9148 0.9148
v -0.458176 1.062000 -0.011564 0.8905 0.8905 0.8905
v -0.453052 1.081799 0.007560 0.9029 0.9029 0.9029
v -0.419951 1.000000 0.054596 0.6181 0.6181 0.6181
v -0.412704 1.028000 0.081642 0.7336 0.7336 0.7336
v -0.446997 1.028000 0.061843 0.7895 0.7895 0.7895
v -0.414827 1.008201 0.073720 0.6591 0.6591 0.6591
v -0.431382 1.011834 0.074395 0.7336 0.7336 0.7336
v -0.433951 1.028000 0.078845 0.7336 0.7336 0.7336
v -0.439075 1.008201 0.059720 0.7336 0.7336 0.7336
v -0.419951 1.090000 0.054596 0.8905 0.8905 0.8905
v -0.446997 1.062000 0.061843 0.8060 0.8060 0.8060
v -0.412704 1.062000 0.081642 0.7895 0.7895 0.7895
v -0.439075 1.081799 0.059720 0.8645 0.8645 0.8645
v -0.431382 1.078166 0.074395 0.8216 0.8216 0.8216
v -0.433951 1.062000 0.078845 0.7895 0.7895 0.7895
v -0.414827 1.081799 0.073720 0.8216 0.8216 0.8216
v -0.087679 1.000000 0.066310 0.6181 0.6181 0.6181
v -0.114725 1.028000 0.059063 0.6181 0.6181 0.6181
v -0.080432 1.028000 0.039264 0.8060 0.8060 0.8060
v -0.106803 1.008201 0.061185 0.6875 0.6875 0.6875
v -0.099110 1.011834 0.046511 0.7721 0.7721 0.7721
v -0.101679 1.028000 0.042061 0.8060 0.8060 0.8060
v -0.082555 1.008201 0.047185 0.7721 0.7721 0.7721
v -0.114725 1.062000 0.059063 0.6181 0.6181 0.6181
v -0.087679 1.090000 0.066310 0.8905 0.8905 0.8905
v -0.080432 1.062000 0.039264 0.8777 0.8777 0.8777
v -0.106803 1.081799 0.061185 0.6181 0.6181 0.6181
v -0.099110 1.078166 0.046511 0.8645 0.8645 0.8645
v -0.082555 1.081799 0.047185 0.9148 0.9148 0.9148
v -0.101679 1.062000 0.042061 0.8365 0.8365 0.8365
v -0.035519 1.000000 0.080286 0.6181 0.6181 0.6181
v -0.028272 1.028000 0.053240 0.8216 0.8216 0.8216
v -0.008473 1.028000 0.087533 0.7536 0.7536 0.7536
v -0.030395 1.008201 0.061162 0.7336 0.7336 0.7336
v -0.015720 1.011834 0.068855 0.7895 0.7895 0.7895
v -0.011270 1.028000 0.066286 0.8060 0.8060 0.8060
v -0.016395 1.008201 0.085410 0.6875 0.6875 0.6875
v -0.035519 1.090000 0.080286 0.9265 0.9265 0.9265
v -0.008473 1.062000 0.087533 0.8508 0.8508 0.8508
v -0.028272 1.062000 0.053240 0.8905 0.8905 0.8905
v -0.016395 1.081799 0.085410 0.8777 0.8777 0.8777
v -0.015720 1.078166 0.068855 0.9029 0.9029 0.9029
v -0.011270 1.062000 0.066286 0.8777 0.8777 0.8777
v -0.030395 1.081799 0.061162 0.9148 0.9148 0.9148
v -0.140478 1.000000 0.263359 0.6181 0.6181 0.6181
v -0.147725 1.028000 0.290404 0.6181 0.6181 0.6181
v -0.167524 1.028000 0.256112 0.6591 0.6591 0.6591
v -0.145602 1.008201 0.282483 0.6181 0.6181 0.6181
v -0.160277 1.011834 0.274789 0.6181 0.6181 0.6181
v -0.164727 1.028000 0.277358 0.6591 0.6591 0.6591
v -0.159602 1.008201 0.258234 0.6181 0.6181 0.6181
v -0.140478 1.090000 0.263359 0.8645 0.8645 0.8645
v -0.167524 1.062000 0.256112 0.7118 0.7118 0.7118
v -0.147725 1.062000 0.290404 0.6875 0.6875 0.6875
v -0.159602 1.081799 0.258234 0.8060 0.8060 0.8060
v -0.160277 1.078166 0.274789 0.7336 0.7336 0.7336
v -0.164727 1.062000 0.277359 0.7118 0.7118 0.7118
v -0.145602 1.081799 0.282483 0.7721 0.7721 0.7721
v -0.088318 1.000000 0.277335 0.6181 0.6181 0.6181
v -0.061272 1.028000 0.284582 0.7336 0.7336 0.7336
v -0.095565 1.028000 0.304381 0.6181 0.6181 0.6181
v -0.069194 1.008201 0.282459 0.6875 0.6875 0.6875
v -0.076887 1.011834 0.297134 0.6875 0.6875 0.6875
v -0.074318 1.028000 0.301583 0.7118 0.7118 0.7118
v -0.093442 1.008201 0.296459 0.6181 0.6181 0.6181
v -0.088318 1.090000 0.277335 0.8645 0.8645 0.8645
v -0.095565 1.062000 0.304381 0.6875 0.6875 0.6875
v -0.061272 1.062000 0.284582 0.7721 0.7721 0.7721
v -0.093442 1.081799 0.296459 0.7721 0.7721 0.7721
v -0.076887 1.078166 0.297134 0.7721 0.7721 0.7721
v -0.074318 1.062000 0.301583 0.7118 0.7118 0.7118
v -0.069194 1.081799 0.282459 0.8216 0.8216 0.8216
v 0.149200 1.000000 0.056673 0.6181 0.6181 0.6181
v 0.129401 1.028000 0.076472 0.6591 0.6591 0.6591
v 0.129401 1.028000 0.036874 0.8365 0.8365 0.8365
v 0.135200 1.008201 0.070673 0.6591 0.6591 0.6591
v 0.126338 1.011834 0.056673 0.7336 0.7336 0.7336
v 0.121200 1.028000 0.056673 0.7536 0.7536 0.7536
v 0.135200 1.008201 0.042673 0.7336 0.7336 0.7336
v 0.129401 1.062000 0.076472 0.7536 0.7536 0.7536
v 0.149200 1.090000 0.056673 0.9148 0.9148 0.9148
v 0.129401 1.062000 0.036874 0.8645 0.8645 0.8645
v 0.135200 1.081799 0.070673 0.8365 0.8365 0.8365
v 0.126338 1.078166 0.056673 0.8508 0.8508 0.8508
v 0.135200 1.081799 0.042673 0.9029 0.9029 0.9029
v 0.121200 1.062000 0.056673 0.8216 0.8216 0.8216
v 0.187383 1.000000 0.018489 0.6181 0.6181 0.6181
v 0.167584 1.028000 -0.001310 0.8060 0.8060 0.8060
v 0.207182 1.028000 -0.001310 0.7895 0.7895 0.7895
v 0.173383 1.008201 0.004489 0.7336 0.7336 0.7336
v 0.187383 1.011834 -0.004373 0.7336 0.7336 0.7336
v 0.187383 1.028000 -0.009511 0.7721 0.7721 0.7721
v 0.201383 1.008201 0.004489 0.6875 0.6875 0.6875
v 0.187383 1.090000 0.018489 0.9488 0.9488 0.9488
v 0.207182 1.062000 -0.001310 0.8905 0.8905 0.8905
v 0.167584 1.062000 -0.001310 0.8777 0.8777 0.8777
v 0.201383 1.081799 0.004489 0.9378 0.9378 0.9378
v 0.187383 1.078166 -0.004373 0.9148 0.9148 0.9148
v 0.187383 1.062000 -0.009511 0.8777 0.8777 0.8777
v 0.173383 1.081799 0.004489 0.9029 0.9029 0.9029
v 0.293449 1.000000 0.200922 0.6181 0.6181 0.6181
v 0.313248 1.028000 0.220721 0.7536 0.7536 0.7536
v 0.273650 1.028000 0.220721 0.6181 0.6181 0.6181
v 0.307449 1.008201 0.214922 0.7336 0.7336 0.7336
v 0.293449 1.011834 0.223784 0.6875 0.6875 0.6875
v 0.293449 1.028000 0.228922 0.6875 0.6875 0.6875
v 0.279449 1.008201 0.214922 0.6181 0.6181 0.6181
v 0.293449 1.090000 0.200922 0.8905 0.8905 0.8905
v 0.273650 1.062000 0.220721 0.6875 0.6875 0.6875
v 0.313248 1.062000 0.220721 0.7721 0.7721 0.7721
v 0.279449 1.081799 0.214922 0.7721 0.7721 0.7721
v 0.293449 1.078166 0.223784 0.7895 0.7895 0.7895
v 0.293449 1.062000 0.228922 0.7536 0.7536 0.7536
v 0.307449 1.081799 0.214922 0.8216 0.8216 0.8216
v 0.331633 1.000000 0.162739 0.6181 0.6181 0.6181
v 0.351432 1.028000 0.142940 0.6181 0.6181 0.6181
v 0.351432 1.028000 0.182538 0.6181 0.6181 0.6181
v 0.345633 1.008201 0.148739 0.6181 0.6181 0.6181
v 0.354495 1.011834 0.162739 0.6181 0.6181 0.6181
v 0.359633 1.028000 0.162739 0.6181 0.6181 0.6181
v 0.345633 1.008201 0.176739 0.6181 0.6181 0.6181
v 0.331633 1.090000 0.162739 0.9378 0.9378 0.9378
v 0.351432 1.062000 0.182538 0.8060 0.8060 0.8060
v 0.351432 1.062000 0.142940 0.6181 0.6181 0.6181
v 0.345633 1.081799 0.176739 0.8777 0.8777 0.8777
v 0.354495 1.078166 0.162739 0.9029 0.9029 0.9029
v 0.359633 1.062000 0.162739 0.8777 0.8777 0.8777
v 0.345633 1.081799 0.148739 0.9378 0.9378 0.9378
v 0.236878 1.000000 -0.069637 0.6181 0.6181 0.6181
v 0.244125 1.028000 -0.042591 0.7118 0.7118 0.7118
v 0.209832 1.028000 -0.062390 0.7336 0.7336 0.7336
v 0.242003 1.008201 -0.050513 0.6591 0.6591 0.6591
v 0.225447 1.011834 -0.049838 0.6875 0.6875 0.6875
v 0.222878 1.028000 -0.045388 0.6875 0.6875 0.6875
v 0.217754 1.008201 -0.064513 0.6875 0.6875 0.6875
v 0.244125 1.062000 -0.042591 0.8216 0.8216 0.8216
v 0.236878 1.090000 -0.069637 0.9488 0.9488 0.9488
v 0.209832 1.062000 -0.062390 0.7895 0.7895 0.7895
v 0.242003 1.081799 -0.050513 0.8777 0.8777 0.8777
v 0.225447 1.078166 -0.049838 0.8508 0.8508 0.8508
v 0.217754 1.081799 -0.064513 0.8777 0.8777 0.8777
v 0.222878 1.062000 -0.045388 0.7895 0.7895 0.7895
v 0.222902 1.000000 -0.121797 0.6181 0.6181 0.6181
v 0.195856 1.028000 -0.114550 0.7536 0.7536 0.7536
v 0.215655 1.028000 -0.148843 0.8216 0.8216 0.8216
v 0.203778 1.008201 -0.116673 0.6875 0.6875 0.6875
v 0.203103 1.011834 -0.133228 0.7336 0.7336 0.7336
v 0.198653 1.028000 -0.135797 0.8365 0.8365 0.8365
v 0.217778 1.008201 -0.140921 0.7336 0.7336 0.7336
v 0.222902 1.090000 -0.121797 0.9488 0.9488 0.9488
v 0.215655 1.062000 -0.148843 0.8777 0.8777 0.8777
v 0.195856 1.062000 -0.114550 0.8365 0.8365 0.8365
v 0.217778 1.081799 -0.140921 0.9148 0.9148 0.9148
v 0.203103 1.078166 -0.133228 0.9029 0.9029 0.9029
v 0.198653 1.062000 -0.135797 0.8777 0.8777 0.8777
v 0.203778 1.081799 -0.116673 0.8905 0.8905 0.8905
v 0.433927 1.000000 -0.122436 0.6181 0.6181 0.6181
v 0.460973 1.028000 -0.129683 0.8777 0.8777 0.8777
v 0.441174 1.028000 -0.095390 0.8216 0.8216 0.8216
v 0.453052 1.008201 -0.127560 0.7895 0.7895 0.7895
v 0.453726 1.011834 -0.111005 0.8060 0.8060 0.8060
v 0.458176 1.028000 -0.108436 0.8216 0.8216 0.8216
v 0.439052 1.008201 -0.103312 0.7895 0.7895 0.7895
v 0.433927 1.090000 -0.122436 0.9902 0.9902 0.9902
v 0.441174 1.062000 -0.095390 0.8508 0.8508 0.8508
v 0.460973 1.062000 -0.129683 0.9265 0.9265 0.9265
v 0.439052 1.081799 -0.103312 0.9148 0.9148 0.9148
v 0.453726 1.078166 -0.111005 0.9265 0.9265 0.9265
v 0.458176 1.062000 -0.108436 0.8508 0.8508 0.8508
v 0.453052 1.081799 -0.127560 0.9595 0.9595 0.9595
v 0.419951 1.000000 -0.174596 0.6181 0.6181 0.6181
v 0.412704 1.028000 -0.201642 0.8060 0.8060 0.8060
v 0.446997 1.028000 -0.181843 0.8508 0.8508 0.8508
v 0.414827 1.008201 -0.193720 0.7536 0.7536 0.7536
v 0.431382 1.011834 -0.194395 0.7895 0.7895 0.7895
v 0.433951 1.028000 -0.198845 0.8508 0.8508 0.8508
v 0.439075 1.008201 -0.179720 0.7721 0.7721 0.7721
v 0.419951 1.090000 -0.174596 0.9902 0.9902 0.9902
v 0.446997 1.062000 -0.181843 0.9148 0.9148 0.9148
v 0.412704 1.062000 -0.201642 0.8645 0.8645 0.8645
v 0.439075 1.081799 -0.179720 0.9595 0.9595 0.9595
v 0.431382 1.078166 -0.194395 0.9378 0.9378 0.9378
v 0.433951 1.062000 -0.198845 0.9029 0.9029 0.9029
v 0.414827 1.081799 -0.193720 0.9378 0.9378 0.9378
v 0.087679 1.000000 -0.186310 0.6181 0.6181 0.6181
v 0.114725 1.028000 -0.179063 0.7336 0.7336 0.7336
v 0.080432 1.028000 -0.159264 0.7536 0.7536 0.7536
v 0.106803 1.008201 -0.181185 0.6875 0.6875 0.6875
v 0.099110 1.011834 -0.166511 0.6875 0.6875 0.6875
v 0.101679 1.028000 -0.162061 0.7536 0.7536 0.7536
v 0.082555 1.008201 -0.167185 0.6875 0.6875 0.6875
v 0.114725 1.062000 -0.179063 0.8060 0.8060 0.8060
v 0.087679 1.090000 -0.186310 0.9488 0.9488 0.9488
v 0.080432 1.062000 -0.159264 0.8060 0.8060 0.8060
v 0.106803 1.081799 -0.181185 0.8905 0.8905 0.8905
v 0.099110 1.078166 -0.166511 0.8777 0.8777 0.8777
v 0.082555 1.081799 -0.167185 0.8777 0.8777 0.8777
v 0.101679 1.062000 -0.162061 0.8060 0.8060 0.8060
v 0.035519 1.000000 -0.200286 0.6181 0.6181 0.6181
v 0.028272 1.028000 -0.173240 0.7536 0.7536 0.7536
v 0.008473 1.028000 -0.207533 0.7721 0.7721 0.7721
v 0.030395 1.008201 -0.181161 0.6875 0.6875 0.6875
v 0.015720 1.011834 -0.188855 0.7118 0.7118 0.7118
v 0.011270 1.028000 -0.186286 0.7536 0.7536 0.7536
v 0.016395 1.008201 -0.205410 0.7118 0.7118 0.7118
v 0.035519 1.090000 -0.200286 0.9488 0.9488 0.9488
v 0.008473 1.062000 -0.207533 0.8508 0.8508 0.8508
v 0.028272 1.062000 -0.173240 0.7895 0.7895 0.7895
v 0.016395 1.081799 -0.205410 0.9148 0.9148 0.9148
v 0.015720 1.078166 -0.188855 0.8365 0.8365 0.8365
v 0.011270 1.062000 -0.186286 0.7721 0.7721 0.7721
v 0.030395 1.081799 -0.181161 0.8777 0.8777 0.8777
v 0.140478 1.000000 -0.383359 0.6181 0.6181 0.6181
v 0.147725 1.028000 -0.410404 0.6875 0.6875 0.6875
v 0.167524 1.028000 -0.376112 0.7895 0.7895 0.7895
v 0.145602 1.008201 -0.402483 0.6181 0.6181 0.6181
v 0.160277 1.011834 -0.394789 0.7336 0.7336 0.7336
v 0.164727 1.028000 -0.397358 0.7536 0.7536 0.7536
v 0.159602 1.008201 -0.378234 0.7336 0.7336 0.7336
v 0.140478 1.090000 -0.383359 0.9595 0.9595 0.9595
v 0.167524 1.062000 -0.376112 0.8645 0.8645 0.8645
v 0.147725 1.062000 -0.410404 0.8060 0.8060 0.8060
v 0.159602 1.081799 -0.378234 0.9029 0.9029 0.9029
v 0.160277 1.078166 -0.394789 0.9148 0.9148 0.9148
v 0.164727 1.062000 -0.397359 0.8365 0.8365 0.8365
v 0.145602 1.081799 -0.402483 0.9265 0.9265 0.9265
v 0.088318 1.000000 -0.397335 0.6181 0.6181 0.6181
v 0.061272 1.028000 -0.404582 0.7336 0.7336 0.7336
v 0.095565 1.028000 -0.424381 0.6181 0.6181 0.6181
v 0.069194 1.008201 -0.402459 0.6591 0.6591 0.6591
v 0.076887 1.011834 -0.417134 0.6181 0.6181 0.6181
v 0.074318 1.028000 -0.421583 0.6875 0.6875 0.6875
v 0.093442 1.008201 -0.416459 0.6181 0.6181 0.6181
v 0.088318 1.090000 -0.397335 0.9595 0.9595 0.9595
v 0.095565 1.062000 -0.424381 0.7336 0.7336 0.7336
v 0.061272 1.062000 -0.404582 0.8216 0.8216 0.8216
v 0.093442 1.081799 -0.416459 0.9029 0.9029 0.9029
v 0.076887 1.078166 -0.417134 0.9029 0.9029 0.9029
v 0.074318 1.062000 -0.421583 0.7895 0.7895 0.7895
v 0.069194 1.081799 -0.402459 0.9148 0.9148 0.9148
v -0.149200 1.000000 -0.176673 0.6181 0.6181 0.6181
v -0.129401 1.028000 -0.196472 0.8216 0.8216 0.8216
v -0.129401 1.028000 -0.156874 0.7118 0.7118 0.7118
v -0.135200 1.008201 -0.190673 0.7336 0.7336 0.7336
v -0.126338 1.011834 -0.176673 0.7336 0.7336 0.7336
v -0.121200 1.028000 -0.176673 0.7536 0.7536 0.7536
v -0.135200 1.008201 -0.162673 0.6875 0.6875 0.6875
v -0.129401 1.062000 -0.196472 0.9029 0.9029 0.9029
v -0.149200 1.090000 -0.176673 0.9488 0.9488 0.9488
v -0.129401 1.062000 -0.156874 0.7721 0.7721 0.7721
v -0.135200 1.081799 -0.190673 0.9148 0.9148 0.9148
v -0.126338 1.078166 -0.176673 0.8777 0.8777 0.8777
v -0.135200 1.081799 -0.162673 0.8777 0.8777 0.8777
v -0.121200 1.062000 -0.176673 0.8645 0.8645 0.8645
v -0.187383 1.000000 -0.138489 0.6181 0.6181 0.6181
v -0.167584 1.028000 -0.118690 0.7118 0.7118 0.7118
v -0.207182 1.028000 -0.118690 0.7118 0.7118 0.7118
v -0.173383 1.008201 -0.124489 0.6875 0.6875 0.6875
v -0.187383 1.011834 -0.115627 0.6181 0.6181 0.6181
v -0.187383 1.028000 -0.110489 0.6875 0.6875 0.6875
v -0.201383 1.008201 -0.124489 0.6875 0.6875 0.6875
v -0.187383 1.090000 -0.138489 0.9265 0.9265 0.9265
v -0.207182 1.062000 -0.118690 0.7721 0.7721 0.7721
v -0.167584 1.062000 -0.118690 0.7721 0.7721 0.7721
v -0.201383 1.081799 -0.124489 0.8216 0.8216 0.8216
v -0.187383 1.078166 -0.115627 0.8365 0.8365 0.8365
v -0.187383 1.062000 -0.110489 0.7895 0.7895 0.7895
v -0.173383 1.081799 -0.124489 0.8645 0.8645 0.8645
v -0.293449 1.000000 -0.320922 0.6181 0.6181 0.6181
v -0.313248 1.028000 -0.340721 0.7895 0.7895 0.7895
v -0.273650 1.028000 -0.340721 0.7721 0.7721 0.7721
v -0.307449 1.008201 -0.334922 0.6875 0.6875 0.6875
v -0.293449 1.011834 -0.343784 0.7118 0.7118 0.7118
v -0.293449 1.028000 -0.348922 0.7536 0.7536 0.7536
v -0.279449 1.008201 -0.334922 0.7118 0.7118 0.7118
v -0.293449 1.090000 -0.320922 0.9488 0.9488 0.9488
v -0.273650 1.062000 -0.340721 0.8905 0.8905 0.8905
v -0.313248 1.062000 -0.340721 0.8905 0.8905 0.8905
v -0.279449 1.081799 -0.334922 0.9265 0.9265 0.9265
v -0.293449 1.078166 -0.343784 0.9265 0.9265 0.9265
v -0.293449 1.062000 -0.348922 0.8508 0.8508 0.8508
v -0.307449 1.081799 -0.334922 0.9148 0.9148 0.9148
v -0.331633 1.000000 -0.282739 0.6181 0.6181 0.6181
v -0.351432 1.028000 -0.262940 0.7336 0.7336 0.7336
v -0.351432 1.028000 -0.302538 0.8365 0.8365 0.8365
v -0.345633 1.008201 -0.268739 0.7336 0.7336 0.7336
v -0.354495 1.011834 -0.282739 0.7536 0.7536 0.7536
v -0.359633 1.028000 -0.282739 0.7721 0.7721 0.7721
v -0.345633 1.008201 -0.296739 0.7118 0.7118 0.7118
v -0.331633 1.090000 -0.282739 0.9265 0.9265 0.9265
v -0.351432 1.062000 -0.302538 0.8905 0.8905 0.8905
v -0.351432 1.062000 -0.262940 0.7895 0.7895 0.7895
v -0.345633 1.081799 -0.296739 0.9148 0.9148 0.9148
v -0.354495 1.078166 -0.282739 0.8777 0.8777 0.8777
v -0.359633 1.062000 -0.282739 0.8508 0.8508 0.8508
v -0.345633 1.081799 -0.268739 0.8508 0.8508 0.8508
v 0.796622 0.990000 -0.546925 0.6181 0.6181 0.6181
v 0.799233 1.018000 -0.574803 0.9902 0.9902 0.9902
v 0.824500 1.018000 -0.544314 0.9700 0.9700 0.9700
v 0.798468 0.998201 -0.566638 0.9595 0.9595 0.9595
v 0.814225 1.001834 -0.561513 0.9488 0.9488 0.9488
v 0.818181 1.018000 -0.564791 0.9902 0.9902 0.9902
v 0.816335 0.998201 -0.545079 0.8777 0.8777 0.8777
v 0.799233 1.262000 -0.574803 1.0000 1.0000 1.0000
v 0.796622 1.290000 -0.546925 1.0000 1.0000 1.0000
v 0.824500 1.262000 -0.544314 1.0000 1.0000 1.0000
v 0.798468 1.281799 -0.566638 1.0000 1.0000 1.0000
v 0.814225 1.278166 -0.561513 1.0000 1.0000 1.0000
v 0.816335 1.281799 -0.545079 1.0000 1.0000 1.0000
v 0.818181 1.262000 -0.564791 1.0000 1.0000 1.0000
v 0.786925 0.990000 -0.443378 0.6181 0.6181 0.6181
v 0.814803 1.018000 -0.440767 0.6181 0.6181 0.6181
v 0.784314 1.018000 -0.415500 0.8645 0.8645 0.8645
v 0.806638 0.998201 -0.441532 0.6181 0.6181 0.6181
v 0.801513 1.001834 -0.425775 0.6181 0.6181 0.6181
v 0.804791 1.018000 -0.421819 0.9029 0.9029 0.9029
v 0.785079 0.998201 -0.423665 0.6181 0.6181 0.6181
v 0.786925 1.290000 -0.443378 1.0000 1.0000 1.0000
v 0.784314 1.262000 -0.415500 0.9488 0.9488 0.9488
v 0.814803 1.262000 -0.440767 0.9802 0.9802 0.9802
v 0.785079 1.281799 -0.423665 0.9595 0.9595 0.9595
v 0.801513 1.278166 -0.425775 0.9595 0.9595 0.9595
v 0.804791 1.262000 -0.421819 0.9488 0.9488 0.9488
v 0.806638 1.281799 -0.441532 1.0000 1.0000 1.0000
v 0.693075 0.990000 -0.556622 0.8645 0.8645 0.8645
v 0.665197 1.018000 -0.559233 0.9029 0.9029 0.9029
v 0.695686 1.018000 -0.584500 0.9700 0.9700 0.9700
v 0.673362 0.998201 -0.558468 0.8508 0.8508 0.8508
v 0.678487 1.001834 -0.574225 0.9378 0.9378 0.9378
v 0.675208 1.018000 -0.578181 0.9378 0.9378 0.9378
v 0.694921 0.998201 -0.576335 0.9488 0.9488 0.9488
v 0.693075 1.290000 -0.556622 1.0000 1.0000 1.0000
v 0.695686 1.262000 -0.584500 1.0000 1.0000 1.0000
v 0.665197 1.262000 -0.559233 0.9595 0.9595 0.9595
v 0.694921 1.281799 -0.576335 1.0000 1.0000 1.0000
v 0.678487 1.278166 -0.574225 0.9902 0.9902 0.9902
v 0.675208 1.262000 -0.578181 0.9802 0.9802 0.9802
v 0.673362 1.281799 -0.558468 0.9902 0.9902 0.9902
v 0.683378 0.990000 -0.453075 0.6181 0.6181 0.6181
v 0.680767 1.018000 -0.425197 0.8365 0.8365 0.8365
v 0.655500 1.018000 -0.455686 0.6181 0.6181 0.6181
v 0.681532 0.998201 -0.433362 0.6181 0.6181 0.6181
v 0.665775 1.001834 -0.438487 0.6181 0.6181 0.6181
v 0.661819 1.018000 -0.435208 0.6181 0.6181 0.6181
v 0.663665 0.998201 -0.454921 0.6181 0.6181 0.6181
v 0.683378 1.290000 -0.453075 0.9902 0.9902 0.9902
v 0.655500 1.262000 -0.455686 0.9265 0.9265 0.9265
v 0.680767 1.262000 -0.425197 0.8905 0.8905 0.8905
v 0.663665 1.281799 -0.454921 0.9595 0.9595 0.9595
v 0.665775 1.278166 -0.438487 0.9265 0.9265 0.9265
v 0.661819 1.262000 -0.435208 0.9029 0.9029 0.9029
v 0.681532 1.281799 -0.433362 0.9265 0.9265 0.9265
v -0.689039 0.990000 -0.553019 0.6181 0.6181 0.6181
v -0.689594 1.018000 -0.581014 0.6181 0.6181 0.6181
v -0.661045 1.018000 -0.553573 0.6181 0.6181 0.6181
v -0.689431 0.998201 -0.572814 0.6181 0.6181 0.6181
v -0.673197 1.001834 -0.569502 0.8216 0.8216 0.8216
v -0.669636 1.018000 -0.573206 0.6181 0.6181 0.6181
v -0.669244 0.998201 -0.553411 0.6181 0.6181 0.6181
v -0.689594 1.262000 -0.581014 1.0000 1.0000 1.0000
v -0.689039 1.290000 -0.553019 0.9902 0.9902 0.9902
v -0.661045 1.262000 -0.553573 0.9378 0.9378 0.9378
v -0.689431 1.281799 -0.572814 1.0000 1.0000 1.0000
v -0.673197 1.278166 -0.569502 1.0000 1.0000 1.0000
v -0.669244 1.281799 -0.553411 0.9902 0.9902 0.9902
v -0.669636 1.262000 -0.573206 1.0000 1.0000 1.0000
v -0.686981 0.990000 -0.449039 0.6181 0.6181 0.6181
v -0.658986 1.018000 -0.449594 0.7336 0.7336 0.7336
v -0.686427 1.018000 -0.421045 0.7895 0.7895 0.7895
v -0.667186 0.998201 -0.449431 0.6181 0.6181 0.6181
v -0.670498 1.001834 -0.433197 0.6181 0.6181 0.6181
v -0.666794 1.018000 -0.429636 0.7336 0.7336 0.7336
v -0.686589 0.998201 -0.429244 0.6181 0.6181 0.6181
v -0.686981 1.290000 -0.449039 0.9700 0.9700 0.9700
v -0.686427 1.262000 -0.421045 0.9029 0.9029 0.9029
v -0.658986 1.262000 -0.449594 0.8777 0.8777 0.8777
v -0.686589 1.281799 -0.429244 0.9148 0.9148 0.9148
v -0.670498 1.278166 -0.433197 0.9029 0.9029 0.9029
v -0.666794 1.262000 -0.429636 0.8645 0.8645 0.8645
v -0.667186 1.281799 -0.449431 0.9378 0.9378 0.9378
v -0.793019 0.990000 -0.550961 0.6181 0.6181 0.6181
v -0.821014 1.018000 -0.550406 0.9595 0.9595 0.9595
v -0.793573 1.018000 -0.578955 0.6181 0.6181 0.6181
v -0.812814 0.998201 -0.550569 0.9378 0.9378 0.9378
v -0.809502 1.001834 -0.566803 0.9265 0.9265 0.9265
v -0.813206 1.018000 -0.570364 0.6181 0.6181 0.6181
v -0.793411 0.998201 -0.570756 0.6181 0.6181 0.6181
v -0.793019 1.290000 -0.550961 0.9902 0.9902 0.9902
v -0.793573 1.262000 -0.578955 1.0000 1.0000 1.0000
v -0.821014 1.262000 -0.550406 1.0000 1.0000 1.0000
v -0.793411 1.281799 -0.570756 1.0000 1.0000 1.0000
v -0.809502 1.278166 -0.566803 1.0000 1.0000 1.0000
v -0.813206 1.262000 -0.570364 1.0000 1.0000 1.0000
v -0.812814 1.281799 -0.550569 1.0000 1.0000 1.0000
v -0.790960 0.990000 -0.446981 0.6181 0.6181 0.6181
v -0.790406 1.018000 -0.418986 0.8365 0.8365 0.8365
v -0.818955 1.018000 -0.446427 0.9700 0.9700 0.9700
v -0.790569 0.998201 -0.427186 0.6181 0.6181 0.6181
v -0.806803 1.001834 -0.430498 0.8905 0.8905 0.8905
v -0.810364 1.018000 -0.426794 0.8905 0.8905 0.8905
v -0.810756 0.998201 -0.446589 0.9148 0.9148 0.9148
v -0.790960 1.290000 -0.446981 0.9902 0.9902 0.9902
v -0.818955 1.262000 -0.446427 0.9802 0.9802 0.9802
v -0.790406 1.262000 -0.418986 0.9148 0.9148 0.9148
v -0.810756 1.281799 -0.446589 0.9902 0.9902 0.9902
v -0.806803 1.278166 -0.430498 0.9595 0.9595 0.9595
v -0.810364 1.262000 -0.426794 0.9488 0.9488 0.9488
v -0.790569 1.281799 -0.427186 0.9265 0.9265 0.9265
v -0.200639 1.003594 0.009227 0.6181 0.6181 0.6181
v -0.226493 1.030813 -0.003372 0.6181 0.6181 0.6181
v -0.187751 1.035799 -0.009872 0.8216 0.8216 0.8216
v -0.217693 1.011400 -0.001141 0.6181 0.6181 0.6181
v -0.205955 1.017684 -0.011652 0.6181 0.6181 0.6181
v -0.208580 1.034172 -0.014646 0.6181 0.6181 0.6181
v -0.190298 1.014926 -0.005737 0.7721 0.7721 0.7721
v -0.233078 1.092178 0.004452 0.6181 0.6181 0.6181
v -0.213153 1.120198 0.024096 0.8365 0.8365 0.8365
v -0.194337 1.097165 -0.002047 0.9029 0.9029 0.9029
v -0.228470 1.111825 0.011665 0.6181 0.6181 0.6181
v -0.215963 1.110941 0.000239 0.9378 0.9378 0.9378
v -0.201076 1.115351 0.007069 0.9488 0.9488 0.9488
v -0.215165 1.095538 -0.006821 0.8777 0.8777 0.8777
v -0.108921 1.005200 0.073825 0.6591 0.6591 0.6591
v -0.096033 1.037405 0.054726 0.6181 0.6181 0.6181
v -0.088995 1.033220 0.093468 0.6181 0.6181 0.6181
v -0.098580 1.016532 0.058861 0.6181 0.6181 0.6181
v -0.087806 1.019752 0.071561 0.6181 0.6181 0.6181
v -0.084490 1.036345 0.072751 0.6181 0.6181 0.6181
v -0.093603 1.013573 0.086256 0.6181 0.6181 0.6181
v -0.121434 1.121804 0.088693 0.9148 0.9148 0.9148
v -0.095581 1.094586 0.101293 0.7721 0.7721 0.7721
v -0.102619 1.098771 0.062551 0.9029 0.9029 0.9029
v -0.104381 1.113998 0.099061 0.8365 0.8365 0.8365
v -0.097814 1.113010 0.083452 0.8645 0.8645 0.8645
v -0.091076 1.097711 0.080576 0.8508 0.8508 0.8508
v -0.109357 1.116957 0.071666 0.9148 0.9148 0.9148
v -0.225480 0.996408 0.044676 0.6181 0.6181 0.6181
v -0.244296 1.019442 0.070818 0.6181 0.6181 0.6181
v -0.251334 1.023626 0.032076 0.6181 0.6181 0.6181
v -0.237557 1.001255 0.061703 0.6181 0.6181 0.6181
v -0.249100 1.005202 0.049917 0.6181 0.6181 0.6181
v -0.255838 1.020501 0.052793 0.6181 0.6181 0.6181
v -0.242534 1.004214 0.034308 0.6181 0.6181 0.6181
v -0.237994 1.113012 0.059544 0.6181 0.6181 0.6181
v -0.257919 1.084992 0.039901 0.6181 0.6181 0.6181
v -0.250881 1.080808 0.078643 0.6181 0.6181 0.6181
v -0.253311 1.104639 0.047113 0.6181 0.6181 0.6181
v -0.259108 1.098460 0.061808 0.6181 0.6181 0.6181
v -0.262424 1.081867 0.060618 0.6181 0.6181 0.6181
v -0.248334 1.101680 0.074508 0.6181 0.6181 0.6181
v -0.133762 0.998014 0.109273 0.6181 0.6181 0.6181
v -0.113836 1.026034 0.128917 0.6181 0.6181 0.6181
v -0.152577 1.021048 0.135416 0.6181 0.6181 0.6181
v -0.118444 1.006387 0.121705 0.6181 0.6181 0.6181
v -0.130951 1.007271 0.133130 0.6181 0.6181 0.6181
v -0.131749 1.022674 0.140190 0.6181 0.6181 0.6181
v -0.145839 1.002861 0.126300 0.6181 0.6181 0.6181
v -0.146275 1.114618 0.124142 0.8777 0.8777 0.8777
v -0.159163 1.082414 0.143241 0.6181 0.6181 0.6181
v -0.120422 1.087400 0.136742 0.7336 0.7336 0.7336
v -0.156616 1.103286 0.139106 0.6181 0.6181 0.6181
v -0.140959 1.100529 0.145021 0.7118 0.7118 0.7118
v -0.138335 1.084040 0.148015 0.6181 0.6181 0.6181
v -0.129222 1.106812 0.134510 0.8060 0.8060 0.8060
v 0.282963 1.010428 0.033628 0.6181 0.6181 0.6181
v 0.255198 1.037838 0.040396 0.7336 0.7336 0.7336
v 0.280003 1.041916 0.009800 0.7536 0.7536 0.7536
v 0.263301 1.018317 0.036858 0.6591 0.6591 0.6591
v 0.265172 1.024121 0.021029 0.6875 0.6875 0.6875
v 0.261208 1.040582 0.020009 0.7336 0.7336 0.7336
v 0.280841 1.021200 0.015223 0.6591 0.6591 0.6591
v 0.255247 1.057108 0.043004 0.6591 0.6591 0.6591
v 0.283153 1.085192 0.043747 0.9378 0.9378 0.9378
v 0.280052 1.061186 0.012408 0.8365 0.8365 0.8365
v 0.263450 1.076827 0.044777 0.8645 0.8645 0.8645
v 0.265303 1.075430 0.027974 0.8777 0.8777 0.8777
v 0.280989 1.079710 0.023142 0.9029 0.9029 0.9029
v 0.261257 1.059852 0.022617 0.8365 0.8365 0.8365
v 0.330030 1.010998 0.028533 0.6181 0.6181 0.6181
v 0.327070 1.042486 0.004706 0.7721 0.7721 0.7721
v 0.357936 1.039082 0.029276 0.8508 0.8508 0.8508
v 0.327908 1.021770 0.010129 0.7118 0.7118 0.7118
v 0.344381 1.025079 0.012456 0.7536 0.7536 0.7536
v 0.347641 1.041628 0.010654 0.8216 0.8216 0.8216
v 0.349734 1.019363 0.027503 0.7536 0.7536 0.7536
v 0.330221 1.085762 0.038652 0.9700 0.9700 0.9700
v 0.357986 1.058352 0.031884 0.8777 0.8777 0.8777
v 0.327119 1.061755 0.007314 0.8508 0.8508 0.8508
v 0.349883 1.077873 0.035422 0.9595 0.9595 0.9595
v 0.344512 1.076389 0.019400 0.9378 0.9378 0.9378
v 0.347690 1.060898 0.013262 0.8905 0.8905 0.8905
v 0.328057 1.080280 0.018048 0.9378 0.9378 0.9378
v 0.299769 0.989684 0.186578 0.6181 0.6181 0.6181
v 0.302870 1.013690 0.217917 0.6875 0.6875 0.6875
v 0.272004 1.017094 0.193347 0.6181 0.6181 0.6181
v 0.301932 0.995166 0.207182 0.6181 0.6181 0.6181
v 0.285478 0.999057 0.205830 0.6181 0.6181 0.6181
v 0.282300 1.014548 0.211968 0.6181 0.6181 0.6181
v 0.280107 0.997573 0.189809 0.6181 0.6181 0.6181
v 0.299959 1.064448 0.196697 0.6181 0.6181 0.6181
v 0.272053 1.036364 0.195955 0.6181 0.6181 0.6181
v 0.302919 1.032960 0.220525 0.7536 0.7536 0.7536
v 0.280256 1.056083 0.197728 0.6181 0.6181 0.6181
v 0.285608 1.050366 0.212774 0.6181 0.6181 0.6181
v 0.282349 1.033818 0.214576 0.6181 0.6181 0.6181
v 0.302081 1.053676 0.215101 0.6181 0.6181 0.6181
v 0.346836 0.990254 0.181484 0.6181 0.6181 0.6181
v 0.374742 1.018338 0.182227 0.8060 0.8060 0.8060
v 0.349938 1.014260 0.212822 0.7721 0.7721 0.7721
v 0.366540 0.998619 0.180454 0.6181 0.6181 0.6181
v 0.364687 1.000016 0.197257 0.6181 0.6181 0.6181
v 0.368733 1.015594 0.202613 0.7721 0.7721 0.7721
v 0.349000 0.995736 0.202088 0.6181 0.6181 0.6181
v 0.347027 1.065018 0.191603 0.8645 0.8645 0.8645
v 0.349987 1.033530 0.215430 0.7895 0.7895 0.7895
v 0.374791 1.037608 0.184835 0.8645 0.8645 0.8645
v 0.349149 1.054246 0.210007 0.8216 0.8216 0.8216
v 0.364817 1.051325 0.204201 0.8216 0.8216 0.8216
v 0.368782 1.034864 0.205221 0.8060 0.8060 0.8060
v 0.366688 1.057129 0.188373 0.8905 0.8905 0.8905
v -0.299749 1.004065 -0.032135 0.6181 0.6181 0.6181
v -0.329736 1.028069 -0.041760 0.6181 0.6181 0.6181
v -0.292661 1.037696 -0.051801 0.6181 0.6181 0.6181
v -0.318523 1.009836 -0.040709 0.6591 0.6591 0.6591
v -0.308675 1.017543 -0.052170 0.7536 0.7536 0.7536
v -0.313511 1.033617 -0.054614 0.8060 0.8060 0.8060
v -0.292307 1.016643 -0.047808 0.6181 0.6181 0.6181
v -0.344284 1.095130 -0.031178 0.9265 0.9265 0.9265
v -0.326031 1.125214 -0.013018 0.9595 0.9595 0.9595
v -0.307209 1.104758 -0.041218 0.9148 0.9148 0.9148
v -0.341368 1.115144 -0.024091 0.9488 0.9488 0.9488
v -0.329997 1.115832 -0.036660 0.9488 0.9488 0.9488
v -0.315152 1.121951 -0.031191 0.9488 0.9488 0.9488
v -0.328059 1.100678 -0.044032 0.9029 0.9029 0.9029
v -0.207985 1.015631 0.020720 0.6181 0.6181 0.6181
v -0.200897 1.049262 0.001055 0.6181 0.6181 0.6181
v -0.189732 1.045715 0.038881 0.6181 0.6181 0.6181
v -0.200543 1.028210 0.005047 0.6181 0.6181 0.6181
v -0.189059 1.032619 0.016727 0.6181 0.6181 0.6181
v -0.187636 1.049482 0.017888 0.6181 0.6181 0.6181
v -0.192648 1.025702 0.031794 0.6181 0.6181 0.6181
v -0.234266 1.136781 0.039838 0.9378 0.9378 0.9378
v -0.204280 1.112777 0.049463 0.6181 0.6181 0.6181
v -0.215445 1.116324 0.011637 0.9148 0.9148 0.9148
v -0.215493 1.131010 0.048412 0.8645 0.8645 0.8645
v -0.210382 1.130909 0.032237 0.9265 0.9265 0.9265
v -0.202184 1.116544 0.028471 0.8216 0.8216 0.8216
v -0.223388 1.133518 0.021665 0.9378 0.9378 0.9378
v -0.330062 0.988652 0.023864 0.6181 0.6181 0.6181
v -0.348883 1.009109 0.052064 0.6591 0.6591 0.6591
v -0.360048 1.012656 0.014238 0.6181 0.6181 0.6181
v -0.340940 0.991916 0.042037 0.6181 0.6181 0.6181
v -0.353946 0.994524 0.031464 0.6181 0.6181 0.6181
v -0.362144 1.008889 0.035231 0.6181 0.6181 0.6181
v -0.348835 0.994424 0.015290 0.6181 0.6181 0.6181
v -0.356343 1.109802 0.042981 0.9029 0.9029 0.9029
v -0.374596 1.079718 0.024821 0.6181 0.6181 0.6181
v -0.363431 1.076171 0.062646 0.7336 0.7336 0.7336
v -0.371680 1.099731 0.031908 0.9265 0.9265 0.9265
v -0.375269 1.092814 0.046974 0.8365 0.8365 0.8365
v -0.376692 1.075951 0.045813 0.6181 0.6181 0.6181
v -0.363785 1.097223 0.058654 0.8216 0.8216 0.8216
v -0.238297 1.000219 0.076719 0.6181 0.6181 0.6181
v -0.220044 1.030303 0.094879 0.6181 0.6181 0.6181
v -0.257119 1.020676 0.104920 0.6181 0.6181 0.6181
v -0.222960 1.010289 0.087793 0.6181 0.6181 0.6181
v -0.234331 1.009601 0.100361 0.6181 0.6181 0.6181
v -0.236269 1.024755 0.107733 0.6181 0.6181 0.6181
v -0.249176 1.003482 0.094892 0.6181 0.6181 0.6181
v -0.264579 1.121368 0.095837 0.8777 0.8777 0.8777
v -0.271667 1.087737 0.115502 0.7536 0.7536 0.7536
v -0.234592 1.097365 0.105462 0.7336 0.7336 0.7336
v -0.272021 1.108790 0.111510 0.7895 0.7895 0.7895
v -0.255653 1.107890 0.115872 0.8216 0.8216 0.8216
v -0.250817 1.091816 0.118316 0.6181 0.6181 0.6181
v -0.245805 1.115597 0.104410 0.8508 0.8508 0.8508
v -0.156469 1.015793 0.114199 0.6181 0.6181 0.6181
v -0.170155 1.040773 0.086691 0.6181 0.6181 0.6181
v -0.136552 1.049009 0.105951 0.6181 0.6181 0.6181
v -0.163518 1.022163 0.094990 0.6181 0.6181 0.6181
v -0.148225 1.029433 0.093983 0.6181 0.6181 0.6181
v -0.149434 1.045650 0.089157 0.6181 0.6181 0.6181
v -0.139756 1.027987 0.108609 0.6181 0.6181 0.6181
v -0.180281 1.084265 0.085759 0.6181 0.6181 0.6181
v -0.179290 1.113815 0.112099 0.9378 0.9378 0.9378
v -0.146678 1.092501 0.105019 0.6181 0.6181 0.6181
v -0.182620 1.104214 0.093231 0.6181 0.6181 0.6181
v -0.165680 1.104408 0.092376 0.6181 0.6181 0.6181
v -0.158859 1.110038 0.106851 0.6181 0.6181 0.6181
v -0.159560 1.089142 0.088225 0.6181 0.6181 0.6181
v -0.139336 1.021129 0.177058 0.6181 0.6181 0.6181
v -0.119419 1.054345 0.168809 0.6181 0.6181 0.6181
v -0.138345 1.050679 0.203398 0.6181 0.6181 0.6181
v -0.122623 1.033323 0.171467 0.6181 0.6181 0.6181
v -0.122618 1.037408 0.187931 0.6181 0.6181 0.6181
v -0.121923 1.054218 0.190093 0.6181 0.6181 0.6181
v -0.136006 1.030731 0.195925 0.6181 0.6181 0.6181
v -0.162157 1.119151 0.174957 0.9029 0.9029 0.9029
v -0.148471 1.094172 0.202466 0.7536 0.7536 0.7536
v -0.129545 1.097837 0.167877 0.8365 0.8365 0.8365
v -0.155109 1.112782 0.194167 0.8060 0.8060 0.8060
v -0.140073 1.112383 0.186324 0.8365 0.8365 0.8365
v -0.132048 1.097710 0.189161 0.7721 0.7721 0.7721
v -0.141726 1.115373 0.169709 0.8777 0.8777 0.8777
v -0.307771 0.981514 0.158348 0.6181 0.6181 0.6181
v -0.340384 1.002828 0.165428 0.7336 0.7336 0.7336
v -0.321457 1.006493 0.130840 0.6591 0.6591 0.6591
v -0.328203 0.985292 0.163596 0.6181 0.6181 0.6181
v -0.329855 0.988282 0.146981 0.6181 0.6181 0.6181
v -0.337880 1.002955 0.144145 0.7536 0.7536 0.7536
v -0.314820 0.987884 0.139139 0.6181 0.6181 0.6181
v -0.330592 1.079536 0.156248 0.9029 0.9029 0.9029
v -0.331583 1.049986 0.129908 0.7536 0.7536 0.7536
v -0.350510 1.046321 0.164496 0.7895 0.7895 0.7895
v -0.333922 1.069934 0.137380 0.8777 0.8777 0.8777
v -0.347310 1.063258 0.145375 0.8645 0.8645 0.8645
v -0.348006 1.046448 0.143213 0.8060 0.8060 0.8060
v -0.347305 1.067343 0.161838 0.8508 0.8508 0.8508
v -0.290638 0.986850 0.221207 0.6181 0.6181 0.6181
v -0.289647 1.016400 0.247547 0.7118 0.7118 0.7118
v -0.323251 1.008164 0.228286 0.7336 0.7336 0.7336
v -0.287308 0.996452 0.240074 0.6181 0.6181 0.6181
v -0.304248 0.996257 0.240929 0.6181 0.6181 0.6181
v -0.310369 1.011523 0.245080 0.7118 0.7118 0.7118
v -0.311070 0.990628 0.226455 0.6181 0.6181 0.6181
v -0.313459 1.084872 0.219106 0.9029 0.9029 0.9029
v -0.333377 1.051656 0.227354 0.7895 0.7895 0.7895
v -0.299773 1.059893 0.246615 0.7721 0.7721 0.7721
v -0.330172 1.072678 0.224697 0.8508 0.8508 0.8508
v -0.321704 1.071232 0.239323 0.8060 0.8060 0.8060
v -0.320495 1.055015 0.244148 0.7536 0.7536 0.7536
v -0.306411 1.078502 0.238316 0.8060 0.8060 0.8060
v 0.087916 0.995032 0.361764 0.6181 0.6181 0.6181
v 0.057390 1.020150 0.359475 0.7336 0.7336 0.7336
v 0.085269 1.020257 0.331355 0.8216 0.8216 0.8216
v 0.067429 1.001295 0.361191 0.6181 0.6181 0.6181
v 0.070705 1.003776 0.344734 0.7336 0.7336 0.7336
v 0.065558 1.019131 0.339689 0.7895 0.7895 0.7895
v 0.087143 1.001370 0.341307 0.6181 0.6181 0.6181
v 0.054392 1.051531 0.356622 0.7895 0.7895 0.7895
v 0.079614 1.081932 0.353863 0.8508 0.8508 0.8508
v 0.082271 1.051637 0.328502 0.8365 0.8365 0.8365
v 0.060681 1.071933 0.354769 0.8365 0.8365 0.8365
v 0.064645 1.067211 0.338966 0.8365 0.8365 0.8365
v 0.080394 1.072009 0.334885 0.8645 0.8645 0.8645
v 0.062560 1.050512 0.336836 0.8365 0.8365 0.8365
v 0.111365 0.997254 0.361566 0.6181 0.6181 0.6181
v 0.108718 1.022479 0.331157 0.8365 0.8365 0.8365
v 0.136587 1.027656 0.358807 0.8060 0.8060 0.8060
v 0.110592 1.003593 0.341109 0.7536 0.7536 0.7536
v 0.126340 1.009049 0.344264 0.8060 0.8060 0.8060
v 0.128427 1.025090 0.339158 0.8508 0.8508 0.8508
v 0.130299 1.007253 0.360661 0.7336 0.7336 0.7336
v 0.103063 1.084154 0.353665 0.8645 0.8645 0.8645
v 0.133589 1.059036 0.355954 0.8216 0.8216 0.8216
v 0.105720 1.053860 0.328304 0.8777 0.8777 0.8777
v 0.123550 1.077891 0.354238 0.8777 0.8777 0.8777
v 0.120280 1.072483 0.338497 0.8777 0.8777 0.8777
v 0.125429 1.056470 0.336305 0.8777 0.8777 0.8777
v 0.103843 1.074231 0.334687 0.8777 0.8777 0.8777
v 0.087899 1.003498 0.454895 0.6181 0.6181 0.6181
v 0.085242 1.033793 0.480256 0.6181 0.6181 0.6181
v 0.057373 1.028616 0.452606 0.6181 0.6181 0.6181
v 0.087119 1.013421 0.473873 0.6181 0.6181 0.6181
v 0.070682 1.015169 0.470063 0.6181 0.6181 0.6181
v 0.065534 1.031182 0.472255 0.6181 0.6181 0.6181
v 0.067413 1.009761 0.454322 0.6181 0.6181 0.6181
v 0.079597 1.090398 0.446994 0.6181 0.6181 0.6181
v 0.054375 1.059996 0.449753 0.6181 0.6181 0.6181
v 0.082244 1.065173 0.477403 0.6181 0.6181 0.6181
v 0.060664 1.080399 0.447899 0.6181 0.6181 0.6181
v 0.064622 1.078604 0.464295 0.6181 0.6181 0.6181
v 0.062536 1.062563 0.469401 0.6181 0.6181 0.6181
v 0.080370 1.084060 0.467450 0.6181 0.6181 0.6181
v 0.111349 1.005720 0.454697 0.6181 0.6181 0.6181
v 0.136571 1.036122 0.451938 0.6181 0.6181 0.6181
v 0.108692 1.036015 0.480058 0.6181 0.6181 0.6181
v 0.130282 1.015719 0.453791 0.6181 0.6181 0.6181
v 0.126318 1.020442 0.469594 0.6181 0.6181 0.6181
v 0.128403 1.037140 0.471724 0.6181 0.6181 0.6181
v 0.110568 1.015643 0.473675 0.6181 0.6181 0.6181
v 0.103046 1.092620 0.446796 0.6181 0.6181 0.6181
v 0.105694 1.067395 0.477205 0.6181 0.6181 0.6181
v 0.133573 1.067502 0.449085 0.6181 0.6181 0.6181
v 0.103820 1.086282 0.467253 0.6181 0.6181 0.6181
v 0.120258 1.083876 0.463826 0.6181 0.6181 0.6181
v 0.125405 1.068521 0.468871 0.6181 0.6181 0.6181
v 0.123533 1.086357 0.447369 0.6181 0.6181 0.6181
v -0.097499 0.170781 0.634346 0.6875 0.6875 0.6875
v -0.120702 0.202604 0.630235 0.7721 0.7721 0.7721
v -0.088026 0.198943 0.608170 0.6591 0.6591 0.6591
v -0.115547 0.181814 0.630912 0.7336 0.7336 0.7336
v -0.108326 0.185144 0.615928 0.6875 0.6875 0.6875
v -0.108848 0.201728 0.612403 0.7118 0.7118 0.7118
v -0.092441 0.179226 0.615310 0.6181 0.6181 0.6181
v -0.114487 0.246052 0.632232 0.7721 0.7721 0.7721
v -0.083360 0.269607 0.638888 0.8645 0.8645 0.8645
v -0.081810 0.242391 0.610167 0.7336 0.7336 0.7336
v -0.103729 0.264420 0.634708 0.7895 0.7895 0.7895
v -0.097536 0.260564 0.619395 0.7895 0.7895 0.7895
v -0.080623 0.261832 0.619106 0.7895 0.7895 0.7895
v -0.102633 0.245176 0.614400 0.7536 0.7536 0.7536
v 0.028774 0.151566 0.659372 0.6181 0.6181 0.6181
v 0.038247 0.179728 0.633196 0.7118 0.7118 0.7118
v 0.059900 0.175121 0.666028 0.9148 0.9148 0.9148
v 0.033832 0.160010 0.640336 0.6181 0.6181 0.6181
v 0.049314 0.161155 0.647171 0.6181 0.6181 0.6181
v 0.055841 0.176667 0.645042 0.7895 0.7895 0.7895
v 0.049143 0.156753 0.663551 0.9148 0.9148 0.9148
v 0.042912 0.250392 0.663914 0.8645 0.8645 0.8645
v 0.066116 0.218569 0.668025 0.9029 0.9029 0.9029
v 0.044463 0.223176 0.635193 0.7336 0.7336 0.7336
v 0.060961 0.239359 0.667348 0.8777 0.8777 0.8777
v 0.060104 0.236576 0.650637 0.8216 0.8216 0.8216
v 0.062057 0.220115 0.647039 0.8216 0.8216 0.8216
v 0.045650 0.242617 0.644132 0.8060 0.8060 0.8060
v -0.111923 0.169544 0.706173 0.9148 0.9148 0.9148
v -0.113473 0.196760 0.734894 1.0000 1.0000 1.0000
v -0.135126 0.201366 0.702062 0.8777 0.8777 0.8777
v -0.114660 0.177319 0.725955 0.9595 0.9595 0.9595
v -0.129114 0.183360 0.719450 0.9488 0.9488 0.9488
v -0.131067 0.199821 0.723048 0.9488 0.9488 0.9488
v -0.129971 0.180576 0.702739 0.9029 0.9029 0.9029
v -0.097784 0.268370 0.710715 0.9029 0.9029 0.9029
v -0.128910 0.244814 0.704059 0.8508 0.8508 0.8508
v -0.107257 0.240208 0.736891 0.9902 0.9902 0.9902
v -0.118153 0.263183 0.706536 0.8216 0.8216 0.8216
v -0.118324 0.258780 0.722916 0.9595 0.9595 0.9595
v -0.124851 0.243269 0.725045 0.9488 0.9488 0.9488
v -0.102842 0.259925 0.729751 0.9902 0.9902 0.9902
v 0.014350 0.150328 0.731199 0.9378 0.9378 0.9378
v 0.045476 0.173884 0.737855 0.9700 0.9700 0.9700
v 0.012800 0.177545 0.759920 1.0000 1.0000 1.0000
v 0.034719 0.155515 0.735379 0.9802 0.9802 0.9802
v 0.028526 0.159371 0.750692 0.9802 0.9802 0.9802
v 0.033622 0.174760 0.755687 0.9802 0.9802 0.9802
v 0.011613 0.158104 0.750981 0.9902 0.9902 0.9902
v 0.028489 0.249155 0.735741 0.9265 0.9265 0.9265
v 0.019015 0.220993 0.761917 1.0000 1.0000 1.0000
v 0.051692 0.217332 0.739852 0.9378 0.9378 0.9378
v 0.023431 0.240710 0.754777 0.9802 0.9802 0.9802
v 0.039316 0.234792 0.754159 0.9595 0.9595 0.9595
v 0.039838 0.218208 0.757684 0.9802 0.9802 0.9802
v 0.046537 0.238122 0.739175 0.9265 0.9265 0.9265
v -0.902874 0.170865 0.611787 0.7536 0.7536 0.7536
v -0.913602 0.199860 0.636529 0.9802 0.9802 0.9802
v -0.923327 0.201931 0.598200 0.9902 0.9902 0.9902
v -0.911888 0.179861 0.629023 0.9488 0.9488 0.9488
v -0.923400 0.185205 0.617769 0.9700 0.9700 0.9700
v -0.926350 0.201828 0.619416 0.9902 0.9902 0.9902
v -0.918764 0.181325 0.601920 0.9378 0.9378 0.9378
v -0.901906 0.294116 0.638653 1.0000 1.0000 1.0000
v -0.884284 0.320681 0.615163 0.9700 0.9700 0.9700
v -0.911631 0.296187 0.600324 0.9902 0.9902 0.9902
v -0.895317 0.313404 0.632032 0.9902 0.9902 0.9902
v -0.907724 0.311539 0.620616 1.0000 1.0000 1.0000
v -0.902194 0.314868 0.604929 0.9700 0.9700 0.9700
v -0.914654 0.296084 0.621540 1.0000 1.0000 1.0000
v -0.865111 0.167627 0.547538 0.6875 0.6875 0.6875
v -0.885564 0.198693 0.533951 0.9378 0.9378 0.9378
v -0.847489 0.194191 0.524048 0.8060 0.8060 0.8060
v -0.881001 0.178087 0.537671 0.8365 0.8365 0.8365
v -0.869269 0.180563 0.525673 0.8216 0.8216 0.8216
v -0.868540 0.196871 0.521061 0.8777 0.8777 0.8777
v -0.854078 0.174904 0.530668 0.7895 0.7895 0.7895
v -0.846521 0.317443 0.550914 0.9488 0.9488 0.9488
v -0.835793 0.288447 0.526172 0.9029 0.9029 0.9029
v -0.873868 0.292949 0.536075 0.9700 0.9700 0.9700
v -0.837508 0.308447 0.533678 0.9148 0.9148 0.9148
v -0.853593 0.306897 0.528520 0.9378 0.9378 0.9378
v -0.856845 0.291127 0.523185 0.9378 0.9378 0.9378
v -0.864430 0.311630 0.540680 0.9595 0.9595 0.9595
v -0.777008 0.153560 0.686639 0.9148 0.9148 0.9148
v -0.749661 0.178054 0.701478 0.9595 0.9595 0.9595
v -0.787735 0.182555 0.711381 1.0000 1.0000 1.0000
v -0.759098 0.159373 0.696872 0.9595 0.9595 0.9595
v -0.769936 0.164106 0.709033 0.9700 0.9700 0.9700
v -0.766684 0.179876 0.714368 0.9902 0.9902 0.9902
v -0.786021 0.162556 0.703875 0.9700 0.9700 0.9700
v -0.758418 0.303376 0.690015 0.9488 0.9488 0.9488
v -0.776040 0.276812 0.713505 1.0000 1.0000 1.0000
v -0.737965 0.272310 0.703602 0.9488 0.9488 0.9488
v -0.769450 0.296099 0.706884 0.9902 0.9902 0.9902
v -0.754260 0.290440 0.711880 0.9902 0.9902 0.9902
v -0.754988 0.274132 0.716492 1.0000 1.0000 1.0000
v -0.742528 0.292916 0.699882 0.9488 0.9488 0.9488
v -0.739244 0.150322 0.622390 0.6181 0.6181 0.6181
v -0.721623 0.176886 0.598900 0.7336 0.7336 0.7336
v -0.711898 0.174816 0.637229 0.9265 0.9265 0.9265
v -0.728212 0.157599 0.605521 0.6181 0.6181 0.6181
v -0.715805 0.159464 0.616937 0.6181 0.6181 0.6181
v -0.708875 0.174919 0.616013 0.8216 0.8216 0.8216
v -0.721335 0.156135 0.632624 0.6181 0.6181 0.6181
v -0.720654 0.300138 0.625766 0.9265 0.9265 0.9265
v -0.700202 0.269072 0.639353 0.9378 0.9378 0.9378
v -0.709927 0.271143 0.601024 0.8365 0.8365 0.8365
v -0.704765 0.289678 0.635633 0.9029 0.9029 0.9029
v -0.700129 0.285798 0.619784 0.8777 0.8777 0.8777
v -0.697179 0.269175 0.618137 0.8645 0.8645 0.8645
v -0.711641 0.291142 0.608530 0.8645 0.8645 0.8645
v -0.722268 0.160713 -0.040818 0.6181 0.6181 0.6181
v -0.731410 0.189532 -0.015247 0.6181 0.6181 0.6181
v -0.749787 0.187572 -0.050268 0.6181 0.6181 0.6181
v -0.728400 0.169507 -0.022262 0.6181 0.6181 0.6181
v -0.742847 0.172387 -0.030672 0.6181 0.6181 0.6181
v -0.747859 0.188500 -0.028944 0.6181 0.6181 0.6181
v -0.741394 0.168121 -0.047026 0.6181 0.6181 0.6181
v -0.733410 0.259263 -0.018101 0.6181 0.6181 0.6181
v -0.725872 0.286374 -0.045960 0.8508 0.8508 0.8508
v -0.751787 0.257303 -0.053121 0.6181 0.6181 0.6181
v -0.731535 0.278787 -0.026735 0.8060 0.8060 0.8060
v -0.745773 0.274409 -0.034848 0.6181 0.6181 0.6181
v -0.744529 0.277401 -0.051498 0.8508 0.8508 0.8508
v -0.749859 0.258231 -0.031798 0.6181 0.6181 0.6181
v -0.681053 0.156492 -0.172837 0.6181 0.6181 0.6181
v -0.708572 0.183351 -0.182287 0.6181 0.6181 0.6181
v -0.673514 0.183603 -0.200697 0.6181 0.6181 0.6181
v -0.700179 0.163900 -0.179045 0.6181 0.6181 0.6181
v -0.692002 0.167179 -0.193540 0.6181 0.6181 0.6181
v -0.694849 0.183071 -0.198745 0.6181 0.6181 0.6181
v -0.675390 0.164079 -0.192063 0.6181 0.6181 0.6181
v -0.684657 0.282153 -0.177980 0.6875 0.6875 0.6875
v -0.675514 0.253334 -0.203551 0.6181 0.6181 0.6181
v -0.710572 0.253082 -0.185141 0.6181 0.6181 0.6181
v -0.678524 0.273358 -0.196535 0.6181 0.6181 0.6181
v -0.694928 0.269202 -0.197715 0.6181 0.6181 0.6181
v -0.696849 0.252802 -0.201599 0.6181 0.6181 0.6181
v -0.703314 0.273180 -0.183517 0.6181 0.6181 0.6181
v -0.650962 0.163665 -0.018651 0.6181 0.6181 0.6181
v -0.625047 0.192736 -0.011490 0.6181 0.6181 0.6181
v -0.660104 0.192484 0.006920 0.6181 0.6181 0.6181
v -0.632305 0.172638 -0.013113 0.6181 0.6181 0.6181
v -0.640691 0.176616 0.001085 0.6181 0.6181 0.6181
v -0.638770 0.193016 0.004968 0.6181 0.6181 0.6181
v -0.657094 0.172460 -0.000096 0.6181 0.6181 0.6181
v -0.654566 0.289326 -0.023794 0.6181 0.6181 0.6181
v -0.662104 0.262215 0.004066 0.6181 0.6181 0.6181
v -0.627047 0.262467 -0.014344 0.6181 0.6181 0.6181
v -0.660229 0.281739 -0.004568 0.6591 0.6591 0.6591
v -0.643617 0.278639 -0.003091 0.6591 0.6591 0.6591
v -0.640770 0.262747 0.002114 0.6181 0.6181 0.6181
v -0.635439 0.281918 -0.017586 0.6181 0.6181 0.6181
v -0.609747 0.159444 -0.150670 0.6181 0.6181 0.6181
v -0.602209 0.186555 -0.178530 0.6181 0.6181 0.6181
v -0.583832 0.188515 -0.143509 0.6181 0.6181 0.6181
v -0.604084 0.167031 -0.169896 0.6181 0.6181 0.6181
v -0.589846 0.171409 -0.161783 0.6181 0.6181 0.6181
v -0.585760 0.187587 -0.164833 0.6181 0.6181 0.6181
v -0.591090 0.168417 -0.145133 0.6181 0.6181 0.6181
v -0.613351 0.285105 -0.155813 0.6181 0.6181 0.6181
v -0.585832 0.258247 -0.146363 0.6181 0.6181 0.6181
v -0.604209 0.256286 -0.181384 0.6181 0.6181 0.6181
v -0.594224 0.277697 -0.149605 0.6181 0.6181 0.6181
v -0.592772 0.273431 -0.165958 0.6181 0.6181 0.6181
v -0.587760 0.257319 -0.167686 0.6181 0.6181 0.6181
v -0.607219 0.276311 -0.174368 0.6181 0.6181 0.6181
v 0.452909 0.169253 0.619928 0.6591 0.6591 0.6591
v 0.432023 0.197436 0.601557 0.6591 0.6591 0.6591
v 0.470996 0.201978 0.606892 0.7536 0.7536 0.7536
v 0.439680 0.177791 0.605390 0.6181 0.6181 0.6181
v 0.454014 0.184287 0.599060 0.6591 0.6591 0.6591
v 0.452470 0.200931 0.596172 0.7118 0.7118 0.7118
v 0.467238 0.181003 0.609163 0.7118 0.7118 0.7118
v 0.429609 0.215297 0.603984 0.7536 0.7536 0.7536
v 0.443062 0.242113 0.629827 0.8645 0.8645 0.8645
v 0.468583 0.219839 0.609319 0.7895 0.7895 0.7895
v 0.432010 0.234542 0.613101 0.7721 0.7721 0.7721
v 0.447309 0.233902 0.605801 0.7895 0.7895 0.7895
v 0.459568 0.237754 0.616873 0.8508 0.8508 0.8508
v 0.450056 0.218792 0.598599 0.7336 0.7336 0.7336
v 0.552836 0.165276 0.748593 0.9265 0.9265 0.9265
v 0.570923 0.198001 0.735558 0.8365 0.8365 0.8365
v 0.566289 0.192092 0.774437 0.9802 0.9802 0.9802
v 0.567165 0.177025 0.737828 0.8777 0.8777 0.8777
v 0.573767 0.179521 0.753253 0.9700 0.9700 0.9700
v 0.576678 0.195987 0.756103 0.9700 0.9700 0.9700
v 0.563888 0.172847 0.765320 0.9802 0.9802 0.9802
v 0.542989 0.238136 0.758493 0.9148 0.9148 0.9148
v 0.563875 0.209953 0.776864 0.9802 0.9802 0.9802
v 0.568509 0.215862 0.737985 0.8216 0.8216 0.8216
v 0.556218 0.229598 0.773031 0.9802 0.9802 0.9802
v 0.567061 0.229136 0.759994 0.9378 0.9378 0.9378
v 0.574264 0.213848 0.758529 0.9488 0.9488 0.9488
v 0.559495 0.233777 0.745539 0.8777 0.8777 0.8777
v 0.397820 0.156050 0.662304 0.7536 0.7536 0.7536
v 0.372300 0.178324 0.682813 0.9488 0.9488 0.9488
v 0.376934 0.184233 0.643933 0.7536 0.7536 0.7536
v 0.381314 0.160409 0.675258 0.8905 0.8905 0.8905
v 0.373748 0.165050 0.660803 0.8216 0.8216 0.8216
v 0.366545 0.180338 0.662268 0.8216 0.8216 0.8216
v 0.384591 0.164588 0.647766 0.6591 0.6591 0.6591
v 0.387973 0.228910 0.672204 0.8645 0.8645 0.8645
v 0.374520 0.202094 0.646360 0.7721 0.7721 0.7721
v 0.369886 0.196185 0.685239 0.9378 0.9378 0.9378
v 0.376921 0.221339 0.655477 0.7895 0.7895 0.7895
v 0.367043 0.214665 0.667544 0.8216 0.8216 0.8216
v 0.364131 0.198198 0.664695 0.8060 0.8060 0.8060
v 0.373644 0.217160 0.682969 0.9029 0.9029 0.9029
v 0.497747 0.152073 0.790970 0.9488 0.9488 0.9488
v 0.511200 0.178889 0.816814 0.9902 0.9902 0.9902
v 0.472227 0.174347 0.811478 0.9700 0.9700 0.9700
v 0.508799 0.159644 0.807697 0.9902 0.9902 0.9902
v 0.493500 0.160284 0.814996 1.0000 1.0000 1.0000
v 0.490753 0.175394 0.822198 1.0000 1.0000 1.0000
v 0.481241 0.156432 0.803924 0.9595 0.9595 0.9595
v 0.487900 0.224933 0.800870 0.9595 0.9595 0.9595
v 0.469813 0.192208 0.813905 0.9700 0.9700 0.9700
v 0.508786 0.196750 0.819241 1.0000 1.0000 1.0000
v 0.473571 0.213183 0.811635 0.9700 0.9700 0.9700
v 0.486795 0.209898 0.821738 0.9902 0.9902 0.9902
v 0.488339 0.193255 0.824625 1.0000 1.0000 1.0000
v 0.501129 0.216395 0.815408 0.9902 0.9902 0.9902
v 0.647502 0.170287 0.230809 0.6181 0.6181 0.6181
v 0.623581 0.198517 0.216706 0.6181 0.6181 0.6181
v 0.662870 0.202876 0.214383 0.6181 0.6181 0.6181
v 0.631748 0.178845 0.219069 0.6181 0.6181 0.6181
v 0.644615 0.185247 0.210058 0.6181 0.6181 0.6181
v 0.642615 0.201888 0.207454 0.6181 0.6181 0.6181
v 0.659530 0.181927 0.217426 0.6181 0.6181 0.6181
v 0.613301 0.299522 0.232367 0.6181 0.6181 0.6181
v 0.631618 0.326353 0.255007 0.6181 0.6181 0.6181
v 0.652590 0.303881 0.230044 0.6181 0.6181 0.6181
v 0.617505 0.318784 0.240767 0.6181 0.6181 0.6181
v 0.631100 0.318042 0.230648 0.6181 0.6181 0.6181
v 0.645287 0.321866 0.239124 0.6181 0.6181 0.6181
v 0.632335 0.302894 0.223115 0.6181 0.6181 0.6181
v 0.686127 0.169009 0.264408 0.6181 0.6181 0.6181
v 0.701494 0.201597 0.247982 0.6181 0.6181 0.6181
v 0.704443 0.195840 0.287048 0.6181 0.6181 0.6181
v 0.698154 0.180649 0.251025 0.6181 0.6181 0.6181
v 0.707626 0.183161 0.264871 0.6181 0.6181 0.6181
v 0.711106 0.199621 0.267034 0.6181 0.6181 0.6181
v 0.700239 0.176578 0.278649 0.6181 0.6181 0.6181
v 0.670242 0.325075 0.288606 0.6181 0.6181 0.6181
v 0.694163 0.296845 0.302709 0.6181 0.6181 0.6181
v 0.691214 0.302602 0.263643 0.6181 0.6181 0.6181
v 0.685996 0.316517 0.300347 0.6181 0.6181 0.6181
v 0.694110 0.315956 0.285461 0.6181 0.6181 0.6181
v 0.700826 0.300627 0.282695 0.6181 0.6181 0.6181
v 0.683911 0.320588 0.272723 0.6181 0.6181 0.6181
v 0.587749 0.153653 0.298866 0.6591 0.6591 0.6591
v 0.566777 0.176125 0.323829 0.6181 0.6181 0.6181
v 0.563828 0.181883 0.284763 0.6181 0.6181 0.6181
v 0.574080 0.158140 0.314750 0.6591 0.6591 0.6591
v 0.563882 0.162772 0.302011 0.6591 0.6591 0.6591
v 0.557166 0.178101 0.304777 0.6181 0.6181 0.6181
v 0.571995 0.162211 0.287126 0.6591 0.6591 0.6591
v 0.571865 0.309719 0.323064 0.6181 0.6181 0.6181
v 0.553548 0.282888 0.300424 0.6181 0.6181 0.6181
v 0.556497 0.277131 0.339490 0.6181 0.6181 0.6181
v 0.557752 0.302150 0.308824 0.6181 0.6181 0.6181
v 0.550366 0.295567 0.322602 0.6181 0.6181 0.6181
v 0.546886 0.279107 0.320439 0.6181 0.6181 0.6181
v 0.559838 0.298079 0.336447 0.6181 0.6181 0.6181
v 0.626373 0.152375 0.332465 0.6181 0.6181 0.6181
v 0.644690 0.179206 0.355105 0.6181 0.6181 0.6181
v 0.605402 0.174847 0.357428 0.6181 0.6181 0.6181
v 0.640486 0.159944 0.346706 0.6181 0.6181 0.6181
v 0.626892 0.160686 0.356824 0.6181 0.6181 0.6181
v 0.625657 0.175834 0.364358 0.6181 0.6181 0.6181
v 0.612705 0.156861 0.348349 0.6591 0.6591 0.6591
v 0.610489 0.308441 0.356663 0.6181 0.6181 0.6181
v 0.595121 0.275852 0.373090 0.6181 0.6181 0.6181
v 0.634410 0.280211 0.370766 0.6181 0.6181 0.6181
v 0.598462 0.296801 0.370047 0.6181 0.6181 0.6181
v 0.613376 0.293481 0.377414 0.6181 0.6181 0.6181
v 0.615376 0.276840 0.380019 0.6181 0.6181 0.6181
v 0.626243 0.299883 0.368404 0.6181 0.6181 0.6181
v 0.782767 0.155157 0.230560 0.6591 0.6591 0.6591
v 0.761632 0.186036 0.243515 0.6181 0.6181 0.6181
v 0.761080 0.176379 0.205117 0.6181 0.6181 0.6181
v 0.768505 0.165761 0.242535 0.6181 0.6181 0.6181
v 0.759250 0.165390 0.228324 0.6181 0.6181 0.6181
v 0.753170 0.180767 0.224544 0.6181 0.6181 0.6181
v 0.768115 0.158933 0.215383 0.6591 0.6591 0.6591
v 0.755533 0.286411 0.218359 0.7118 0.7118 0.7118
v 0.773372 0.309758 0.191814 0.8365 0.8365 0.8365
v 0.754981 0.276754 0.179961 0.6181 0.6181 0.6181
v 0.760076 0.304480 0.207770 0.8060 0.8060 0.8060
v 0.751248 0.297072 0.195322 0.7336 0.7336 0.7336
v 0.759685 0.297652 0.180618 0.7536 0.7536 0.7536
v 0.747071 0.281143 0.199389 0.6591 0.6591 0.6591
v 0.832813 0.145486 0.179836 0.6591 0.6591 0.6591
v 0.811127 0.166708 0.154393 0.7118 0.7118 0.7118
v 0.850652 0.168834 0.153290 0.8365 0.8365 0.8365
v 0.818161 0.149262 0.164659 0.6591 0.6591 0.6591
v 0.831798 0.151370 0.154794 0.6591 0.6591 0.6591
v 0.830775 0.165771 0.145889 0.7721 0.7721 0.7721
v 0.846110 0.150765 0.163880 0.6181 0.6181 0.6181
v 0.823419 0.300087 0.141090 0.8645 0.8645 0.8645
v 0.844553 0.269209 0.128134 0.8905 0.8905 0.8905
v 0.805027 0.267083 0.129237 0.6181 0.6181 0.6181
v 0.837680 0.289483 0.129114 0.8905 0.8905 0.8905
v 0.823796 0.283053 0.121792 0.8777 0.8777 0.8777
v 0.824676 0.266146 0.120733 0.8216 0.8216 0.8216
v 0.809732 0.287980 0.129894 0.7895 0.7895 0.7895
v 0.865811 0.179572 0.307840 0.7536 0.7536 0.7536
v 0.884202 0.212576 0.319693 0.9265 0.9265 0.9265
v 0.844677 0.210450 0.320795 0.7895 0.7895 0.7895
v 0.879498 0.191679 0.319036 0.8365 0.8365 0.8365
v 0.865434 0.196606 0.327137 0.7895 0.7895 0.7895
v 0.864554 0.213513 0.328197 0.8645 0.8645 0.8645
v 0.851549 0.190176 0.319815 0.7721 0.7721 0.7721
v 0.856417 0.334173 0.269094 0.9029 0.9029 0.9029
v 0.838577 0.310825 0.295640 0.8365 0.8365 0.8365
v 0.878103 0.312951 0.294537 0.9488 0.9488 0.9488
v 0.843120 0.328894 0.285050 0.8777 0.8777 0.8777
v 0.857432 0.328289 0.294135 0.9265 0.9265 0.9265
v 0.858454 0.313888 0.303041 0.9029 0.9029 0.9029
v 0.871069 0.330397 0.284270 0.9595 0.9595 0.9595
v 0.915858 0.169900 0.257116 0.7895 0.7895 0.7895
v 0.933697 0.193248 0.230570 0.9488 0.9488 0.9488
v 0.934249 0.202905 0.268969 0.9488 0.9488 0.9488
v 0.929154 0.175179 0.241160 0.8777 0.8777 0.8777
v 0.937981 0.182587 0.253607 0.9378 0.9378 0.9378
v 0.942159 0.198516 0.249541 0.9802 0.9802 0.9802
v 0.929545 0.182007 0.268312 0.9265 0.9265 0.9265
v 0.906463 0.324502 0.218370 0.9378 0.9378 0.9378
v 0.928149 0.303280 0.243813 0.9700 0.9700 0.9700
v 0.927597 0.293623 0.205415 0.9595 0.9595 0.9595
v 0.921115 0.320726 0.233546 0.9595 0.9595 0.9595
v 0.929979 0.314269 0.220605 0.9802 0.9802 0.9802
v 0.936059 0.298891 0.224385 1.0000 1.0000 1.0000
v 0.920725 0.313898 0.206395 0.9488 0.9488 0.9488
v 0.589873 0.171567 -0.035425 0.6181 0.6181 0.6181
v 0.570823 0.204737 -0.025183 0.6181 0.6181 0.6181
v 0.585996 0.201051 -0.061572 0.6181 0.6181 0.6181
v 0.573802 0.183719 -0.028122 0.6181 0.6181 0.6181
v 0.572041 0.187765 -0.044501 0.6181 0.6181 0.6181
v 0.571061 0.204567 -0.046611 0.6181 0.6181 0.6181
v 0.584531 0.181113 -0.053853 0.6181 0.6181 0.6181
v 0.581653 0.251805 -0.025435 0.6181 0.6181 0.6181
v 0.613258 0.273209 -0.035970 0.6181 0.6181 0.6181
v 0.596826 0.248119 -0.061825 0.6181 0.6181 0.6181
v 0.593510 0.269377 -0.028581 0.6181 0.6181 0.6181
v 0.590119 0.266341 -0.044922 0.6181 0.6181 0.6181
v 0.604239 0.266771 -0.054313 0.6181 0.6181 0.6181
v 0.581891 0.251636 -0.046864 0.6181 0.6181 0.6181
v 0.621082 0.164318 -0.048226 0.6181 0.6181 0.6181
v 0.617206 0.193802 -0.074373 0.6181 0.6181 0.6181
v 0.652687 0.185722 -0.058760 0.6181 0.6181 0.6181
v 0.615741 0.173864 -0.066654 0.6181 0.6181 0.6181
v 0.632496 0.173723 -0.069297 0.6181 0.6181 0.6181
v 0.638089 0.188999 -0.074103 0.6181 0.6181 0.6181
v 0.640830 0.168151 -0.055614 0.6181 0.6181 0.6181
v 0.644467 0.265960 -0.048771 0.6181 0.6181 0.6181
v 0.663517 0.232791 -0.059012 0.6181 0.6181 0.6181
v 0.628035 0.240870 -0.074625 0.6181 0.6181 0.6181
v 0.660538 0.253808 -0.056073 0.6181 0.6181 0.6181
v 0.650574 0.252299 -0.069718 0.6181 0.6181 0.6181
v 0.648918 0.236067 -0.074355 0.6181 0.6181 0.6181
v 0.635448 0.259522 -0.067113 0.6181 0.6181 0.6181
v 0.651021 0.158338 0.121152 0.6591 0.6591 0.6591
v 0.667453 0.183428 0.147007 0.6181 0.6181 0.6181
v 0.631972 0.191508 0.131394 0.6181 0.6181 0.6181
v 0.660040 0.164777 0.139495 0.6181 0.6181 0.6181
v 0.644915 0.171999 0.142100 0.6181 0.6181 0.6181
v 0.646570 0.188232 0.146737 0.6181 0.6181 0.6181
v 0.634951 0.170490 0.128455 0.6181 0.6181 0.6181
v 0.674406 0.259980 0.120607 0.6181 0.6181 0.6181
v 0.642801 0.238576 0.131142 0.6181 0.6181 0.6181
v 0.678283 0.230497 0.146755 0.6181 0.6181 0.6181
v 0.654658 0.256148 0.127996 0.6181 0.6181 0.6181
v 0.662993 0.250576 0.141678 0.6181 0.6181 0.6181
v 0.657399 0.235300 0.146485 0.6181 0.6181 0.6181
v 0.679748 0.250435 0.139036 0.6181 0.6181 0.6181
v 0.682231 0.151089 0.108351 0.6591 0.6591 0.6591
v 0.713836 0.172493 0.097817 0.6181 0.6181 0.6181
v 0.698663 0.176179 0.134206 0.6181 0.6181 0.6181
v 0.701978 0.154922 0.100963 0.6181 0.6181 0.6181
v 0.705369 0.157957 0.117304 0.6181 0.6181 0.6181
v 0.713598 0.172663 0.119245 0.6181 0.6181 0.6181
v 0.691249 0.157528 0.126694 0.6181 0.6181 0.6181
v 0.705616 0.252731 0.107806 0.6181 0.6181 0.6181
v 0.709492 0.223248 0.133954 0.6181 0.6181 0.6181
v 0.724665 0.219562 0.097564 0.6181 0.6181 0.6181
v 0.710957 0.243186 0.126235 0.6181 0.6181 0.6181
v 0.723448 0.236534 0.116882 0.6181 0.6181 0.6181
v 0.724427 0.219731 0.118993 0.6181 0.6181 0.6181
v 0.721686 0.240579 0.100504 0.6181 0.6181 0.6181
vn 0.3672 -0.8865 -0.2817
vn 0.2817 -0.3672 -0.8864
vn 0.8864 -0.2817 -0.3672
vn 0.3672 0.2818 -0.8864
vn 0.2817 0.8865 -0.3672
vn 0.8864 0.3672 -0.2818
vn 0.2817 -0.8865 0.3672
vn 0.8864 -0.3672 0.2818
vn 0.3672 -0.2818 0.8864
vn 0.3672 0.8865 0.2817
vn 0.2817 0.3672 0.8864
vn 0.8864 0.2817 0.3672
vn -0.2817 -0.8865 -0.3672
vn -0.8864 -0.3672 -0.2818
vn -0.3672 -0.2818 -0.8864
vn -0.3672 0.8865 -0.2817
vn -0.2817 0.3672 -0.8864
vn -0.8864 0.2817 -0.3672
vn -0.3672 -0.8865 0.2817
vn -0.2817 -0.3672 0.8864
vn -0.8864 -0.2817 0.3672
vn -0.2817 0.8865 0.3672
vn -0.8864 0.3672 0.2818
vn -0.3672 0.2818 0.8864
vn 0.3672 -0.8865 -0.2818
vn 0.2818 -0.3672 -0.8865
vn 0.8865 -0.2817 -0.3672
vn 0.3672 0.2817 -0.8865
vn 0.8865 0.3672 -0.2817
vn 0.8865 -0.3672 0.2817
vn 0.3672 -0.2817 0.8865
vn 0.3672 0.8865 0.2818
vn 0.2817 0.3672 0.8865
vn 0.8865 0.2817 0.3672
vn -0.8865 -0.3672 -0.2817
vn -0.3672 -0.2817 -0.8865
vn -0.3672 0.8865 -0.2818
vn -0.2817 0.3672 -0.8865
vn -0.8865 0.2817 -0.3672
vn -0.3672 -0.8865 0.2818
vn -0.2818 -0.3672 0.8865
vn -0.8865 -0.2817 0.3672
vn -0.8865 0.3672 0.2817
vn -0.3672 0.2817 0.8865
vn 0.3392 -0.8927 -0.2968
vn 0.2364 -0.3720 -0.8976
vn 0.8646 -0.2970 -0.4053
vn 0.3330 0.2754 -0.9018
vn 0.2807 0.8814 -0.3798
vn 0.8795 0.3518 -0.3204
vn 0.2821 -0.8912 0.3552
vn 0.8914 -0.3825 0.2431
vn 0.4006 -0.2881 0.8698
vn 0.3944 0.8800 0.2648
vn 0.3264 0.3623 0.8730
vn 0.9064 0.2664 0.3280
vn -0.3128 -0.8814 -0.3539
vn -0.9041 -0.3518 -0.2425
vn -0.4103 -0.2754 -0.8694
vn -0.3637 0.8927 -0.2661
vn -0.3138 0.3720 -0.8736
vn -0.8966 0.2970 -0.3284
vn -0.3698 -0.8800 0.2982
vn -0.2491 -0.3623 0.8982
vn -0.8743 -0.2664 0.4057
vn -0.2501 0.8912 0.3784
vn -0.8668 0.3825 0.3199
vn -0.3232 0.2881 0.9014
vn 0.3744 -0.8865 -0.2720
vn 0.3049 -0.3672 -0.8788
vn 0.8958 -0.2817 -0.3439
vn 0.3903 0.2818 -0.8765
vn 0.2913 0.8865 -0.3597
vn 0.8935 0.3672 -0.2584
vn 0.2720 -0.8865 0.3744
vn 0.8788 -0.3672 0.3049
vn 0.3438 -0.2817 0.8958
vn 0.3597 0.8865 0.2913
vn 0.2584 0.3672 0.8935
vn 0.8765 0.2817 0.3903
vn -0.2720 -0.8865 -0.3744
vn -0.8788 -0.3672 -0.3049
vn -0.3438 -0.2817 -0.8958
vn -0.3597 0.8865 -0.2913
vn -0.2584 0.3672 -0.8935
vn -0.8765 0.2817 -0.3903
vn -0.3744 -0.8865 0.2720
vn -0.3049 -0.3672 0.8788
vn -0.8958 -0.2817 0.3439
vn -0.2913 0.8865 0.3597
vn -0.8935 0.3672 0.2584
vn -0.3903 0.2817 0.8765
vn 0.8958 -0.2817 -0.3438
vn 0.8935 0.3672 -0.2585
vn 0.2720 -0.8864 0.3744
vn 0.3439 -0.2817 0.8958
vn 0.3597 0.8864 0.2913
vn -0.2720 -0.8864 -0.3744
vn -0.3439 -0.2817 -0.8958
vn -0.3744 -0.8864 0.2720
vn -0.8935 0.3672 0.2585
vn 0.3773 -0.9076 -0.1839
vn 0.3259 -0.4430 -0.8352
vn 0.9031 -0.3127 -0.2944
vn 0.4142 0.2034 -0.8872
vn 0.3045 0.8511 -0.4277
vn 0.9016 0.3412 -0.2659
vn 0.2582 -0.8511 0.4572
vn 0.8689 -0.3412 0.3586
vn 0.3192 -0.2034 0.9256
vn 0.3560 0.9076 0.2224
vn 0.2368 0.4430 0.8647
vn 0.8674 0.3127 0.3871
vn -0.2663 -0.9151 -0.3029
vn -0.8722 -0.3903 -0.2947
vn -0.3217 -0.3579 -0.8766
vn -0.3479 0.8585 -0.3767
vn -0.2335 0.2885 -0.9286
vn -0.8648 0.2487 -0.4362
vn -0.3854 -0.8585 0.3382
vn -0.3293 -0.2885 0.8991
vn -0.9057 -0.2487 0.3434
vn -0.2965 0.9151 0.2734
vn -0.8983 0.3903 0.2019
vn -0.4116 0.3579 0.8381
vn 0.2818 -0.8865 -0.3672
vn 0.0427 -0.3672 -0.9292
vn 0.7612 -0.2817 -0.5841
vn 0.1252 0.2817 -0.9513
vn 0.1771 0.8864 -0.4276
vn 0.7833 0.3672 -0.5016
vn 0.3672 -0.8864 0.2817
vn 0.9292 -0.3672 0.0427
vn 0.5841 -0.2817 0.7612
vn 0.4276 0.8865 0.1771
vn 0.5016 0.3672 0.7833
vn 0.9513 0.2817 0.1252
vn -0.3672 -0.8865 -0.2817
vn -0.9292 -0.3672 -0.0427
vn -0.5841 -0.2817 -0.7612
vn -0.4276 0.8865 -0.1771
vn -0.5016 0.3672 -0.7833
vn -0.9513 0.2817 -0.1252
vn -0.2818 -0.8865 0.3672
vn -0.0427 -0.3672 0.9292
vn -0.7612 -0.2817 0.5841
vn -0.1771 0.8864 0.4276
vn -0.7833 0.3672 0.5016
vn -0.1252 0.2817 0.9513
vn -0.1771 -0.8864 -0.4276
vn -0.7833 -0.3672 -0.5016
vn -0.1252 -0.2817 -0.9513
vn -0.7612 0.2817 -0.5841
vn -0.2817 0.8865 -0.3672
vn -0.0427 0.3672 -0.9292
vn 0.4276 -0.8865 -0.1771
vn 0.5016 -0.3672 -0.7833
vn 0.9513 -0.2817 -0.1252
vn 0.3672 0.8864 -0.2818
vn 0.9292 0.3672 -0.0427
vn 0.5841 0.2817 -0.7612
vn -0.4276 -0.8864 0.1771
vn -0.5016 -0.3672 0.7833
vn -0.9513 -0.2817 0.1252
vn -0.3672 0.8864 0.2818
vn -0.9292 0.3672 0.0427
vn -0.5841 0.2817 0.7612
vn 0.1771 -0.8864 0.4276
vn 0.7833 -0.3672 0.5016
vn 0.1252 -0.2817 0.9513
vn 0.2818 0.8865 0.3672
vn 0.0427 0.3672 0.9292
vn 0.7612 0.2817 0.5841
vn -0.4589 -0.8864 -0.0604
vn -0.8260 -0.3672 0.4276
vn -0.8865 -0.2817 -0.3672
vn -0.8864 0.2818 0.3672
vn -0.4589 0.8864 0.0604
vn -0.8260 0.3672 -0.4276
vn 0.0604 -0.8865 -0.4589
vn -0.4276 -0.3672 -0.8260
vn 0.3672 -0.2817 -0.8865
vn -0.0604 0.8865 -0.4589
vn 0.4276 0.3672 -0.8260
vn -0.3672 0.2817 -0.8865
vn -0.0604 -0.8865 0.4589
vn 0.4276 -0.3672 0.8260
vn -0.3672 -0.2817 0.8865
vn 0.0604 0.8865 0.4589
vn -0.4276 0.3672 0.8260
vn 0.3672 0.2817 0.8865
vn 0.4589 -0.8864 0.0604
vn 0.8260 -0.3672 -0.4276
vn 0.8865 -0.2817 0.3672
vn 0.4589 0.8864 -0.0604
vn 0.8260 0.3672 0.4276
vn 0.8864 0.2818 -0.3672
vn -0.3672 -0.8864 -0.2817
vn 0.3672 -0.8864 0.2818
vn 0.9513 0.2818 0.1252
vn 0.1771 -0.8865 0.4276
vn -0.4276 -0.8865 0.1771
vn 0.4276 -0.8864 -0.1771
vn -0.1252 -0.2818 -0.9513
vn 0.8865 0.2817 -0.3672
vn 0.4589 0.8865 -0.0604
vn 0.3672 -0.2818 -0.8865
vn -0.3672 0.2818 -0.8865
vn -0.8865 0.2817 0.3672
vn 0.3918 -0.8865 -0.2463
vn 0.3632 -0.3672 -0.8563
vn 0.9168 -0.2818 -0.2829
vn 0.4482 0.2817 -0.8484
vn 0.3148 0.8865 -0.3393
vn 0.9089 0.3672 -0.1979
vn 0.2463 -0.8865 0.3918
vn 0.8563 -0.3672 0.3632
vn 0.2829 -0.2817 0.9168
vn 0.3393 0.8865 0.3148
vn 0.1979 0.3672 0.9089
vn 0.8484 0.2817 0.4482
vn -0.2463 -0.8865 -0.3918
vn -0.8563 -0.3672 -0.3632
vn -0.2829 -0.2817 -0.9168
vn -0.3393 0.8865 -0.3148
vn -0.1979 0.3672 -0.9089
vn -0.8483 0.2817 -0.4482
vn -0.3919 -0.8865 0.2463
vn -0.3632 -0.3672 0.8563
vn -0.9168 -0.2817 0.2829
vn -0.3148 0.8865 0.3393
vn -0.9089 0.3672 0.1979
vn -0.4482 0.2817 0.8484
vn 0.3615 -0.8865 -0.2890
vn 0.2641 -0.3672 -0.8919
vn 0.8790 -0.2817 -0.3847
vn 0.3496 0.2817 -0.8935
vn 0.2744 0.8865 -0.3727
vn 0.8807 0.3672 -0.2992
vn 0.2890 -0.8865 0.3615
vn 0.8919 -0.3672 0.2642
vn 0.3847 -0.2817 0.8790
vn 0.3727 0.8865 0.2744
vn 0.2992 0.3672 0.8807
vn 0.8935 0.2818 0.3496
vn -0.2890 -0.8865 -0.3615
vn -0.8919 -0.3672 -0.2641
vn -0.3847 -0.2818 -0.8790
vn -0.3727 0.8865 -0.2744
vn -0.2992 0.3672 -0.8807
vn -0.8935 0.2818 -0.3496
vn -0.3615 -0.8865 0.2890
vn -0.2641 -0.3672 0.8919
vn -0.8790 -0.2817 0.3847
vn -0.2744 0.8865 0.3727
vn -0.8807 0.3672 0.2992
vn -0.3496 0.2817 0.8935
vn 0.0714 -0.8183 -0.5704
vn -0.5263 -0.3287 -0.7842
vn 0.2315 -0.1380 -0.9630
vn -0.5466 0.3254 -0.7716
vn -0.2345 0.9153 -0.3275
vn 0.2327 0.5033 -0.8322
vn 0.5535 -0.8230 -0.1277
vn 0.7710 -0.2130 -0.6001
vn 0.9624 -0.2051 0.1783
vn 0.3444 0.9386 -0.0229
vn 0.8453 0.4210 0.3289
vn 0.7722 0.4283 -0.4693
vn -0.3658 -0.9258 -0.0953
vn -0.6933 -0.5114 0.5077
vn -0.9027 -0.3507 -0.2492
vn -0.5320 0.8102 0.2459
vn -0.9230 0.3034 -0.2366
vn -0.8318 0.1275 0.5402
vn 0.1163 -0.9305 0.3474
vn 0.6040 -0.3956 0.6918
vn -0.1719 -0.4178 0.8921
vn 0.0468 0.8335 0.5505
vn -0.3104 0.2210 0.9246
vn 0.4870 0.2305 0.8425
vn -0.3221 -0.8328 -0.4503
vn -0.9127 -0.3369 -0.2314
vn -0.4617 -0.1652 -0.8715
vn -0.9203 0.3176 -0.2285
vn -0.3933 0.9117 -0.1192
vn -0.3751 0.4789 -0.7937
vn 0.3323 -0.8364 -0.4360
vn 0.1832 -0.2420 -0.9528
vn 0.8408 -0.2195 -0.4949
vn 0.2426 0.9309 -0.2731
vn 0.8517 0.4122 -0.3237
vn 0.2698 0.4021 -0.8750
vn -0.3368 -0.9205 0.1982
vn -0.1851 -0.4857 0.8543
vn -0.8422 -0.3389 0.4193
vn -0.2381 0.8260 0.5109
vn -0.8498 0.3156 0.4222
vn -0.2684 0.1563 0.9505
vn 0.3176 -0.9241 0.2125
vn 0.9108 -0.3908 0.1329
vn 0.4603 -0.3932 0.7960
vn 0.3978 0.8452 0.3569
vn 0.3770 0.2488 0.8922
vn 0.9217 0.2408 0.3041
vn 0.1129 -0.8004 -0.5887
vn -0.5563 -0.3846 -0.7366
vn 0.1529 -0.1035 -0.9828
vn -0.6528 0.2623 -0.7107
vn -0.3717 0.8826 -0.2879
vn 0.0905 0.5326 -0.8415
vn 0.6324 -0.7500 -0.1937
vn 0.7298 -0.1155 -0.6739
vn 0.9925 -0.0895 0.0830
vn 0.2268 0.9732 -0.0389
vn 0.8170 0.5172 0.2550
vn 0.6674 0.5205 -0.5326
vn -0.2609 -0.9623 -0.0765
vn -0.5759 -0.5938 0.5619
vn -0.8745 -0.4548 -0.1689
vn -0.5983 0.7392 0.3092
vn -0.9709 0.1921 -0.1430
vn -0.7855 0.0237 0.6185
vn 0.2585 -0.9120 0.3185
vn 0.7102 -0.3247 0.6247
vn -0.0348 -0.4408 0.8969
vn 0.0002 0.8298 0.5581
vn -0.2444 0.1767 0.9534
vn 0.5347 0.2820 0.7966
vn 0.4715 -0.8081 -0.3529
vn 0.1152 -0.3700 -0.9219
vn 0.7992 -0.1159 -0.5898
vn 0.0482 0.2800 -0.9588
vn -0.0329 0.8931 -0.4487
vn 0.6744 0.5229 -0.5212
vn 0.5615 -0.7733 0.2945
vn 0.9886 -0.1462 0.0360
vn 0.6406 -0.1240 0.7578
vn 0.2173 0.9642 0.1519
vn 0.4134 0.4898 0.7676
vn 0.8639 0.4927 0.1046
vn -0.1596 -0.9530 -0.2575
vn -0.8221 -0.5689 -0.0206
vn -0.5129 -0.4247 -0.7460
vn -0.6192 0.7621 -0.1889
vn -0.5799 0.2253 -0.7829
vn -0.9916 0.0560 -0.1163
vn -0.0696 -0.9182 0.3899
vn 0.0513 -0.3451 0.9372
vn -0.6714 -0.4328 0.6016
vn -0.3690 0.8333 0.4117
vn -0.8409 0.1921 0.5059
vn -0.1760 0.2687 0.9470
vn -0.1965 -0.9387 -0.2834
vn -0.8476 -0.4732 -0.2400
vn -0.3387 -0.3942 -0.8543
vn -0.9091 0.1625 -0.3836
vn -0.4494 0.8187 -0.3574
vn -0.3151 0.2572 -0.9135
vn 0.4495 -0.8697 -0.2038
vn 0.3154 -0.4177 -0.8521
vn 0.9092 -0.2289 -0.3477
vn 0.1966 0.8722 -0.4479
vn 0.8477 0.4222 -0.3211
vn 0.3390 0.2337 -0.9113
vn -0.2816 -0.8880 0.3636
vn -0.2459 -0.3104 0.9183
vn -0.8558 -0.3297 0.3985
vn -0.3645 0.8855 0.2881
vn -0.9173 0.3059 0.2549
vn -0.3924 0.3249 0.8605
vn 0.3644 -0.8190 0.4432
vn 0.9172 -0.2549 0.3062
vn 0.3921 -0.1644 0.9051
vn 0.2815 0.9390 0.1976
vn 0.2455 0.4709 0.8473
vn 0.8557 0.3962 0.3328
vn -0.3265 -0.8288 -0.4544
vn -0.8565 -0.2275 -0.4633
vn -0.2216 -0.2094 -0.9524
vn -0.7479 0.4157 -0.5176
vn -0.1754 0.9356 -0.3065
vn -0.0469 0.4197 -0.9065
vn 0.2863 -0.9261 -0.2459
vn 0.3959 -0.3897 -0.8315
vn 0.8924 -0.4033 -0.2023
vn 0.4710 0.8412 -0.2655
vn 0.9674 0.2370 -0.0891
vn 0.5706 0.2394 -0.7856
vn -0.5371 -0.8272 0.1653
vn -0.4998 -0.3365 0.7981
vn -0.9722 -0.1540 0.1767
vn -0.2202 0.9120 0.3461
vn -0.8635 0.4892 0.1224
vn -0.4909 0.3179 0.8112
vn 0.0757 -0.9244 0.3738
vn 0.7526 -0.4987 0.4300
vn 0.1419 -0.3478 0.9268
vn 0.4262 0.8176 0.3871
vn 0.1508 0.3065 0.9398
vn 0.8276 0.1415 0.5432
vn -0.5652 -0.8242 0.0365
vn -0.7345 -0.2928 0.6123
vn -0.9772 -0.1596 -0.1400
vn -0.7275 0.3611 0.5834
vn -0.3172 0.9285 0.1931
vn -0.8541 0.4806 -0.1991
vn -0.1637 -0.8624 -0.4791
vn -0.6592 -0.2725 -0.7008
vn 0.1007 -0.2749 -0.9562
vn -0.0616 0.9103 -0.4092
vn 0.2535 0.3589 -0.8983
vn -0.5361 0.3676 -0.7599
vn -0.0545 -0.8966 0.4394
vn 0.5688 -0.4561 0.6844
vn -0.1700 -0.2841 0.9436
vn 0.2799 0.8486 0.4489
vn -0.1631 0.3697 0.9147
vn 0.6054 0.1914 0.7725
vn 0.3469 -0.9348 -0.0761
vn 0.6440 -0.4358 -0.6287
vn 0.9078 -0.3995 0.1274
vn 0.5355 0.8305 -0.1534
vn 0.9445 0.2480 0.2155
vn 0.7969 0.1980 -0.5708
vn -0.4089 -0.8913 0.1961
vn -0.5224 -0.3508 0.7772
vn -0.9471 -0.3052 0.0989
vn -0.6225 0.2939 0.7254
vn -0.4036 0.8854 0.2305
vn -0.9403 0.3403 -0.0091
vn -0.1341 -0.9077 -0.3977
vn -0.7514 -0.4103 -0.5168
vn -0.0782 -0.3229 -0.9432
vn -0.2918 0.8622 -0.4140
vn -0.0153 0.3285 -0.9444
vn -0.7445 0.2352 -0.6248
vn 0.1849 -0.8630 0.4701
vn 0.7724 -0.3231 0.5468
vn 0.0944 -0.2398 0.9662
vn 0.2410 0.9084 0.3415
vn -0.0057 0.4049 0.9143
vn 0.7284 0.3276 0.6018
vn 0.4597 -0.8794 -0.1237
vn 0.5434 -0.3826 -0.7472
vn 0.9633 -0.2576 -0.0759
vn 0.3528 0.8853 -0.3030
vn 0.9192 0.3932 -0.0209
vn 0.6063 0.2689 -0.7484
vn 0.2308 -0.7952 -0.5607
vn -0.2754 -0.2864 -0.9177
vn 0.5025 -0.1023 -0.8585
vn -0.2950 0.3669 -0.8822
vn -0.1234 0.9322 -0.3404
vn 0.4688 0.5329 -0.7044
vn 0.5622 -0.8270 0.0028
vn 0.9118 -0.2021 -0.3575
vn 0.8669 -0.2298 0.4424
vn 0.3410 0.9323 0.1208
vn 0.7142 0.3916 0.5801
vn 0.8780 0.4332 -0.2035
vn -0.3269 -0.9142 -0.2394
vn -0.8143 -0.5192 0.2595
vn -0.7921 -0.3236 -0.5176
vn -0.5764 0.8090 0.1158
vn -0.8117 0.3297 -0.4821
vn -0.9528 0.1202 0.2787
vn 0.0045 -0.9460 0.3241
vn 0.3729 -0.4348 0.8197
vn -0.4277 -0.4511 0.7833
vn -0.1119 0.8091 0.5770
vn -0.5663 0.1883 0.8024
vn 0.2203 0.1866 0.9574
vn 0.1145 -0.7982 -0.5914
vn -0.4490 -0.2880 -0.8458
vn 0.3265 -0.1077 -0.9390
vn -0.4585 0.3655 -0.8100
vn -0.1828 0.9317 -0.3140
vn 0.3260 0.5282 -0.7841
vn 0.5485 -0.8299 -0.1025
vn 0.8245 -0.2079 -0.5263
vn 0.9351 -0.2328 0.2673
vn 0.3621 0.9309 0.0486
vn 0.8147 0.3898 0.4294
vn 0.8240 0.4280 -0.3713
vn -0.3711 -0.9133 -0.1678
vn -0.7510 -0.5141 0.4143
vn -0.8787 -0.3212 -0.3532
vn -0.5395 0.8123 0.2217
vn -0.8882 0.3323 -0.3174
vn -0.8804 0.1261 0.4572
vn 0.0629 -0.9450 0.3211
vn 0.5225 -0.4341 0.7339
vn -0.2701 -0.4463 0.8531
vn 0.0054 0.8115 0.5843
vn -0.3995 0.1939 0.8960
vn 0.4021 0.1886 0.8960
vn -0.4067 -0.8977 0.1693
vn -0.7970 -0.2956 0.5268
vn -0.8734 -0.4099 -0.2630
vn -0.8963 0.3148 0.3124
vn -0.5093 0.8485 -0.1438
vn -0.8521 0.2069 -0.4807
vn 0.1061 -0.9670 -0.2315
vn -0.4167 -0.5799 -0.7000
vn 0.3707 -0.4693 -0.8015
vn -0.1189 0.7432 -0.6584
vn 0.3937 0.1771 -0.9020
vn -0.3954 0.0369 -0.9177
vn -0.0017 -0.7497 0.6618
vn 0.4599 -0.1311 0.8782
vn -0.3376 -0.0764 0.9382
vn 0.0145 0.9735 0.2282
vn -0.4369 0.5340 0.7238
vn 0.3623 0.5087 0.7810
vn 0.5110 -0.8190 0.2609
vn 0.8402 -0.4155 -0.3485
vn 0.9065 -0.1357 0.3997
vn 0.4050 0.8683 -0.2865
vn 0.8089 0.5042 0.3025
vn 0.8631 0.2309 -0.4491
vn -0.5868 -0.7759 -0.2318
vn -0.9863 -0.1495 0.0692
vn -0.7168 -0.1279 -0.6855
vn -0.8718 0.4896 -0.0136
vn -0.2356 0.9631 -0.1300
vn -0.4940 0.4866 -0.7206
vn 0.0312 -0.9189 -0.3932
vn -0.1489 -0.3475 -0.9258
vn 0.6055 -0.4320 -0.6684
vn 0.3204 0.8335 -0.4501
vn 0.7820 0.1937 -0.5924
vn 0.0738 0.2670 -0.9609
vn -0.4287 -0.8088 0.4025
vn -0.0157 -0.3682 0.9296
vn -0.7318 -0.1171 0.6713
vn 0.0771 0.8943 0.4409
vn -0.6173 0.5220 0.5886
vn 0.0525 0.2822 0.9579
vn 0.1893 -0.9519 0.2411
vn 0.8217 -0.5662 -0.0653
vn 0.5904 -0.4213 0.6884
vn 0.6331 0.7646 0.1208
vn 0.6587 0.2291 0.7167
vn 0.9982 0.0595 0.0106
vn 0.3827 -0.9239 -0.0000
vn 0.9239 -0.3827 -0.0000
vn 0.3827 -0.0000 -0.9239
vn 0.9239 -0.0000 -0.3827
vn 0.3827 0.9239 -0.0000
vn 0.9239 0.3827 -0.0000
vn 0.3827 -0.0000 0.9239
vn 0.9239 -0.0000 0.3827
vn -0.0000 -0.9239 0.3827
vn -0.0000 -0.3827 0.9239
vn -0.0000 0.9239 0.3827
vn -0.0000 0.3827 0.9239
vn -0.9239 -0.0000 0.3827
vn -0.3827 -0.0000 0.9239
vn -0.3827 -0.9239 -0.0000
vn -0.9239 -0.3827 -0.0000
vn -0.3827 0.9239 -0.0000
vn -0.9239 0.3827 -0.0000
vn -0.3827 -0.0000 -0.9239
vn -0.9239 -0.0000 -0.3827
vn -0.0000 -0.9239 -0.3827
vn -0.0000 -0.3827 -0.9239
vn -0.0000 0.9239 -0.3827
vn -0.0000 0.3827 -0.9239
vn 0.3663 -0.9304 -0.0160
vn 0.9162 -0.3986 -0.0400
vn 0.3420 -0.0066 -0.9397
vn 0.9062 -0.0160 -0.4226
vn 0.3982 0.9171 -0.0174
vn 0.9295 0.3666 -0.0406
vn 0.4226 -0.0066 0.9063
vn 0.9396 -0.0160 0.3420
vn 0.0007 -0.9237 0.3830
vn 0.0337 -0.3826 0.9233
vn 0.0327 0.9237 0.3816
vn 0.0469 0.3826 0.9227
vn -0.9062 0.0160 0.4226
vn -0.3420 0.0066 0.9397
vn -0.3982 -0.9171 0.0174
vn -0.9295 -0.3667 0.0406
vn -0.3663 0.9304 0.0160
vn -0.9163 0.3986 0.0400
vn -0.4226 0.0066 -0.9063
vn -0.9396 0.0160 -0.3420
vn -0.0327 -0.9237 -0.3816
vn -0.0469 -0.3826 -0.9227
vn -0.0007 0.9237 -0.3830
vn -0.0337 0.3826 -0.9233
vn 0.3826 -0.9239 0.0100
vn 0.9236 -0.3827 0.0242
vn 0.4067 -0.0000 -0.9135
vn 0.9336 -0.0000 -0.3584
vn 0.3826 0.9239 0.0100
vn 0.9236 0.3827 0.0242
vn 0.3584 -0.0000 0.9336
vn 0.9135 -0.0000 0.4067
vn -0.0100 -0.9239 0.3825
vn -0.0242 -0.3827 0.9236
vn -0.0100 0.9239 0.3825
vn -0.0242 0.3827 0.9236
vn -0.9336 -0.0000 0.3584
vn -0.4067 -0.0000 0.9135
vn -0.3826 -0.9239 -0.0100
vn -0.9236 -0.3827 -0.0242
vn -0.3826 0.9239 -0.0100
vn -0.9236 0.3827 -0.0242
vn -0.3584 -0.0000 -0.9336
vn -0.9135 -0.0000 -0.4067
vn 0.0100 -0.9239 -0.3825
vn 0.0242 -0.3827 -0.9236
vn 0.0100 0.9239 -0.3825
vn 0.0242 0.3827 -0.9236
vn -0.0100 -0.9239 0.3826
vn -0.0100 0.9239 0.3826
vn 0.0100 -0.9239 -0.3826
vn 0.0100 0.9239 -0.3826
vn 0.3779 -0.9204 0.1004
vn 0.9209 -0.3812 0.0817
vn 0.4303 -0.0805 -0.8991
vn 0.9426 -0.0334 -0.3324
vn 0.3864 0.9204 -0.0604
vn 0.9244 0.3812 0.0150
vn 0.3340 0.0805 0.9391
vn 0.9027 0.0334 0.4291
vn -0.0242 -0.8870 0.4611
vn -0.0499 -0.3007 0.9524
vn -0.0157 0.9537 0.3003
vn -0.0464 0.4617 0.8858
vn -0.9426 0.0334 0.3324
vn -0.4303 0.0805 0.8991
vn -0.3864 -0.9204 0.0604
vn -0.9244 -0.3812 -0.0150
vn -0.3779 0.9204 -0.1004
vn -0.9209 0.3812 -0.0817
vn -0.3340 -0.0805 -0.9391
vn -0.9027 -0.0334 -0.4291
vn 0.0157 -0.9537 -0.3003
vn 0.0464 -0.4617 -0.8858
vn 0.0242 0.8870 -0.4611
vn 0.0499 0.3007 -0.9524
vn 0.3696 -0.9239 -0.0990
vn 0.8924 -0.3827 -0.2391
vn 0.1305 -0.0000 -0.9914
vn 0.7934 -0.0000 -0.6088
vn 0.3696 0.9239 -0.0990
vn 0.8924 0.3827 -0.2391
vn 0.6088 -0.0000 0.7934
vn 0.9914 -0.0000 0.1305
vn 0.0990 -0.9239 0.3696
vn 0.2391 -0.3827 0.8924
vn 0.0990 0.9239 0.3696
vn 0.2391 0.3827 0.8924
vn -0.7934 -0.0000 0.6088
vn -0.1305 -0.0000 0.9914
vn -0.3696 -0.9239 0.0990
vn -0.8924 -0.3827 0.2391
vn -0.3697 0.9239 0.0990
vn -0.8924 0.3827 0.2391
vn -0.6088 -0.0000 -0.7934
vn -0.9914 -0.0000 -0.1305
vn -0.0990 -0.9239 -0.3696
vn -0.2391 -0.3827 -0.8924
vn -0.0990 0.9239 -0.3696
vn -0.2391 0.3827 -0.8924
vn 0.0990 -0.9239 -0.3696
vn 0.2391 -0.3827 -0.8924
vn -0.7934 -0.0000 -0.6088
vn -0.1305 -0.0000 -0.9914
vn 0.0990 0.9239 -0.3696
vn 0.2391 0.3827 -0.8924
vn 0.9914 -0.0000 -0.1305
vn 0.6088 -0.0000 -0.7934
vn 0.3696 -0.9239 0.0990
vn 0.8924 -0.3827 0.2391
vn 0.3697 0.9239 0.0990
vn 0.8924 0.3827 0.2391
vn 0.1305 -0.0000 0.9914
vn 0.7934 -0.0000 0.6088
vn -0.0990 -0.9239 0.3696
vn -0.2391 -0.3827 0.8924
vn -0.0991 0.9239 0.3696
vn -0.2391 0.3827 0.8924
vn -0.9914 -0.0000 0.1305
vn -0.6088 -0.0000 0.7934
vn -0.3697 -0.9239 -0.0990
vn -0.8924 -0.3827 -0.2391
vn -0.3697 0.9239 -0.0990
vn -0.8924 0.3827 -0.2391
vn -0.2706 -0.9239 -0.2706
vn -0.6533 -0.3827 -0.6533
vn -0.2706 0.9239 -0.2706
vn -0.6533 0.3827 -0.6533
vn 0.2706 -0.9239 -0.2706
vn 0.6533 -0.3827 -0.6533
vn 0.2706 0.9239 -0.2706
vn 0.6533 0.3827 -0.6533
vn 0.2706 -0.9239 0.2706
vn 0.6533 -0.3827 0.6533
vn 0.2706 0.9239 0.2706
vn 0.6533 0.3827 0.6533
vn -0.2706 -0.9239 0.2706
vn -0.6533 -0.3827 0.6533
vn -0.2706 0.9239 0.2706
vn -0.6533 0.3827 0.6533
vn 0.3697 0.9239 -0.0990
vn -0.0990 0.9239 0.3696
vn -0.3696 -0.9239 -0.0990
vn 0.3810 -0.9239 0.0357
vn 0.9199 -0.3827 0.0861
vn 0.4672 -0.0000 -0.8842
vn 0.9555 -0.0000 -0.2949
vn 0.3810 0.9239 0.0357
vn 0.9199 0.3827 0.0861
vn 0.2949 -0.0000 0.9555
vn 0.8842 -0.0000 0.4672
vn -0.0357 -0.9239 0.3810
vn -0.0861 -0.3827 0.9199
vn -0.0357 0.9239 0.3810
vn -0.0861 0.3827 0.9199
vn -0.9555 -0.0000 0.2949
vn -0.4672 -0.0000 0.8842
vn -0.3810 -0.9239 -0.0357
vn -0.9199 -0.3827 -0.0861
vn -0.3810 0.9239 -0.0357
vn -0.9199 0.3827 -0.0861
vn -0.2949 -0.0000 -0.9555
vn -0.8842 -0.0000 -0.4672
vn 0.0357 -0.9239 -0.3810
vn 0.0861 -0.3827 -0.9199
vn 0.0357 0.9239 -0.3810
vn 0.0861 0.3827 -0.9199
vn 0.3826 -0.9239 -0.0076
vn 0.9237 -0.3827 -0.0183
vn 0.3643 -0.0000 -0.9313
vn 0.9161 -0.0000 -0.4009
vn 0.3826 0.9239 -0.0076
vn 0.9237 0.3827 -0.0183
vn 0.4009 -0.0000 0.9161
vn 0.9313 -0.0000 0.3643
vn 0.0076 -0.9239 0.3826
vn 0.0183 -0.3827 0.9237
vn 0.0076 0.9239 0.3826
vn 0.0183 0.3827 0.9237
vn -0.9161 -0.0000 0.4009
vn -0.3643 -0.0000 0.9313
vn -0.3826 -0.9239 0.0076
vn -0.9237 -0.3827 0.0183
vn -0.3826 0.9239 0.0076
vn -0.9237 0.3827 0.0183
vn -0.4009 -0.0000 -0.9161
vn -0.9313 -0.0000 -0.3643
vn -0.0076 -0.9239 -0.3826
vn -0.0183 -0.3827 -0.9237
vn -0.0076 0.9239 -0.3826
vn -0.0183 0.3827 -0.9237
vn 0.3144 -0.8486 -0.4254
vn 0.5635 -0.2262 -0.7945
vn -0.5386 0.0494 -0.8411
vn 0.2102 0.1458 -0.9667
vn 0.1189 0.9740 -0.1930
vn 0.4825 0.5288 -0.6983
vn 0.9719 0.0759 0.2228
vn 0.8359 0.1568 -0.5261
vn 0.4106 -0.9058 0.1041
vn 0.7958 -0.3643 0.4838
vn 0.2150 0.9168 0.3365
vn 0.7148 0.3907 0.5801
vn -0.2102 -0.1458 0.9667
vn 0.5386 -0.0494 0.8411
vn -0.1188 -0.9740 0.1930
vn -0.4825 -0.5288 0.6983
vn -0.3144 0.8486 0.4254
vn -0.5635 0.2262 0.7945
vn -0.9719 -0.0759 -0.2228
vn -0.8359 -0.1568 0.5261
vn -0.2150 -0.9168 -0.3365
vn -0.7148 -0.3907 -0.5801
vn -0.4106 0.9058 -0.1041
vn -0.7958 0.3643 -0.4838
vn -0.0438 -0.8644 -0.5009
vn -0.1010 -0.2558 -0.9614
vn -0.9599 0.0400 -0.2776
vn -0.4804 0.1188 -0.8689
vn -0.0391 0.9667 -0.2531
vn -0.0990 0.5027 -0.8588
vn 0.8770 0.0622 -0.4764
vn 0.2804 0.1280 -0.9513
vn 0.3781 -0.9109 -0.1651
vn 0.9175 -0.3681 -0.1507
vn 0.3828 0.9201 0.0827
vn 0.9194 0.3903 -0.0481
vn 0.4804 -0.1188 0.8689
vn 0.9599 -0.0400 0.2776
vn 0.0391 -0.9667 0.2531
vn 0.0990 -0.5027 0.8588
vn 0.0438 0.8644 0.5009
vn 0.1010 0.2558 0.9614
vn -0.8770 -0.0622 0.4764
vn -0.2804 -0.1280 0.9513
vn -0.3828 -0.9201 -0.0827
vn -0.9194 -0.3903 0.0481
vn -0.3781 0.9109 0.1651
vn -0.9175 0.3681 0.1507
vn 0.3706 -0.8023 -0.4679
vn 0.5076 -0.1523 -0.8480
vn -0.6188 -0.0103 -0.7855
vn 0.0978 0.1758 -0.9796
vn -0.0165 0.9824 -0.1863
vn 0.3473 0.5870 -0.7314
vn 0.9729 0.1903 0.1313
vn 0.7571 0.2589 -0.5998
vn 0.5232 -0.8508 0.0491
vn 0.8760 -0.2693 0.4001
vn 0.1361 0.9339 0.3307
vn 0.7157 0.4699 0.5167
vn -0.0978 -0.1758 0.9796
vn 0.6188 0.0103 0.7855
vn 0.0165 -0.9824 0.1863
vn -0.3473 -0.5870 0.7314
vn -0.3706 0.8023 0.4679
vn -0.5076 0.1523 0.8480
vn -0.9729 -0.1903 -0.1313
vn -0.7571 -0.2589 0.5998
vn -0.1361 -0.9339 -0.3307
vn -0.7157 -0.4699 -0.5167
vn -0.5232 0.8508 -0.0491
vn -0.8760 0.2693 -0.4001
vn 0.5684 -0.8183 -0.0855
vn 0.9534 -0.1763 -0.2449
vn 0.1168 0.0059 -0.9931
vn 0.7663 0.1651 -0.6209
vn 0.1495 0.9809 -0.1240
vn 0.7799 0.5690 -0.2609
vn 0.6011 0.1567 0.7836
vn 0.9669 0.2276 0.1151
vn 0.3097 -0.8684 0.3873
vn 0.3289 -0.2972 0.8964
vn -0.1091 0.9309 0.3487
vn 0.1554 0.4480 0.8804
vn -0.7663 -0.1651 0.6209
vn -0.1168 -0.0059 0.9931
vn -0.1495 -0.9809 0.1240
vn -0.7799 -0.5690 0.2609
vn -0.5684 0.8183 0.0855
vn -0.9534 0.1763 0.2449
vn -0.6011 -0.1567 -0.7836
vn -0.9669 -0.2276 -0.1151
vn 0.1091 -0.9309 -0.3487
vn -0.1554 -0.4480 -0.8804
vn -0.3097 0.8684 -0.3873
vn -0.3289 0.2972 -0.8964
vn 0.0876 -0.9506 -0.2978
vn 0.0364 -0.4630 -0.8856
vn -0.9197 -0.1218 -0.3734
vn -0.3808 -0.1197 -0.9169
vn -0.0874 0.8813 -0.4644
vn -0.0361 0.2958 -0.9546
vn 0.9198 0.0525 -0.3889
vn 0.3811 -0.0475 -0.9233
vn 0.4685 -0.8798 0.0801
vn 0.9560 -0.2922 0.0267
vn 0.2935 0.9521 -0.0865
vn 0.8835 0.4666 -0.0423
vn 0.3808 0.1197 0.9169
vn 0.9197 0.1218 0.3734
vn 0.0874 -0.8813 0.4644
vn 0.0361 -0.2958 0.9546
vn -0.0876 0.9506 0.2978
vn -0.0364 0.4630 0.8856
vn -0.9198 -0.0525 0.3889
vn -0.3811 0.0475 0.9233
vn -0.2935 -0.9521 0.0865
vn -0.8835 -0.4666 0.0423
vn -0.4685 0.8798 -0.0801
vn -0.9560 0.2922 -0.0267
vn -0.0554 -0.9072 -0.4171
vn 0.1277 -0.3628 -0.9231
vn -0.8210 0.1429 -0.5528
vn -0.1894 0.0721 -0.9792
vn 0.2060 0.9201 -0.3332
vn 0.2360 0.3940 -0.8883
vn 0.9717 -0.1299 -0.1975
vn 0.5531 -0.0409 -0.8321
vn 0.2406 -0.9701 0.0316
vn 0.8422 -0.5148 0.1602
vn 0.5020 0.8571 0.1156
vn 0.9505 0.2420 0.1950
vn 0.1894 -0.0721 0.9793
vn 0.8210 -0.1429 0.5528
vn -0.2060 -0.9201 0.3332
vn -0.2360 -0.3940 0.8883
vn 0.0554 0.9072 0.4171
vn -0.1277 0.3628 0.9231
vn -0.9717 0.1299 0.1975
vn -0.5531 0.0409 0.8321
vn -0.5020 -0.8571 -0.1156
vn -0.9505 -0.2420 -0.1950
vn -0.2406 0.9701 -0.0316
vn -0.8422 0.5148 -0.1602
vn -0.4404 -0.8717 -0.2149
vn -0.8357 -0.2713 -0.4775
vn -0.7943 0.0850 0.6015
vn -0.9823 0.1250 -0.1394
vn -0.2129 0.9615 -0.1736
vn -0.7415 0.4881 -0.4604
vn 0.1411 0.0048 -0.9900
vn -0.5949 0.0918 -0.7986
vn 0.0800 -0.9332 -0.3503
vn 0.4206 -0.4198 -0.8043
vn 0.3075 0.9000 -0.3089
vn 0.5148 0.3396 -0.7872
vn 0.9823 -0.1250 0.1394
vn 0.7944 -0.0850 -0.6015
vn 0.2129 -0.9615 0.1736
vn 0.7415 -0.4881 0.4604
vn 0.4404 0.8717 0.2149
vn 0.8357 0.2713 0.4775
vn -0.1411 -0.0048 0.9900
vn 0.5949 -0.0918 0.7986
vn -0.3075 -0.9000 0.3089
vn -0.5148 -0.3396 0.7872
vn -0.0800 0.9332 0.3503
vn -0.4206 0.4198 0.8043
vn -0.3387 -0.9378 -0.0757
vn -0.8706 -0.4187 -0.2584
vn -0.6403 0.0131 0.7680
vn -0.9955 -0.0248 0.0911
vn -0.3916 0.9076 -0.1513
vn -0.8925 0.3457 -0.2897
vn -0.0900 -0.0433 -0.9950
vn -0.7676 -0.0482 -0.6392
vn 0.1405 -0.9344 -0.3274
vn 0.2862 -0.4104 -0.8658
vn 0.0875 0.9111 -0.4029
vn 0.2642 0.3540 -0.8971
vn 0.9955 0.0248 -0.0911
vn 0.6403 -0.0131 -0.7680
vn 0.3916 -0.9076 0.1513
vn 0.8925 -0.3457 0.2897
vn 0.3387 0.9378 0.0757
vn 0.8706 0.4187 0.2584
vn 0.0900 0.0433 0.9950
vn 0.7676 0.0482 0.6392
vn -0.0875 -0.9111 0.4029
vn -0.2642 -0.3540 0.8971
vn -0.1405 0.9344 0.3274
vn -0.2862 0.4104 0.8658
vn 0.4206 -0.8359 -0.3525
vn 0.7702 -0.2034 -0.6045
vn -0.2685 0.0940 -0.9587
vn 0.4848 0.1818 -0.8556
vn 0.1754 0.9788 -0.1059
vn 0.6686 0.5483 -0.5023
vn 0.8645 0.0489 0.5002
vn 0.9541 0.1631 -0.2513
vn 0.3573 -0.9167 0.1789
vn 0.6173 -0.3984 0.6784
vn 0.1120 0.8980 0.4254
vn 0.5157 0.3533 0.7805
vn -0.4848 -0.1818 0.8555
vn 0.2685 -0.0940 0.9587
vn -0.1754 -0.9788 0.1059
vn -0.6686 -0.5483 0.5023
vn -0.4206 0.8359 0.3525
vn -0.7702 0.2034 0.6045
vn -0.8645 -0.0489 -0.5002
vn -0.9541 -0.1631 0.2513
vn -0.1120 -0.8980 -0.4254
vn -0.5157 -0.3533 -0.7805
vn -0.3573 0.9167 -0.1789
vn -0.6173 0.3984 -0.6784
vn 0.3408 -0.8393 -0.4237
vn 0.6378 -0.2094 -0.7412
vn -0.4485 0.0922 -0.8890
vn 0.3109 0.1764 -0.9339
vn 0.1559 0.9775 -0.1420
vn 0.5612 0.5432 -0.6245
vn 0.9452 0.0461 0.3233
vn 0.8882 0.1573 -0.4318
vn 0.3811 -0.9179 0.1102
vn 0.7351 -0.3993 0.5478
vn 0.1962 0.8988 0.3919
vn 0.6585 0.3532 0.6645
vn -0.3109 -0.1764 0.9339
vn 0.4485 -0.0922 0.8890
vn -0.1559 -0.9775 0.1420
vn -0.5612 -0.5432 0.6245
vn -0.3408 0.8393 0.4237
vn -0.6378 0.2094 0.7412
vn -0.9452 -0.0461 -0.3233
vn -0.8882 -0.1573 0.4318
vn -0.1962 -0.8988 -0.3919
vn -0.6585 -0.3532 -0.6645
vn -0.3811 0.9179 -0.1102
vn -0.7351 0.3993 -0.5478
vn -0.2195 -0.9751 -0.0307
vn -0.6387 -0.5649 -0.5224
vn -0.9169 0.0437 0.3968
vn -0.9275 -0.1429 -0.3454
vn -0.3282 0.8141 -0.4791
vn -0.6837 0.1762 -0.7082
vn 0.3691 -0.2048 -0.9065
vn -0.3949 -0.2459 -0.8852
vn 0.3207 -0.9461 -0.0457
vn 0.6655 -0.4948 -0.5588
vn 0.2120 0.8431 -0.4941
vn 0.6205 0.2463 -0.7446
vn 0.9275 0.1429 0.3454
vn 0.9169 -0.0437 -0.3968
vn 0.3282 -0.8141 0.4791
vn 0.6837 -0.1762 0.7082
vn 0.2195 0.9751 0.0307
vn 0.6387 0.5649 0.5224
vn -0.3691 0.2048 0.9065
vn 0.3949 0.2458 0.8852
vn -0.2120 -0.8431 0.4941
vn -0.6205 -0.2463 0.7446
vn -0.3207 0.9461 0.0457
vn -0.6655 0.4948 0.5588
vn -0.3459 -0.8703 -0.3505
vn -0.4209 -0.3004 -0.8559
vn -0.9745 0.2241 -0.0126
vn -0.6812 0.1529 -0.7160
vn 0.0684 0.9304 -0.3602
vn -0.2492 0.4454 -0.8599
vn 0.6969 -0.1641 -0.6981
vn 0.0111 -0.0079 -0.9999
vn 0.1390 -0.9807 -0.1372
vn 0.7499 -0.5670 -0.3408
vn 0.5533 0.8199 -0.1468
vn 0.9215 0.1788 -0.3448
vn 0.6812 -0.1529 0.7159
vn 0.9745 -0.2241 0.0126
vn -0.0684 -0.9304 0.3602
vn 0.2492 -0.4454 0.8599
vn 0.3459 0.8703 0.3505
vn 0.4209 0.3005 0.8559
vn -0.6969 0.1641 0.6981
vn -0.0111 0.0079 0.9999
vn -0.5533 -0.8199 0.1468
vn -0.9215 -0.1788 0.3448
vn -0.1390 0.9807 0.1372
vn -0.7499 0.5670 0.3408
vn -0.0000 -1.0000 -0.0000
vn 1.0000 -0.0000 -0.0000
vn -0.0000 -0.0000 -1.0000
vn -0.0000 1.0000 -0.0000
vn -0.0000 -0.0000 1.0000
vn -1.0000 -0.0000 -0.0000
vn -0.0173 -0.9999 0.0008
vn 0.9989 -0.0173 -0.0436
vn -0.0436 -0.0000 -0.9990
vn 0.0173 0.9999 -0.0008
vn 0.0436 -0.0000 0.9990
vn -0.9989 0.0173 0.0436
vn 0.9997 -0.0000 0.0262
vn 0.0262 -0.0000 -0.9997
vn -0.0262 -0.0000 0.9997
vn -0.9997 -0.0000 -0.0262
vn -0.0046 -0.9962 0.0870
vn 0.9986 -0.0000 0.0523
vn 0.0521 -0.0872 -0.9948
vn 0.0046 0.9962 -0.0870
vn -0.0521 0.0872 0.9948
vn -0.9986 -0.0000 -0.0523
vn 0.9659 -0.0000 -0.2588
vn -0.2588 -0.0000 -0.9659
vn 0.2588 -0.0000 0.9659
vn -0.9659 -0.0000 0.2588
vn 0.2588 -0.0000 -0.9659
vn -0.9659 -0.0000 -0.2588
vn 0.9659 -0.0000 0.2588
vn -0.2588 -0.0000 0.9659
vn -0.7071 -0.0000 -0.7071
vn -0.7071 -0.0000 0.7071
vn 0.7071 -0.0000 -0.7071
vn 0.7071 -0.0000 0.7071
vn 0.9956 -0.0000 0.0932
vn 0.0932 -0.0000 -0.9956
vn -0.0932 -0.0000 0.9956
vn -0.9956 -0.0000 -0.0932
vn 0.9998 -0.0000 -0.0198
vn -0.0198 -0.0000 -0.9998
vn 0.0198 -0.0000 0.9998
vn -0.9998 -0.0000 0.0198
vn 0.1059 -0.9864 -0.1258
vn 0.5661 0.1638 -0.8079
vn -0.8175 -0.0143 -0.5758
vn -0.1059 0.9864 0.1258
vn 0.8175 0.0143 0.5758
vn -0.5661 -0.1638 0.8079
vn -0.0025 -0.9910 -0.1341
vn -0.1082 0.1336 -0.9851
vn -0.9941 -0.0120 0.1076
vn 0.0025 0.9910 0.1341
vn 0.9941 0.0120 -0.1076
vn 0.1082 -0.1336 0.9851
vn 0.2095 -0.9659 -0.1524
vn 0.4627 0.2352 -0.8547
vn -0.8614 -0.1086 -0.4962
vn -0.2095 0.9659 0.1524
vn 0.8614 0.1086 0.4962
vn -0.4627 -0.2352 0.8547
vn 0.2267 -0.9737 0.0209
vn 0.9380 0.2125 -0.2737
vn -0.2621 -0.0816 -0.9616
vn -0.2267 0.9737 -0.0209
vn 0.2621 0.0816 0.9616
vn -0.9380 -0.2125 0.2737
vn 0.0947 -0.9914 0.0901
vn 0.0002 -0.0905 -0.9959
vn -0.9955 -0.0943 0.0084
vn -0.0947 0.9914 -0.0901
vn 0.9955 0.0943 -0.0084
vn -0.0002 0.0905 0.9959
vn -0.1415 -0.9889 -0.0454
vn 0.1969 0.0169 -0.9803
vn -0.9702 0.1476 -0.1923
vn 0.1415 0.9889 0.0454
vn 0.9702 -0.1476 0.1923
vn -0.1969 -0.0169 0.9803
vn -0.1231 -0.9921 -0.0224
vn -0.8536 0.1174 -0.5076
vn -0.5062 0.0434 0.8613
vn 0.1231 0.9921 0.0224
vn 0.5062 -0.0434 -0.8613
vn 0.8536 -0.1174 0.5076
vn 0.0286 -0.9988 0.0409
vn -0.9542 -0.0395 -0.2966
vn -0.2979 0.0305 0.9541
vn -0.0286 0.9988 -0.0409
vn 0.2979 -0.0305 -0.9541
vn 0.9542 0.0395 0.2966
vn 0.1327 -0.9821 -0.1334
vn 0.7787 0.1866 -0.5990
vn -0.6132 0.0244 -0.7896
vn -0.1327 0.9821 0.1334
vn 0.6132 -0.0244 0.7896
vn -0.7787 -0.1866 0.5990
vn 0.1001 -0.9832 -0.1525
vn 0.6489 0.1806 -0.7391
vn -0.7542 0.0250 -0.6561
vn -0.1001 0.9832 0.1525
vn 0.7542 -0.0250 0.6561
vn -0.6489 -0.1806 0.7391
vn 0.0588 -0.9683 0.2427
vn -0.7157 -0.2104 -0.6660
vn -0.6960 0.1345 0.7054
vn -0.0588 0.9683 -0.2427
vn 0.6960 -0.1345 -0.7054
vn 0.7157 0.2104 0.6660
vn -0.2242 -0.9745 0.0052
vn -0.3627 0.0785 -0.9286
vn -0.9045 0.2101 0.3710
vn 0.2242 0.9745 -0.0052
vn 0.9045 -0.2101 -0.3710
vn 0.3627 -0.0785 0.9286
vn 0.2817 -0.8864 -0.3672
vn 0.3672 -0.2818 -0.8864
vn 0.8864 -0.3672 -0.2817
vn 0.2817 0.3672 -0.8864
vn 0.3672 0.8865 -0.2817
vn 0.3672 -0.8865 0.2817
vn 0.2817 -0.3672 0.8864
vn 0.2817 0.8864 0.3672
vn 0.3672 0.2818 0.8864
vn 0.8864 0.3672 0.2817
vn -0.2817 -0.3672 -0.8864
vn -0.2817 0.8864 -0.3672
vn -0.3672 0.2818 -0.8864
vn -0.8864 0.3672 -0.2817
vn -0.2817 -0.8864 0.3672
vn -0.3672 -0.2818 0.8864
vn -0.8864 -0.3672 0.2817
vn -0.3672 0.8865 0.2817
vn -0.2817 0.3672 0.8864
vn 0.2817 -0.8865 -0.3672
vn 0.8865 -0.3672 -0.2817
vn 0.2817 0.3672 -0.8865
vn 0.3672 0.8865 -0.2818
vn 0.3672 -0.8865 0.2818
vn 0.2818 -0.3672 0.8865
vn 0.2817 0.8865 0.3672
vn 0.8865 0.3672 0.2817
vn -0.3672 -0.8865 -0.2818
vn -0.2818 -0.3672 -0.8865
vn -0.8865 0.3672 -0.2817
vn -0.2817 -0.8865 0.3672
vn -0.8865 -0.3672 0.2817
vn -0.3672 0.8865 0.2818
vn -0.2817 0.3672 0.8865
vn 0.2501 -0.8912 -0.3785
vn 0.3232 -0.2881 -0.9014
vn 0.8668 -0.3825 -0.3199
vn 0.2491 0.3622 -0.8982
vn 0.3698 0.8800 -0.2982
vn 0.8743 0.2664 -0.4057
vn 0.3638 -0.8927 0.2661
vn 0.8966 -0.2970 0.3284
vn 0.3138 -0.3720 0.8736
vn 0.3128 0.8814 0.3539
vn 0.4103 0.2754 0.8694
vn 0.9041 0.3518 0.2425
vn -0.3944 -0.8800 -0.2648
vn -0.9064 -0.2664 -0.3280
vn -0.3264 -0.3623 -0.8730
vn -0.2821 0.8912 -0.3552
vn -0.4006 0.2881 -0.8698
vn -0.8914 0.3825 -0.2431
vn -0.2807 -0.8814 0.3798
vn -0.3330 -0.2754 0.9018
vn -0.8795 -0.3518 0.3204
vn -0.3392 0.8927 0.2968
vn -0.8646 0.2970 0.4053
vn -0.2364 0.3720 0.8976
vn 0.2913 -0.8865 -0.3597
vn 0.3903 -0.2818 -0.8765
vn 0.8935 -0.3672 -0.2584
vn 0.3049 0.3672 -0.8788
vn 0.3744 0.8865 -0.2720
vn 0.8958 0.2817 -0.3438
vn 0.3597 -0.8865 0.2913
vn 0.8765 -0.2817 0.3903
vn 0.2584 -0.3672 0.8935
vn 0.2720 0.8865 0.3744
vn 0.3439 0.2817 0.8958
vn 0.8788 0.3672 0.3049
vn -0.3597 -0.8865 -0.2913
vn -0.8765 -0.2817 -0.3903
vn -0.2584 -0.3672 -0.8935
vn -0.2720 0.8865 -0.3744
vn -0.3439 0.2817 -0.8958
vn -0.8788 0.3672 -0.3049
vn -0.2913 -0.8865 0.3597
vn -0.3903 -0.2818 0.8765
vn -0.8935 -0.3672 0.2584
vn -0.3744 0.8865 0.2720
vn -0.8958 0.2817 0.3439
vn -0.3049 0.3672 0.8788
vn 0.3903 -0.2817 -0.8765
vn 0.8958 0.2817 -0.3439
vn 0.3438 0.2817 0.8958
vn -0.3438 0.2817 -0.8958
vn -0.3903 -0.2817 0.8765
vn 0.2965 -0.9151 -0.2734
vn 0.4116 -0.3579 -0.8381
vn 0.8983 -0.3903 -0.2019
vn 0.3293 0.2885 -0.8991
vn 0.3854 0.8585 -0.3382
vn 0.9057 0.2487 -0.3434
vn 0.3479 -0.8585 0.3767
vn 0.8648 -0.2487 0.4362
vn 0.2335 -0.2885 0.9286
vn 0.2663 0.9151 0.3029
vn 0.3217 0.3579 0.8766
vn 0.8722 0.3903 0.2947
vn -0.3560 -0.9076 -0.2224
vn -0.8674 -0.3127 -0.3872
vn -0.2368 -0.4430 -0.8647
vn -0.2582 0.8511 -0.4572
vn -0.3192 0.2034 -0.9256
vn -0.8689 0.3412 -0.3586
vn -0.3045 -0.8511 0.4277
vn -0.4142 -0.2034 0.8872
vn -0.9016 -0.3412 0.2659
vn -0.3773 0.9076 0.1839
vn -0.9031 0.3127 0.2944
vn -0.3259 0.4430 0.8352
vn 0.1771 -0.8864 -0.4276
vn 0.1252 -0.2817 -0.9513
vn 0.7833 -0.3672 -0.5016
vn 0.0427 0.3672 -0.9292
vn 0.7612 0.2817 -0.5841
vn 0.4276 -0.8865 0.1771
vn 0.9513 -0.2817 0.1252
vn 0.5016 -0.3672 0.7833
vn 0.3672 0.8864 0.2818
vn 0.5841 0.2817 0.7612
vn 0.9292 0.3672 0.0427
vn -0.4276 -0.8864 -0.1771
vn -0.9513 -0.2817 -0.1252
vn -0.5016 -0.3672 -0.7833
vn -0.3672 0.8864 -0.2818
vn -0.5841 0.2817 -0.7612
vn -0.9292 0.3672 -0.0427
vn -0.1771 -0.8865 0.4276
vn -0.1252 -0.2817 0.9513
vn -0.7833 -0.3672 0.5016
vn -0.7612 0.2817 0.5841
vn -0.0427 0.3672 0.9292
vn -0.2818 -0.8865 -0.3672
vn -0.7612 -0.2817 -0.5841
vn -0.0427 -0.3672 -0.9292
vn -0.7833 0.3672 -0.5016
vn -0.1771 0.8864 -0.4276
vn -0.1252 0.2817 -0.9513
vn 0.3672 -0.8864 -0.2817
vn 0.5841 -0.2817 -0.7612
vn 0.9292 -0.3672 -0.0427
vn 0.4276 0.8865 -0.1771
vn 0.9513 0.2817 -0.1252
vn 0.5016 0.3672 -0.7833
vn -0.3672 -0.8864 0.2817
vn -0.5841 -0.2817 0.7612
vn -0.9292 -0.3672 0.0427
vn -0.4276 0.8865 0.1771
vn -0.9513 0.2817 0.1252
vn -0.5016 0.3672 0.7833
vn 0.7612 -0.2817 0.5841
vn 0.0427 -0.3672 0.9292
vn 0.1771 0.8864 0.4276
vn 0.1252 0.2817 0.9513
vn 0.7833 0.3672 0.5016
vn -0.4589 -0.8864 0.0604
vn -0.8260 -0.3672 -0.4276
vn -0.8260 0.3672 0.4276
vn -0.4589 0.8864 -0.0604
vn -0.8864 0.2818 -0.3672
vn -0.0604 -0.8865 -0.4589
vn 0.4276 -0.3672 -0.8260
vn 0.0604 0.8865 -0.4589
vn -0.4276 0.3672 -0.8260
vn 0.0604 -0.8865 0.4589
vn -0.4276 -0.3672 0.8260
vn -0.0604 0.8865 0.4589
vn 0.4276 0.3672 0.8260
vn 0.4589 -0.8864 -0.0604
vn 0.8260 -0.3672 0.4276
vn 0.4589 0.8864 0.0604
vn 0.8260 0.3672 -0.4276
vn -0.1771 -0.8864 0.4276
vn -0.4276 -0.8865 -0.1771
vn 0.1771 -0.8865 -0.4276
vn -0.3672 -0.2818 -0.8865
vn 0.3672 0.2818 -0.8865
vn -0.4589 0.8865 -0.0604
vn 0.3148 -0.8865 -0.3393
vn 0.4482 -0.2817 -0.8484
vn 0.9089 -0.3672 -0.1979
vn 0.3632 0.3672 -0.8563
vn 0.3918 0.8865 -0.2463
vn 0.9168 0.2818 -0.2829
vn 0.3393 -0.8865 0.3148
vn 0.8484 -0.2817 0.4482
vn 0.1979 -0.3672 0.9089
vn 0.2463 0.8865 0.3919
vn 0.2829 0.2817 0.9168
vn 0.8563 0.3672 0.3632
vn -0.3393 -0.8865 -0.3148
vn -0.8484 -0.2817 -0.4482
vn -0.1979 -0.3672 -0.9089
vn -0.2463 0.8865 -0.3919
vn -0.2829 0.2817 -0.9168
vn -0.8563 0.3672 -0.3632
vn -0.3148 -0.8865 0.3393
vn -0.4482 -0.2817 0.8484
vn -0.9089 -0.3672 0.1979
vn -0.3918 0.8865 0.2463
vn -0.9168 0.2818 0.2829
vn -0.3632 0.3672 0.8563
vn 0.2744 -0.8865 -0.3727
vn 0.3496 -0.2817 -0.8935
vn 0.8807 -0.3672 -0.2992
vn 0.2642 0.3672 -0.8919
vn 0.3615 0.8865 -0.2890
vn 0.8790 0.2817 -0.3847
vn 0.3727 -0.8865 0.2744
vn 0.8935 -0.2817 0.3496
vn 0.2992 -0.3672 0.8807
vn 0.2890 0.8865 0.3615
vn 0.3846 0.2817 0.8790
vn 0.8919 0.3672 0.2641
vn -0.3727 -0.8865 -0.2744
vn -0.8935 -0.2817 -0.3496
vn -0.2992 -0.3672 -0.8807
vn -0.2890 0.8865 -0.3615
vn -0.3847 0.2818 -0.8790
vn -0.8919 0.3672 -0.2641
vn -0.2744 -0.8865 0.3727
vn -0.3496 -0.2817 0.8935
vn -0.8807 -0.3672 0.2992
vn -0.3615 0.8865 0.2890
vn -0.8790 0.2817 0.3847
vn -0.2641 0.3672 0.8919
vn -0.0468 -0.8335 -0.5505
vn -0.4870 -0.2305 -0.8425
vn 0.3104 -0.2210 -0.9246
vn -0.6040 0.3956 -0.6918
vn -0.1163 0.9305 -0.3474
vn 0.1719 0.4178 -0.8921
vn 0.5320 -0.8102 -0.2459
vn 0.8318 -0.1275 -0.5402
vn 0.9230 -0.3034 0.2366
vn 0.3658 0.9258 0.0953
vn 0.9027 0.3507 0.2492
vn 0.6933 0.5114 -0.5077
vn -0.3444 -0.9386 0.0229
vn -0.7722 -0.4283 0.4693
vn -0.8453 -0.4210 -0.3290
vn -0.5535 0.8230 0.1277
vn -0.9624 0.2051 -0.1783
vn -0.7710 0.2130 0.6001
vn 0.2345 -0.9153 0.3275
vn 0.5466 -0.3254 0.7716
vn -0.2326 -0.5033 0.8322
vn -0.0714 0.8183 0.5704
vn -0.2315 0.1380 0.9630
vn 0.5263 0.3287 0.7842
vn -0.3978 -0.8452 -0.3569
vn -0.9217 -0.2408 -0.3041
vn -0.3770 -0.2488 -0.8922
vn -0.9108 0.3908 -0.1329
vn -0.3176 0.9241 -0.2125
vn -0.4603 0.3932 -0.7960
vn 0.2381 -0.8260 -0.5109
vn 0.2684 -0.1563 -0.9505
vn 0.8498 -0.3156 -0.4222
vn 0.3368 0.9205 -0.1982
vn 0.8422 0.3389 -0.4193
vn 0.1851 0.4857 -0.8543
vn -0.2426 -0.9309 0.2731
vn -0.2698 -0.4021 0.8750
vn -0.8517 -0.4122 0.3237
vn -0.3323 0.8364 0.4360
vn -0.8408 0.2195 0.4949
vn -0.1832 0.2420 0.9528
vn 0.3933 -0.9117 0.1191
vn 0.9203 -0.3176 0.2285
vn 0.3751 -0.4789 0.7937
vn 0.3221 0.8328 0.4503
vn 0.4617 0.1652 0.8715
vn 0.9127 0.3369 0.2314
vn -0.0002 -0.8298 -0.5581
vn -0.5347 -0.2820 -0.7966
vn 0.2444 -0.1767 -0.9534
vn -0.7102 0.3247 -0.6247
vn -0.2586 0.9120 -0.3185
vn 0.0348 0.4408 -0.8969
vn 0.5983 -0.7392 -0.3092
vn 0.7855 -0.0237 -0.6185
vn 0.9709 -0.1921 0.1430
vn 0.2609 0.9623 0.0765
vn 0.8744 0.4548 0.1689
vn 0.5759 0.5938 -0.5619
vn -0.2268 -0.9732 0.0389
vn -0.6674 -0.5205 0.5326
vn -0.8170 -0.5172 -0.2550
vn -0.6324 0.7500 0.1937
vn -0.9925 0.0895 -0.0830
vn -0.7298 0.1155 0.6739
vn 0.3717 -0.8826 0.2879
vn 0.6528 -0.2623 0.7107
vn -0.0905 -0.5326 0.8415
vn -0.1129 0.8004 0.5887
vn -0.1529 0.1035 0.9828
vn 0.5563 0.3846 0.7366
vn 0.3690 -0.8333 -0.4117
vn 0.1760 -0.2687 -0.9470
vn 0.8409 -0.1921 -0.5059
vn -0.0513 0.3451 -0.9372
vn 0.0696 0.9182 -0.3899
vn 0.6714 0.4328 -0.6016
vn 0.6192 -0.7621 0.1889
vn 0.9916 -0.0560 0.1163
vn 0.5799 -0.2253 0.7829
vn 0.1596 0.9530 0.2575
vn 0.5129 0.4247 0.7460
vn 0.8221 0.5689 0.0206
vn -0.2173 -0.9642 -0.1519
vn -0.8639 -0.4927 -0.1046
vn -0.4134 -0.4898 -0.7676
vn -0.5615 0.7733 -0.2945
vn -0.6406 0.1240 -0.7578
vn -0.9886 0.1461 -0.0360
vn 0.0329 -0.8931 0.4487
vn -0.0482 -0.2800 0.9588
vn -0.6744 -0.5229 0.5212
vn -0.4715 0.8081 0.3529
vn -0.7992 0.1159 0.5898
vn -0.1152 0.3700 0.9219
vn -0.2815 -0.9390 -0.1976
vn -0.8557 -0.3962 -0.3328
vn -0.2455 -0.4709 -0.8473
vn -0.9172 0.2549 -0.3062
vn -0.3644 0.8190 -0.4432
vn -0.3921 0.1644 -0.9051
vn 0.3645 -0.8855 -0.2881
vn 0.3924 -0.3249 -0.8605
vn 0.9173 -0.3059 -0.2549
vn 0.2816 0.8880 -0.3636
vn 0.8558 0.3297 -0.3985
vn 0.2459 0.3104 -0.9183
vn -0.1966 -0.8722 0.4479
vn -0.3390 -0.2337 0.9113
vn -0.8477 -0.4222 0.3211
vn -0.4496 0.8697 0.2038
vn -0.9092 0.2289 0.3477
vn -0.3154 0.4177 0.8521
vn 0.4494 -0.8187 0.3574
vn 0.9091 -0.1625 0.3836
vn 0.3151 -0.2572 0.9135
vn 0.1965 0.9387 0.2834
vn 0.3387 0.3942 0.8543
vn 0.8476 0.4732 0.2400
vn -0.4262 -0.8176 -0.3871
vn -0.8276 -0.1415 -0.5432
vn -0.1508 -0.3065 -0.9398
vn -0.7526 0.4987 -0.4299
vn -0.0757 0.9244 -0.3738
vn -0.1419 0.3478 -0.9268
vn 0.2202 -0.9120 -0.3461
vn 0.4909 -0.3179 -0.8112
vn 0.8635 -0.4892 -0.1224
vn 0.5371 0.8272 -0.1653
vn 0.9722 0.1540 -0.1767
vn 0.4998 0.3365 -0.7981
vn -0.4710 -0.8412 0.2655
vn -0.5706 -0.2394 0.7856
vn -0.9674 -0.2370 0.0891
vn -0.2863 0.9261 0.2459
vn -0.8924 0.4033 0.2023
vn -0.3959 0.3897 0.8315
vn 0.1754 -0.9356 0.3065
vn 0.7479 -0.4157 0.5176
vn 0.0469 -0.4197 0.9065
vn 0.3265 0.8288 0.4544
vn 0.2216 0.2094 0.9524
vn 0.8565 0.2275 0.4633
vn -0.5355 -0.8305 0.1534
vn -0.7969 -0.1980 0.5708
vn -0.9445 -0.2480 -0.2155
vn -0.6440 0.4358 0.6287
vn -0.3469 0.9348 0.0761
vn -0.9078 0.3995 -0.1274
vn -0.2799 -0.8486 -0.4489
vn -0.6054 -0.1914 -0.7725
vn 0.1631 -0.3697 -0.9147
vn 0.0545 0.8966 -0.4394
vn 0.1700 0.2841 -0.9436
vn -0.5688 0.4561 -0.6844
vn 0.0616 -0.9103 0.4092
vn 0.5361 -0.3676 0.7599
vn -0.2535 -0.3589 0.8983
vn 0.1637 0.8624 0.4791
vn -0.1007 0.2749 0.9562
vn 0.6592 0.2725 0.7008
vn 0.3172 -0.9285 -0.1930
vn 0.7275 -0.3611 -0.5834
vn 0.8541 -0.4806 0.1991
vn 0.5652 0.8242 -0.0365
vn 0.9772 0.1596 0.1400
vn 0.7345 0.2927 -0.6123
vn -0.3528 -0.8853 0.3030
vn -0.6063 -0.2689 0.7484
vn -0.9192 -0.3931 0.0209
vn -0.5434 0.3826 0.7472
vn -0.4597 0.8794 0.1237
vn -0.9633 0.2576 0.0759
vn -0.2410 -0.9084 -0.3415
vn -0.7284 -0.3276 -0.6018
vn 0.0057 -0.4049 -0.9143
vn -0.1849 0.8630 -0.4701
vn -0.0944 0.2398 -0.9662
vn -0.7724 0.3231 -0.5468
vn 0.2918 -0.8622 0.4140
vn 0.7445 -0.2352 0.6248
vn 0.0153 -0.3286 0.9444
vn 0.1341 0.9077 0.3977
vn 0.0782 0.3229 0.9432
vn 0.7514 0.4103 0.5168
vn 0.4036 -0.8854 -0.2305
vn 0.6225 -0.2939 -0.7254
vn 0.9403 -0.3403 0.0091
vn 0.4089 0.8913 -0.1961
vn 0.9471 0.3052 -0.0989
vn 0.5224 0.3508 -0.7772
vn 0.1119 -0.8091 -0.5770
vn -0.2202 -0.1866 -0.9574
vn 0.5662 -0.1883 -0.8024
vn -0.3729 0.4348 -0.8197
vn -0.0045 0.9460 -0.3241
vn 0.4277 0.4511 -0.7833
vn 0.5763 -0.8090 -0.1158
vn 0.9528 -0.1202 -0.2787
vn 0.8117 -0.3297 0.4821
vn 0.3269 0.9142 0.2394
vn 0.7921 0.3236 0.5176
vn 0.8143 0.5192 -0.2595
vn -0.3410 -0.9323 -0.1208
vn -0.8780 -0.4332 0.2035
vn -0.7142 -0.3916 -0.5801
vn -0.5622 0.8270 -0.0029
vn -0.8669 0.2298 -0.4424
vn -0.9118 0.2021 0.3575
vn 0.1234 -0.9322 0.3404
vn 0.2950 -0.3669 0.8822
vn -0.4688 -0.5329 0.7044
vn -0.2308 0.7952 0.5607
vn -0.5025 0.1023 0.8585
vn 0.2754 0.2864 0.9177
vn -0.0054 -0.8115 -0.5843
vn -0.4021 -0.1886 -0.8960
vn 0.3995 -0.1939 -0.8960
vn -0.5225 0.4340 -0.7339
vn -0.0629 0.9450 -0.3211
vn 0.2701 0.4463 -0.8531
vn 0.5395 -0.8123 -0.2217
vn 0.8804 -0.1261 -0.4572
vn 0.8882 -0.3323 0.3174
vn 0.3711 0.9133 0.1678
vn 0.8787 0.3212 0.3532
vn 0.7510 0.5141 -0.4143
vn -0.3621 -0.9309 -0.0486
vn -0.8240 -0.4280 0.3713
vn -0.8147 -0.3898 -0.4294
vn -0.5485 0.8299 0.1025
vn -0.9351 0.2328 -0.2673
vn -0.8245 0.2079 0.5263
vn 0.1828 -0.9317 0.3140
vn 0.4585 -0.3655 0.8100
vn -0.3260 -0.5282 0.7841
vn -0.1145 0.7982 0.5914
vn -0.3265 0.1077 0.9390
vn 0.4490 0.2880 0.8458
vn -0.4050 -0.8683 0.2865
vn -0.8631 -0.2309 0.4491
vn -0.8089 -0.5042 -0.3025
vn -0.8402 0.4155 0.3485
vn -0.5110 0.8190 -0.2609
vn -0.9065 0.1357 -0.3998
vn -0.0145 -0.9735 -0.2282
vn -0.3623 -0.5087 -0.7810
vn 0.4369 -0.5340 -0.7238
vn 0.0017 0.7497 -0.6618
vn 0.3376 0.0763 -0.9382
vn -0.4599 0.1311 -0.8782
vn 0.1189 -0.7432 0.6584
vn 0.3954 -0.0369 0.9177
vn -0.3937 -0.1771 0.9020
vn -0.1061 0.9670 0.2315
vn -0.3707 0.4693 0.8014
vn 0.4167 0.5799 0.7000
vn 0.5093 -0.8485 0.1438
vn 0.8963 -0.3148 -0.3124
vn 0.8521 -0.2069 0.4807
vn 0.4067 0.8977 -0.1693
vn 0.8734 0.4099 0.2630
vn 0.7970 0.2956 -0.5267
vn -0.6331 -0.7646 -0.1208
vn -0.9982 -0.0595 -0.0106
vn -0.6587 -0.2291 -0.7167
vn -0.8217 0.5662 0.0653
vn -0.1893 0.9519 -0.2411
vn -0.5904 0.4213 -0.6884
vn -0.0771 -0.8943 -0.4409
vn -0.0525 -0.2822 -0.9579
vn 0.6173 -0.5220 -0.5886
vn 0.4287 0.8088 -0.4025
vn 0.7319 0.1171 -0.6713
vn 0.0157 0.3682 -0.9296
vn -0.3204 -0.8335 0.4501
vn -0.0738 -0.2670 0.9609
vn -0.7820 -0.1937 0.5924
vn -0.0312 0.9189 0.3932
vn -0.6055 0.4320 0.6684
vn 0.1489 0.3475 0.9258
vn 0.2356 -0.9631 0.1300
vn 0.8718 -0.4896 0.0136
vn 0.4940 -0.4866 0.7206
vn 0.5868 0.7759 0.2318
vn 0.7168 0.1279 0.6855
vn 0.9863 0.1495 -0.0692
vn 0.9295 0.3667 -0.0406
vn -0.9295 -0.3666 0.0406
vn 0.3825 0.9239 0.0100
vn -0.3825 0.9239 -0.0100
vn 0.9426 -0.0334 -0.3323
vn -0.3696 0.9239 0.0990
vn -0.3696 0.9239 -0.0990
vn 0.0991 0.9239 -0.3696
vn 0.3696 0.9239 0.0990
vn -0.1189 -0.9740 0.1930
vn 0.1894 -0.0721 0.9792
vn 0.4848 0.1818 -0.8555
vn 0.9541 0.1631 -0.2512
vn -0.4848 -0.1818 0.8556
vn 0.8882 0.1573 -0.4317
vn 0.3691 -0.2048 -0.9066
vn -0.3691 0.2048 0.9066
vn 0.3949 0.2459 0.8852
vn -0.4208 -0.3004 -0.8559
vn -0.6812 0.1529 -0.7159
vn 0.6812 -0.1529 0.7160
vn 0.4209 0.3004 0.8559
vt -0.422000 -0.219313
vt -0.438166 -0.235478
vt -0.441799 -0.219313
vt -0.422000 -0.284112
vt -0.438166 -0.300278
vt -0.422000 -0.303911
vt -0.219313 -0.284112
vt -0.235478 -0.300278
vt -0.239112 -0.284112
vt -0.422000 -0.180112
vt -0.438166 -0.163946
vt -0.441799 -0.180112
vt -0.422000 -0.239112
vt -0.219313 -0.180112
vt -0.235478 -0.163946
vt -0.219313 -0.160313
vt -0.422000 1.064687
vt -0.438166 1.080853
vt -0.422000 1.084486
vt 1.064687 -0.284112
vt 1.080853 -0.300278
vt 1.064687 -0.303911
vt -0.438166 -0.300278
vt -0.441799 -0.284112
vt -0.441799 1.064687
vt -0.438166 -0.163946
vt -0.422000 -0.160313
vt 1.064687 -0.180112
vt 1.080853 -0.163946
vt 1.084486 -0.180112
vt 1.422000 -0.219313
vt 1.438166 -0.235478
vt 1.422000 -0.239112
vt -0.235478 -0.300278
vt -0.219313 -0.303911
vt 1.422000 -0.284112
vt 1.438166 -0.300278
vt 1.441799 -0.284112
vt 1.441799 -0.219313
vt 1.422000 -0.180112
vt 1.438166 -0.163946
vt 1.422000 -0.160313
vt -0.235478 -0.163946
vt -0.239112 -0.180112
vt 1.422000 1.064687
vt 1.438166 1.080853
vt 1.441799 1.064687
vt 1.438166 -0.300278
vt 1.422000 -0.303911
vt 1.080853 -0.300278
vt 1.084486 -0.284112
vt 1.422000 1.084486
vt 1.080853 -0.163946
vt 1.064687 -0.160313
vt 1.438166 -0.163946
vt 1.441799 -0.180112
vt -0.282000 -0.099313
vt -0.298166 -0.115479
vt -0.301799 -0.099313
vt -0.282000 -0.124112
vt -0.298166 -0.140278
vt -0.282000 -0.143911
vt -0.099313 -0.124112
vt -0.115479 -0.140278
vt -0.119112 -0.124112
vt -0.282000 -0.060112
vt -0.298166 -0.043946
vt -0.301799 -0.060112
vt -0.282000 -0.119112
vt -0.099313 -0.060112
vt -0.115479 -0.043946
vt -0.099313 -0.040313
vt -0.282000 0.944687
vt -0.298166 0.960853
vt -0.282000 0.964486
vt 0.944687 -0.124112
vt 0.960853 -0.140278
vt 0.944687 -0.143911
vt -0.301799 -0.124112
vt -0.301799 0.944687
vt -0.282000 -0.040313
vt 0.944687 -0.060112
vt 0.960853 -0.043946
vt 0.964486 -0.060112
vt 1.282000 -0.099313
vt 1.298166 -0.115479
vt 1.282000 -0.119112
vt -0.099313 -0.143911
vt 1.282000 -0.124112
vt 1.298166 -0.140278
vt 1.301799 -0.124112
vt 1.301799 -0.099313
vt 1.282000 -0.060112
vt 1.298166 -0.043946
vt 1.282000 -0.040313
vt -0.119112 -0.060112
vt 1.282000 0.944687
vt 1.298166 0.960853
vt 1.301799 0.944687
vt 1.282000 -0.143911
vt 0.964486 -0.124112
vt 1.282000 0.964486
vt 0.944687 -0.040313
vt 1.301799 -0.060112
vt -0.162270 -0.061957
vt -0.177917 -0.078822
vt -0.182189 -0.062827
vt -0.161532 -0.015867
vt -0.177917 -0.032310
vt -0.161548 -0.035663
vt -0.063200 -0.016352
vt -0.078822 -0.032310
vt -0.082622 -0.016210
vt -0.170586 0.508054
vt -0.187529 0.523938
vt -0.190721 0.507712
vt -0.172291 -0.062395
vt -0.187529 -0.079241
vt -0.171286 -0.082169
vt -0.063595 0.507570
vt -0.079241 0.523938
vt -0.063252 0.527508
vt -0.200829 0.821201
vt -0.217887 0.836638
vt -0.201835 0.840975
vt 0.819959 -0.016352
vt 0.836638 -0.032310
vt 0.820332 -0.036006
vt -0.202534 -0.015867
vt -0.217887 -0.032310
vt -0.221954 -0.016210
vt -0.210850 0.820764
vt -0.227499 0.836218
vt -0.230486 0.819907
vt -0.211588 0.508054
vt -0.227499 0.523938
vt -0.211572 0.527850
vt 0.819564 0.507570
vt 0.836218 0.523938
vt 0.839702 0.507712
vt 1.200228 -0.002469
vt 1.216877 -0.017924
vt 1.200950 -0.022256
vt -0.001269 0.008206
vt -0.017924 -0.008162
vt -0.001612 -0.011732
vt 1.200966 0.007722
vt 1.216877 -0.008162
vt 1.220385 0.008064
vt 1.190207 -0.002907
vt 1.207265 -0.018343
vt 1.210126 -0.002037
vt 1.191912 0.531643
vt 1.207265 0.548086
vt 1.191212 0.551440
vt -0.001665 0.532128
vt -0.018343 0.548086
vt -0.021802 0.531986
vt 1.161668 0.880689
vt 1.176907 0.897536
vt 1.181304 0.881547
vt 1.159963 0.007722
vt 1.176907 -0.008162
vt 1.160663 -0.012074
vt 0.881889 0.008206
vt 0.897536 -0.008162
vt 0.901312 0.008064
vt 1.151647 0.880252
vt 1.167295 0.897116
vt 1.150926 0.900038
vt 0.881494 0.532128
vt 0.897116 0.548086
vt 0.881122 0.551782
vt 1.150910 0.531643
vt 1.167295 0.548086
vt 1.171045 0.531986
vt -0.316175 -0.108130
vt -0.332758 -0.123867
vt -0.335967 -0.107611
vt -0.316908 0.575888
vt -0.332758 0.559722
vt -0.316693 0.556089
vt -0.107397 0.575888
vt -0.123867 0.559722
vt -0.127404 0.575888
vt -0.316908 0.659888
vt -0.332758 0.676054
vt -0.336485 0.659888
vt -0.316693 -0.127922
vt -0.107397 0.659888
vt -0.123867 0.676054
vt -0.107611 0.679687
vt -0.287275 0.995492
vt -0.303013 1.012076
vt -0.286757 1.015284
vt 0.996225 0.575888
vt 1.012076 0.559722
vt 0.996010 0.556089
vt -0.286542 0.575888
vt -0.303013 0.559722
vt -0.306549 0.575888
vt -0.303012 1.012076
vt -0.307068 0.996010
vt -0.286542 0.659888
vt -0.303012 0.676054
vt -0.286757 0.679687
vt 0.996225 0.659888
vt 1.012076 0.676054
vt 1.015803 0.659888
vt 1.287275 -0.150117
vt 1.303013 -0.166701
vt 1.286757 -0.169910
vt -0.150850 0.575888
vt -0.166701 0.559722
vt -0.150636 0.556089
vt 1.286542 0.575888
vt 1.303013 0.559722
vt 1.306549 0.575888
vt 1.303012 -0.166701
vt 1.307068 -0.150636
vt 1.286542 0.659888
vt 1.303012 0.676054
vt 1.286757 0.679687
vt -0.150850 0.659888
vt -0.166701 0.676054
vt -0.170428 0.659888
vt 1.316175 0.953504
vt 1.332758 0.969241
vt 1.335967 0.952986
vt 1.316908 0.575888
vt 1.332758 0.559722
vt 1.316693 0.556089
vt 0.952771 0.575888
vt 0.969241 0.559722
vt 0.972778 0.575888
vt 1.332758 0.969241
vt 1.316693 0.973297
vt 0.952771 0.659888
vt 0.969241 0.676054
vt 0.952986 0.679687
vt 1.316908 0.659888
vt 1.332758 0.676054
vt 1.336485 0.659888
vt -0.302824 -0.108304
vt -0.319408 -0.124042
vt -0.322617 -0.107786
vt -0.303557 0.715888
vt -0.319408 0.699722
vt -0.303343 0.696089
vt -0.107571 0.715888
vt -0.124042 0.699722
vt -0.127578 0.715888
vt -0.303557 0.749888
vt -0.319408 0.766054
vt -0.323135 0.749888
vt -0.303343 -0.128097
vt -0.107571 0.749888
vt -0.124042 0.766054
vt -0.107786 0.769687
vt -0.300626 -0.024333
vt -0.316363 -0.007750
vt -0.300107 -0.004541
vt -0.023600 0.715888
vt -0.007750 0.699722
vt -0.023815 0.696089
vt -0.299893 0.715888
vt -0.316363 0.699722
vt -0.319900 0.715888
vt -0.316363 -0.007750
vt -0.320418 -0.023815
vt -0.299893 0.749888
vt -0.316363 0.766054
vt -0.300107 0.769687
vt -0.023600 0.749888
vt -0.007750 0.766054
vt -0.004023 0.749888
vt 1.300626 -0.150292
vt 1.316363 -0.166876
vt 1.300107 -0.170084
vt -0.151025 0.715888
vt -0.166876 0.699722
vt -0.150810 0.696089
vt 1.299893 0.715888
vt 1.316363 0.699722
vt 1.319900 0.715888
vt 1.316363 -0.166876
vt 1.320418 -0.150810
vt 1.299893 0.749888
vt 1.316363 0.766054
vt 1.300107 0.769687
vt -0.151025 0.749888
vt -0.166876 0.766054
vt -0.170603 0.749888
vt 1.302824 -0.066321
vt 1.319408 -0.050584
vt 1.322617 -0.066839
vt 1.303557 0.715888
vt 1.319408 0.699722
vt 1.303343 0.696089
vt -0.067054 0.715888
vt -0.050584 0.699722
vt -0.047047 0.715888
vt 1.303343 -0.046529
vt -0.067054 0.749888
vt -0.050584 0.766054
vt -0.066839 0.769687
vt 1.303557 0.749888
vt 1.319408 0.766054
vt 1.323135 0.749888
vt 0.001863 0.874000
vt -0.015178 0.857734
vt -0.017947 0.874323
vt 0.000275 0.709117
vt -0.015178 0.694044
vt 0.000793 0.690108
vt 0.873029 0.711557
vt 0.857734 0.694044
vt 0.852903 0.709832
vt -0.002297 1.270971
vt -0.017898 1.288107
vt -0.021642 1.271686
vt -0.000965 0.820038
vt -0.017898 0.805832
vt -0.001960 0.801055
vt 0.823940 1.273411
vt 0.805832 1.288107
vt 0.821788 1.293135
vt 0.008328 0.997359
vt -0.007027 1.013257
vt 0.009323 1.016342
vt 0.996387 0.722365
vt 1.013257 0.707669
vt 0.997681 0.702641
vt 0.009660 0.724805
vt -0.007027 0.707669
vt -0.010540 0.724090
vt 0.005500 0.943397
vt -0.009747 0.961355
vt -0.014235 0.945146
vt 0.007087 1.286659
vt -0.009747 1.301732
vt 0.006569 1.305668
vt 0.947299 1.284219
vt 0.961355 1.301732
vt 0.966566 1.285944
vt 0.994500 0.821978
vt 1.009747 0.804020
vt 0.993431 0.801568
vt 0.818076 0.711557
vt 0.804020 0.694044
vt 0.820228 0.691834
vt 0.992913 0.709117
vt 1.009747 0.694044
vt 1.013112 0.709832
vt 0.991672 0.768016
vt 1.007027 0.752118
vt 1.011482 0.767693
vt 0.990340 1.270971
vt 1.007027 1.288107
vt 0.990677 1.291409
vt 0.768987 1.273411
vt 0.752118 1.288107
vt 0.749720 1.271686
vt 1.000965 0.945337
vt 1.017898 0.959543
vt 1.020700 0.943587
vt 1.002297 0.724805
vt 1.017898 0.707669
vt 1.001960 0.704367
vt 0.941435 0.722365
vt 0.959543 0.707669
vt 0.961560 0.724090
vt 0.998137 0.891375
vt 1.015178 0.907641
vt 0.999207 0.911785
vt 0.892346 1.284219
vt 0.907641 1.301732
vt 0.891052 1.303942
vt 0.999725 1.286659
vt 1.015178 1.301732
vt 1.019069 1.285944
vt 0.736878 0.372324
vt 0.725447 0.352525
vt 0.717754 0.367200
vt 0.744125 0.715888
vt 0.725447 0.699722
vt 0.742003 0.696089
vt 0.365077 0.715888
vt 0.352525 0.699722
vt 0.348076 0.715888
vt 0.744125 0.749888
vt 0.725447 0.766054
vt 0.722878 0.749888
vt 0.742003 0.353200
vt 0.365077 0.749888
vt 0.352525 0.766054
vt 0.367200 0.769687
vt 0.722902 0.424484
vt 0.703103 0.435915
vt 0.717778 0.443609
vt 0.417237 0.715888
vt 0.435915 0.699722
vt 0.419360 0.696089
vt 0.715655 0.715888
vt 0.703103 0.699722
vt 0.698653 0.715888
vt 0.703778 0.419360
vt 0.715655 0.749888
vt 0.703103 0.766054
vt 0.717778 0.769687
vt 0.417237 0.749888
vt 0.435915 0.766054
vt 0.438484 0.749888
vt 0.933927 0.425124
vt 0.953726 0.413693
vt 0.939052 0.405999
vt 0.432370 0.715888
vt 0.413693 0.699722
vt 0.430248 0.696089
vt 0.941174 0.715888
vt 0.953726 0.699722
vt 0.958176 0.715888
vt 0.953052 0.430248
vt 0.941174 0.749888
vt 0.953726 0.766054
vt 0.939052 0.769687
vt 0.432370 0.749888
vt 0.413693 0.766054
vt 0.411124 0.749888
vt 0.919951 0.477283
vt 0.931382 0.497082
vt 0.939075 0.482408
vt 0.912704 0.715888
vt 0.931382 0.699722
vt 0.914827 0.696089
vt 0.484530 0.715888
vt 0.497082 0.699722
vt 0.501532 0.715888
vt 0.914827 0.496408
vt 0.484530 0.749888
vt 0.497082 0.766054
vt 0.482408 0.769687
vt 0.912704 0.749888
vt 0.931382 0.766054
vt 0.933951 0.749888
vt 0.587679 0.488997
vt 0.599110 0.469198
vt 0.582555 0.469873
vt 0.481750 0.715888
vt 0.469198 0.699722
vt 0.483873 0.696089
vt 0.580432 0.715888
vt 0.599110 0.699722
vt 0.601679 0.715888
vt 0.481750 0.749888
vt 0.469198 0.766054
vt 0.464748 0.749888
vt 0.606803 0.483873
vt 0.580432 0.749888
vt 0.599110 0.766054
vt 0.582555 0.769687
vt 0.535519 0.502973
vt 0.515720 0.491542
vt 0.516395 0.508098
vt 0.528272 0.715888
vt 0.515720 0.699722
vt 0.530395 0.696089
vt 0.510220 0.715888
vt 0.491542 0.699722
vt 0.488973 0.715888
vt 0.515720 0.491542
vt 0.530395 0.483849
vt 0.510220 0.749888
vt 0.491542 0.766054
vt 0.508098 0.769687
vt 0.528272 0.749888
vt 0.515720 0.766054
vt 0.511270 0.749888
vt 0.640478 0.686046
vt 0.660277 0.697477
vt 0.659602 0.680921
vt 0.647725 0.715888
vt 0.660277 0.699722
vt 0.645602 0.696089
vt 0.678799 0.715888
vt 0.697477 0.699722
vt 0.700046 0.715888
vt 0.660277 0.697477
vt 0.645602 0.705170
vt 0.678799 0.749888
vt 0.697477 0.766054
vt 0.680922 0.769687
vt 0.647725 0.749888
vt 0.660277 0.766054
vt 0.664727 0.749888
vt 0.588318 0.700022
vt 0.576887 0.719821
vt 0.593442 0.719146
vt 0.707269 0.715888
vt 0.719821 0.699722
vt 0.705146 0.696089
vt 0.595565 0.715888
vt 0.576887 0.699722
vt 0.574318 0.715888
vt 0.569194 0.705146
vt 0.595565 0.749888
vt 0.576887 0.766054
vt 0.593442 0.769687
vt 0.707269 0.749888
vt 0.719821 0.766054
vt 0.724271 0.749888
vt 0.350800 0.479360
vt 0.373662 0.479360
vt 0.364800 0.465360
vt 0.499159 0.715888
vt 0.479360 0.699722
vt 0.493360 0.696089
vt 0.459561 0.715888
vt 0.479360 0.715888
vt 0.499159 0.749888
vt 0.479360 0.766054
vt 0.479360 0.749888
vt 0.364800 0.493360
vt 0.459561 0.749888
vt 0.465360 0.769687
vt 0.312617 0.441176
vt 0.312617 0.418314
vt 0.298617 0.427176
vt 0.332416 0.715888
vt 0.312617 0.699722
vt 0.326617 0.696089
vt 0.292818 0.715888
vt 0.312617 0.715888
vt 0.326617 0.427176
vt 0.292818 0.749888
vt 0.312617 0.766054
vt 0.298617 0.769687
vt 0.332416 0.749888
vt 0.312617 0.749888
vt 0.206551 0.623610
vt 0.206551 0.646472
vt 0.220551 0.637610
vt 0.186752 0.715888
vt 0.206551 0.699722
vt 0.192551 0.696089
vt 0.226350 0.715888
vt 0.206551 0.715888
vt 0.192551 0.637610
vt 0.226350 0.749888
vt 0.206551 0.766054
vt 0.220551 0.769687
vt 0.186752 0.749888
vt 0.206551 0.749888
vt 0.168367 0.585426
vt 0.145505 0.585426
vt 0.154367 0.599426
vt 0.565627 0.715888
vt 0.585426 0.699722
vt 0.571426 0.696089
vt 0.605225 0.715888
vt 0.585426 0.715888
vt 0.168367 0.585426
vt 0.154367 0.571426
vt 0.605225 0.749888
vt 0.585426 0.766054
vt 0.599426 0.769687
vt 0.565627 0.749888
vt 0.585426 0.749888
vt 0.263122 0.353050
vt 0.274553 0.372849
vt 0.282246 0.358175
vt 0.255875 0.715888
vt 0.274553 0.699722
vt 0.257997 0.696089
vt 0.360297 0.715888
vt 0.372849 0.699722
vt 0.377299 0.715888
vt 0.255875 0.749888
vt 0.274553 0.766054
vt 0.277122 0.749888
vt 0.257997 0.372175
vt 0.360297 0.749888
vt 0.372849 0.766054
vt 0.358175 0.769687
vt 0.277098 0.300890
vt 0.296897 0.289459
vt 0.282222 0.281766
vt 0.308137 0.715888
vt 0.289459 0.699722
vt 0.306015 0.696089
vt 0.284345 0.715888
vt 0.296897 0.699722
vt 0.301347 0.715888
vt 0.296897 0.289459
vt 0.296222 0.306015
vt 0.284345 0.749888
vt 0.296897 0.766054
vt 0.282222 0.769687
vt 0.308137 0.749888
vt 0.289459 0.766054
vt 0.286890 0.749888
vt 0.066073 0.300251
vt 0.046274 0.311682
vt 0.060948 0.319376
vt 0.293004 0.715888
vt 0.311682 0.699722
vt 0.295127 0.696089
vt 0.058826 0.715888
vt 0.046274 0.699722
vt 0.041824 0.715888
vt 0.046948 0.295127
vt 0.058826 0.749888
vt 0.046274 0.766054
vt 0.060948 0.769687
vt 0.293004 0.749888
vt 0.311682 0.766054
vt 0.314251 0.749888
vt 0.080049 0.248091
vt 0.068618 0.228292
vt 0.060925 0.242967
vt 0.087296 0.715888
vt 0.068618 0.699722
vt 0.085173 0.696089
vt 0.240844 0.715888
vt 0.228292 0.699722
vt 0.223843 0.715888
vt 0.085173 0.228967
vt 0.240844 0.749888
vt 0.228292 0.766054
vt 0.242967 0.769687
vt 0.087296 0.749888
vt 0.068618 0.766054
vt 0.066049 0.749888
vt 0.412321 0.236378
vt 0.400890 0.256177
vt 0.417445 0.255502
vt 0.243625 0.715888
vt 0.256177 0.699722
vt 0.241502 0.696089
vt 0.419568 0.715888
vt 0.400890 0.699722
vt 0.398321 0.715888
vt 0.243625 0.749888
vt 0.256177 0.766054
vt 0.260626 0.749888
vt 0.393197 0.241502
vt 0.419568 0.749888
vt 0.400890 0.766054
vt 0.417445 0.769687
vt 0.464481 0.222402
vt 0.484280 0.233832
vt 0.483605 0.217277
vt 0.471728 0.715888
vt 0.484280 0.699722
vt 0.469605 0.696089
vt 0.215155 0.715888
vt 0.233832 0.699722
vt 0.236402 0.715888
vt 0.469605 0.241526
vt 0.215155 0.749888
vt 0.233832 0.766054
vt 0.217277 0.769687
vt 0.471728 0.749888
vt 0.484280 0.766054
vt 0.488730 0.749888
vt 0.359522 0.039329
vt 0.339723 0.027898
vt 0.340398 0.044453
vt 0.352275 0.715888
vt 0.339723 0.699722
vt 0.354398 0.696089
vt 0.046576 0.715888
vt 0.027898 0.699722
vt 0.025329 0.715888
vt 0.339723 0.027898
vt 0.354398 0.020204
vt 0.046576 0.749888
vt 0.027898 0.766054
vt 0.044453 0.769687
vt 0.352275 0.749888
vt 0.339723 0.766054
vt 0.335273 0.749888
vt 0.411682 0.025353
vt 0.423113 0.005554
vt 0.406558 0.006228
vt 0.018106 0.715888
vt 0.005554 0.699722
vt 0.020228 0.696089
vt 0.404435 0.715888
vt 0.423113 0.699722
vt 0.425682 0.715888
vt 0.430806 0.020228
vt 0.404435 0.749888
vt 0.423113 0.766054
vt 0.406558 0.769687
vt 0.018106 0.749888
vt 0.005554 0.766054
vt 0.001104 0.749888
vt 0.649199 0.246015
vt 0.626338 0.246015
vt 0.635200 0.260015
vt 0.226216 0.715888
vt 0.246015 0.699722
vt 0.232015 0.696089
vt 0.265814 0.715888
vt 0.246015 0.715888
vt 0.226216 0.749888
vt 0.246015 0.766054
vt 0.246015 0.749888
vt 0.635200 0.232015
vt 0.265814 0.749888
vt 0.260015 0.769687
vt 0.687383 0.284199
vt 0.687383 0.307060
vt 0.701383 0.298199
vt 0.667584 0.715888
vt 0.687383 0.699722
vt 0.673383 0.696089
vt 0.707182 0.715888
vt 0.687383 0.715888
vt 0.673383 0.298199
vt 0.707182 0.749888
vt 0.687383 0.766054
vt 0.701383 0.769687
vt 0.667584 0.749888
vt 0.687383 0.749888
vt 0.793449 0.101765
vt 0.793449 0.078903
vt 0.779449 0.087765
vt 0.813248 0.715888
vt 0.793449 0.699722
vt 0.807449 0.696089
vt 0.773650 0.715888
vt 0.793449 0.715888
vt 0.807449 0.087765
vt 0.773650 0.749888
vt 0.793449 0.766054
vt 0.779449 0.769687
vt 0.813248 0.749888
vt 0.793449 0.749888
vt 0.831633 0.139949
vt 0.854495 0.139949
vt 0.845633 0.125949
vt 0.159748 0.715888
vt 0.139949 0.699722
vt 0.153949 0.696089
vt 0.120150 0.715888
vt 0.139949 0.715888
vt 0.845633 0.153949
vt 0.120150 0.749888
vt 0.139949 0.766054
vt 0.125949 0.769687
vt 0.159748 0.749888
vt 0.139949 0.749888
vt -0.296622 -0.124237
vt -0.314225 -0.138826
vt -0.316335 -0.122391
vt -0.299233 0.705888
vt -0.314225 0.689722
vt -0.298468 0.686089
vt -0.121627 0.705888
vt -0.138826 0.689722
vt -0.142104 0.705888
vt -0.299233 0.949888
vt -0.314225 0.966054
vt -0.318181 0.949888
vt -0.298468 -0.143950
vt -0.121627 0.949888
vt -0.138826 0.966054
vt -0.122391 0.969687
vt -0.286925 -0.020691
vt -0.301513 -0.003088
vt -0.285079 -0.000978
vt -0.018080 0.705888
vt -0.003088 0.689722
vt -0.018844 0.686089
vt -0.284314 0.705888
vt -0.301513 0.689722
vt -0.304791 0.705888
vt -0.306638 -0.018844
vt -0.284314 0.949888
vt -0.301513 0.966054
vt -0.285079 0.969687
vt -0.018080 0.949888
vt -0.003088 0.966054
vt 0.000868 0.949888
vt -0.193075 -0.133935
vt -0.178487 -0.151537
vt -0.194921 -0.153647
vt -0.136545 0.705888
vt -0.151537 0.689722
vt -0.135781 0.686089
vt -0.195686 0.705888
vt -0.178487 0.689722
vt -0.175208 0.705888
vt -0.173362 -0.135781
vt -0.195686 0.949888
vt -0.178487 0.966054
vt -0.194921 0.969687
vt -0.136545 0.949888
vt -0.151537 0.966054
vt -0.155493 0.949888
vt -0.183378 -0.030388
vt -0.165775 -0.015800
vt -0.163665 -0.032234
vt -0.180767 0.705888
vt -0.165775 0.689722
vt -0.181532 0.686089
vt -0.032999 0.705888
vt -0.015800 0.689722
vt -0.012521 0.705888
vt -0.165775 -0.015800
vt -0.181532 -0.010675
vt -0.032999 0.949888
vt -0.015800 0.966054
vt -0.032234 0.969687
vt -0.180767 0.949888
vt -0.165775 0.966054
vt -0.161819 0.949888
vt 1.189039 -0.130332
vt 1.173197 -0.146814
vt 1.169244 -0.130724
vt 1.189594 0.705888
vt 1.173197 0.689722
vt 1.189431 0.686089
vt -0.130886 0.705888
vt -0.146814 0.689722
vt -0.150519 0.705888
vt 1.189594 0.949888
vt 1.173197 0.966054
vt 1.169636 0.949888
vt 1.189431 -0.150127
vt -0.130886 0.949888
vt -0.146814 0.966054
vt -0.130724 0.969687
vt 1.186981 -0.026352
vt 1.170498 -0.010509
vt 1.186589 -0.006557
vt -0.026906 0.705888
vt -0.010509 0.689722
vt -0.026744 0.686089
vt 1.186427 0.705888
vt 1.170498 0.689722
vt 1.166794 0.705888
vt 1.167186 -0.026744
vt 1.186427 0.949888
vt 1.170498 0.966054
vt 1.186589 0.969687
vt -0.026906 0.949888
vt -0.010509 0.966054
vt -0.006949 0.949888
vt 1.293019 -0.128273
vt 1.309502 -0.144116
vt 1.293411 -0.148068
vt -0.127719 0.705888
vt -0.144116 0.689722
vt -0.127881 0.686089
vt 1.293573 0.705888
vt 1.309502 0.689722
vt 1.313206 0.705888
vt 1.312814 -0.127881
vt 1.293573 0.949888
vt 1.309502 0.966054
vt 1.293411 0.969687
vt -0.127719 0.949888
vt -0.144116 0.966054
vt -0.147676 0.949888
vt 1.290961 -0.024294
vt 1.306803 -0.007811
vt 1.310755 -0.023902
vt 1.290406 0.705888
vt 1.306803 0.689722
vt 1.290569 0.686089
vt -0.023739 0.705888
vt -0.007811 0.689722
vt -0.004107 0.705888
vt 1.290569 -0.004498
vt -0.023739 0.949888
vt -0.007811 0.966054
vt -0.023902 0.969687
vt 1.290406 0.949888
vt 1.306803 0.966054
vt 1.310364 0.949888
vt 0.700639 0.431914
vt 0.705955 0.411035
vt 0.690298 0.416951
vt 0.726493 0.718700
vt 0.705955 0.705571
vt 0.717693 0.699288
vt 0.687751 0.723687
vt 0.708580 0.722060
vt 0.733078 0.780066
vt 0.715963 0.798829
vt 0.715165 0.783426
vt 0.713153 0.446783
vt 0.715963 0.422927
vt 0.728470 0.434352
vt 0.694337 0.785053
vt 0.701076 0.803239
vt 0.608921 0.496512
vt 0.587806 0.494248
vt 0.593603 0.508943
vt 0.477413 0.725293
vt 0.494248 0.707640
vt 0.481548 0.704420
vt 0.516155 0.721108
vt 0.495438 0.724233
vt 0.621434 0.511380
vt 0.597814 0.506140
vt 0.609357 0.494354
vt 0.523980 0.782474
vt 0.506140 0.800898
vt 0.521748 0.801886
vt 0.485238 0.786659
vt 0.503263 0.785599
vt 0.725480 0.467363
vt 0.749100 0.472604
vt 0.742534 0.456995
vt 0.493506 0.707330
vt 0.472604 0.693090
vt 0.484390 0.689143
vt 0.454764 0.711514
vt 0.475481 0.708389
vt 0.737994 0.482232
vt 0.759108 0.484496
vt 0.748334 0.497196
vt 0.462589 0.772880
vt 0.484496 0.786348
vt 0.469801 0.792527
vt 0.501331 0.768696
vt 0.483306 0.769755
vt 0.633762 0.531961
vt 0.630951 0.555817
vt 0.645839 0.548988
vt 0.613836 0.713922
vt 0.630951 0.695159
vt 0.618444 0.694275
vt 0.652577 0.708936
vt 0.631749 0.710562
vt 0.646275 0.546829
vt 0.640959 0.567709
vt 0.629222 0.557197
vt 0.659163 0.770302
vt 0.640959 0.788417
vt 0.656616 0.791174
vt 0.620422 0.775288
vt 0.638335 0.771928
vt 0.217037 0.456315
vt 0.234828 0.443717
vt 0.219159 0.437911
vt 0.463083 0.725726
vt 0.443717 0.712009
vt 0.459545 0.706205
vt 0.219997 0.729804
vt 0.234828 0.712009
vt 0.238792 0.728470
vt 0.465691 0.744996
vt 0.450661 0.763318
vt 0.445305 0.747740
vt 0.216847 0.466434
vt 0.234697 0.450661
vt 0.236550 0.467464
vt 0.219948 0.749074
vt 0.234697 0.763318
vt 0.219011 0.767598
vt 0.169970 0.451221
vt 0.155619 0.435143
vt 0.150266 0.450190
vt 0.172930 0.730374
vt 0.155619 0.712967
vt 0.172092 0.709658
vt 0.451963 0.726970
vt 0.435143 0.712967
vt 0.433342 0.729516
vt 0.169779 0.461340
vt 0.155488 0.442088
vt 0.171943 0.440735
vt 0.454571 0.746239
vt 0.442088 0.764277
vt 0.458109 0.765761
vt 0.172881 0.749643
vt 0.155488 0.764277
vt 0.152310 0.748786
vt 0.200231 0.609266
vt 0.214522 0.628517
vt 0.219893 0.612496
vt 0.197130 0.701578
vt 0.214522 0.686945
vt 0.198068 0.683054
vt 0.616034 0.704982
vt 0.628517 0.686945
vt 0.634656 0.702436
vt 0.200041 0.619385
vt 0.214392 0.635462
vt 0.197919 0.637789
vt 0.618642 0.724252
vt 0.635462 0.738254
vt 0.620415 0.743971
vt 0.197081 0.720848
vt 0.214392 0.738254
vt 0.217651 0.721706
vt 0.153164 0.604171
vt 0.135313 0.619944
vt 0.151000 0.624775
vt 0.604914 0.706226
vt 0.619944 0.687904
vt 0.603141 0.686507
vt 0.150062 0.702148
vt 0.135313 0.687904
vt 0.131267 0.703482
vt 0.152973 0.614290
vt 0.135183 0.626889
vt 0.133312 0.611060
vt 0.150013 0.721418
vt 0.135183 0.739213
vt 0.150851 0.742134
vt 0.607522 0.725496
vt 0.626889 0.739213
vt 0.627909 0.722752
vt 0.799749 0.390552
vt 0.808675 0.370517
vt 0.792307 0.374879
vt 0.829736 0.715957
vt 0.808675 0.705431
vt 0.818523 0.697724
vt 0.792661 0.725584
vt 0.813511 0.721505
vt 0.844284 0.783018
vt 0.829997 0.803720
vt 0.828059 0.788566
vt 0.826031 0.409670
vt 0.829997 0.386027
vt 0.841368 0.398596
vt 0.807209 0.792646
vt 0.815152 0.809839
vt 0.707985 0.443408
vt 0.689059 0.439415
vt 0.692648 0.454481
vt 0.423742 0.737150
vt 0.439415 0.720507
vt 0.427735 0.716098
vt 0.461568 0.733603
vt 0.440576 0.737370
vt 0.734266 0.462525
vt 0.710382 0.454925
vt 0.723388 0.444352
vt 0.472150 0.800665
vt 0.454925 0.818797
vt 0.471099 0.818898
vt 0.434325 0.804212
vt 0.451158 0.804432
vt 0.830062 0.446551
vt 0.853946 0.454151
vt 0.848835 0.437977
vt 0.848883 0.474751
vt 0.840940 0.464724
vt 0.436926 0.700544
vt 0.454151 0.682412
vt 0.457918 0.696777
vt 0.856343 0.465668
vt 0.875269 0.469662
vt 0.863785 0.481342
vt 0.447508 0.767606
vt 0.469662 0.780702
vt 0.454595 0.787619
vt 0.485334 0.764059
vt 0.468500 0.763839
vt 0.738297 0.499407
vt 0.734331 0.523049
vt 0.749176 0.517580
vt 0.517567 0.718191
vt 0.523049 0.697489
vt 0.510480 0.698177
vt 0.757119 0.708564
vt 0.734331 0.697489
vt 0.736269 0.712642
vt 0.764579 0.518524
vt 0.755653 0.538559
vt 0.745805 0.527098
vt 0.771667 0.775625
vt 0.755653 0.795778
vt 0.772021 0.796678
vt 0.734592 0.785253
vt 0.750817 0.779704
vt 0.656469 0.536887
vt 0.648225 0.516670
vt 0.639756 0.531296
vt 0.670155 0.728661
vt 0.648225 0.717321
vt 0.663518 0.710051
vt 0.528638 0.736897
vt 0.516670 0.717321
vt 0.511845 0.733538
vt 0.680281 0.772153
vt 0.665680 0.792296
vt 0.659560 0.777030
vt 0.679290 0.534786
vt 0.665680 0.515063
vt 0.682620 0.515919
vt 0.527706 0.780389
vt 0.515063 0.792296
vt 0.529538 0.797926
vt 0.639336 0.599745
vt 0.622618 0.610618
vt 0.636006 0.618612
vt 0.591497 0.742233
vt 0.610618 0.725296
vt 0.594155 0.721211
vt 0.638345 0.738567
vt 0.622618 0.725296
vt 0.621923 0.742106
vt 0.662157 0.597645
vt 0.640073 0.609011
vt 0.641726 0.592396
vt 0.648471 0.782060
vt 0.640073 0.800271
vt 0.655109 0.800669
vt 0.590565 0.785725
vt 0.609011 0.800271
vt 0.611848 0.785598
vt 0.807771 0.581036
vt 0.829855 0.569669
vt 0.814820 0.561826
vt 0.588115 0.690716
vt 0.569669 0.676170
vt 0.586284 0.673180
vt 0.821457 0.694381
vt 0.829855 0.676170
vt 0.837880 0.690843
vt 0.830592 0.578935
vt 0.847310 0.568062
vt 0.847305 0.584525
vt 0.831583 0.737874
vt 0.847310 0.751146
vt 0.833922 0.757822
vt 0.587183 0.734209
vt 0.568062 0.751146
vt 0.565900 0.734336
vt 0.790638 0.643894
vt 0.804248 0.663617
vt 0.811070 0.649142
vt 0.789647 0.704288
vt 0.804248 0.684145
vt 0.787308 0.684340
vt 0.650974 0.696052
vt 0.663617 0.684145
vt 0.667768 0.699411
vt 0.813459 0.641794
vt 0.821704 0.662010
vt 0.806411 0.661003
vt 0.650042 0.739544
vt 0.662010 0.759120
vt 0.647384 0.760566
vt 0.799773 0.747781
vt 0.821704 0.759120
vt 0.820495 0.742903
vt 0.412084 0.784452
vt 0.429295 0.767421
vt 0.412857 0.763995
vt 0.782163 0.708038
vt 0.767421 0.691664
vt 0.783879 0.689183
vt 0.414731 0.708145
vt 0.429295 0.691664
vt 0.434442 0.707019
vt 0.779310 0.739419
vt 0.761654 0.755099
vt 0.759523 0.738400
vt 0.420386 0.776550
vt 0.435355 0.761654
vt 0.439319 0.777456
vt 0.417729 0.739525
vt 0.435355 0.755099
vt 0.419606 0.759897
vt 0.388635 0.784254
vt 0.373660 0.766952
vt 0.369702 0.783348
vt 0.391282 0.710367
vt 0.373660 0.696937
vt 0.389408 0.691481
vt 0.781495 0.715544
vt 0.766952 0.696937
vt 0.761846 0.712977
vt 0.396937 0.776353
vt 0.379720 0.761184
vt 0.396157 0.757374
vt 0.778641 0.746924
vt 0.761184 0.760371
vt 0.776926 0.765779
vt 0.394280 0.741748
vt 0.379720 0.760371
vt 0.374571 0.744358
vt 0.412101 0.877582
vt 0.429318 0.892750
vt 0.432587 0.877009
vt 0.414758 0.721681
vt 0.429318 0.703057
vt 0.412881 0.701309
vt 0.875293 0.716504
vt 0.892750 0.703057
vt 0.894942 0.719070
vt 0.420403 0.869681
vt 0.435378 0.886983
vt 0.419630 0.890138
vt 0.872440 0.747885
vt 0.886983 0.766492
vt 0.870586 0.768287
vt 0.417756 0.753061
vt 0.435378 0.766492
vt 0.437464 0.750451
vt 0.388651 0.877384
vt 0.373682 0.892281
vt 0.389432 0.896363
vt 0.874625 0.724010
vt 0.892281 0.708330
vt 0.876479 0.703607
vt 0.391308 0.723903
vt 0.373682 0.708330
vt 0.371597 0.725028
vt 0.396954 0.869483
vt 0.379742 0.886514
vt 0.376467 0.870056
vt 0.394306 0.755283
vt 0.379742 0.771764
vt 0.396180 0.774170
vt 0.871772 0.755390
vt 0.886514 0.771764
vt 0.891559 0.756409
vt 0.597499 1.057033
vt 0.608326 1.038616
vt 0.592441 1.037997
vt 1.052922 -0.109508
vt 1.038616 -0.126968
vt 1.053599 -0.130298
vt 0.588026 -0.113169
vt 0.608326 -0.126968
vt 0.608848 -0.110384
vt 1.054919 -0.066060
vt 1.042082 -0.051548
vt 1.037087 -0.066936
vt 0.583360 1.061575
vt 0.597536 1.042082
vt 0.603729 1.057396
vt 0.581810 -0.069721
vt 0.597536 -0.051548
vt 0.580623 -0.050280
vt 0.471226 1.082059
vt 0.450686 1.069858
vt 0.450857 1.086239
vt 0.461753 -0.132384
vt 0.450686 -0.150957
vt 0.466168 -0.152102
vt 1.088715 -0.136991
vt 1.069858 -0.150957
vt 1.067730 -0.135445
vt 0.457088 1.086601
vt 0.439896 1.073324
vt 0.454350 1.066820
vt 1.090712 -0.093543
vt 1.073324 -0.075536
vt 1.090035 -0.072753
vt 0.455537 -0.088936
vt 0.439896 -0.075536
vt 0.437943 -0.091997
vt 0.611923 1.128861
vt 0.629114 1.142137
vt 0.629971 1.125427
vt 0.613473 -0.115352
vt 0.629114 -0.128752
vt 0.614660 -0.134793
vt 1.124749 -0.110746
vt 1.142137 -0.128752
vt 1.145735 -0.112291
vt 0.597784 1.133403
vt 0.618324 1.145604
vt 0.602842 1.152439
vt 1.126746 -0.067298
vt 1.145604 -0.053331
vt 1.129223 -0.048929
vt 0.607257 -0.071904
vt 0.618324 -0.053331
vt 0.624851 -0.068843
vt 0.485650 1.153886
vt 0.471474 1.173380
vt 0.488387 1.173668
vt 1.160543 -0.138228
vt 1.173380 -0.152740
vt 1.158066 -0.156597
vt 0.487200 -0.134567
vt 0.471474 -0.152740
vt 0.466378 -0.137352
vt 0.471511 1.158429
vt 0.460684 1.176846
vt 0.453463 1.161863
vt 0.480985 -0.091119
vt 0.460684 -0.077320
vt 0.476569 -0.071402
vt 1.162540 -0.094780
vt 1.176846 -0.077320
vt 1.180372 -0.093904
vt 1.402874 1.034474
vt 1.423400 1.040457
vt 1.418764 1.024608
vt 1.059217 -0.112252
vt 1.040457 -0.126907
vt 1.051710 -0.132251
vt 1.020887 -0.110181
vt 1.042103 -0.110284
vt 1.061341 -0.017996
vt 1.043303 -0.000573
vt 1.044227 -0.016028
vt 1.384284 1.037850
vt 1.407724 1.043303
vt 1.395317 1.054720
vt 1.023011 -0.015925
vt 1.027617 0.002756
vt 1.365111 0.970225
vt 1.369269 0.948360
vt 1.354078 0.953356
vt 1.385564 -0.113419
vt 1.369269 -0.131549
vt 1.381001 -0.134025
vt 1.347489 -0.117921
vt 1.368541 -0.115241
vt 1.346521 0.973601
vt 1.353593 0.951207
vt 1.364430 0.963368
vt 1.335793 -0.023664
vt 1.353593 -0.005215
vt 1.337507 -0.003665
vt 1.373868 -0.019163
vt 1.356845 -0.020985
vt 1.277008 1.109326
vt 1.269936 1.131720
vt 1.286021 1.126563
vt 1.249661 -0.134058
vt 1.269936 -0.148006
vt 1.259099 -0.152739
vt 1.287735 -0.129557
vt 1.266684 -0.132236
vt 1.258418 1.112702
vt 1.254260 1.134567
vt 1.242528 1.122569
vt 1.276040 -0.035300
vt 1.254260 -0.021672
vt 1.269450 -0.016013
vt 1.237965 -0.039802
vt 1.254988 -0.037980
vt 1.239244 1.045077
vt 1.215805 1.039624
vt 1.221335 1.055311
vt 1.021587 -0.135226
vt 1.039624 -0.152648
vt 1.028208 -0.154513
vt 1.059916 -0.137296
vt 1.038701 -0.137193
vt 1.220654 1.048453
vt 1.200129 1.042471
vt 1.211641 1.031217
vt 1.062040 -0.043040
vt 1.042471 -0.026314
vt 1.058320 -0.022434
vt 1.023711 -0.040969
vt 1.040825 -0.042937
vt 1.222268 0.381870
vt 1.242847 0.392015
vt 1.241395 0.375662
vt 1.231410 -0.122580
vt 1.242847 -0.139725
vt 1.228400 -0.142605
vt 0.372420 -0.124540
vt 0.392015 -0.139725
vt 0.393743 -0.123612
vt 1.233410 -0.052849
vt 1.245773 -0.037703
vt 1.249859 -0.053881
vt 1.225872 0.376727
vt 1.245773 0.387840
vt 1.231534 0.395953
vt 0.369566 -0.054809
vt 0.387840 -0.037703
vt 0.371189 -0.034711
vt 1.181053 0.249850
vt 1.192002 0.229147
vt 1.175390 0.230625
vt 0.240401 -0.128761
vt 0.229147 -0.144933
vt 0.243642 -0.148212
vt 1.173514 -0.128509
vt 1.192002 -0.144933
vt 1.194849 -0.129041
vt 1.184657 0.244708
vt 1.194928 0.224972
vt 1.203314 0.239170
vt 1.175514 -0.058778
vt 1.194928 -0.042910
vt 1.178524 -0.038754
vt 0.237547 -0.059030
vt 0.224972 -0.042910
vt 0.221089 -0.059310
vt 1.150962 0.404036
vt 1.140691 0.423772
vt 1.157094 0.422592
vt 0.411197 -0.119376
vt 0.423772 -0.135496
vt 0.409574 -0.139474
vt 1.160104 -0.119628
vt 1.140691 -0.135496
vt 1.138770 -0.119096
vt 1.154566 0.398894
vt 1.143617 0.419597
vt 1.135439 0.405102
vt 1.162104 -0.049897
vt 1.143617 -0.033473
vt 1.160229 -0.030373
vt 0.408343 -0.049645
vt 0.419597 -0.033473
vt 0.424801 -0.049365
vt 1.109747 0.272017
vt 1.089846 0.260904
vt 1.091090 0.277555
vt 1.102209 -0.125557
vt 1.089846 -0.140703
vt 1.104084 -0.145081
vt 0.279178 -0.123597
vt 0.260904 -0.140703
vt 0.257855 -0.124525
vt 1.113351 0.266874
vt 1.092772 0.256729
vt 1.107219 0.248319
vt 0.276324 -0.053865
vt 0.256729 -0.038680
vt 0.273082 -0.034415
vt 1.104209 -0.055826
vt 1.092772 -0.038680
vt 1.087760 -0.054793
vt 0.047091 1.042615
vt 0.045986 1.021747
vt 0.032762 1.031850
vt 0.067977 -0.114676
vt 0.045986 -0.127825
vt 0.060320 -0.134321
vt 0.029004 -0.110134
vt 0.047530 -0.111181
vt 0.070391 -0.096815
vt 0.052691 -0.078210
vt 0.049944 -0.093320
vt 0.056938 1.052515
vt 0.052691 1.028489
vt 0.067990 1.035788
vt 0.031417 -0.092273
vt 0.040432 -0.074358
vt -0.052836 1.171281
vt -0.073767 1.175941
vt -0.063888 1.188008
vt 1.158245 -0.114111
vt 1.175941 -0.132591
vt 1.160516 -0.135086
vt 1.197125 -0.120020
vt 1.178790 -0.116125
vt -0.042989 1.181181
vt -0.067061 1.182682
vt -0.059495 1.168227
vt 1.199552 -0.102159
vt 1.182682 -0.082976
vt 1.195719 -0.082514
vt 1.160672 -0.096250
vt 1.181217 -0.098264
vt 0.102180 1.084992
vt 0.126252 1.083490
vt 0.115409 1.070454
vt 1.105500 -0.133788
vt 1.083490 -0.147062
vt 1.097946 -0.151703
vt 1.066621 -0.127879
vt 1.084955 -0.131774
vt 0.112027 1.094891
vt 0.132957 1.090232
vt 0.126356 1.105657
vt 1.069047 -0.110018
vt 1.090232 -0.097447
vt 1.078165 -0.090773
vt 1.107927 -0.115927
vt 1.087382 -0.113914
vt 0.002253 1.213657
vt 0.006500 1.237684
vt 0.018759 1.226611
vt -0.011200 -0.133223
vt 0.006500 -0.151828
vt -0.008799 -0.152468
vt 0.027773 -0.137765
vt 0.009247 -0.136718
vt 0.012100 1.223557
vt 0.013205 1.244425
vt -0.001129 1.238095
vt 0.030187 -0.119905
vt 0.013205 -0.102214
vt 0.026429 -0.098929
vt -0.008786 -0.115362
vt 0.011661 -0.118857
vt -0.147502 0.653496
vt -0.144615 0.632746
vt -0.159530 0.640113
vt -0.123581 -0.113595
vt -0.144615 -0.126865
vt -0.131748 -0.133267
vt -0.162870 -0.109236
vt -0.142615 -0.110224
vt -0.113301 -0.012590
vt -0.131100 0.005929
vt -0.132335 -0.009218
vt -0.131618 0.677695
vt -0.131100 0.653336
vt -0.117505 0.663454
vt -0.152590 -0.008231
vt -0.145287 0.009754
vt -0.186127 0.687095
vt -0.207626 0.687558
vt -0.200239 0.701336
vt 0.670669 -0.110515
vt 0.687558 -0.128951
vt 0.673712 -0.131463
vt 0.709735 -0.116272
vt 0.689721 -0.112491
vt -0.170242 0.711294
vt -0.194110 0.708148
vt -0.183911 0.695410
vt 0.725396 -0.015267
vt 0.708148 0.003844
vt 0.723034 0.004405
vt 0.686330 -0.009510
vt 0.705382 -0.011485
vt -0.087749 0.721553
vt -0.063882 0.724699
vt -0.071995 0.709813
vt 0.746517 -0.135987
vt 0.724699 -0.149340
vt 0.737437 -0.153972
vt 0.707451 -0.130229
vt 0.727465 -0.134011
vt -0.071865 0.745752
vt -0.050366 0.745289
vt -0.059838 0.759135
vt 0.723112 -0.029224
vt 0.745289 -0.016545
vt 0.731511 -0.009962
vt 0.762178 -0.034981
vt 0.743126 -0.033005
vt -0.126373 0.755152
vt -0.126892 0.779511
vt -0.112705 0.771036
vt -0.144690 -0.132906
vt -0.126892 -0.151426
vt -0.140486 -0.152168
vt -0.105402 -0.137265
vt -0.125657 -0.136278
vt -0.110489 0.779351
vt -0.113376 0.800101
vt -0.126243 0.791091
vt -0.095121 -0.036260
vt -0.113376 -0.018631
vt -0.098462 -0.015311
vt -0.134410 -0.031901
vt -0.115376 -0.035272
vt -0.282767 0.653247
vt -0.259250 0.651012
vt -0.268115 0.638071
vt 0.666203 -0.126076
vt 0.651012 -0.146722
vt 0.665223 -0.146351
vt 0.627804 -0.135733
vt 0.647232 -0.131345
vt 0.641047 -0.025701
vt 0.618010 -0.015040
vt 0.622076 -0.030969
vt -0.273372 0.614501
vt -0.251248 0.618010
vt -0.260076 0.630457
vt 0.602648 -0.035358
vt 0.603305 -0.014460
vt -0.332813 0.602523
vt -0.331798 0.577482
vt -0.346110 0.586567
vt -0.311127 -0.145404
vt -0.331798 -0.160742
vt -0.318161 -0.162850
vt -0.350652 -0.143278
vt -0.330775 -0.146341
vt -0.323419 0.563777
vt -0.323796 0.544480
vt -0.309732 0.552581
vt -0.344553 -0.042903
vt -0.323796 -0.029059
vt -0.337680 -0.022629
vt -0.305027 -0.045029
vt -0.324676 -0.045966
vt -0.365811 0.730527
vt -0.365434 0.749825
vt -0.351549 0.742503
vt -0.384202 -0.099536
vt -0.365434 -0.115506
vt -0.379498 -0.120433
vt -0.344677 -0.101662
vt -0.364554 -0.098599
vt -0.356417 0.691782
vt -0.357432 0.716823
vt -0.371069 0.706958
vt -0.338577 -0.001287
vt -0.357432 0.016177
vt -0.343120 0.016782
vt -0.378103 0.000839
vt -0.358454 0.001776
vt -0.415858 0.679803
vt -0.437981 0.676295
vt -0.429545 0.690999
vt 0.653258 -0.118864
vt 0.676295 -0.129525
vt 0.663847 -0.136933
vt 0.691656 -0.109207
vt 0.672229 -0.113596
vt -0.406463 0.641058
vt -0.429979 0.643293
vt -0.420725 0.629082
vt 0.666500 -0.008832
vt 0.643293 0.002157
vt 0.656234 0.008614
vt 0.628102 -0.018489
vt 0.647073 -0.013221
vt -0.089873 0.387263
vt -0.072041 0.378187
vt -0.084531 0.368834
vt 0.397504 -0.107375
vt 0.378187 -0.124347
vt 0.394565 -0.128393
vt 0.361115 -0.111061
vt 0.376076 -0.107545
vt 0.397252 -0.060307
vt 0.377765 -0.045771
vt 0.375824 -0.060476
vt -0.113258 0.386718
vt -0.090119 0.377765
vt -0.093510 0.394106
vt -0.096826 -0.063993
vt -0.090119 -0.045771
vt -0.104239 -0.045341
vt -0.121082 0.374462
vt -0.132496 0.353391
vt -0.140830 0.367073
vt -0.117206 -0.118310
vt -0.132496 -0.138389
vt -0.115741 -0.138248
vt -0.152687 -0.126390
vt -0.138089 -0.123113
vt -0.144467 0.373917
vt -0.150574 0.352969
vt -0.135448 0.355574
vt 0.363675 -0.079321
vt 0.352969 -0.059813
vt 0.366614 -0.058304
vt -0.128035 -0.071242
vt -0.150574 -0.059813
vt -0.148918 -0.076045
vt -0.151021 0.543839
vt -0.144915 0.564787
vt -0.134951 0.551142
vt -0.167453 -0.128684
vt -0.144915 -0.140113
vt -0.160040 -0.147335
vt 0.554081 -0.120604
vt 0.564787 -0.140113
vt 0.569424 -0.123880
vt -0.174406 0.543294
vt -0.162993 0.564366
vt -0.179748 0.561723
vt 0.553829 -0.073536
vt 0.564366 -0.061536
vt 0.550683 -0.055964
vt -0.178283 -0.081615
vt -0.162993 -0.061536
vt -0.157399 -0.076812
vt -0.182231 0.531039
vt -0.205369 0.539991
vt -0.191249 0.549382
vt 0.520504 -0.139619
vt 0.539991 -0.154155
vt 0.523650 -0.157190
vt -0.198663 -0.135933
vt -0.205369 -0.154155
vt -0.213598 -0.139449
vt -0.205616 0.530494
vt -0.223448 0.539570
vt -0.221686 0.523191
vt -0.209492 -0.088864
vt -0.223448 -0.075578
vt -0.210957 -0.068926
vt 0.520252 -0.092550
vt 0.539570 -0.075578
vt 0.541680 -0.092381
vt -0.220748 0.820332
vt -0.062827 -0.036006
vt -0.181667 -0.016210
vt -0.083017 0.507712
vt -0.191927 -0.063252
vt 0.819907 0.527508
vt -0.231007 0.507712
vt 0.840097 -0.016210
vt 1.160663 0.900463
vt -0.201835 -0.035663
vt -0.211572 0.840550
vt 0.900917 0.531986
vt 1.180098 0.008064
vt 1.219863 -0.001612
vt 1.171566 0.881122
vt -0.002037 0.551782
vt 1.211332 0.531986
vt -0.161548 -0.081744
vt 1.200950 -0.012074
vt 1.191212 -0.022681
vt -0.171286 0.527850
vt -0.307068 0.996010
vt -0.107611 0.556089
vt -0.336485 0.575888
vt 0.996010 0.679687
vt -0.306549 0.659888
vt 1.015803 0.575888
vt 1.316693 0.973297
vt -0.286757 0.556089
vt -0.286757 1.015284
vt 1.316693 0.679687
vt 0.972778 0.659888
vt 1.336485 0.575888
vt 1.307068 -0.150636
vt 0.952986 0.556089
vt 1.335967 0.952986
vt 1.306549 0.659888
vt -0.170428 0.575888
vt 1.286757 0.556089
vt 1.286757 -0.169910
vt -0.316693 0.679687
vt -0.320418 -0.023815
vt -0.107786 0.696089
vt -0.323135 0.715888
vt -0.127578 0.749888
vt -0.023815 0.769687
vt -0.319900 0.749888
vt -0.300107 0.696089
vt -0.300107 -0.004541
vt -0.047047 0.749888
vt 1.323135 0.715888
vt -0.150810 0.769687
vt 1.319900 0.749888
vt 1.300107 0.696089
vt 1.300107 -0.170084
vt -0.303343 0.769687
vt -0.011482 0.997681
vt -0.019069 0.709832
vt -0.020700 0.821788
vt 0.945146 1.303942
vt -0.013112 1.285944
vt 1.001960 0.964320
vt 0.009323 0.704367
vt 0.006569 0.963807
vt 0.999207 1.305668
vt 0.912472 1.285944
vt 1.021642 0.724090
vt 1.014235 0.820228
vt 0.943587 0.702641
vt 1.017946 0.891052
vt 0.767693 1.293135
vt 1.010540 1.271686
vt 0.798808 0.709832
vt 0.000793 0.853590
vt 0.993431 0.690108
vt 0.990677 0.749033
vt -0.001960 1.291409
vt 0.367200 0.696089
vt 0.722878 0.715888
vt 0.348076 0.749888
vt 0.419360 0.769687
vt 0.698653 0.749888
vt 0.438484 0.715888
vt 0.717778 0.696089
vt 0.914827 0.769687
vt 0.501532 0.749888
vt 0.933951 0.715888
vt 0.482408 0.696089
vt 0.430248 0.769687
vt 0.958176 0.749888
vt 0.742003 0.769687
vt 0.530395 0.483849
vt 0.464748 0.715888
vt 0.601679 0.749888
vt 0.530395 0.769687
vt 0.488973 0.749888
vt 0.511270 0.715888
vt 0.705146 0.769687
vt 0.574318 0.749888
vt 0.724271 0.715888
vt 0.645602 0.705170
vt 0.645602 0.769687
vt 0.700046 0.749888
vt 0.680921 0.696089
vt 0.659602 0.680922
vt 0.483873 0.769687
vt 0.465360 0.696089
vt 0.421377 0.715888
vt 0.427176 0.696089
vt 0.427176 0.769687
vt 0.421377 0.749888
vt 0.599426 0.696089
vt 0.643409 0.715888
vt 0.637610 0.696089
vt 0.643409 0.749888
vt 0.220551 0.696089
vt 0.370599 0.715888
vt 0.364800 0.696089
vt 0.493360 0.769687
vt 0.637610 0.769687
vt 0.358175 0.696089
vt 0.277122 0.715888
vt 0.377299 0.749888
vt 0.306015 0.769687
vt 0.301347 0.749888
vt 0.286890 0.715888
vt 0.085173 0.769687
vt 0.223843 0.749888
vt 0.066049 0.715888
vt 0.242967 0.696089
vt 0.295127 0.769687
vt 0.041824 0.749888
vt 0.314251 0.715888
vt 0.257997 0.769687
vt 0.260626 0.715888
vt 0.398321 0.749888
vt 0.469605 0.769687
vt 0.236402 0.749888
vt 0.488730 0.715888
vt 0.430806 0.020228
vt 0.020228 0.769687
vt 0.425682 0.749888
vt 0.001104 0.715888
vt 0.354398 0.020205
vt 0.406558 0.696089
vt 0.406558 0.006228
vt 0.354398 0.769687
vt 0.025329 0.749888
vt 0.340398 0.044453
vt 0.241502 0.769687
vt 0.629401 0.715888
vt 0.673383 0.769687
vt 0.629401 0.749888
vt 0.635200 0.769687
vt 0.298199 0.696089
vt 0.298199 0.769687
vt 0.303998 0.749888
vt 0.851432 0.715888
vt 0.807449 0.769687
vt 0.851432 0.749888
vt 0.845633 0.769687
vt 0.087765 0.696089
vt 0.232015 0.769687
vt 0.081966 0.749888
vt 0.087765 0.769687
vt -0.122391 0.686089
vt -0.318181 0.705888
vt -0.142104 0.949888
vt -0.304791 0.949888
vt -0.181532 -0.010675
vt -0.012521 0.949888
vt -0.032234 0.686089
vt -0.163665 -0.032234
vt -0.135781 0.969687
vt -0.175208 0.949888
vt -0.194921 0.686089
vt -0.298468 0.969687
vt -0.130724 0.686089
vt 1.169636 0.705888
vt -0.150519 0.949888
vt -0.026744 0.969687
vt 1.166794 0.949888
vt 1.290569 0.969687
vt -0.004107 0.949888
vt -0.127881 0.969687
vt 1.313206 0.949888
vt 1.293411 0.686089
vt 1.189431 0.969687
vt 0.598580 0.481548
vt 0.690298 0.702814
vt 0.596033 0.725293
vt 0.598580 0.704420
vt 0.701076 0.429756
vt 0.609357 0.804845
vt 0.618444 0.544392
vt 0.544392 0.694275
vt 0.551604 0.713922
vt 0.604381 0.521748
vt 0.559429 0.775288
vt 0.737557 0.484390
vt 0.645839 0.690749
vt 0.744296 0.707330
vt 0.737557 0.689143
vt 0.656616 0.561793
vt 0.748334 0.789568
vt 0.717693 0.421546
vt 0.421546 0.699288
vt 0.419315 0.718700
vt 0.753311 0.469801
vt 0.427140 0.780066
vt 0.172092 0.432816
vt 0.219159 0.709088
vt 0.442697 0.728470
vt 0.219011 0.445830
vt 0.435950 0.748786
vt 0.152359 0.729516
vt 0.133460 0.603141
vt 0.450190 0.707251
vt 0.150117 0.458109
vt 0.611060 0.745017
vt 0.131218 0.722752
vt 0.198068 0.629870
vt 0.150851 0.632694
vt 0.637264 0.721706
vt 0.236699 0.459545
vt 0.612496 0.685461
vt 0.219744 0.620415
vt 0.467464 0.764715
vt 0.700543 0.427735
vt 0.792307 0.704531
vt 0.700897 0.737150
vt 0.700543 0.716098
vt 0.815152 0.391497
vt 0.715445 0.804212
vt 0.722960 0.510480
vt 0.715493 0.471099
vt 0.527098 0.803485
vt 0.840940 0.679804
vt 0.848883 0.696997
vt 0.772021 0.534197
vt 0.863785 0.785111
vt 0.474751 0.696997
vt 0.818523 0.381979
vt 0.437977 0.682312
vt 0.380927 0.715957
vt 0.381979 0.697724
vt 0.871680 0.454595
vt 0.398596 0.803032
vt 0.622623 0.594155
vt 0.531296 0.715875
vt 0.649434 0.733538
vt 0.510913 0.777030
vt 0.658859 0.529538
vt 0.592396 0.803261
vt 0.632048 0.785598
vt 0.787308 0.662761
vt 0.655109 0.616854
vt 0.666836 0.742903
vt 0.828203 0.586284
vt 0.830172 0.647384
vt 0.848006 0.734336
vt 0.566832 0.690843
vt 0.663518 0.517677
vt 0.833922 0.560068
vt 0.682620 0.792102
vt 0.389408 0.763797
vt 0.412857 0.689258
vt 0.762376 0.707019
vt 0.419606 0.757572
vt 0.396157 0.762119
vt 0.758993 0.744358
vt 0.369718 0.876479
vt 0.783348 0.695141
vt 0.376450 0.776926
vt 0.870056 0.774245
vt 0.374595 0.756409
vt 0.412881 0.896560
vt 0.396180 0.889940
vt 0.892089 0.750451
vt 0.432571 0.783879
vt 0.877009 0.697649
vt 0.439336 0.870586
vt 0.466168 1.063023
vt 0.592441 -0.132886
vt 1.035090 -0.110384
vt 0.580623 1.041794
vt 1.069727 -0.091997
vt 0.444159 -0.135445
vt 0.465281 1.158066
vt 1.086239 -0.155359
vt 0.439039 1.090035
vt 0.460162 -0.093904
vt 1.178375 -0.137352
vt 0.614660 1.148642
vt 0.488387 -0.154008
vt 0.476569 1.177465
vt 0.602842 -0.052187
vt 1.147732 -0.068843
vt 0.631067 -0.112291
vt 0.615547 1.053599
vt 1.125427 -0.131536
vt 0.618153 1.129223
vt 1.057396 -0.047692
vt 1.381001 0.960359
vt 1.024608 -0.130787
vt 0.956638 -0.113419
vt 0.960359 -0.134025
vt 1.402194 1.027617
vt 0.958762 -0.019163
vt 1.228212 1.028208
vt 1.228212 -0.154513
vt 1.221623 -0.135226
vt 1.337507 0.956365
vt 1.211641 -0.020970
vt 1.259099 1.119560
vt 1.119560 -0.152739
vt 1.124165 -0.134058
vt 1.204765 1.058320
vt 1.122569 -0.019196
vt 1.411888 1.051710
vt 1.286021 -0.149556
vt 1.413602 -0.112252
vt 1.411888 -0.132251
vt 1.269450 1.129572
vt 1.395317 0.001292
vt 1.200179 0.243642
vt 0.375662 -0.143991
vt 1.247859 -0.123612
vt 0.390889 -0.053881
vt 1.244529 0.371189
vt 0.239170 -0.038932
vt 1.196849 -0.059310
vt 0.223943 -0.129041
vt 1.104084 0.252791
vt 1.175390 -0.148033
vt 1.178524 0.226152
vt 1.107219 -0.035801
vt 0.255001 -0.054793
vt 1.132305 0.409574
vt 0.277555 -0.143695
vt 1.094224 0.273082
vt 0.405102 -0.030194
vt 1.140770 -0.049365
vt 1.228400 0.400425
vt 1.160229 0.418119
vt -0.067165 1.160516
vt 1.031850 -0.131109
vt 0.040432 1.039561
vt 1.168227 -0.078335
vt 1.032006 -0.092273
vt 1.039561 -0.074358
vt -0.008799 1.230384
vt -0.066289 -0.120020
vt -0.056218 1.195719
vt -0.056218 -0.082514
vt -0.063875 -0.102159
vt 0.118686 1.097946
vt 1.234166 -0.137765
vt 0.026429 1.234322
vt 1.234322 -0.098929
vt 1.236593 -0.119905
vt 0.060320 1.028077
vt 0.115409 -0.147524
vt 0.123079 1.078165
vt 0.123079 -0.090773
vt 0.125480 -0.110018
vt -0.198154 0.673712
vt -0.159530 -0.130185
vt -0.201494 -0.110515
vt -0.198154 -0.131463
vt -0.145287 0.661811
vt -0.183911 0.008476
vt -0.140486 0.769393
vt 0.701336 -0.135534
vt 0.777792 -0.132906
vt 0.769393 -0.152168
vt -0.185996 0.723034
vt -0.185996 0.004405
vt -0.194163 -0.015267
vt -0.074080 0.737437
vt -0.112705 -0.155251
vt -0.066777 -0.135987
vt -0.074080 -0.153972
vt -0.098462 0.792734
vt -0.056497 -0.034981
vt -0.131748 0.641756
vt -0.071995 -0.149901
vt -0.057752 0.731511
vt 0.663454 0.006672
vt -0.318161 0.587347
vt 0.587347 -0.162850
vt 0.577080 -0.145404
vt -0.259685 0.603305
vt -0.309732 -0.024132
vt -0.254981 -0.035358
vt -0.259685 -0.014460
vt -0.429154 0.663847
vt 0.575977 -0.143278
vt -0.337680 0.551802
vt -0.420725 0.001786
vt -0.379498 0.741723
vt -0.434249 -0.109207
vt -0.421115 0.656234
vt 0.706958 0.018285
vt -0.268505 0.665223
vt -0.268505 -0.146351
vt -0.261632 -0.126076
vt -0.343120 0.707737
vt 0.707737 0.016782
vt 0.718327 -0.001287
vt -0.115741 0.356033
vt -0.085996 -0.111061
vt -0.081891 -0.060476
vt -0.071061 -0.107545
vt -0.104239 0.368375
vt -0.135448 -0.052590
vt -0.163517 -0.079321
vt -0.201978 0.523650
vt 0.367073 -0.143961
vt -0.160538 0.366614
vt 0.523191 -0.071533
vt -0.224427 -0.092381
vt -0.160040 0.562182
vt -0.210957 0.548922
vt -0.142801 -0.073536
vt -0.146570 -0.123880
vt -0.073802 0.394565
vt -0.154658 0.550683
vt 0.394106 -0.042735
vt 0.370599 0.749888
vt 0.081966 0.715888
vt 0.303998 0.715888
vt 0.750881 0.768696
vt 0.528149 0.785253
vt 0.863431 0.764059
vt 1.126289 -0.039802
vt 1.029580 -0.110134
vt 0.123066 -0.127879
vt 0.655055 -0.012590
vt 0.639394 -0.113595
vt 0.793453 -0.031901
vt -0.255533 -0.025701
vt -0.433697 -0.118864
vt 0.717224 0.000839
vt 0.742380 -0.099536
vt 0.363927 -0.126390
vt -0.021407 0.008064
vt 0.881547 -0.011732
vt 1.150926 0.551440
vt -0.127404 0.659888
vt -0.150636 0.679687
vt -0.004023 0.715888
vt -0.170603 0.715888
vt -0.066839 0.696089
vt 1.303343 0.769687
vt 0.874323 0.691834
vt 0.803814 1.271686
vt 1.015655 0.724090
vt 0.411124 0.715888
vt 0.939052 0.696089
vt 0.582555 0.696089
vt 0.508098 0.696089
vt 0.664727 0.715888
vt 0.593442 0.696089
vt 0.298617 0.696089
vt 0.326617 0.769687
vt 0.192551 0.769687
vt 0.571426 0.769687
vt 0.282222 0.696089
vt 0.060948 0.696089
vt 0.417445 0.696089
vt 0.217277 0.696089
vt 0.335273 0.715888
vt 0.044453 0.696089
vt 0.260015 0.696089
vt 0.701383 0.696089
vt 0.779449 0.696089
vt 0.125949 0.696089
vt 0.153949 0.769687
vt 0.000868 0.705888
vt -0.285079 0.686089
vt -0.018844 0.969687
vt -0.155493 0.705888
vt -0.161819 0.705888
vt -0.181532 0.969687
vt -0.006949 0.705888
vt 1.186589 0.686089
vt -0.147676 0.705888
vt 1.310364 0.705888
vt -0.023902 0.686089
vt 0.728470 0.799713
vt 0.508943 0.701461
vt 0.494354 0.804845
vt 0.456995 0.692102
vt 0.497196 0.789568
vt 0.629222 0.794700
vt 0.238743 0.747740
vt 0.171943 0.768168
vt 0.217700 0.702436
vt 0.197919 0.741564
vt 0.625301 0.703482
vt 0.151000 0.683624
vt 0.391510 0.783018
vt 0.386027 0.803720
vt 0.454481 0.713590
vt 0.715445 0.434325
vt 0.481342 0.785111
vt 0.720044 0.718191
vt 0.749176 0.691370
vt 0.745805 0.803485
vt 0.612780 0.742106
vt 0.636006 0.718619
vt 0.814820 0.675772
vt 0.584525 0.755231
vt 0.810369 0.699411
vt 0.649142 0.678516
vt 0.806411 0.766390
vt 0.777456 0.759821
vt 0.437440 0.738400
vt 0.371573 0.712977
vt 0.434466 0.719070
vt 0.419630 0.771948
vt 0.894412 0.725028
vt 0.389432 0.703531
vt 0.602633 -0.066936
vt 0.454350 -0.069495
vt 1.161863 -0.073990
vt 1.054720 0.001292
vt 1.354078 -0.137208
vt 1.364430 -0.000482
vt 1.242528 -0.019196
vt 1.055311 -0.155977
vt 1.031217 -0.020970
vt 1.231534 -0.033325
vt 0.427655 -0.119096
vt 1.157094 -0.139652
vt 1.085760 -0.124525
vt 0.032762 -0.131109
vt 0.067990 -0.077570
vt 1.188008 -0.139265
vt 1.070454 -0.147524
vt 1.105657 -0.094952
vt 0.018759 -0.155680
vt -0.001129 -0.095717
vt -0.117505 0.006672
vt 0.695410 0.008476
vt 0.709813 -0.149901
vt 0.759135 -0.014033
vt -0.126243 -0.012229
vt 0.638071 -0.153179
vt 0.630457 -0.007632
vt -0.346110 -0.161347
vt -0.351549 -0.121936
vt -0.371069 0.018285
vt 0.690999 -0.130105
vt 0.629082 0.001786
vt -0.084531 -0.130999
vt -0.072041 -0.124347
vt 0.353391 -0.138389
vt 0.348332 -0.076045
vt 0.551142 -0.141622
vt -0.179748 -0.061677
vt 0.541932 -0.139449
vt -0.191249 -0.154584
vt 0.556641 -0.088864
vt 0.154367 0.769687
vt 0.364800 0.769687
vt 0.635200 0.696089
vt 0.845633 0.696089
vt 0.602619 0.786659
vt 0.557197 0.794700
vt 0.434352 0.799713
vt 0.723388 0.821406
vt 0.963368 -0.000482
vt 1.209927 -0.040969
vt 1.401906 -0.017996
vt -0.063888 -0.139265
vt 1.226611 -0.155680
vt -0.191214 -0.009510
vt -0.059838 -0.014033
vt -0.063828 -0.130229
vt 0.586567 -0.161347
vt -0.427597 -0.018489
vt -0.429545 -0.130105
vt -0.131972 -0.120604
vt 0.551924 -0.045029
s 0
f 1/1/1 5/2/1 7/3/1
f 2/4/2 5/5/2 4/6/2
f 3/7/3 5/8/3 6/9/3
f 8/10/4 12/11/4 14/12/4
f 9/1/5 12/2/5 11/13/5
f 10/14/6 12/15/6 13/16/6
f 15/17/7 19/18/7 21/19/7
f 16/20/8 19/21/8 18/22/8
f 17/4/9 19/23/9 20/24/9
f 22/17/10 26/18/10 28/25/10
f 23/10/11 26/26/11 25/27/11
f 24/28/12 26/29/12 27/30/12
f 29/31/13 33/32/13 35/33/13
f 30/7/14 33/34/14 32/35/14
f 31/36/15 33/37/15 34/38/15
f 36/31/16 40/32/16 42/39/16
f 37/40/17 40/41/17 39/42/17
f 38/14/18 40/43/18 41/44/18
f 43/45/19 47/46/19 49/47/19
f 44/36/20 47/48/20 46/49/20
f 45/20/21 47/50/21 48/51/21
f 50/45/22 54/46/22 56/52/22
f 51/28/23 54/53/23 53/54/23
f 52/40/24 54/55/24 55/56/24
f 57/57/25 61/58/25 63/59/25
f 58/60/26 61/61/26 60/62/26
f 59/63/27 61/64/27 62/65/27
f 64/66/28 68/67/28 70/68/28
f 65/57/5 68/58/5 67/69/5
f 66/70/29 68/71/29 69/72/29
f 71/73/7 75/74/7 77/75/7
f 72/76/30 75/77/30 74/78/30
f 73/60/31 75/61/31 76/79/31
f 78/73/32 82/74/32 84/80/32
f 79/66/33 82/67/33 81/81/33
f 80/82/34 82/83/34 83/84/34
f 85/85/13 89/86/13 91/87/13
f 86/63/35 89/64/35 88/88/35
f 87/89/36 89/90/36 90/91/36
f 92/85/37 96/86/37 98/92/37
f 93/93/38 96/94/38 95/95/38
f 94/70/39 96/71/39 97/96/39
f 99/97/40 103/98/40 105/99/40
f 100/89/41 103/90/41 102/100/41
f 101/76/42 103/77/42 104/101/42
f 106/97/22 110/98/22 112/102/22
f 107/82/43 110/83/43 109/103/43
f 108/93/44 110/94/44 111/104/44
f 113/105/45 117/106/45 119/107/45
f 114/108/46 117/109/46 116/110/46
f 115/111/47 117/112/47 118/113/47
f 120/114/48 124/115/48 126/116/48
f 121/117/49 124/118/49 123/119/49
f 122/120/50 124/121/50 125/122/50
f 127/123/51 131/124/51 133/125/51
f 128/126/52 131/127/52 130/128/52
f 129/129/53 131/130/53 132/131/53
f 134/132/54 138/133/54 140/134/54
f 135/135/55 138/136/55 137/137/55
f 136/138/56 138/139/56 139/140/56
f 141/141/57 145/142/57 147/143/57
f 142/144/58 145/145/58 144/146/58
f 143/147/59 145/148/59 146/149/59
f 148/150/60 152/151/60 154/152/60
f 149/153/61 152/154/61 151/155/61
f 150/156/62 152/157/62 153/158/62
f 155/159/63 159/160/63 161/161/63
f 156/162/64 159/163/64 158/164/64
f 157/165/65 159/166/65 160/167/65
f 162/168/66 166/169/66 168/170/66
f 163/171/67 166/172/67 165/173/67
f 164/174/68 166/175/68 167/176/68
f 169/177/69 173/178/69 175/179/69
f 170/180/70 173/181/70 172/182/70
f 171/183/71 173/184/71 174/185/71
f 176/186/72 180/187/72 182/188/72
f 177/177/73 180/178/73 179/189/73
f 178/190/74 180/191/74 181/192/74
f 183/193/75 187/194/75 189/195/75
f 184/196/76 187/197/76 186/198/76
f 185/199/77 187/200/77 188/201/77
f 190/193/78 194/202/78 196/203/78
f 191/204/79 194/205/79 193/206/79
f 192/207/80 194/208/80 195/209/80
f 197/210/81 201/211/81 203/212/81
f 198/213/82 201/214/82 200/215/82
f 199/216/83 201/217/83 202/218/83
f 204/210/84 208/219/84 210/220/84
f 205/221/85 208/222/85 207/223/85
f 206/224/86 208/225/86 209/226/86
f 211/227/87 215/228/87 217/229/87
f 212/230/88 215/231/88 214/232/88
f 213/233/89 215/234/89 216/235/89
f 218/227/90 222/236/90 224/237/90
f 219/238/91 222/239/91 221/240/91
f 220/241/92 222/242/92 223/243/92
f 225/244/69 229/245/69 231/246/69
f 226/247/70 229/248/70 228/249/70
f 227/250/93 229/251/93 230/252/93
f 232/253/72 236/254/72 238/255/72
f 233/244/73 236/245/73 235/256/73
f 234/257/94 236/258/94 237/259/94
f 239/260/95 243/261/95 245/262/95
f 240/263/76 243/264/76 242/265/76
f 241/266/96 243/267/96 244/268/96
f 246/260/97 250/269/97 252/270/97
f 247/271/79 250/272/79 249/273/79
f 248/274/80 250/275/80 251/276/80
f 253/277/98 257/278/98 259/279/98
f 254/280/82 257/281/82 256/282/82
f 255/283/99 257/284/99 258/285/99
f 260/277/84 264/286/84 266/287/84
f 261/288/85 264/289/85 263/290/85
f 262/291/86 264/292/86 265/293/86
f 267/294/100 271/295/100 273/296/100
f 268/297/88 271/298/88 270/299/88
f 269/300/89 271/301/89 272/302/89
f 274/294/90 278/295/90 280/303/90
f 275/304/101 278/305/101 277/306/101
f 276/307/92 278/308/92 279/309/92
f 281/310/102 285/311/102 287/312/102
f 282/313/103 285/314/103 284/315/103
f 283/316/104 285/317/104 286/318/104
f 288/319/105 292/320/105 294/321/105
f 289/322/106 292/323/106 291/324/106
f 290/325/107 292/326/107 293/327/107
f 295/328/108 299/329/108 301/330/108
f 296/331/109 299/332/109 298/333/109
f 297/334/110 299/335/110 300/336/110
f 302/337/111 306/338/111 308/339/111
f 303/340/112 306/341/112 305/342/112
f 304/343/113 306/344/113 307/345/113
f 309/346/114 313/347/114 315/348/114
f 310/349/115 313/350/115 312/351/115
f 311/352/116 313/353/116 314/354/116
f 316/355/117 320/356/117 322/357/117
f 317/358/118 320/359/118 319/360/118
f 318/361/119 320/362/119 321/363/119
f 323/364/120 327/365/120 329/366/120
f 324/367/121 327/368/121 326/369/121
f 325/370/122 327/371/122 328/372/122
f 330/373/123 334/374/123 336/375/123
f 331/376/124 334/377/124 333/378/124
f 332/379/125 334/380/125 335/381/125
f 337/382/126 341/383/126 343/384/126
f 338/385/127 341/386/127 340/387/127
f 339/388/128 341/389/128 342/390/128
f 344/391/129 348/392/129 350/393/129
f 345/382/130 348/383/130 347/394/130
f 346/395/131 348/396/131 349/397/131
f 351/398/132 355/399/132 357/400/132
f 352/401/133 355/402/133 354/403/133
f 353/404/134 355/405/134 356/406/134
f 358/398/135 362/399/135 364/407/135
f 359/408/136 362/409/136 361/410/136
f 360/411/137 362/412/137 363/413/137
f 365/414/138 369/415/138 371/416/138
f 366/417/139 369/418/139 368/419/139
f 367/420/140 369/421/140 370/422/140
f 372/414/141 376/415/141 378/423/141
f 373/424/142 376/425/142 375/426/142
f 374/427/143 376/428/143 377/429/143
f 379/430/144 383/431/144 385/432/144
f 380/433/145 383/434/145 382/435/145
f 381/436/146 383/437/146 384/438/146
f 386/430/147 390/431/147 392/439/147
f 387/440/148 390/441/148 389/442/148
f 388/443/149 390/444/149 391/445/149
f 393/446/150 397/447/150 399/448/150
f 394/449/151 397/450/151 396/451/151
f 395/452/152 397/453/152 398/454/152
f 400/455/153 404/456/153 406/457/153
f 401/446/154 404/447/154 403/458/154
f 402/459/155 404/460/155 405/461/155
f 407/462/156 411/463/156 413/464/156
f 408/465/157 411/466/157 410/467/157
f 409/468/158 411/469/158 412/470/158
f 414/462/159 418/471/159 420/472/159
f 415/473/160 418/474/160 417/475/160
f 416/476/161 418/477/161 419/478/161
f 421/479/162 425/480/162 427/481/162
f 422/482/163 425/483/163 424/484/163
f 423/485/164 425/486/164 426/487/164
f 428/479/165 432/488/165 434/489/165
f 429/490/166 432/491/166 431/492/166
f 430/493/167 432/494/167 433/495/167
f 435/496/168 439/497/168 441/498/168
f 436/499/169 439/500/169 438/501/169
f 437/502/170 439/503/170 440/504/170
f 442/496/171 446/497/171 448/505/171
f 443/506/172 446/507/172 445/508/172
f 444/509/173 446/510/173 447/511/173
f 449/512/174 453/513/174 455/514/174
f 450/515/175 453/516/175 452/517/175
f 451/518/176 453/516/176 454/519/176
f 456/520/177 460/521/177 462/522/177
f 457/512/178 460/513/178 459/523/178
f 458/524/179 460/521/179 461/525/179
f 463/526/180 467/527/180 469/528/180
f 464/529/181 467/530/181 466/531/181
f 465/532/182 467/530/182 468/533/182
f 470/526/183 474/527/183 476/534/183
f 471/535/184 474/536/184 473/537/184
f 472/538/185 474/536/185 475/539/185
f 477/540/186 481/541/186 483/542/186
f 478/543/187 481/544/187 480/545/187
f 479/546/188 481/544/188 482/547/188
f 484/540/189 488/541/189 490/548/189
f 485/549/190 488/550/190 487/551/190
f 486/552/191 488/550/191 489/553/191
f 491/554/192 495/555/192 497/556/192
f 492/557/193 495/558/193 494/559/193
f 493/560/194 495/558/194 496/561/194
f 498/562/195 502/555/195 504/563/195
f 499/564/196 502/565/196 501/566/196
f 500/567/197 502/565/197 503/568/197
f 505/569/144 509/570/144 511/571/144
f 506/572/145 509/573/145 508/574/145
f 507/575/146 509/576/146 510/577/146
f 512/578/149 516/579/149 518/580/149
f 513/569/147 516/570/147 515/581/147
f 514/582/148 516/583/148 517/584/148
f 519/585/198 523/586/198 525/587/198
f 520/588/139 523/589/139 522/590/139
f 521/591/140 523/592/140 524/593/140
f 526/585/141 530/594/141 532/595/141
f 527/596/142 530/597/142 529/598/142
f 528/599/143 530/600/143 531/601/143
f 533/602/199 537/603/199 539/604/199
f 534/605/133 537/606/133 536/607/133
f 535/608/134 537/609/134 538/610/134
f 540/602/135 544/603/135 546/611/135
f 541/612/136 544/613/136 543/614/136
f 542/615/200 544/616/200 545/617/200
f 547/618/126 551/619/126 553/620/126
f 548/621/127 551/622/127 550/623/127
f 549/624/128 551/625/128 552/626/128
f 554/618/130 558/619/130 560/627/130
f 555/628/131 558/629/131 557/630/131
f 556/631/129 558/632/129 559/633/129
f 561/634/201 565/635/201 567/636/201
f 562/637/169 565/638/169 564/639/169
f 563/640/170 565/641/170 566/642/170
f 568/643/173 572/644/173 574/645/173
f 569/634/171 572/635/171 571/646/171
f 570/647/172 572/648/172 573/649/172
f 575/650/202 579/651/202 581/652/202
f 576/653/163 579/654/163 578/655/163
f 577/656/164 579/657/164 580/658/164
f 582/650/165 586/651/165 588/659/165
f 583/660/166 586/661/166 585/662/166
f 584/663/167 586/664/167 587/665/167
f 589/666/203 593/667/203 595/668/203
f 590/669/157 593/670/157 592/671/157
f 591/672/158 593/673/158 594/674/158
f 596/666/159 600/675/159 602/676/159
f 597/677/160 600/678/160 599/679/160
f 598/680/161 600/681/161 601/682/161
f 603/683/150 607/684/150 609/685/150
f 604/686/151 607/687/151 606/688/151
f 605/689/204 607/690/204 608/691/204
f 610/683/154 614/684/154 616/692/154
f 611/693/155 614/694/155 613/695/155
f 612/696/153 614/697/153 615/698/153
f 617/699/192 621/700/192 623/701/192
f 618/702/193 621/703/193 620/704/193
f 619/705/194 621/703/194 622/706/194
f 624/707/205 628/708/205 630/709/205
f 625/699/206 628/700/206 627/710/206
f 626/711/196 628/708/196 629/712/196
f 631/713/186 635/714/186 637/715/186
f 632/716/187 635/717/187 634/718/187
f 633/719/188 635/717/188 636/720/188
f 638/713/189 642/714/189 644/721/189
f 639/722/190 642/723/190 641/724/190
f 640/725/191 642/723/191 643/726/191
f 645/727/180 649/728/180 651/729/180
f 646/730/181 649/731/181 648/732/181
f 647/733/207 649/731/207 650/734/207
f 652/727/183 656/728/183 658/735/183
f 653/736/184 656/737/184 655/738/184
f 654/739/208 656/737/208 657/740/208
f 659/741/174 663/742/174 665/743/174
f 660/744/175 663/745/175 662/746/175
f 661/747/176 663/745/176 664/748/176
f 666/741/178 670/742/178 672/749/178
f 667/750/179 670/751/179 669/752/179
f 668/753/209 670/751/209 671/754/209
f 673/755/210 677/756/210 679/757/210
f 674/758/211 677/759/211 676/760/211
f 675/761/212 677/762/212 678/763/212
f 680/764/213 684/765/213 686/766/213
f 681/755/214 684/756/214 683/767/214
f 682/768/215 684/769/215 685/770/215
f 687/771/216 691/772/216 693/773/216
f 688/774/217 691/775/217 690/776/217
f 689/777/218 691/778/218 692/779/218
f 694/771/219 698/772/219 700/780/219
f 695/781/220 698/782/220 697/783/220
f 696/784/221 698/785/221 699/786/221
f 701/787/222 705/788/222 707/789/222
f 702/790/223 705/791/223 704/792/223
f 703/793/224 705/794/224 706/795/224
f 708/787/225 712/788/225 714/796/225
f 709/797/226 712/798/226 711/799/226
f 710/800/227 712/801/227 713/802/227
f 715/803/228 719/804/228 721/805/228
f 716/806/229 719/807/229 718/808/229
f 717/809/230 719/810/230 720/811/230
f 722/803/231 726/812/231 728/813/231
f 723/814/232 726/815/232 725/816/232
f 724/817/233 726/818/233 727/819/233
f 729/820/234 733/821/234 735/822/234
f 730/823/235 733/824/235 732/825/235
f 731/826/236 733/827/236 734/828/236
f 736/829/237 740/830/237 742/831/237
f 737/820/238 740/821/238 739/832/238
f 738/833/239 740/834/239 741/835/239
f 743/836/240 747/837/240 749/838/240
f 744/839/241 747/840/241 746/841/241
f 745/842/242 747/843/242 748/844/242
f 750/836/243 754/837/243 756/845/243
f 751/846/244 754/847/244 753/848/244
f 752/849/245 754/850/245 755/851/245
f 757/852/246 761/853/246 763/854/246
f 758/855/247 761/856/247 760/857/247
f 759/858/248 761/859/248 762/860/248
f 764/852/249 768/853/249 770/861/249
f 765/862/250 768/863/250 767/864/250
f 766/865/251 768/866/251 769/867/251
f 771/868/252 775/869/252 777/870/252
f 772/871/253 775/872/253 774/873/253
f 773/874/254 775/875/254 776/876/254
f 778/868/255 782/869/255 784/877/255
f 779/878/256 782/879/256 781/880/256
f 780/881/257 782/882/257 783/883/257
f 785/884/258 789/885/258 791/886/258
f 786/887/259 789/888/259 788/889/259
f 787/890/260 789/888/260 790/891/260
f 792/892/261 796/893/261 798/894/261
f 793/895/262 796/896/262 795/897/262
f 794/898/263 796/893/263 797/899/263
f 799/900/264 803/901/264 805/902/264
f 800/903/265 803/904/265 802/905/265
f 801/906/266 803/904/266 804/907/266
f 806/908/267 810/909/267 812/910/267
f 807/911/268 810/912/268 809/913/268
f 808/914/269 810/912/269 811/915/269
f 813/916/270 817/917/270 819/918/270
f 814/919/271 817/920/271 816/921/271
f 815/922/272 817/920/272 818/923/272
f 820/924/273 824/925/273 826/926/273
f 821/927/274 824/928/274 823/929/274
f 822/930/275 824/928/275 825/931/275
f 827/932/276 831/933/276 833/934/276
f 828/935/277 831/936/277 830/937/277
f 829/938/278 831/936/278 832/939/278
f 834/940/279 838/941/279 840/942/279
f 835/943/280 838/944/280 837/945/280
f 836/946/281 838/944/281 839/947/281
f 841/948/282 845/949/282 847/950/282
f 842/951/283 845/952/283 844/953/283
f 843/954/284 845/955/284 846/956/284
f 848/957/285 852/958/285 854/959/285
f 849/960/286 852/961/286 851/962/286
f 850/963/287 852/964/287 853/965/287
f 855/966/288 859/967/288 861/968/288
f 856/969/289 859/970/289 858/971/289
f 857/972/290 859/973/290 860/974/290
f 862/975/291 866/976/291 868/977/291
f 863/978/292 866/979/292 865/980/292
f 864/981/293 866/982/293 867/983/293
f 869/984/294 873/985/294 875/986/294
f 870/987/295 873/988/295 872/989/295
f 871/990/296 873/991/296 874/992/296
f 876/993/297 880/994/297 882/995/297
f 877/996/298 880/997/298 879/998/298
f 878/999/299 880/1000/299 881/1001/299
f 883/1002/300 887/1003/300 889/1004/300
f 884/1005/301 887/1006/301 886/1007/301
f 885/1008/302 887/1009/302 888/1010/302
f 890/1011/303 894/1012/303 896/1013/303
f 891/1014/304 894/1015/304 893/1016/304
f 892/1017/305 894/1018/305 895/1019/305
f 897/1020/306 901/1021/306 903/1022/306
f 898/1023/307 901/1024/307 900/1025/307
f 899/1026/308 901/1024/308 902/1027/308
f 904/1028/309 908/1029/309 910/1030/309
f 905/1031/310 908/1032/310 907/1033/310
f 906/1034/311 908/1029/311 909/1035/311
f 911/1036/312 915/1037/312 917/1038/312
f 912/1039/313 915/1040/313 914/1041/313
f 913/1042/314 915/1040/314 916/1043/314
f 918/1044/315 922/1045/315 924/1046/315
f 919/1047/316 922/1048/316 921/1049/316
f 920/1050/317 922/1048/317 923/1051/317
f 925/1052/318 929/1053/318 931/1054/318
f 926/1055/319 929/1053/319 928/1056/319
f 927/1057/320 929/1058/320 930/1059/320
f 932/1060/321 936/1061/321 938/1062/321
f 933/1063/322 936/1064/322 935/1065/322
f 934/1066/323 936/1064/323 937/1067/323
f 939/1068/324 943/1069/324 945/1070/324
f 940/1071/325 943/1072/325 942/1073/325
f 941/1074/326 943/1075/326 944/1076/326
f 946/1077/327 950/1078/327 952/1079/327
f 947/1080/328 950/1081/328 949/1082/328
f 948/1083/329 950/1081/329 951/1084/329
f 953/1085/330 957/1086/330 959/1087/330
f 954/1088/331 957/1089/331 956/1090/331
f 955/1091/332 957/1092/332 958/1093/332
f 960/1094/333 964/1095/333 966/1096/333
f 961/1097/334 964/1098/334 963/1099/334
f 962/1100/335 964/1101/335 965/1102/335
f 967/1103/336 971/1104/336 973/1105/336
f 968/1106/337 971/1107/337 970/1108/337
f 969/1109/338 971/1110/338 972/1111/338
f 974/1112/339 978/1113/339 980/1114/339
f 975/1115/340 978/1116/340 977/1117/340
f 976/1118/341 978/1119/341 979/1120/341
f 981/1121/342 985/1122/342 987/1123/342
f 982/1124/343 985/1125/343 984/1126/343
f 983/1127/344 985/1128/344 986/1129/344
f 988/1130/345 992/1131/345 994/1132/345
f 989/1133/346 992/1134/346 991/1135/346
f 990/1136/347 992/1137/347 993/1138/347
f 995/1139/348 999/1140/348 1001/1141/348
f 996/1142/349 999/1143/349 998/1144/349
f 997/1145/350 999/1146/350 1000/1147/350
f 1002/1148/351 1006/1149/351 1008/1150/351
f 1003/1151/352 1006/1152/352 1005/1153/352
f 1004/1154/353 1006/1155/353 1007/1156/353
f 1009/1157/354 1013/1158/354 1015/1159/354
f 1010/1160/355 1013/1161/355 1012/1162/355
f 1011/1163/356 1013/1164/356 1014/1165/356
f 1016/1166/357 1020/1167/357 1022/1168/357
f 1017/1169/358 1020/1170/358 1019/1171/358
f 1018/1172/359 1020/1173/359 1021/1174/359
f 1023/1175/360 1027/1176/360 1029/1177/360
f 1024/1178/361 1027/1179/361 1026/1180/361
f 1025/1181/362 1027/1182/362 1028/1183/362
f 1030/1184/363 1034/1185/363 1036/1186/363
f 1031/1187/364 1034/1188/364 1033/1189/364
f 1032/1190/365 1034/1191/365 1035/1192/365
f 1037/1193/366 1041/1194/366 1043/1195/366
f 1038/1196/367 1041/1197/367 1040/1198/367
f 1039/1199/368 1041/1200/368 1042/1201/368
f 1044/1202/369 1048/1203/369 1050/1204/369
f 1045/1205/370 1048/1206/370 1047/1207/370
f 1046/1208/371 1048/1209/371 1049/1210/371
f 1051/1211/372 1055/1212/372 1057/1213/372
f 1052/1214/373 1055/1215/373 1054/1216/373
f 1053/1217/374 1055/1218/374 1056/1219/374
f 1058/1220/375 1062/1221/375 1064/1222/375
f 1059/1223/376 1062/1224/376 1061/1225/376
f 1060/1226/377 1062/1227/377 1063/1228/377
f 1065/1229/378 1069/1230/378 1071/1231/378
f 1066/1232/379 1069/1233/379 1068/1234/379
f 1067/1235/380 1069/1236/380 1070/1237/380
f 1072/1238/381 1076/1239/381 1078/1240/381
f 1073/1241/382 1076/1242/382 1075/1243/382
f 1074/1244/383 1076/1245/383 1077/1246/383
f 1079/1247/384 1083/1248/384 1085/1249/384
f 1080/1250/385 1083/1251/385 1082/1252/385
f 1081/1253/386 1083/1254/386 1084/1255/386
f 1086/1256/387 1090/1257/387 1092/1258/387
f 1087/1259/388 1090/1260/388 1089/1261/388
f 1088/1262/389 1090/1263/389 1091/1264/389
f 1093/1265/390 1097/1266/390 1099/1267/390
f 1094/1268/391 1097/1269/391 1096/1270/391
f 1095/1271/392 1097/1272/392 1098/1273/392
f 1100/1274/393 1104/1275/393 1106/1276/393
f 1101/1277/394 1104/1278/394 1103/1279/394
f 1102/1280/395 1104/1281/395 1105/1282/395
f 1107/1283/396 1111/1284/396 1113/1285/396
f 1108/1286/397 1111/1287/397 1110/1288/397
f 1109/1289/398 1111/1290/398 1112/1291/398
f 1114/1292/399 1118/1293/399 1120/1294/399
f 1115/1295/400 1118/1296/400 1117/1297/400
f 1116/1298/401 1118/1299/401 1119/1300/401
f 1121/1301/402 1125/1302/402 1127/1303/402
f 1122/1304/403 1125/1305/403 1124/1306/403
f 1123/1307/404 1125/1305/404 1126/1308/404
f 1128/1309/405 1132/1310/405 1134/1311/405
f 1129/1312/406 1132/1313/406 1131/1314/406
f 1130/1315/407 1132/1310/407 1133/1316/407
f 1135/1317/408 1139/1318/408 1141/1319/408
f 1136/1320/409 1139/1321/409 1138/1322/409
f 1137/1323/410 1139/1321/410 1140/1324/410
f 1142/1325/411 1146/1326/411 1148/1327/411
f 1143/1328/412 1146/1329/412 1145/1330/412
f 1144/1331/413 1146/1329/413 1147/1332/413
f 1149/1333/414 1153/1334/414 1155/1335/414
f 1150/1336/415 1153/1337/415 1152/1338/415
f 1151/1339/416 1153/1337/416 1154/1340/416
f 1156/1341/417 1160/1342/417 1162/1343/417
f 1157/1344/418 1160/1345/418 1159/1346/418
f 1158/1347/419 1160/1345/419 1161/1348/419
f 1163/1349/420 1167/1350/420 1169/1351/420
f 1164/1352/421 1167/1353/421 1166/1354/421
f 1165/1355/422 1167/1353/422 1168/1356/422
f 1170/1357/423 1174/1358/423 1176/1359/423
f 1171/1360/424 1174/1361/424 1173/1362/424
f 1172/1363/425 1174/1361/425 1175/1364/425
f 1177/1365/426 1181/1366/426 1183/1367/426
f 1178/1368/427 1181/1369/427 1180/1370/427
f 1179/1371/428 1181/1372/428 1182/1373/428
f 1184/1374/429 1188/1375/429 1190/1376/429
f 1185/1377/430 1188/1378/430 1187/1379/430
f 1186/1380/431 1188/1381/431 1189/1382/431
f 1191/1383/432 1195/1384/432 1197/1385/432
f 1192/1386/433 1195/1387/433 1194/1388/433
f 1193/1389/434 1195/1390/434 1196/1391/434
f 1198/1392/435 1202/1393/435 1204/1394/435
f 1199/1395/436 1202/1396/436 1201/1397/436
f 1200/1398/437 1202/1399/437 1203/1400/437
f 1205/1401/438 1209/1402/438 1211/1403/438
f 1206/1404/439 1209/1405/439 1208/1406/439
f 1207/1407/440 1209/1408/440 1210/1409/440
f 1212/1410/441 1216/1411/441 1218/1412/441
f 1213/1413/442 1216/1414/442 1215/1415/442
f 1214/1416/443 1216/1417/443 1217/1418/443
f 1219/1419/444 1223/1420/444 1225/1421/444
f 1220/1422/445 1223/1423/445 1222/1424/445
f 1221/1425/446 1223/1426/446 1224/1427/446
f 1226/1428/447 1230/1429/447 1232/1430/447
f 1227/1431/448 1230/1432/448 1229/1433/448
f 1228/1434/449 1230/1435/449 1231/1436/449
f 1233/1437/450 1237/1438/450 1239/1439/450
f 1234/1440/451 1237/1441/451 1236/1442/451
f 1235/1443/452 1237/1441/452 1238/1444/452
f 1240/1445/453 1244/1446/453 1246/1447/453
f 1241/1448/454 1244/1449/454 1243/1450/454
f 1242/1451/455 1244/1446/455 1245/1452/455
f 1247/1453/456 1251/1454/456 1253/1455/456
f 1248/1456/457 1251/1457/457 1250/1458/457
f 1249/1459/458 1251/1457/458 1252/1460/458
f 1254/1461/459 1258/1462/459 1260/1463/459
f 1255/1464/460 1258/1465/460 1257/1466/460
f 1256/1467/461 1258/1465/461 1259/1468/461
f 1261/1469/462 1265/1470/462 1267/1471/462
f 1262/1472/463 1265/1473/463 1264/1474/463
f 1263/1475/464 1265/1473/464 1266/1476/464
f 1268/1477/465 1272/1478/465 1274/1479/465
f 1269/1480/466 1272/1481/466 1271/1482/466
f 1270/1483/467 1272/1481/467 1273/1484/467
f 1275/1485/468 1279/1486/468 1281/1487/468
f 1276/1488/469 1279/1489/469 1278/1490/469
f 1277/1491/470 1279/1489/470 1280/1492/470
f 1282/1493/471 1286/1494/471 1288/1495/471
f 1283/1496/472 1286/1497/472 1285/1498/472
f 1284/1499/473 1286/1497/473 1287/1500/473
f 1289/1501/474 1293/1502/474 1295/1503/474
f 1290/1504/475 1293/1505/475 1292/1506/475
f 1291/1507/476 1293/1505/476 1294/1508/476
f 1296/1509/477 1300/1510/477 1302/1511/477
f 1297/1512/478 1300/1513/478 1299/1514/478
f 1298/1515/479 1300/1510/479 1301/1516/479
f 1303/1517/480 1307/1518/480 1309/1519/480
f 1304/1520/481 1307/1521/481 1306/1522/481
f 1305/1523/482 1307/1521/482 1308/1524/482
f 1310/1525/483 1314/1526/483 1316/1527/483
f 1311/1528/484 1314/1529/484 1313/1530/484
f 1312/1531/485 1314/1529/485 1315/1532/485
f 1317/1533/486 1321/1534/486 1323/1535/486
f 1318/1536/487 1321/1537/487 1320/1538/487
f 1319/1539/488 1321/1537/488 1322/1540/488
f 1324/1541/489 1328/1542/489 1330/1543/489
f 1325/1544/490 1328/1545/490 1327/1546/490
f 1326/1547/491 1328/1545/491 1329/1548/491
f 1331/1549/492 1335/1550/492 1337/1551/492
f 1332/1552/493 1335/1553/493 1334/1554/493
f 1333/1555/494 1335/1553/494 1336/1556/494
f 1338/1557/495 1342/1558/495 1344/1559/495
f 1339/1560/496 1342/1561/496 1341/1562/496
f 1340/1563/497 1342/1561/497 1343/1564/497
f 1345/1565/498 1349/1566/498 1351/1567/498
f 1346/1568/499 1349/1569/499 1348/1570/499
f 1347/1571/500 1349/1569/500 1350/1572/500
f 1352/1573/501 1356/1574/501 1358/1575/501
f 1353/1576/502 1356/1577/502 1355/1578/502
f 1354/1579/503 1356/1574/503 1357/1580/503
f 1359/1581/504 1363/1582/504 1365/1583/504
f 1360/1584/505 1363/1585/505 1362/1586/505
f 1361/1587/506 1363/1585/506 1364/1588/506
f 1366/1589/507 1370/1590/507 1372/1591/507
f 1367/1592/508 1370/1593/508 1369/1594/508
f 1368/1595/509 1370/1593/509 1371/1596/509
f 1373/1597/510 1377/1598/510 1379/1599/510
f 1374/1600/511 1377/1601/511 1376/1602/511
f 1375/1603/512 1377/1601/512 1378/1604/512
f 1380/1605/513 1384/1606/513 1386/1607/513
f 1381/1608/514 1384/1609/514 1383/1610/514
f 1382/1611/515 1384/1609/515 1385/1612/515
f 1387/1613/516 1391/1614/516 1393/1615/516
f 1388/1616/517 1391/1617/517 1390/1618/517
f 1389/1619/518 1391/1617/518 1392/1620/518
f 1394/1621/519 1398/1622/519 1400/1623/519
f 1395/1624/520 1398/1625/520 1397/1626/520
f 1396/1627/521 1398/1625/521 1399/1628/521
f 1401/1629/522 1405/1630/522 1407/1631/522
f 1402/1632/523 1405/1633/523 1404/1634/523
f 1403/1635/524 1405/1633/524 1406/1636/524
f 1408/1637/525 1412/1638/525 1414/1639/525
f 1409/1640/526 1412/1641/526 1411/1642/526
f 1410/1643/527 1412/1644/527 1413/1645/527
f 1415/1646/528 1419/1647/528 1421/1648/528
f 1416/1649/529 1419/1650/529 1418/1651/529
f 1417/1652/530 1419/1650/530 1420/1653/530
f 1422/1654/531 1426/1655/531 1428/1656/531
f 1423/1657/532 1426/1658/532 1425/1659/532
f 1424/1660/533 1426/1661/533 1427/1662/533
f 1429/1663/534 1433/1664/534 1435/1665/534
f 1430/1666/535 1433/1667/535 1432/1668/535
f 1431/1669/536 1433/1670/536 1434/1671/536
f 1436/1672/537 1440/1673/537 1442/1674/537
f 1437/1675/538 1440/1676/538 1439/1677/538
f 1438/1678/539 1440/1679/539 1441/1680/539
f 1443/1681/540 1447/1682/540 1449/1683/540
f 1444/1684/541 1447/1685/541 1446/1686/541
f 1445/1687/542 1447/1688/542 1448/1689/542
f 1450/1690/543 1454/1691/543 1456/1692/543
f 1451/1693/544 1454/1694/544 1453/1695/544
f 1452/1696/545 1454/1697/545 1455/1698/545
f 1/1/546 18/25/546 15/17/546
f 7/35/547 16/20/547 18/22/547
f 8/10/548 6/24/548 2/4/548
f 14/44/549 3/7/549 6/9/549
f 22/17/550 13/3/550 9/1/550
f 28/54/551 10/14/551 13/16/551
f 17/4/552 27/12/552 23/10/552
f 20/51/553 24/28/553 27/30/553
f 43/45/554 21/19/554 46/52/554
f 21/6/555 44/36/555 46/49/555
f 22/17/556 56/52/556 25/19/556
f 56/42/557 23/10/557 25/27/557
f 45/20/558 55/30/558 51/28/558
f 48/38/559 52/40/559 55/56/559
f 43/45/560 32/39/560 29/31/560
f 49/22/561 30/7/561 32/35/561
f 36/31/562 53/47/562 50/45/562
f 42/16/563 51/28/563 53/54/563
f 31/36/564 41/56/564 37/40/564
f 34/9/565 38/14/565 41/44/565
f 1/1/566 35/33/566 4/13/566
f 35/49/567 2/4/567 4/6/567
f 36/31/568 11/13/568 39/33/568
f 11/27/569 37/40/569 39/42/569
f 57/57/546 74/80/546 71/73/546
f 63/88/547 72/76/547 74/78/547
f 64/66/548 62/79/548 58/60/548
f 70/96/549 59/63/549 62/65/549
f 78/73/550 69/59/550 65/57/550
f 84/103/551 66/70/551 69/72/551
f 79/66/552 76/79/552 83/68/552
f 76/101/553 80/82/553 83/84/553
f 71/73/554 102/102/554 99/97/554
f 77/62/555 100/89/555 102/100/555
f 106/97/556 81/75/556 78/73/556
f 112/95/557 79/66/557 81/81/557
f 101/76/558 111/84/558 107/82/558
f 104/91/559 108/93/559 111/104/559
f 99/97/560 88/92/560 85/85/560
f 105/78/561 86/63/561 88/88/561
f 92/85/562 109/99/562 106/97/562
f 98/72/563 107/82/563 109/103/563
f 93/93/564 90/91/564 97/104/564
f 90/65/565 94/70/565 97/96/565
f 85/85/566 60/69/566 57/57/566
f 91/100/567 58/60/567 60/62/567
f 65/57/568 95/87/568 92/85/568
f 67/81/569 93/93/569 95/95/569
f 113/105/570 130/1699/570 127/123/570
f 119/1700/571 128/126/571 130/128/571
f 120/114/572 118/1701/572 114/108/572
f 126/1702/573 115/111/573 118/113/573
f 134/132/574 125/1703/574 121/117/574
f 140/1704/575 122/120/575 125/122/575
f 129/129/576 139/1705/576 135/135/576
f 132/1706/577 136/138/577 139/140/577
f 155/159/578 133/125/578 158/1707/578
f 133/1708/579 156/162/579 158/164/579
f 162/168/580 137/1709/580 134/132/580
f 137/137/581 164/174/581 135/135/581
f 157/165/582 167/1710/582 163/171/582
f 160/1711/583 164/174/583 167/176/583
f 155/159/584 144/1712/584 141/141/584
f 144/146/585 157/165/585 142/144/585
f 148/150/586 165/1713/586 162/168/586
f 154/1714/587 163/171/587 165/173/587
f 149/153/588 146/149/588 153/1715/588
f 153/158/589 142/144/589 150/156/589
f 141/141/590 116/1716/590 113/105/590
f 147/1717/591 114/108/591 116/110/591
f 148/150/592 123/119/592 151/1718/592
f 123/1719/593 149/153/593 151/155/593
f 169/177/594 186/1720/594 183/193/594
f 175/1721/595 184/196/595 186/198/595
f 176/186/596 174/1722/596 170/180/596
f 174/185/597 178/190/597 171/183/597
f 177/177/598 196/203/598 181/179/598
f 196/1723/599 178/190/599 181/192/599
f 191/204/600 188/201/600 195/1724/600
f 188/1725/601 192/207/601 195/209/601
f 183/193/602 214/1726/602 211/227/602
f 189/1727/603 212/230/603 214/232/603
f 218/227/604 193/1728/604 190/193/604
f 224/1729/605 191/204/605 193/206/605
f 219/238/606 216/235/606 223/1730/606
f 216/1731/607 220/241/607 223/243/607
f 211/227/608 200/1732/608 197/210/608
f 217/1733/609 198/213/609 200/215/609
f 204/210/610 221/1734/610 218/227/610
f 221/240/611 206/224/611 219/238/611
f 205/221/612 202/218/612 209/1735/612
f 202/1736/613 206/224/613 209/226/613
f 197/210/614 172/189/614 169/177/614
f 203/1737/615 170/180/615 172/182/615
f 177/177/616 207/1738/616 204/210/616
f 179/1739/617 205/221/617 207/223/617
f 225/244/594 242/1740/594 239/260/594
f 231/1741/595 240/263/595 242/265/595
f 232/253/596 230/1742/596 226/247/596
f 238/1743/597 227/250/597 230/252/597
f 246/260/598 237/246/598 233/244/598
f 252/1744/599 234/257/599 237/259/599
f 247/271/600 244/268/600 251/1745/600
f 251/276/601 240/263/601 248/274/601
f 239/260/618 270/303/618 267/294/618
f 245/1746/603 268/297/603 270/299/603
f 246/260/619 280/303/619 249/1747/619
f 249/273/605 276/307/605 247/271/605
f 269/300/606 279/1748/606 275/304/606
f 272/1749/607 276/307/607 279/309/607
f 253/277/608 273/296/608 256/287/608
f 256/282/609 269/300/609 254/280/609
f 260/277/610 277/296/610 274/294/610
f 266/1750/611 275/304/611 277/306/611
f 261/288/612 258/285/612 265/1751/612
f 265/293/613 254/280/613 262/291/613
f 253/277/620 228/256/620 225/244/620
f 259/1752/615 226/247/615 228/249/615
f 233/244/621 263/1753/621 260/277/621
f 235/1754/617 261/288/617 263/290/617
f 281/310/622 298/1755/622 295/328/622
f 298/333/623 283/316/623 296/331/623
f 288/319/624 286/1756/624 282/313/624
f 286/318/625 290/325/625 283/316/625
f 289/322/626 308/339/626 293/1757/626
f 308/1758/627 290/325/627 293/327/627
f 297/334/628 307/1759/628 303/340/628
f 307/345/629 296/331/629 304/343/629
f 295/328/630 326/1760/630 323/364/630
f 301/1761/631 324/367/631 326/369/631
f 302/337/632 336/375/632 305/1762/632
f 336/1763/633 303/340/633 305/342/633
f 325/370/634 335/1764/634 331/376/634
f 328/1765/635 332/379/635 335/381/635
f 309/346/636 329/366/636 312/1766/636
f 329/1767/637 310/349/637 312/351/637
f 330/373/638 322/357/638 333/1768/638
f 322/1769/639 331/376/639 333/378/639
f 311/352/640 321/1770/640 317/358/640
f 314/1771/641 318/361/641 321/363/641
f 309/346/642 284/1772/642 281/310/642
f 315/1773/643 282/313/643 284/315/643
f 289/322/644 319/1774/644 316/355/644
f 291/1775/645 317/358/645 319/360/645
f 337/382/646 354/407/646 351/398/646
f 343/1776/647 352/401/647 354/403/647
f 344/391/648 342/1777/648 338/385/648
f 350/1778/649 339/388/649 342/390/649
f 358/398/650 349/384/650 345/382/650
f 364/1779/651 346/395/651 349/397/651
f 353/404/652 363/1780/652 359/408/652
f 356/1781/653 360/411/653 363/413/653
f 351/398/654 382/439/654 379/430/654
f 357/1782/655 380/433/655 382/435/655
f 358/398/656 392/439/656 361/400/656
f 392/1783/657 359/408/657 361/410/657
f 381/436/658 391/1784/658 387/440/658
f 384/1785/659 388/443/659 391/445/659
f 379/430/660 368/423/660 365/414/660
f 385/1786/661 366/417/661 368/419/661
f 386/430/662 378/423/662 389/432/662
f 378/1787/663 387/440/663 389/442/663
f 367/420/664 377/1788/664 373/424/664
f 377/429/665 366/417/665 374/427/665
f 337/382/666 371/416/666 340/394/666
f 340/387/667 367/420/667 338/385/667
f 345/382/668 375/416/668 372/414/668
f 347/1789/669 373/424/669 375/426/669
f 393/446/670 410/1790/670 407/462/670
f 410/467/671 395/452/671 408/465/671
f 400/455/672 398/1791/672 394/449/672
f 406/1792/673 395/452/673 398/454/673
f 414/462/674 405/448/674 401/446/674
f 420/1793/675 402/459/675 405/461/675
f 409/468/676 419/1794/676 415/473/676
f 412/1795/677 416/476/677 419/478/677
f 407/462/678 438/505/678 435/496/678
f 438/501/679 409/468/679 436/499/679
f 442/496/680 417/464/680 414/462/680
f 448/1796/681 415/473/681 417/475/681
f 437/502/682 447/1797/682 443/506/682
f 440/1798/683 444/509/683 447/511/683
f 421/479/684 441/498/684 424/1799/684
f 424/484/685 437/502/685 422/482/685
f 428/479/686 445/498/686 442/496/686
f 434/1800/687 443/506/687 445/508/687
f 429/490/688 426/487/688 433/1801/688
f 433/495/689 422/482/689 430/493/689
f 393/446/690 427/481/690 396/458/690
f 427/1802/691 394/449/691 396/451/691
f 428/479/692 403/458/692 431/1803/692
f 403/1804/693 429/490/693 431/492/693
f 449/512/694 466/534/694 463/526/694
f 455/1805/695 464/1806/695 466/1807/695
f 456/520/558 454/519/558 450/515/558
f 462/522/565 451/518/565 454/519/565
f 470/526/696 461/514/696 457/512/696
f 476/1808/697 458/524/697 461/525/697
f 465/532/548 475/539/548 471/535/548
f 468/533/564 472/538/564 475/539/564
f 463/526/698 494/563/698 491/554/698
f 469/1807/699 492/557/699 494/559/699
f 470/526/700 504/563/700 473/528/700
f 473/1808/701 500/567/701 471/1809/701
f 493/560/553 503/568/553 499/564/553
f 496/561/549 500/567/549 503/568/549
f 491/554/702 480/548/702 477/540/702
f 497/1810/703 478/1811/703 480/1812/703
f 484/540/704 501/556/704 498/562/704
f 501/566/705 486/1813/705 499/564/705
f 479/546/559 489/553/559 485/549/559
f 482/547/552 486/552/552 489/553/552
f 477/540/706 452/523/706 449/512/706
f 483/1814/707 450/1815/707 452/1816/707
f 457/512/708 487/542/708 484/540/708
f 459/1817/709 485/1813/709 487/1818/709
f 505/569/660 522/595/660 519/585/660
f 511/1819/661 520/588/661 522/590/661
f 512/578/659 510/1820/659 506/572/659
f 518/1821/658 507/575/658 510/577/658
f 513/569/662 532/595/662 517/571/662
f 532/1822/663 514/582/663 517/584/663
f 521/591/664 531/1823/664 527/596/664
f 524/1824/665 528/599/665 531/601/665
f 519/585/666 550/627/666 547/618/666
f 550/623/667 521/591/667 548/621/667
f 554/618/668 529/587/668 526/585/668
f 560/1825/669 527/596/669 529/598/669
f 549/624/649 559/1826/649 555/628/649
f 552/1827/648 556/631/648 559/633/648
f 547/618/646 536/611/646 533/602/646
f 553/1828/647 534/605/647 536/607/647
f 554/618/710 546/611/710 557/620/710
f 546/1829/651 555/628/651 557/630/651
f 535/608/652 545/1830/652 541/612/652
f 538/1831/653 542/615/653 545/617/653
f 533/602/654 508/581/654 505/569/654
f 508/574/655 535/608/655 506/572/655
f 513/569/656 543/604/656 540/602/656
f 515/1832/657 541/612/657 543/614/657
f 561/634/684 578/659/684 575/650/684
f 578/655/685 563/640/685 576/653/685
f 568/643/683 566/1833/683 562/637/683
f 574/1834/682 563/640/682 566/642/682
f 569/634/711 588/659/711 573/636/711
f 588/1835/687 570/647/687 573/649/687
f 577/656/688 587/1836/688 583/660/688
f 580/1837/689 584/663/689 587/665/689
f 575/650/712 606/1838/712 603/683/712
f 606/688/691 577/656/691 604/686/691
f 610/683/692 585/652/692 582/650/692
f 616/1839/693 583/660/693 585/662/693
f 605/689/673 615/1840/673 611/693/673
f 608/1841/672 612/696/672 615/698/672
f 603/683/670 592/1842/670 589/666/670
f 609/1843/671 590/669/671 592/671/671
f 596/666/674 613/1844/674 610/683/674
f 602/1845/675 611/693/675 613/695/675
f 597/677/676 594/674/676 601/1846/676
f 601/682/677 590/669/677 598/680/677
f 561/634/678 595/668/678 564/646/678
f 564/639/679 591/672/679 562/637/679
f 569/634/680 599/1847/680 596/666/680
f 571/1848/681 597/677/681 599/679/681
f 617/699/702 634/721/702 631/713/702
f 634/718/703 619/1849/703 632/716/703
f 624/707/549 622/706/549 618/702/549
f 630/709/553 619/705/553 622/706/553
f 638/713/704 629/701/704 625/699/704
f 644/1850/705 626/1851/705 629/1852/705
f 633/719/559 643/726/559 639/722/559
f 643/726/552 632/716/552 640/725/552
f 631/713/706 662/749/706 659/741/706
f 637/1853/707 660/744/707 662/746/707
f 666/741/708 641/715/708 638/713/708
f 641/1854/709 668/753/709 639/1855/709
f 661/747/565 671/754/565 667/750/565
f 664/748/558 668/753/558 671/754/558
f 659/741/694 648/735/694 645/727/694
f 648/732/695 661/1856/695 646/730/695
f 666/741/696 658/735/696 669/743/696
f 658/1857/697 667/1858/697 669/1859/697
f 647/733/548 657/740/548 653/736/548
f 650/734/564 654/739/564 657/740/564
f 645/727/698 620/710/698 617/699/698
f 651/1860/699 618/702/699 620/704/699
f 625/699/700 655/729/700 652/727/700
f 627/1861/701 653/1862/701 655/1863/701
f 673/755/713 690/780/713 687/771/713
f 679/1864/714 688/774/714 690/776/714
f 680/764/715 678/1865/715 674/758/715
f 686/1866/716 675/761/716 678/763/716
f 694/771/717 685/757/717 681/755/717
f 685/770/718 696/784/718 682/768/718
f 689/777/719 699/1867/719 695/781/719
f 699/786/720 688/774/720 696/784/720
f 687/771/721 718/1868/721 715/803/721
f 718/808/722 689/777/722 716/806/722
f 722/803/723 697/773/723 694/771/723
f 697/783/724 724/817/724 695/781/724
f 717/809/725 727/1869/725 723/814/725
f 727/819/726 716/806/726 724/817/726
f 701/787/727 721/805/727 704/796/727
f 721/1870/728 702/790/728 704/792/728
f 708/787/729 725/1871/729 722/803/729
f 714/1872/730 723/814/730 725/816/730
f 703/793/731 713/1873/731 709/797/731
f 713/802/732 702/790/732 710/800/732
f 701/787/733 676/767/733 673/755/733
f 707/1874/734 674/758/734 676/760/734
f 681/755/735 711/789/735 708/787/735
f 683/1875/736 709/797/736 711/799/736
f 743/836/737 735/822/737 746/845/737
f 735/1876/738 744/839/738 746/841/738
f 730/823/739 742/831/739 734/1877/739
f 742/1878/740 731/826/740 734/828/740
f 750/836/741 741/822/741 737/820/741
f 756/1879/742 738/833/742 741/835/742
f 745/842/743 755/1880/743 751/846/743
f 755/851/744 744/839/744 752/849/744
f 743/836/745 774/877/745 771/868/745
f 774/873/746 745/842/746 772/871/746
f 750/836/747 784/877/747 753/838/747
f 784/1881/748 751/846/748 753/848/748
f 773/874/749 783/1882/749 779/878/749
f 783/883/750 772/871/750 780/881/750
f 771/868/751 760/861/751 757/852/751
f 760/857/752 773/874/752 758/855/752
f 778/868/753 770/861/753 781/870/753
f 770/1883/754 779/878/754 781/880/754
f 759/858/755 769/1884/755 765/862/755
f 769/867/756 758/855/756 766/865/756
f 729/820/757 763/854/757 732/832/757
f 763/1885/758 730/823/758 732/825/758
f 737/820/759 767/854/759 764/852/759
f 739/1886/760 765/862/760 767/864/760
f 785/884/761 802/1887/761 799/900/761
f 791/1888/762 800/1889/762 802/1890/762
f 786/887/763 798/894/763 790/891/763
f 790/891/764 794/898/764 787/890/764
f 806/908/765 797/1891/765 793/895/765
f 812/1892/766 794/898/766 797/899/766
f 801/906/767 811/915/767 807/911/767
f 804/907/768 808/914/768 811/915/768
f 827/932/769 805/902/769 830/1893/769
f 830/1894/770 801/906/770 828/1895/770
f 834/940/771 809/1896/771 806/908/771
f 809/913/772 836/1897/772 807/911/772
f 835/943/773 832/939/773 839/947/773
f 839/947/774 828/935/774 836/946/774
f 827/932/775 816/1898/775 813/916/775
f 833/1899/776 814/1900/776 816/1901/776
f 834/940/777 826/926/777 837/1902/777
f 826/1903/778 835/943/778 837/945/778
f 821/927/779 818/923/779 825/931/779
f 825/931/780 814/919/780 822/930/780
f 785/884/781 819/918/781 788/1904/781
f 788/1905/782 815/922/782 786/1906/782
f 793/895/783 823/1907/783 820/924/783
f 823/929/784 792/1908/784 821/927/784
f 841/948/785 858/1909/785 855/966/785
f 847/1910/786 856/969/786 858/971/786
f 848/957/787 846/1911/787 842/951/787
f 846/956/788 850/963/788 843/954/788
f 849/960/789 868/977/789 853/1912/789
f 853/965/790 864/981/790 850/963/790
f 857/972/791 867/1913/791 863/978/791
f 860/1914/792 864/981/792 867/983/792
f 855/966/793 886/1915/793 883/1002/793
f 861/1916/794 884/1005/794 886/1007/794
f 890/1011/795 865/1917/795 862/975/795
f 896/1918/796 863/978/796 865/980/796
f 891/1014/797 888/1010/797 895/1919/797
f 895/1019/798 884/1005/798 892/1017/798
f 883/1002/799 872/1920/799 869/984/799
f 872/989/800 885/1008/800 870/987/800
f 876/993/801 893/1921/801 890/1011/801
f 893/1016/802 878/999/802 891/1014/802
f 877/996/803 874/992/803 881/1922/803
f 881/1001/804 870/987/804 878/999/804
f 869/984/805 844/1923/805 841/948/805
f 875/1924/806 842/951/806 844/953/806
f 849/960/807 879/1925/807 876/993/807
f 851/1926/808 877/996/808 879/998/808
f 897/1020/809 914/1927/809 911/1036/809
f 903/1928/810 912/1929/810 914/1930/810
f 898/1023/811 910/1030/811 902/1027/811
f 910/1030/812 899/1026/812 902/1027/812
f 905/1031/813 924/1046/813 909/1931/813
f 909/1035/814 920/1932/814 906/1034/814
f 919/1047/815 916/1043/815 923/1051/815
f 916/1043/816 920/1050/816 923/1051/816
f 939/1068/817 917/1038/817 942/1933/817
f 942/1073/818 913/1042/818 940/1071/818
f 946/1077/819 921/1934/819 918/1044/819
f 952/1935/820 919/1047/820 921/1049/820
f 941/1074/821 951/1084/821 947/1080/821
f 944/1076/822 948/1083/822 951/1084/822
f 939/1068/823 928/1056/823 925/1052/823
f 928/1936/824 941/1074/824 926/1937/824
f 932/1060/825 949/1938/825 946/1077/825
f 938/1939/826 947/1080/826 949/1082/826
f 927/1057/827 937/1067/827 933/1063/827
f 937/1067/828 926/1940/828 934/1066/828
f 897/1020/829 931/1054/829 900/1941/829
f 931/1942/830 898/1943/830 900/1944/830
f 932/1060/831 907/1033/831 935/1945/831
f 907/1946/832 933/1063/832 935/1065/832
f 953/1085/833 970/1947/833 967/1103/833
f 959/1948/834 968/1106/834 970/1108/834
f 960/1094/835 958/1949/835 954/1088/835
f 966/1950/836 955/1091/836 958/1093/836
f 974/1112/837 965/1951/837 961/1097/837
f 980/1952/838 962/1100/838 965/1102/838
f 969/1109/839 979/1953/839 975/1115/839
f 979/1120/840 968/1106/840 976/1118/840
f 995/1139/841 973/1105/841 998/1954/841
f 998/1144/842 969/1109/842 996/1142/842
f 1002/1148/843 977/1955/843 974/1112/843
f 977/1117/844 1004/1154/844 975/1115/844
f 1003/1151/845 1000/1147/845 1007/1956/845
f 1007/1156/846 996/1142/846 1004/1154/846
f 995/1139/847 984/1957/847 981/1121/847
f 984/1126/848 997/1145/848 982/1124/848
f 1002/1148/849 994/1132/849 1005/1958/849
f 1005/1153/850 990/1136/850 1003/1151/850
f 989/1133/851 986/1129/851 993/1959/851
f 986/1960/852 990/1136/852 993/1138/852
f 953/1085/853 987/1123/853 956/1961/853
f 956/1090/854 983/1127/854 954/1088/854
f 961/1097/855 991/1962/855 988/1130/855
f 963/1963/856 989/1133/856 991/1135/856
f 1009/1157/857 1026/1964/857 1023/1175/857
f 1015/1965/858 1024/1178/858 1026/1180/858
f 1010/1160/859 1022/1168/859 1014/1966/859
f 1014/1165/860 1018/1172/860 1011/1163/860
f 1017/1169/861 1036/1186/861 1021/1967/861
f 1036/1968/862 1018/1172/862 1021/1174/862
f 1025/1181/863 1035/1969/863 1031/1187/863
f 1035/1192/864 1024/1178/864 1032/1190/864
f 1051/1211/865 1029/1177/865 1054/1970/865
f 1029/1971/866 1052/1214/866 1054/1216/866
f 1058/1220/867 1033/1972/867 1030/1184/867
f 1064/1973/868 1031/1187/868 1033/1189/868
f 1053/1217/869 1063/1974/869 1059/1223/869
f 1063/1228/870 1052/1214/870 1060/1226/870
f 1051/1211/871 1040/1975/871 1037/1193/871
f 1040/1198/872 1053/1217/872 1038/1196/872
f 1044/1202/873 1061/1976/873 1058/1220/873
f 1061/1225/874 1046/1208/874 1059/1223/874
f 1039/1199/875 1049/1977/875 1045/1205/875
f 1049/1210/876 1038/1196/876 1046/1208/876
f 1037/1193/877 1012/1978/877 1009/1157/877
f 1043/1979/878 1010/1160/878 1012/1162/878
f 1017/1169/879 1047/1980/879 1044/1202/879
f 1047/1207/880 1016/1166/880 1045/1205/880
f 1065/1229/881 1082/1981/881 1079/1247/881
f 1071/1982/882 1080/1250/882 1082/1252/882
f 1066/1232/883 1078/1240/883 1070/1983/883
f 1070/1237/884 1074/1244/884 1067/1235/884
f 1086/1256/885 1077/1984/885 1073/1241/885
f 1077/1246/886 1088/1262/886 1074/1244/886
f 1081/1253/887 1091/1985/887 1087/1259/887
f 1084/1986/888 1088/1262/888 1091/1264/888
f 1107/1283/889 1085/1249/889 1110/1987/889
f 1085/1988/890 1108/1286/890 1110/1288/890
f 1114/1292/891 1089/1989/891 1086/1256/891
f 1089/1261/892 1116/1298/892 1087/1259/892
f 1109/1289/893 1119/1990/893 1115/1295/893
f 1112/1991/894 1116/1298/894 1119/1300/894
f 1093/1265/895 1113/1285/895 1096/1992/895
f 1113/1993/896 1094/1268/896 1096/1270/896
f 1114/1292/897 1106/1276/897 1117/1994/897
f 1106/1995/898 1115/1295/898 1117/1297/898
f 1101/1277/899 1098/1273/899 1105/1996/899
f 1098/1997/900 1102/1280/900 1105/1282/900
f 1065/1229/901 1099/1267/901 1068/1998/901
f 1099/1999/902 1066/1232/902 1068/1234/902
f 1073/1241/903 1103/2000/903 1100/1274/903
f 1075/2001/904 1101/1277/904 1103/1279/904
f 1135/1317/905 1127/1303/905 1138/2002/905
f 1127/2003/906 1136/2004/906 1138/2005/906
f 1128/1309/907 1126/1308/907 1122/1304/907
f 1134/1311/908 1123/1307/908 1126/1308/908
f 1142/1325/909 1133/2006/909 1129/1312/909
f 1133/1316/910 1144/2007/910 1130/1315/910
f 1137/1323/911 1147/1332/911 1143/1328/911
f 1140/1324/912 1144/1331/912 1147/1332/912
f 1135/1317/913 1166/2008/913 1163/1349/913
f 1166/2009/914 1137/1323/914 1164/2010/914
f 1170/1357/915 1145/2011/915 1142/1325/915
f 1176/2012/916 1143/1328/916 1145/1330/916
f 1165/1355/917 1175/1364/917 1171/1360/917
f 1168/1356/918 1172/1363/918 1175/1364/918
f 1163/1349/919 1152/2013/919 1149/1333/919
f 1152/2014/920 1165/1355/920 1150/2015/920
f 1156/1341/921 1173/2016/921 1170/1357/921
f 1162/2017/922 1171/1360/922 1173/1362/922
f 1151/1339/923 1161/1348/923 1157/1344/923
f 1161/1348/924 1150/1336/924 1158/1347/924
f 1149/1333/925 1124/2018/925 1121/1301/925
f 1155/2019/926 1122/2020/926 1124/2021/926
f 1129/1312/927 1159/2022/927 1156/1341/927
f 1131/2023/928 1157/1344/928 1159/1346/928
f 1191/1383/929 1183/1367/929 1194/2024/929
f 1183/2025/930 1192/1386/930 1194/1388/930
f 1184/1374/931 1182/2026/931 1178/1368/931
f 1190/2027/932 1179/1371/932 1182/1373/932
f 1198/1392/933 1189/2028/933 1185/1377/933
f 1204/2029/934 1186/1380/934 1189/1382/934
f 1193/1389/935 1203/2030/935 1199/1395/935
f 1196/2031/936 1200/1398/936 1203/1400/936
f 1191/1383/937 1222/2032/937 1219/1419/937
f 1197/2033/938 1220/1422/938 1222/1424/938
f 1198/1392/939 1232/1430/939 1201/2034/939
f 1232/2035/940 1199/1395/940 1201/1397/940
f 1221/1425/941 1231/2036/941 1227/1431/941
f 1231/1436/942 1220/1422/942 1228/1434/942
f 1205/1401/943 1225/1421/943 1208/2037/943
f 1225/2038/944 1206/1404/944 1208/1406/944
f 1212/1410/945 1229/2039/945 1226/1428/945
f 1218/2040/946 1227/1431/946 1229/1433/946
f 1207/1407/947 1217/2041/947 1213/1413/947
f 1217/1418/948 1206/1404/948 1214/1416/948
f 1205/1401/949 1180/2042/949 1177/1365/949
f 1180/1370/950 1207/1407/950 1178/1368/950
f 1185/1377/951 1215/2043/951 1212/1410/951
f 1215/1415/952 1184/1374/952 1213/1413/952
f 1247/1453/953 1239/1439/953 1250/2044/953
f 1239/2045/954 1248/1456/954 1250/1458/954
f 1234/1440/955 1246/1447/955 1238/1444/955
f 1246/1447/956 1235/1443/956 1238/1444/956
f 1241/1448/957 1260/1463/957 1245/2046/957
f 1260/2047/958 1242/2048/958 1245/2049/958
f 1249/1459/959 1259/1468/959 1255/1464/959
f 1259/1468/960 1248/1456/960 1256/1467/960
f 1247/1453/961 1278/2050/961 1275/1485/961
f 1278/1490/962 1249/2051/962 1276/1488/962
f 1282/1493/963 1257/2052/963 1254/1461/963
f 1257/2053/964 1284/1499/964 1255/2054/964
f 1277/1491/965 1287/1500/965 1283/1496/965
f 1280/1492/966 1284/1499/966 1287/1500/966
f 1275/1485/967 1264/2055/967 1261/1469/967
f 1264/1474/968 1277/2056/968 1262/1472/968
f 1282/1493/969 1274/1479/969 1285/2057/969
f 1285/2058/970 1270/1483/970 1283/2059/970
f 1263/1475/971 1273/1484/971 1269/1480/971
f 1266/1476/972 1270/1483/972 1273/1484/972
f 1233/1437/973 1267/1471/973 1236/2060/973
f 1267/2061/974 1234/1440/974 1236/1442/974
f 1241/1448/975 1271/2062/975 1268/1477/975
f 1271/2063/976 1240/1445/976 1269/2064/976
f 1289/1501/977 1306/2065/977 1303/1517/977
f 1295/2066/978 1304/2067/978 1306/2068/978
f 1296/1509/979 1294/1508/979 1290/1504/979
f 1302/1511/980 1291/1507/980 1294/1508/980
f 1297/1512/981 1316/1527/981 1301/2069/981
f 1316/2070/982 1298/1515/982 1301/1516/982
f 1311/1528/983 1308/1524/983 1315/1532/983
f 1308/1524/984 1312/1531/984 1315/1532/984
f 1303/1517/985 1334/2071/985 1331/1549/985
f 1309/2072/986 1332/2073/986 1334/2074/986
f 1338/1557/987 1313/2075/987 1310/1525/987
f 1313/2076/988 1340/1563/988 1311/2077/988
f 1333/1555/989 1343/1564/989 1339/1560/989
f 1336/1556/990 1340/1563/990 1343/1564/990
f 1317/1533/991 1337/1551/991 1320/2078/991
f 1337/2079/992 1318/2080/992 1320/2081/992
f 1324/1541/993 1341/2082/993 1338/1557/993
f 1341/1562/994 1326/2083/994 1339/1560/994
f 1325/1544/995 1322/1540/995 1329/1548/995
f 1329/1548/996 1318/1536/996 1326/1547/996
f 1289/1501/997 1323/1535/997 1292/2084/997
f 1323/2085/998 1290/1504/998 1292/1506/998
f 1324/1541/999 1299/1514/999 1327/2086/999
f 1299/2087/1000 1325/1544/1000 1327/1546/1000
f 1345/1565/1001 1362/2088/1001 1359/1581/1001
f 1362/2089/1002 1347/1571/1002 1360/2090/1002
f 1352/1573/1003 1350/1572/1003 1346/1568/1003
f 1358/1575/1004 1347/1571/1004 1350/1572/1004
f 1353/1576/1005 1372/1591/1005 1357/2091/1005
f 1372/2092/1006 1354/2093/1006 1357/2094/1006
f 1361/1587/1007 1371/1596/1007 1367/1592/1007
f 1364/1588/1008 1368/1595/1008 1371/1596/1008
f 1387/1613/1009 1365/1583/1009 1390/2095/1009
f 1390/1618/1010 1361/2096/1010 1388/1616/1010
f 1366/1589/1011 1400/1623/1011 1369/2097/1011
f 1400/2098/1012 1367/1592/1012 1369/1594/1012
f 1389/1619/1013 1399/1628/1013 1395/1624/1013
f 1392/1620/1014 1396/1627/1014 1399/1628/1014
f 1387/1613/1015 1376/2099/1015 1373/1597/1015
f 1376/1602/1016 1389/2100/1016 1374/1600/1016
f 1380/1605/1017 1397/2101/1017 1394/1621/1017
f 1386/2102/1018 1395/1624/1018 1397/1626/1018
f 1375/1603/1019 1385/1612/1019 1381/1608/1019
f 1385/1612/1020 1374/1600/1020 1382/1611/1020
f 1345/1565/1021 1379/1599/1021 1348/2103/1021
f 1348/2104/1022 1375/1603/1022 1346/2105/1022
f 1353/1576/1023 1383/2106/1023 1380/1605/1023
f 1383/2107/1024 1352/1573/1024 1381/2108/1024
f 1401/1629/1025 1418/2109/1025 1415/1646/1025
f 1418/1651/1026 1403/2110/1026 1416/1649/1026
f 1402/1632/1027 1414/1639/1027 1406/1636/1027
f 1414/2111/1028 1403/2110/1028 1406/2112/1028
f 1409/1640/1029 1428/1656/1029 1413/2113/1029
f 1428/2114/1030 1410/1643/1030 1413/1645/1030
f 1423/2115/1031 1420/1653/1031 1427/1662/1031
f 1420/1653/1032 1424/1660/1032 1427/1662/1032
f 1415/1646/1033 1446/2116/1033 1443/1681/1033
f 1421/2117/1034 1444/1684/1034 1446/1686/1034
f 1422/1654/1035 1456/1692/1035 1425/2118/1035
f 1456/2119/1036 1423/1657/1036 1425/1659/1036
f 1445/1687/1037 1455/2120/1037 1451/1693/1037
f 1455/1698/1038 1444/1684/1038 1452/1696/1038
f 1429/1663/1039 1449/1683/1039 1432/2121/1039
f 1432/1668/1040 1445/1687/1040 1430/1666/1040
f 1436/1672/1041 1453/2122/1041 1450/1690/1041
f 1453/1695/1042 1438/1678/1042 1451/1693/1042
f 1437/2123/1043 1434/2124/1043 1441/1680/1043
f 1441/1680/1044 1430/1666/1044 1438/1678/1044
f 1429/1663/1045 1404/2125/1045 1401/1629/1045
f 1404/1634/1046 1431/1669/1046 1402/1632/1046
f 1409/1640/1047 1439/2126/1047 1436/1672/1047
f 1411/2127/1048 1437/1675/1048 1439/1677/1048
f 43/45/1049 1/1/1049 15/17/1049
f 10/14/1050 16/20/1050 3/7/1050
f 37/40/1051 2/4/1051 31/36/1051
f 22/17/1052 36/31/1052 50/45/1052
f 23/10/1053 44/36/1053 17/4/1053
f 51/28/1054 30/7/1054 45/20/1054
f 99/97/1049 57/57/1049 71/73/1049
f 66/70/1050 72/76/1050 59/63/1050
f 93/93/1051 58/60/1051 87/89/1051
f 78/73/1052 92/85/1052 106/97/1052
f 79/66/1053 100/89/1053 73/60/1053
f 107/82/1054 86/63/1054 101/76/1054
f 155/159/1055 113/105/1055 127/123/1055
f 115/111/1056 136/138/1056 128/126/1056
f 149/153/1057 114/108/1057 143/147/1057
f 162/168/1058 121/117/1058 148/150/1058
f 135/135/1059 156/162/1059 129/129/1059
f 163/171/1060 142/144/1060 157/165/1060
f 211/227/1049 169/177/1049 183/193/1049
f 178/190/1061 184/196/1061 171/183/1061
f 205/221/1062 170/180/1062 199/216/1062
f 190/193/1052 204/210/1052 218/227/1052
f 191/204/1063 212/230/1063 185/199/1063
f 219/238/1064 198/213/1064 213/233/1064
f 267/294/1049 225/244/1049 239/260/1049
f 234/257/1061 240/263/1061 227/250/1061
f 261/288/1062 226/247/1062 255/283/1062
f 246/260/1052 260/277/1052 274/294/1052
f 247/271/1063 268/297/1063 241/266/1063
f 275/304/1064 254/280/1064 269/300/1064
f 323/364/1065 281/310/1065 295/328/1065
f 283/316/1066 304/343/1066 296/331/1066
f 311/352/1067 288/319/1067 282/313/1067
f 302/337/1068 316/355/1068 330/373/1068
f 303/340/1069 324/367/1069 297/334/1069
f 331/376/1070 310/349/1070 325/370/1070
f 351/398/1049 365/414/1049 337/382/1049
f 346/395/1071 352/401/1071 339/388/1071
f 373/424/1072 338/385/1072 367/420/1072
f 358/398/1052 372/414/1052 386/430/1052
f 359/408/1073 380/433/1073 353/404/1073
f 387/440/1074 366/417/1074 381/436/1074
f 435/496/1049 393/446/1049 407/462/1049
f 402/459/1075 408/465/1075 395/452/1075
f 429/490/1076 394/449/1076 423/485/1076
f 414/462/1052 428/479/1052 442/496/1052
f 415/473/1077 436/499/1077 409/468/1077
f 443/506/1078 422/482/1078 437/502/1078
f 491/554/1049 449/512/1049 463/526/1049
f 458/2128/1079 464/529/1079 451/1815/1079
f 485/549/1080 450/1815/1080 479/546/1080
f 498/562/1052 457/512/1052 484/540/1052
f 471/1809/1081 492/557/1081 465/1806/1081
f 499/564/1082 478/1811/1082 493/560/1082
f 519/585/1049 533/602/1049 505/569/1049
f 514/582/1074 520/588/1074 507/575/1074
f 541/612/1073 506/572/1073 535/608/1073
f 526/585/1052 540/602/1052 554/618/1052
f 527/596/1072 548/621/1072 521/591/1072
f 555/628/1071 534/605/1071 549/624/1071
f 603/683/1049 561/634/1049 575/650/1049
f 570/647/1078 576/653/1078 563/640/1078
f 597/677/1077 562/637/1077 591/672/1077
f 610/683/1052 569/634/1052 596/666/1052
f 583/660/1076 604/686/1076 577/656/1076
f 611/693/1075 590/669/1075 605/689/1075
f 659/741/1049 617/699/1049 631/713/1049
f 626/1851/1082 632/716/1082 619/1849/1082
f 653/1862/1081 618/702/1081 647/2129/1081
f 666/741/1052 625/699/1052 652/727/1052
f 639/1855/1080 660/744/1080 633/2130/1080
f 667/1858/1079 646/730/1079 661/1856/1079
f 715/803/1049 673/755/1049 687/771/1049
f 682/768/1083 688/774/1083 675/761/1083
f 709/797/1084 674/758/1084 703/793/1084
f 722/803/1052 681/755/1052 708/787/1052
f 695/781/1085 716/806/1085 689/777/1085
f 723/814/1086 702/790/1086 717/809/1086
f 743/836/1049 757/852/1049 729/820/1049
f 738/833/1087 744/839/1087 731/826/1087
f 765/862/1088 730/823/1088 759/858/1088
f 750/836/1052 764/852/1052 778/868/1052
f 751/846/1089 772/871/1089 745/842/1089
f 779/878/1090 758/855/1090 773/874/1090
f 827/932/1091 785/884/1091 799/900/1091
f 794/898/1092 800/1889/1092 787/890/1092
f 821/927/1093 786/1906/1093 815/922/1093
f 806/908/1094 820/924/1094 834/940/1094
f 807/911/1095 828/1895/1095 801/906/1095
f 829/938/1096 822/2131/1096 814/1900/1096
f 883/1002/1097 841/948/1097 855/966/1097
f 843/954/1098 864/981/1098 856/969/1098
f 877/996/1099 842/951/1099 871/990/1099
f 862/975/1100 876/993/1100 890/1011/1100
f 863/978/1101 884/1005/1101 857/972/1101
f 885/1008/1102 878/999/1102 870/987/1102
f 939/1068/1103 897/1020/1103 911/1036/1103
f 906/1034/1104 912/1929/1104 899/1026/1104
f 933/1063/1105 898/1943/1105 927/1057/1105
f 918/1044/1106 932/1060/1106 946/1077/1106
f 913/1042/1107 948/2132/1107 940/1071/1107
f 941/1074/1108 934/2133/1108 926/1937/1108
f 995/1139/1109 953/1085/1109 967/1103/1109
f 955/1091/1110 976/1118/1110 968/1106/1110
f 983/1127/1111 960/1094/1111 954/1088/1111
f 974/1112/1112 988/1130/1112 1002/1148/1112
f 975/1115/1113 996/1142/1113 969/1109/1113
f 997/1145/1114 990/1136/1114 982/1124/1114
f 1023/1175/1115 1037/1193/1115 1009/1157/1115
f 1018/1172/1116 1024/1178/1116 1011/1163/1116
f 1039/1199/1117 1016/1166/1117 1010/1160/1117
f 1030/1184/1118 1044/1202/1118 1058/1220/1118
f 1031/1187/1119 1052/1214/1119 1025/1181/1119
f 1059/1223/1120 1038/1196/1120 1053/1217/1120
f 1107/1283/1121 1065/1229/1121 1079/1247/1121
f 1074/1244/1122 1080/1250/1122 1067/1235/1122
f 1101/1277/1123 1066/1232/1123 1095/1271/1123
f 1086/1256/1124 1100/1274/1124 1114/1292/1124
f 1087/1259/1125 1108/1286/1125 1081/1253/1125
f 1115/1295/1126 1094/1268/1126 1109/1289/1126
f 1135/1317/1127 1149/1333/1127 1121/1301/1127
f 1123/1307/1128 1144/2007/1128 1136/2004/1128
f 1157/1344/1129 1122/2020/1129 1151/1339/1129
f 1170/1357/1130 1129/1312/1130 1156/1341/1130
f 1143/1328/1131 1164/2010/1131 1137/1323/1131
f 1165/1355/1132 1158/2134/1132 1150/2015/1132
f 1219/1419/1133 1177/1365/1133 1191/1383/1133
f 1186/1380/1134 1192/1386/1134 1179/1371/1134
f 1213/1413/1135 1178/1368/1135 1207/1407/1135
f 1198/1392/1136 1212/1410/1136 1226/1428/1136
f 1199/1395/1137 1220/1422/1137 1193/1389/1137
f 1227/1431/1138 1206/1404/1138 1221/1425/1138
f 1275/1485/1139 1233/1437/1139 1247/1453/1139
f 1242/2048/1140 1248/1456/1140 1235/2135/1140
f 1269/2064/1141 1234/1440/1141 1263/2136/1141
f 1254/1461/1142 1268/1477/1142 1282/1493/1142
f 1255/2054/1143 1276/1488/1143 1249/2051/1143
f 1283/2059/1144 1262/1472/1144 1277/2056/1144
f 1331/1549/1145 1289/1501/1145 1303/1517/1145
f 1298/1515/1146 1304/2067/1146 1291/1507/1146
f 1319/1539/1147 1296/2137/1147 1290/2138/1147
f 1310/1525/1148 1324/1541/1148 1338/1557/1148
f 1305/1523/1149 1340/2139/1149 1332/2073/1149
f 1339/1560/1150 1318/2080/1150 1333/1555/1150
f 1359/1581/1151 1373/1597/1151 1345/1565/1151
f 1354/1579/1152 1360/2090/1152 1347/1571/1152
f 1375/1603/1153 1352/2140/1153 1346/2105/1153
f 1394/1621/1154 1353/1576/1154 1380/1605/1154
f 1367/1592/1155 1388/2141/1155 1361/1587/1155
f 1389/1619/1156 1382/2142/1156 1374/2143/1156
f 1443/1681/1157 1401/1629/1157 1415/1646/1157
f 1403/2110/1158 1424/1660/1158 1416/1649/1158
f 1431/1669/1159 1408/1637/1159 1402/1632/1159
f 1422/1654/1160 1436/1672/1160 1450/1690/1160
f 1423/1657/1161 1444/1684/1161 1417/2144/1161
f 1451/1693/1162 1430/1666/1162 1445/1687/1162
f 1/1/1163 4/13/1163 5/2/1163
f 2/4/1164 6/24/1164 5/5/1164
f 3/7/1165 7/35/1165 5/8/1165
f 8/10/1166 11/27/1166 12/11/1166
f 9/1/1167 13/3/1167 12/2/1167
f 10/14/205 14/44/205 12/15/205
f 15/17/1168 18/25/1168 19/18/1168
f 16/20/194 20/51/194 19/21/194
f 17/4/1169 21/6/1169 19/23/1169
f 22/17/1170 25/19/1170 26/18/1170
f 23/10/1171 27/12/1171 26/26/1171
f 24/28/1172 28/54/1172 26/29/1172
f 29/31/138 32/39/138 33/32/138
f 30/7/176 34/9/176 33/34/176
f 31/36/1173 35/49/1173 33/37/1173
f 36/31/1174 39/33/1174 40/32/1174
f 37/40/1175 41/56/1175 40/41/1175
f 38/14/1176 42/16/1176 40/43/1176
f 43/45/1177 46/52/1177 47/46/1177
f 44/36/1178 48/38/1178 47/48/1178
f 45/20/1179 49/22/1179 47/50/1179
f 50/45/1180 53/47/1180 54/46/1180
f 51/28/209 55/30/209 54/53/209
f 52/40/1181 56/42/1181 54/55/1181
f 57/57/1182 60/69/1182 61/58/1182
f 58/60/182 62/79/182 61/61/182
f 59/63/1183 63/88/1183 61/64/1183
f 64/66/1184 67/81/1184 68/67/1184
f 65/57/1185 69/59/1185 68/58/1185
f 66/70/205 70/96/205 68/71/205
f 71/73/1186 74/80/1186 75/74/1186
f 72/76/194 76/101/194 75/77/194
f 73/60/1187 77/62/1187 75/61/1187
f 78/73/1188 81/75/1188 82/74/1188
f 79/66/191 83/68/191 82/67/191
f 80/82/1189 84/103/1189 82/83/1189
f 85/85/1190 88/92/1190 89/86/1190
f 86/63/176 90/65/176 89/64/176
f 87/89/1191 91/100/1191 89/90/1191
f 92/85/154 95/87/154 96/86/154
f 93/93/185 97/104/185 96/94/185
f 94/70/1192 98/72/1192 96/71/1192
f 99/97/1193 102/102/1193 103/98/1193
f 100/89/188 104/91/188 103/90/188
f 101/76/1194 105/78/1194 103/77/1194
f 106/97/1195 109/99/1195 110/98/1195
f 107/82/209 111/84/209 110/83/209
f 108/93/1196 112/95/1196 110/94/1196
f 113/105/1197 116/1716/1197 117/106/1197
f 114/108/1198 118/1701/1198 117/109/1198
f 115/111/1199 119/1700/1199 117/112/1199
f 120/114/1200 123/1719/1200 124/115/1200
f 121/117/1201 125/1703/1201 124/118/1201
f 122/120/1202 126/1702/1202 124/121/1202
f 127/123/1203 130/1699/1203 131/124/1203
f 128/126/1204 132/1706/1204 131/127/1204
f 129/129/1205 133/1708/1205 131/130/1205
f 134/132/1206 137/1709/1206 138/133/1206
f 135/135/1207 139/1705/1207 138/136/1207
f 136/138/1208 140/1704/1208 138/139/1208
f 141/141/1209 144/1712/1209 145/142/1209
f 142/144/1210 146/2145/1210 145/145/1210
f 143/147/1211 147/1717/1211 145/148/1211
f 148/150/1212 151/1718/1212 152/151/1212
f 149/153/1213 153/1715/1213 152/154/1213
f 150/156/1214 154/1714/1214 152/157/1214
f 155/159/1215 158/1707/1215 159/160/1215
f 156/162/1216 160/1711/1216 159/163/1216
f 157/165/1217 161/2146/1217 159/166/1217
f 162/168/1218 165/1713/1218 166/169/1218
f 163/171/1219 167/1710/1219 166/172/1219
f 164/174/1220 168/2147/1220 166/175/1220
f 169/177/1221 172/189/1221 173/178/1221
f 170/180/1222 174/1722/1222 173/181/1222
f 171/183/1223 175/1721/1223 173/184/1223
f 176/186/1224 179/1739/1224 180/187/1224
f 177/177/1225 181/179/1225 180/178/1225
f 178/190/1226 182/2148/1226 180/191/1226
f 183/193/1227 186/1720/1227 187/194/1227
f 184/196/1228 188/1725/1228 187/197/1228
f 185/199/1229 189/1727/1229 187/200/1229
f 190/193/1230 193/1728/1230 194/202/1230
f 191/204/1231 195/1724/1231 194/205/1231
f 192/207/1232 196/1723/1232 194/208/1232
f 197/210/1233 200/1732/1233 201/211/1233
f 198/213/1234 202/1736/1234 201/214/1234
f 199/216/1235 203/1737/1235 201/217/1235
f 204/210/1236 207/1738/1236 208/219/1236
f 205/221/1237 209/1735/1237 208/222/1237
f 206/224/1238 210/2149/1238 208/225/1238
f 211/227/1239 214/1726/1239 215/228/1239
f 212/230/1240 216/1731/1240 215/231/1240
f 213/233/1241 217/1733/1241 215/234/1241
f 218/227/1242 221/1734/1242 222/236/1242
f 219/238/1243 223/1730/1243 222/239/1243
f 220/241/1244 224/1729/1244 222/242/1244
f 225/244/1221 228/256/1221 229/245/1221
f 226/247/1245 230/1742/1245 229/248/1245
f 227/250/1223 231/1741/1223 229/251/1223
f 232/253/1224 235/1754/1224 236/254/1224
f 233/244/1225 237/246/1225 236/245/1225
f 234/257/1246 238/1743/1246 236/258/1246
f 239/260/1227 242/1740/1227 243/261/1227
f 240/263/1228 244/2150/1228 243/264/1228
f 241/266/1229 245/1746/1229 243/267/1229
f 246/260/1230 249/1747/1230 250/269/1230
f 247/271/1247 251/1745/1247 250/272/1247
f 248/274/1232 252/1744/1232 250/275/1232
f 253/277/1233 256/287/1233 257/278/1233
f 254/280/1234 258/2151/1234 257/281/1234
f 255/283/1235 259/1752/1235 257/284/1235
f 260/277/1236 263/1753/1236 264/286/1236
f 261/288/1248 265/1751/1248 264/289/1248
f 262/291/1238 266/1750/1238 264/292/1238
f 267/294/1239 270/303/1239 271/295/1239
f 268/297/1249 272/1749/1249 271/298/1249
f 269/300/1241 273/2152/1241 271/301/1241
f 274/294/1242 277/296/1242 278/295/1242
f 275/304/1243 279/1748/1243 278/305/1243
f 276/307/1244 280/2153/1244 278/308/1244
f 281/310/1250 284/1772/1250 285/311/1250
f 282/313/1251 286/1756/1251 285/314/1251
f 283/316/1252 287/2154/1252 285/317/1252
f 288/319/1253 291/1775/1253 292/320/1253
f 289/322/1254 293/1757/1254 292/323/1254
f 290/325/1255 294/2155/1255 292/326/1255
f 295/328/1256 298/1755/1256 299/329/1256
f 296/331/1257 300/2156/1257 299/332/1257
f 297/334/1258 301/1761/1258 299/335/1258
f 302/337/1259 305/1762/1259 306/338/1259
f 303/340/1260 307/1759/1260 306/341/1260
f 304/343/1261 308/1758/1261 306/344/1261
f 309/346/1262 312/1766/1262 313/347/1262
f 310/349/1263 314/1771/1263 313/350/1263
f 311/352/1264 315/1773/1264 313/353/1264
f 316/355/1265 319/1774/1265 320/356/1265
f 317/358/1266 321/1770/1266 320/359/1266
f 318/361/1267 322/1769/1267 320/362/1267
f 323/364/1268 326/1760/1268 327/365/1268
f 324/367/1269 328/1765/1269 327/368/1269
f 325/370/1270 329/1767/1270 327/371/1270
f 330/373/1271 333/1768/1271 334/374/1271
f 331/376/1272 335/1764/1272 334/377/1272
f 332/379/1273 336/1763/1273 334/380/1273
f 337/382/1274 340/394/1274 341/383/1274
f 338/385/1275 342/1777/1275 341/386/1275
f 339/388/1276 343/1776/1276 341/389/1276
f 344/391/1277 347/1789/1277 348/392/1277
f 345/382/5 349/384/5 348/383/5
f 346/395/1278 350/1778/1278 348/396/1278
f 351/398/1279 354/407/1279 355/399/1279
f 352/401/1280 356/1781/1280 355/402/1280
f 353/404/1281 357/1782/1281 355/405/1281
f 358/398/1282 361/400/1282 362/399/1282
f 359/408/1283 363/1780/1283 362/409/1283
f 360/411/1284 364/1779/1284 362/412/1284
f 365/414/1285 368/423/1285 369/415/1285
f 366/417/1286 370/2157/1286 369/418/1286
f 367/420/1287 371/2158/1287 369/421/1287
f 372/414/1288 375/416/1288 376/415/1288
f 373/424/1289 377/1788/1289 376/425/1289
f 374/427/1290 378/1787/1290 376/428/1290
f 379/430/1291 382/439/1291 383/431/1291
f 380/433/1292 384/1785/1292 383/434/1292
f 381/436/1293 385/1786/1293 383/437/1293
f 386/430/22 389/432/22 390/431/22
f 387/440/1294 391/1784/1294 390/441/1294
f 388/443/1295 392/1783/1295 390/444/1295
f 393/446/1296 396/458/1296 397/447/1296
f 394/449/1297 398/1791/1297 397/450/1297
f 395/452/1298 399/2159/1298 397/453/1298
f 400/455/1299 403/1804/1299 404/456/1299
f 401/446/1300 405/448/1300 404/447/1300
f 402/459/1301 406/1792/1301 404/460/1301
f 407/462/1302 410/1790/1302 411/463/1302
f 408/465/1303 412/1795/1303 411/466/1303
f 409/468/1304 413/2160/1304 411/469/1304
f 414/462/1305 417/464/1305 418/471/1305
f 415/473/1306 419/1794/1306 418/474/1306
f 416/476/1307 420/1793/1307 418/477/1307
f 421/479/1308 424/1799/1308 425/480/1308
f 422/482/1309 426/2161/1309 425/483/1309
f 423/485/1310 427/1802/1310 425/486/1310
f 428/479/1311 431/1803/1311 432/488/1311
f 429/490/1312 433/1801/1312 432/491/1312
f 430/493/1313 434/1800/1313 432/494/1313
f 435/496/7 438/505/7 439/497/7
f 436/499/1314 440/1798/1314 439/500/1314
f 437/502/1315 441/2162/1315 439/503/1315
f 442/496/1316 445/498/1316 446/497/1316
f 443/506/1317 447/1797/1317 446/507/1317
f 444/509/1318 448/1796/1318 446/510/1318
f 449/512/1319 452/523/1319 453/513/1319
f 450/515/42 454/519/42 453/516/42
f 451/518/1320 455/1805/1320 453/516/1320
f 456/520/1321 459/1817/1321 460/521/1321
f 457/512/1322 461/514/1322 460/513/1322
f 458/524/1323 462/522/1323 460/521/1323
f 463/526/1324 466/534/1324 467/527/1324
f 464/529/36 468/533/36 467/530/36
f 465/532/1325 469/2163/1325 467/530/1325
f 470/526/1326 473/528/1326 474/527/1326
f 471/535/28 475/539/28 474/536/28
f 472/538/1327 476/2164/1327 474/536/1327
f 477/540/1328 480/548/1328 481/541/1328
f 478/543/31 482/547/31 481/544/31
f 479/546/1329 483/1814/1329 481/544/1329
f 484/540/1330 487/542/1330 488/541/1330
f 485/549/44 489/553/44 488/550/44
f 486/552/1331 490/2165/1331 488/550/1331
f 491/554/1332 494/563/1332 495/555/1332
f 492/557/27 496/561/27 495/558/27
f 493/560/1333 497/1810/1333 495/558/1333
f 498/562/1334 501/556/1334 502/555/1334
f 499/564/34 503/568/34 502/565/34
f 500/567/1335 504/2166/1335 502/565/1335
f 505/569/1336 508/581/1336 509/570/1336
f 506/572/1292 510/1820/1292 509/573/1292
f 507/575/1293 511/1819/1293 509/576/1293
f 512/578/1295 515/1832/1295 516/579/1295
f 513/569/22 517/571/22 516/570/22
f 514/582/1294 518/1821/1294 516/583/1294
f 519/585/1337 522/595/1337 523/586/1337
f 520/588/1286 524/1824/1286 523/589/1286
f 521/591/1287 525/2167/1287 523/592/1287
f 526/585/1288 529/587/1288 530/594/1288
f 527/596/1289 531/1823/1289 530/597/1289
f 528/599/1290 532/1822/1290 530/600/1290
f 533/602/1279 536/611/1279 537/603/1279
f 534/605/1280 538/1831/1280 537/606/1280
f 535/608/1281 539/2168/1281 537/609/1281
f 540/602/1282 543/604/1282 544/603/1282
f 541/612/1283 545/1830/1283 544/613/1283
f 542/615/1284 546/1829/1284 544/616/1284
f 547/618/1338 550/627/1338 551/619/1338
f 548/621/1275 552/1827/1275 551/622/1275
f 549/624/1276 553/1828/1276 551/625/1276
f 554/618/5 557/620/5 558/619/5
f 555/628/1278 559/1826/1278 558/629/1278
f 556/631/1277 560/1825/1277 558/632/1277
f 561/634/7 564/646/7 565/635/7
f 562/637/1314 566/1833/1314 565/638/1314
f 563/640/1315 567/2169/1315 565/641/1315
f 568/643/1318 571/1848/1318 572/644/1318
f 569/634/1316 573/636/1316 572/635/1316
f 570/647/1317 574/1834/1317 572/648/1317
f 575/650/1308 578/659/1308 579/651/1308
f 576/653/1309 580/1837/1309 579/654/1309
f 577/656/1310 581/2170/1310 579/657/1310
f 582/650/1311 585/652/1311 586/651/1311
f 583/660/1312 587/1836/1312 586/661/1312
f 584/663/1313 588/1835/1313 586/664/1313
f 589/666/1302 592/1842/1302 593/667/1302
f 590/669/1303 594/2171/1303 593/670/1303
f 591/672/1304 595/2172/1304 593/673/1304
f 596/666/1305 599/1847/1305 600/675/1305
f 597/677/1306 601/1846/1306 600/678/1306
f 598/680/1307 602/1845/1307 600/681/1307
f 603/683/13 606/1838/13 607/684/13
f 604/686/1297 608/1841/1297 607/687/1297
f 605/689/1298 609/1843/1298 607/690/1298
f 610/683/1300 613/1844/1300 614/684/1300
f 611/693/1301 615/1840/1301 614/694/1301
f 612/696/1299 616/1839/1299 614/697/1299
f 617/699/1332 620/710/1332 621/700/1332
f 618/702/27 622/706/27 621/703/27
f 619/705/1333 623/2173/1333 621/703/1333
f 624/707/1335 627/1861/1335 628/708/1335
f 625/699/1334 629/701/1334 628/700/1334
f 626/711/34 630/709/34 628/708/34
f 631/713/1328 634/721/1328 635/714/1328
f 632/716/31 636/720/31 635/717/31
f 633/719/1329 637/2174/1329 635/717/1329
f 638/713/1330 641/715/1330 642/714/1330
f 639/722/44 643/726/44 642/723/44
f 640/725/1331 644/1850/1331 642/723/1331
f 645/727/1324 648/735/1324 649/728/1324
f 646/730/1339 650/734/1339 649/731/1339
f 647/733/1325 651/2175/1325 649/731/1325
f 652/727/1326 655/729/1326 656/728/1326
f 653/736/1340 657/740/1340 656/737/1340
f 654/739/1327 658/1857/1327 656/737/1327
f 659/741/1319 662/749/1319 663/742/1319
f 660/744/42 664/748/42 663/745/42
f 661/747/1320 665/2176/1320 663/745/1320
f 666/741/1341 669/743/1341 670/742/1341
f 667/750/39 671/754/39 670/751/39
f 668/753/1321 672/2177/1321 670/751/1321
f 673/755/1342 676/767/1342 677/756/1342
f 674/758/1343 678/1865/1343 677/759/1343
f 675/761/1344 679/1864/1344 677/762/1344
f 680/764/1345 683/1875/1345 684/765/1345
f 681/755/1346 685/757/1346 684/756/1346
f 682/768/1347 686/1866/1347 684/769/1347
f 687/771/1348 690/780/1348 691/772/1348
f 688/774/1349 692/2178/1349 691/775/1349
f 689/777/1350 693/2179/1350 691/778/1350
f 694/771/1351 697/773/1351 698/772/1351
f 695/781/1352 699/1867/1352 698/782/1352
f 696/784/1353 700/2180/1353 698/785/1353
f 701/787/1354 704/796/1354 705/788/1354
f 702/790/1355 706/2181/1355 705/791/1355
f 703/793/1356 707/1874/1356 705/794/1356
f 708/787/1357 711/789/1357 712/788/1357
f 709/797/1358 713/1873/1358 712/798/1358
f 710/800/1359 714/1872/1359 712/801/1359
f 715/803/1360 718/1868/1360 719/804/1360
f 716/806/1361 720/2182/1361 719/807/1361
f 717/809/1362 721/1870/1362 719/810/1362
f 722/803/1363 725/1871/1363 726/812/1363
f 723/814/1364 727/1869/1364 726/815/1364
f 724/817/1365 728/2183/1365 726/818/1365
f 729/820/1366 732/832/1366 733/821/1366
f 730/823/1367 734/1877/1367 733/824/1367
f 731/826/1368 735/1876/1368 733/827/1368
f 736/829/1369 739/1886/1369 740/830/1369
f 737/820/1370 741/822/1370 740/821/1370
f 738/833/1371 742/1878/1371 740/834/1371
f 743/836/1372 746/845/1372 747/837/1372
f 744/839/1373 748/2184/1373 747/840/1373
f 745/842/1374 749/2185/1374 747/843/1374
f 750/836/1375 753/838/1375 754/837/1375
f 751/846/1376 755/1880/1376 754/847/1376
f 752/849/1377 756/1879/1377 754/850/1377
f 757/852/1378 760/861/1378 761/853/1378
f 758/855/1379 762/2186/1379 761/856/1379
f 759/858/1380 763/1885/1380 761/859/1380
f 764/852/1381 767/854/1381 768/853/1381
f 765/862/1382 769/1884/1382 768/863/1382
f 766/865/1383 770/1883/1383 768/866/1383
f 771/868/1384 774/877/1384 775/869/1384
f 772/871/1385 776/2187/1385 775/872/1385
f 773/874/1386 777/2188/1386 775/875/1386
f 778/868/1387 781/870/1387 782/869/1387
f 779/878/1388 783/1882/1388 782/879/1388
f 780/881/1389 784/1881/1389 782/882/1389
f 785/884/1390 788/1904/1390 789/885/1390
f 786/887/1391 790/891/1391 789/888/1391
f 787/890/1392 791/1888/1392 789/888/1392
f 792/892/1393 795/2189/1393 796/893/1393
f 793/895/1394 797/1891/1394 796/896/1394
f 794/898/1395 798/894/1395 796/893/1395
f 799/900/1396 802/1887/1396 803/901/1396
f 800/903/1397 804/907/1397 803/904/1397
f 801/906/1398 805/2190/1398 803/904/1398
f 806/908/1399 809/1896/1399 810/909/1399
f 807/911/1400 811/915/1400 810/912/1400
f 808/914/1401 812/2191/1401 810/912/1401
f 813/916/1402 816/1898/1402 817/917/1402
f 814/919/1403 818/923/1403 817/920/1403
f 815/922/1404 819/2192/1404 817/920/1404
f 820/924/1405 823/1907/1405 824/925/1405
f 821/927/1406 825/931/1406 824/928/1406
f 822/930/1407 826/2193/1407 824/928/1407
f 827/932/1408 830/1893/1408 831/933/1408
f 828/935/1409 832/939/1409 831/936/1409
f 829/938/1410 833/1899/1410 831/936/1410
f 834/940/1411 837/1902/1411 838/941/1411
f 835/943/1412 839/947/1412 838/944/1412
f 836/946/1413 840/2194/1413 838/944/1413
f 841/948/1414 844/1923/1414 845/949/1414
f 842/951/1415 846/1911/1415 845/952/1415
f 843/954/1416 847/1910/1416 845/955/1416
f 848/957/1417 851/1926/1417 852/958/1417
f 849/960/1418 853/1912/1418 852/961/1418
f 850/963/1419 854/2195/1419 852/964/1419
f 855/966/1420 858/1909/1420 859/967/1420
f 856/969/1421 860/1914/1421 859/970/1421
f 857/972/1422 861/1916/1422 859/973/1422
f 862/975/1423 865/1917/1423 866/976/1423
f 863/978/1424 867/1913/1424 866/979/1424
f 864/981/1425 868/2196/1425 866/982/1425
f 869/984/1426 872/1920/1426 873/985/1426
f 870/987/1427 874/2197/1427 873/988/1427
f 871/990/1428 875/1924/1428 873/991/1428
f 876/993/1429 879/1925/1429 880/994/1429
f 877/996/1430 881/1922/1430 880/997/1430
f 878/999/1431 882/2198/1431 880/1000/1431
f 883/1002/1432 886/1915/1432 887/1003/1432
f 884/1005/1433 888/2199/1433 887/1006/1433
f 885/1008/1434 889/2200/1434 887/1009/1434
f 890/1011/1435 893/1921/1435 894/1012/1435
f 891/1014/1436 895/1919/1436 894/1015/1436
f 892/1017/1437 896/1918/1437 894/1018/1437
f 897/1020/1438 900/1941/1438 901/1021/1438
f 898/1023/1439 902/1027/1439 901/1024/1439
f 899/1026/1440 903/1928/1440 901/1024/1440
f 904/2201/1441 907/1946/1441 908/2202/1441
f 905/1031/1442 909/1931/1442 908/1032/1442
f 906/1034/1443 910/1030/1443 908/1029/1443
f 911/1036/1444 914/1927/1444 915/1037/1444
f 912/1039/1445 916/1043/1445 915/1040/1445
f 913/1042/1446 917/2203/1446 915/1040/1446
f 918/1044/1447 921/1934/1447 922/1045/1447
f 919/1047/1448 923/1051/1448 922/1048/1448
f 920/2204/1449 924/1046/1449 922/1045/1449
f 925/1052/1450 928/1056/1450 929/1053/1450
f 926/1940/1451 930/1059/1451 929/1058/1451
f 927/1057/1452 931/1942/1452 929/1058/1452
f 932/1060/1453 935/1945/1453 936/1061/1453
f 933/1063/1454 937/1067/1454 936/1064/1454
f 934/1066/1455 938/2205/1455 936/1064/1455
f 939/1068/1456 942/1933/1456 943/1069/1456
f 940/2206/1457 944/1076/1457 943/1075/1457
f 941/1074/1458 945/2207/1458 943/1075/1458
f 946/1077/1459 949/1938/1459 950/1078/1459
f 947/1080/1460 951/1084/1460 950/1081/1460
f 948/1083/1461 952/2208/1461 950/1081/1461
f 953/1085/1462 956/1961/1462 957/1086/1462
f 954/1088/1463 958/1949/1463 957/1089/1463
f 955/1091/1464 959/1948/1464 957/1092/1464
f 960/1094/1465 963/1963/1465 964/1095/1465
f 961/1097/1466 965/1951/1466 964/1098/1466
f 962/1100/1467 966/1950/1467 964/1101/1467
f 967/1103/1468 970/1947/1468 971/1104/1468
f 968/1106/1469 972/2209/1469 971/1107/1469
f 969/1109/1470 973/2210/1470 971/1110/1470
f 974/1112/1471 977/1955/1471 978/1113/1471
f 975/1115/1472 979/1953/1472 978/1116/1472
f 976/1118/1473 980/1952/1473 978/1119/1473
f 981/1121/1474 984/1957/1474 985/1122/1474
f 982/1124/1475 986/1960/1475 985/1125/1475
f 983/1127/1476 987/2211/1476 985/1128/1476
f 988/1130/1477 991/1962/1477 992/1131/1477
f 989/1133/1478 993/1959/1478 992/1134/1478
f 990/1136/1479 994/2212/1479 992/1137/1479
f 995/1139/1480 998/1954/1480 999/1140/1480
f 996/1142/1481 1000/2213/1481 999/1143/1481
f 997/1145/1482 1001/2214/1482 999/1146/1482
f 1002/1148/1483 1005/1958/1483 1006/1149/1483
f 1003/1151/1484 1007/1956/1484 1006/1152/1484
f 1004/1154/1485 1008/2215/1485 1006/1155/1485
f 1009/1157/1486 1012/1978/1486 1013/1158/1486
f 1010/1160/1487 1014/1966/1487 1013/1161/1487
f 1011/1163/1488 1015/1965/1488 1013/1164/1488
f 1016/1166/1489 1019/2216/1489 1020/1167/1489
f 1017/1169/1490 1021/1967/1490 1020/1170/1490
f 1018/1172/1491 1022/2217/1491 1020/1173/1491
f 1023/1175/1492 1026/1964/1492 1027/1176/1492
f 1024/1178/1493 1028/2218/1493 1027/1179/1493
f 1025/1181/1494 1029/1971/1494 1027/1182/1494
f 1030/1184/1495 1033/1972/1495 1034/1185/1495
f 1031/1187/1496 1035/1969/1496 1034/1188/1496
f 1032/1190/1497 1036/1968/1497 1034/1191/1497
f 1037/1193/1498 1040/1975/1498 1041/1194/1498
f 1038/1196/1499 1042/2219/1499 1041/1197/1499
f 1039/1199/1500 1043/1979/1500 1041/1200/1500
f 1044/1202/1501 1047/1980/1501 1048/1203/1501
f 1045/1205/1502 1049/1977/1502 1048/1206/1502
f 1046/1208/1503 1050/2220/1503 1048/1209/1503
f 1051/1211/1504 1054/1970/1504 1055/1212/1504
f 1052/1214/1505 1056/2221/1505 1055/1215/1505
f 1053/1217/1506 1057/2222/1506 1055/1218/1506
f 1058/1220/1507 1061/1976/1507 1062/1221/1507
f 1059/1223/1508 1063/1974/1508 1062/1224/1508
f 1060/1226/1509 1064/1973/1509 1062/1227/1509
f 1065/1229/1510 1068/1998/1510 1069/1230/1510
f 1066/1232/1511 1070/1983/1511 1069/1233/1511
f 1067/1235/1512 1071/1982/1512 1069/1236/1512
f 1072/1238/1513 1075/2001/1513 1076/1239/1513
f 1073/1241/1514 1077/1984/1514 1076/1242/1514
f 1074/1244/1515 1078/2223/1515 1076/1245/1515
f 1079/1247/1516 1082/1981/1516 1083/1248/1516
f 1080/1250/1517 1084/1986/1517 1083/1251/1517
f 1081/1253/1518 1085/1988/1518 1083/1254/1518
f 1086/1256/1519 1089/1989/1519 1090/1257/1519
f 1087/1259/1520 1091/1985/1520 1090/1260/1520
f 1088/1262/1521 1092/2224/1521 1090/1263/1521
f 1093/1265/1522 1096/1992/1522 1097/1266/1522
f 1094/1268/1523 1098/1997/1523 1097/1269/1523
f 1095/1271/1524 1099/1999/1524 1097/1272/1524
f 1100/1274/1525 1103/2000/1525 1104/1275/1525
f 1101/1277/1526 1105/1996/1526 1104/1278/1526
f 1102/1280/1527 1106/1995/1527 1104/1281/1527
f 1107/1283/1528 1110/1987/1528 1111/1284/1528
f 1108/1286/1529 1112/1991/1529 1111/1287/1529
f 1109/1289/1530 1113/1993/1530 1111/1290/1530
f 1114/1292/1531 1117/1994/1531 1118/1293/1531
f 1115/1295/1532 1119/1990/1532 1118/1296/1532
f 1116/1298/1533 1120/2225/1533 1118/1299/1533
f 1121/1301/1534 1124/2018/1534 1125/1302/1534
f 1122/1304/1535 1126/1308/1535 1125/1305/1535
f 1123/1307/1536 1127/2003/1536 1125/1305/1536
f 1128/1309/1537 1131/2226/1537 1132/1310/1537
f 1129/1312/1538 1133/2006/1538 1132/1313/1538
f 1130/1315/1539 1134/1311/1539 1132/1310/1539
f 1135/1317/1540 1138/2002/1540 1139/1318/1540
f 1136/1320/1541 1140/1324/1541 1139/1321/1541
f 1137/1323/1542 1141/2227/1542 1139/1321/1542
f 1142/1325/1543 1145/2011/1543 1146/1326/1543
f 1143/1328/1544 1147/1332/1544 1146/1329/1544
f 1144/1331/1545 1148/2228/1545 1146/1329/1545
f 1149/1333/1546 1152/2013/1546 1153/1334/1546
f 1150/1336/1547 1154/1340/1547 1153/1337/1547
f 1151/1339/1548 1155/2019/1548 1153/1337/1548
f 1156/1341/1549 1159/2022/1549 1160/1342/1549
f 1157/1344/1550 1161/1348/1550 1160/1345/1550
f 1158/1347/1551 1162/2229/1551 1160/1345/1551
f 1163/1349/1552 1166/2008/1552 1167/1350/1552
f 1164/1352/1553 1168/1356/1553 1167/1353/1553
f 1165/1355/1554 1169/2230/1554 1167/1353/1554
f 1170/1357/1555 1173/2016/1555 1174/1358/1555
f 1171/1360/1556 1175/1364/1556 1174/1361/1556
f 1172/1363/1557 1176/2231/1557 1174/1361/1557
f 1177/1365/1558 1180/2042/1558 1181/1366/1558
f 1178/1368/1559 1182/2026/1559 1181/1369/1559
f 1179/1371/1560 1183/2025/1560 1181/1372/1560
f 1184/1374/1561 1187/2232/1561 1188/1375/1561
f 1185/1377/1562 1189/2028/1562 1188/1378/1562
f 1186/1380/1563 1190/2027/1563 1188/1381/1563
f 1191/1383/1564 1194/2024/1564 1195/1384/1564
f 1192/1386/1565 1196/2031/1565 1195/1387/1565
f 1193/1389/1566 1197/2033/1566 1195/1390/1566
f 1198/1392/1567 1201/2034/1567 1202/1393/1567
f 1199/1395/1568 1203/2030/1568 1202/1396/1568
f 1200/1398/1569 1204/2029/1569 1202/1399/1569
f 1205/1401/1570 1208/2037/1570 1209/1402/1570
f 1206/1404/1571 1210/2233/1571 1209/1405/1571
f 1207/1407/1572 1211/2234/1572 1209/1408/1572
f 1212/1410/1573 1215/2043/1573 1216/1411/1573
f 1213/1413/1574 1217/2041/1574 1216/1414/1574
f 1214/1416/1575 1218/2040/1575 1216/1417/1575
f 1219/1419/1576 1222/2032/1576 1223/1420/1576
f 1220/1422/1577 1224/2235/1577 1223/1423/1577
f 1221/1425/1578 1225/2038/1578 1223/1426/1578
f 1226/1428/1579 1229/2039/1579 1230/1429/1579
f 1227/1431/1580 1231/2036/1580 1230/1432/1580
f 1228/1434/1581 1232/2035/1581 1230/1435/1581
f 1233/1437/1582 1236/2060/1582 1237/1438/1582
f 1234/1440/1583 1238/1444/1583 1237/1441/1583
f 1235/1443/1584 1239/2236/1584 1237/1441/1584
f 1240/1445/1585 1243/2237/1585 1244/1446/1585
f 1241/1448/1586 1245/2046/1586 1244/1449/1586
f 1242/1451/1587 1246/1447/1587 1244/1446/1587
f 1247/1453/1588 1250/2044/1588 1251/1454/1588
f 1248/1456/1589 1252/1460/1589 1251/1457/1589
f 1249/1459/1590 1253/2238/1590 1251/1457/1590
f 1254/1461/1591 1257/2052/1591 1258/1462/1591
f 1255/1464/1592 1259/1468/1592 1258/1465/1592
f 1256/1467/1593 1260/2047/1593 1258/1465/1593
f 1261/1469/1594 1264/2055/1594 1265/1470/1594
f 1262/1472/1595 1266/1476/1595 1265/1473/1595
f 1263/1475/1596 1267/2239/1596 1265/1473/1596
f 1268/1477/1597 1271/2062/1597 1272/1478/1597
f 1269/1480/1598 1273/1484/1598 1272/1481/1598
f 1270/1483/1599 1274/2240/1599 1272/1481/1599
f 1275/1485/1600 1278/2050/1600 1279/1486/1600
f 1276/1488/1601 1280/1492/1601 1279/1489/1601
f 1277/1491/1602 1281/2241/1602 1279/1489/1602
f 1282/1493/1603 1285/2057/1603 1286/1494/1603
f 1283/1496/1604 1287/1500/1604 1286/1497/1604
f 1284/1499/1605 1288/2242/1605 1286/1497/1605
f 1289/1501/1606 1292/2084/1606 1293/1502/1606
f 1290/1504/1607 1294/1508/1607 1293/1505/1607
f 1291/1507/1608 1295/2066/1608 1293/1505/1608
f 1296/1509/1609 1299/2243/1609 1300/1510/1609
f 1297/1512/1610 1301/2069/1610 1300/1513/1610
f 1298/1515/1611 1302/1511/1611 1300/1510/1611
f 1303/1517/1612 1306/2065/1612 1307/1518/1612
f 1304/1520/1613 1308/1524/1613 1307/1521/1613
f 1305/1523/1614 1309/2072/1614 1307/1521/1614
f 1310/1525/1615 1313/2075/1615 1314/1526/1615
f 1311/1528/1616 1315/1532/1616 1314/1529/1616
f 1312/1531/1617 1316/2244/1617 1314/1529/1617
f 1317/1533/1618 1320/2078/1618 1321/1534/1618
f 1318/1536/1619 1322/1540/1619 1321/1537/1619
f 1319/1539/1620 1323/2245/1620 1321/1537/1620
f 1324/1541/1621 1327/2086/1621 1328/1542/1621
f 1325/1544/1622 1329/1548/1622 1328/1545/1622
f 1326/1547/1623 1330/2246/1623 1328/1545/1623
f 1331/1549/1624 1334/2071/1624 1335/1550/1624
f 1332/1552/1625 1336/1556/1625 1335/1553/1625
f 1333/1555/1626 1337/2079/1626 1335/1553/1626
f 1338/1557/1627 1341/2082/1627 1342/1558/1627
f 1339/1560/1628 1343/1564/1628 1342/1561/1628
f 1340/1563/1629 1344/2247/1629 1342/1561/1629
f 1345/1565/1630 1348/2103/1630 1349/1566/1630
f 1346/1568/1631 1350/1572/1631 1349/1569/1631
f 1347/1571/1632 1351/2248/1632 1349/1569/1632
f 1352/1573/1633 1355/2249/1633 1356/1574/1633
f 1353/1576/1634 1357/2091/1634 1356/1577/1634
f 1354/1579/1635 1358/1575/1635 1356/1574/1635
f 1359/1581/1636 1362/2088/1636 1363/1582/1636
f 1360/1584/1637 1364/1588/1637 1363/1585/1637
f 1361/1587/1638 1365/2250/1638 1363/1585/1638
f 1366/1589/1639 1369/2097/1639 1370/1590/1639
f 1367/1592/1640 1371/1596/1640 1370/1593/1640
f 1368/1595/1641 1372/2092/1641 1370/1593/1641
f 1373/1597/1642 1376/2099/1642 1377/1598/1642
f 1374/1600/1643 1378/1604/1643 1377/1601/1643
f 1375/1603/1644 1379/2251/1644 1377/1601/1644
f 1380/1605/1645 1383/2106/1645 1384/1606/1645
f 1381/1608/1646 1385/1612/1646 1384/1609/1646
f 1382/1611/1647 1386/2252/1647 1384/1609/1647
f 1387/1613/1648 1390/2095/1648 1391/1614/1648
f 1388/1616/1649 1392/1620/1649 1391/1617/1649
f 1389/1619/1650 1393/2253/1650 1391/1617/1650
f 1394/1621/1651 1397/2101/1651 1398/1622/1651
f 1395/1624/1652 1399/1628/1652 1398/1625/1652
f 1396/1627/1653 1400/2254/1653 1398/1625/1653
f 1401/1629/1654 1404/2125/1654 1405/1630/1654
f 1402/1632/1655 1406/1636/1655 1405/1633/1655
f 1403/2110/1656 1407/2255/1656 1405/2256/1656
f 1408/1637/1657 1411/2127/1657 1412/1638/1657
f 1409/1640/1658 1413/2113/1658 1412/1641/1658
f 1410/1643/1659 1414/2111/1659 1412/1644/1659
f 1415/1646/1660 1418/2109/1660 1419/1647/1660
f 1416/1649/1661 1420/1653/1661 1419/1650/1661
f 1417/2144/1662 1421/2117/1662 1419/2257/1662
f 1422/1654/1663 1425/2118/1663 1426/1655/1663
f 1423/1657/1664 1427/2258/1664 1426/1658/1664
f 1424/1660/1665 1428/2114/1665 1426/1661/1665
f 1429/1663/1666 1432/2121/1666 1433/1664/1666
f 1430/1666/1667 1434/2124/1667 1433/1667/1667
f 1431/1669/1668 1435/2259/1668 1433/1670/1668
f 1436/1672/1669 1439/2126/1669 1440/1673/1669
f 1437/2123/1670 1441/1680/1670 1440/1679/1670
f 1438/1678/1671 1442/2260/1671 1440/1679/1671
f 1443/1681/1672 1446/2116/1672 1447/1682/1672
f 1444/1684/1673 1448/2261/1673 1447/1685/1673
f 1445/1687/1674 1449/2262/1674 1447/1688/1674
f 1450/1690/1675 1453/2122/1675 1454/1691/1675
f 1451/2263/1676 1455/1698/1676 1454/1697/1676
f 1452/1696/1677 1456/2119/1677 1454/1697/1677
f 1/1/546 7/3/546 18/25/546
f 7/35/547 3/7/547 16/20/547
f 8/10/548 14/12/548 6/24/548
f 14/44/549 10/14/549 3/7/549
f 22/17/550 28/25/550 13/3/550
f 28/54/551 24/28/551 10/14/551
f 17/4/552 20/24/552 27/12/552
f 20/51/553 16/20/553 24/28/553
f 43/45/554 15/17/554 21/19/554
f 21/6/555 17/4/555 44/36/555
f 22/17/556 50/45/556 56/52/556
f 56/42/557 52/40/557 23/10/557
f 45/20/558 48/51/558 55/30/558
f 48/38/559 44/36/559 52/40/559
f 43/45/560 49/47/560 32/39/560
f 49/22/561 45/20/561 30/7/561
f 36/31/562 42/39/562 53/47/562
f 42/16/563 38/14/563 51/28/563
f 31/36/564 34/38/564 41/56/564
f 34/9/565 30/7/565 38/14/565
f 1/1/566 29/31/566 35/33/566
f 35/49/567 31/36/567 2/4/567
f 36/31/568 9/1/568 11/13/568
f 11/27/569 8/10/569 37/40/569
f 57/57/546 63/59/546 74/80/546
f 63/88/547 59/63/547 72/76/547
f 64/66/548 70/68/548 62/79/548
f 70/96/549 66/70/549 59/63/549
f 78/73/550 84/80/550 69/59/550
f 84/103/551 80/82/551 66/70/551
f 79/66/552 73/60/552 76/79/552
f 76/101/553 72/76/553 80/82/553
f 71/73/554 77/75/554 102/102/554
f 77/62/555 73/60/555 100/89/555
f 106/97/556 112/102/556 81/75/556
f 112/95/557 108/93/557 79/66/557
f 101/76/558 104/101/558 111/84/558
f 104/91/559 100/89/559 108/93/559
f 99/97/560 105/99/560 88/92/560
f 105/78/561 101/76/561 86/63/561
f 92/85/562 98/92/562 109/99/562
f 98/72/563 94/70/563 107/82/563
f 93/93/564 87/89/564 90/91/564
f 90/65/565 86/63/565 94/70/565
f 85/85/566 91/87/566 60/69/566
f 91/100/567 87/89/567 58/60/567
f 65/57/568 67/69/568 95/87/568
f 67/81/569 64/66/569 93/93/569
f 113/105/570 119/107/570 130/1699/570
f 119/1700/571 115/111/571 128/126/571
f 120/114/572 126/116/572 118/1701/572
f 126/1702/573 122/120/573 115/111/573
f 134/132/574 140/134/574 125/1703/574
f 140/1704/1678 136/138/1678 122/120/1678
f 129/129/576 132/131/576 139/1705/576
f 132/1706/577 128/126/577 136/138/577
f 155/159/578 127/123/578 133/125/578
f 133/1708/579 129/129/579 156/162/579
f 162/168/580 168/170/580 137/1709/580
f 137/137/581 168/2147/581 164/174/581
f 157/165/582 160/167/582 167/1710/582
f 160/1711/583 156/162/583 164/174/583
f 155/159/584 161/161/584 144/1712/584
f 144/146/1679 161/2146/1679 157/165/1679
f 148/150/586 154/152/586 165/1713/586
f 154/1714/587 150/156/587 163/171/587
f 149/153/588 143/147/588 146/149/588
f 153/158/589 146/2145/589 142/144/589
f 141/141/590 147/143/590 116/1716/590
f 147/1717/591 143/147/591 114/108/591
f 148/150/592 121/117/592 123/119/592
f 123/1719/593 120/114/593 149/153/593
f 169/177/594 175/179/594 186/1720/594
f 175/1721/595 171/183/595 184/196/595
f 176/186/596 182/188/596 174/1722/596
f 174/185/597 182/2148/597 178/190/597
f 177/177/1680 190/193/1680 196/203/1680
f 196/1723/599 192/207/599 178/190/599
f 191/204/600 185/199/600 188/201/600
f 188/1725/601 184/196/601 192/207/601
f 183/193/618 189/195/618 214/1726/618
f 189/1727/603 185/199/603 212/230/603
f 218/227/604 224/237/604 193/1728/604
f 224/1729/605 220/241/605 191/204/605
f 219/238/606 213/233/606 216/235/606
f 216/1731/607 212/230/607 220/241/607
f 211/227/608 217/229/608 200/1732/608
f 217/1733/609 213/233/609 198/213/609
f 204/210/610 210/220/610 221/1734/610
f 221/240/611 210/2149/611 206/224/611
f 205/221/612 199/216/612 202/218/612
f 202/1736/613 198/213/613 206/224/613
f 197/210/620 203/212/620 172/189/620
f 203/1737/615 199/216/615 170/180/615
f 177/177/616 179/189/616 207/1738/616
f 179/1739/617 176/186/617 205/221/617
f 225/244/594 231/246/594 242/1740/594
f 231/1741/595 227/250/595 240/263/595
f 232/253/596 238/255/596 230/1742/596
f 238/1743/597 234/257/597 227/250/597
f 246/260/1680 252/270/1680 237/246/1680
f 252/1744/599 248/274/599 234/257/599
f 247/271/600 241/266/600 244/268/600
f 251/276/601 244/2150/601 240/263/601
f 239/260/618 245/262/618 270/303/618
f 245/1746/603 241/266/603 268/297/603
f 246/260/619 274/294/619 280/303/619
f 249/273/605 280/2153/605 276/307/605
f 269/300/606 272/302/606 279/1748/606
f 272/1749/607 268/297/607 276/307/607
f 253/277/608 267/294/608 273/296/608
f 256/282/609 273/2152/609 269/300/609
f 260/277/1681 266/287/1681 277/296/1681
f 266/1750/611 262/291/611 275/304/611
f 261/288/612 255/283/612 258/285/612
f 265/293/613 258/2151/613 254/280/613
f 253/277/620 259/279/620 228/256/620
f 259/1752/615 255/283/615 226/247/615
f 233/244/621 235/256/621 263/1753/621
f 235/1754/617 232/253/617 261/288/617
f 281/310/622 287/312/622 298/1755/622
f 298/333/623 287/2154/623 283/316/623
f 288/319/624 294/321/624 286/1756/624
f 286/318/1682 294/2155/1682 290/325/1682
f 289/322/626 302/337/626 308/339/626
f 308/1758/627 304/343/627 290/325/627
f 297/334/628 300/336/628 307/1759/628
f 307/345/629 300/2156/629 296/331/629
f 295/328/630 301/330/630 326/1760/630
f 301/1761/631 297/334/631 324/367/631
f 302/337/632 330/373/632 336/375/632
f 336/1763/633 332/379/633 303/340/633
f 325/370/634 328/372/634 335/1764/634
f 328/1765/635 324/367/635 332/379/635
f 309/346/636 323/364/636 329/366/636
f 329/1767/637 325/370/637 310/349/637
f 330/373/638 316/355/638 322/357/638
f 322/1769/639 318/361/639 331/376/639
f 311/352/640 314/354/640 321/1770/640
f 314/1771/641 310/349/641 318/361/641
f 309/346/642 315/348/642 284/1772/642
f 315/1773/643 311/352/643 282/313/643
f 289/322/644 291/324/644 319/1774/644
f 291/1775/645 288/319/645 317/358/645
f 337/382/646 343/384/646 354/407/646
f 343/1776/647 339/388/647 352/401/647
f 344/391/648 350/393/648 342/1777/648
f 350/1778/649 346/395/649 339/388/649
f 358/398/710 364/407/710 349/384/710
f 364/1779/651 360/411/651 346/395/651
f 353/404/652 356/406/652 363/1780/652
f 356/1781/653 352/401/653 360/411/653
f 351/398/654 357/400/654 382/439/654
f 357/1782/655 353/404/655 380/433/655
f 358/398/656 386/430/656 392/439/656
f 392/1783/657 388/443/657 359/408/657
f 381/436/658 384/438/658 391/1784/658
f 384/1785/659 380/433/659 388/443/659
f 379/430/660 385/432/660 368/423/660
f 385/1786/661 381/436/661 366/417/661
f 386/430/1683 372/414/1683 378/423/1683
f 378/1787/663 374/427/663 387/440/663
f 367/420/664 370/422/664 377/1788/664
f 377/429/665 370/2157/665 366/417/665
f 337/382/666 365/414/666 371/416/666
f 340/387/667 371/2158/667 367/420/667
f 345/382/668 347/394/668 375/416/668
f 347/1789/669 344/391/669 373/424/669
f 393/446/670 399/448/670 410/1790/670
f 410/467/671 399/2159/671 395/452/671
f 400/455/672 406/457/672 398/1791/672
f 406/1792/673 402/459/673 395/452/673
f 414/462/674 420/472/674 405/448/674
f 420/1793/675 416/476/675 402/459/675
f 409/468/676 412/470/676 419/1794/676
f 412/1795/677 408/465/677 416/476/677
f 407/462/678 413/464/678 438/505/678
f 438/501/679 413/2160/679 409/468/679
f 442/496/680 448/505/680 417/464/680
f 448/1796/681 444/509/681 415/473/681
f 437/502/682 440/504/682 447/1797/682
f 440/1798/683 436/499/683 444/509/683
f 421/479/684 435/496/684 441/498/684
f 424/484/685 441/2162/685 437/502/685
f 428/479/711 434/489/711 445/498/711
f 434/1800/687 430/493/687 443/506/687
f 429/490/688 423/485/688 426/487/688
f 433/495/689 426/2161/689 422/482/689
f 393/446/712 421/479/712 427/481/712
f 427/1802/691 423/485/691 394/449/691
f 428/479/1684 401/446/1684 403/458/1684
f 403/1804/693 400/455/693 429/490/693
f 449/512/694 455/514/694 466/534/694
f 455/1816/695 451/1815/695 464/529/695
f 456/520/558 462/522/558 454/519/558
f 462/522/565 458/524/565 451/518/565
f 470/526/696 476/534/696 461/514/696
f 476/1808/697 472/1809/697 458/524/697
f 465/532/548 468/533/548 475/539/548
f 468/533/564 464/529/564 472/538/564
f 463/526/698 469/528/698 494/563/698
f 469/1807/699 465/1806/699 492/557/699
f 470/526/700 498/562/700 504/563/700
f 473/1808/701 504/2166/701 500/567/701
f 493/560/553 496/561/553 503/568/553
f 496/561/549 492/557/549 500/567/549
f 491/554/702 497/556/702 480/548/702
f 497/1810/703 493/560/703 478/1811/703
f 484/540/704 490/548/704 501/556/704
f 501/2264/705 490/2165/705 486/552/705
f 479/546/559 482/547/559 489/553/559
f 482/547/552 478/543/552 486/552/552
f 477/540/706 483/542/706 452/523/706
f 483/1814/707 479/546/707 450/1815/707
f 457/512/708 459/523/708 487/542/708
f 459/2265/709 456/2128/709 485/549/709
f 505/569/660 511/571/660 522/595/660
f 511/1819/661 507/575/661 520/588/661
f 512/578/659 518/580/659 510/1820/659
f 518/1821/658 514/582/658 507/575/658
f 513/569/1683 526/585/1683 532/595/1683
f 532/1822/663 528/599/663 514/582/663
f 521/591/664 524/593/664 531/1823/664
f 524/1824/665 520/588/665 528/599/665
f 519/585/666 525/587/666 550/627/666
f 550/623/667 525/2167/667 521/591/667
f 554/618/668 560/627/668 529/587/668
f 560/1825/669 556/631/669 527/596/669
f 549/624/649 552/626/649 559/1826/649
f 552/1827/648 548/621/648 556/631/648
f 547/618/646 553/620/646 536/611/646
f 553/1828/647 549/624/647 534/605/647
f 554/618/650 540/602/650 546/611/650
f 546/1829/651 542/615/651 555/628/651
f 535/608/652 538/610/652 545/1830/652
f 538/1831/653 534/605/653 542/615/653
f 533/602/654 539/604/654 508/581/654
f 508/574/655 539/2168/655 535/608/655
f 513/569/656 515/581/656 543/604/656
f 515/1832/657 512/578/657 541/612/657
f 561/634/684 567/636/684 578/659/684
f 578/655/685 567/2169/685 563/640/685
f 568/643/683 574/645/683 566/1833/683
f 574/1834/682 570/647/682 563/640/682
f 569/634/711 582/650/711 588/659/711
f 588/1835/687 584/663/687 570/647/687
f 577/656/688 580/658/688 587/1836/688
f 580/1837/689 576/653/689 584/663/689
f 575/650/690 581/652/690 606/1838/690
f 606/688/691 581/2170/691 577/656/691
f 610/683/1684 616/692/1684 585/652/1684
f 616/1839/693 612/696/693 583/660/693
f 605/689/673 608/691/673 615/1840/673
f 608/1841/672 604/686/672 612/696/672
f 603/683/670 609/685/670 592/1842/670
f 609/1843/671 605/689/671 590/669/671
f 596/666/1685 602/676/1685 613/1844/1685
f 602/1845/675 598/680/675 611/693/675
f 597/677/676 591/672/676 594/674/676
f 601/682/677 594/2171/677 590/669/677
f 561/634/678 589/666/678 595/668/678
f 564/639/679 595/2172/679 591/672/679
f 569/634/1686 571/646/1686 599/1847/1686
f 571/1848/681 568/643/681 597/677/681
f 617/699/702 623/701/702 634/721/702
f 634/718/703 623/2266/703 619/1849/703
f 624/707/549 630/709/549 622/706/549
f 630/709/553 626/711/553 619/705/553
f 638/713/704 644/721/704 629/701/704
f 644/1850/705 640/725/705 626/1851/705
f 633/719/559 636/720/559 643/726/559
f 643/726/552 636/720/552 632/716/552
f 631/713/706 637/715/706 662/749/706
f 637/1853/707 633/2130/707 660/744/707
f 666/741/708 672/749/708 641/715/708
f 641/1854/709 672/2177/709 668/753/709
f 661/747/565 664/748/565 671/754/565
f 664/748/558 660/744/558 668/753/558
f 659/741/694 665/743/694 648/735/694
f 648/732/695 665/2267/695 661/1856/695
f 666/741/696 652/727/696 658/735/696
f 658/1857/697 654/739/697 667/1858/697
f 647/733/548 650/734/548 657/740/548
f 650/734/564 646/730/564 654/739/564
f 645/727/698 651/729/698 620/710/698
f 651/1860/699 647/2129/699 618/702/699
f 625/699/700 627/710/700 655/729/700
f 627/1861/701 624/707/701 653/1862/701
f 673/755/713 679/757/713 690/780/713
f 679/1864/714 675/761/714 688/774/714
f 680/764/715 686/766/715 678/1865/715
f 686/1866/716 682/768/716 675/761/716
f 694/771/717 700/780/717 685/757/717
f 685/770/718 700/2180/718 696/784/718
f 689/777/719 692/779/719 699/1867/719
f 699/786/720 692/2178/720 688/774/720
f 687/771/721 693/773/721 718/1868/721
f 718/808/722 693/2179/722 689/777/722
f 722/803/723 728/813/723 697/773/723
f 697/783/724 728/2183/724 724/817/724
f 717/809/725 720/811/725 727/1869/725
f 727/819/726 720/2182/726 716/806/726
f 701/787/727 715/803/727 721/805/727
f 721/1870/728 717/809/728 702/790/728
f 708/787/729 714/796/729 725/1871/729
f 714/1872/730 710/800/730 723/814/730
f 703/793/731 706/795/731 713/1873/731
f 713/802/732 706/2181/732 702/790/732
f 701/787/733 707/789/733 676/767/733
f 707/1874/734 703/793/734 674/758/734
f 681/755/735 683/767/735 711/789/735
f 683/1875/736 680/764/736 709/797/736
f 743/836/737 729/820/737 735/822/737
f 735/1876/738 731/826/738 744/839/738
f 730/823/739 736/829/739 742/831/739
f 742/1878/740 738/833/740 731/826/740
f 750/836/741 756/845/741 741/822/741
f 756/1879/742 752/849/742 738/833/742
f 745/842/743 748/844/743 755/1880/743
f 755/851/744 748/2184/744 744/839/744
f 743/836/745 749/838/745 774/877/745
f 774/873/746 749/2185/746 745/842/746
f 750/836/747 778/868/747 784/877/747
f 784/1881/748 780/881/748 751/846/748
f 773/874/749 776/876/749 783/1882/749
f 783/883/750 776/2187/750 772/871/750
f 771/868/751 777/870/751 760/861/751
f 760/857/752 777/2188/752 773/874/752
f 778/868/753 764/852/753 770/861/753
f 770/1883/754 766/865/754 779/878/754
f 759/858/755 762/860/755 769/1884/755
f 769/867/756 762/2186/756 758/855/756
f 729/820/757 757/852/757 763/854/757
f 763/1885/758 759/858/758 730/823/758
f 737/820/759 739/832/759 767/854/759
f 739/1886/760 736/829/760 765/862/760
f 785/884/761 791/886/761 802/1887/761
f 791/1888/762 787/890/762 800/1889/762
f 786/887/763 792/892/763 798/894/763
f 790/891/764 798/894/764 794/898/764
f 806/908/765 812/910/765 797/1891/765
f 812/1892/766 808/2268/766 794/898/766
f 801/906/767 804/907/767 811/915/767
f 804/907/768 800/903/768 808/914/768
f 827/932/769 799/900/769 805/902/769
f 830/1894/770 805/2190/770 801/906/770
f 834/940/771 840/942/771 809/1896/771
f 809/913/772 840/2269/772 836/1897/772
f 835/943/773 829/938/773 832/939/773
f 839/947/774 832/939/774 828/935/774
f 827/932/1687 833/934/1687 816/1898/1687
f 833/1899/776 829/938/776 814/1900/776
f 834/940/777 820/924/777 826/926/777
f 826/1903/778 822/2131/778 835/943/778
f 821/927/779 815/922/779 818/923/779
f 825/931/780 818/923/780 814/919/780
f 785/884/781 813/916/781 819/918/781
f 788/1905/782 819/2192/782 815/922/782
f 793/895/783 795/897/783 823/1907/783
f 823/929/784 795/2270/784 792/1908/784
f 841/948/785 847/950/785 858/1909/785
f 847/1910/786 843/954/786 856/969/786
f 848/957/787 854/959/787 846/1911/787
f 846/956/788 854/2195/788 850/963/788
f 849/960/789 862/975/789 868/977/789
f 853/965/790 868/2196/790 864/981/790
f 857/972/791 860/974/791 867/1913/791
f 860/1914/792 856/969/792 864/981/792
f 855/966/793 861/968/793 886/1915/793
f 861/1916/794 857/972/794 884/1005/794
f 890/1011/795 896/1013/795 865/1917/795
f 896/1918/796 892/1017/796 863/978/796
f 891/1014/797 885/1008/797 888/1010/797
f 895/1019/798 888/2199/798 884/1005/798
f 883/1002/799 889/1004/799 872/1920/799
f 872/989/800 889/2200/800 885/1008/800
f 876/993/801 882/995/801 893/1921/801
f 893/1016/802 882/2198/802 878/999/802
f 877/996/803 871/990/803 874/992/803
f 881/1001/804 874/2197/804 870/987/804
f 869/984/805 875/986/805 844/1923/805
f 875/1924/806 871/990/806 842/951/806
f 849/960/807 851/962/807 879/1925/807
f 851/1926/808 848/957/808 877/996/808
f 897/1020/809 903/1022/809 914/1927/809
f 903/1928/810 899/1026/810 912/1929/810
f 898/1023/811 904/1028/811 910/1030/811
f 910/1030/812 906/1034/812 899/1026/812
f 905/1031/813 918/1044/813 924/1046/813
f 909/1035/814 924/2271/814 920/1932/814
f 919/1047/815 913/1042/815 916/1043/815
f 916/1043/816 912/1039/816 920/1050/816
f 939/1068/817 911/1036/817 917/1038/817
f 942/1073/818 917/2203/818 913/1042/818
f 946/1077/819 952/1079/819 921/1934/819
f 952/1935/820 948/2132/820 919/1047/820
f 941/1074/821 944/1076/821 951/1084/821
f 944/1076/822 940/2206/822 948/1083/822
f 939/1068/823 945/1070/823 928/1056/823
f 928/1936/824 945/2207/824 941/1074/824
f 932/1060/825 938/1062/825 949/1938/825
f 938/1939/826 934/2133/826 947/1080/826
f 927/1057/827 930/1059/827 937/1067/827
f 937/1067/828 930/1059/828 926/1940/828
f 897/1020/829 925/1052/829 931/1054/829
f 931/1942/830 927/1057/830 898/1943/830
f 932/1060/831 905/1031/831 907/1033/831
f 907/1946/832 904/2201/832 933/1063/832
f 953/1085/833 959/1087/833 970/1947/833
f 959/1948/834 955/1091/834 968/1106/834
f 960/1094/835 966/1096/835 958/1949/835
f 966/1950/836 962/1100/836 955/1091/836
f 974/1112/837 980/1114/837 965/1951/837
f 980/1952/838 976/1118/838 962/1100/838
f 969/1109/839 972/1111/839 979/1953/839
f 979/1120/840 972/2209/840 968/1106/840
f 995/1139/841 967/1103/841 973/1105/841
f 998/1144/842 973/2210/842 969/1109/842
f 1002/1148/843 1008/1150/843 977/1955/843
f 977/1117/844 1008/2215/844 1004/1154/844
f 1003/1151/845 997/1145/845 1000/1147/845
f 1007/1156/846 1000/2213/846 996/1142/846
f 995/1139/847 1001/1141/847 984/1957/847
f 984/1126/848 1001/2214/848 997/1145/848
f 1002/1148/849 988/1130/849 994/1132/849
f 1005/1153/850 994/2212/850 990/1136/850
f 989/1133/851 983/1127/851 986/1129/851
f 986/1960/852 982/1124/852 990/1136/852
f 953/1085/853 981/1121/853 987/1123/853
f 956/1090/854 987/2211/854 983/1127/854
f 961/1097/855 963/1099/855 991/1962/855
f 963/1963/856 960/1094/856 989/1133/856
f 1009/1157/857 1015/1159/857 1026/1964/857
f 1015/1965/858 1011/1163/858 1024/1178/858
f 1010/1160/859 1016/1166/859 1022/1168/859
f 1014/1165/860 1022/2217/860 1018/1172/860
f 1017/1169/861 1030/1184/861 1036/1186/861
f 1036/1968/862 1032/1190/862 1018/1172/862
f 1025/1181/863 1028/1183/863 1035/1969/863
f 1035/1192/864 1028/2218/864 1024/1178/864
f 1051/1211/865 1023/1175/865 1029/1177/865
f 1029/1971/866 1025/1181/866 1052/1214/866
f 1058/1220/867 1064/1222/867 1033/1972/867
f 1064/1973/868 1060/1226/868 1031/1187/868
f 1053/1217/869 1056/1219/869 1063/1974/869
f 1063/1228/870 1056/2221/870 1052/1214/870
f 1051/1211/871 1057/1213/871 1040/1975/871
f 1040/1198/872 1057/2222/872 1053/1217/872
f 1044/1202/873 1050/1204/873 1061/1976/873
f 1061/1225/874 1050/2220/874 1046/1208/874
f 1039/1199/875 1042/1201/875 1049/1977/875
f 1049/1210/876 1042/2219/876 1038/1196/876
f 1037/1193/877 1043/1195/877 1012/1978/877
f 1043/1979/878 1039/1199/878 1010/1160/878
f 1017/1169/879 1019/1171/879 1047/1980/879
f 1047/1207/880 1019/2216/880 1016/1166/880
f 1065/1229/881 1071/1231/881 1082/1981/881
f 1071/1982/882 1067/1235/882 1080/1250/882
f 1066/1232/883 1072/1238/883 1078/1240/883
f 1070/1237/884 1078/2223/884 1074/1244/884
f 1086/1256/885 1092/1258/885 1077/1984/885
f 1077/1246/886 1092/2224/886 1088/1262/886
f 1081/1253/887 1084/1255/887 1091/1985/887
f 1084/1986/888 1080/1250/888 1088/1262/888
f 1107/1283/889 1079/1247/889 1085/1249/889
f 1085/1988/890 1081/1253/890 1108/1286/890
f 1114/1292/891 1120/1294/891 1089/1989/891
f 1089/1261/892 1120/2225/892 1116/1298/892
f 1109/1289/1688 1112/1291/1688 1119/1990/1688
f 1112/1991/894 1108/1286/894 1116/1298/894
f 1093/1265/895 1107/1283/895 1113/1285/895
f 1113/1993/896 1109/1289/896 1094/1268/896
f 1114/1292/897 1100/1274/897 1106/1276/897
f 1106/1995/898 1102/1280/898 1115/1295/898
f 1101/1277/899 1095/1271/899 1098/1273/899
f 1098/1997/900 1094/1268/900 1102/1280/900
f 1065/1229/901 1093/1265/901 1099/1267/901
f 1099/1999/902 1095/1271/902 1066/1232/902
f 1073/1241/903 1075/1243/903 1103/2000/903
f 1075/2001/904 1072/1238/904 1101/1277/904
f 1135/1317/905 1121/1301/905 1127/1303/905
f 1127/2003/906 1123/1307/906 1136/2004/906
f 1128/1309/907 1134/1311/907 1126/1308/907
f 1134/1311/908 1130/1315/908 1123/1307/908
f 1142/1325/909 1148/1327/909 1133/2006/909
f 1133/1316/910 1148/2272/910 1144/2007/910
f 1137/1323/911 1140/1324/911 1147/1332/911
f 1140/1324/912 1136/1320/912 1144/1331/912
f 1135/1317/913 1141/1319/913 1166/2008/913
f 1166/2009/914 1141/2227/914 1137/1323/914
f 1170/1357/915 1176/1359/915 1145/2011/915
f 1176/2012/916 1172/2273/916 1143/1328/916
f 1165/1355/917 1168/1356/917 1175/1364/917
f 1168/1356/918 1164/1352/918 1172/1363/918
f 1163/1349/919 1169/1351/919 1152/2013/919
f 1152/2014/920 1169/2230/920 1165/1355/920
f 1156/1341/921 1162/1343/921 1173/2016/921
f 1162/2017/922 1158/2134/922 1171/1360/922
f 1151/1339/923 1154/1340/923 1161/1348/923
f 1161/1348/924 1154/1340/924 1150/1336/924
f 1149/1333/925 1155/1335/925 1124/2018/925
f 1155/2019/926 1151/1339/926 1122/2020/926
f 1129/1312/927 1131/1314/927 1159/2022/927
f 1131/2023/928 1128/2274/928 1157/1344/928
f 1191/1383/929 1177/1365/929 1183/1367/929
f 1183/2025/930 1179/1371/930 1192/1386/930
f 1184/1374/931 1190/1376/931 1182/2026/931
f 1190/2027/932 1186/1380/932 1179/1371/932
f 1198/1392/933 1204/1394/933 1189/2028/933
f 1204/2029/934 1200/1398/934 1186/1380/934
f 1193/1389/935 1196/1391/935 1203/2030/935
f 1196/2031/936 1192/1386/936 1200/1398/936
f 1191/1383/937 1197/1385/937 1222/2032/937
f 1197/2033/938 1193/1389/938 1220/1422/938
f 1198/1392/939 1226/1428/939 1232/1430/939
f 1232/2035/940 1228/1434/940 1199/1395/940
f 1221/1425/941 1224/1427/941 1231/2036/941
f 1231/1436/942 1224/2235/942 1220/1422/942
f 1205/1401/943 1219/1419/943 1225/1421/943
f 1225/2038/944 1221/1425/944 1206/1404/944
f 1212/1410/945 1218/1412/945 1229/2039/945
f 1218/2040/946 1214/1416/946 1227/1431/946
f 1207/1407/947 1210/1409/947 1217/2041/947
f 1217/1418/948 1210/2233/948 1206/1404/948
f 1205/1401/949 1211/1403/949 1180/2042/949
f 1180/1370/950 1211/2234/950 1207/1407/950
f 1185/1377/951 1187/1379/951 1215/2043/951
f 1215/1415/952 1187/2232/952 1184/1374/952
f 1247/1453/953 1233/1437/953 1239/1439/953
f 1239/2045/954 1235/2135/954 1248/1456/954
f 1234/1440/955 1240/1445/955 1246/1447/955
f 1246/1447/1689 1242/1451/1689 1235/1443/1689
f 1241/1448/957 1254/1461/957 1260/1463/957
f 1260/2047/958 1256/1467/958 1242/2048/958
f 1249/1459/959 1252/1460/959 1259/1468/959
f 1259/1468/1690 1252/1460/1690 1248/1456/1690
f 1247/1453/961 1253/1455/961 1278/2050/961
f 1278/1490/962 1253/2275/962 1249/2051/962
f 1282/1493/963 1288/1495/963 1257/2052/963
f 1257/2053/964 1288/2242/964 1284/1499/964
f 1277/1491/1691 1280/1492/1691 1287/1500/1691
f 1280/1492/966 1276/1488/966 1284/1499/966
f 1275/1485/967 1281/1487/967 1264/2055/967
f 1264/1474/968 1281/2276/968 1277/2056/968
f 1282/1493/969 1268/1477/969 1274/1479/969
f 1285/2058/970 1274/2240/970 1270/1483/970
f 1263/1475/971 1266/1476/971 1273/1484/971
f 1266/1476/972 1262/1472/972 1270/1483/972
f 1233/1437/973 1261/1469/973 1267/1471/973
f 1267/2061/974 1263/2136/974 1234/1440/974
f 1241/1448/975 1243/1450/975 1271/2062/975
f 1271/2063/976 1243/2237/976 1240/1445/976
f 1289/1501/977 1295/1503/977 1306/2065/977
f 1295/2066/978 1291/1507/978 1304/2067/978
f 1296/1509/979 1302/1511/979 1294/1508/979
f 1302/1511/980 1298/1515/980 1291/1507/980
f 1297/1512/981 1310/1525/981 1316/1527/981
f 1316/2070/982 1312/2277/982 1298/1515/982
f 1311/1528/983 1305/1523/983 1308/1524/983
f 1308/1524/1692 1304/1520/1692 1312/1531/1692
f 1303/1517/985 1309/1519/985 1334/2071/985
f 1309/2072/986 1305/1523/986 1332/2073/986
f 1338/1557/987 1344/1559/987 1313/2075/987
f 1313/2076/988 1344/2247/988 1340/1563/988
f 1333/1555/989 1336/1556/989 1343/1564/989
f 1336/1556/990 1332/1552/990 1340/1563/990
f 1317/1533/991 1331/1549/991 1337/1551/991
f 1337/2079/992 1333/1555/992 1318/2080/992
f 1324/1541/993 1330/1543/993 1341/2082/993
f 1341/1562/994 1330/2278/994 1326/2083/994
f 1325/1544/995 1319/1539/995 1322/1540/995
f 1329/1548/996 1322/1540/996 1318/1536/996
f 1289/1501/997 1317/1533/997 1323/1535/997
f 1323/2085/998 1319/2279/998 1290/1504/998
f 1324/1541/999 1297/1512/999 1299/1514/999
f 1299/2087/1000 1296/2137/1000 1325/1544/1000
f 1345/1565/1001 1351/1567/1001 1362/2088/1001
f 1362/2089/1002 1351/2248/1002 1347/1571/1002
f 1352/1573/1003 1358/1575/1003 1350/1572/1003
f 1358/1575/1004 1354/1579/1004 1347/1571/1004
f 1353/1576/1005 1366/1589/1005 1372/1591/1005
f 1372/2092/1006 1368/1595/1006 1354/2093/1006
f 1361/1587/1693 1364/1588/1693 1371/1596/1693
f 1364/1588/1008 1360/1584/1008 1368/1595/1008
f 1387/1613/1009 1359/1581/1009 1365/1583/1009
f 1390/1618/1010 1365/2280/1010 1361/2096/1010
f 1366/1589/1011 1394/1621/1011 1400/1623/1011
f 1400/2098/1012 1396/2281/1012 1367/1592/1012
f 1389/1619/1013 1392/1620/1013 1399/1628/1013
f 1392/1620/1014 1388/1616/1014 1396/1627/1014
f 1387/1613/1015 1393/1615/1015 1376/2099/1015
f 1376/1602/1016 1393/2282/1016 1389/2100/1016
f 1380/1605/1017 1386/1607/1017 1397/2101/1017
f 1386/2102/1018 1382/2142/1018 1395/1624/1018
f 1375/1603/1694 1378/1604/1694 1385/1612/1694
f 1385/1612/1695 1378/1604/1695 1374/1600/1695
f 1345/1565/1021 1373/1597/1021 1379/1599/1021
f 1348/2104/1022 1379/2251/1022 1375/1603/1022
f 1353/1576/1023 1355/1578/1023 1383/2106/1023
f 1383/2107/1024 1355/2249/1024 1352/1573/1024
f 1401/1629/1025 1407/1631/1025 1418/2109/1025
f 1418/1651/1696 1407/2255/1696 1403/2110/1696
f 1402/1632/1027 1408/1637/1027 1414/1639/1027
f 1414/2111/1697 1410/1643/1697 1403/2110/1697
f 1409/1640/1029 1422/1654/1029 1428/1656/1029
f 1428/2114/1030 1424/1660/1030 1410/1643/1030
f 1423/2115/1031 1417/1652/1031 1420/1653/1031
f 1420/1653/1032 1416/1649/1032 1424/1660/1032
f 1415/1646/1033 1421/1648/1033 1446/2116/1033
f 1421/2117/1034 1417/2144/1034 1444/1684/1034
f 1422/1654/1035 1450/1690/1035 1456/1692/1035
f 1456/2119/1036 1452/1696/1036 1423/1657/1036
f 1445/1687/1698 1448/1689/1698 1455/2120/1698
f 1455/1698/1038 1448/2261/1038 1444/1684/1038
f 1429/1663/1039 1443/1681/1039 1449/1683/1039
f 1432/1668/1040 1449/2262/1040 1445/1687/1040
f 1436/1672/1041 1442/1674/1041 1453/2122/1041
f 1453/1695/1699 1442/2260/1699 1438/1678/1699
f 1437/2123/1043 1431/2283/1043 1434/2124/1043
f 1441/1680/1044 1434/2124/1044 1430/1666/1044
f 1429/1663/1045 1435/1665/1045 1404/2125/1045
f 1404/1634/1046 1435/2259/1046 1431/1669/1046
f 1409/1640/1047 1411/1642/1047 1439/2126/1047
f 1411/2127/1048 1408/1637/1048 1437/1675/1048
f 43/45/1049 29/31/1049 1/1/1049
f 10/14/1050 24/28/1050 16/20/1050
f 37/40/1051 8/10/1051 2/4/1051
f 22/17/1052 9/1/1052 36/31/1052
f 23/10/1053 52/40/1053 44/36/1053
f 51/28/1054 38/14/1054 30/7/1054
f 99/97/1049 85/85/1049 57/57/1049
f 66/70/1050 80/82/1050 72/76/1050
f 93/93/1051 64/66/1051 58/60/1051
f 78/73/1052 65/57/1052 92/85/1052
f 79/66/1053 108/93/1053 100/89/1053
f 107/82/1054 94/70/1054 86/63/1054
f 155/159/1055 141/141/1055 113/105/1055
f 115/111/1056 122/120/1056 136/138/1056
f 149/153/1057 120/114/1057 114/108/1057
f 162/168/1058 134/132/1058 121/117/1058
f 135/135/1059 164/174/1059 156/162/1059
f 163/171/1060 150/156/1060 142/144/1060
f 211/227/1049 197/210/1049 169/177/1049
f 178/190/1061 192/207/1061 184/196/1061
f 205/221/1062 176/186/1062 170/180/1062
f 190/193/1052 177/177/1052 204/210/1052
f 191/204/1063 220/241/1063 212/230/1063
f 219/238/1064 206/224/1064 198/213/1064
f 267/294/1049 253/277/1049 225/244/1049
f 234/257/1061 248/274/1061 240/263/1061
f 261/288/1062 232/253/1062 226/247/1062
f 246/260/1052 233/244/1052 260/277/1052
f 247/271/1063 276/307/1063 268/297/1063
f 275/304/1064 262/291/1064 254/280/1064
f 323/364/1065 309/346/1065 281/310/1065
f 283/316/1066 290/325/1066 304/343/1066
f 311/352/1067 317/358/1067 288/319/1067
f 302/337/1068 289/322/1068 316/355/1068
f 303/340/1069 332/379/1069 324/367/1069
f 331/376/1070 318/361/1070 310/349/1070
f 351/398/1049 379/430/1049 365/414/1049
f 346/395/1071 360/411/1071 352/401/1071
f 373/424/1072 344/391/1072 338/385/1072
f 358/398/1052 345/382/1052 372/414/1052
f 359/408/1073 388/443/1073 380/433/1073
f 387/440/1074 374/427/1074 366/417/1074
f 435/496/1049 421/479/1049 393/446/1049
f 402/459/1075 416/476/1075 408/465/1075
f 429/490/1076 400/455/1076 394/449/1076
f 414/462/1052 401/446/1052 428/479/1052
f 415/473/1077 444/509/1077 436/499/1077
f 443/506/1078 430/493/1078 422/482/1078
f 491/554/1049 477/540/1049 449/512/1049
f 458/524/1079 472/1809/1079 464/1806/1079
f 485/549/1080 456/2128/1080 450/1815/1080
f 498/562/1052 470/526/1052 457/512/1052
f 471/1809/1081 500/567/1081 492/557/1081
f 499/564/1082 486/1813/1082 478/1811/1082
f 519/585/1049 547/618/1049 533/602/1049
f 514/582/1074 528/599/1074 520/588/1074
f 541/612/1073 512/578/1073 506/572/1073
f 526/585/1052 513/569/1052 540/602/1052
f 527/596/1072 556/631/1072 548/621/1072
f 555/628/1071 542/615/1071 534/605/1071
f 603/683/1049 589/666/1049 561/634/1049
f 570/647/1078 584/663/1078 576/653/1078
f 597/677/1077 568/643/1077 562/637/1077
f 610/683/1052 582/650/1052 569/634/1052
f 583/660/1076 612/696/1076 604/686/1076
f 611/693/1075 598/680/1075 590/669/1075
f 659/741/1049 645/727/1049 617/699/1049
f 626/1851/1082 640/725/1082 632/716/1082
f 653/1862/1081 624/707/1081 618/702/1081
f 666/741/1052 638/713/1052 625/699/1052
f 639/1855/1080 668/753/1080 660/744/1080
f 667/1858/1079 654/739/1079 646/730/1079
f 715/803/1049 701/787/1049 673/755/1049
f 682/768/1083 696/784/1083 688/774/1083
f 709/797/1084 680/764/1084 674/758/1084
f 722/803/1052 694/771/1052 681/755/1052
f 695/781/1085 724/817/1085 716/806/1085
f 723/814/1086 710/800/1086 702/790/1086
f 743/836/1049 771/868/1049 757/852/1049
f 738/833/1087 752/849/1087 744/839/1087
f 765/862/1088 736/829/1088 730/823/1088
f 750/836/1052 737/820/1052 764/852/1052
f 751/846/1089 780/881/1089 772/871/1089
f 779/878/1090 766/865/1090 758/855/1090
f 827/932/1091 813/916/1091 785/884/1091
f 794/898/1092 808/2268/1092 800/1889/1092
f 821/927/1093 792/1908/1093 786/1906/1093
f 806/908/1094 793/895/1094 820/924/1094
f 807/911/1095 836/1897/1095 828/1895/1095
f 829/938/1096 835/943/1096 822/2131/1096
f 883/1002/1097 869/984/1097 841/948/1097
f 843/954/1098 850/963/1098 864/981/1098
f 877/996/1099 848/957/1099 842/951/1099
f 862/975/1100 849/960/1100 876/993/1100
f 863/978/1101 892/1017/1101 884/1005/1101
f 885/1008/1102 891/1014/1102 878/999/1102
f 939/1068/1103 925/1052/1103 897/1020/1103
f 906/1034/1104 920/1932/1104 912/1929/1104
f 933/1063/1105 904/2201/1105 898/1943/1105
f 918/1044/1106 905/1031/1106 932/1060/1106
f 913/1042/1107 919/1047/1107 948/2132/1107
f 941/1074/1108 947/1080/1108 934/2133/1108
f 995/1139/1109 981/1121/1109 953/1085/1109
f 955/1091/1110 962/1100/1110 976/1118/1110
f 983/1127/1111 989/1133/1111 960/1094/1111
f 974/1112/1112 961/1097/1112 988/1130/1112
f 975/1115/1113 1004/1154/1113 996/1142/1113
f 997/1145/1114 1003/1151/1114 990/1136/1114
f 1023/1175/1115 1051/1211/1115 1037/1193/1115
f 1018/1172/1116 1032/1190/1116 1024/1178/1116
f 1039/1199/1117 1045/1205/1117 1016/1166/1117
f 1030/1184/1118 1017/1169/1118 1044/1202/1118
f 1031/1187/1119 1060/1226/1119 1052/1214/1119
f 1059/1223/1120 1046/1208/1120 1038/1196/1120
f 1107/1283/1121 1093/1265/1121 1065/1229/1121
f 1074/1244/1122 1088/1262/1122 1080/1250/1122
f 1101/1277/1123 1072/1238/1123 1066/1232/1123
f 1086/1256/1124 1073/1241/1124 1100/1274/1124
f 1087/1259/1125 1116/1298/1125 1108/1286/1125
f 1115/1295/1126 1102/1280/1126 1094/1268/1126
f 1135/1317/1127 1163/1349/1127 1149/1333/1127
f 1123/1307/1128 1130/1315/1128 1144/2007/1128
f 1157/1344/1129 1128/2274/1129 1122/2020/1129
f 1170/1357/1130 1142/1325/1130 1129/1312/1130
f 1143/1328/1131 1172/2273/1131 1164/2010/1131
f 1165/1355/1132 1171/1360/1132 1158/2134/1132
f 1219/1419/1133 1205/1401/1133 1177/1365/1133
f 1186/1380/1134 1200/1398/1134 1192/1386/1134
f 1213/1413/1135 1184/1374/1135 1178/1368/1135
f 1198/1392/1136 1185/1377/1136 1212/1410/1136
f 1199/1395/1137 1228/1434/1137 1220/1422/1137
f 1227/1431/1138 1214/1416/1138 1206/1404/1138
f 1275/1485/1139 1261/1469/1139 1233/1437/1139
f 1242/2048/1140 1256/1467/1140 1248/1456/1140
f 1269/2064/1141 1240/1445/1141 1234/1440/1141
f 1254/1461/1142 1241/1448/1142 1268/1477/1142
f 1255/2054/1143 1284/1499/1143 1276/1488/1143
f 1283/2059/1144 1270/1483/1144 1262/1472/1144
f 1331/1549/1145 1317/1533/1145 1289/1501/1145
f 1298/1515/1146 1312/2277/1146 1304/2067/1146
f 1319/1539/1147 1325/1544/1147 1296/2137/1147
f 1310/1525/1148 1297/1512/1148 1324/1541/1148
f 1305/1523/1149 1311/1528/1149 1340/2139/1149
f 1339/1560/1150 1326/2083/1150 1318/2080/1150
f 1359/1581/1151 1387/1613/1151 1373/1597/1151
f 1354/1579/1152 1368/2284/1152 1360/2090/1152
f 1375/1603/1153 1381/1608/1153 1352/2140/1153
f 1394/1621/1154 1366/1589/1154 1353/1576/1154
f 1367/1592/1155 1396/2281/1155 1388/2141/1155
f 1389/1619/1156 1395/1624/1156 1382/2142/1156
f 1443/1681/1157 1429/1663/1157 1401/1629/1157
f 1403/2110/1158 1410/1643/1158 1424/1660/1158
f 1431/1669/1159 1437/1675/1159 1408/1637/1159
f 1422/1654/1160 1409/1640/1160 1436/1672/1160
f 1423/1657/1161 1452/1696/1161 1444/1684/1161
f 1451/1693/1162 1438/1678/1162 1430/1666/1162
