# Blender 4.5.10 LTS
# www.blender.org
mtllib thrall_altar_upgrade1.mtl
o upgrade1
v -0.280303 0.211456 -0.120372 0.9029 0.9029 0.9029
v -0.302486 0.190300 -0.115960 0.8645 0.8645 0.8645
v -0.310605 0.161400 -0.114344 0.8216 0.8216 0.8216
v -0.302486 0.132500 -0.115960 0.7336 0.7336 0.7336
v -0.280303 0.111344 -0.120372 0.6181 0.6181 0.6181
v -0.278555 0.211456 -0.139387 0.9378 0.9378 0.9378
v -0.278555 0.111344 -0.139387 0.6181 0.6181 0.6181
v -0.265901 0.211456 -0.153441 0.9265 0.9265 0.9265
v -0.265901 0.111344 -0.153441 0.6181 0.6181 0.6181
v -0.247173 0.211456 -0.157167 0.8645 0.8645 0.8645
v -0.245103 0.190300 -0.179689 0.6181 0.6181 0.6181
v -0.244345 0.161400 -0.187933 0.8365 0.8365 0.8365
v -0.245103 0.132500 -0.179689 0.6181 0.6181 0.6181
v -0.247173 0.111344 -0.157167 0.6181 0.6181 0.6181
v -0.229525 0.211456 -0.149140 0.8905 0.8905 0.8905
v -0.214536 0.190300 -0.165787 0.6181 0.6181 0.6181
v -0.209049 0.161400 -0.171880 0.7118 0.7118 0.7118
v -0.214536 0.132500 -0.165787 0.7336 0.7336 0.7336
v -0.229525 0.111344 -0.149140 0.6181 0.6181 0.6181
v -0.219697 0.211456 -0.132428 0.9148 0.9148 0.9148
v -0.197514 0.190300 -0.136840 0.8508 0.8508 0.8508
v -0.189395 0.161400 -0.138456 0.8216 0.8216 0.8216
v -0.197514 0.132500 -0.136840 0.7895 0.7895 0.7895
v -0.219697 0.111344 -0.132428 0.6181 0.6181 0.6181
v -0.250000 0.219200 -0.126400 0.8905 0.8905 0.8905
v -0.221445 0.211456 -0.113413 0.8777 0.8777 0.8777
v -0.221445 0.111344 -0.113413 0.6181 0.6181 0.6181
v -0.250000 0.103600 -0.126400 0.6181 0.6181 0.6181
v -0.234099 0.211456 -0.099359 0.8777 0.8777 0.8777
v -0.234099 0.111344 -0.099359 0.6181 0.6181 0.6181
v -0.252827 0.211456 -0.095633 0.8645 0.8645 0.8645
v -0.254897 0.190300 -0.073111 0.8060 0.8060 0.8060
v -0.255655 0.161400 -0.064867 0.6181 0.6181 0.6181
v -0.254897 0.132500 -0.073111 0.6181 0.6181 0.6181
v -0.252827 0.111344 -0.095633 0.6181 0.6181 0.6181
v -0.270475 0.211456 -0.103660 0.8777 0.8777 0.8777
v -0.285464 0.190300 -0.087013 0.8365 0.8365 0.8365
v -0.290951 0.161400 -0.080920 0.8060 0.8060 0.8060
v -0.285464 0.132500 -0.087013 0.7536 0.7536 0.7536
v -0.270475 0.111344 -0.103660 0.6181 0.6181 0.6181
v -0.268558 0.152428 -0.198176 0.8365 0.8365 0.8365
v -0.268558 0.102372 -0.198176 0.6181 0.6181 0.6181
v -0.265808 0.152428 -0.209998 0.9029 0.9029 0.9029
v -0.277381 0.141850 -0.213949 0.9378 0.9378 0.9378
v -0.281617 0.127400 -0.215395 0.8905 0.8905 0.8905
v -0.277381 0.112950 -0.213949 0.6181 0.6181 0.6181
v -0.265808 0.102372 -0.209998 0.6181 0.6181 0.6181
v -0.257020 0.152428 -0.219757 0.9029 0.9029 0.9029
v -0.262160 0.141850 -0.230854 0.9265 0.9265 0.9265
v -0.264041 0.127400 -0.234915 0.9029 0.9029 0.9029
v -0.262160 0.112950 -0.230854 0.6181 0.6181 0.6181
v -0.257020 0.102372 -0.219757 0.6181 0.6181 0.6181
v -0.245551 0.152428 -0.223728 0.8777 0.8777 0.8777
v -0.245551 0.102372 -0.223728 0.6181 0.6181 0.6181
v -0.235781 0.152428 -0.220392 0.8645 0.8645 0.8645
v -0.235781 0.102372 -0.220392 0.6181 0.6181 0.6181
v -0.231442 0.152428 -0.211024 0.8365 0.8365 0.8365
v -0.231442 0.102372 -0.211024 0.6181 0.6181 0.6181
v -0.250000 0.156300 -0.204600 0.8216 0.8216 0.8216
v -0.234192 0.152428 -0.199202 0.8216 0.8216 0.8216
v -0.222619 0.141850 -0.195251 0.6591 0.6591 0.6591
v -0.218383 0.127400 -0.193805 0.6591 0.6591 0.6591
v -0.222619 0.112950 -0.195251 0.6181 0.6181 0.6181
v -0.234192 0.102372 -0.199202 0.6181 0.6181 0.6181
v -0.250000 0.098500 -0.204600 0.6181 0.6181 0.6181
v -0.242980 0.152428 -0.189443 0.7336 0.7336 0.7336
v -0.237840 0.141850 -0.178346 0.6181 0.6181 0.6181
v -0.235959 0.127400 -0.174285 0.6181 0.6181 0.6181
v -0.237840 0.112950 -0.178346 0.6181 0.6181 0.6181
v -0.242980 0.102372 -0.189443 0.6181 0.6181 0.6181
v -0.254449 0.152428 -0.185472 0.6181 0.6181 0.6181
v -0.254449 0.102372 -0.185472 0.6181 0.6181 0.6181
v -0.264219 0.152428 -0.188808 0.6181 0.6181 0.6181
v -0.264219 0.102372 -0.188808 0.6181 0.6181 0.6181
v -0.220080 0.166604 -0.199308 0.8777 0.8777 0.8777
v -0.220080 0.154836 -0.199308 0.8508 0.8508 0.8508
v -0.220080 0.141680 -0.188960 0.6181 0.6181 0.6181
v -0.220080 0.179760 -0.188960 0.8508 0.8508 0.8508
v -0.220080 0.166604 -0.178613 0.6181 0.6181 0.6181
v -0.220080 0.154836 -0.178613 0.6181 0.6181 0.6181
v -0.279920 0.166604 -0.199308 0.8060 0.8060 0.8060
v -0.279920 0.154836 -0.199308 0.8777 0.8777 0.8777
v -0.279920 0.141680 -0.188960 0.6181 0.6181 0.6181
v -0.279920 0.179760 -0.188960 0.7118 0.7118 0.7118
v -0.279920 0.166604 -0.178613 0.6181 0.6181 0.6181
v -0.279920 0.154836 -0.178613 0.6181 0.6181 0.6181
v -0.000000 0.000000 0.458236 0.6181 0.6181 0.6181
v 0.000000 0.001697 0.459766 0.6181 0.6181 0.6181
v -0.000000 0.000497 0.459415 0.6181 0.6181 0.6181
v -0.000000 0.100000 0.444436 0.6181 0.6181 0.6181
v 0.000000 0.098303 0.446434 0.6181 0.6181 0.6181
v -0.000000 0.099503 0.445752 0.6181 0.6181 0.6181
v -0.212953 0.000000 0.405748 1.0000 1.0000 1.0000
v -0.213664 0.001697 0.407102 0.9700 0.9700 0.9700
v -0.213501 0.000497 0.406792 1.0000 1.0000 1.0000
v -0.206540 0.100000 0.393529 0.8508 0.8508 0.8508
v -0.207468 0.098303 0.395298 0.9700 0.9700 0.9700
v -0.207151 0.099503 0.394694 0.9378 0.9378 0.9378
v -0.377121 0.000000 0.260308 0.9148 0.9148 0.9148
v -0.378380 0.001697 0.261177 0.8645 0.8645 0.8645
v -0.378091 0.000497 0.260977 0.8645 0.8645 0.8645
v -0.365764 0.100000 0.252469 0.7895 0.7895 0.7895
v -0.367408 0.098303 0.253604 0.8777 0.8777 0.8777
v -0.366847 0.099503 0.253216 0.8365 0.8365 0.8365
v -0.454895 0.000000 0.055234 0.9902 0.9902 0.9902
v -0.456414 0.001697 0.055419 0.9700 0.9700 0.9700
v -0.456065 0.000497 0.055376 0.9700 0.9700 0.9700
v -0.441196 0.100000 0.053571 0.8777 0.8777 0.8777
v -0.443179 0.098303 0.053812 0.9148 0.9148 0.9148
v -0.442502 0.099503 0.053729 0.9148 0.9148 0.9148
v -0.428459 0.000000 -0.162493 0.9700 0.9700 0.9700
v -0.429888 0.001697 -0.163035 0.9902 0.9902 0.9902
v -0.429560 0.000497 -0.162911 0.9902 0.9902 0.9902
v -0.415555 0.100000 -0.157599 0.9148 0.9148 0.9148
v -0.417423 0.098303 -0.158308 0.9902 0.9902 0.9902
v -0.416785 0.099503 -0.158066 0.9802 0.9802 0.9802
v -0.303867 0.000000 -0.342995 0.6181 0.6181 0.6181
v -0.304881 0.001697 -0.344140 0.6181 0.6181 0.6181
v -0.304648 0.000497 -0.343877 0.6181 0.6181 0.6181
v -0.294716 0.100000 -0.332665 0.6181 0.6181 0.6181
v -0.296041 0.098303 -0.334161 0.6181 0.6181 0.6181
v -0.295588 0.099503 -0.333650 0.6181 0.6181 0.6181
v -0.109663 0.000000 -0.444921 1.0000 1.0000 1.0000
v -0.110029 0.001697 -0.446406 1.0000 1.0000 1.0000
v -0.109945 0.000497 -0.446065 1.0000 1.0000 1.0000
v -0.106361 0.100000 -0.431522 0.9595 0.9595 0.9595
v -0.106839 0.098303 -0.433462 0.9902 0.9902 0.9902
v -0.106675 0.099503 -0.432799 1.0000 1.0000 1.0000
v 0.109663 0.000000 -0.444921 1.0000 1.0000 1.0000
v 0.110029 0.001697 -0.446406 0.9700 0.9700 0.9700
v 0.109945 0.000497 -0.446065 0.9902 0.9902 0.9902
v 0.106361 0.100000 -0.431522 0.9265 0.9265 0.9265
v 0.106839 0.098303 -0.433462 0.9802 0.9802 0.9802
v 0.106675 0.099503 -0.432799 0.9700 0.9700 0.9700
v 0.303867 0.000000 -0.342995 0.6181 0.6181 0.6181
v 0.304881 0.001697 -0.344140 0.7336 0.7336 0.7336
v 0.304648 0.000497 -0.343877 0.6181 0.6181 0.6181
v 0.294716 0.100000 -0.332665 0.6181 0.6181 0.6181
v 0.296041 0.098303 -0.334161 0.6181 0.6181 0.6181
v 0.295588 0.099503 -0.333650 0.6181 0.6181 0.6181
v 0.428459 0.000000 -0.162493 0.6181 0.6181 0.6181
v 0.429888 0.001697 -0.163035 0.6181 0.6181 0.6181
v 0.429560 0.000497 -0.162911 0.6181 0.6181 0.6181
v 0.415555 0.100000 -0.157599 0.6181 0.6181 0.6181
v 0.417423 0.098303 -0.158308 0.6181 0.6181 0.6181
v 0.416785 0.099503 -0.158066 0.6181 0.6181 0.6181
v 0.454895 0.000000 0.055234 0.6181 0.6181 0.6181
v 0.456414 0.001697 0.055419 0.6181 0.6181 0.6181
v 0.456065 0.000497 0.055376 0.6181 0.6181 0.6181
v 0.441196 0.100000 0.053571 0.6181 0.6181 0.6181
v 0.443179 0.098303 0.053812 0.6181 0.6181 0.6181
v 0.442502 0.099503 0.053729 0.6181 0.6181 0.6181
v 0.377121 0.000000 0.260308 1.0000 1.0000 1.0000
v 0.378380 0.001697 0.261177 1.0000 1.0000 1.0000
v 0.378091 0.000497 0.260977 1.0000 1.0000 1.0000
v 0.365764 0.100000 0.252469 0.9148 0.9148 0.9148
v 0.367408 0.098303 0.253604 1.0000 1.0000 1.0000
v 0.366847 0.099503 0.253216 0.9595 0.9595 0.9595
v 0.212953 0.000000 0.405748 1.0000 1.0000 1.0000
v 0.213664 0.001697 0.407102 0.9902 0.9902 0.9902
v 0.213501 0.000497 0.406792 1.0000 1.0000 1.0000
v 0.206540 0.100000 0.393529 0.9148 0.9148 0.9148
v 0.207468 0.098303 0.395298 0.9802 0.9802 0.9802
v 0.207151 0.099503 0.394694 0.9700 0.9700 0.9700
v 0.000000 0.070000 0.398254 0.6181 0.6181 0.6181
v 0.000000 0.071712 0.400000 0.6181 0.6181 0.6181
v 0.000000 0.070502 0.399489 0.6181 0.6181 0.6181
v 0.000000 0.120000 0.398254 0.8216 0.8216 0.8216
v 0.000000 0.118288 0.400000 0.7895 0.7895 0.7895
v 0.000000 0.119498 0.399489 0.8216 0.8216 0.8216
v -0.152405 0.070000 0.367939 0.6181 0.6181 0.6181
v -0.153073 0.071712 0.369552 0.6181 0.6181 0.6181
v -0.152878 0.070502 0.369079 0.6181 0.6181 0.6181
v -0.152405 0.120000 0.367939 0.7895 0.7895 0.7895
v -0.153073 0.118288 0.369552 0.8060 0.8060 0.8060
v -0.152878 0.119498 0.369079 0.8060 0.8060 0.8060
v -0.281608 0.070000 0.281608 0.6181 0.6181 0.6181
v -0.282843 0.071712 0.282843 0.6181 0.6181 0.6181
v -0.282481 0.070502 0.282481 0.6181 0.6181 0.6181
v -0.281608 0.120000 0.281608 0.8905 0.8905 0.8905
v -0.282843 0.118288 0.282843 0.9029 0.9029 0.9029
v -0.282481 0.119498 0.282481 0.9148 0.9148 0.9148
v -0.367939 0.070000 0.152405 0.6181 0.6181 0.6181
v -0.369552 0.071712 0.153073 0.6181 0.6181 0.6181
v -0.369079 0.070502 0.152878 0.6181 0.6181 0.6181
v -0.367939 0.120000 0.152405 0.8645 0.8645 0.8645
v -0.369552 0.118288 0.153073 0.8060 0.8060 0.8060
v -0.369079 0.119498 0.152878 0.8060 0.8060 0.8060
v -0.398254 0.070000 0.000000 0.6181 0.6181 0.6181
v -0.400000 0.071712 0.000000 0.6181 0.6181 0.6181
v -0.399489 0.070502 0.000000 0.6181 0.6181 0.6181
v -0.398254 0.120000 0.000000 0.8777 0.8777 0.8777
v -0.400000 0.118288 0.000000 0.8216 0.8216 0.8216
v -0.399489 0.119498 0.000000 0.8508 0.8508 0.8508
v -0.367939 0.070000 -0.152405 0.6181 0.6181 0.6181
v -0.369552 0.071712 -0.153073 0.6181 0.6181 0.6181
v -0.369079 0.070502 -0.152878 0.6181 0.6181 0.6181
v -0.367939 0.120000 -0.152405 0.8777 0.8777 0.8777
v -0.369552 0.118288 -0.153073 0.9029 0.9029 0.9029
v -0.369079 0.119498 -0.152878 0.9378 0.9378 0.9378
v -0.281608 0.070000 -0.281608 0.6181 0.6181 0.6181
v -0.282843 0.071712 -0.282843 0.6181 0.6181 0.6181
v -0.282481 0.070502 -0.282481 0.6181 0.6181 0.6181
v -0.281608 0.120000 -0.281608 0.9265 0.9265 0.9265
v -0.282843 0.118288 -0.282843 0.6181 0.6181 0.6181
v -0.282481 0.119498 -0.282481 0.9148 0.9148 0.9148
v -0.152405 0.070000 -0.367939 0.6181 0.6181 0.6181
v -0.153073 0.071712 -0.369552 0.6181 0.6181 0.6181
v -0.152878 0.070502 -0.369079 0.6181 0.6181 0.6181
v -0.152405 0.120000 -0.367939 0.9700 0.9700 0.9700
v -0.153073 0.118288 -0.369552 0.9488 0.9488 0.9488
v -0.152878 0.119498 -0.369079 0.9902 0.9902 0.9902
v 0.000000 0.070000 -0.398254 0.6181 0.6181 0.6181
v 0.000000 0.071712 -0.400000 0.6181 0.6181 0.6181
v 0.000000 0.070502 -0.399489 0.6181 0.6181 0.6181
v 0.000000 0.120000 -0.398254 0.9488 0.9488 0.9488
v 0.000000 0.118288 -0.400000 0.9595 0.9595 0.9595
v 0.000000 0.119498 -0.399489 0.9902 0.9902 0.9902
v 0.152405 0.070000 -0.367939 0.6181 0.6181 0.6181
v 0.153073 0.071712 -0.369552 0.6181 0.6181 0.6181
v 0.152878 0.070502 -0.369079 0.6181 0.6181 0.6181
v 0.152405 0.120000 -0.367939 0.9488 0.9488 0.9488
v 0.153073 0.118288 -0.369552 0.9378 0.9378 0.9378
v 0.152878 0.119498 -0.369079 0.9378 0.9378 0.9378
v 0.281608 0.070000 -0.281608 0.6181 0.6181 0.6181
v 0.282843 0.071712 -0.282843 0.6181 0.6181 0.6181
v 0.282481 0.070502 -0.282481 0.6181 0.6181 0.6181
v 0.281608 0.120000 -0.281608 0.9378 0.9378 0.9378
v 0.282843 0.118288 -0.282843 0.9029 0.9029 0.9029
v 0.282481 0.119498 -0.282481 0.9148 0.9148 0.9148
v 0.367939 0.070000 -0.152405 0.6181 0.6181 0.6181
v 0.369552 0.071712 -0.153073 0.6181 0.6181 0.6181
v 0.369079 0.070502 -0.152878 0.6181 0.6181 0.6181
v 0.367939 0.120000 -0.152405 0.8216 0.8216 0.8216
v 0.369552 0.118288 -0.153073 0.6181 0.6181 0.6181
v 0.369079 0.119498 -0.152878 0.7336 0.7336 0.7336
v 0.398254 0.070000 0.000000 0.6181 0.6181 0.6181
v 0.400000 0.071712 0.000000 0.6181 0.6181 0.6181
v 0.399489 0.070502 0.000000 0.6181 0.6181 0.6181
v 0.398254 0.120000 0.000000 0.9148 0.9148 0.9148
v 0.400000 0.118288 0.000000 0.8777 0.8777 0.8777
v 0.399489 0.119498 0.000000 0.8905 0.8905 0.8905
v 0.367939 0.070000 0.152405 0.6181 0.6181 0.6181
v 0.369552 0.071712 0.153073 0.6181 0.6181 0.6181
v 0.369079 0.070502 0.152878 0.6181 0.6181 0.6181
v 0.367939 0.120000 0.152405 0.9029 0.9029 0.9029
v 0.369552 0.118288 0.153073 0.8905 0.8905 0.8905
v 0.369079 0.119498 0.152878 0.9029 0.9029 0.9029
v 0.281608 0.070000 0.281608 0.6181 0.6181 0.6181
v 0.282843 0.071712 0.282843 0.6181 0.6181 0.6181
v 0.282481 0.070502 0.282481 0.6181 0.6181 0.6181
v 0.281608 0.120000 0.281608 0.9378 0.9378 0.9378
v 0.282843 0.118288 0.282843 0.9265 0.9265 0.9265
v 0.282481 0.119498 0.282481 0.9700 0.9700 0.9700
v 0.152405 0.070000 0.367939 0.6181 0.6181 0.6181
v 0.153073 0.071712 0.369552 0.6181 0.6181 0.6181
v 0.152878 0.070502 0.369079 0.6181 0.6181 0.6181
v 0.152405 0.120000 0.367939 0.9029 0.9029 0.9029
v 0.153073 0.118288 0.369552 0.9029 0.9029 0.9029
v 0.152878 0.119498 0.369079 0.9378 0.9378 0.9378
v -0.373476 -0.015363 0.060600 0.9700 0.9700 0.9700
v -0.374503 -0.013654 0.059227 0.8777 0.8777 0.8777
v -0.372093 -0.013749 0.059440 0.8365 0.8365 0.8365
v -0.374233 -0.014863 0.059655 0.9148 0.9148 0.9148
v -0.373324 -0.014696 0.059183 0.8905 0.8905 0.8905
v -0.373255 -0.013721 0.058835 0.8645 0.8645 0.8645
v -0.372528 -0.014930 0.059805 0.8777 0.8777 0.8777
v -0.369113 0.112726 0.054704 0.6181 0.6181 0.6181
v -0.367940 0.114436 0.055955 0.6591 0.6591 0.6591
v -0.366703 0.112631 0.054917 0.6181 0.6181 0.6181
v -0.368739 0.113935 0.055045 0.6181 0.6181 0.6181
v -0.367850 0.113658 0.054589 0.6181 0.6181 0.6181
v -0.367035 0.113868 0.055196 0.6181 0.6181 0.6181
v -0.367865 0.112659 0.054312 0.6181 0.6181 0.6181
v -0.279259 -0.015363 0.172884 0.9700 0.9700 0.9700
v -0.277876 -0.013749 0.171723 0.8216 0.8216 0.8216
v -0.278085 -0.013654 0.174134 0.9029 0.9029 0.9029
v -0.278311 -0.014930 0.172089 0.9148 0.9148 0.9148
v -0.277836 -0.014696 0.172981 0.9029 0.9029 0.9029
v -0.277481 -0.013721 0.172973 0.8645 0.8645 0.8645
v -0.278459 -0.014863 0.173793 0.9148 0.9148 0.9148
v -0.273723 0.114436 0.168238 0.6591 0.6591 0.6591
v -0.272695 0.112726 0.169611 0.6181 0.6181 0.6181
v -0.272486 0.112631 0.167200 0.6181 0.6181 0.6181
v -0.272966 0.113935 0.169184 0.6181 0.6181 0.6181
v -0.272362 0.113658 0.168387 0.6181 0.6181 0.6181
v -0.272091 0.112659 0.168450 0.6181 0.6181 0.6181
v -0.272818 0.113868 0.167479 0.6181 0.6181 0.6181
v -0.523828 -0.004436 0.186761 1.0000 1.0000 1.0000
v -0.525065 -0.002631 0.187799 1.0000 1.0000 1.0000
v -0.524856 -0.002726 0.185388 0.9802 0.9802 0.9802
v -0.524733 -0.003868 0.187520 1.0000 1.0000 1.0000
v -0.525189 -0.003658 0.186612 1.0000 1.0000 1.0000
v -0.525460 -0.002659 0.186549 1.0000 1.0000 1.0000
v -0.524585 -0.003935 0.185816 0.9902 0.9902 0.9902
v -0.518292 0.125363 0.182116 0.9595 0.9595 0.9595
v -0.519466 0.123654 0.180865 0.9802 0.9802 0.9802
v -0.519675 0.123749 0.183276 1.0000 1.0000 1.0000
v -0.519092 0.124863 0.181206 0.9700 0.9700 0.9700
v -0.519715 0.124696 0.182019 0.9802 0.9802 0.9802
v -0.520069 0.123721 0.182027 1.0000 1.0000 1.0000
v -0.519240 0.124930 0.182911 0.9902 0.9902 0.9902
v -0.429611 -0.004436 0.299044 0.9902 0.9902 0.9902
v -0.428438 -0.002726 0.300295 0.9595 0.9595 0.9595
v -0.430848 -0.002631 0.300082 1.0000 1.0000 1.0000
v -0.428812 -0.003935 0.299954 0.9700 0.9700 0.9700
v -0.429701 -0.003658 0.300410 0.9902 0.9902 0.9902
v -0.429686 -0.002659 0.300688 0.9902 0.9902 0.9902
v -0.430516 -0.003868 0.299803 1.0000 1.0000 1.0000
v -0.424075 0.125363 0.294399 0.9595 0.9595 0.9595
v -0.425458 0.123749 0.295559 1.0000 1.0000 1.0000
v -0.423048 0.123654 0.295772 0.9595 0.9595 0.9595
v -0.425023 0.124930 0.295194 0.9902 0.9902 0.9902
v -0.424227 0.124696 0.295817 0.9802 0.9802 0.9802
v -0.424296 0.123721 0.296165 0.9802 0.9802 0.9802
v -0.423318 0.124863 0.295345 0.9700 0.9700 0.9700
v -0.054005 -0.023237 0.361700 0.9902 0.9902 0.9902
v -0.055691 -0.021542 0.362088 0.9148 0.9148 0.9148
v -0.054699 -0.021784 0.359892 0.8645 0.8645 0.8645
v -0.055161 -0.022741 0.362068 0.9700 0.9700 0.9700
v -0.055316 -0.022661 0.361045 0.9378 0.9378 0.9378
v -0.055652 -0.021713 0.360789 0.8645 0.8645 0.8645
v -0.054460 -0.022912 0.360515 0.9378 0.9378 0.9378
v -0.062101 0.103763 0.345389 0.6181 0.6181 0.6181
v -0.060589 0.105458 0.344549 0.6181 0.6181 0.6181
v -0.061110 0.103521 0.343192 0.6181 0.6181 0.6181
v -0.061694 0.104961 0.345049 0.6181 0.6181 0.6181
v -0.061826 0.104602 0.344085 0.6181 0.6181 0.6181
v -0.060993 0.104790 0.343496 0.6181 0.6181 0.6181
v -0.062062 0.103592 0.344090 0.6181 0.6181 0.6181
v 0.082835 -0.023237 0.309172 0.9902 0.9902 0.9902
v 0.082140 -0.021784 0.307364 0.8777 0.8777 0.8777
v 0.084346 -0.021542 0.308333 0.8365 0.8365 0.8365
v 0.082380 -0.022912 0.307987 0.9148 0.9148 0.9148
v 0.083370 -0.022661 0.307809 0.8777 0.8777 0.8777
v 0.083449 -0.021713 0.307393 0.8508 0.8508 0.8508
v 0.083940 -0.022741 0.308672 0.9265 0.9265 0.9265
v 0.076251 0.105458 0.292021 0.6181 0.6181 0.6181
v 0.077936 0.103763 0.291633 0.6181 0.6181 0.6181
v 0.075730 0.103521 0.290664 0.6181 0.6181 0.6181
v 0.077407 0.104961 0.291653 0.6181 0.6181 0.6181
v 0.076860 0.104602 0.290849 0.6181 0.6181 0.6181
v 0.077039 0.103592 0.290694 0.6181 0.6181 0.6181
v 0.075847 0.104790 0.290968 0.6181 0.6181 0.6181
v 0.015734 0.004542 0.543377 1.0000 1.0000 1.0000
v 0.016255 0.006479 0.544734 1.0000 1.0000 1.0000
v 0.014049 0.006237 0.543765 0.9802 0.9802 0.9802
v 0.016138 0.005210 0.544430 1.0000 1.0000 1.0000
v 0.015125 0.005398 0.544550 1.0000 1.0000 1.0000
v 0.014947 0.006408 0.544704 1.0000 1.0000 1.0000
v 0.014578 0.005039 0.543745 0.9902 0.9902 0.9902
v 0.009150 0.133237 0.526226 0.8777 0.8777 0.8777
v 0.007639 0.131542 0.527066 0.9488 0.9488 0.9488
v 0.009845 0.131784 0.528035 1.0000 1.0000 1.0000
v 0.008045 0.132741 0.526726 0.9265 0.9265 0.9265
v 0.008615 0.132661 0.527590 0.9802 0.9802 0.9802
v 0.008536 0.131713 0.528005 0.9902 0.9902 0.9902
v 0.009605 0.132912 0.527411 0.9700 0.9700 0.9700
v 0.152574 0.004542 0.490849 1.0000 1.0000 1.0000
v 0.154086 0.006237 0.490010 0.9378 0.9378 0.9378
v 0.153095 0.006479 0.492206 1.0000 1.0000 1.0000
v 0.153679 0.005039 0.490349 0.9802 0.9802 0.9802
v 0.153811 0.005398 0.491313 1.0000 1.0000 1.0000
v 0.154047 0.006408 0.491309 1.0000 1.0000 1.0000
v 0.152978 0.005210 0.491902 1.0000 1.0000 1.0000
v 0.145990 0.133237 0.473698 0.9148 0.9148 0.9148
v 0.146685 0.131784 0.475507 1.0000 1.0000 1.0000
v 0.147676 0.131542 0.473311 0.9488 0.9488 0.9488
v 0.146445 0.132912 0.474884 0.9700 0.9700 0.9700
v 0.147301 0.132661 0.474353 0.9488 0.9488 0.9488
v 0.147637 0.131713 0.474609 1.0000 1.0000 1.0000
v 0.147146 0.132741 0.473331 0.9029 0.9029 0.9029
v 0.344311 -0.024451 0.170760 1.0000 1.0000 1.0000
v 0.344105 -0.022760 0.172480 0.9148 0.9148 0.9148
v 0.342355 -0.023025 0.170828 0.9148 0.9148 0.9148
v 0.344276 -0.023956 0.171972 0.9700 0.9700 0.9700
v 0.343257 -0.023890 0.171786 0.9378 0.9378 0.9378
v 0.342893 -0.022948 0.172021 0.9265 0.9265 0.9265
v 0.343038 -0.024144 0.170804 0.9700 0.9700 0.9700
v 0.324495 0.102285 0.173165 0.6181 0.6181 0.6181
v 0.324170 0.103977 0.171463 0.6181 0.6181 0.6181
v 0.322744 0.102020 0.171513 0.6181 0.6181 0.6181
v 0.324290 0.103481 0.172670 0.6181 0.6181 0.6181
v 0.323340 0.103109 0.172481 0.6181 0.6181 0.6181
v 0.323052 0.103294 0.171502 0.6181 0.6181 0.6181
v 0.323282 0.102098 0.172705 0.6181 0.6181 0.6181
v 0.339196 -0.024451 0.024273 0.9802 0.9802 0.9802
v 0.337240 -0.023025 0.024342 0.9029 0.9029 0.9029
v 0.338870 -0.022760 0.022571 0.8777 0.8777 0.8777
v 0.337922 -0.024144 0.024318 0.9488 0.9488 0.9488
v 0.338073 -0.023890 0.023323 0.9029 0.9029 0.9029
v 0.337693 -0.022948 0.023114 0.8508 0.8508 0.8508
v 0.339076 -0.023956 0.023066 0.9029 0.9029 0.9029
v 0.319054 0.103977 0.024977 0.6181 0.6181 0.6181
v 0.319260 0.102285 0.023256 0.6181 0.6181 0.6181
v 0.317629 0.102020 0.025027 0.6181 0.6181 0.6181
v 0.319090 0.103481 0.023764 0.6181 0.6181 0.6181
v 0.318156 0.103109 0.024019 0.6181 0.6181 0.6181
v 0.318082 0.102098 0.023799 0.6181 0.6181 0.6181
v 0.317937 0.103294 0.025016 0.6181 0.6181 0.6181
v 0.538391 0.006023 0.163982 1.0000 1.0000 1.0000
v 0.539817 0.007980 0.163932 1.0000 1.0000 1.0000
v 0.538186 0.007715 0.165703 0.9902 0.9902 0.9902
v 0.539509 0.006706 0.163943 1.0000 1.0000 1.0000
v 0.539290 0.006891 0.164940 1.0000 1.0000 1.0000
v 0.539364 0.007902 0.165160 1.0000 1.0000 1.0000
v 0.538356 0.006519 0.165195 1.0000 1.0000 1.0000
v 0.518250 0.134451 0.164685 0.9595 0.9595 0.9595
v 0.518575 0.132760 0.166387 0.9902 0.9902 0.9902
v 0.520206 0.133025 0.164617 1.0000 1.0000 1.0000
v 0.518370 0.133956 0.165893 0.9902 0.9902 0.9902
v 0.519373 0.133890 0.165635 0.9902 0.9902 0.9902
v 0.519753 0.132948 0.165844 1.0000 1.0000 1.0000
v 0.519523 0.134144 0.164641 0.9802 0.9802 0.9802
v 0.533276 0.006023 0.017496 0.9902 0.9902 0.9902
v 0.532951 0.007715 0.015794 0.9488 0.9488 0.9488
v 0.534701 0.007980 0.017446 1.0000 1.0000 1.0000
v 0.533156 0.006519 0.016289 0.9595 0.9595 0.9595
v 0.534105 0.006891 0.016478 0.9802 0.9802 0.9802
v 0.534164 0.007902 0.016253 0.9700 0.9700 0.9700
v 0.534394 0.006706 0.017457 1.0000 1.0000 1.0000
v 0.513135 0.134451 0.018199 0.9148 0.9148 0.9148
v 0.515091 0.133025 0.018131 0.9902 0.9902 0.9902
v 0.513340 0.132760 0.016479 0.9029 0.9029 0.9029
v 0.514408 0.134144 0.018155 0.9378 0.9378 0.9378
v 0.514188 0.133890 0.017173 0.9378 0.9378 0.9378
v 0.514553 0.132948 0.016938 0.9488 0.9488 0.9488
v 0.513170 0.133956 0.016987 0.8645 0.8645 0.8645
v 0.277448 -0.023085 -0.250359 0.9902 0.9902 0.9902
v 0.279015 -0.021390 -0.249629 0.9148 0.9148 0.9148
v 0.276882 -0.021629 -0.248508 0.8905 0.8905 0.8905
v 0.278585 -0.022589 -0.249938 0.9378 0.9378 0.9378
v 0.278078 -0.022507 -0.249037 0.9378 0.9378 0.9378
v 0.278185 -0.021559 -0.248629 0.9265 0.9265 0.9265
v 0.277077 -0.022758 -0.249145 0.9488 0.9488 0.9488
v 0.273849 0.103946 -0.232730 0.6181 0.6181 0.6181
v 0.272142 0.105642 -0.233002 0.6181 0.6181 0.6181
v 0.271716 0.103707 -0.231610 0.6181 0.6181 0.6181
v 0.273320 0.105145 -0.232715 0.6181 0.6181 0.6181
v 0.272830 0.104787 -0.231874 0.6181 0.6181 0.6181
v 0.271811 0.104976 -0.231923 0.6181 0.6181 0.6181
v 0.273019 0.103777 -0.231730 0.6181 0.6181 0.6181
v 0.137277 -0.023085 -0.293213 0.9378 0.9378 0.9378
v 0.136712 -0.021629 -0.291363 0.8365 0.8365 0.8365
v 0.135570 -0.021390 -0.293485 0.8905 0.8905 0.8905
v 0.136906 -0.022758 -0.292000 0.9029 0.9029 0.9029
v 0.136016 -0.022507 -0.292469 0.8905 0.8905 0.8905
v 0.135699 -0.021559 -0.292192 0.8645 0.8645 0.8645
v 0.136099 -0.022589 -0.293500 0.9265 0.9265 0.9265
v 0.131971 0.105642 -0.275857 0.6181 0.6181 0.6181
v 0.130403 0.103946 -0.276586 0.6181 0.6181 0.6181
v 0.131545 0.103707 -0.274464 0.6181 0.6181 0.6181
v 0.130833 0.105145 -0.276278 0.6181 0.6181 0.6181
v 0.130769 0.104787 -0.275306 0.6181 0.6181 0.6181
v 0.130532 0.103777 -0.275293 0.6181 0.6181 0.6181
v 0.131641 0.104976 -0.274777 0.6181 0.6181 0.6181
v 0.334358 0.004358 -0.436503 1.0000 1.0000 1.0000
v 0.334784 0.006293 -0.437896 1.0000 1.0000 1.0000
v 0.335926 0.006054 -0.435774 0.9595 0.9595 0.9595
v 0.334688 0.005024 -0.437583 1.0000 1.0000 1.0000
v 0.335560 0.005213 -0.437054 1.0000 1.0000 1.0000
v 0.335797 0.006223 -0.437067 1.0000 1.0000 1.0000
v 0.335496 0.004855 -0.436082 0.9700 0.9700 0.9700
v 0.329052 0.133085 -0.419147 0.9595 0.9595 0.9595
v 0.330759 0.131390 -0.418875 0.9265 0.9265 0.9265
v 0.329617 0.131629 -0.420997 1.0000 1.0000 1.0000
v 0.330230 0.132589 -0.418860 0.9265 0.9265 0.9265
v 0.330313 0.132507 -0.419891 0.9902 0.9902 0.9902
v 0.330630 0.131559 -0.420168 0.9902 0.9902 0.9902
v 0.329423 0.132758 -0.420361 0.9802 0.9802 0.9802
v 0.194187 0.004358 -0.479358 1.0000 1.0000 1.0000
v 0.192480 0.006054 -0.479630 0.9802 0.9802 0.9802
v 0.194613 0.006293 -0.480751 1.0000 1.0000 1.0000
v 0.193009 0.004855 -0.479645 0.9902 0.9902 0.9902
v 0.193499 0.005213 -0.480487 1.0000 1.0000 1.0000
v 0.193310 0.006223 -0.480630 0.9902 0.9902 0.9902
v 0.194517 0.005024 -0.480438 1.0000 1.0000 1.0000
v 0.188881 0.133085 -0.462002 0.9902 0.9902 0.9902
v 0.189447 0.131629 -0.463852 1.0000 1.0000 1.0000
v 0.187313 0.131390 -0.462731 0.9700 0.9700 0.9700
v 0.189252 0.132758 -0.463215 0.9902 0.9902 0.9902
v 0.188251 0.132507 -0.463324 0.9802 0.9802 0.9802
v 0.188144 0.131559 -0.463731 0.9802 0.9802 0.9802
v 0.187744 0.132589 -0.462423 0.9802 0.9802 0.9802
v -0.152781 -0.007053 -0.326811 0.9595 0.9595 0.9595
v -0.151816 -0.005342 -0.328227 0.8508 0.8508 0.8508
v -0.151437 -0.005291 -0.325835 0.8645 0.8645 0.8645
v -0.152081 -0.006552 -0.327800 0.9148 0.9148 0.9148
v -0.151418 -0.006301 -0.327043 0.8777 0.8777 0.8777
v -0.151131 -0.005306 -0.327110 0.8216 0.8216 0.8216
v -0.151814 -0.006516 -0.326109 0.8905 0.8905 0.8905
v -0.154856 0.121178 -0.330435 0.8905 0.8905 0.8905
v -0.155903 0.122889 -0.329080 0.9265 0.9265 0.9265
v -0.154478 0.121229 -0.328044 0.7536 0.7536 0.7536
v -0.155180 0.122388 -0.330051 0.9029 0.9029 0.9029
v -0.154505 0.122195 -0.329286 0.8508 0.8508 0.8508
v -0.154912 0.122424 -0.328360 0.8508 0.8508 0.8508
v -0.154171 0.121214 -0.329318 0.8365 0.8365 0.8365
v -0.238936 -0.007053 -0.208229 0.9595 0.9595 0.9595
v -0.237592 -0.005291 -0.207253 0.8777 0.8777 0.8777
v -0.239983 -0.005342 -0.206874 0.8645 0.8645 0.8645
v -0.237969 -0.006516 -0.207527 0.8905 0.8905 0.8905
v -0.238735 -0.006301 -0.206861 0.9029 0.9029 0.9029
v -0.238710 -0.005306 -0.206568 0.8216 0.8216 0.8216
v -0.239660 -0.006552 -0.207259 0.9029 0.9029 0.9029
v -0.242058 0.122889 -0.210498 0.6181 0.6181 0.6181
v -0.243024 0.121178 -0.209083 0.6181 0.6181 0.6181
v -0.240632 0.121229 -0.209462 0.6181 0.6181 0.6181
v -0.242758 0.122388 -0.209510 0.6181 0.6181 0.6181
v -0.241822 0.122195 -0.209105 0.6181 0.6181 0.6181
v -0.241750 0.121214 -0.208777 0.6181 0.6181 0.6181
v -0.241067 0.122424 -0.209778 0.6181 0.6181 0.6181
v -0.311744 -0.012889 -0.442305 1.0000 1.0000 1.0000
v -0.313170 -0.011229 -0.443341 1.0000 1.0000 1.0000
v -0.310778 -0.011178 -0.443720 1.0000 1.0000 1.0000
v -0.312735 -0.012424 -0.443025 1.0000 1.0000 1.0000
v -0.311979 -0.012195 -0.443698 1.0000 1.0000 1.0000
v -0.312052 -0.011214 -0.444025 1.0000 1.0000 1.0000
v -0.311044 -0.012388 -0.443293 1.0000 1.0000 1.0000
v -0.314866 0.117053 -0.444573 0.9595 0.9595 0.9595
v -0.313818 0.115342 -0.445929 1.0000 1.0000 1.0000
v -0.316210 0.115291 -0.445549 1.0000 1.0000 1.0000
v -0.314142 0.116552 -0.445544 0.9802 0.9802 0.9802
v -0.315067 0.116301 -0.445941 1.0000 1.0000 1.0000
v -0.315092 0.115306 -0.446234 1.0000 1.0000 1.0000
v -0.315833 0.116516 -0.445276 1.0000 1.0000 1.0000
v -0.397899 -0.012889 -0.323723 0.9902 0.9902 0.9902
v -0.398946 -0.011178 -0.322367 0.9700 0.9700 0.9700
v -0.399324 -0.011229 -0.324759 1.0000 1.0000 1.0000
v -0.398622 -0.012388 -0.322752 0.9802 0.9802 0.9802
v -0.399296 -0.012195 -0.323516 0.9902 0.9902 0.9902
v -0.399630 -0.011214 -0.323484 0.9902 0.9902 0.9902
v -0.398890 -0.012424 -0.324443 1.0000 1.0000 1.0000
v -0.401021 0.117053 -0.325991 0.9378 0.9378 0.9378
v -0.402364 0.115291 -0.326967 1.0000 1.0000 1.0000
v -0.401986 0.115342 -0.324576 0.8905 0.8905 0.8905
v -0.401988 0.116516 -0.326694 1.0000 1.0000 1.0000
v -0.402384 0.116301 -0.325760 0.9700 0.9700 0.9700
v -0.402671 0.115306 -0.325693 0.9595 0.9595 0.9595
v -0.401721 0.116552 -0.325003 0.9029 0.9029 0.9029
v 0.219176 0.046550 -0.220514 0.6181 0.6181 0.6181
v 0.218900 0.048847 -0.221228 0.6181 0.6181 0.6181
v 0.220879 0.048191 -0.219997 0.6181 0.6181 0.6181
v 0.218974 0.047544 -0.221344 0.6181 0.6181 0.6181
v 0.219988 0.047710 -0.221202 0.6181 0.6181 0.6181
v 0.220179 0.048705 -0.220978 0.6181 0.6181 0.6181
v 0.220374 0.047080 -0.220474 0.6181 0.6181 0.6181
v 0.225994 0.703542 0.116215 0.8905 0.8905 0.8905
v 0.226303 0.704289 0.118497 0.9902 0.9902 0.9902
v 0.227974 0.702886 0.117446 0.9802 0.9802 0.9802
v 0.226092 0.704391 0.117208 0.9595 0.9595 0.9595
v 0.227102 0.704162 0.117147 0.9595 0.9595 0.9595
v 0.227491 0.703927 0.118079 0.9802 0.9802 0.9802
v 0.227273 0.703399 0.116465 0.9488 0.9488 0.9488
v 0.262964 -0.069649 0.004010 1.0000 1.0000 1.0000
v 0.264667 -0.068008 0.004528 0.9029 0.9029 0.9029
v 0.263273 -0.068903 0.006293 0.9488 0.9488 0.9488
v 0.264162 -0.069119 0.004051 0.9378 0.9378 0.9378
v 0.264114 -0.069385 0.005053 0.9488 0.9488 0.9488
v 0.264380 -0.068591 0.005665 0.9378 0.9378 0.9378
v 0.263175 -0.069752 0.005300 0.9902 0.9902 0.9902
v 0.270091 0.588089 0.343022 1.0000 1.0000 1.0000
v 0.270367 0.585792 0.343736 0.9902 0.9902 0.9902
v 0.271762 0.586687 0.341970 0.9802 0.9802 0.9802
v 0.270293 0.587095 0.343852 1.0000 1.0000 1.0000
v 0.271227 0.587068 0.343401 1.0000 1.0000 1.0000
v 0.271474 0.586104 0.343108 0.9902 0.9902 0.9902
v 0.271279 0.587728 0.342603 0.9902 0.9902 0.9902
v -0.270091 0.011911 -0.143022 0.6181 0.6181 0.6181
v -0.271762 0.013313 -0.141970 0.6181 0.6181 0.6181
v -0.270367 0.014208 -0.143736 0.6181 0.6181 0.6181
v -0.271279 0.012272 -0.142603 0.6181 0.6181 0.6181
v -0.271227 0.012933 -0.143401 0.6181 0.6181 0.6181
v -0.271474 0.013896 -0.143108 0.6181 0.6181 0.6181
v -0.270293 0.012905 -0.143852 0.6181 0.6181 0.6181
v -0.262964 0.669649 0.195990 0.9488 0.9488 0.9488
v -0.263273 0.668903 0.193707 0.8508 0.8508 0.8508
v -0.264667 0.668008 0.195472 0.9029 0.9029 0.9029
v -0.263175 0.669752 0.194700 0.8905 0.8905 0.8905
v -0.264114 0.669385 0.194947 0.8508 0.8508 0.8508
v -0.264380 0.668591 0.194335 0.8365 0.8365 0.8365
v -0.264162 0.669119 0.195949 0.9488 0.9488 0.9488
v -0.226303 -0.104289 0.081503 0.9902 0.9902 0.9902
v -0.225994 -0.103542 0.083785 0.9595 0.9595 0.9595
v -0.227974 -0.102886 0.082554 0.9595 0.9595 0.9595
v -0.226092 -0.104391 0.082792 1.0000 1.0000 1.0000
v -0.227102 -0.104162 0.082853 0.9902 0.9902 0.9902
v -0.227273 -0.103399 0.083535 0.9488 0.9488 0.9488
v -0.227491 -0.103927 0.081921 0.9802 0.9802 0.9802
v -0.219176 0.553450 0.420514 1.0000 1.0000 1.0000
v -0.220879 0.551809 0.419997 0.9902 0.9902 0.9902
v -0.218900 0.551153 0.421228 1.0000 1.0000 1.0000
v -0.220374 0.552920 0.420474 1.0000 1.0000 1.0000
v -0.219988 0.552290 0.421202 1.0000 1.0000 1.0000
v -0.220179 0.551295 0.420978 1.0000 1.0000 1.0000
v -0.218974 0.552456 0.421344 1.0000 1.0000 1.0000
v 0.440199 -0.037154 -0.139689 1.0000 1.0000 1.0000
v 0.441408 -0.035309 -0.138499 0.9700 0.9700 0.9700
v 0.438478 -0.035773 -0.138499 0.9378 0.9378 0.9378
v 0.441164 -0.036546 -0.138932 0.9802 0.9802 0.9802
v 0.440099 -0.036522 -0.138464 0.9700 0.9700 0.9700
v 0.439948 -0.035569 -0.138090 0.9378 0.9378 0.9378
v 0.439093 -0.036874 -0.138932 0.9700 0.9700 0.9700
v 0.280719 0.969763 -0.096470 1.0000 1.0000 1.0000
v 0.279534 0.967764 -0.095424 0.9700 0.9700 0.9700
v 0.282463 0.968228 -0.095424 0.9902 0.9902 0.9902
v 0.279769 0.969053 -0.095755 0.9802 0.9802 0.9802
v 0.280845 0.968967 -0.095306 0.9902 0.9902 0.9902
v 0.281003 0.967968 -0.095015 0.9902 0.9902 0.9902
v 0.281841 0.969382 -0.095755 1.0000 1.0000 1.0000
v 0.391973 -0.042814 -0.167633 1.0000 1.0000 1.0000
v 0.391540 -0.041282 -0.165696 0.9378 0.9378 0.9378
v 0.390047 -0.041337 -0.168259 0.9265 0.9265 0.9265
v 0.391807 -0.042423 -0.166331 0.9700 0.9700 0.9700
v 0.390859 -0.042301 -0.166995 0.9595 0.9595 0.9595
v 0.390445 -0.041379 -0.166773 0.9488 0.9488 0.9488
v 0.390752 -0.042462 -0.168142 0.9802 0.9802 0.9802
v 0.256596 0.966932 -0.110447 1.0000 1.0000 1.0000
v 0.255124 0.965020 -0.111265 0.9595 0.9595 0.9595
v 0.256617 0.965075 -0.108703 0.9595 0.9595 0.9595
v 0.255508 0.966291 -0.111013 0.9700 0.9700 0.9700
v 0.255674 0.966012 -0.109890 0.9595 0.9595 0.9595
v 0.255522 0.964977 -0.109780 0.9488 0.9488 0.9488
v 0.256563 0.966330 -0.109201 0.9700 0.9700 0.9700
v 0.391362 -0.038954 -0.223519 1.0000 1.0000 1.0000
v 0.389452 -0.037580 -0.222654 0.9265 0.9265 0.9265
v 0.390888 -0.037171 -0.225216 0.9488 0.9488 0.9488
v 0.390152 -0.038678 -0.222939 0.9595 0.9595 0.9595
v 0.390235 -0.038360 -0.224056 0.9595 0.9595 0.9595
v 0.389818 -0.037417 -0.224139 0.9265 0.9265 0.9265
v 0.391168 -0.038388 -0.224751 0.9802 0.9802 0.9802
v 0.256290 0.968863 -0.138401 1.0000 1.0000 1.0000
v 0.256270 0.967263 -0.140385 0.9802 0.9802 0.9802
v 0.254834 0.966854 -0.137822 0.9700 0.9700 0.9700
v 0.256229 0.968437 -0.139717 1.0000 1.0000 1.0000
v 0.255355 0.968027 -0.139059 0.9902 0.9902 0.9902
v 0.255199 0.967017 -0.139308 0.9595 0.9595 0.9595
v 0.255213 0.968148 -0.137905 0.9902 0.9902 0.9902
v 0.438976 -0.029434 -0.251462 1.0000 1.0000 1.0000
v 0.437232 -0.027906 -0.252414 0.9902 0.9902 0.9902
v 0.440162 -0.027442 -0.252414 0.9902 0.9902 0.9902
v 0.437854 -0.029054 -0.252149 0.9902 0.9902 0.9902
v 0.438850 -0.028640 -0.252586 0.9902 0.9902 0.9902
v 0.438693 -0.027645 -0.252823 0.9902 0.9902 0.9902
v 0.439926 -0.028726 -0.252149 1.0000 1.0000 1.0000
v 0.280107 0.973625 -0.152379 1.0000 1.0000 1.0000
v 0.281826 0.972251 -0.153663 1.0000 1.0000 1.0000
v 0.278897 0.971786 -0.153663 1.0000 1.0000 1.0000
v 0.281213 0.973347 -0.153163 1.0000 1.0000 1.0000
v 0.280207 0.972996 -0.153644 1.0000 1.0000 1.0000
v 0.280357 0.972047 -0.154072 1.0000 1.0000 1.0000
v 0.279141 0.973018 -0.153163 1.0000 1.0000 1.0000
v 0.487201 -0.023774 -0.223519 1.0000 1.0000 1.0000
v 0.487101 -0.021933 -0.225216 1.0000 1.0000 1.0000
v 0.488593 -0.021878 -0.222654 1.0000 1.0000 1.0000
v 0.487211 -0.023177 -0.224751 1.0000 1.0000 1.0000
v 0.488089 -0.022861 -0.224056 1.0000 1.0000 1.0000
v 0.488195 -0.021836 -0.224139 1.0000 1.0000 1.0000
v 0.488266 -0.023138 -0.222939 1.0000 1.0000 1.0000
v 0.304230 0.976456 -0.138401 1.0000 1.0000 1.0000
v 0.306236 0.974995 -0.137822 1.0000 1.0000 1.0000
v 0.304743 0.974940 -0.140385 1.0000 1.0000 1.0000
v 0.305474 0.976109 -0.137905 1.0000 1.0000 1.0000
v 0.305377 0.975950 -0.139059 1.0000 1.0000 1.0000
v 0.305837 0.975037 -0.139308 1.0000 1.0000 1.0000
v 0.304419 0.976070 -0.139717 1.0000 1.0000 1.0000
v 0.487813 -0.027634 -0.167633 1.0000 1.0000 1.0000
v 0.489188 -0.025635 -0.168259 1.0000 1.0000 1.0000
v 0.487752 -0.026044 -0.165696 1.0000 1.0000 1.0000
v 0.488866 -0.026922 -0.168143 1.0000 1.0000 1.0000
v 0.488714 -0.026802 -0.166995 1.0000 1.0000 1.0000
v 0.488823 -0.025798 -0.166773 1.0000 1.0000 1.0000
v 0.487850 -0.027212 -0.166331 1.0000 1.0000 1.0000
v 0.304535 0.974525 -0.110447 1.0000 1.0000 1.0000
v 0.305090 0.972752 -0.108703 0.9902 0.9902 0.9902
v 0.306526 0.973161 -0.111265 1.0000 1.0000 1.0000
v 0.304753 0.973962 -0.109201 1.0000 1.0000 1.0000
v 0.305696 0.973935 -0.109890 1.0000 1.0000 1.0000
v 0.306160 0.972998 -0.109780 1.0000 1.0000 1.0000
v 0.305769 0.974252 -0.111013 1.0000 1.0000 1.0000
v -0.470746 -0.022127 -0.021026 1.0000 1.0000 1.0000
v -0.468928 -0.020709 -0.020051 0.9148 0.9148 0.9148
v -0.471830 -0.020092 -0.020051 0.9488 0.9488 0.9488
v -0.469608 -0.021819 -0.020332 0.9488 0.9488 0.9488
v -0.470583 -0.021360 -0.019891 0.9488 0.9488 0.9488
v -0.470375 -0.020380 -0.019642 0.9378 0.9378 0.9378
v -0.471660 -0.021382 -0.020332 0.9802 0.9802 0.9802
v -0.288339 0.836030 -0.095043 0.8645 0.8645 0.8645
v -0.290133 0.834726 -0.093780 0.6181 0.6181 0.6181
v -0.287231 0.834110 -0.093780 0.6181 0.6181 0.6181
v -0.289461 0.835797 -0.094264 0.7336 0.7336 0.7336
v -0.288476 0.835386 -0.093787 0.6181 0.6181 0.6181
v -0.288677 0.834439 -0.093371 0.6181 0.6181 0.6181
v -0.287409 0.835361 -0.094264 0.7336 0.7336 0.7336
v -0.518508 -0.013474 -0.048999 1.0000 1.0000 1.0000
v -0.518311 -0.011671 -0.047274 0.9488 0.9488 0.9488
v -0.519790 -0.011494 -0.049839 0.9902 0.9902 0.9902
v -0.518489 -0.012898 -0.047758 0.9802 0.9802 0.9802
v -0.519346 -0.012526 -0.048451 0.9902 0.9902 0.9902
v -0.519395 -0.011498 -0.048352 0.9700 0.9700 0.9700
v -0.519534 -0.012773 -0.049572 1.0000 1.0000 1.0000
v -0.312230 0.840358 -0.109036 0.9902 0.9902 0.9902
v -0.314314 0.839016 -0.109642 0.9802 0.9802 0.9802
v -0.312835 0.838839 -0.107077 0.9488 0.9488 0.9488
v -0.313491 0.840086 -0.109540 0.9902 0.9902 0.9902
v -0.313407 0.839902 -0.108388 0.9902 0.9902 0.9902
v -0.313919 0.839012 -0.108155 0.9700 0.9700 0.9700
v -0.312446 0.839961 -0.107726 0.9802 0.9802 0.9802
v -0.519118 -0.016342 -0.104945 1.0000 1.0000 1.0000
v -0.520383 -0.014285 -0.104285 1.0000 1.0000 1.0000
v -0.518960 -0.014725 -0.106850 1.0000 1.0000 1.0000
v -0.520132 -0.015585 -0.104425 1.0000 1.0000 1.0000
v -0.519969 -0.015454 -0.105569 1.0000 1.0000 1.0000
v -0.520020 -0.014442 -0.105772 1.0000 1.0000 1.0000
v -0.519126 -0.015896 -0.106239 1.0000 1.0000 1.0000
v -0.312535 0.838924 -0.137020 0.9902 0.9902 0.9902
v -0.313181 0.837213 -0.138800 1.0000 1.0000 1.0000
v -0.314604 0.837653 -0.136235 0.9902 0.9902 0.9902
v -0.312779 0.838395 -0.138277 0.9902 0.9902 0.9902
v -0.313726 0.838405 -0.137592 1.0000 1.0000 1.0000
v -0.314241 0.837496 -0.137722 1.0000 1.0000 1.0000
v -0.313785 0.838706 -0.136463 1.0000 1.0000 1.0000
v -0.471965 -0.027863 -0.132918 1.0000 1.0000 1.0000
v -0.473072 -0.025937 -0.134073 0.9902 0.9902 0.9902
v -0.470171 -0.026554 -0.134073 0.9700 0.9700 0.9700
v -0.472895 -0.027192 -0.133665 0.9902 0.9902 0.9902
v -0.471828 -0.027217 -0.134129 0.9902 0.9902 0.9902
v -0.471626 -0.026267 -0.134482 0.9802 0.9802 0.9802
v -0.470843 -0.027628 -0.133665 0.9802 0.9802 0.9802
v -0.288949 0.833161 -0.151012 0.9902 0.9902 0.9902
v -0.287867 0.831120 -0.152096 0.9902 0.9902 0.9902
v -0.290768 0.831737 -0.152096 1.0000 1.0000 1.0000
v -0.288036 0.832414 -0.151739 0.9902 0.9902 0.9902
v -0.289113 0.832392 -0.152193 0.9902 0.9902 0.9902
v -0.289322 0.831408 -0.152505 0.9902 0.9902 0.9902
v -0.290087 0.832850 -0.151739 1.0000 1.0000 1.0000
v -0.424204 -0.036516 -0.104945 1.0000 1.0000 1.0000
v -0.423690 -0.034975 -0.106850 0.9029 0.9029 0.9029
v -0.422211 -0.035152 -0.104285 0.8777 0.8777 0.8777
v -0.424015 -0.036113 -0.106239 0.9700 0.9700 0.9700
v -0.423065 -0.036051 -0.105569 0.9378 0.9378 0.9378
v -0.422606 -0.035148 -0.105772 0.8777 0.8777 0.8777
v -0.422969 -0.036238 -0.104425 0.9488 0.9488 0.9488
v -0.265059 0.828832 -0.137020 0.9802 0.9802 0.9802
v -0.263685 0.826830 -0.136235 0.9148 0.9148 0.9148
v -0.265164 0.827007 -0.138800 0.9700 0.9700 0.9700
v -0.264005 0.828125 -0.136463 0.9265 0.9265 0.9265
v -0.264182 0.827875 -0.137592 0.9488 0.9488 0.9488
v -0.264080 0.826834 -0.137722 0.9265 0.9265 0.9265
v -0.265051 0.828250 -0.138277 0.9700 0.9700 0.9700
v -0.423594 -0.033648 -0.048999 0.9902 0.9902 0.9902
v -0.421618 -0.032361 -0.049839 0.8905 0.8905 0.8905
v -0.423041 -0.031921 -0.047274 0.9148 0.9148 0.9148
v -0.422372 -0.033426 -0.049572 0.9378 0.9378 0.9378
v -0.422443 -0.033123 -0.048451 0.9265 0.9265 0.9265
v -0.421980 -0.032204 -0.048352 0.9148 0.9148 0.9148
v -0.423378 -0.033115 -0.047758 0.9378 0.9378 0.9378
v -0.264754 0.830267 -0.109036 0.9802 0.9802 0.9802
v -0.264818 0.828633 -0.107077 0.9029 0.9029 0.9029
v -0.263396 0.828193 -0.109642 0.9029 0.9029 0.9029
v -0.264718 0.829816 -0.107726 0.9378 0.9378 0.9378
v -0.263863 0.829372 -0.108388 0.9148 0.9148 0.9148
v -0.263758 0.828350 -0.108155 0.8905 0.8905 0.8905
v -0.263712 0.829505 -0.109540 0.9378 0.9378 0.9378
v -0.107696 -0.022480 0.519938 1.0000 1.0000 1.0000
v -0.106117 -0.020674 0.520669 0.9802 0.9802 0.9802
v -0.109079 -0.020519 0.520669 1.0000 1.0000 1.0000
v -0.106616 -0.021905 0.520554 0.9802 0.9802 0.9802
v -0.107648 -0.021546 0.520958 1.0000 1.0000 1.0000
v -0.107594 -0.020519 0.521071 0.9902 0.9902 0.9902
v -0.108711 -0.021796 0.520554 1.0000 1.0000 1.0000
v -0.051464 1.050495 0.282563 1.0000 1.0000 1.0000
v -0.053022 1.049116 0.284033 1.0000 1.0000 1.0000
v -0.050060 1.048961 0.284033 1.0000 1.0000 1.0000
v -0.052530 1.050201 0.283395 1.0000 1.0000 1.0000
v -0.051489 1.050017 0.283895 1.0000 1.0000 1.0000
v -0.051536 1.049116 0.284435 1.0000 1.0000 1.0000
v -0.050435 1.050091 0.283395 1.0000 1.0000 1.0000
v -0.156427 -0.025278 0.492442 1.0000 1.0000 1.0000
v -0.156512 -0.023243 0.493905 1.0000 1.0000 1.0000
v -0.158019 -0.023655 0.491383 0.9802 0.9802 0.9802
v -0.156492 -0.024539 0.493593 1.0000 1.0000 1.0000
v -0.157403 -0.024403 0.492882 1.0000 1.0000 1.0000
v -0.157617 -0.023391 0.492845 1.0000 1.0000 1.0000
v -0.157557 -0.024831 0.491810 1.0000 1.0000 1.0000
v -0.075839 1.049095 0.268809 1.0000 1.0000 1.0000
v -0.077682 1.047375 0.268447 1.0000 1.0000 1.0000
v -0.076175 1.047786 0.270968 1.0000 1.0000 1.0000
v -0.077043 1.048563 0.268382 1.0000 1.0000 1.0000
v -0.076922 1.048557 0.269544 1.0000 1.0000 1.0000
v -0.077281 1.047638 0.269908 1.0000 1.0000 1.0000
v -0.075978 1.048854 0.270165 1.0000 1.0000 1.0000
v -0.156986 -0.035953 0.437448 0.9902 0.9902 0.9902
v -0.158563 -0.034046 0.437854 0.9488 0.9488 0.9488
v -0.157108 -0.034613 0.435332 0.8905 0.8905 0.8905
v -0.158106 -0.035298 0.437888 0.9595 0.9595 0.9595
v -0.157975 -0.035303 0.436731 0.9378 0.9378 0.9378
v -0.158192 -0.034350 0.436392 0.9029 0.9029 0.9029
v -0.157077 -0.035699 0.436105 0.9378 0.9378 0.9378
v -0.076119 1.043755 0.241301 1.0000 1.0000 1.0000
v -0.076492 1.041736 0.239795 0.9902 0.9902 0.9902
v -0.077948 1.042303 0.242317 1.0000 1.0000 1.0000
v -0.076283 1.043026 0.240137 1.0000 1.0000 1.0000
v -0.077214 1.042985 0.240842 1.0000 1.0000 1.0000
v -0.077576 1.041999 0.240855 1.0000 1.0000 1.0000
v -0.077312 1.043427 0.241920 1.0000 1.0000 1.0000
v -0.108815 -0.043830 0.409951 0.9802 0.9802 0.9802
v -0.110219 -0.042280 0.408567 0.8777 0.8777 0.8777
v -0.107257 -0.042435 0.408567 0.8645 0.8645 0.8645
v -0.109844 -0.043422 0.409144 0.9148 0.9148 0.9148
v -0.108790 -0.043346 0.408656 0.9029 0.9029 0.9029
v -0.108742 -0.042435 0.408165 0.8777 0.8777 0.8777
v -0.107750 -0.043532 0.409144 0.9265 0.9265 0.9265
v -0.052024 1.039815 0.227547 1.0000 1.0000 1.0000
v -0.050643 1.037838 0.226731 0.9902 0.9902 0.9902
v -0.053604 1.037993 0.226731 0.9902 0.9902 0.9902
v -0.051010 1.039126 0.226906 1.0000 1.0000 1.0000
v -0.052073 1.038874 0.226492 1.0000 1.0000 1.0000
v -0.052128 1.037837 0.226329 0.9902 0.9902 0.9902
v -0.053104 1.039236 0.226906 1.0000 1.0000 1.0000
v -0.060085 -0.041032 0.437448 1.0000 1.0000 1.0000
v -0.059824 -0.039711 0.435332 0.8508 0.8508 0.8508
v -0.058317 -0.039299 0.437854 0.9029 0.9029 0.9029
v -0.059968 -0.040788 0.436105 0.9265 0.9265 0.9265
v -0.059034 -0.040488 0.436731 0.8905 0.8905 0.8905
v -0.058719 -0.039563 0.436392 0.8365 0.8365 0.8365
v -0.058903 -0.040497 0.437888 0.9595 0.9595 0.9595
v -0.027649 1.041215 0.241301 1.0000 1.0000 1.0000
v -0.025982 1.039579 0.242317 1.0000 1.0000 1.0000
v -0.027489 1.039167 0.239795 1.0000 1.0000 1.0000
v -0.026497 1.040764 0.241920 1.0000 1.0000 1.0000
v -0.026640 1.040335 0.240842 1.0000 1.0000 1.0000
v -0.026383 1.039316 0.240855 1.0000 1.0000 1.0000
v -0.027562 1.040472 0.240137 1.0000 1.0000 1.0000
v -0.059526 -0.030357 0.492442 1.0000 1.0000 1.0000
v -0.057773 -0.028908 0.491383 0.9488 0.9488 0.9488
v -0.059228 -0.028341 0.493905 0.9700 0.9700 0.9700
v -0.058355 -0.030030 0.491810 0.9802 0.9802 0.9802
v -0.058463 -0.029589 0.492882 0.9700 0.9700 0.9700
v -0.058144 -0.028604 0.492845 0.9595 0.9595 0.9595
v -0.059384 -0.029629 0.493593 0.9802 0.9802 0.9802
v -0.027369 1.046555 0.268809 1.0000 1.0000 1.0000
v -0.027172 1.045218 0.270968 1.0000 1.0000 1.0000
v -0.025716 1.044651 0.268447 1.0000 1.0000 1.0000
v -0.027256 1.046301 0.270165 1.0000 1.0000 1.0000
v -0.026349 1.045906 0.269544 1.0000 1.0000 1.0000
v -0.026088 1.044955 0.269908 1.0000 1.0000 1.0000
v -0.026227 1.045900 0.268382 1.0000 1.0000 1.0000
v 0.278475 0.920163 -0.124420 0.6181 0.6181 0.6181
v 0.276557 0.920867 -0.125801 0.6181 0.6181 0.6181
v 0.276563 0.920867 -0.123030 0.6181 0.6181 0.6181
v 0.277815 0.920797 -0.125398 0.6181 0.6181 0.6181
v 0.277495 0.921216 -0.124418 0.6181 0.6181 0.6181
v 0.276463 0.921294 -0.124415 0.6181 0.6181 0.6181
v 0.277820 0.920797 -0.123439 0.6181 0.6181 0.6181
v -0.290262 0.791227 -0.123024 0.6181 0.6181 0.6181
v -0.288834 0.792688 -0.121642 0.6181 0.6181 0.6181
v -0.288841 0.792688 -0.124412 0.6181 0.6181 0.6181
v -0.289939 0.792083 -0.122045 0.6181 0.6181 0.6181
v -0.289831 0.792600 -0.123025 0.6181 0.6181 0.6181
v -0.288934 0.793116 -0.123027 0.6181 0.6181 0.6181
v -0.289944 0.792083 -0.124004 0.6181 0.6181 0.6181
v 0.279698 0.914850 -0.116925 0.6181 0.6181 0.6181
v 0.277663 0.916091 -0.116293 0.6181 0.6181 0.6181
v 0.278247 0.913521 -0.115438 0.6181 0.6181 0.6181
v 0.278952 0.915878 -0.116500 0.6181 0.6181 0.6181
v 0.278910 0.915065 -0.115740 0.6181 0.6181 0.6181
v 0.277926 0.914938 -0.115448 0.6181 0.6181 0.6181
v 0.279366 0.914061 -0.115896 0.6181 0.6181 0.6181
v -0.289039 0.785915 -0.115529 0.6181 0.6181 0.6181
v -0.287150 0.785343 -0.114050 0.6181 0.6181 0.6181
v -0.287735 0.787913 -0.114904 0.6181 0.6181 0.6181
v -0.288394 0.785347 -0.114502 0.6181 0.6181 0.6181
v -0.288415 0.786449 -0.114347 0.6181 0.6181 0.6181
v -0.287471 0.786760 -0.114060 0.6181 0.6181 0.6181
v -0.288807 0.787164 -0.115106 0.6181 0.6181 0.6181
v 0.281640 0.906255 -0.119794 0.6181 0.6181 0.6181
v 0.279993 0.905794 -0.118017 0.6181 0.6181 0.6181
v 0.280347 0.904206 -0.120259 0.6181 0.6181 0.6181
v 0.281163 0.906103 -0.118552 0.6181 0.6181 0.6181
v 0.281158 0.905113 -0.119062 0.6181 0.6181 0.6181
v 0.280249 0.904654 -0.118880 0.6181 0.6181 0.6181
v 0.281414 0.904980 -0.120137 0.6181 0.6181 0.6181
v -0.287097 0.777319 -0.118397 0.6181 0.6181 0.6181
v -0.285050 0.776027 -0.118871 0.6181 0.6181 0.6181
v -0.285405 0.777616 -0.116628 0.6181 0.6181 0.6181
v -0.286345 0.776266 -0.118743 0.6181 0.6181 0.6181
v -0.286167 0.776497 -0.117669 0.6181 0.6181 0.6181
v -0.285148 0.776476 -0.117492 0.6181 0.6181 0.6181
v -0.286596 0.777389 -0.117157 0.6181 0.6181 0.6181
v 0.281617 0.906255 -0.129061 0.6181 0.6181 0.6181
v 0.280327 0.904206 -0.128590 0.6181 0.6181 0.6181
v 0.279961 0.905794 -0.130831 0.6181 0.6181 0.6181
v 0.281393 0.904980 -0.128717 0.6181 0.6181 0.6181
v 0.281132 0.905113 -0.129791 0.6181 0.6181 0.6181
v 0.280222 0.904654 -0.129968 0.6181 0.6181 0.6181
v 0.281134 0.906103 -0.130302 0.6181 0.6181 0.6181
v -0.287120 0.777319 -0.127665 0.6181 0.6181 0.6181
v -0.285436 0.777616 -0.129442 0.6181 0.6181 0.6181
v -0.285070 0.776027 -0.127202 0.6181 0.6181 0.6181
v -0.286625 0.777389 -0.128907 0.6181 0.6181 0.6181
v -0.286194 0.776497 -0.128398 0.6181 0.6181 0.6181
v -0.285175 0.776476 -0.128580 0.6181 0.6181 0.6181
v -0.286366 0.776266 -0.127323 0.6181 0.6181 0.6181
v 0.279661 0.914850 -0.131921 0.6181 0.6181 0.6181
v 0.278203 0.913521 -0.133401 0.6181 0.6181 0.6181
v 0.277623 0.916091 -0.132543 0.6181 0.6181 0.6181
v 0.279324 0.914061 -0.132948 0.6181 0.6181 0.6181
v 0.278868 0.915065 -0.133102 0.6181 0.6181 0.6181
v 0.277882 0.914938 -0.133389 0.6181 0.6181 0.6181
v 0.278913 0.915878 -0.132342 0.6181 0.6181 0.6181
v -0.289076 0.785915 -0.130524 0.6181 0.6181 0.6181
v -0.287775 0.787913 -0.131155 0.6181 0.6181 0.6181
v -0.287194 0.785343 -0.132013 0.6181 0.6181 0.6181
v -0.288846 0.787164 -0.130948 0.6181 0.6181 0.6181
v -0.288458 0.786449 -0.131709 0.6181 0.6181 0.6181
v -0.287515 0.786760 -0.132001 0.6181 0.6181 0.6181
v -0.288435 0.785347 -0.131554 0.6181 0.6181 0.6181
v 0.150000 0.748007 -0.124117 0.8060 0.8060 0.8060
v 0.151385 0.749719 -0.123006 0.8645 0.8645 0.8645
v 0.148615 0.749719 -0.123006 0.8777 0.8777 0.8777
v 0.150980 0.748508 -0.123353 0.8645 0.8645 0.8645
v 0.150000 0.748730 -0.122873 0.8645 0.8645 0.8645
v 0.150000 0.749719 -0.122568 0.8777 0.8777 0.8777
v 0.149020 0.748508 -0.123353 0.8365 0.8365 0.8365
v 0.150000 0.948007 -0.124117 1.0000 1.0000 1.0000
v 0.148615 0.946294 -0.123006 0.9488 0.9488 0.9488
v 0.151385 0.946294 -0.123006 0.9488 0.9488 0.9488
v 0.149020 0.947505 -0.123353 0.9700 0.9700 0.9700
v 0.150000 0.947283 -0.122873 0.9700 0.9700 0.9700
v 0.150000 0.946294 -0.122568 0.9595 0.9595 0.9595
v 0.150980 0.947505 -0.123353 0.9802 0.9802 0.9802
v 0.144404 0.748007 -0.128182 0.7536 0.7536 0.7536
v 0.143777 0.749719 -0.126521 0.8365 0.8365 0.8365
v 0.142921 0.749719 -0.129156 0.6181 0.6181 0.6181
v 0.143981 0.748508 -0.127014 0.8365 0.8365 0.8365
v 0.143221 0.748730 -0.127798 0.8060 0.8060 0.8060
v 0.142932 0.749719 -0.127703 0.7895 0.7895 0.7895
v 0.143376 0.748508 -0.128878 0.6181 0.6181 0.6181
v 0.144404 0.948007 -0.128182 1.0000 1.0000 1.0000
v 0.142921 0.946294 -0.129156 0.9700 0.9700 0.9700
v 0.143777 0.946294 -0.126521 0.9595 0.9595 0.9595
v 0.143376 0.947505 -0.128878 1.0000 1.0000 1.0000
v 0.143221 0.947283 -0.127798 0.9700 0.9700 0.9700
v 0.142932 0.946294 -0.127703 0.9595 0.9595 0.9595
v 0.143981 0.947505 -0.127014 0.9802 0.9802 0.9802
v 0.146542 0.748007 -0.134760 0.6181 0.6181 0.6181
v 0.144769 0.749719 -0.134844 0.6181 0.6181 0.6181
v 0.147010 0.749719 -0.136472 0.6181 0.6181 0.6181
v 0.145301 0.748508 -0.134802 0.6181 0.6181 0.6181
v 0.145811 0.748730 -0.135766 0.6181 0.6181 0.6181
v 0.145632 0.749719 -0.136013 0.6181 0.6181 0.6181
v 0.146885 0.748508 -0.135953 0.6181 0.6181 0.6181
v 0.146542 0.948007 -0.134760 1.0000 1.0000 1.0000
v 0.147010 0.946294 -0.136472 0.9902 0.9902 0.9902
v 0.144769 0.946294 -0.134844 0.9802 0.9802 0.9802
v 0.146885 0.947505 -0.135953 1.0000 1.0000 1.0000
v 0.145811 0.947283 -0.135766 1.0000 1.0000 1.0000
v 0.145632 0.946294 -0.136013 0.9902 0.9902 0.9902
v 0.145301 0.947505 -0.134802 1.0000 1.0000 1.0000
v 0.153458 0.748007 -0.134760 0.7895 0.7895 0.7895
v 0.152990 0.749719 -0.136472 0.9029 0.9029 0.9029
v 0.155231 0.749719 -0.134844 0.9488 0.9488 0.9488
v 0.153115 0.748508 -0.135953 0.8365 0.8365 0.8365
v 0.154189 0.748730 -0.135766 0.9029 0.9029 0.9029
v 0.154368 0.749719 -0.136013 0.9265 0.9265 0.9265
v 0.154699 0.748508 -0.134802 0.8777 0.8777 0.8777
v 0.153458 0.948007 -0.134760 1.0000 1.0000 1.0000
v 0.155231 0.946294 -0.134844 0.9802 0.9802 0.9802
v 0.152990 0.946294 -0.136472 1.0000 1.0000 1.0000
v 0.154699 0.947505 -0.134802 1.0000 1.0000 1.0000
v 0.154189 0.947283 -0.135766 1.0000 1.0000 1.0000
v 0.154368 0.946294 -0.136013 0.9902 0.9902 0.9902
v 0.153115 0.947505 -0.135953 1.0000 1.0000 1.0000
v 0.155596 0.748007 -0.128182 0.8060 0.8060 0.8060
v 0.157079 0.749719 -0.129156 0.9378 0.9378 0.9378
v 0.156223 0.749719 -0.126521 0.8645 0.8645 0.8645
v 0.156624 0.748508 -0.128878 0.8777 0.8777 0.8777
v 0.156779 0.748730 -0.127798 0.8645 0.8645 0.8645
v 0.157068 0.749719 -0.127703 0.8905 0.8905 0.8905
v 0.156019 0.748508 -0.127014 0.8645 0.8645 0.8645
v 0.155596 0.948007 -0.128182 1.0000 1.0000 1.0000
v 0.156223 0.946294 -0.126521 0.9595 0.9595 0.9595
v 0.157079 0.946294 -0.129156 0.9802 0.9802 0.9802
v 0.156019 0.947505 -0.127014 1.0000 1.0000 1.0000
v 0.156779 0.947283 -0.127798 1.0000 1.0000 1.0000
v 0.157068 0.946294 -0.127703 0.9700 0.9700 0.9700
v 0.156624 0.947505 -0.128878 1.0000 1.0000 1.0000
v -0.150000 0.748007 -0.124117 0.7721 0.7721 0.7721
v -0.148615 0.749719 -0.123006 0.8216 0.8216 0.8216
v -0.151385 0.749719 -0.123006 0.8365 0.8365 0.8365
v -0.149020 0.748508 -0.123353 0.8060 0.8060 0.8060
v -0.150000 0.748730 -0.122873 0.8365 0.8365 0.8365
v -0.150000 0.749719 -0.122568 0.8508 0.8508 0.8508
v -0.150980 0.748508 -0.123353 0.8365 0.8365 0.8365
v -0.150000 0.948007 -0.124117 0.9902 0.9902 0.9902
v -0.151385 0.946294 -0.123006 0.9595 0.9595 0.9595
v -0.148615 0.946294 -0.123006 0.9595 0.9595 0.9595
v -0.150980 0.947505 -0.123353 0.9700 0.9700 0.9700
v -0.150000 0.947283 -0.122873 0.9700 0.9700 0.9700
v -0.150000 0.946294 -0.122568 0.9595 0.9595 0.9595
v -0.149020 0.947505 -0.123353 0.9802 0.9802 0.9802
v -0.155596 0.748007 -0.128182 0.8060 0.8060 0.8060
v -0.156223 0.749719 -0.126521 0.8216 0.8216 0.8216
v -0.157079 0.749719 -0.129156 0.9148 0.9148 0.9148
v -0.156019 0.748508 -0.127014 0.8216 0.8216 0.8216
v -0.156779 0.748730 -0.127798 0.8365 0.8365 0.8365
v -0.157068 0.749719 -0.127703 0.8777 0.8777 0.8777
v -0.156624 0.748508 -0.128878 0.8508 0.8508 0.8508
v -0.155596 0.948007 -0.128182 1.0000 1.0000 1.0000
v -0.157079 0.946294 -0.129156 0.9802 0.9802 0.9802
v -0.156223 0.946294 -0.126521 0.9595 0.9595 0.9595
v -0.156624 0.947505 -0.128878 1.0000 1.0000 1.0000
v -0.156779 0.947283 -0.127798 0.9802 0.9802 0.9802
v -0.157068 0.946294 -0.127703 0.9595 0.9595 0.9595
v -0.156019 0.947505 -0.127014 0.9802 0.9802 0.9802
v -0.153458 0.748007 -0.134760 0.8216 0.8216 0.8216
v -0.155231 0.749719 -0.134844 0.9488 0.9488 0.9488
v -0.152990 0.749719 -0.136472 0.9378 0.9378 0.9378
v -0.154699 0.748508 -0.134802 0.8905 0.8905 0.8905
v -0.154189 0.748730 -0.135766 0.9265 0.9265 0.9265
v -0.154368 0.749719 -0.136013 0.9378 0.9378 0.9378
v -0.153115 0.748508 -0.135953 0.8905 0.8905 0.8905
v -0.153458 0.948007 -0.134760 1.0000 1.0000 1.0000
v -0.152990 0.946294 -0.136472 0.9802 0.9802 0.9802
v -0.155231 0.946294 -0.134844 0.9802 0.9802 0.9802
v -0.153115 0.947505 -0.135953 1.0000 1.0000 1.0000
v -0.154189 0.947283 -0.135766 1.0000 1.0000 1.0000
v -0.154368 0.946294 -0.136013 0.9902 0.9902 0.9902
v -0.154699 0.947505 -0.134802 1.0000 1.0000 1.0000
v -0.146542 0.748007 -0.134760 0.6181 0.6181 0.6181
v -0.147010 0.749719 -0.136472 0.6181 0.6181 0.6181
v -0.144769 0.749719 -0.134844 0.6181 0.6181 0.6181
v -0.146885 0.748508 -0.135953 0.6181 0.6181 0.6181
v -0.145811 0.748730 -0.135766 0.6181 0.6181 0.6181
v -0.145632 0.749719 -0.136013 0.6181 0.6181 0.6181
v -0.145301 0.748508 -0.134802 0.6181 0.6181 0.6181
v -0.146542 0.948007 -0.134760 1.0000 1.0000 1.0000
v -0.144769 0.946294 -0.134844 0.9700 0.9700 0.9700
v -0.147010 0.946294 -0.136472 0.9902 0.9902 0.9902
v -0.145301 0.947505 -0.134802 0.9902 0.9902 0.9902
v -0.145811 0.947283 -0.135766 0.9902 0.9902 0.9902
v -0.145632 0.946294 -0.136013 0.9902 0.9902 0.9902
v -0.146885 0.947505 -0.135953 1.0000 1.0000 1.0000
v -0.144404 0.748007 -0.128182 0.7118 0.7118 0.7118
v -0.142921 0.749719 -0.129156 0.6181 0.6181 0.6181
v -0.143777 0.749719 -0.126521 0.7895 0.7895 0.7895
v -0.143376 0.748508 -0.128878 0.6181 0.6181 0.6181
v -0.143221 0.748730 -0.127798 0.7895 0.7895 0.7895
v -0.142932 0.749719 -0.127703 0.7721 0.7721 0.7721
v -0.143981 0.748508 -0.127014 0.7895 0.7895 0.7895
v -0.144404 0.948007 -0.128182 0.9902 0.9902 0.9902
v -0.143777 0.946294 -0.126521 0.9595 0.9595 0.9595
v -0.142921 0.946294 -0.129156 0.9700 0.9700 0.9700
v -0.143981 0.947505 -0.127014 0.9902 0.9902 0.9902
v -0.143221 0.947283 -0.127798 0.9802 0.9802 0.9802
v -0.142932 0.946294 -0.127703 0.9595 0.9595 0.9595
v -0.143376 0.947505 -0.128878 0.9902 0.9902 0.9902
v -0.182142 0.648007 -0.145487 0.9488 0.9488 0.9488
v -0.182142 0.648007 -0.142513 0.8645 0.8645 0.8645
v -0.182497 0.648007 -0.144000 0.9148 0.9148 0.9148
v -0.172270 0.648007 -0.159588 0.9595 0.9595 0.9595
v -0.174858 0.648007 -0.158102 0.9378 0.9378 0.9378
v -0.173745 0.648007 -0.159153 0.9488 0.9488 0.9488
v -0.155142 0.648007 -0.158102 0.8905 0.8905 0.8905
v -0.157730 0.648007 -0.159588 0.9378 0.9378 0.9378
v -0.156255 0.648007 -0.159153 0.9378 0.9378 0.9378
v -0.147858 0.648007 -0.142513 0.6181 0.6181 0.6181
v -0.147858 0.648007 -0.145487 0.8216 0.8216 0.8216
v -0.147503 0.648007 -0.144000 0.6181 0.6181 0.6181
v -0.157730 0.648007 -0.128412 0.8777 0.8777 0.8777
v -0.155142 0.648007 -0.129898 0.8216 0.8216 0.8216
v -0.156255 0.648007 -0.128847 0.8508 0.8508 0.8508
v -0.174858 0.648007 -0.129898 0.8365 0.8365 0.8365
v -0.172270 0.648007 -0.128412 0.8365 0.8365 0.8365
v -0.173745 0.648007 -0.128847 0.8365 0.8365 0.8365
v -0.174764 0.699322 -0.142513 0.8777 0.8777 0.8777
v -0.174764 0.699322 -0.145487 0.9488 0.9488 0.9488
v -0.175105 0.699422 -0.144000 0.9378 0.9378 0.9378
v -0.167775 0.697270 -0.158102 0.9488 0.9488 0.9488
v -0.165292 0.696541 -0.159588 0.9595 0.9595 0.9595
v -0.166707 0.696956 -0.159153 0.9595 0.9595 0.9595
v -0.151341 0.692444 -0.159588 0.9378 0.9378 0.9378
v -0.148857 0.691715 -0.158102 0.9148 0.9148 0.9148
v -0.149926 0.692029 -0.159153 0.9265 0.9265 0.9265
v -0.141869 0.689663 -0.145487 0.8905 0.8905 0.8905
v -0.141869 0.689663 -0.142513 0.7895 0.7895 0.7895
v -0.141528 0.689563 -0.144000 0.8216 0.8216 0.8216
v -0.148857 0.691715 -0.129898 0.7721 0.7721 0.7721
v -0.151341 0.692444 -0.128412 0.8645 0.8645 0.8645
v -0.149926 0.692029 -0.128847 0.7895 0.7895 0.7895
v -0.165292 0.696541 -0.128412 0.8216 0.8216 0.8216
v -0.167775 0.697270 -0.129898 0.8508 0.8508 0.8508
v -0.166707 0.696956 -0.128847 0.8365 0.8365 0.8365
v -0.153227 0.746480 -0.142513 0.8508 0.8508 0.8508
v -0.153227 0.746480 -0.145487 0.9488 0.9488 0.9488
v -0.153526 0.746672 -0.144000 0.9265 0.9265 0.9265
v -0.147100 0.742542 -0.158102 0.9595 0.9595 0.9595
v -0.144923 0.741143 -0.159588 0.9595 0.9595 0.9595
v -0.146163 0.741940 -0.159153 0.9595 0.9595 0.9595
v -0.132691 0.733282 -0.159588 0.9488 0.9488 0.9488
v -0.130513 0.731883 -0.158102 0.9148 0.9148 0.9148
v -0.131450 0.732485 -0.159153 0.9265 0.9265 0.9265
v -0.124386 0.727945 -0.145487 0.9029 0.9029 0.9029
v -0.124386 0.727945 -0.142513 0.8216 0.8216 0.8216
v -0.124087 0.727753 -0.144000 0.8645 0.8645 0.8645
v -0.130513 0.731883 -0.129898 0.8060 0.8060 0.8060
v -0.132691 0.733282 -0.128412 0.8365 0.8365 0.8365
v -0.131450 0.732485 -0.128847 0.8060 0.8060 0.8060
v -0.144923 0.741143 -0.128412 0.8365 0.8365 0.8365
v -0.147100 0.742542 -0.129898 0.8365 0.8365 0.8365
v -0.146163 0.741940 -0.128847 0.8365 0.8365 0.8365
v -0.119277 0.785660 -0.142513 0.9148 0.9148 0.9148
v -0.119277 0.785660 -0.145487 0.9595 0.9595 0.9595
v -0.119510 0.785929 -0.144000 0.9488 0.9488 0.9488
v -0.114508 0.780156 -0.158102 0.9700 0.9700 0.9700
v -0.112813 0.778200 -0.159588 0.9700 0.9700 0.9700
v -0.113779 0.779314 -0.159153 0.9902 0.9902 0.9902
v -0.103291 0.767211 -0.159588 0.9595 0.9595 0.9595
v -0.101596 0.765255 -0.158102 0.9148 0.9148 0.9148
v -0.102325 0.766097 -0.159153 0.9378 0.9378 0.9378
v -0.096827 0.759750 -0.145487 0.8645 0.8645 0.8645
v -0.096827 0.759750 -0.142513 0.8216 0.8216 0.8216
v -0.096594 0.759482 -0.144000 0.8216 0.8216 0.8216
v -0.101596 0.765255 -0.129898 0.8060 0.8060 0.8060
v -0.103291 0.767211 -0.128412 0.8777 0.8777 0.8777
v -0.102325 0.766097 -0.128847 0.8216 0.8216 0.8216
v -0.112813 0.778200 -0.128412 0.8777 0.8777 0.8777
v -0.114508 0.780156 -0.129898 0.9029 0.9029 0.9029
v -0.113779 0.779314 -0.128847 0.8905 0.8905 0.8905
v -0.075664 0.813689 -0.142513 0.9029 0.9029 0.9029
v -0.075664 0.813689 -0.145487 0.9700 0.9700 0.9700
v -0.075812 0.814012 -0.144000 0.9265 0.9265 0.9265
v -0.072639 0.807063 -0.158102 0.9700 0.9700 0.9700
v -0.071564 0.804709 -0.159588 0.9802 0.9802 0.9802
v -0.072176 0.806050 -0.159153 0.9802 0.9802 0.9802
v -0.065523 0.791483 -0.159588 0.9595 0.9595 0.9595
v -0.064448 0.789128 -0.158102 0.9265 0.9265 0.9265
v -0.064911 0.790141 -0.159153 0.9488 0.9488 0.9488
v -0.061423 0.782503 -0.145487 0.8645 0.8645 0.8645
v -0.061423 0.782503 -0.142513 0.8365 0.8365 0.8365
v -0.061275 0.782180 -0.144000 0.8365 0.8365 0.8365
v -0.064448 0.789128 -0.129898 0.8365 0.8365 0.8365
v -0.065523 0.791483 -0.128412 0.8777 0.8777 0.8777
v -0.064911 0.790141 -0.128847 0.8365 0.8365 0.8365
v -0.071564 0.804709 -0.128412 0.8777 0.8777 0.8777
v -0.072639 0.807063 -0.129898 0.8905 0.8905 0.8905
v -0.072176 0.806050 -0.128847 0.8508 0.8508 0.8508
v -0.025921 0.828294 -0.142513 0.9265 0.9265 0.9265
v -0.025921 0.828294 -0.145487 0.9595 0.9595 0.9595
v -0.025972 0.828646 -0.144000 0.9378 0.9378 0.9378
v -0.024885 0.821085 -0.158102 0.9902 0.9902 0.9902
v -0.024517 0.818523 -0.159588 0.9802 0.9802 0.9802
v -0.024726 0.819983 -0.159153 0.9802 0.9802 0.9802
v -0.022447 0.804131 -0.159588 0.9595 0.9595 0.9595
v -0.022079 0.801569 -0.158102 0.9148 0.9148 0.9148
v -0.022237 0.802671 -0.159153 0.9488 0.9488 0.9488
v -0.021042 0.794360 -0.145487 0.8645 0.8645 0.8645
v -0.021042 0.794360 -0.142513 0.8365 0.8365 0.8365
v -0.020992 0.794008 -0.144000 0.8365 0.8365 0.8365
v -0.022079 0.801569 -0.129898 0.8508 0.8508 0.8508
v -0.022447 0.804131 -0.128412 0.8645 0.8645 0.8645
v -0.022237 0.802671 -0.128847 0.8645 0.8645 0.8645
v -0.024517 0.818523 -0.128412 0.8777 0.8777 0.8777
v -0.024885 0.821085 -0.129898 0.9029 0.9029 0.9029
v -0.024726 0.819983 -0.128847 0.8645 0.8645 0.8645
v 0.025921 0.828294 -0.142513 0.9378 0.9378 0.9378
v 0.025921 0.828294 -0.145487 0.9902 0.9902 0.9902
v 0.025972 0.828646 -0.144000 0.9700 0.9700 0.9700
v 0.024885 0.821085 -0.158102 0.9902 0.9902 0.9902
v 0.024517 0.818523 -0.159588 0.9802 0.9802 0.9802
v 0.024726 0.819983 -0.159153 0.9902 0.9902 0.9902
v 0.022447 0.804131 -0.159588 0.9802 0.9802 0.9802
v 0.022079 0.801569 -0.158102 0.9265 0.9265 0.9265
v 0.022237 0.802671 -0.159153 0.9595 0.9595 0.9595
v 0.021042 0.794360 -0.145487 0.8645 0.8645 0.8645
v 0.021042 0.794360 -0.142513 0.8365 0.8365 0.8365
v 0.020992 0.794008 -0.144000 0.8365 0.8365 0.8365
v 0.022079 0.801569 -0.129898 0.8365 0.8365 0.8365
v 0.022447 0.804131 -0.128412 0.8777 0.8777 0.8777
v 0.022237 0.802671 -0.128847 0.8645 0.8645 0.8645
v 0.024517 0.818523 -0.128412 0.8905 0.8905 0.8905
v 0.024885 0.821085 -0.129898 0.9029 0.9029 0.9029
v 0.024726 0.819983 -0.128847 0.9029 0.9029 0.9029
v 0.075664 0.813689 -0.142513 0.9488 0.9488 0.9488
v 0.075664 0.813689 -0.145487 0.9595 0.9595 0.9595
v 0.075812 0.814012 -0.144000 0.9488 0.9488 0.9488
v 0.072639 0.807063 -0.158102 0.9902 0.9902 0.9902
v 0.071564 0.804709 -0.159588 0.9902 0.9902 0.9902
v 0.072176 0.806050 -0.159153 0.9902 0.9902 0.9902
v 0.065523 0.791483 -0.159588 0.9802 0.9802 0.9802
v 0.064448 0.789128 -0.158102 0.9378 0.9378 0.9378
v 0.064911 0.790141 -0.159153 0.9595 0.9595 0.9595
v 0.061423 0.782503 -0.145487 0.9029 0.9029 0.9029
v 0.061423 0.782503 -0.142513 0.8365 0.8365 0.8365
v 0.061275 0.782180 -0.144000 0.8216 0.8216 0.8216
v 0.064448 0.789128 -0.129898 0.8645 0.8645 0.8645
v 0.065523 0.791483 -0.128412 0.8777 0.8777 0.8777
v 0.064911 0.790141 -0.128847 0.8777 0.8777 0.8777
v 0.071564 0.804709 -0.128412 0.9029 0.9029 0.9029
v 0.072639 0.807063 -0.129898 0.9378 0.9378 0.9378
v 0.072176 0.806050 -0.128847 0.9148 0.9148 0.9148
v 0.119277 0.785660 -0.142513 0.9488 0.9488 0.9488
v 0.119277 0.785660 -0.145487 0.9488 0.9488 0.9488
v 0.119510 0.785929 -0.144000 0.9488 0.9488 0.9488
v 0.114508 0.780156 -0.158102 0.9595 0.9595 0.9595
v 0.112813 0.778200 -0.159588 0.9802 0.9802 0.9802
v 0.113779 0.779314 -0.159153 0.9802 0.9802 0.9802
v 0.103291 0.767211 -0.159588 0.9802 0.9802 0.9802
v 0.101596 0.765255 -0.158102 0.9488 0.9488 0.9488
v 0.102325 0.766097 -0.159153 0.9802 0.9802 0.9802
v 0.096827 0.759750 -0.145487 0.8777 0.8777 0.8777
v 0.096827 0.759750 -0.142513 0.8645 0.8645 0.8645
v 0.096594 0.759482 -0.144000 0.8645 0.8645 0.8645
v 0.101596 0.765255 -0.129898 0.8645 0.8645 0.8645
v 0.103291 0.767211 -0.128412 0.8777 0.8777 0.8777
v 0.102325 0.766097 -0.128847 0.8777 0.8777 0.8777
v 0.112813 0.778200 -0.128412 0.8905 0.8905 0.8905
v 0.114508 0.780156 -0.129898 0.9148 0.9148 0.9148
v 0.113779 0.779314 -0.128847 0.8905 0.8905 0.8905
v 0.153227 0.746480 -0.142513 0.9265 0.9265 0.9265
v 0.153227 0.746480 -0.145487 0.9700 0.9700 0.9700
v 0.153526 0.746672 -0.144000 0.9700 0.9700 0.9700
v 0.147100 0.742542 -0.158102 0.9802 0.9802 0.9802
v 0.144923 0.741143 -0.159588 0.9802 0.9802 0.9802
v 0.146163 0.741940 -0.159153 0.9802 0.9802 0.9802
v 0.132691 0.733282 -0.159588 0.9700 0.9700 0.9700
v 0.130513 0.731883 -0.158102 0.9488 0.9488 0.9488
v 0.131450 0.732485 -0.159153 0.9700 0.9700 0.9700
v 0.124386 0.727945 -0.145487 0.9148 0.9148 0.9148
v 0.124386 0.727945 -0.142513 0.8508 0.8508 0.8508
v 0.124087 0.727753 -0.144000 0.8777 0.8777 0.8777
v 0.130513 0.731883 -0.129898 0.8645 0.8645 0.8645
v 0.132691 0.733282 -0.128412 0.8777 0.8777 0.8777
v 0.131450 0.732485 -0.128847 0.8777 0.8777 0.8777
v 0.144923 0.741143 -0.128412 0.8905 0.8905 0.8905
v 0.147100 0.742542 -0.129898 0.8508 0.8508 0.8508
v 0.146163 0.741940 -0.128847 0.8777 0.8777 0.8777
v 0.174764 0.699322 -0.142513 0.8905 0.8905 0.8905
v 0.174764 0.699322 -0.145487 0.9595 0.9595 0.9595
v 0.175105 0.699422 -0.144000 0.9488 0.9488 0.9488
v 0.167775 0.697270 -0.158102 0.9595 0.9595 0.9595
v 0.165292 0.696541 -0.159588 0.9148 0.9148 0.9148
v 0.166707 0.696956 -0.159153 0.9378 0.9378 0.9378
v 0.151341 0.692444 -0.159588 0.9029 0.9029 0.9029
v 0.148857 0.691715 -0.158102 0.8777 0.8777 0.8777
v 0.149926 0.692029 -0.159153 0.8905 0.8905 0.8905
v 0.141869 0.689663 -0.145487 0.8905 0.8905 0.8905
v 0.141869 0.689663 -0.142513 0.7895 0.7895 0.7895
v 0.141528 0.689563 -0.144000 0.8365 0.8365 0.8365
v 0.148857 0.691715 -0.129898 0.8216 0.8216 0.8216
v 0.151341 0.692444 -0.128412 0.8645 0.8645 0.8645
v 0.149926 0.692029 -0.128847 0.8508 0.8508 0.8508
v 0.165292 0.696541 -0.128412 0.8905 0.8905 0.8905
v 0.167775 0.697270 -0.129898 0.8905 0.8905 0.8905
v 0.166707 0.696956 -0.128847 0.8777 0.8777 0.8777
v 0.182142 0.648007 -0.142513 0.8777 0.8777 0.8777
v 0.182142 0.648007 -0.145487 0.9265 0.9265 0.9265
v 0.182497 0.648007 -0.144000 0.9148 0.9148 0.9148
v 0.174858 0.648007 -0.158102 0.8777 0.8777 0.8777
v 0.172270 0.648007 -0.159588 0.8508 0.8508 0.8508
v 0.173745 0.648007 -0.159153 0.8508 0.8508 0.8508
v 0.157730 0.648007 -0.159588 0.8777 0.8777 0.8777
v 0.155142 0.648007 -0.158102 0.8216 0.8216 0.8216
v 0.156255 0.648007 -0.159153 0.8508 0.8508 0.8508
v 0.147858 0.648007 -0.145487 0.7336 0.7336 0.7336
v 0.147858 0.648007 -0.142513 0.6181 0.6181 0.6181
v 0.147503 0.648007 -0.144000 0.6181 0.6181 0.6181
v 0.155142 0.648007 -0.129898 0.8216 0.8216 0.8216
v 0.157730 0.648007 -0.128412 0.8645 0.8645 0.8645
v 0.156255 0.648007 -0.128847 0.8645 0.8645 0.8645
v 0.172270 0.648007 -0.128412 0.8777 0.8777 0.8777
v 0.174858 0.648007 -0.129898 0.8777 0.8777 0.8777
v 0.173745 0.648007 -0.128847 0.8645 0.8645 0.8645
v 0.174764 0.596691 -0.142513 0.8645 0.8645 0.8645
v 0.174764 0.596691 -0.145487 0.8905 0.8905 0.8905
v 0.175105 0.596591 -0.144000 0.8905 0.8905 0.8905
v 0.167775 0.598743 -0.158102 0.8508 0.8508 0.8508
v 0.165292 0.599473 -0.159588 0.8508 0.8508 0.8508
v 0.166707 0.599057 -0.159153 0.8216 0.8216 0.8216
v 0.151341 0.603569 -0.159588 0.8365 0.8365 0.8365
v 0.148857 0.604298 -0.158102 0.7118 0.7118 0.7118
v 0.149926 0.603984 -0.159153 0.7336 0.7336 0.7336
v 0.141869 0.606350 -0.145487 0.7895 0.7895 0.7895
v 0.141869 0.606350 -0.142513 0.8060 0.8060 0.8060
v 0.141528 0.606450 -0.144000 0.7895 0.7895 0.7895
v 0.148857 0.604298 -0.129898 0.7895 0.7895 0.7895
v 0.151341 0.603569 -0.128412 0.8365 0.8365 0.8365
v 0.149926 0.603984 -0.128847 0.8365 0.8365 0.8365
v 0.165292 0.599473 -0.128412 0.8508 0.8508 0.8508
v 0.167775 0.598743 -0.129898 0.8365 0.8365 0.8365
v 0.166707 0.599057 -0.128847 0.8365 0.8365 0.8365
v 0.153227 0.549533 -0.142513 0.8216 0.8216 0.8216
v 0.153227 0.549533 -0.145487 0.8645 0.8645 0.8645
v 0.153526 0.549341 -0.144000 0.8905 0.8905 0.8905
v 0.147100 0.553471 -0.158102 0.8060 0.8060 0.8060
v 0.144923 0.554870 -0.159588 0.7895 0.7895 0.7895
v 0.146163 0.554073 -0.159153 0.7721 0.7721 0.7721
v 0.132691 0.562731 -0.159588 0.7895 0.7895 0.7895
v 0.130514 0.564131 -0.158102 0.7536 0.7536 0.7536
v 0.131450 0.563529 -0.159153 0.7336 0.7336 0.7336
v 0.124386 0.568068 -0.145487 0.7536 0.7536 0.7536
v 0.124386 0.568068 -0.142513 0.7895 0.7895 0.7895
v 0.124087 0.568261 -0.144000 0.7721 0.7721 0.7721
v 0.130514 0.564131 -0.129898 0.8060 0.8060 0.8060
v 0.132691 0.562731 -0.128412 0.8060 0.8060 0.8060
v 0.131450 0.563529 -0.128847 0.8216 0.8216 0.8216
v 0.144923 0.554870 -0.128412 0.8060 0.8060 0.8060
v 0.147100 0.553471 -0.129898 0.8060 0.8060 0.8060
v 0.146163 0.554073 -0.128847 0.8060 0.8060 0.8060
v 0.119277 0.510353 -0.142513 0.7895 0.7895 0.7895
v 0.119277 0.510353 -0.145487 0.7895 0.7895 0.7895
v 0.119510 0.510084 -0.144000 0.7895 0.7895 0.7895
v 0.114508 0.515858 -0.158102 0.7721 0.7721 0.7721
v 0.112813 0.517814 -0.159588 0.7721 0.7721 0.7721
v 0.113779 0.516699 -0.159153 0.7536 0.7536 0.7536
v 0.103291 0.528802 -0.159588 0.7536 0.7536 0.7536
v 0.101596 0.530758 -0.158102 0.6591 0.6591 0.6591
v 0.102326 0.529917 -0.159153 0.6875 0.6875 0.6875
v 0.096827 0.536263 -0.145487 0.6875 0.6875 0.6875
v 0.096827 0.536263 -0.142513 0.7721 0.7721 0.7721
v 0.096594 0.536531 -0.144000 0.7118 0.7118 0.7118
v 0.101596 0.530758 -0.129898 0.7721 0.7721 0.7721
v 0.103291 0.528802 -0.128412 0.7895 0.7895 0.7895
v 0.102326 0.529917 -0.128847 0.7895 0.7895 0.7895
v 0.112813 0.517814 -0.128412 0.7895 0.7895 0.7895
v 0.114508 0.515858 -0.129898 0.7721 0.7721 0.7721
v 0.113779 0.516699 -0.128847 0.7536 0.7536 0.7536
v 0.075664 0.482325 -0.142513 0.7895 0.7895 0.7895
v 0.075664 0.482325 -0.145487 0.8060 0.8060 0.8060
v 0.075812 0.482001 -0.144000 0.8060 0.8060 0.8060
v 0.072639 0.488950 -0.158102 0.7895 0.7895 0.7895
v 0.071564 0.491304 -0.159588 0.7721 0.7721 0.7721
v 0.072176 0.489963 -0.159153 0.7536 0.7536 0.7536
v 0.065523 0.504530 -0.159588 0.7721 0.7721 0.7721
v 0.064448 0.506885 -0.158102 0.7536 0.7536 0.7536
v 0.064911 0.505872 -0.159153 0.7336 0.7336 0.7336
v 0.061423 0.513510 -0.145487 0.8216 0.8216 0.8216
v 0.061423 0.513510 -0.142513 0.7895 0.7895 0.7895
v 0.061275 0.513833 -0.144000 0.8060 0.8060 0.8060
v 0.064448 0.506885 -0.129898 0.8060 0.8060 0.8060
v 0.065523 0.504530 -0.128412 0.8060 0.8060 0.8060
v 0.064911 0.505872 -0.128847 0.8060 0.8060 0.8060
v 0.071564 0.491304 -0.128412 0.8060 0.8060 0.8060
v 0.072639 0.488950 -0.129898 0.7895 0.7895 0.7895
v 0.072176 0.489963 -0.128847 0.8060 0.8060 0.8060
v 0.025922 0.467719 -0.142513 0.7721 0.7721 0.7721
v 0.025922 0.467719 -0.145487 0.8060 0.8060 0.8060
v 0.025972 0.467367 -0.144000 0.8060 0.8060 0.8060
v 0.024885 0.474928 -0.158102 0.8060 0.8060 0.8060
v 0.024517 0.477490 -0.159588 0.7721 0.7721 0.7721
v 0.024727 0.476030 -0.159153 0.7721 0.7721 0.7721
v 0.022447 0.491882 -0.159588 0.7721 0.7721 0.7721
v 0.022079 0.494444 -0.158102 0.7721 0.7721 0.7721
v 0.022238 0.493342 -0.159153 0.7536 0.7536 0.7536
v 0.021043 0.501653 -0.145487 0.7895 0.7895 0.7895
v 0.021043 0.501653 -0.142513 0.7895 0.7895 0.7895
v 0.020992 0.502005 -0.144000 0.7895 0.7895 0.7895
v 0.022079 0.494444 -0.129898 0.8060 0.8060 0.8060
v 0.022447 0.491882 -0.128412 0.8060 0.8060 0.8060
v 0.022238 0.493342 -0.128847 0.8060 0.8060 0.8060
v 0.024517 0.477490 -0.128412 0.7895 0.7895 0.7895
v 0.024885 0.474928 -0.129898 0.7721 0.7721 0.7721
v 0.024727 0.476030 -0.128847 0.7895 0.7895 0.7895
v -0.025921 0.467719 -0.142513 0.8060 0.8060 0.8060
v -0.025921 0.467719 -0.145487 0.8508 0.8508 0.8508
v -0.025972 0.467367 -0.144000 0.8060 0.8060 0.8060
v -0.024885 0.474928 -0.158102 0.8777 0.8777 0.8777
v -0.024517 0.477490 -0.159588 0.9148 0.9148 0.9148
v -0.024726 0.476030 -0.159153 0.8905 0.8905 0.8905
v -0.022447 0.491882 -0.159588 0.8777 0.8777 0.8777
v -0.022079 0.494444 -0.158102 0.8508 0.8508 0.8508
v -0.022237 0.493342 -0.159153 0.8645 0.8645 0.8645
v -0.021042 0.501653 -0.145487 0.8365 0.8365 0.8365
v -0.021042 0.501653 -0.142513 0.8060 0.8060 0.8060
v -0.020992 0.502005 -0.144000 0.8365 0.8365 0.8365
v -0.022079 0.494444 -0.129898 0.8060 0.8060 0.8060
v -0.022447 0.491882 -0.128412 0.8060 0.8060 0.8060
v -0.022237 0.493342 -0.128847 0.8060 0.8060 0.8060
v -0.024517 0.477490 -0.128412 0.7536 0.7536 0.7536
v -0.024885 0.474928 -0.129898 0.7336 0.7336 0.7336
v -0.024726 0.476030 -0.128847 0.7336 0.7336 0.7336
v -0.075664 0.482325 -0.142513 0.8060 0.8060 0.8060
v -0.075664 0.482325 -0.145487 0.8905 0.8905 0.8905
v -0.075812 0.482001 -0.144000 0.8365 0.8365 0.8365
v -0.072639 0.488950 -0.158102 0.9029 0.9029 0.9029
v -0.071564 0.491304 -0.159588 0.9378 0.9378 0.9378
v -0.072176 0.489963 -0.159153 0.9265 0.9265 0.9265
v -0.065523 0.504530 -0.159588 0.9265 0.9265 0.9265
v -0.064448 0.506885 -0.158102 0.9265 0.9265 0.9265
v -0.064911 0.505872 -0.159153 0.9265 0.9265 0.9265
v -0.061423 0.513510 -0.145487 0.8645 0.8645 0.8645
v -0.061423 0.513510 -0.142513 0.7536 0.7536 0.7536
v -0.061275 0.513833 -0.144000 0.8365 0.8365 0.8365
v -0.064448 0.506885 -0.129898 0.7895 0.7895 0.7895
v -0.065523 0.504530 -0.128412 0.7721 0.7721 0.7721
v -0.064911 0.505872 -0.128847 0.7895 0.7895 0.7895
v -0.071564 0.491304 -0.128412 0.7721 0.7721 0.7721
v -0.072639 0.488950 -0.129898 0.8060 0.8060 0.8060
v -0.072176 0.489963 -0.128847 0.7721 0.7721 0.7721
v -0.119277 0.510353 -0.142513 0.8365 0.8365 0.8365
v -0.119277 0.510353 -0.145487 0.8905 0.8905 0.8905
v -0.119510 0.510084 -0.144000 0.8508 0.8508 0.8508
v -0.114508 0.515857 -0.158102 0.9265 0.9265 0.9265
v -0.112813 0.517814 -0.159588 0.9378 0.9378 0.9378
v -0.113779 0.516699 -0.159153 0.9378 0.9378 0.9378
v -0.103291 0.528802 -0.159588 0.9265 0.9265 0.9265
v -0.101596 0.530758 -0.158102 0.8905 0.8905 0.8905
v -0.102325 0.529917 -0.159153 0.9265 0.9265 0.9265
v -0.096827 0.536263 -0.145487 0.8645 0.8645 0.8645
v -0.096827 0.536263 -0.142513 0.8216 0.8216 0.8216
v -0.096594 0.536531 -0.144000 0.8777 0.8777 0.8777
v -0.101596 0.530758 -0.129898 0.8060 0.8060 0.8060
v -0.103291 0.528802 -0.128412 0.7895 0.7895 0.7895
v -0.102325 0.529917 -0.128847 0.7895 0.7895 0.7895
v -0.112813 0.517814 -0.128412 0.7536 0.7536 0.7536
v -0.114508 0.515857 -0.129898 0.8216 0.8216 0.8216
v -0.113779 0.516699 -0.128847 0.7536 0.7536 0.7536
v -0.153227 0.549533 -0.142513 0.8365 0.8365 0.8365
v -0.153227 0.549533 -0.145487 0.9265 0.9265 0.9265
v -0.153526 0.549341 -0.144000 0.8905 0.8905 0.8905
v -0.147100 0.553471 -0.158102 0.9488 0.9488 0.9488
v -0.144923 0.554870 -0.159588 0.9488 0.9488 0.9488
v -0.146163 0.554073 -0.159153 0.9488 0.9488 0.9488
v -0.132691 0.562731 -0.159588 0.9148 0.9148 0.9148
v -0.130513 0.564131 -0.158102 0.9148 0.9148 0.9148
v -0.131450 0.563529 -0.159153 0.9148 0.9148 0.9148
v -0.124386 0.568068 -0.145487 0.8905 0.8905 0.8905
v -0.124386 0.568068 -0.142513 0.7895 0.7895 0.7895
v -0.124087 0.568261 -0.144000 0.8365 0.8365 0.8365
v -0.130513 0.564131 -0.129898 0.8060 0.8060 0.8060
v -0.132691 0.562731 -0.128412 0.8216 0.8216 0.8216
v -0.131450 0.563529 -0.128847 0.8216 0.8216 0.8216
v -0.144923 0.554870 -0.128412 0.7721 0.7721 0.7721
v -0.147100 0.553471 -0.129898 0.7895 0.7895 0.7895
v -0.146163 0.554073 -0.128847 0.7721 0.7721 0.7721
v -0.174764 0.596691 -0.142513 0.8645 0.8645 0.8645
v -0.174764 0.596691 -0.145487 0.9488 0.9488 0.9488
v -0.175105 0.596591 -0.144000 0.9148 0.9148 0.9148
v -0.167775 0.598743 -0.158102 0.9488 0.9488 0.9488
v -0.165292 0.599472 -0.159588 0.9488 0.9488 0.9488
v -0.166707 0.599057 -0.159153 0.9488 0.9488 0.9488
v -0.151341 0.603569 -0.159588 0.9148 0.9148 0.9148
v -0.148857 0.604298 -0.158102 0.9148 0.9148 0.9148
v -0.149926 0.603984 -0.159153 0.9148 0.9148 0.9148
v -0.141869 0.606350 -0.145487 0.9029 0.9029 0.9029
v -0.141869 0.606350 -0.142513 0.7895 0.7895 0.7895
v -0.141528 0.606450 -0.144000 0.8508 0.8508 0.8508
v -0.148857 0.604298 -0.129898 0.8365 0.8365 0.8365
v -0.151341 0.603569 -0.128412 0.8508 0.8508 0.8508
v -0.149926 0.603984 -0.128847 0.8508 0.8508 0.8508
v -0.165292 0.599472 -0.128412 0.8365 0.8365 0.8365
v -0.167775 0.598743 -0.129898 0.8216 0.8216 0.8216
v -0.166707 0.599057 -0.128847 0.8216 0.8216 0.8216
v -0.097941 0.648007 -0.143489 0.8216 0.8216 0.8216
v -0.097941 0.648007 -0.140511 0.6181 0.6181 0.6181
v -0.098297 0.648007 -0.142000 0.6181 0.6181 0.6181
v -0.090561 0.648007 -0.153258 0.9378 0.9378 0.9378
v -0.093159 0.648007 -0.151770 0.9148 0.9148 0.9148
v -0.092042 0.648007 -0.152822 0.9378 0.9378 0.9378
v -0.078441 0.648007 -0.151770 0.9265 0.9265 0.9265
v -0.081039 0.648007 -0.153258 0.9378 0.9378 0.9378
v -0.079558 0.648007 -0.152822 0.9378 0.9378 0.9378
v -0.073659 0.648007 -0.140511 0.8060 0.8060 0.8060
v -0.073659 0.648007 -0.143489 0.9029 0.9029 0.9029
v -0.073303 0.648007 -0.142000 0.8508 0.8508 0.8508
v -0.081039 0.648007 -0.130742 0.8508 0.8508 0.8508
v -0.078441 0.648007 -0.132230 0.7895 0.7895 0.7895
v -0.079558 0.648007 -0.131178 0.8365 0.8365 0.8365
v -0.093159 0.648007 -0.132230 0.7721 0.7721 0.7721
v -0.090561 0.648007 -0.130742 0.8365 0.8365 0.8365
v -0.092042 0.648007 -0.131178 0.8216 0.8216 0.8216
v -0.092034 0.681504 -0.140511 0.8365 0.8365 0.8365
v -0.092034 0.681504 -0.143489 0.9488 0.9488 0.9488
v -0.092369 0.681626 -0.142000 0.9148 0.9148 0.9148
v -0.087541 0.679869 -0.151770 0.9378 0.9378 0.9378
v -0.085100 0.678980 -0.153258 0.9488 0.9488 0.9488
v -0.086492 0.679487 -0.152822 0.9595 0.9595 0.9595
v -0.076151 0.675723 -0.153258 0.9378 0.9378 0.9378
v -0.073710 0.674835 -0.151770 0.9148 0.9148 0.9148
v -0.074760 0.675217 -0.152822 0.9265 0.9265 0.9265
v -0.069217 0.673200 -0.143489 0.9029 0.9029 0.9029
v -0.069217 0.673200 -0.140511 0.7721 0.7721 0.7721
v -0.068883 0.673078 -0.142000 0.8365 0.8365 0.8365
v -0.073710 0.674835 -0.132230 0.7721 0.7721 0.7721
v -0.076151 0.675723 -0.130742 0.8508 0.8508 0.8508
v -0.074760 0.675217 -0.131178 0.7721 0.7721 0.7721
v -0.085100 0.678980 -0.130742 0.8365 0.8365 0.8365
v -0.087541 0.679869 -0.132230 0.8365 0.8365 0.8365
v -0.086492 0.679487 -0.131178 0.8216 0.8216 0.8216
v -0.075027 0.710962 -0.140511 0.8777 0.8777 0.8777
v -0.075027 0.710962 -0.143489 0.9488 0.9488 0.9488
v -0.075300 0.711190 -0.142000 0.9265 0.9265 0.9265
v -0.071364 0.707888 -0.151770 0.9595 0.9595 0.9595
v -0.069374 0.706218 -0.153258 0.9488 0.9488 0.9488
v -0.070509 0.707170 -0.152822 0.9595 0.9595 0.9595
v -0.062079 0.700097 -0.153258 0.9488 0.9488 0.9488
v -0.060089 0.698427 -0.151770 0.9148 0.9148 0.9148
v -0.060945 0.699145 -0.152822 0.9378 0.9378 0.9378
v -0.056426 0.695354 -0.143489 0.8777 0.8777 0.8777
v -0.056426 0.695354 -0.140511 0.7895 0.7895 0.7895
v -0.056154 0.695125 -0.142000 0.8216 0.8216 0.8216
v -0.060089 0.698427 -0.132230 0.8060 0.8060 0.8060
v -0.062079 0.700097 -0.130742 0.8365 0.8365 0.8365
v -0.060945 0.699145 -0.131178 0.8216 0.8216 0.8216
v -0.069374 0.706218 -0.130742 0.8365 0.8365 0.8365
v -0.071364 0.707888 -0.132230 0.8508 0.8508 0.8508
v -0.070509 0.707170 -0.131178 0.8365 0.8365 0.8365
v -0.048970 0.732826 -0.140511 0.6181 0.6181 0.6181
v -0.048970 0.732826 -0.143489 0.8365 0.8365 0.8365
v -0.049148 0.733134 -0.142000 0.6181 0.6181 0.6181
v -0.046580 0.728685 -0.151770 0.9378 0.9378 0.9378
v -0.045281 0.726435 -0.153258 0.9488 0.9488 0.9488
v -0.046021 0.727718 -0.152822 0.9378 0.9378 0.9378
v -0.040519 0.718188 -0.153258 0.9595 0.9595 0.9595
v -0.039220 0.715938 -0.151770 0.9265 0.9265 0.9265
v -0.039779 0.716905 -0.152822 0.9488 0.9488 0.9488
v -0.036830 0.711798 -0.143489 0.8508 0.8508 0.8508
v -0.036830 0.711798 -0.140511 0.8060 0.8060 0.8060
v -0.036652 0.711489 -0.142000 0.8060 0.8060 0.8060
v -0.039220 0.715938 -0.132230 0.8060 0.8060 0.8060
v -0.040519 0.718188 -0.130742 0.8508 0.8508 0.8508
v -0.039779 0.716905 -0.131178 0.8216 0.8216 0.8216
v -0.045281 0.726435 -0.130742 0.8508 0.8508 0.8508
v -0.046580 0.728685 -0.132230 0.8365 0.8365 0.8365
v -0.046021 0.727718 -0.131178 0.8508 0.8508 0.8508
v -0.017007 0.744459 -0.140511 0.9029 0.9029 0.9029
v -0.017007 0.744459 -0.143489 0.9595 0.9595 0.9595
v -0.017069 0.744810 -0.142000 0.9488 0.9488 0.9488
v -0.016177 0.739751 -0.151770 0.9488 0.9488 0.9488
v -0.015726 0.737192 -0.153258 0.9595 0.9595 0.9595
v -0.015983 0.738651 -0.152822 0.9488 0.9488 0.9488
v -0.014072 0.727814 -0.153258 0.9700 0.9700 0.9700
v -0.013621 0.725256 -0.151770 0.9265 0.9265 0.9265
v -0.013815 0.726356 -0.152822 0.9595 0.9595 0.9595
v -0.012791 0.720547 -0.143489 0.8508 0.8508 0.8508
v -0.012791 0.720547 -0.140511 0.7895 0.7895 0.7895
v -0.012729 0.720196 -0.142000 0.7895 0.7895 0.7895
v -0.013621 0.725256 -0.132230 0.8365 0.8365 0.8365
v -0.014072 0.727814 -0.130742 0.8508 0.8508 0.8508
v -0.013815 0.726356 -0.131178 0.8508 0.8508 0.8508
v -0.015726 0.737192 -0.130742 0.8508 0.8508 0.8508
v -0.016177 0.739751 -0.132230 0.8905 0.8905 0.8905
v -0.015983 0.738651 -0.131178 0.8508 0.8508 0.8508
v 0.017007 0.744459 -0.140511 0.9148 0.9148 0.9148
v 0.017007 0.744459 -0.143489 0.9595 0.9595 0.9595
v 0.017069 0.744810 -0.142000 0.9595 0.9595 0.9595
v 0.016177 0.739751 -0.151770 0.9488 0.9488 0.9488
v 0.015726 0.737192 -0.153258 0.9488 0.9488 0.9488
v 0.015983 0.738651 -0.152822 0.9378 0.9378 0.9378
v 0.014072 0.727814 -0.153258 0.9802 0.9802 0.9802
v 0.013621 0.725256 -0.151770 0.9378 0.9378 0.9378
v 0.013815 0.726356 -0.152822 0.9700 0.9700 0.9700
v 0.012791 0.720547 -0.143489 0.8508 0.8508 0.8508
v 0.012791 0.720547 -0.140511 0.8060 0.8060 0.8060
v 0.012729 0.720196 -0.142000 0.8060 0.8060 0.8060
v 0.013621 0.725256 -0.132230 0.8216 0.8216 0.8216
v 0.014072 0.727814 -0.130742 0.8508 0.8508 0.8508
v 0.013815 0.726356 -0.131178 0.8508 0.8508 0.8508
v 0.015726 0.737192 -0.130742 0.8508 0.8508 0.8508
v 0.016177 0.739751 -0.132230 0.8777 0.8777 0.8777
v 0.015983 0.738651 -0.131178 0.8508 0.8508 0.8508
v 0.048970 0.732826 -0.140511 0.6181 0.6181 0.6181
v 0.048970 0.732826 -0.143489 0.8060 0.8060 0.8060
v 0.049148 0.733134 -0.142000 0.6181 0.6181 0.6181
v 0.046580 0.728685 -0.151770 0.9378 0.9378 0.9378
v 0.045281 0.726435 -0.153258 0.9595 0.9595 0.9595
v 0.046021 0.727718 -0.152822 0.9595 0.9595 0.9595
v 0.040519 0.718188 -0.153258 0.9902 0.9902 0.9902
v 0.039220 0.715938 -0.151770 0.9488 0.9488 0.9488
v 0.039779 0.716905 -0.152822 0.9595 0.9595 0.9595
v 0.036830 0.711798 -0.143489 0.8905 0.8905 0.8905
v 0.036830 0.711798 -0.140511 0.8216 0.8216 0.8216
v 0.036652 0.711489 -0.142000 0.8216 0.8216 0.8216
v 0.039220 0.715938 -0.132230 0.8216 0.8216 0.8216
v 0.040519 0.718188 -0.130742 0.8365 0.8365 0.8365
v 0.039779 0.716905 -0.131178 0.8365 0.8365 0.8365
v 0.045281 0.726435 -0.130742 0.8508 0.8508 0.8508
v 0.046580 0.728685 -0.132230 0.8508 0.8508 0.8508
v 0.046021 0.727718 -0.131178 0.8508 0.8508 0.8508
v 0.075027 0.710962 -0.140511 0.9029 0.9029 0.9029
v 0.075027 0.710962 -0.143489 0.9595 0.9595 0.9595
v 0.075300 0.711190 -0.142000 0.9265 0.9265 0.9265
v 0.071364 0.707888 -0.151770 0.9700 0.9700 0.9700
v 0.069374 0.706218 -0.153258 0.9700 0.9700 0.9700
v 0.070509 0.707170 -0.152822 0.9700 0.9700 0.9700
v 0.062079 0.700097 -0.153258 0.9700 0.9700 0.9700
v 0.060089 0.698427 -0.151770 0.9488 0.9488 0.9488
v 0.060945 0.699145 -0.152822 0.9700 0.9700 0.9700
v 0.056426 0.695354 -0.143489 0.9148 0.9148 0.9148
v 0.056426 0.695354 -0.140511 0.8365 0.8365 0.8365
v 0.056154 0.695125 -0.142000 0.8777 0.8777 0.8777
v 0.060089 0.698427 -0.132230 0.8365 0.8365 0.8365
v 0.062079 0.700097 -0.130742 0.8365 0.8365 0.8365
v 0.060945 0.699145 -0.131178 0.8365 0.8365 0.8365
v 0.069374 0.706218 -0.130742 0.8508 0.8508 0.8508
v 0.071364 0.707888 -0.132230 0.8365 0.8365 0.8365
v 0.070509 0.707170 -0.131178 0.8365 0.8365 0.8365
v 0.092034 0.681504 -0.140511 0.8508 0.8508 0.8508
v 0.092034 0.681504 -0.143489 0.9378 0.9378 0.9378
v 0.092369 0.681626 -0.142000 0.9029 0.9029 0.9029
v 0.087541 0.679869 -0.151770 0.9265 0.9265 0.9265
v 0.085100 0.678980 -0.153258 0.9265 0.9265 0.9265
v 0.086492 0.679487 -0.152822 0.9029 0.9029 0.9029
v 0.076151 0.675723 -0.153258 0.9488 0.9488 0.9488
v 0.073710 0.674835 -0.151770 0.9148 0.9148 0.9148
v 0.074760 0.675217 -0.152822 0.9265 0.9265 0.9265
v 0.069217 0.673200 -0.143489 0.9265 0.9265 0.9265
v 0.069217 0.673200 -0.140511 0.8216 0.8216 0.8216
v 0.068883 0.673078 -0.142000 0.8777 0.8777 0.8777
v 0.073710 0.674835 -0.132230 0.8216 0.8216 0.8216
v 0.076151 0.675723 -0.130742 0.8365 0.8365 0.8365
v 0.074760 0.675217 -0.131178 0.8216 0.8216 0.8216
v 0.085100 0.678980 -0.130742 0.8365 0.8365 0.8365
v 0.087541 0.679869 -0.132230 0.8216 0.8216 0.8216
v 0.086492 0.679487 -0.131178 0.8060 0.8060 0.8060
v 0.097941 0.648007 -0.140511 0.6181 0.6181 0.6181
v 0.097941 0.648007 -0.143489 0.6181 0.6181 0.6181
v 0.098297 0.648007 -0.142000 0.6181 0.6181 0.6181
v 0.093159 0.648007 -0.151770 0.7895 0.7895 0.7895
v 0.090561 0.648007 -0.153258 0.8365 0.8365 0.8365
v 0.092042 0.648007 -0.152822 0.8216 0.8216 0.8216
v 0.081039 0.648007 -0.153258 0.8645 0.8645 0.8645
v 0.078441 0.648007 -0.151770 0.8365 0.8365 0.8365
v 0.079558 0.648007 -0.152822 0.8508 0.8508 0.8508
v 0.073659 0.648007 -0.143489 0.8216 0.8216 0.8216
v 0.073659 0.648007 -0.140511 0.8365 0.8365 0.8365
v 0.073303 0.648007 -0.142000 0.8216 0.8216 0.8216
v 0.078441 0.648007 -0.132230 0.8216 0.8216 0.8216
v 0.081039 0.648007 -0.130742 0.8365 0.8365 0.8365
v 0.079558 0.648007 -0.131178 0.8365 0.8365 0.8365
v 0.090561 0.648007 -0.130742 0.8365 0.8365 0.8365
v 0.093159 0.648007 -0.132230 0.7721 0.7721 0.7721
v 0.092042 0.648007 -0.131178 0.7895 0.7895 0.7895
v 0.092034 0.614509 -0.140511 0.7721 0.7721 0.7721
v 0.092034 0.614509 -0.143489 0.7895 0.7895 0.7895
v 0.092369 0.614387 -0.142000 0.8060 0.8060 0.8060
v 0.087541 0.616144 -0.151770 0.7895 0.7895 0.7895
v 0.085100 0.617033 -0.153258 0.7721 0.7721 0.7721
v 0.086492 0.616526 -0.152822 0.7721 0.7721 0.7721
v 0.076151 0.620290 -0.153258 0.8060 0.8060 0.8060
v 0.073710 0.621178 -0.151770 0.8508 0.8508 0.8508
v 0.074760 0.620796 -0.152822 0.8365 0.8365 0.8365
v 0.069217 0.622814 -0.143489 0.8216 0.8216 0.8216
v 0.069217 0.622814 -0.140511 0.8508 0.8508 0.8508
v 0.068883 0.622935 -0.142000 0.8216 0.8216 0.8216
v 0.073710 0.621178 -0.132230 0.8508 0.8508 0.8508
v 0.076151 0.620290 -0.130742 0.8365 0.8365 0.8365
v 0.074760 0.620796 -0.131178 0.8508 0.8508 0.8508
v 0.085100 0.617033 -0.130742 0.8216 0.8216 0.8216
v 0.087541 0.616144 -0.132230 0.7336 0.7336 0.7336
v 0.086492 0.616526 -0.131178 0.7336 0.7336 0.7336
v 0.075027 0.585052 -0.140511 0.7536 0.7536 0.7536
v 0.075027 0.585052 -0.143489 0.7721 0.7721 0.7721
v 0.075300 0.584823 -0.142000 0.7721 0.7721 0.7721
v 0.071364 0.588125 -0.151770 0.7721 0.7721 0.7721
v 0.069374 0.589795 -0.153258 0.8060 0.8060 0.8060
v 0.070509 0.588843 -0.152822 0.7721 0.7721 0.7721
v 0.062079 0.595916 -0.153258 0.8365 0.8365 0.8365
v 0.060089 0.597586 -0.151770 0.8216 0.8216 0.8216
v 0.060945 0.596868 -0.152822 0.8365 0.8365 0.8365
v 0.056426 0.600659 -0.143489 0.8060 0.8060 0.8060
v 0.056426 0.600659 -0.140511 0.8365 0.8365 0.8365
v 0.056154 0.600888 -0.142000 0.8216 0.8216 0.8216
v 0.060089 0.597586 -0.132230 0.8508 0.8508 0.8508
v 0.062079 0.595916 -0.130742 0.8060 0.8060 0.8060
v 0.060945 0.596868 -0.131178 0.8216 0.8216 0.8216
v 0.069374 0.589795 -0.130742 0.7895 0.7895 0.7895
v 0.071364 0.588125 -0.132230 0.7336 0.7336 0.7336
v 0.070509 0.588843 -0.131178 0.7118 0.7118 0.7118
v 0.048970 0.563188 -0.140511 0.6181 0.6181 0.6181
v 0.048970 0.563188 -0.143489 0.6591 0.6591 0.6591
v 0.049148 0.562879 -0.142000 0.6181 0.6181 0.6181
v 0.046580 0.567328 -0.151770 0.7721 0.7721 0.7721
v 0.045281 0.569578 -0.153258 0.8060 0.8060 0.8060
v 0.046021 0.568296 -0.152822 0.7895 0.7895 0.7895
v 0.040519 0.577825 -0.153258 0.8216 0.8216 0.8216
v 0.039220 0.580075 -0.151770 0.8216 0.8216 0.8216
v 0.039779 0.579108 -0.152822 0.8216 0.8216 0.8216
v 0.036830 0.584216 -0.143489 0.8365 0.8365 0.8365
v 0.036830 0.584216 -0.140511 0.8216 0.8216 0.8216
v 0.036652 0.584524 -0.142000 0.8060 0.8060 0.8060
v 0.039220 0.580075 -0.132230 0.8365 0.8365 0.8365
v 0.040519 0.577825 -0.130742 0.8060 0.8060 0.8060
v 0.039779 0.579108 -0.131178 0.8216 0.8216 0.8216
v 0.045281 0.569578 -0.130742 0.7895 0.7895 0.7895
v 0.046580 0.567328 -0.132230 0.7118 0.7118 0.7118
v 0.046021 0.568296 -0.131178 0.7336 0.7336 0.7336
v 0.017007 0.551554 -0.140511 0.7536 0.7536 0.7536
v 0.017007 0.551554 -0.143489 0.7895 0.7895 0.7895
v 0.017069 0.551203 -0.142000 0.7895 0.7895 0.7895
v 0.016177 0.556263 -0.151770 0.8060 0.8060 0.8060
v 0.015726 0.558821 -0.153258 0.8216 0.8216 0.8216
v 0.015983 0.557363 -0.152822 0.8060 0.8060 0.8060
v 0.014072 0.568199 -0.153258 0.8508 0.8508 0.8508
v 0.013621 0.570758 -0.151770 0.8645 0.8645 0.8645
v 0.013815 0.569658 -0.152822 0.8365 0.8365 0.8365
v 0.012791 0.575466 -0.143489 0.8777 0.8777 0.8777
v 0.012791 0.575466 -0.140511 0.8508 0.8508 0.8508
v 0.012729 0.575817 -0.142000 0.8905 0.8905 0.8905
v 0.013621 0.570758 -0.132230 0.8508 0.8508 0.8508
v 0.014072 0.568199 -0.130742 0.8060 0.8060 0.8060
v 0.013815 0.569658 -0.131178 0.8216 0.8216 0.8216
v 0.015726 0.558821 -0.130742 0.7895 0.7895 0.7895
v 0.016177 0.556263 -0.132230 0.7536 0.7536 0.7536
v 0.015983 0.557363 -0.131178 0.7536 0.7536 0.7536
v -0.017007 0.551554 -0.140511 0.7895 0.7895 0.7895
v -0.017007 0.551554 -0.143489 0.8060 0.8060 0.8060
v -0.017069 0.551203 -0.142000 0.7895 0.7895 0.7895
v -0.016177 0.556263 -0.151770 0.7895 0.7895 0.7895
v -0.015726 0.558821 -0.153258 0.8216 0.8216 0.8216
v -0.015983 0.557363 -0.152822 0.8060 0.8060 0.8060
v -0.014072 0.568199 -0.153258 0.7721 0.7721 0.7721
v -0.013621 0.570758 -0.151770 0.7895 0.7895 0.7895
v -0.013815 0.569658 -0.152822 0.7895 0.7895 0.7895
v -0.012791 0.575466 -0.143489 0.8645 0.8645 0.8645
v -0.012791 0.575466 -0.140511 0.8645 0.8645 0.8645
v -0.012729 0.575817 -0.142000 0.8645 0.8645 0.8645
v -0.013621 0.570758 -0.132230 0.8508 0.8508 0.8508
v -0.014072 0.568199 -0.130742 0.8216 0.8216 0.8216
v -0.013815 0.569658 -0.131178 0.8216 0.8216 0.8216
v -0.015726 0.558821 -0.130742 0.7721 0.7721 0.7721
v -0.016177 0.556263 -0.132230 0.7336 0.7336 0.7336
v -0.015983 0.557363 -0.131178 0.7536 0.7536 0.7536
v -0.048970 0.563188 -0.140511 0.6181 0.6181 0.6181
v -0.048970 0.563188 -0.143489 0.7895 0.7895 0.7895
v -0.049148 0.562879 -0.142000 0.6181 0.6181 0.6181
v -0.046580 0.567328 -0.151770 0.8777 0.8777 0.8777
v -0.045281 0.569578 -0.153258 0.9265 0.9265 0.9265
v -0.046021 0.568296 -0.152822 0.9148 0.9148 0.9148
v -0.040519 0.577825 -0.153258 0.9265 0.9265 0.9265
v -0.039220 0.580075 -0.151770 0.9265 0.9265 0.9265
v -0.039779 0.579108 -0.152822 0.9148 0.9148 0.9148
v -0.036830 0.584216 -0.143489 0.9488 0.9488 0.9488
v -0.036830 0.584216 -0.140511 0.8777 0.8777 0.8777
v -0.036652 0.584524 -0.142000 0.9265 0.9265 0.9265
v -0.039220 0.580075 -0.132230 0.8365 0.8365 0.8365
v -0.040519 0.577825 -0.130742 0.8216 0.8216 0.8216
v -0.039779 0.579108 -0.131178 0.8216 0.8216 0.8216
v -0.045281 0.569578 -0.130742 0.7895 0.7895 0.7895
v -0.046580 0.567328 -0.132230 0.7118 0.7118 0.7118
v -0.046021 0.568296 -0.131178 0.7895 0.7895 0.7895
v -0.075027 0.585052 -0.140511 0.8216 0.8216 0.8216
v -0.075027 0.585052 -0.143489 0.8645 0.8645 0.8645
v -0.075300 0.584823 -0.142000 0.8645 0.8645 0.8645
v -0.071364 0.588125 -0.151770 0.9029 0.9029 0.9029
v -0.069374 0.589795 -0.153258 0.9378 0.9378 0.9378
v -0.070509 0.588843 -0.152822 0.9378 0.9378 0.9378
v -0.062079 0.595916 -0.153258 0.9265 0.9265 0.9265
v -0.060089 0.597586 -0.151770 0.9265 0.9265 0.9265
v -0.060945 0.596868 -0.152822 0.9265 0.9265 0.9265
v -0.056426 0.600659 -0.143489 0.9378 0.9378 0.9378
v -0.056426 0.600659 -0.140511 0.8777 0.8777 0.8777
v -0.056154 0.600888 -0.142000 0.8905 0.8905 0.8905
v -0.060089 0.597586 -0.132230 0.8216 0.8216 0.8216
v -0.062079 0.595916 -0.130742 0.8365 0.8365 0.8365
v -0.060945 0.596868 -0.131178 0.8216 0.8216 0.8216
v -0.069374 0.589795 -0.130742 0.8060 0.8060 0.8060
v -0.071364 0.588125 -0.132230 0.8060 0.8060 0.8060
v -0.070509 0.588843 -0.131178 0.8060 0.8060 0.8060
v -0.092034 0.614509 -0.140511 0.8216 0.8216 0.8216
v -0.092034 0.614509 -0.143489 0.9265 0.9265 0.9265
v -0.092369 0.614387 -0.142000 0.8777 0.8777 0.8777
v -0.087541 0.616144 -0.151770 0.9148 0.9148 0.9148
v -0.085100 0.617033 -0.153258 0.9378 0.9378 0.9378
v -0.086492 0.616526 -0.152822 0.9488 0.9488 0.9488
v -0.076151 0.620290 -0.153258 0.9148 0.9148 0.9148
v -0.073710 0.621178 -0.151770 0.9265 0.9265 0.9265
v -0.074760 0.620796 -0.152822 0.9265 0.9265 0.9265
v -0.069217 0.622814 -0.143489 0.9265 0.9265 0.9265
v -0.069217 0.622814 -0.140511 0.8216 0.8216 0.8216
v -0.068883 0.622935 -0.142000 0.8777 0.8777 0.8777
v -0.073710 0.621178 -0.132230 0.8365 0.8365 0.8365
v -0.076151 0.620290 -0.130742 0.8645 0.8645 0.8645
v -0.074760 0.620796 -0.131178 0.8365 0.8365 0.8365
v -0.085100 0.617033 -0.130742 0.8365 0.8365 0.8365
v -0.087541 0.616144 -0.132230 0.8216 0.8216 0.8216
v -0.086492 0.616526 -0.131178 0.8216 0.8216 0.8216
v -0.087512 0.639719 -0.134000 0.8216 0.8216 0.8216
v -0.087512 0.638007 -0.135712 0.6181 0.6181 0.6181
v -0.085800 0.639719 -0.135712 0.6181 0.6181 0.6181
v -0.087512 0.638508 -0.134502 0.7721 0.7721 0.7721
v -0.086524 0.638730 -0.134724 0.6181 0.6181 0.6181
v -0.086302 0.638508 -0.135712 0.6181 0.6181 0.6181
v -0.086302 0.639719 -0.134502 0.7536 0.7536 0.7536
v -0.087512 0.638007 -0.144288 0.6181 0.6181 0.6181
v -0.087512 0.639719 -0.146000 0.6181 0.6181 0.6181
v -0.085800 0.639719 -0.144288 0.6181 0.6181 0.6181
v -0.087512 0.638508 -0.145498 0.6181 0.6181 0.6181
v -0.086524 0.638730 -0.145276 0.6181 0.6181 0.6181
v -0.086302 0.639719 -0.145498 0.6181 0.6181 0.6181
v -0.086302 0.638508 -0.144288 0.6181 0.6181 0.6181
v -0.087512 0.656294 -0.134000 0.8216 0.8216 0.8216
v -0.085800 0.656294 -0.135712 0.6181 0.6181 0.6181
v -0.087512 0.658007 -0.135712 0.6181 0.6181 0.6181
v -0.086302 0.656294 -0.134502 0.7536 0.7536 0.7536
v -0.086524 0.657283 -0.134724 0.6181 0.6181 0.6181
v -0.086302 0.657505 -0.135712 0.6181 0.6181 0.6181
v -0.087512 0.657505 -0.134502 0.8060 0.8060 0.8060
v -0.087512 0.656294 -0.146000 0.6181 0.6181 0.6181
v -0.087512 0.658007 -0.144288 0.6181 0.6181 0.6181
v -0.085800 0.656294 -0.144288 0.6181 0.6181 0.6181
v -0.087512 0.657505 -0.145498 0.6181 0.6181 0.6181
v -0.086524 0.657283 -0.145276 0.6181 0.6181 0.6181
v -0.086302 0.657505 -0.144288 0.6181 0.6181 0.6181
v -0.086302 0.656294 -0.145498 0.6181 0.6181 0.6181
v -0.163288 0.639719 -0.134000 0.7118 0.7118 0.7118
v -0.165000 0.639719 -0.135712 0.6181 0.6181 0.6181
v -0.163288 0.638007 -0.135712 0.6181 0.6181 0.6181
v -0.164498 0.639719 -0.134502 0.6181 0.6181 0.6181
v -0.164276 0.638730 -0.134724 0.6181 0.6181 0.6181
v -0.164498 0.638508 -0.135712 0.6181 0.6181 0.6181
v -0.163288 0.638508 -0.134502 0.6181 0.6181 0.6181
v -0.163288 0.639719 -0.146000 0.6181 0.6181 0.6181
v -0.163288 0.638007 -0.144288 0.6181 0.6181 0.6181
v -0.165000 0.639719 -0.144288 0.6181 0.6181 0.6181
v -0.163288 0.638508 -0.145498 0.6181 0.6181 0.6181
v -0.164276 0.638730 -0.145276 0.6181 0.6181 0.6181
v -0.164498 0.638508 -0.144288 0.6181 0.6181 0.6181
v -0.164498 0.639719 -0.145498 0.6181 0.6181 0.6181
v -0.163288 0.656294 -0.134000 0.7118 0.7118 0.7118
v -0.163288 0.658007 -0.135712 0.6181 0.6181 0.6181
v -0.165000 0.656294 -0.135712 0.6181 0.6181 0.6181
v -0.163288 0.657505 -0.134502 0.6181 0.6181 0.6181
v -0.164276 0.657283 -0.134724 0.6181 0.6181 0.6181
v -0.164498 0.657505 -0.135712 0.6181 0.6181 0.6181
v -0.164498 0.656294 -0.134502 0.6181 0.6181 0.6181
v -0.163288 0.656294 -0.146000 0.6181 0.6181 0.6181
v -0.165000 0.656294 -0.144288 0.6181 0.6181 0.6181
v -0.163288 0.658007 -0.144288 0.6181 0.6181 0.6181
v -0.164498 0.656294 -0.145498 0.6181 0.6181 0.6181
v -0.164276 0.657283 -0.145276 0.6181 0.6181 0.6181
v -0.164498 0.657505 -0.144288 0.6181 0.6181 0.6181
v -0.163288 0.657505 -0.145498 0.6181 0.6181 0.6181
v -0.050934 0.719651 -0.134000 0.8508 0.8508 0.8508
v -0.052416 0.718795 -0.135712 0.6181 0.6181 0.6181
v -0.050077 0.718168 -0.135712 0.6181 0.6181 0.6181
v -0.051982 0.719045 -0.134502 0.7721 0.7721 0.7721
v -0.051295 0.718300 -0.134724 0.6181 0.6181 0.6181
v -0.051377 0.717997 -0.135712 0.6181 0.6181 0.6181
v -0.050328 0.718602 -0.134502 0.7895 0.7895 0.7895
v -0.052416 0.718795 -0.144288 0.6181 0.6181 0.6181
v -0.050934 0.719651 -0.146000 0.6181 0.6181 0.6181
v -0.050077 0.718168 -0.144288 0.6181 0.6181 0.6181
v -0.051982 0.719045 -0.145498 0.6181 0.6181 0.6181
v -0.051295 0.718300 -0.145276 0.6181 0.6181 0.6181
v -0.050328 0.718602 -0.145498 0.6181 0.6181 0.6181
v -0.051377 0.717997 -0.144288 0.6181 0.6181 0.6181
v -0.036579 0.727938 -0.134000 0.8508 0.8508 0.8508
v -0.035723 0.726455 -0.135712 0.6181 0.6181 0.6181
v -0.035096 0.728795 -0.135712 0.6181 0.6181 0.6181
v -0.035973 0.726890 -0.134502 0.7895 0.7895 0.7895
v -0.035228 0.727576 -0.134724 0.6181 0.6181 0.6181
v -0.034925 0.727495 -0.135712 0.6181 0.6181 0.6181
v -0.035530 0.728544 -0.134502 0.8060 0.8060 0.8060
v -0.036579 0.727938 -0.146000 0.6181 0.6181 0.6181
v -0.035096 0.728795 -0.144288 0.6181 0.6181 0.6181
v -0.035723 0.726455 -0.144288 0.6181 0.6181 0.6181
v -0.035530 0.728544 -0.145498 0.6181 0.6181 0.6181
v -0.035228 0.727576 -0.145276 0.6181 0.6181 0.6181
v -0.034925 0.727495 -0.144288 0.6181 0.6181 0.6181
v -0.035973 0.726890 -0.145498 0.6181 0.6181 0.6181
v -0.088821 0.785274 -0.134000 0.7536 0.7536 0.7536
v -0.089677 0.786757 -0.135712 0.6181 0.6181 0.6181
v -0.090304 0.784418 -0.135712 0.6181 0.6181 0.6181
v -0.089427 0.786323 -0.134502 0.6181 0.6181 0.6181
v -0.090172 0.785636 -0.134724 0.6181 0.6181 0.6181
v -0.090475 0.785717 -0.135712 0.6181 0.6181 0.6181
v -0.089870 0.784669 -0.134502 0.6181 0.6181 0.6181
v -0.088821 0.785274 -0.146000 0.6181 0.6181 0.6181
v -0.090304 0.784418 -0.144288 0.6181 0.6181 0.6181
v -0.089677 0.786757 -0.144288 0.6181 0.6181 0.6181
v -0.089870 0.784669 -0.145498 0.6181 0.6181 0.6181
v -0.090172 0.785636 -0.145276 0.6181 0.6181 0.6181
v -0.090475 0.785717 -0.144288 0.6181 0.6181 0.6181
v -0.089427 0.786323 -0.145498 0.6181 0.6181 0.6181
v -0.074466 0.793562 -0.134000 0.7721 0.7721 0.7721
v -0.072984 0.794418 -0.135712 0.6181 0.6181 0.6181
v -0.075323 0.795045 -0.135712 0.6181 0.6181 0.6181
v -0.073418 0.794167 -0.134502 0.6181 0.6181 0.6181
v -0.074105 0.794912 -0.134724 0.6181 0.6181 0.6181
v -0.074023 0.795216 -0.135712 0.6181 0.6181 0.6181
v -0.075072 0.794610 -0.134502 0.6181 0.6181 0.6181
v -0.074466 0.793562 -0.146000 0.6181 0.6181 0.6181
v -0.075323 0.795045 -0.144288 0.6181 0.6181 0.6181
v -0.072984 0.794418 -0.144288 0.6181 0.6181 0.6181
v -0.075072 0.794610 -0.145498 0.6181 0.6181 0.6181
v -0.074105 0.794912 -0.145276 0.6181 0.6181 0.6181
v -0.074023 0.795216 -0.144288 0.6181 0.6181 0.6181
v -0.073418 0.794167 -0.145498 0.6181 0.6181 0.6181
v 0.036579 0.727938 -0.134000 0.8508 0.8508 0.8508
v 0.035096 0.728795 -0.135712 0.6181 0.6181 0.6181
v 0.035723 0.726455 -0.135712 0.6181 0.6181 0.6181
v 0.035530 0.728544 -0.134502 0.8060 0.8060 0.8060
v 0.035228 0.727576 -0.134724 0.6181 0.6181 0.6181
v 0.034925 0.727495 -0.135712 0.6181 0.6181 0.6181
v 0.035973 0.726890 -0.134502 0.7895 0.7895 0.7895
v 0.035096 0.728795 -0.144288 0.6181 0.6181 0.6181
v 0.036579 0.727938 -0.146000 0.6181 0.6181 0.6181
v 0.035723 0.726455 -0.144288 0.6181 0.6181 0.6181
v 0.035530 0.728544 -0.145498 0.6181 0.6181 0.6181
v 0.035228 0.727576 -0.145276 0.6181 0.6181 0.6181
v 0.035973 0.726890 -0.145498 0.6181 0.6181 0.6181
v 0.034925 0.727495 -0.144288 0.6181 0.6181 0.6181
v 0.050934 0.719651 -0.134000 0.8365 0.8365 0.8365
v 0.050077 0.718168 -0.135712 0.6181 0.6181 0.6181
v 0.052416 0.718795 -0.135712 0.6181 0.6181 0.6181
v 0.050328 0.718602 -0.134502 0.7895 0.7895 0.7895
v 0.051295 0.718300 -0.134724 0.6181 0.6181 0.6181
v 0.051377 0.717997 -0.135712 0.6181 0.6181 0.6181
v 0.051982 0.719045 -0.134502 0.7721 0.7721 0.7721
v 0.050934 0.719651 -0.146000 0.6181 0.6181 0.6181
v 0.052416 0.718795 -0.144288 0.6181 0.6181 0.6181
v 0.050077 0.718168 -0.144288 0.6181 0.6181 0.6181
v 0.051982 0.719045 -0.145498 0.6181 0.6181 0.6181
v 0.051295 0.718300 -0.145276 0.6181 0.6181 0.6181
v 0.051377 0.717997 -0.144288 0.6181 0.6181 0.6181
v 0.050328 0.718602 -0.145498 0.6181 0.6181 0.6181
v 0.074467 0.793562 -0.134000 0.7895 0.7895 0.7895
v 0.075323 0.795045 -0.135712 0.6181 0.6181 0.6181
v 0.072984 0.794418 -0.135712 0.6181 0.6181 0.6181
v 0.075072 0.794610 -0.134502 0.6181 0.6181 0.6181
v 0.074105 0.794912 -0.134724 0.6181 0.6181 0.6181
v 0.074023 0.795216 -0.135712 0.6181 0.6181 0.6181
v 0.073418 0.794167 -0.134502 0.6181 0.6181 0.6181
v 0.074467 0.793562 -0.146000 0.6181 0.6181 0.6181
v 0.072984 0.794418 -0.144288 0.6181 0.6181 0.6181
v 0.075323 0.795045 -0.144288 0.6181 0.6181 0.6181
v 0.073418 0.794167 -0.145498 0.6181 0.6181 0.6181
v 0.074105 0.794912 -0.145276 0.6181 0.6181 0.6181
v 0.074023 0.795216 -0.144288 0.6181 0.6181 0.6181
v 0.075072 0.794610 -0.145498 0.6181 0.6181 0.6181
v 0.088821 0.785274 -0.134000 0.7721 0.7721 0.7721
v 0.090304 0.784418 -0.135712 0.6181 0.6181 0.6181
v 0.089677 0.786757 -0.135712 0.6181 0.6181 0.6181
v 0.089870 0.784669 -0.134502 0.6181 0.6181 0.6181
v 0.090172 0.785636 -0.134724 0.6181 0.6181 0.6181
v 0.090475 0.785717 -0.135712 0.6181 0.6181 0.6181
v 0.089427 0.786323 -0.134502 0.6181 0.6181 0.6181
v 0.088821 0.785274 -0.146000 0.6181 0.6181 0.6181
v 0.089677 0.786757 -0.144288 0.6181 0.6181 0.6181
v 0.090304 0.784418 -0.144288 0.6181 0.6181 0.6181
v 0.089427 0.786323 -0.145498 0.6181 0.6181 0.6181
v 0.090172 0.785636 -0.145276 0.6181 0.6181 0.6181
v 0.090475 0.785717 -0.144288 0.6181 0.6181 0.6181
v 0.089870 0.784669 -0.145498 0.6181 0.6181 0.6181
v 0.087512 0.656294 -0.134000 0.8365 0.8365 0.8365
v 0.087512 0.658007 -0.135712 0.6181 0.6181 0.6181
v 0.085800 0.656294 -0.135712 0.6181 0.6181 0.6181
v 0.087512 0.657505 -0.134502 0.8060 0.8060 0.8060
v 0.086524 0.657283 -0.134724 0.6181 0.6181 0.6181
v 0.086302 0.657505 -0.135712 0.6181 0.6181 0.6181
v 0.086302 0.656294 -0.134502 0.7721 0.7721 0.7721
v 0.087512 0.658007 -0.144288 0.6181 0.6181 0.6181
v 0.087512 0.656294 -0.146000 0.6181 0.6181 0.6181
v 0.085800 0.656294 -0.144288 0.6181 0.6181 0.6181
v 0.087512 0.657505 -0.145498 0.6181 0.6181 0.6181
v 0.086524 0.657283 -0.145276 0.6181 0.6181 0.6181
v 0.086302 0.656294 -0.145498 0.6181 0.6181 0.6181
v 0.086302 0.657505 -0.144288 0.6181 0.6181 0.6181
v 0.087512 0.639719 -0.134000 0.8216 0.8216 0.8216
v 0.085800 0.639719 -0.135712 0.6181 0.6181 0.6181
v 0.087512 0.638007 -0.135712 0.6181 0.6181 0.6181
v 0.086302 0.639719 -0.134502 0.7536 0.7536 0.7536
v 0.086524 0.638730 -0.134724 0.6181 0.6181 0.6181
v 0.086302 0.638508 -0.135712 0.6181 0.6181 0.6181
v 0.087512 0.638508 -0.134502 0.7721 0.7721 0.7721
v 0.087512 0.639719 -0.146000 0.6181 0.6181 0.6181
v 0.087512 0.638007 -0.144288 0.6181 0.6181 0.6181
v 0.085800 0.639719 -0.144288 0.6181 0.6181 0.6181
v 0.087512 0.638508 -0.145498 0.6181 0.6181 0.6181
v 0.086524 0.638730 -0.145276 0.6181 0.6181 0.6181
v 0.086302 0.638508 -0.144288 0.6181 0.6181 0.6181
v 0.086302 0.639719 -0.145498 0.6181 0.6181 0.6181
v 0.163288 0.656294 -0.134000 0.7118 0.7118 0.7118
v 0.165000 0.656294 -0.135712 0.6181 0.6181 0.6181
v 0.163288 0.658007 -0.135712 0.6181 0.6181 0.6181
v 0.164498 0.656294 -0.134502 0.6181 0.6181 0.6181
v 0.164276 0.657283 -0.134724 0.6181 0.6181 0.6181
v 0.164498 0.657505 -0.135712 0.6181 0.6181 0.6181
v 0.163288 0.657505 -0.134502 0.6181 0.6181 0.6181
v 0.163288 0.656294 -0.146000 0.6181 0.6181 0.6181
v 0.163288 0.658007 -0.144288 0.6181 0.6181 0.6181
v 0.165000 0.656294 -0.144288 0.6181 0.6181 0.6181
v 0.163288 0.657505 -0.145498 0.6181 0.6181 0.6181
v 0.164276 0.657283 -0.145276 0.6181 0.6181 0.6181
v 0.164498 0.657505 -0.144288 0.6181 0.6181 0.6181
v 0.164498 0.656294 -0.145498 0.6181 0.6181 0.6181
v 0.163288 0.639719 -0.134000 0.7118 0.7118 0.7118
v 0.163288 0.638007 -0.135712 0.6181 0.6181 0.6181
v 0.165000 0.639719 -0.135712 0.6181 0.6181 0.6181
v 0.163288 0.638508 -0.134502 0.6181 0.6181 0.6181
v 0.164276 0.638730 -0.134724 0.6181 0.6181 0.6181
v 0.164498 0.638508 -0.135712 0.6181 0.6181 0.6181
v 0.164498 0.639719 -0.134502 0.6181 0.6181 0.6181
v 0.163288 0.639719 -0.146000 0.6181 0.6181 0.6181
v 0.165000 0.639719 -0.144288 0.6181 0.6181 0.6181
v 0.163288 0.638007 -0.144288 0.6181 0.6181 0.6181
v 0.164498 0.639719 -0.145498 0.6181 0.6181 0.6181
v 0.164276 0.638730 -0.145276 0.6181 0.6181 0.6181
v 0.164498 0.638508 -0.144288 0.6181 0.6181 0.6181
v 0.163288 0.638508 -0.145498 0.6181 0.6181 0.6181
v 0.050934 0.576363 -0.134000 0.8060 0.8060 0.8060
v 0.052416 0.577219 -0.135712 0.6181 0.6181 0.6181
v 0.050077 0.577846 -0.135712 0.6181 0.6181 0.6181
v 0.051982 0.576968 -0.134502 0.7536 0.7536 0.7536
v 0.051295 0.577713 -0.134724 0.6181 0.6181 0.6181
v 0.051377 0.578017 -0.135712 0.6181 0.6181 0.6181
v 0.050328 0.577411 -0.134502 0.7721 0.7721 0.7721
v 0.052416 0.577219 -0.144288 0.6181 0.6181 0.6181
v 0.050934 0.576363 -0.146000 0.6181 0.6181 0.6181
v 0.050077 0.577846 -0.144288 0.6181 0.6181 0.6181
v 0.051982 0.576968 -0.145498 0.6181 0.6181 0.6181
v 0.051295 0.577713 -0.145276 0.6181 0.6181 0.6181
v 0.050328 0.577411 -0.145498 0.6181 0.6181 0.6181
v 0.051377 0.578017 -0.144288 0.6181 0.6181 0.6181
v 0.036579 0.568075 -0.134000 0.8060 0.8060 0.8060
v 0.035723 0.569558 -0.135712 0.6181 0.6181 0.6181
v 0.035096 0.567219 -0.135712 0.6181 0.6181 0.6181
v 0.035973 0.569124 -0.134502 0.7536 0.7536 0.7536
v 0.035228 0.568437 -0.134724 0.6181 0.6181 0.6181
v 0.034925 0.568518 -0.135712 0.6181 0.6181 0.6181
v 0.035530 0.567470 -0.134502 0.7118 0.7118 0.7118
v 0.036579 0.568075 -0.146000 0.6181 0.6181 0.6181
v 0.035096 0.567219 -0.144288 0.6181 0.6181 0.6181
v 0.035723 0.569558 -0.144288 0.6181 0.6181 0.6181
v 0.035530 0.567470 -0.145498 0.6181 0.6181 0.6181
v 0.035228 0.568437 -0.145276 0.6181 0.6181 0.6181
v 0.034925 0.568518 -0.144288 0.6181 0.6181 0.6181
v 0.035973 0.569124 -0.145498 0.6181 0.6181 0.6181
v 0.088821 0.510739 -0.134000 0.6181 0.6181 0.6181
v 0.089677 0.509256 -0.135712 0.6181 0.6181 0.6181
v 0.090304 0.511595 -0.135712 0.6181 0.6181 0.6181
v 0.089427 0.509691 -0.134502 0.6181 0.6181 0.6181
v 0.090172 0.510377 -0.134724 0.6181 0.6181 0.6181
v 0.090475 0.510296 -0.135712 0.6181 0.6181 0.6181
v 0.089870 0.511345 -0.134502 0.6181 0.6181 0.6181
v 0.088821 0.510739 -0.146000 0.6181 0.6181 0.6181
v 0.090304 0.511595 -0.144288 0.6181 0.6181 0.6181
v 0.089677 0.509256 -0.144288 0.6181 0.6181 0.6181
v 0.089870 0.511345 -0.145498 0.6181 0.6181 0.6181
v 0.090172 0.510377 -0.145276 0.6181 0.6181 0.6181
v 0.090475 0.510296 -0.144288 0.6181 0.6181 0.6181
v 0.089427 0.509691 -0.145498 0.6181 0.6181 0.6181
v 0.074466 0.502452 -0.134000 0.6181 0.6181 0.6181
v 0.072984 0.501595 -0.135712 0.6181 0.6181 0.6181
v 0.075323 0.500969 -0.135712 0.6181 0.6181 0.6181
v 0.073418 0.501846 -0.134502 0.6181 0.6181 0.6181
v 0.074105 0.501101 -0.134724 0.6181 0.6181 0.6181
v 0.074023 0.500798 -0.135712 0.6181 0.6181 0.6181
v 0.075072 0.501403 -0.134502 0.6181 0.6181 0.6181
v 0.074466 0.502452 -0.146000 0.6181 0.6181 0.6181
v 0.075323 0.500969 -0.144288 0.6181 0.6181 0.6181
v 0.072984 0.501595 -0.144288 0.6181 0.6181 0.6181
v 0.075072 0.501403 -0.145498 0.6181 0.6181 0.6181
v 0.074105 0.501101 -0.145276 0.6181 0.6181 0.6181
v 0.074023 0.500798 -0.144288 0.6181 0.6181 0.6181
v 0.073418 0.501846 -0.145498 0.6181 0.6181 0.6181
v -0.036579 0.568075 -0.134000 0.8060 0.8060 0.8060
v -0.035096 0.567219 -0.135712 0.6181 0.6181 0.6181
v -0.035723 0.569558 -0.135712 0.6181 0.6181 0.6181
v -0.035530 0.567470 -0.134502 0.7118 0.7118 0.7118
v -0.035228 0.568437 -0.134724 0.6181 0.6181 0.6181
v -0.034925 0.568518 -0.135712 0.6181 0.6181 0.6181
v -0.035973 0.569124 -0.134502 0.7536 0.7536 0.7536
v -0.035096 0.567219 -0.144288 0.6181 0.6181 0.6181
v -0.036579 0.568075 -0.146000 0.6181 0.6181 0.6181
v -0.035723 0.569558 -0.144288 0.6181 0.6181 0.6181
v -0.035530 0.567470 -0.145498 0.6181 0.6181 0.6181
v -0.035228 0.568437 -0.145276 0.6181 0.6181 0.6181
v -0.035973 0.569124 -0.145498 0.6181 0.6181 0.6181
v -0.034925 0.568518 -0.144288 0.6181 0.6181 0.6181
v -0.050934 0.576363 -0.134000 0.8060 0.8060 0.8060
v -0.050077 0.577846 -0.135712 0.6181 0.6181 0.6181
v -0.052416 0.577219 -0.135712 0.6181 0.6181 0.6181
v -0.050328 0.577411 -0.134502 0.7721 0.7721 0.7721
v -0.051295 0.577713 -0.134724 0.6181 0.6181 0.6181
v -0.051377 0.578017 -0.135712 0.6181 0.6181 0.6181
v -0.051982 0.576968 -0.134502 0.7536 0.7536 0.7536
v -0.050934 0.576363 -0.146000 0.6181 0.6181 0.6181
v -0.052416 0.577219 -0.144288 0.6181 0.6181 0.6181
v -0.050077 0.577846 -0.144288 0.6181 0.6181 0.6181
v -0.051982 0.576968 -0.145498 0.6181 0.6181 0.6181
v -0.051295 0.577713 -0.145276 0.6181 0.6181 0.6181
v -0.051377 0.578017 -0.144288 0.6181 0.6181 0.6181
v -0.050328 0.577411 -0.145498 0.6181 0.6181 0.6181
v -0.074466 0.502452 -0.134000 0.6181 0.6181 0.6181
v -0.075323 0.500969 -0.135712 0.6181 0.6181 0.6181
v -0.072984 0.501595 -0.135712 0.6181 0.6181 0.6181
v -0.075072 0.501403 -0.134502 0.6181 0.6181 0.6181
v -0.074105 0.501101 -0.134724 0.6181 0.6181 0.6181
v -0.074023 0.500798 -0.135712 0.6181 0.6181 0.6181
v -0.073418 0.501846 -0.134502 0.6181 0.6181 0.6181
v -0.074466 0.502452 -0.146000 0.6181 0.6181 0.6181
v -0.072984 0.501595 -0.144288 0.6181 0.6181 0.6181
v -0.075323 0.500969 -0.144288 0.6181 0.6181 0.6181
v -0.073418 0.501846 -0.145498 0.6181 0.6181 0.6181
v -0.074105 0.501101 -0.145276 0.6181 0.6181 0.6181
v -0.074023 0.500798 -0.144288 0.6181 0.6181 0.6181
v -0.075072 0.501403 -0.145498 0.6181 0.6181 0.6181
v -0.088821 0.510739 -0.134000 0.6181 0.6181 0.6181
v -0.090304 0.511595 -0.135712 0.6181 0.6181 0.6181
v -0.089677 0.509256 -0.135712 0.6181 0.6181 0.6181
v -0.089870 0.511345 -0.134502 0.6181 0.6181 0.6181
v -0.090172 0.510377 -0.134724 0.6181 0.6181 0.6181
v -0.090475 0.510296 -0.135712 0.6181 0.6181 0.6181
v -0.089427 0.509691 -0.134502 0.6181 0.6181 0.6181
v -0.088821 0.510739 -0.146000 0.6181 0.6181 0.6181
v -0.089677 0.509256 -0.144288 0.6181 0.6181 0.6181
v -0.090304 0.511595 -0.144288 0.6181 0.6181 0.6181
v -0.089427 0.509691 -0.145498 0.6181 0.6181 0.6181
v -0.090172 0.510377 -0.145276 0.6181 0.6181 0.6181
v -0.090475 0.510296 -0.144288 0.6181 0.6181 0.6181
v -0.089870 0.511345 -0.145498 0.6181 0.6181 0.6181
v 0.346547 0.417455 -0.128117 0.8365 0.8365 0.8365
v 0.347539 0.419422 -0.127006 0.8905 0.8905 0.8905
v 0.344831 0.418835 -0.127006 0.9148 0.9148 0.9148
v 0.347398 0.418152 -0.127353 0.8777 0.8777 0.8777
v 0.346394 0.418162 -0.126873 0.8777 0.8777 0.8777
v 0.346185 0.419129 -0.126568 0.9148 0.9148 0.9148
v 0.345484 0.417738 -0.127353 0.8645 0.8645 0.8645
v 0.253453 0.847494 -0.128117 0.9378 0.9378 0.9378
v 0.252461 0.845527 -0.127006 0.9265 0.9265 0.9265
v 0.255169 0.846114 -0.127006 0.9378 0.9378 0.9378
v 0.252602 0.846797 -0.127353 0.9265 0.9265 0.9265
v 0.253606 0.846787 -0.126873 0.9265 0.9265 0.9265
v 0.253815 0.845821 -0.126568 0.9265 0.9265 0.9265
v 0.254517 0.847211 -0.127353 0.9378 0.9378 0.9378
v 0.335501 0.415064 -0.136328 0.8060 0.8060 0.8060
v 0.334525 0.416605 -0.134667 0.8645 0.8645 0.8645
v 0.333688 0.416423 -0.137302 0.7536 0.7536 0.7536
v 0.334981 0.415464 -0.135160 0.8365 0.8365 0.8365
v 0.334192 0.415521 -0.135943 0.8216 0.8216 0.8216
v 0.333699 0.416426 -0.135849 0.8216 0.8216 0.8216
v 0.334389 0.415336 -0.137023 0.7336 0.7336 0.7336
v 0.242407 0.845103 -0.136328 0.9378 0.9378 0.9378
v 0.241319 0.843115 -0.137302 0.9265 0.9265 0.9265
v 0.242156 0.843296 -0.134667 0.9265 0.9265 0.9265
v 0.241508 0.844395 -0.137023 0.9378 0.9378 0.9378
v 0.241404 0.844145 -0.135943 0.9488 0.9488 0.9488
v 0.241330 0.843118 -0.135849 0.9265 0.9265 0.9265
v 0.242099 0.844523 -0.135160 0.9378 0.9378 0.9378
v 0.339720 0.415977 -0.149614 0.6181 0.6181 0.6181
v 0.337625 0.417276 -0.149698 0.6181 0.6181 0.6181
v 0.339816 0.417750 -0.151326 0.6181 0.6181 0.6181
v 0.338401 0.416205 -0.149656 0.6181 0.6181 0.6181
v 0.338852 0.416530 -0.150620 0.6181 0.6181 0.6181
v 0.338468 0.417458 -0.150867 0.6181 0.6181 0.6181
v 0.339950 0.416540 -0.150807 0.6181 0.6181 0.6181
v 0.246626 0.846016 -0.149614 0.9378 0.9378 0.9378
v 0.247446 0.844442 -0.151326 0.9802 0.9802 0.9802
v 0.245256 0.843967 -0.149698 0.9265 0.9265 0.9265
v 0.247068 0.845599 -0.150807 0.9378 0.9378 0.9378
v 0.246065 0.845154 -0.150620 0.9488 0.9488 0.9488
v 0.246099 0.844150 -0.150867 0.9378 0.9378 0.9378
v 0.245519 0.845263 -0.149656 0.9488 0.9488 0.9488
v 0.353374 0.418933 -0.149614 0.6181 0.6181 0.6181
v 0.352554 0.420507 -0.151326 0.6181 0.6181 0.6181
v 0.354745 0.420982 -0.149698 0.6181 0.6181 0.6181
v 0.352932 0.419350 -0.150807 0.6181 0.6181 0.6181
v 0.353935 0.419795 -0.150620 0.6181 0.6181 0.6181
v 0.353901 0.420799 -0.150867 0.6181 0.6181 0.6181
v 0.354481 0.419686 -0.149656 0.6181 0.6181 0.6181
v 0.260280 0.848972 -0.149614 0.8777 0.8777 0.8777
v 0.262375 0.847674 -0.149698 0.9029 0.9029 0.9029
v 0.260184 0.847199 -0.151326 0.9595 0.9595 0.9595
v 0.261599 0.848744 -0.149656 0.8645 0.8645 0.8645
v 0.261148 0.848419 -0.150620 0.9029 0.9029 0.9029
v 0.261532 0.847491 -0.150867 0.9265 0.9265 0.9265
v 0.260050 0.848409 -0.150807 0.9265 0.9265 0.9265
v 0.357593 0.419846 -0.136328 0.6181 0.6181 0.6181
v 0.358681 0.421834 -0.137302 0.6181 0.6181 0.6181
v 0.357844 0.421653 -0.134667 0.6181 0.6181 0.6181
v 0.358492 0.420554 -0.137023 0.6181 0.6181 0.6181
v 0.358596 0.420804 -0.135943 0.6181 0.6181 0.6181
v 0.358670 0.421831 -0.135849 0.6181 0.6181 0.6181
v 0.357901 0.420426 -0.135160 0.6181 0.6181 0.6181
v 0.264499 0.849885 -0.136328 0.8645 0.8645 0.8645
v 0.265475 0.848345 -0.134667 0.7895 0.7895 0.7895
v 0.266312 0.848526 -0.137302 0.6181 0.6181 0.6181
v 0.265019 0.849485 -0.135160 0.8365 0.8365 0.8365
v 0.265808 0.849428 -0.135943 0.7336 0.7336 0.7336
v 0.266301 0.848523 -0.135849 0.6181 0.6181 0.6181
v 0.265611 0.849613 -0.137023 0.8216 0.8216 0.8216
v -0.372681 0.477331 -0.068117 0.8365 0.8365 0.8365
v -0.370947 0.478688 -0.067006 0.8365 0.8365 0.8365
v -0.373647 0.479310 -0.067006 0.9148 0.9148 0.9148
v -0.371614 0.477599 -0.067353 0.8645 0.8645 0.8645
v -0.372519 0.478036 -0.066873 0.8905 0.8905 0.8905
v -0.372297 0.478999 -0.066568 0.9029 0.9029 0.9029
v -0.373523 0.478039 -0.067353 0.9148 0.9148 0.9148
v -0.287319 0.847619 -0.068117 0.9902 0.9902 0.9902
v -0.289053 0.846261 -0.067006 0.9802 0.9802 0.9802
v -0.286353 0.845639 -0.067006 0.9378 0.9378 0.9378
v -0.288386 0.847350 -0.067353 1.0000 1.0000 1.0000
v -0.287481 0.846913 -0.066873 0.9700 0.9700 0.9700
v -0.287703 0.845950 -0.066568 0.9700 0.9700 0.9700
v -0.286477 0.846910 -0.067353 0.9595 0.9595 0.9595
v -0.383694 0.479869 -0.076328 0.6181 0.6181 0.6181
v -0.383921 0.481679 -0.074667 0.9265 0.9265 0.9265
v -0.384756 0.481871 -0.077302 0.6181 0.6181 0.6181
v -0.383994 0.480453 -0.075160 0.9148 0.9148 0.9148
v -0.384685 0.480840 -0.075943 0.9148 0.9148 0.9148
v -0.384745 0.481869 -0.075849 0.9378 0.9378 0.9378
v -0.384584 0.480589 -0.077023 0.6181 0.6181 0.6181
v -0.298332 0.850157 -0.076328 1.0000 1.0000 1.0000
v -0.300162 0.848822 -0.077302 1.0000 1.0000 1.0000
v -0.299328 0.848630 -0.074667 0.9902 0.9902 0.9902
v -0.299447 0.849900 -0.077023 1.0000 1.0000 1.0000
v -0.299647 0.849718 -0.075943 1.0000 1.0000 1.0000
v -0.300151 0.848820 -0.075849 0.9902 0.9902 0.9902
v -0.298857 0.849764 -0.075160 1.0000 1.0000 1.0000
v -0.379488 0.478900 -0.089614 0.6181 0.6181 0.6181
v -0.380831 0.480966 -0.089698 0.6181 0.6181 0.6181
v -0.378647 0.480463 -0.091326 0.6181 0.6181 0.6181
v -0.380585 0.479667 -0.089656 0.6181 0.6181 0.6181
v -0.380038 0.479769 -0.090620 0.6181 0.6181 0.6181
v -0.379990 0.480773 -0.090867 0.6181 0.6181 0.6181
v -0.379040 0.479311 -0.090807 0.6181 0.6181 0.6181
v -0.294125 0.849188 -0.089614 0.9902 0.9902 0.9902
v -0.294053 0.847414 -0.091326 0.9148 0.9148 0.9148
v -0.296238 0.847917 -0.089698 0.9902 0.9902 0.9902
v -0.293903 0.848622 -0.090807 0.9802 0.9802 0.9802
v -0.295000 0.848647 -0.090620 0.9902 0.9902 0.9902
v -0.295397 0.847724 -0.090867 0.9802 0.9802 0.9802
v -0.295447 0.848978 -0.089656 0.9902 0.9902 0.9902
v -0.365875 0.475761 -0.089614 0.6181 0.6181 0.6181
v -0.365947 0.477535 -0.091326 0.6181 0.6181 0.6181
v -0.363762 0.477032 -0.089698 0.6181 0.6181 0.6181
v -0.366097 0.476327 -0.090807 0.6181 0.6181 0.6181
v -0.365000 0.476302 -0.090620 0.6181 0.6181 0.6181
v -0.364603 0.477226 -0.090867 0.6181 0.6181 0.6181
v -0.364553 0.475971 -0.089656 0.6181 0.6181 0.6181
v -0.280512 0.846049 -0.089614 0.9902 0.9902 0.9902
v -0.279169 0.843983 -0.089698 0.9148 0.9148 0.9148
v -0.281353 0.844486 -0.091326 0.9148 0.9148 0.9148
v -0.279415 0.845282 -0.089656 0.9488 0.9488 0.9488
v -0.279962 0.845180 -0.090620 0.9378 0.9378 0.9378
v -0.280010 0.844176 -0.090867 0.9029 0.9029 0.9029
v -0.280960 0.845638 -0.090807 0.9378 0.9378 0.9378
v -0.361668 0.474792 -0.076328 0.6181 0.6181 0.6181
v -0.359838 0.476127 -0.077302 0.6181 0.6181 0.6181
v -0.360672 0.476319 -0.074667 0.6181 0.6181 0.6181
v -0.360553 0.475049 -0.077023 0.6181 0.6181 0.6181
v -0.360353 0.475231 -0.075943 0.6181 0.6181 0.6181
v -0.359849 0.476129 -0.075849 0.6181 0.6181 0.6181
v -0.361143 0.475185 -0.075160 0.6181 0.6181 0.6181
v -0.276306 0.845080 -0.076328 0.9700 0.9700 0.9700
v -0.276079 0.843270 -0.074667 0.8905 0.8905 0.8905
v -0.275244 0.843078 -0.077302 0.9029 0.9029 0.9029
v -0.276006 0.844496 -0.075160 0.9378 0.9378 0.9378
v -0.275315 0.844109 -0.075943 0.9029 0.9029 0.9029
v -0.275255 0.843080 -0.075849 0.8905 0.8905 0.8905
v -0.275416 0.844360 -0.077023 0.9265 0.9265 0.9265
v 0.177494 -0.055765 -0.130009 0.9378 0.9378 0.9378
v 0.179191 -0.053833 -0.130205 0.8777 0.8777 0.8777
v 0.176575 -0.053833 -0.128569 0.8365 0.8365 0.8365
v 0.178736 -0.055109 -0.130080 0.9029 0.9029 0.9029
v 0.178017 -0.054789 -0.129172 0.9029 0.9029 0.9029
v 0.178086 -0.053742 -0.129062 0.8777 0.8777 0.8777
v 0.176886 -0.055109 -0.128924 0.9029 0.9029 0.9029
v 0.117494 0.424235 -0.226009 0.6591 0.6591 0.6591
v 0.116992 0.422834 -0.223903 0.8508 0.8508 0.8508
v 0.119608 0.422834 -0.225538 0.8645 0.8645 0.8645
v 0.117008 0.423915 -0.224729 0.8365 0.8365 0.8365
v 0.118194 0.423803 -0.224890 0.8508 0.8508 0.8508
v 0.118503 0.422925 -0.224395 0.8645 0.8645 0.8645
v 0.118858 0.423915 -0.225885 0.8216 0.8216 0.8216
v 0.131805 -0.060372 -0.124486 0.9595 0.9595 0.9595
v 0.132640 -0.058263 -0.123259 0.8508 0.8508 0.8508
v 0.129764 -0.058816 -0.124230 0.9029 0.9029 0.9029
v 0.132511 -0.059583 -0.123560 0.9265 0.9265 0.9265
v 0.131313 -0.059498 -0.123527 0.8905 0.8905 0.8905
v 0.131067 -0.058483 -0.123379 0.8777 0.8777 0.8777
v 0.130477 -0.059974 -0.124247 0.9265 0.9265 0.9265
v 0.071805 0.419628 -0.220486 0.6181 0.6181 0.6181
v 0.070181 0.417851 -0.219563 0.6181 0.6181 0.6181
v 0.073056 0.418404 -0.218592 0.6181 0.6181 0.6181
v 0.070600 0.419049 -0.220052 0.6181 0.6181 0.6181
v 0.071489 0.419094 -0.219245 0.6181 0.6181 0.6181
v 0.071484 0.418184 -0.218712 0.6181 0.6181 0.6181
v 0.072633 0.419441 -0.219365 0.6181 0.6181 0.6181
v 0.099817 -0.070723 -0.156249 0.9802 0.9802 0.9802
v 0.099004 -0.068770 -0.154773 0.9265 0.9265 0.9265
v 0.098034 -0.069460 -0.157620 0.9265 0.9265 0.9265
v 0.099409 -0.070028 -0.155096 0.9265 0.9265 0.9265
v 0.098614 -0.070079 -0.155995 0.9488 0.9488 0.9488
v 0.098148 -0.069135 -0.156065 0.9265 0.9265 0.9265
v 0.098724 -0.070516 -0.157109 0.9700 0.9700 0.9700
v 0.039817 0.409277 -0.252248 0.6181 0.6181 0.6181
v 0.038451 0.407207 -0.252953 0.8365 0.8365 0.8365
v 0.039421 0.407897 -0.250106 0.7721 0.7721 0.7721
v 0.038846 0.408508 -0.252913 0.8060 0.8060 0.8060
v 0.038790 0.408513 -0.251713 0.7721 0.7721 0.7721
v 0.038565 0.407532 -0.251399 0.7895 0.7895 0.7895
v 0.039531 0.408996 -0.250900 0.7118 0.7118 0.7118
v 0.105618 -0.079023 -0.201378 1.0000 1.0000 1.0000
v 0.103612 -0.077443 -0.201017 0.9378 0.9378 0.9378
v 0.105279 -0.077750 -0.203595 0.9148 0.9148 0.9148
v 0.104357 -0.078578 -0.200940 0.9802 0.9802 0.9802
v 0.104543 -0.078564 -0.202127 0.9700 0.9700 0.9700
v 0.104118 -0.077678 -0.202508 0.9029 0.9029 0.9029
v 0.105536 -0.078795 -0.202763 0.9802 0.9802 0.9802
v 0.045618 0.400977 -0.297378 0.9029 0.9029 0.9029
v 0.045696 0.398917 -0.298928 0.9488 0.9488 0.9488
v 0.044029 0.399224 -0.296350 0.9148 0.9148 0.9148
v 0.045658 0.400228 -0.298568 0.9378 0.9378 0.9378
v 0.044719 0.400027 -0.297846 0.9378 0.9378 0.9378
v 0.044535 0.398989 -0.297841 0.9378 0.9378 0.9378
v 0.044480 0.400446 -0.296745 0.9148 0.9148 0.9148
v 0.144839 -0.079023 -0.225891 1.0000 1.0000 1.0000
v 0.142995 -0.077750 -0.227167 0.9488 0.9488 0.9488
v 0.146043 -0.077443 -0.227536 0.9378 0.9378 0.9378
v 0.143629 -0.078795 -0.226572 0.9902 0.9902 0.9902
v 0.144636 -0.078564 -0.227186 0.9700 0.9700 0.9700
v 0.144480 -0.077678 -0.227735 0.9488 0.9488 0.9488
v 0.145785 -0.078578 -0.226832 0.9802 0.9802 0.9802
v 0.084839 0.400977 -0.321891 0.9265 0.9265 0.9265
v 0.086459 0.399224 -0.322869 0.9700 0.9700 0.9700
v 0.083411 0.398917 -0.322501 0.9700 0.9700 0.9700
v 0.085907 0.400446 -0.322637 0.9488 0.9488 0.9488
v 0.084812 0.400027 -0.322904 0.9595 0.9595 0.9595
v 0.084897 0.398989 -0.323068 0.9802 0.9802 0.9802
v 0.083752 0.400228 -0.322376 0.9488 0.9488 0.9488
v 0.187947 -0.070723 -0.211329 0.9902 0.9902 0.9902
v 0.187495 -0.069460 -0.213533 0.9029 0.9029 0.9029
v 0.189629 -0.068770 -0.211414 0.8777 0.8777 0.8777
v 0.187653 -0.070516 -0.212689 0.9700 0.9700 0.9700
v 0.188702 -0.070079 -0.212300 0.9378 0.9378 0.9378
v 0.188843 -0.069135 -0.212749 0.9029 0.9029 0.9029
v 0.189162 -0.070028 -0.211191 0.9488 0.9488 0.9488
v 0.127947 0.409277 -0.307329 0.6181 0.6181 0.6181
v 0.130046 0.407897 -0.306747 0.8060 0.8060 0.8060
v 0.127912 0.407207 -0.308866 0.8645 0.8645 0.8645
v 0.129284 0.408996 -0.306996 0.7336 0.7336 0.7336
v 0.128878 0.408513 -0.308018 0.7895 0.7895 0.7895
v 0.129259 0.407532 -0.308082 0.8216 0.8216 0.8216
v 0.127775 0.408508 -0.308494 0.8216 0.8216 0.8216
v 0.202479 -0.060372 -0.168658 0.9378 0.9378 0.9378
v 0.203604 -0.058816 -0.170380 0.8645 0.8645 0.8645
v 0.203217 -0.058263 -0.167370 0.8905 0.8905 0.8905
v 0.203277 -0.059974 -0.169746 0.9148 0.9148 0.9148
v 0.203558 -0.059498 -0.168680 0.9148 0.9148 0.9148
v 0.203799 -0.058483 -0.168836 0.8777 0.8777 0.8777
v 0.203003 -0.059583 -0.167618 0.9148 0.9148 0.9148
v 0.142480 0.419628 -0.264658 0.6181 0.6181 0.6181
v 0.143634 0.418404 -0.262703 0.6181 0.6181 0.6181
v 0.144021 0.417851 -0.265714 0.6181 0.6181 0.6181
v 0.143125 0.419441 -0.263422 0.6181 0.6181 0.6181
v 0.143734 0.419094 -0.264398 0.6181 0.6181 0.6181
v 0.144215 0.418184 -0.264169 0.6181 0.6181 0.6181
v 0.143399 0.419049 -0.265551 0.6181 0.6181 0.6181
v 0.104400 0.313927 -0.184980 0.7118 0.7118 0.7118
v 0.105982 0.315535 -0.183646 0.7721 0.7721 0.7721
v 0.102818 0.315535 -0.183646 0.7895 0.7895 0.7895
v 0.105519 0.314366 -0.184207 0.7536 0.7536 0.7536
v 0.104400 0.314551 -0.183740 0.7536 0.7536 0.7536
v 0.104400 0.315504 -0.183263 0.7895 0.7895 0.7895
v 0.103281 0.314366 -0.184207 0.7118 0.7118 0.7118
v 0.104400 0.355786 -0.181548 0.7895 0.7895 0.7895
v 0.102818 0.353982 -0.180494 0.7895 0.7895 0.7895
v 0.105982 0.353982 -0.180494 0.7895 0.7895 0.7895
v 0.103281 0.355226 -0.180857 0.7895 0.7895 0.7895
v 0.104400 0.354968 -0.180426 0.7895 0.7895 0.7895
v 0.104400 0.353950 -0.180111 0.7895 0.7895 0.7895
v 0.105519 0.355226 -0.180857 0.7895 0.7895 0.7895
v 0.059890 0.315433 -0.203355 0.8060 0.8060 0.8060
v 0.060161 0.316979 -0.201256 0.7895 0.7895 0.7895
v 0.057924 0.317162 -0.203486 0.8365 0.8365 0.8365
v 0.059890 0.315826 -0.202008 0.7895 0.7895 0.7895
v 0.059012 0.316083 -0.202421 0.8060 0.8060 0.8060
v 0.058851 0.317055 -0.202179 0.8060 0.8060 0.8060
v 0.058579 0.315933 -0.203314 0.8365 0.8365 0.8365
v 0.059890 0.357293 -0.199923 0.8060 0.8060 0.8060
v 0.057924 0.355608 -0.200333 0.7895 0.7895 0.7895
v 0.060161 0.355425 -0.198104 0.7895 0.7895 0.7895
v 0.058579 0.356793 -0.199964 0.8216 0.8216 0.8216
v 0.059012 0.356500 -0.199107 0.7895 0.7895 0.7895
v 0.058851 0.355501 -0.199027 0.7721 0.7721 0.7721
v 0.059890 0.356686 -0.198658 0.8060 0.8060 0.8060
v 0.041453 0.319070 -0.247716 0.8365 0.8365 0.8365
v 0.040255 0.320648 -0.245999 0.8777 0.8777 0.8777
v 0.040255 0.320906 -0.249153 0.9378 0.9378 0.9378
v 0.040527 0.319494 -0.246751 0.8508 0.8508 0.8508
v 0.040212 0.319792 -0.247657 0.8777 0.8777 0.8777
v 0.039984 0.320777 -0.247576 0.8905 0.8905 0.8905
v 0.040527 0.319646 -0.248599 0.8645 0.8645 0.8645
v 0.041453 0.360930 -0.244284 0.8216 0.8216 0.8216
v 0.040255 0.359352 -0.246001 0.9148 0.9148 0.9148
v 0.040255 0.359094 -0.242847 0.8365 0.8365 0.8365
v 0.040719 0.360521 -0.245440 0.9029 0.9029 0.9029
v 0.040269 0.360208 -0.244343 0.8777 0.8777 0.8777
v 0.039871 0.359223 -0.244424 0.9148 0.9148 0.9148
v 0.040719 0.360339 -0.243210 0.8216 0.8216 0.8216
v 0.059890 0.322707 -0.292077 0.8645 0.8645 0.8645
v 0.057924 0.324392 -0.291667 0.9378 0.9378 0.9378
v 0.060161 0.324575 -0.293896 0.9378 0.9378 0.9378
v 0.058579 0.323207 -0.292036 0.8905 0.8905 0.8905
v 0.059012 0.323500 -0.292893 0.9148 0.9148 0.9148
v 0.058851 0.324499 -0.292973 0.9488 0.9488 0.9488
v 0.059890 0.323314 -0.293342 0.9265 0.9265 0.9265
v 0.059890 0.364567 -0.288645 0.6181 0.6181 0.6181
v 0.060161 0.363021 -0.290744 0.6181 0.6181 0.6181
v 0.057924 0.362838 -0.288514 0.6181 0.6181 0.6181
v 0.059890 0.364174 -0.289992 0.6181 0.6181 0.6181
v 0.059012 0.363917 -0.289579 0.6181 0.6181 0.6181
v 0.058851 0.362945 -0.289821 0.6181 0.6181 0.6181
v 0.058579 0.364067 -0.288686 0.6181 0.6181 0.6181
v 0.104400 0.324214 -0.310452 0.8777 0.8777 0.8777
v 0.102818 0.326018 -0.311506 0.9595 0.9595 0.9595
v 0.105982 0.326018 -0.311506 0.9802 0.9802 0.9802
v 0.103473 0.324790 -0.311335 0.9378 0.9378 0.9378
v 0.104400 0.325037 -0.311630 0.9488 0.9488 0.9488
v 0.104400 0.326041 -0.311777 0.9595 0.9595 0.9595
v 0.105327 0.324790 -0.311335 0.9488 0.9488 0.9488
v 0.104400 0.366073 -0.307020 0.6181 0.6181 0.6181
v 0.105982 0.364465 -0.308354 0.9700 0.9700 0.9700
v 0.102818 0.364465 -0.308354 0.9378 0.9378 0.9378
v 0.105519 0.365634 -0.307793 0.9148 0.9148 0.9148
v 0.104400 0.365449 -0.308260 0.9488 0.9488 0.9488
v 0.104400 0.364496 -0.308737 0.9700 0.9700 0.9700
v 0.103281 0.365634 -0.307793 0.6181 0.6181 0.6181
v 0.148910 0.322707 -0.292077 0.8905 0.8905 0.8905
v 0.148639 0.324575 -0.293896 0.9802 0.9802 0.9802
v 0.150876 0.324392 -0.291667 0.9488 0.9488 0.9488
v 0.148910 0.323314 -0.293342 0.9595 0.9595 0.9595
v 0.149788 0.323500 -0.292893 0.9595 0.9595 0.9595
v 0.149949 0.324499 -0.292973 0.9595 0.9595 0.9595
v 0.150221 0.323207 -0.292036 0.9265 0.9265 0.9265
v 0.148910 0.364567 -0.288645 0.9148 0.9148 0.9148
v 0.150876 0.362838 -0.288514 0.9378 0.9378 0.9378
v 0.148639 0.363021 -0.290744 0.9700 0.9700 0.9700
v 0.150221 0.364067 -0.288686 0.9488 0.9488 0.9488
v 0.149788 0.363917 -0.289579 0.9488 0.9488 0.9488
v 0.149949 0.362945 -0.289821 0.9488 0.9488 0.9488
v 0.148910 0.364174 -0.289992 0.9378 0.9378 0.9378
v 0.167347 0.319070 -0.247716 0.8216 0.8216 0.8216
v 0.168545 0.320906 -0.249153 0.9595 0.9595 0.9595
v 0.168545 0.320648 -0.245999 0.8905 0.8905 0.8905
v 0.168081 0.319661 -0.248790 0.9029 0.9029 0.9029
v 0.168531 0.319792 -0.247657 0.8905 0.8905 0.8905
v 0.168929 0.320777 -0.247576 0.9029 0.9029 0.9029
v 0.168081 0.319479 -0.246560 0.8508 0.8508 0.8508
v 0.167347 0.360930 -0.244284 0.8905 0.8905 0.8905
v 0.168545 0.359094 -0.242847 0.8777 0.8777 0.8777
v 0.168545 0.359352 -0.246001 0.9488 0.9488 0.9488
v 0.168081 0.360339 -0.243210 0.8905 0.8905 0.8905
v 0.168531 0.360208 -0.244343 0.9265 0.9265 0.9265
v 0.168929 0.359223 -0.244424 0.9265 0.9265 0.9265
v 0.168081 0.360521 -0.245440 0.9378 0.9378 0.9378
v 0.148910 0.315433 -0.203355 0.7536 0.7536 0.7536
v 0.150876 0.317162 -0.203486 0.8216 0.8216 0.8216
v 0.148639 0.316979 -0.201256 0.8060 0.8060 0.8060
v 0.150221 0.315933 -0.203314 0.8216 0.8216 0.8216
v 0.149788 0.316083 -0.202421 0.8216 0.8216 0.8216
v 0.149949 0.317055 -0.202179 0.8216 0.8216 0.8216
v 0.148910 0.315826 -0.202008 0.8060 0.8060 0.8060
v 0.148910 0.357293 -0.199923 0.8508 0.8508 0.8508
v 0.148639 0.355425 -0.198104 0.8216 0.8216 0.8216
v 0.150876 0.355608 -0.200333 0.8508 0.8508 0.8508
v 0.148910 0.356686 -0.198658 0.8216 0.8216 0.8216
v 0.149788 0.356500 -0.199107 0.8365 0.8365 0.8365
v 0.149949 0.355501 -0.199027 0.8365 0.8365 0.8365
v 0.150221 0.356793 -0.199964 0.8508 0.8508 0.8508
v 0.104400 0.257063 -0.186543 0.6875 0.6875 0.6875
v 0.105982 0.258854 -0.185466 0.7536 0.7536 0.7536
v 0.102818 0.258854 -0.185466 0.7721 0.7721 0.7721
v 0.105327 0.257628 -0.185653 0.7118 0.7118 0.7118
v 0.104400 0.257871 -0.185354 0.7336 0.7336 0.7336
v 0.104400 0.258873 -0.185195 0.7721 0.7721 0.7721
v 0.103473 0.257628 -0.185653 0.7536 0.7536 0.7536
v 0.104400 0.298963 -0.189442 0.7895 0.7895 0.7895
v 0.102818 0.297338 -0.188128 0.7895 0.7895 0.7895
v 0.105982 0.297338 -0.188128 0.7895 0.7895 0.7895
v 0.103473 0.298527 -0.188482 0.7895 0.7895 0.7895
v 0.104400 0.298327 -0.188153 0.7895 0.7895 0.7895
v 0.104400 0.297357 -0.187857 0.7895 0.7895 0.7895
v 0.105327 0.298527 -0.188482 0.7895 0.7895 0.7895
v 0.063284 0.255888 -0.203533 0.7721 0.7721 0.7721
v 0.063556 0.257732 -0.201690 0.7536 0.7536 0.7536
v 0.061318 0.257577 -0.203922 0.8216 0.8216 0.8216
v 0.063284 0.256479 -0.202260 0.7721 0.7721 0.7721
v 0.062406 0.256671 -0.202707 0.7721 0.7721 0.7721
v 0.062245 0.257668 -0.202614 0.7721 0.7721 0.7721
v 0.061974 0.256388 -0.203567 0.8060 0.8060 0.8060
v 0.063284 0.297788 -0.206432 0.8060 0.8060 0.8060
v 0.061318 0.296061 -0.206584 0.8365 0.8365 0.8365
v 0.063556 0.296215 -0.204352 0.8060 0.8060 0.8060
v 0.061974 0.297269 -0.206668 0.8216 0.8216 0.8216
v 0.062446 0.297124 -0.205546 0.8060 0.8060 0.8060
v 0.062166 0.296157 -0.205197 0.8060 0.8060 0.8060
v 0.063556 0.297378 -0.205090 0.8060 0.8060 0.8060
v 0.046253 0.253050 -0.244551 0.7721 0.7721 0.7721
v 0.045055 0.254867 -0.243091 0.8508 0.8508 0.8508
v 0.045055 0.254649 -0.246247 0.9265 0.9265 0.9265
v 0.045519 0.253628 -0.243469 0.8060 0.8060 0.8060
v 0.045069 0.253772 -0.244601 0.8645 0.8645 0.8645
v 0.044671 0.254758 -0.244669 0.8777 0.8777 0.8777
v 0.045519 0.253473 -0.245701 0.8365 0.8365 0.8365
v 0.046253 0.294950 -0.247449 0.8905 0.8905 0.8905
v 0.045055 0.293132 -0.248909 0.9378 0.9378 0.9378
v 0.045055 0.293351 -0.245753 0.8645 0.8645 0.8645
v 0.045519 0.294372 -0.248531 0.9378 0.9378 0.9378
v 0.045069 0.294228 -0.247400 0.9488 0.9488 0.9488
v 0.044671 0.293242 -0.247331 0.9265 0.9265 0.9265
v 0.045519 0.294527 -0.246299 0.9029 0.9029 0.9029
v 0.063284 0.250212 -0.285568 0.8216 0.8216 0.8216
v 0.061318 0.251939 -0.285416 0.9265 0.9265 0.9265
v 0.063556 0.251785 -0.287648 0.9378 0.9378 0.9378
v 0.061974 0.250713 -0.285603 0.8777 0.8777 0.8777
v 0.062406 0.250874 -0.286494 0.9148 0.9148 0.9148
v 0.062245 0.251849 -0.286723 0.9378 0.9378 0.9378
v 0.063284 0.250622 -0.286910 0.9029 0.9029 0.9029
v 0.063284 0.292112 -0.288467 0.9029 0.9029 0.9029
v 0.063556 0.290268 -0.290310 0.9378 0.9378 0.9378
v 0.061318 0.290423 -0.288078 0.9378 0.9378 0.9378
v 0.063284 0.291521 -0.289740 0.9488 0.9488 0.9488
v 0.062407 0.291329 -0.289293 0.9488 0.9488 0.9488
v 0.062245 0.290332 -0.289386 0.9488 0.9488 0.9488
v 0.061974 0.291612 -0.288433 0.9488 0.9488 0.9488
v 0.104400 0.249037 -0.302558 0.8216 0.8216 0.8216
v 0.102818 0.250662 -0.303872 0.9378 0.9378 0.9378
v 0.105982 0.250662 -0.303872 0.9378 0.9378 0.9378
v 0.103473 0.249473 -0.303518 0.9029 0.9029 0.9029
v 0.104400 0.249673 -0.303847 0.9265 0.9265 0.9265
v 0.104400 0.250643 -0.304143 0.9378 0.9378 0.9378
v 0.105327 0.249473 -0.303518 0.8905 0.8905 0.8905
v 0.104400 0.290937 -0.305457 0.9265 0.9265 0.9265
v 0.105982 0.289146 -0.306534 0.9700 0.9700 0.9700
v 0.102818 0.289146 -0.306534 0.9488 0.9488 0.9488
v 0.105327 0.290372 -0.306347 0.9700 0.9700 0.9700
v 0.104400 0.290129 -0.306646 0.9700 0.9700 0.9700
v 0.104400 0.289127 -0.306805 0.9595 0.9595 0.9595
v 0.103473 0.290372 -0.306347 0.9700 0.9700 0.9700
v 0.145516 0.250212 -0.285568 0.7895 0.7895 0.7895
v 0.145244 0.251785 -0.287648 0.9595 0.9595 0.9595
v 0.147482 0.251939 -0.285416 0.9265 0.9265 0.9265
v 0.145516 0.250622 -0.286910 0.9148 0.9148 0.9148
v 0.146393 0.250874 -0.286494 0.9265 0.9265 0.9265
v 0.146555 0.251849 -0.286723 0.9378 0.9378 0.9378
v 0.146826 0.250713 -0.285603 0.8905 0.8905 0.8905
v 0.145516 0.292112 -0.288467 0.9029 0.9029 0.9029
v 0.147482 0.290423 -0.288078 0.9265 0.9265 0.9265
v 0.145244 0.290268 -0.290310 0.9700 0.9700 0.9700
v 0.146826 0.291612 -0.288433 0.9265 0.9265 0.9265
v 0.146393 0.291330 -0.289293 0.9378 0.9378 0.9378
v 0.146555 0.290332 -0.289386 0.9378 0.9378 0.9378
v 0.145516 0.291521 -0.289740 0.9378 0.9378 0.9378
v 0.162547 0.253050 -0.244551 0.6181 0.6181 0.6181
v 0.163745 0.254649 -0.246247 0.6181 0.6181 0.6181
v 0.163745 0.254867 -0.243091 0.6181 0.6181 0.6181
v 0.163281 0.253473 -0.245701 0.6181 0.6181 0.6181
v 0.163731 0.253772 -0.244601 0.6181 0.6181 0.6181
v 0.164129 0.254758 -0.244669 0.6181 0.6181 0.6181
v 0.163281 0.253628 -0.243469 0.6181 0.6181 0.6181
v 0.162547 0.294950 -0.247449 0.6181 0.6181 0.6181
v 0.163745 0.293351 -0.245753 0.9029 0.9029 0.9029
v 0.163745 0.293132 -0.248909 0.9378 0.9378 0.9378
v 0.163281 0.294527 -0.246299 0.7721 0.7721 0.7721
v 0.163731 0.294228 -0.247400 0.9378 0.9378 0.9378
v 0.164129 0.293242 -0.247331 0.9378 0.9378 0.9378
v 0.163281 0.294372 -0.248531 0.7536 0.7536 0.7536
v 0.145516 0.255888 -0.203533 0.6181 0.6181 0.6181
v 0.147482 0.257577 -0.203922 0.8060 0.8060 0.8060
v 0.145244 0.257732 -0.201690 0.7721 0.7721 0.7721
v 0.146826 0.256388 -0.203567 0.7721 0.7721 0.7721
v 0.146393 0.256671 -0.202707 0.7721 0.7721 0.7721
v 0.146555 0.257668 -0.202614 0.8060 0.8060 0.8060
v 0.145516 0.256479 -0.202260 0.7721 0.7721 0.7721
v 0.145516 0.297788 -0.206432 0.7536 0.7536 0.7536
v 0.145244 0.296215 -0.204352 0.8216 0.8216 0.8216
v 0.147482 0.296061 -0.206584 0.8508 0.8508 0.8508
v 0.145516 0.297378 -0.205090 0.8060 0.8060 0.8060
v 0.146393 0.297126 -0.205506 0.8365 0.8365 0.8365
v 0.146555 0.296151 -0.205277 0.8365 0.8365 0.8365
v 0.146826 0.297287 -0.206397 0.8365 0.8365 0.8365
v 0.189052 0.203900 -0.256288 0.7895 0.7895 0.7895
v 0.188638 0.205561 -0.258000 0.9488 0.9488 0.9488
v 0.190299 0.205976 -0.256288 0.9265 0.9265 0.9265
v 0.188931 0.204387 -0.257499 0.9148 0.9148 0.9148
v 0.189836 0.204841 -0.257276 0.9265 0.9265 0.9265
v 0.189812 0.205854 -0.257499 0.9488 0.9488 0.9488
v 0.190105 0.204679 -0.256288 0.8777 0.8777 0.8777
v 0.160435 0.318674 -0.258000 0.8777 0.8777 0.8777
v 0.160021 0.320335 -0.256288 0.6181 0.6181 0.6181
v 0.162097 0.319088 -0.256288 0.9488 0.9488 0.9488
v 0.160143 0.319849 -0.257499 0.6181 0.6181 0.6181
v 0.161156 0.319872 -0.257276 0.8060 0.8060 0.8060
v 0.161317 0.320142 -0.256288 0.6181 0.6181 0.6181
v 0.161610 0.318967 -0.257499 0.9595 0.9595 0.9595
v 0.189052 0.203900 -0.235712 0.8060 0.8060 0.8060
v 0.190299 0.205976 -0.235712 0.8905 0.8905 0.8905
v 0.188638 0.205561 -0.234000 0.7895 0.7895 0.7895
v 0.190105 0.204679 -0.235712 0.8508 0.8508 0.8508
v 0.189836 0.204841 -0.234724 0.8216 0.8216 0.8216
v 0.189812 0.205854 -0.234502 0.8365 0.8365 0.8365
v 0.188931 0.204387 -0.234502 0.8060 0.8060 0.8060
v 0.160021 0.320335 -0.235712 0.6181 0.6181 0.6181
v 0.160435 0.318674 -0.234000 0.7895 0.7895 0.7895
v 0.162097 0.319088 -0.235712 0.9029 0.9029 0.9029
v 0.160143 0.319849 -0.234502 0.6181 0.6181 0.6181
v 0.161156 0.319872 -0.234724 0.8365 0.8365 0.8365
v 0.161610 0.318967 -0.234502 0.8645 0.8645 0.8645
v 0.161317 0.320142 -0.235712 0.8216 0.8216 0.8216
v 0.139979 0.191665 -0.256288 0.6181 0.6181 0.6181
v 0.137903 0.192912 -0.256288 0.6181 0.6181 0.6181
v 0.139565 0.193326 -0.258000 0.6181 0.6181 0.6181
v 0.138683 0.191858 -0.256288 0.6181 0.6181 0.6181
v 0.138844 0.192128 -0.257276 0.6181 0.6181 0.6181
v 0.138390 0.193033 -0.257499 0.6181 0.6181 0.6181
v 0.139857 0.192151 -0.257499 0.6181 0.6181 0.6181
v 0.110948 0.308100 -0.256288 0.6181 0.6181 0.6181
v 0.111362 0.306439 -0.258000 0.6181 0.6181 0.6181
v 0.109701 0.306024 -0.256288 0.6181 0.6181 0.6181
v 0.111069 0.307613 -0.257499 0.6181 0.6181 0.6181
v 0.110164 0.307159 -0.257276 0.6181 0.6181 0.6181
v 0.110188 0.306146 -0.257499 0.6181 0.6181 0.6181
v 0.109895 0.307321 -0.256288 0.6181 0.6181 0.6181
v 0.139979 0.191665 -0.235712 0.6181 0.6181 0.6181
v 0.139565 0.193326 -0.234000 0.6181 0.6181 0.6181
v 0.137903 0.192912 -0.235712 0.6181 0.6181 0.6181
v 0.139857 0.192151 -0.234502 0.6181 0.6181 0.6181
v 0.138844 0.192128 -0.234724 0.6181 0.6181 0.6181
v 0.138390 0.193033 -0.234502 0.6181 0.6181 0.6181
v 0.138683 0.191858 -0.235712 0.6181 0.6181 0.6181
v 0.110948 0.308100 -0.235712 0.6181 0.6181 0.6181
v 0.109701 0.306024 -0.235712 0.6181 0.6181 0.6181
v 0.111362 0.306439 -0.234000 0.6181 0.6181 0.6181
v 0.109895 0.307321 -0.235712 0.6181 0.6181 0.6181
v 0.110164 0.307159 -0.234724 0.6181 0.6181 0.6181
v 0.110188 0.306146 -0.234502 0.6181 0.6181 0.6181
v 0.111069 0.307613 -0.234502 0.6181 0.6181 0.6181
v 0.135093 0.413200 -0.348834 0.9029 0.9029 0.9029
v 0.134342 0.414912 -0.350373 0.9802 0.9802 0.9802
v 0.136632 0.414912 -0.349584 0.9488 0.9488 0.9488
v 0.134562 0.413702 -0.349922 0.9595 0.9595 0.9595
v 0.135548 0.413924 -0.350156 0.9700 0.9700 0.9700
v 0.135650 0.414912 -0.350453 0.9902 0.9902 0.9902
v 0.136181 0.413702 -0.349364 0.9378 0.9378 0.9378
v 0.134342 0.529088 -0.350373 0.9902 0.9902 0.9902
v 0.135093 0.530800 -0.348834 0.9595 0.9595 0.9595
v 0.136632 0.529088 -0.349584 0.9802 0.9802 0.9802
v 0.134562 0.530298 -0.349922 1.0000 1.0000 1.0000
v 0.135548 0.530076 -0.350156 1.0000 1.0000 1.0000
v 0.136181 0.530298 -0.349364 0.9595 0.9595 0.9595
v 0.135650 0.529088 -0.350453 1.0000 1.0000 1.0000
v 0.179884 0.413200 -0.256999 0.8365 0.8365 0.8365
v 0.181423 0.414912 -0.257750 0.9378 0.9378 0.9378
v 0.180634 0.414912 -0.255460 0.8645 0.8645 0.8645
v 0.180972 0.413702 -0.257530 0.8777 0.8777 0.8777
v 0.181206 0.413924 -0.256544 0.8508 0.8508 0.8508
v 0.181503 0.414912 -0.256441 0.8777 0.8777 0.8777
v 0.180415 0.413702 -0.255911 0.8508 0.8508 0.8508
v 0.179884 0.530800 -0.256999 0.8905 0.8905 0.8905
v 0.180634 0.529088 -0.255460 0.8645 0.8645 0.8645
v 0.181423 0.529088 -0.257750 0.9595 0.9595 0.9595
v 0.180415 0.530298 -0.255911 0.8645 0.8645 0.8645
v 0.181206 0.530076 -0.256544 0.9265 0.9265 0.9265
v 0.181503 0.529088 -0.256441 0.9029 0.9029 0.9029
v 0.180972 0.530298 -0.257530 0.9378 0.9378 0.9378
v 0.000116 0.413200 -0.283001 0.8365 0.8365 0.8365
v -0.001423 0.414912 -0.282250 0.8508 0.8508 0.8508
v -0.000634 0.414912 -0.284540 0.9595 0.9595 0.9595
v -0.000972 0.413702 -0.282470 0.8060 0.8060 0.8060
v -0.001206 0.413924 -0.283456 0.8777 0.8777 0.8777
v -0.001503 0.414912 -0.283559 0.9265 0.9265 0.9265
v -0.000415 0.413702 -0.284089 0.9265 0.9265 0.9265
v 0.000116 0.530800 -0.283001 0.9265 0.9265 0.9265
v -0.000634 0.529088 -0.284540 0.9700 0.9700 0.9700
v -0.001423 0.529088 -0.282250 0.8777 0.8777 0.8777
v -0.000415 0.530298 -0.284089 0.9802 0.9802 0.9802
v -0.001206 0.530076 -0.283456 0.9802 0.9802 0.9802
v -0.001503 0.529088 -0.283559 0.9488 0.9488 0.9488
v -0.000972 0.530298 -0.282470 0.9148 0.9148 0.9148
v 0.044907 0.413200 -0.191166 0.8060 0.8060 0.8060
v 0.045658 0.414912 -0.189627 0.7536 0.7536 0.7536
v 0.043368 0.414912 -0.190416 0.7721 0.7721 0.7721
v 0.045438 0.413702 -0.190078 0.7721 0.7721 0.7721
v 0.044452 0.413924 -0.189845 0.7721 0.7721 0.7721
v 0.044350 0.414912 -0.189547 0.7721 0.7721 0.7721
v 0.043819 0.413702 -0.190636 0.8060 0.8060 0.8060
v 0.044907 0.530800 -0.191166 0.7895 0.7895 0.7895
v 0.043368 0.529088 -0.190416 0.7536 0.7536 0.7536
v 0.045658 0.529088 -0.189627 0.7536 0.7536 0.7536
v 0.043819 0.530298 -0.190636 0.7895 0.7895 0.7895
v 0.044452 0.530076 -0.189845 0.7895 0.7895 0.7895
v 0.044350 0.529088 -0.189547 0.7895 0.7895 0.7895
v 0.045438 0.530298 -0.190078 0.7895 0.7895 0.7895
v 0.140906 0.510400 -0.339653 0.8216 0.8216 0.8216
v 0.140155 0.512112 -0.341192 0.9029 0.9029 0.9029
v 0.142445 0.512112 -0.340403 0.9595 0.9595 0.9595
v 0.140375 0.510902 -0.340741 0.8905 0.8905 0.8905
v 0.141361 0.511124 -0.340975 0.9378 0.9378 0.9378
v 0.141463 0.512112 -0.341272 0.9802 0.9802 0.9802
v 0.141994 0.510902 -0.340183 0.9265 0.9265 0.9265
v 0.140155 0.556688 -0.341192 0.9902 0.9902 0.9902
v 0.140906 0.558400 -0.339653 0.9595 0.9595 0.9595
v 0.142445 0.556688 -0.340403 0.9802 0.9802 0.9802
v 0.140375 0.557898 -0.340741 1.0000 1.0000 1.0000
v 0.141361 0.557676 -0.340975 1.0000 1.0000 1.0000
v 0.141994 0.557898 -0.340183 0.9595 0.9595 0.9595
v 0.141463 0.556688 -0.341272 1.0000 1.0000 1.0000
v 0.176228 0.510400 -0.267232 0.7895 0.7895 0.7895
v 0.177767 0.512112 -0.267983 0.9488 0.9488 0.9488
v 0.176979 0.512112 -0.265693 0.8365 0.8365 0.8365
v 0.177316 0.510902 -0.267763 0.8905 0.8905 0.8905
v 0.177550 0.511124 -0.266777 0.8645 0.8645 0.8645
v 0.177847 0.512112 -0.266675 0.8905 0.8905 0.8905
v 0.176759 0.510902 -0.266144 0.8060 0.8060 0.8060
v 0.176228 0.558400 -0.267232 0.8905 0.8905 0.8905
v 0.176979 0.556688 -0.265693 0.8508 0.8508 0.8508
v 0.177767 0.556688 -0.267983 0.9595 0.9595 0.9595
v 0.176759 0.557898 -0.266144 0.8645 0.8645 0.8645
v 0.177550 0.557676 -0.266777 0.9265 0.9265 0.9265
v 0.177847 0.556688 -0.266675 0.9029 0.9029 0.9029
v 0.177316 0.557898 -0.267763 0.9378 0.9378 0.9378
v 0.003772 0.510400 -0.272768 0.7721 0.7721 0.7721
v 0.002233 0.512112 -0.272017 0.8508 0.8508 0.8508
v 0.003021 0.512112 -0.274307 0.8365 0.8365 0.8365
v 0.002684 0.510902 -0.272237 0.8060 0.8060 0.8060
v 0.002450 0.511124 -0.273223 0.8645 0.8645 0.8645
v 0.002153 0.512112 -0.273325 0.9148 0.9148 0.9148
v 0.003241 0.510902 -0.273856 0.7895 0.7895 0.7895
v 0.003772 0.558400 -0.272768 0.9265 0.9265 0.9265
v 0.003021 0.556688 -0.274307 0.9802 0.9802 0.9802
v 0.002233 0.556688 -0.272017 0.9029 0.9029 0.9029
v 0.003241 0.557898 -0.273856 0.9802 0.9802 0.9802
v 0.002450 0.557676 -0.273223 0.9802 0.9802 0.9802
v 0.002153 0.556688 -0.273325 0.9595 0.9595 0.9595
v 0.002684 0.557898 -0.272237 0.9378 0.9378 0.9378
v 0.039094 0.510400 -0.200347 0.6181 0.6181 0.6181
v 0.039845 0.512112 -0.198808 0.6181 0.6181 0.6181
v 0.037555 0.512112 -0.199597 0.6181 0.6181 0.6181
v 0.039625 0.510902 -0.199259 0.6181 0.6181 0.6181
v 0.038639 0.511124 -0.199025 0.6591 0.6591 0.6591
v 0.038537 0.512112 -0.198728 0.6875 0.6875 0.6875
v 0.038006 0.510902 -0.199817 0.6181 0.6181 0.6181
v 0.039094 0.558400 -0.200347 0.7721 0.7721 0.7721
v 0.037555 0.556688 -0.199597 0.7895 0.7895 0.7895
v 0.039845 0.556688 -0.198808 0.7536 0.7536 0.7536
v 0.038006 0.557898 -0.199817 0.7895 0.7895 0.7895
v 0.038639 0.557676 -0.199025 0.7536 0.7536 0.7536
v 0.038537 0.556688 -0.198728 0.7336 0.7336 0.7336
v 0.039625 0.557898 -0.199259 0.7721 0.7721 0.7721
v 0.137805 0.518593 -0.319806 0.6181 0.6181 0.6181
v 0.136249 0.520478 -0.319834 0.6181 0.6181 0.6181
v 0.138740 0.520478 -0.321049 0.6181 0.6181 0.6181
v 0.136645 0.519230 -0.319949 0.6181 0.6181 0.6181
v 0.137340 0.519540 -0.320758 0.6181 0.6181 0.6181
v 0.137306 0.520563 -0.320828 0.6181 0.6181 0.6181
v 0.138406 0.519230 -0.320808 0.6181 0.6181 0.6181
v 0.149842 0.638867 -0.295125 0.9488 0.9488 0.9488
v 0.150443 0.637412 -0.297053 1.0000 1.0000 1.0000
v 0.147953 0.637412 -0.295839 0.9802 0.9802 0.9802
v 0.150346 0.638526 -0.296328 0.9902 0.9902 0.9902
v 0.149237 0.638402 -0.296366 0.9902 0.9902 0.9902
v 0.149009 0.637497 -0.296833 0.9802 0.9802 0.9802
v 0.148585 0.638526 -0.295469 0.9902 0.9902 0.9902
v 0.164396 0.515498 -0.315366 0.8645 0.8645 0.8645
v 0.164355 0.517497 -0.316772 0.9700 0.9700 0.9700
v 0.166258 0.516985 -0.314824 0.9488 0.9488 0.9488
v 0.164306 0.516216 -0.316484 0.9265 0.9265 0.9265
v 0.165340 0.516281 -0.316083 0.9488 0.9488 0.9488
v 0.165623 0.517267 -0.316101 0.9595 0.9595 0.9595
v 0.165652 0.515854 -0.315106 0.9148 0.9148 0.9148
v 0.172286 0.636254 -0.291378 0.9595 0.9595 0.9595
v 0.173930 0.634389 -0.291502 0.9595 0.9595 0.9595
v 0.172027 0.634900 -0.293450 1.0000 1.0000 1.0000
v 0.173478 0.635628 -0.291313 0.9595 0.9595 0.9595
v 0.173138 0.635620 -0.292376 0.9700 0.9700 0.9700
v 0.173295 0.634671 -0.292778 0.9700 0.9700 0.9700
v 0.172133 0.635990 -0.292690 0.9700 0.9700 0.9700
v 0.167957 0.510490 -0.288935 0.8216 0.8216 0.8216
v 0.169689 0.512161 -0.289363 0.9029 0.9029 0.9029
v 0.168374 0.511845 -0.286944 0.8365 0.8365 0.8365
v 0.169121 0.510976 -0.289361 0.8777 0.8777 0.8777
v 0.169090 0.511008 -0.288252 0.8365 0.8365 0.8365
v 0.169416 0.511934 -0.287954 0.8645 0.8645 0.8645
v 0.168191 0.510753 -0.287651 0.8060 0.8060 0.8060
v 0.175293 0.632027 -0.269068 0.6181 0.6181 0.6181
v 0.175506 0.630008 -0.267629 0.8508 0.8508 0.8508
v 0.176821 0.630324 -0.270048 0.9488 0.9488 0.9488
v 0.175467 0.631302 -0.267946 0.6875 0.6875 0.6875
v 0.176339 0.631119 -0.268618 0.8905 0.8905 0.8905
v 0.176547 0.630097 -0.268639 0.8905 0.8905 0.8905
v 0.176396 0.631525 -0.269656 0.9488 0.9488 0.9488
v 0.143568 0.510490 -0.277039 0.6181 0.6181 0.6181
v 0.144880 0.511845 -0.275485 0.6181 0.6181 0.6181
v 0.142164 0.512161 -0.275938 0.6181 0.6181 0.6181
v 0.144435 0.510753 -0.276064 0.6181 0.6181 0.6181
v 0.143408 0.511008 -0.275726 0.6181 0.6181 0.6181
v 0.143443 0.511934 -0.275286 0.6181 0.6181 0.6181
v 0.142515 0.510976 -0.276385 0.6181 0.6181 0.6181
v 0.154706 0.632027 -0.259028 0.6181 0.6181 0.6181
v 0.152994 0.630324 -0.258427 0.8060 0.8060 0.8060
v 0.155709 0.630008 -0.257974 0.7536 0.7536 0.7536
v 0.153563 0.631525 -0.258520 0.7895 0.7895 0.7895
v 0.154417 0.631119 -0.257926 0.7721 0.7721 0.7721
v 0.154273 0.630097 -0.257775 0.7721 0.7721 0.7721
v 0.155483 0.631302 -0.258200 0.6181 0.6181 0.6181
v 0.124932 0.515498 -0.296118 0.6181 0.6181 0.6181
v 0.124213 0.516985 -0.294317 0.6181 0.6181 0.6181
v 0.123849 0.517497 -0.297016 0.6181 0.6181 0.6181
v 0.124364 0.515854 -0.294969 0.6181 0.6181 0.6181
v 0.123786 0.516281 -0.295816 0.6181 0.6181 0.6181
v 0.123598 0.517267 -0.295603 0.6181 0.6181 0.6181
v 0.124107 0.516216 -0.296877 0.6181 0.6181 0.6181
v 0.138977 0.636254 -0.275132 0.8645 0.8645 0.8645
v 0.137504 0.634900 -0.276612 0.9148 0.9148 0.9148
v 0.137868 0.634389 -0.273913 0.6181 0.6181 0.6181
v 0.138038 0.635990 -0.276061 0.9378 0.9378 0.9378
v 0.137666 0.635620 -0.275075 0.6181 0.6181 0.6181
v 0.137253 0.634671 -0.275199 0.6181 0.6181 0.6181
v 0.138295 0.635628 -0.274152 0.7536 0.7536 0.7536
v 0.153781 0.645135 -0.287050 0.9700 0.9700 0.9700
v 0.152996 0.646722 -0.285488 0.9902 0.9902 0.9902
v 0.155495 0.646722 -0.286707 0.9902 0.9902 0.9902
v 0.152939 0.645982 -0.286533 0.9802 0.9802 0.9802
v 0.153811 0.646481 -0.286989 0.9902 0.9902 0.9902
v 0.154151 0.647104 -0.286291 0.9902 0.9902 0.9902
v 0.154706 0.645982 -0.287395 1.0000 1.0000 1.0000
v 0.185035 0.672850 -0.222970 0.8777 0.8777 0.8777
v 0.185344 0.673192 -0.225506 0.9488 0.9488 0.9488
v 0.182845 0.673192 -0.224288 0.9148 0.9148 0.9148
v 0.185549 0.673332 -0.224158 0.9378 0.9378 0.9378
v 0.184471 0.673670 -0.224126 0.9265 0.9265 0.9265
v 0.184001 0.673574 -0.225090 0.9488 0.9488 0.9488
v 0.183782 0.673332 -0.223297 0.8905 0.8905 0.8905
v 0.172125 0.634124 -0.289105 0.9265 0.9265 0.9265
v 0.172786 0.636343 -0.288645 0.9700 0.9700 0.9700
v 0.174126 0.634039 -0.287856 0.9488 0.9488 0.9488
v 0.172387 0.635369 -0.289376 1.0000 1.0000 1.0000
v 0.173298 0.634784 -0.289172 0.9802 0.9802 0.9802
v 0.173802 0.635309 -0.288493 0.9700 0.9700 0.9700
v 0.173335 0.633740 -0.288818 0.9700 0.9700 0.9700
v 0.192543 0.668343 -0.223811 0.9029 0.9029 0.9029
v 0.193627 0.666721 -0.225496 0.9595 0.9595 0.9595
v 0.192287 0.669025 -0.226284 0.9700 0.9700 0.9700
v 0.193484 0.667509 -0.224384 0.9148 0.9148 0.9148
v 0.193329 0.668353 -0.225118 0.9700 0.9700 0.9700
v 0.193302 0.667991 -0.226132 0.9700 0.9700 0.9700
v 0.192536 0.669138 -0.224941 0.9595 0.9595 0.9595
v 0.170549 0.616308 -0.277185 0.6181 0.6181 0.6181
v 0.172641 0.617245 -0.276620 0.9148 0.9148 0.9148
v 0.170970 0.615821 -0.274914 0.6181 0.6181 0.6181
v 0.171815 0.616569 -0.277330 0.7721 0.7721 0.7721
v 0.171624 0.615857 -0.276509 0.6181 0.6181 0.6181
v 0.172113 0.616224 -0.275724 0.8508 0.8508 0.8508
v 0.170634 0.615561 -0.276124 0.6181 0.6181 0.6181
v 0.191898 0.661051 -0.218932 0.8508 0.8508 0.8508
v 0.191360 0.658554 -0.219279 0.8508 0.8508 0.8508
v 0.193031 0.659978 -0.220985 0.9148 0.9148 0.9148
v 0.191702 0.659716 -0.218637 0.8645 0.8645 0.8645
v 0.192568 0.659751 -0.219363 0.8777 0.8777 0.8777
v 0.192503 0.658957 -0.220088 0.8777 0.8777 0.8777
v 0.192883 0.660723 -0.219844 0.9148 0.9148 0.9148
v 0.151231 0.616308 -0.267763 0.6181 0.6181 0.6181
v 0.152761 0.615821 -0.266033 0.6181 0.6181 0.6181
v 0.150388 0.617245 -0.265767 0.7536 0.7536 0.7536
v 0.152015 0.615561 -0.267042 0.6181 0.6181 0.6181
v 0.151101 0.615857 -0.266500 0.6181 0.6181 0.6181
v 0.151419 0.616224 -0.265631 0.7536 0.7536 0.7536
v 0.150337 0.616568 -0.266854 0.6181 0.6181 0.6181
v 0.183991 0.661051 -0.215076 0.8508 0.8508 0.8508
v 0.181676 0.659978 -0.215447 0.7895 0.7895 0.7895
v 0.184049 0.658554 -0.215713 0.8365 0.8365 0.8365
v 0.182666 0.660723 -0.214860 0.8060 0.8060 0.8060
v 0.183240 0.659751 -0.214813 0.7895 0.7895 0.7895
v 0.182707 0.658957 -0.215311 0.7895 0.7895 0.7895
v 0.184344 0.659716 -0.215048 0.8645 0.8645 0.8645
v 0.140868 0.634124 -0.273860 0.8777 0.8777 0.8777
v 0.140620 0.634039 -0.271514 0.6591 0.6591 0.6591
v 0.140823 0.636343 -0.273055 0.8777 0.8777 0.8777
v 0.140349 0.633740 -0.272730 0.7536 0.7536 0.7536
v 0.140092 0.634784 -0.272976 0.7895 0.7895 0.7895
v 0.140318 0.635309 -0.272161 0.6875 0.6875 0.6875
v 0.140493 0.635369 -0.273820 0.9265 0.9265 0.9265
v 0.179749 0.668343 -0.217571 0.8645 0.8645 0.8645
v 0.177958 0.669025 -0.219296 0.8777 0.8777 0.8777
v 0.177755 0.666721 -0.217754 0.8216 0.8216 0.8216
v 0.178863 0.669138 -0.218273 0.8645 0.8645 0.8645
v 0.178236 0.668353 -0.217757 0.8216 0.8216 0.8216
v 0.177453 0.667991 -0.218402 0.7895 0.7895 0.7895
v 0.178719 0.667509 -0.217182 0.8365 0.8365 0.8365
v 0.098999 0.517913 -0.300823 0.6181 0.6181 0.6181
v 0.097417 0.519778 -0.300906 0.6181 0.6181 0.6181
v 0.099907 0.519778 -0.302121 0.6181 0.6181 0.6181
v 0.097830 0.518532 -0.300984 0.6181 0.6181 0.6181
v 0.098522 0.518829 -0.301802 0.6181 0.6181 0.6181
v 0.098473 0.519850 -0.301902 0.6181 0.6181 0.6181
v 0.099591 0.518532 -0.301843 0.6181 0.6181 0.6181
v 0.110896 0.657549 -0.276429 0.9595 0.9595 0.9595
v 0.111519 0.656052 -0.278314 0.9902 0.9902 0.9902
v 0.109028 0.656052 -0.277099 0.9902 0.9902 0.9902
v 0.111405 0.657183 -0.277621 0.9902 0.9902 0.9902
v 0.110298 0.657045 -0.277656 0.9902 0.9902 0.9902
v 0.110084 0.656125 -0.278095 0.9802 0.9802 0.9802
v 0.109644 0.657183 -0.276762 0.9902 0.9902 0.9902
v 0.125626 0.515266 -0.296310 0.6181 0.6181 0.6181
v 0.125565 0.517228 -0.297771 0.6181 0.6181 0.6181
v 0.127474 0.516791 -0.295811 0.6181 0.6181 0.6181
v 0.125529 0.515954 -0.297447 0.6181 0.6181 0.6181
v 0.126562 0.516043 -0.297048 0.6181 0.6181 0.6181
v 0.126836 0.517032 -0.297094 0.6181 0.6181 0.6181
v 0.126879 0.515645 -0.296060 0.6181 0.6181 0.6181
v 0.133371 0.655316 -0.272620 0.9595 0.9595 0.9595
v 0.135033 0.653468 -0.272691 0.9148 0.9148 0.9148
v 0.133124 0.653905 -0.274652 0.9700 0.9700 0.9700
v 0.134569 0.654706 -0.272537 0.9265 0.9265 0.9265
v 0.134229 0.654667 -0.273599 0.9378 0.9378 0.9378
v 0.134394 0.653709 -0.273974 0.9378 0.9378 0.9378
v 0.133219 0.655016 -0.273924 0.9700 0.9700 0.9700
v 0.129246 0.510985 -0.269759 0.6181 0.6181 0.6181
v 0.130962 0.512665 -0.270227 0.6181 0.6181 0.6181
v 0.129651 0.512395 -0.267801 0.6181 0.6181 0.6181
v 0.130405 0.511474 -0.270197 0.6181 0.6181 0.6181
v 0.130374 0.511534 -0.269088 0.6181 0.6181 0.6181
v 0.130692 0.512471 -0.268812 0.6181 0.6181 0.6181
v 0.129478 0.511283 -0.268481 0.6181 0.6181 0.6181
v 0.136426 0.651702 -0.250210 0.6181 0.6181 0.6181
v 0.136659 0.649724 -0.248722 0.7721 0.7721 0.7721
v 0.137970 0.649994 -0.251148 0.8905 0.8905 0.8905
v 0.136608 0.651008 -0.249070 0.6591 0.6591 0.6591
v 0.137482 0.650819 -0.249738 0.8060 0.8060 0.8060
v 0.137699 0.649800 -0.249734 0.8060 0.8060 0.8060
v 0.137535 0.651199 -0.250786 0.8777 0.8777 0.8777
v 0.104856 0.510985 -0.257863 0.6181 0.6181 0.6181
v 0.106149 0.512395 -0.256338 0.6181 0.6181 0.6181
v 0.103430 0.512665 -0.256799 0.6181 0.6181 0.6181
v 0.105719 0.511283 -0.256894 0.6181 0.6181 0.6181
v 0.104690 0.511534 -0.256561 0.6181 0.6181 0.6181
v 0.104712 0.512471 -0.256141 0.6181 0.6181 0.6181
v 0.103797 0.511474 -0.257220 0.6181 0.6181 0.6181
v 0.115840 0.651702 -0.240169 0.6181 0.6181 0.6181
v 0.114150 0.649994 -0.239531 0.7536 0.7536 0.7536
v 0.116869 0.649724 -0.239070 0.6591 0.6591 0.6591
v 0.114704 0.651199 -0.239650 0.7118 0.7118 0.7118
v 0.115562 0.650819 -0.239047 0.6875 0.6875 0.6875
v 0.115431 0.649800 -0.238873 0.7118 0.7118 0.7118
v 0.116626 0.651008 -0.239324 0.6181 0.6181 0.6181
v 0.086162 0.515266 -0.277062 0.6181 0.6181 0.6181
v 0.085417 0.516791 -0.275299 0.6181 0.6181 0.6181
v 0.085048 0.517228 -0.278010 0.6181 0.6181 0.6181
v 0.085587 0.515645 -0.275921 0.6181 0.6181 0.6181
v 0.085003 0.516043 -0.276779 0.6181 0.6181 0.6181
v 0.084799 0.517032 -0.276591 0.6181 0.6181 0.6181
v 0.085326 0.515954 -0.277838 0.6181 0.6181 0.6181
v 0.100062 0.655316 -0.256374 0.8777 0.8777 0.8777
v 0.098613 0.653905 -0.257820 0.9265 0.9265 0.9265
v 0.098982 0.653468 -0.255108 0.6875 0.6875 0.6875
v 0.099128 0.655016 -0.257296 0.9488 0.9488 0.9488
v 0.098762 0.654667 -0.256301 0.8645 0.8645 0.8645
v 0.098364 0.653709 -0.256401 0.8777 0.8777 0.8777
v 0.099389 0.654706 -0.255379 0.8060 0.8060 0.8060
v 0.114461 0.663649 -0.269121 0.9488 0.9488 0.9488
v 0.113623 0.665318 -0.267669 0.9902 0.9902 0.9902
v 0.116121 0.665318 -0.268888 0.9902 0.9902 0.9902
v 0.113592 0.664504 -0.268661 0.9802 0.9802 0.9802
v 0.114447 0.665001 -0.269149 0.9902 0.9902 0.9902
v 0.114766 0.665683 -0.268496 0.9902 0.9902 0.9902
v 0.115359 0.664504 -0.269522 0.9700 0.9700 0.9700
v 0.146005 0.698298 -0.204445 0.8645 0.8645 0.8645
v 0.146308 0.698476 -0.206994 0.9595 0.9595 0.9595
v 0.143810 0.698476 -0.205776 0.9378 0.9378 0.9378
v 0.146506 0.698715 -0.205661 0.9265 0.9265 0.9265
v 0.145418 0.699019 -0.205649 0.9265 0.9265 0.9265
v 0.144953 0.698841 -0.206602 0.9595 0.9595 0.9595
v 0.144739 0.698715 -0.204800 0.8777 0.8777 0.8777
v 0.133145 0.653112 -0.270479 0.8905 0.8905 0.8905
v 0.133744 0.655379 -0.270169 0.9378 0.9378 0.9378
v 0.135155 0.653174 -0.269235 0.9029 0.9029 0.9029
v 0.133370 0.654346 -0.270832 0.9700 0.9700 0.9700
v 0.134301 0.653804 -0.270592 0.9488 0.9488 0.9488
v 0.134792 0.654390 -0.269952 0.9378 0.9378 0.9378
v 0.134368 0.652787 -0.270171 0.9148 0.9148 0.9148
v 0.153653 0.693985 -0.205001 0.8777 0.8777 0.8777
v 0.154781 0.692289 -0.206573 0.9595 0.9595 0.9595
v 0.153370 0.694493 -0.207508 0.9700 0.9700 0.9700
v 0.154618 0.693144 -0.205518 0.8905 0.8905 0.8905
v 0.154436 0.693933 -0.206305 0.9488 0.9488 0.9488
v 0.154417 0.693504 -0.207290 0.9700 0.9700 0.9700
v 0.153620 0.694703 -0.206179 0.9488 0.9488 0.9488
v 0.132119 0.636063 -0.257431 0.6181 0.6181 0.6181
v 0.134188 0.637093 -0.256928 0.8365 0.8365 0.8365
v 0.132562 0.635731 -0.255132 0.6181 0.6181 0.6181
v 0.133379 0.636351 -0.257593 0.7118 0.7118 0.7118
v 0.133211 0.635688 -0.256728 0.6181 0.6181 0.6181
v 0.133692 0.636116 -0.255967 0.7336 0.7336 0.7336
v 0.132229 0.635388 -0.256323 0.6181 0.6181 0.6181
v 0.153233 0.687006 -0.199661 0.8777 0.8777 0.8777
v 0.152767 0.684483 -0.199847 0.8508 0.8508 0.8508
v 0.154393 0.685845 -0.201642 0.9029 0.9029 0.9029
v 0.153077 0.685689 -0.199280 0.8645 0.8645 0.8645
v 0.153941 0.685705 -0.200008 0.8905 0.8905 0.8905
v 0.153897 0.684868 -0.200682 0.8777 0.8777 0.8777
v 0.154227 0.686653 -0.200550 0.9029 0.9029 0.9029
v 0.112801 0.636063 -0.248009 0.6181 0.6181 0.6181
v 0.114340 0.635731 -0.246245 0.6181 0.6181 0.6181
v 0.111924 0.637093 -0.246069 0.6875 0.6875 0.6875
v 0.113606 0.635388 -0.247240 0.6181 0.6181 0.6181
v 0.112683 0.635688 -0.246716 0.6181 0.6181 0.6181
v 0.112986 0.636116 -0.245868 0.6875 0.6875 0.6875
v 0.111898 0.636351 -0.247116 0.6181 0.6181 0.6181
v 0.145326 0.687006 -0.195804 0.7895 0.7895 0.7895
v 0.143050 0.685845 -0.196110 0.6875 0.6875 0.6875
v 0.145466 0.684483 -0.196286 0.7895 0.7895 0.7895
v 0.144013 0.686653 -0.195569 0.7536 0.7536 0.7536
v 0.144617 0.685705 -0.195460 0.7118 0.7118 0.7118
v 0.144112 0.684868 -0.195909 0.7118 0.7118 0.7118
v 0.145722 0.685689 -0.195693 0.8060 0.8060 0.8060
v 0.101888 0.653112 -0.255234 0.8905 0.8905 0.8905
v 0.101631 0.653174 -0.252884 0.6875 0.6875 0.6875
v 0.101763 0.655379 -0.254571 0.9265 0.9265 0.9265
v 0.101377 0.652787 -0.254080 0.8060 0.8060 0.8060
v 0.101087 0.653804 -0.254393 0.8777 0.8777 0.8777
v 0.101289 0.654390 -0.253612 0.8060 0.8060 0.8060
v 0.101471 0.654346 -0.255273 0.9148 0.9148 0.9148
v 0.140859 0.693985 -0.198761 0.8060 0.8060 0.8060
v 0.139058 0.694493 -0.200528 0.8905 0.8905 0.8905
v 0.138926 0.692289 -0.198840 0.7536 0.7536 0.7536
v 0.139952 0.694703 -0.199512 0.8508 0.8508 0.8508
v 0.139350 0.693933 -0.198947 0.7895 0.7895 0.7895
v 0.138585 0.693504 -0.199568 0.8060 0.8060 0.8060
v 0.139858 0.693144 -0.198319 0.7721 0.7721 0.7721
v 0.060171 0.517913 -0.281886 0.6181 0.6181 0.6181
v 0.058589 0.519778 -0.281968 0.6181 0.6181 0.6181
v 0.061079 0.519778 -0.283183 0.6181 0.6181 0.6181
v 0.059002 0.518532 -0.282047 0.6181 0.6181 0.6181
v 0.059694 0.518829 -0.282864 0.6181 0.6181 0.6181
v 0.059645 0.519850 -0.282964 0.6181 0.6181 0.6181
v 0.060763 0.518532 -0.282906 0.6181 0.6181 0.6181
v 0.072069 0.657549 -0.257492 0.9700 0.9700 0.9700
v 0.072691 0.656052 -0.259376 0.9802 0.9802 0.9802
v 0.070200 0.656052 -0.258162 0.9902 0.9902 0.9902
v 0.072577 0.657183 -0.258684 1.0000 1.0000 1.0000
v 0.071470 0.657045 -0.258718 0.9902 0.9902 0.9902
v 0.071256 0.656125 -0.259158 0.9902 0.9902 0.9902
v 0.070816 0.657183 -0.257825 0.9902 0.9902 0.9902
v 0.086798 0.515266 -0.277372 0.6181 0.6181 0.6181
v 0.086737 0.517228 -0.278834 0.6181 0.6181 0.6181
v 0.088646 0.516791 -0.276873 0.6181 0.6181 0.6181
v 0.086701 0.515954 -0.278509 0.6181 0.6181 0.6181
v 0.087734 0.516043 -0.278111 0.6181 0.6181 0.6181
v 0.088008 0.517032 -0.278156 0.6181 0.6181 0.6181
v 0.088051 0.515645 -0.277123 0.6181 0.6181 0.6181
v 0.094543 0.655316 -0.253682 0.8905 0.8905 0.8905
v 0.096205 0.653468 -0.253754 0.6875 0.6875 0.6875
v 0.094296 0.653905 -0.255714 0.9378 0.9378 0.9378
v 0.095741 0.654706 -0.253600 0.8645 0.8645 0.8645
v 0.095401 0.654667 -0.254662 0.8905 0.8905 0.8905
v 0.095566 0.653709 -0.255037 0.9029 0.9029 0.9029
v 0.094391 0.655016 -0.254986 0.9148 0.9148 0.9148
v 0.090418 0.510985 -0.250821 0.6181 0.6181 0.6181
v 0.092134 0.512665 -0.251289 0.6181 0.6181 0.6181
v 0.090823 0.512395 -0.248863 0.6181 0.6181 0.6181
v 0.091577 0.511474 -0.251260 0.6181 0.6181 0.6181
v 0.091546 0.511534 -0.250151 0.6181 0.6181 0.6181
v 0.091864 0.512471 -0.249875 0.6181 0.6181 0.6181
v 0.090650 0.511283 -0.249544 0.6181 0.6181 0.6181
v 0.097598 0.651702 -0.231272 0.6181 0.6181 0.6181
v 0.097831 0.649724 -0.229784 0.7536 0.7536 0.7536
v 0.099142 0.649994 -0.232211 0.8216 0.8216 0.8216
v 0.097780 0.651008 -0.230132 0.6181 0.6181 0.6181
v 0.098654 0.650819 -0.230800 0.7895 0.7895 0.7895
v 0.098871 0.649800 -0.230796 0.7895 0.7895 0.7895
v 0.098707 0.651199 -0.231848 0.8508 0.8508 0.8508
v 0.066028 0.510985 -0.238926 0.6181 0.6181 0.6181
v 0.067321 0.512395 -0.237400 0.6181 0.6181 0.6181
v 0.064602 0.512665 -0.237861 0.6181 0.6181 0.6181
v 0.066892 0.511283 -0.237956 0.6181 0.6181 0.6181
v 0.065862 0.511534 -0.237623 0.6181 0.6181 0.6181
v 0.065884 0.512471 -0.237203 0.6181 0.6181 0.6181
v 0.064969 0.511474 -0.238282 0.6181 0.6181 0.6181
v 0.077012 0.651702 -0.221231 0.6181 0.6181 0.6181
v 0.075322 0.649994 -0.220593 0.7895 0.7895 0.7895
v 0.078041 0.649724 -0.220132 0.7118 0.7118 0.7118
v 0.075876 0.651199 -0.220713 0.7721 0.7721 0.7721
v 0.076734 0.650819 -0.220109 0.7336 0.7336 0.7336
v 0.076603 0.649800 -0.219935 0.7336 0.7336 0.7336
v 0.077798 0.651008 -0.220387 0.6181 0.6181 0.6181
v 0.047334 0.515266 -0.258124 0.6181 0.6181 0.6181
v 0.046589 0.516791 -0.256361 0.6181 0.6181 0.6181
v 0.046220 0.517228 -0.259072 0.6181 0.6181 0.6181
v 0.046759 0.515645 -0.256984 0.6181 0.6181 0.6181
v 0.046176 0.516043 -0.257841 0.6181 0.6181 0.6181
v 0.045971 0.517032 -0.257654 0.6181 0.6181 0.6181
v 0.046498 0.515954 -0.258901 0.6181 0.6181 0.6181
v 0.061234 0.655316 -0.237436 0.9029 0.9029 0.9029
v 0.059785 0.653905 -0.238882 0.9595 0.9595 0.9595
v 0.060154 0.653468 -0.236171 0.8365 0.8365 0.8365
v 0.060300 0.655016 -0.238358 0.9700 0.9700 0.9700
v 0.059934 0.654667 -0.237363 0.9029 0.9029 0.9029
v 0.059536 0.653709 -0.237464 0.9029 0.9029 0.9029
v 0.060561 0.654706 -0.236441 0.8508 0.8508 0.8508
v 0.075633 0.663649 -0.250183 0.9488 0.9488 0.9488
v 0.074795 0.665318 -0.248732 0.9700 0.9700 0.9700
v 0.077293 0.665318 -0.249950 0.9802 0.9802 0.9802
v 0.074764 0.664504 -0.249723 0.9802 0.9802 0.9802
v 0.075619 0.665001 -0.250211 0.9802 0.9802 0.9802
v 0.075938 0.665683 -0.249558 0.9700 0.9700 0.9700
v 0.076531 0.664504 -0.250585 0.9700 0.9700 0.9700
v 0.107178 0.698298 -0.185508 0.8365 0.8365 0.8365
v 0.107480 0.698476 -0.188057 0.9378 0.9378 0.9378
v 0.104982 0.698476 -0.186838 0.9700 0.9700 0.9700
v 0.107678 0.698715 -0.186724 0.9029 0.9029 0.9029
v 0.106590 0.699019 -0.186712 0.9148 0.9148 0.9148
v 0.106125 0.698841 -0.187665 0.9595 0.9595 0.9595
v 0.105911 0.698715 -0.185862 0.8905 0.8905 0.8905
v 0.094317 0.653112 -0.251541 0.8905 0.8905 0.8905
v 0.094916 0.655379 -0.251231 0.9029 0.9029 0.9029
v 0.096327 0.653174 -0.250297 0.6591 0.6591 0.6591
v 0.094542 0.654346 -0.251894 0.9378 0.9378 0.9378
v 0.095473 0.653804 -0.251655 0.9148 0.9148 0.9148
v 0.095964 0.654390 -0.251014 0.8905 0.8905 0.8905
v 0.095540 0.652787 -0.251233 0.8508 0.8508 0.8508
v 0.114825 0.693985 -0.186063 0.8216 0.8216 0.8216
v 0.115953 0.692289 -0.187636 0.9148 0.9148 0.9148
v 0.114542 0.694493 -0.188570 0.9378 0.9378 0.9378
v 0.115790 0.693144 -0.186580 0.8645 0.8645 0.8645
v 0.115608 0.693933 -0.187367 0.9265 0.9265 0.9265
v 0.115589 0.693504 -0.188353 0.9595 0.9595 0.9595
v 0.114792 0.694703 -0.187241 0.9148 0.9148 0.9148
v 0.093291 0.636063 -0.238494 0.6181 0.6181 0.6181
v 0.095360 0.637093 -0.237990 0.7118 0.7118 0.7118
v 0.093734 0.635731 -0.236195 0.6181 0.6181 0.6181
v 0.094551 0.636351 -0.238655 0.6591 0.6591 0.6591
v 0.094383 0.635688 -0.237790 0.6181 0.6181 0.6181
v 0.094864 0.636116 -0.237030 0.7721 0.7721 0.7721
v 0.093401 0.635388 -0.237386 0.6181 0.6181 0.6181
v 0.114405 0.687006 -0.180723 0.8216 0.8216 0.8216
v 0.113939 0.684483 -0.180909 0.7895 0.7895 0.7895
v 0.115565 0.685845 -0.182705 0.8508 0.8508 0.8508
v 0.114249 0.685689 -0.180343 0.8060 0.8060 0.8060
v 0.115113 0.685705 -0.181070 0.8216 0.8216 0.8216
v 0.115070 0.684868 -0.181744 0.8216 0.8216 0.8216
v 0.115399 0.686653 -0.181612 0.8508 0.8508 0.8508
v 0.073973 0.636063 -0.229072 0.6181 0.6181 0.6181
v 0.075512 0.635731 -0.227307 0.6181 0.6181 0.6181
v 0.073096 0.637093 -0.227132 0.6875 0.6875 0.6875
v 0.074778 0.635388 -0.228303 0.6181 0.6181 0.6181
v 0.073855 0.635688 -0.227779 0.6181 0.6181 0.6181
v 0.074159 0.636116 -0.226931 0.7118 0.7118 0.7118
v 0.073070 0.636351 -0.228178 0.6181 0.6181 0.6181
v 0.106498 0.687006 -0.176867 0.7721 0.7721 0.7721
v 0.104222 0.685845 -0.177172 0.7336 0.7336 0.7336
v 0.106638 0.684483 -0.177348 0.7895 0.7895 0.7895
v 0.105185 0.686653 -0.176631 0.7336 0.7336 0.7336
v 0.105789 0.685705 -0.176523 0.6875 0.6875 0.6875
v 0.105284 0.684868 -0.176971 0.7118 0.7118 0.7118
v 0.106894 0.685689 -0.176755 0.7536 0.7536 0.7536
v 0.063060 0.653112 -0.236296 0.9148 0.9148 0.9148
v 0.062803 0.653174 -0.233946 0.8216 0.8216 0.8216
v 0.062935 0.655379 -0.235633 0.9488 0.9488 0.9488
v 0.062549 0.652787 -0.235143 0.8508 0.8508 0.8508
v 0.062259 0.653804 -0.235455 0.9148 0.9148 0.9148
v 0.062462 0.654390 -0.234674 0.8645 0.8645 0.8645
v 0.062643 0.654346 -0.236336 0.9378 0.9378 0.9378
v 0.102031 0.693985 -0.179824 0.8365 0.8365 0.8365
v 0.100230 0.694493 -0.181590 0.9488 0.9488 0.9488
v 0.100098 0.692289 -0.179903 0.8645 0.8645 0.8645
v 0.101124 0.694703 -0.180575 0.8508 0.8508 0.8508
v 0.100522 0.693933 -0.180009 0.8508 0.8508 0.8508
v 0.099757 0.693504 -0.180631 0.8645 0.8645 0.8645
v 0.101030 0.693144 -0.179382 0.8508 0.8508 0.8508
v 0.021321 0.518593 -0.262993 0.6181 0.6181 0.6181
v 0.019766 0.520478 -0.263022 0.6181 0.6181 0.6181
v 0.022256 0.520478 -0.264236 0.6181 0.6181 0.6181
v 0.020161 0.519230 -0.263136 0.6181 0.6181 0.6181
v 0.020857 0.519540 -0.263945 0.6181 0.6181 0.6181
v 0.020822 0.520563 -0.264015 0.6181 0.6181 0.6181
v 0.021922 0.519230 -0.263995 0.6181 0.6181 0.6181
v 0.033359 0.638867 -0.238312 0.9148 0.9148 0.9148
v 0.033960 0.637412 -0.240241 0.9378 0.9378 0.9378
v 0.031469 0.637412 -0.239026 0.9802 0.9802 0.9802
v 0.033862 0.638526 -0.239515 0.9488 0.9488 0.9488
v 0.032753 0.638402 -0.239553 0.9700 0.9700 0.9700
v 0.032526 0.637497 -0.240020 0.9802 0.9802 0.9802
v 0.032101 0.638526 -0.238656 0.9802 0.9802 0.9802
v 0.047912 0.515498 -0.258553 0.6181 0.6181 0.6181
v 0.047871 0.517497 -0.259960 0.6181 0.6181 0.6181
v 0.049774 0.516985 -0.258011 0.6181 0.6181 0.6181
v 0.047822 0.516216 -0.259671 0.6181 0.6181 0.6181
v 0.048856 0.516281 -0.259270 0.6181 0.6181 0.6181
v 0.049139 0.517267 -0.259288 0.6181 0.6181 0.6181
v 0.049168 0.515854 -0.258293 0.6181 0.6181 0.6181
v 0.055803 0.636254 -0.234565 0.8508 0.8508 0.8508
v 0.057446 0.634389 -0.234689 0.6181 0.6181 0.6181
v 0.055543 0.634900 -0.236637 0.9148 0.9148 0.9148
v 0.056995 0.635628 -0.234500 0.7336 0.7336 0.7336
v 0.056654 0.635620 -0.235563 0.6181 0.6181 0.6181
v 0.056811 0.634671 -0.235965 0.6181 0.6181 0.6181
v 0.055649 0.635990 -0.235877 0.8905 0.8905 0.8905
v 0.051474 0.510490 -0.232122 0.6181 0.6181 0.6181
v 0.053205 0.512161 -0.232550 0.6181 0.6181 0.6181
v 0.051891 0.511845 -0.230131 0.6181 0.6181 0.6181
v 0.052637 0.510976 -0.232549 0.6181 0.6181 0.6181
v 0.052607 0.511008 -0.231439 0.6181 0.6181 0.6181
v 0.052932 0.511934 -0.231141 0.6181 0.6181 0.6181
v 0.051708 0.510753 -0.230838 0.6181 0.6181 0.6181
v 0.058809 0.632027 -0.212255 0.6181 0.6181 0.6181
v 0.059022 0.630008 -0.210816 0.7536 0.7536 0.7536
v 0.060337 0.630324 -0.213235 0.7721 0.7721 0.7721
v 0.058983 0.631302 -0.211133 0.6591 0.6591 0.6591
v 0.059856 0.631119 -0.211805 0.7336 0.7336 0.7336
v 0.060064 0.630097 -0.211826 0.7721 0.7721 0.7721
v 0.059913 0.631525 -0.212844 0.7536 0.7536 0.7536
v 0.027084 0.510490 -0.220226 0.6181 0.6181 0.6181
v 0.028396 0.511845 -0.218672 0.6181 0.6181 0.6181
v 0.025681 0.512161 -0.219125 0.6181 0.6181 0.6181
v 0.027951 0.510753 -0.219251 0.6181 0.6181 0.6181
v 0.026925 0.511008 -0.218913 0.6181 0.6181 0.6181
v 0.026959 0.511934 -0.218473 0.6181 0.6181 0.6181
v 0.026031 0.510976 -0.219572 0.6181 0.6181 0.6181
v 0.038223 0.632027 -0.202215 0.6181 0.6181 0.6181
v 0.036510 0.630324 -0.201614 0.7895 0.7895 0.7895
v 0.039226 0.630008 -0.201161 0.6875 0.6875 0.6875
v 0.037080 0.631525 -0.201707 0.7895 0.7895 0.7895
v 0.037933 0.631119 -0.201113 0.7336 0.7336 0.7336
v 0.037789 0.630097 -0.200962 0.7336 0.7336 0.7336
v 0.039000 0.631302 -0.201387 0.6181 0.6181 0.6181
v 0.008448 0.515498 -0.239306 0.8508 0.8508 0.8508
v 0.007729 0.516985 -0.237504 0.7895 0.7895 0.7895
v 0.007365 0.517497 -0.240203 0.8905 0.8905 0.8905
v 0.007880 0.515854 -0.238156 0.8216 0.8216 0.8216
v 0.007302 0.516281 -0.239003 0.8777 0.8777 0.8777
v 0.007114 0.517267 -0.238791 0.8777 0.8777 0.8777
v 0.007623 0.516216 -0.240064 0.8508 0.8508 0.8508
v 0.022494 0.636254 -0.218319 0.8777 0.8777 0.8777
v 0.021021 0.634900 -0.219799 0.9488 0.9488 0.9488
v 0.021384 0.634389 -0.217100 0.8645 0.8645 0.8645
v 0.021554 0.635990 -0.219248 0.9595 0.9595 0.9595
v 0.021183 0.635620 -0.218262 0.9029 0.9029 0.9029
v 0.020769 0.634671 -0.218386 0.9029 0.9029 0.9029
v 0.021811 0.635628 -0.217340 0.8365 0.8365 0.8365
v 0.037297 0.645135 -0.230237 0.9595 0.9595 0.9595
v 0.036512 0.646722 -0.228675 0.9700 0.9700 0.9700
v 0.039011 0.646722 -0.229894 0.9378 0.9378 0.9378
v 0.036456 0.645982 -0.229720 0.9802 0.9802 0.9802
v 0.037327 0.646481 -0.230176 0.9802 0.9802 0.9802
v 0.037667 0.647104 -0.229478 0.9488 0.9488 0.9488
v 0.038223 0.645982 -0.230582 0.9488 0.9488 0.9488
v 0.068551 0.672850 -0.166157 0.7895 0.7895 0.7895
v 0.068861 0.673192 -0.168693 0.9148 0.9148 0.9148
v 0.066362 0.673192 -0.167475 0.8905 0.8905 0.8905
v 0.069065 0.673332 -0.167345 0.8645 0.8645 0.8645
v 0.067987 0.673670 -0.167313 0.8777 0.8777 0.8777
v 0.067517 0.673574 -0.168277 0.9265 0.9265 0.9265
v 0.067298 0.673332 -0.166484 0.8060 0.8060 0.8060
v 0.055641 0.634124 -0.232292 0.8645 0.8645 0.8645
v 0.056302 0.636343 -0.231832 0.8060 0.8060 0.8060
v 0.057643 0.634039 -0.231043 0.6181 0.6181 0.6181
v 0.055903 0.635369 -0.232563 0.9029 0.9029 0.9029
v 0.056815 0.634784 -0.232359 0.7536 0.7536 0.7536
v 0.057318 0.635309 -0.231680 0.7118 0.7118 0.7118
v 0.056851 0.633740 -0.232005 0.7721 0.7721 0.7721
v 0.076059 0.668343 -0.166998 0.8216 0.8216 0.8216
v 0.077143 0.666721 -0.168683 0.8645 0.8645 0.8645
v 0.075803 0.669025 -0.169471 0.9378 0.9378 0.9378
v 0.077000 0.667509 -0.167571 0.8365 0.8365 0.8365
v 0.076845 0.668353 -0.168305 0.8905 0.8905 0.8905
v 0.076819 0.667991 -0.169319 0.9148 0.9148 0.9148
v 0.076052 0.669138 -0.168128 0.8777 0.8777 0.8777
v 0.054065 0.616308 -0.220372 0.6181 0.6181 0.6181
v 0.056157 0.617245 -0.219808 0.7336 0.7336 0.7336
v 0.054487 0.615821 -0.218101 0.6181 0.6181 0.6181
v 0.055332 0.616569 -0.220517 0.6875 0.6875 0.6875
v 0.055140 0.615857 -0.219697 0.6181 0.6181 0.6181
v 0.055630 0.616224 -0.218911 0.7118 0.7118 0.7118
v 0.054151 0.615561 -0.219311 0.6181 0.6181 0.6181
v 0.075414 0.661051 -0.162120 0.7536 0.7536 0.7536
v 0.074876 0.658554 -0.162466 0.7721 0.7721 0.7721
v 0.076547 0.659978 -0.164172 0.8060 0.8060 0.8060
v 0.075219 0.659716 -0.161824 0.7336 0.7336 0.7336
v 0.076084 0.659751 -0.162550 0.7721 0.7721 0.7721
v 0.076019 0.658957 -0.163275 0.7895 0.7895 0.7895
v 0.076400 0.660723 -0.163031 0.7895 0.7895 0.7895
v 0.034747 0.616308 -0.210950 0.6181 0.6181 0.6181
v 0.036277 0.615821 -0.209220 0.6181 0.6181 0.6181
v 0.033904 0.617245 -0.208954 0.8060 0.8060 0.8060
v 0.035531 0.615561 -0.210229 0.6181 0.6181 0.6181
v 0.034618 0.615857 -0.209687 0.6181 0.6181 0.6181
v 0.034935 0.616224 -0.208818 0.8060 0.8060 0.8060
v 0.033853 0.616568 -0.210041 0.6591 0.6591 0.6591
v 0.067507 0.661051 -0.158263 0.7336 0.7336 0.7336
v 0.065193 0.659978 -0.158634 0.8365 0.8365 0.8365
v 0.067566 0.658554 -0.158900 0.7721 0.7721 0.7721
v 0.066183 0.660723 -0.158047 0.7895 0.7895 0.7895
v 0.066756 0.659751 -0.158000 0.7895 0.7895 0.7895
v 0.066224 0.658957 -0.158498 0.7895 0.7895 0.7895
v 0.067860 0.659716 -0.158235 0.7336 0.7336 0.7336
v 0.024384 0.634124 -0.217047 0.9148 0.9148 0.9148
v 0.024136 0.634039 -0.214701 0.8508 0.8508 0.8508
v 0.024340 0.636343 -0.216243 0.9488 0.9488 0.9488
v 0.023865 0.633740 -0.215917 0.8777 0.8777 0.8777
v 0.023608 0.634784 -0.216163 0.9148 0.9148 0.9148
v 0.023834 0.635309 -0.215349 0.8905 0.8905 0.8905
v 0.024009 0.635369 -0.217007 0.9595 0.9595 0.9595
v 0.063266 0.668343 -0.160758 0.7536 0.7536 0.7536
v 0.061475 0.669025 -0.162483 0.8777 0.8777 0.8777
v 0.061271 0.666721 -0.160941 0.8365 0.8365 0.8365
v 0.062379 0.669138 -0.161460 0.7721 0.7721 0.7721
v 0.061752 0.668353 -0.160944 0.7895 0.7895 0.7895
v 0.060969 0.667991 -0.161589 0.8365 0.8365 0.8365
v 0.062235 0.667509 -0.160369 0.7895 0.7895 0.7895
v 0.026198 0.471373 -0.251163 0.6181 0.6181 0.6181
v 0.025081 0.473352 -0.251988 0.6181 0.6181 0.6181
v 0.027405 0.473352 -0.250477 0.6181 0.6181 0.6181
v 0.025601 0.472158 -0.252043 0.6181 0.6181 0.6181
v 0.026590 0.472573 -0.251766 0.6181 0.6181 0.6181
v 0.026454 0.473558 -0.251557 0.6181 0.6181 0.6181
v 0.027244 0.472158 -0.250974 0.6181 0.6181 0.6181
v -0.016572 0.598877 -0.185394 0.9148 0.9148 0.9148
v -0.014386 0.597937 -0.186213 0.9378 0.9378 0.9378
v -0.016711 0.597937 -0.187724 0.9488 0.9488 0.9488
v -0.015239 0.598807 -0.185645 0.9148 0.9148 0.9148
v -0.015766 0.598843 -0.186633 0.9378 0.9378 0.9378
v -0.015337 0.598143 -0.187293 0.9378 0.9378 0.9378
v -0.016883 0.598807 -0.186714 0.9595 0.9595 0.9595
v 0.037477 0.463515 -0.226144 0.6181 0.6181 0.6181
v 0.038262 0.465788 -0.226394 0.6181 0.6181 0.6181
v 0.037710 0.464553 -0.223973 0.6181 0.6181 0.6181
v 0.038236 0.464500 -0.226592 0.6181 0.6181 0.6181
v 0.038425 0.464326 -0.225514 0.6181 0.6181 0.6181
v 0.038401 0.465234 -0.225057 0.6181 0.6181 0.6181
v 0.037846 0.463626 -0.224880 0.6181 0.6181 0.6181
v -0.009752 0.594125 -0.170266 0.8645 0.8645 0.8645
v -0.008438 0.592173 -0.169374 0.7895 0.7895 0.7895
v -0.007886 0.593408 -0.171794 0.8645 0.8645 0.8645
v -0.009067 0.593361 -0.169376 0.8216 0.8216 0.8216
v -0.008347 0.593673 -0.170176 0.8508 0.8508 0.8508
v -0.007747 0.592854 -0.170457 0.7895 0.7895 0.7895
v -0.008677 0.594234 -0.171088 0.9148 0.9148 0.9148
v 0.017004 0.450799 -0.210844 0.7536 0.7536 0.7536
v 0.018003 0.452313 -0.209245 0.6875 0.6875 0.6875
v 0.015338 0.451549 -0.209261 0.7721 0.7721 0.7721
v 0.017894 0.451234 -0.209969 0.6875 0.6875 0.6875
v 0.016943 0.450984 -0.209459 0.7118 0.7118 0.7118
v 0.016716 0.451765 -0.208850 0.7536 0.7536 0.7536
v 0.016009 0.450695 -0.209980 0.7895 0.7895 0.7895
v -0.022132 0.586436 -0.161014 0.8365 0.8365 0.8365
v -0.022902 0.584082 -0.160572 0.8060 0.8060 0.8060
v -0.020237 0.584845 -0.160556 0.8060 0.8060 0.8060
v -0.022864 0.585423 -0.160485 0.8216 0.8216 0.8216
v -0.021814 0.585309 -0.160111 0.7721 0.7721 0.7721
v -0.021524 0.584297 -0.160161 0.7721 0.7721 0.7721
v -0.020979 0.585962 -0.160473 0.8060 0.8060 0.8060
v -0.006927 0.450799 -0.226407 0.8365 0.8365 0.8365
v -0.007698 0.451549 -0.224242 0.7721 0.7721 0.7721
v -0.008794 0.452313 -0.226672 0.9029 0.9029 0.9029
v -0.007313 0.450695 -0.225147 0.8060 0.8060 0.8060
v -0.008168 0.450984 -0.225789 0.8508 0.8508 0.8508
v -0.008633 0.451765 -0.225335 0.8365 0.8365 0.8365
v -0.008088 0.451234 -0.226865 0.8777 0.8777 0.8777
v -0.036602 0.586436 -0.170424 0.8365 0.8365 0.8365
v -0.037789 0.584845 -0.171971 0.9148 0.9148 0.9148
v -0.036694 0.584082 -0.169541 0.7721 0.7721 0.7721
v -0.037564 0.585962 -0.171258 0.8905 0.8905 0.8905
v -0.037556 0.585309 -0.170348 0.8216 0.8216 0.8216
v -0.037628 0.584297 -0.170634 0.8365 0.8365 0.8365
v -0.036789 0.585423 -0.169540 0.7895 0.7895 0.7895
v -0.001245 0.463515 -0.251326 0.8508 0.8508 0.8508
v -0.003324 0.464553 -0.250658 0.9148 0.9148 0.9148
v -0.001336 0.465788 -0.252144 0.9029 0.9029 0.9029
v -0.002550 0.463626 -0.251150 0.8777 0.8777 0.8777
v -0.002206 0.464326 -0.251937 0.9029 0.9029 0.9029
v -0.002614 0.465234 -0.251729 0.9029 0.9029 0.9029
v -0.001144 0.464500 -0.252201 0.8645 0.8645 0.8645
v -0.033166 0.594125 -0.185492 0.9378 0.9378 0.9378
v -0.032526 0.593408 -0.187818 0.9700 0.9700 0.9700
v -0.034515 0.592173 -0.186332 0.9378 0.9378 0.9378
v -0.032851 0.594234 -0.186809 0.9488 0.9488 0.9488
v -0.033818 0.593673 -0.186740 0.9595 0.9595 0.9595
v -0.033805 0.592854 -0.187402 0.9700 0.9700 0.9700
v -0.034257 0.593361 -0.185758 0.9378 0.9378 0.9378
v -0.298309 0.190300 -0.150171 0.9378 0.9378 0.9378
v -0.299616 0.190300 -0.147182 0.9148 0.9148 0.9148
v -0.298313 0.191460 -0.148373 0.9265 0.9265 0.9265
v -0.299168 0.190300 -0.148767 0.9378 0.9378 0.9378
v -0.305961 0.161400 -0.153651 0.8905 0.8905 0.8905
v -0.307268 0.161400 -0.150662 0.8905 0.8905 0.8905
v -0.306820 0.161400 -0.152247 0.8905 0.8905 0.8905
v -0.299616 0.132500 -0.147182 0.7536 0.7536 0.7536
v -0.298309 0.132500 -0.150171 0.8216 0.8216 0.8216
v -0.298313 0.131340 -0.148373 0.7721 0.7721 0.7721
v -0.299168 0.132500 -0.148767 0.8060 0.8060 0.8060
v -0.275854 0.190300 -0.173572 0.9148 0.9148 0.9148
v -0.278691 0.190300 -0.171960 0.9148 0.9148 0.9148
v -0.276903 0.191460 -0.172151 0.9029 0.9029 0.9029
v -0.277384 0.190300 -0.172961 0.9029 0.9029 0.9029
v -0.280115 0.161400 -0.180818 0.6181 0.6181 0.6181
v -0.282951 0.161400 -0.179206 0.6181 0.6181 0.6181
v -0.281644 0.161400 -0.180207 0.6181 0.6181 0.6181
v -0.278691 0.132500 -0.171960 0.7536 0.7536 0.7536
v -0.275854 0.132500 -0.173572 0.6181 0.6181 0.6181
v -0.276903 0.131340 -0.172151 0.6591 0.6591 0.6591
v -0.277384 0.132500 -0.172961 0.7118 0.7118 0.7118
v -0.201691 0.190300 -0.102629 0.8060 0.8060 0.8060
v -0.200384 0.190300 -0.105618 0.8365 0.8365 0.8365
v -0.201687 0.191460 -0.104427 0.8508 0.8508 0.8508
v -0.200832 0.190300 -0.104033 0.7895 0.7895 0.7895
v -0.194039 0.161400 -0.099149 0.7336 0.7336 0.7336
v -0.192732 0.161400 -0.102138 0.7536 0.7536 0.7536
v -0.193180 0.161400 -0.100553 0.7536 0.7536 0.7536
v -0.200384 0.132500 -0.105618 0.7118 0.7118 0.7118
v -0.201691 0.132500 -0.102629 0.6591 0.6591 0.6591
v -0.201687 0.131340 -0.104427 0.6591 0.6591 0.6591
v -0.200832 0.132500 -0.104033 0.6875 0.6875 0.6875
v -0.224146 0.190300 -0.079228 0.8060 0.8060 0.8060
v -0.221309 0.190300 -0.080840 0.7895 0.7895 0.7895
v -0.223097 0.191460 -0.080649 0.8365 0.8365 0.8365
v -0.222616 0.190300 -0.079839 0.8216 0.8216 0.8216
v -0.219885 0.161400 -0.071982 0.6181 0.6181 0.6181
v -0.217049 0.161400 -0.073594 0.6181 0.6181 0.6181
v -0.218356 0.161400 -0.072593 0.6181 0.6181 0.6181
v -0.221309 0.132500 -0.080840 0.6181 0.6181 0.6181
v -0.224146 0.132500 -0.079228 0.6181 0.6181 0.6181
v -0.223097 0.131340 -0.080649 0.6181 0.6181 0.6181
v -0.222616 0.132500 -0.079839 0.6181 0.6181 0.6181
v -0.281749 0.141850 -0.195170 0.9029 0.9029 0.9029
v -0.281423 0.141850 -0.191919 0.6181 0.6181 0.6181
v -0.280840 0.142865 -0.193925 0.6181 0.6181 0.6181
v -0.281817 0.141850 -0.193515 0.8365 0.8365 0.8365
v -0.285842 0.129010 -0.190389 0.7536 0.7536 0.7536
v -0.286721 0.127400 -0.193448 0.8365 0.8365 0.8365
v -0.285842 0.125790 -0.190389 0.7118 0.7118 0.7118
v -0.286487 0.128278 -0.191898 0.8060 0.8060 0.8060
v -0.286498 0.127400 -0.191461 0.7721 0.7721 0.7721
v -0.286487 0.126522 -0.191898 0.7721 0.7721 0.7721
v -0.286061 0.127400 -0.190288 0.7536 0.7536 0.7536
v -0.281423 0.112950 -0.191919 0.6181 0.6181 0.6181
v -0.281749 0.112950 -0.195170 0.6181 0.6181 0.6181
v -0.280840 0.111935 -0.193925 0.6181 0.6181 0.6181
v -0.281817 0.112950 -0.193515 0.6181 0.6181 0.6181
v -0.240673 0.141850 -0.237177 0.8777 0.8777 0.8777
v -0.243940 0.141850 -0.237161 0.9029 0.9029 0.9029
v -0.242607 0.142865 -0.236387 0.8905 0.8905 0.8905
v -0.242301 0.141850 -0.237401 0.8905 0.8905 0.8905
v -0.239613 0.129010 -0.241731 0.8777 0.8777 0.8777
v -0.239613 0.125790 -0.241731 0.8365 0.8365 0.8365
v -0.242748 0.127400 -0.242286 0.8508 0.8508 0.8508
v -0.239535 0.127400 -0.241959 0.8508 0.8508 0.8508
v -0.240748 0.127400 -0.242272 0.8508 0.8508 0.8508
v -0.241182 0.126522 -0.242215 0.8508 0.8508 0.8508
v -0.241182 0.128278 -0.242215 0.8777 0.8777 0.8777
v -0.243940 0.112950 -0.237161 0.6181 0.6181 0.6181
v -0.240673 0.112950 -0.237177 0.6181 0.6181 0.6181
v -0.242607 0.111935 -0.236387 0.6181 0.6181 0.6181
v -0.242301 0.112950 -0.237401 0.6181 0.6181 0.6181
v -0.224645 0.141850 -0.230382 0.8645 0.8645 0.8645
v -0.227009 0.141850 -0.232511 0.8777 0.8777 0.8777
v -0.226319 0.142813 -0.230900 0.8645 0.8645 0.8645
v -0.225639 0.141850 -0.231656 0.8645 0.8645 0.8645
v -0.221259 0.129010 -0.234142 0.8645 0.8645 0.8645
v -0.221259 0.125790 -0.234142 0.8060 0.8060 0.8060
v -0.223624 0.125790 -0.236271 0.8365 0.8365 0.8365
v -0.223624 0.129010 -0.236271 0.8645 0.8645 0.8645
v -0.221040 0.127400 -0.234244 0.8365 0.8365 0.8365
v -0.222087 0.127400 -0.235601 0.8365 0.8365 0.8365
v -0.222278 0.125694 -0.235388 0.8216 0.8216 0.8216
v -0.223546 0.127400 -0.236500 0.8508 0.8508 0.8508
v -0.222278 0.129106 -0.235388 0.8645 0.8645 0.8645
v -0.227009 0.112950 -0.232511 0.6181 0.6181 0.6181
v -0.224645 0.112950 -0.230382 0.6181 0.6181 0.6181
v -0.226319 0.111987 -0.230900 0.6181 0.6181 0.6181
v -0.225639 0.112950 -0.231656 0.6181 0.6181 0.6181
v -0.218251 0.141850 -0.214030 0.8060 0.8060 0.8060
v -0.218577 0.141850 -0.217281 0.8645 0.8645 0.8645
v -0.219160 0.142865 -0.215276 0.8216 0.8216 0.8216
v -0.218183 0.141850 -0.215685 0.8060 0.8060 0.8060
v -0.213279 0.127400 -0.215752 0.7336 0.7336 0.7336
v -0.214158 0.125790 -0.218811 0.7895 0.7895 0.7895
v -0.214158 0.129010 -0.218811 0.8508 0.8508 0.8508
v -0.213513 0.126522 -0.217302 0.7336 0.7336 0.7336
v -0.213502 0.127400 -0.217739 0.8060 0.8060 0.8060
v -0.213939 0.127400 -0.218912 0.8216 0.8216 0.8216
v -0.213513 0.128278 -0.217302 0.8060 0.8060 0.8060
v -0.218577 0.112950 -0.217281 0.6181 0.6181 0.6181
v -0.218251 0.112950 -0.214030 0.6181 0.6181 0.6181
v -0.219160 0.111935 -0.215276 0.6181 0.6181 0.6181
v -0.218183 0.112950 -0.215685 0.6181 0.6181 0.6181
v -0.259327 0.141850 -0.172023 0.6181 0.6181 0.6181
v -0.256060 0.141850 -0.172039 0.6181 0.6181 0.6181
v -0.257393 0.142865 -0.172813 0.6181 0.6181 0.6181
v -0.257699 0.141850 -0.171799 0.6181 0.6181 0.6181
v -0.260387 0.129010 -0.167469 0.6181 0.6181 0.6181
v -0.260387 0.125790 -0.167469 0.6181 0.6181 0.6181
v -0.257252 0.127400 -0.166914 0.6181 0.6181 0.6181
v -0.260465 0.127400 -0.167241 0.6181 0.6181 0.6181
v -0.259252 0.127400 -0.166928 0.6181 0.6181 0.6181
v -0.258818 0.126522 -0.166985 0.6181 0.6181 0.6181
v -0.258818 0.128278 -0.166985 0.6181 0.6181 0.6181
v -0.256060 0.112950 -0.172039 0.6181 0.6181 0.6181
v -0.259327 0.112950 -0.172023 0.6181 0.6181 0.6181
v -0.257393 0.111935 -0.172813 0.6181 0.6181 0.6181
v -0.257699 0.112950 -0.171799 0.6181 0.6181 0.6181
v -0.275355 0.141850 -0.178818 0.6875 0.6875 0.6875
v -0.272990 0.141850 -0.176689 0.6181 0.6181 0.6181
v -0.273681 0.142813 -0.178300 0.6181 0.6181 0.6181
v -0.274361 0.141850 -0.177544 0.6181 0.6181 0.6181
v -0.278741 0.129010 -0.175058 0.7118 0.7118 0.7118
v -0.278741 0.125790 -0.175058 0.6591 0.6591 0.6591
v -0.276376 0.125790 -0.172929 0.6181 0.6181 0.6181
v -0.276376 0.129010 -0.172929 0.6181 0.6181 0.6181
v -0.278960 0.127400 -0.174956 0.7118 0.7118 0.7118
v -0.277913 0.127400 -0.173600 0.6875 0.6875 0.6875
v -0.277722 0.125694 -0.173812 0.6591 0.6591 0.6591
v -0.276454 0.127400 -0.172700 0.6181 0.6181 0.6181
v -0.277722 0.129106 -0.173812 0.6875 0.6875 0.6875
v -0.272990 0.112950 -0.176689 0.6181 0.6181 0.6181
v -0.275355 0.112950 -0.178818 0.6181 0.6181 0.6181
v -0.273681 0.111987 -0.178300 0.6181 0.6181 0.6181
v -0.274361 0.112950 -0.177544 0.6181 0.6181 0.6181
v -0.201905 0.179661 -0.167355 0.6875 0.6875 0.6875
v -0.201071 0.181737 -0.168282 0.8365 0.8365 0.8365
v -0.200910 0.181323 -0.165902 0.6591 0.6591 0.6591
v -0.201201 0.180441 -0.168138 0.8216 0.8216 0.8216
v -0.200646 0.180603 -0.167276 0.7536 0.7536 0.7536
v -0.200497 0.181616 -0.167110 0.7721 0.7721 0.7721
v -0.201087 0.180148 -0.166455 0.6181 0.6181 0.6181
v -0.203599 0.196888 -0.165475 0.8508 0.8508 0.8508
v -0.204988 0.198136 -0.163932 0.8365 0.8365 0.8365
v -0.203438 0.196474 -0.163094 0.6591 0.6591 0.6591
v -0.204120 0.197942 -0.164895 0.8645 0.8645 0.8645
v -0.203494 0.197673 -0.164114 0.8060 0.8060 0.8060
v -0.204007 0.197649 -0.163212 0.7536 0.7536 0.7536
v -0.203025 0.196767 -0.164303 0.7721 0.7721 0.7721
v -0.221757 0.172264 -0.145308 0.6181 0.6181 0.6181
v -0.220761 0.173926 -0.143855 0.6181 0.6181 0.6181
v -0.223146 0.173512 -0.143766 0.6181 0.6181 0.6181
v -0.220938 0.172751 -0.144408 0.6181 0.6181 0.6181
v -0.221781 0.172727 -0.143804 0.6181 0.6181 0.6181
v -0.221920 0.173633 -0.143317 0.6181 0.6181 0.6181
v -0.222624 0.172458 -0.144345 0.6181 0.6181 0.6181
v -0.224839 0.190739 -0.141885 0.6181 0.6181 0.6181
v -0.225673 0.188663 -0.140958 0.6181 0.6181 0.6181
v -0.223289 0.189077 -0.141047 0.6181 0.6181 0.6181
v -0.225544 0.189959 -0.141102 0.6181 0.6181 0.6181
v -0.224629 0.189797 -0.140641 0.6181 0.6181 0.6181
v -0.224448 0.188784 -0.140510 0.6181 0.6181 0.6181
v -0.223858 0.190252 -0.141165 0.6181 0.6181 0.6181
v -0.275161 0.179661 -0.233315 0.8365 0.8365 0.8365
v -0.276711 0.181323 -0.234153 0.9488 0.9488 0.9488
v -0.274327 0.181737 -0.234242 0.8905 0.8905 0.8905
v -0.276142 0.180148 -0.234035 0.8777 0.8777 0.8777
v -0.275371 0.180603 -0.234559 0.8777 0.8777 0.8777
v -0.275552 0.181616 -0.234690 0.9029 0.9029 0.9029
v -0.274456 0.180441 -0.234098 0.8365 0.8365 0.8365
v -0.278243 0.198136 -0.229892 0.9265 0.9265 0.9265
v -0.276854 0.196888 -0.231434 0.9029 0.9029 0.9029
v -0.279239 0.196474 -0.231345 1.0000 1.0000 1.0000
v -0.277376 0.197942 -0.230855 0.9265 0.9265 0.9265
v -0.278219 0.197673 -0.231396 0.9595 0.9595 0.9595
v -0.278080 0.196767 -0.231883 0.9265 0.9265 0.9265
v -0.279062 0.197649 -0.230792 0.9902 0.9902 0.9902
v -0.295012 0.172264 -0.211268 0.7895 0.7895 0.7895
v -0.296401 0.173512 -0.209725 0.8060 0.8060 0.8060
v -0.296562 0.173926 -0.212106 0.9595 0.9595 0.9595
v -0.295880 0.172458 -0.210305 0.7721 0.7721 0.7721
v -0.296506 0.172727 -0.211086 0.8645 0.8645 0.8645
v -0.296975 0.173633 -0.210897 0.8905 0.8905 0.8905
v -0.295993 0.172751 -0.211988 0.8905 0.8905 0.8905
v -0.298095 0.190739 -0.207845 0.9029 0.9029 0.9029
v -0.299090 0.189077 -0.209298 0.9902 0.9902 0.9902
v -0.298929 0.188663 -0.206918 0.8365 0.8365 0.8365
v -0.298913 0.190252 -0.208745 0.9902 0.9902 0.9902
v -0.299354 0.189797 -0.207924 0.9265 0.9265 0.9265
v -0.299503 0.188784 -0.208090 0.9148 0.9148 0.9148
v -0.298799 0.189959 -0.207062 0.8365 0.8365 0.8365
v -0.227963 0.174537 -0.183592 0.6181 0.6181 0.6181
v -0.227184 0.176812 -0.185293 0.6181 0.6181 0.6181
v -0.230742 0.174673 -0.185353 0.6181 0.6181 0.6181
v -0.227586 0.175861 -0.184332 0.6181 0.6181 0.6181
v -0.228736 0.175619 -0.184596 0.6181 0.6181 0.6181
v -0.229133 0.175900 -0.185231 0.6181 0.6181 0.6181
v -0.229440 0.174708 -0.184303 0.6181 0.6181 0.6181
v -0.235332 0.166604 -0.182984 0.6181 0.6181 0.6181
v -0.232478 0.166604 -0.181263 0.6181 0.6181 0.6181
v -0.234051 0.166604 -0.181925 0.6181 0.6181 0.6181
v -0.235332 0.154836 -0.182984 0.6181 0.6181 0.6181
v -0.232478 0.154836 -0.181263 0.6181 0.6181 0.6181
v -0.234051 0.154836 -0.181925 0.6181 0.6181 0.6181
v -0.227963 0.146903 -0.183592 0.6181 0.6181 0.6181
v -0.230742 0.146767 -0.185353 0.6181 0.6181 0.6181
v -0.227184 0.144628 -0.185293 0.6181 0.6181 0.6181
v -0.229440 0.146732 -0.184303 0.6181 0.6181 0.6181
v -0.228736 0.145821 -0.184596 0.6181 0.6181 0.6181
v -0.229133 0.145540 -0.185231 0.6181 0.6181 0.6181
v -0.227586 0.145579 -0.184332 0.6181 0.6181 0.6181
v -0.232506 0.174673 -0.190370 0.7536 0.7536 0.7536
v -0.232506 0.174673 -0.187550 0.6181 0.6181 0.6181
v -0.230138 0.176808 -0.188960 0.6181 0.6181 0.6181
v -0.232790 0.174902 -0.188960 0.6591 0.6591 0.6591
v -0.232017 0.175673 -0.188960 0.6181 0.6181 0.6181
v -0.231473 0.175899 -0.188141 0.6181 0.6181 0.6181
v -0.231473 0.175899 -0.189779 0.6181 0.6181 0.6181
v -0.238998 0.166604 -0.190368 0.8508 0.8508 0.8508
v -0.238998 0.166604 -0.187552 0.6875 0.6875 0.6875
v -0.239466 0.166604 -0.188960 0.7895 0.7895 0.7895
v -0.238998 0.154836 -0.190368 0.7536 0.7536 0.7536
v -0.238998 0.154836 -0.187552 0.6181 0.6181 0.6181
v -0.239466 0.154836 -0.188960 0.6591 0.6591 0.6591
v -0.232506 0.146767 -0.190370 0.6181 0.6181 0.6181
v -0.230138 0.144632 -0.188960 0.6181 0.6181 0.6181
v -0.232506 0.146767 -0.187550 0.6181 0.6181 0.6181
v -0.231473 0.145541 -0.189779 0.6181 0.6181 0.6181
v -0.232017 0.145767 -0.188960 0.6181 0.6181 0.6181
v -0.231473 0.145541 -0.188141 0.6181 0.6181 0.6181
v -0.232790 0.146538 -0.188960 0.6181 0.6181 0.6181
v -0.227963 0.174537 -0.194328 0.8905 0.8905 0.8905
v -0.230742 0.174673 -0.192567 0.8365 0.8365 0.8365
v -0.227184 0.176812 -0.192627 0.8645 0.8645 0.8645
v -0.229440 0.174708 -0.193617 0.8905 0.8905 0.8905
v -0.228736 0.175619 -0.193324 0.8905 0.8905 0.8905
v -0.229133 0.175900 -0.192689 0.8508 0.8508 0.8508
v -0.227586 0.175861 -0.193588 0.8777 0.8777 0.8777
v -0.232478 0.166604 -0.196657 0.8777 0.8777 0.8777
v -0.235332 0.166604 -0.194936 0.8508 0.8508 0.8508
v -0.234051 0.166604 -0.195995 0.8508 0.8508 0.8508
v -0.232478 0.154836 -0.196657 0.8508 0.8508 0.8508
v -0.235332 0.154836 -0.194936 0.7895 0.7895 0.7895
v -0.234051 0.154836 -0.195995 0.8216 0.8216 0.8216
v -0.227963 0.146903 -0.194328 0.6181 0.6181 0.6181
v -0.227184 0.144628 -0.192627 0.6181 0.6181 0.6181
v -0.230742 0.146767 -0.192567 0.6181 0.6181 0.6181
v -0.227586 0.145579 -0.193588 0.6181 0.6181 0.6181
v -0.228736 0.145821 -0.193324 0.6181 0.6181 0.6181
v -0.229133 0.145540 -0.192689 0.6181 0.6181 0.6181
v -0.229440 0.146732 -0.193617 0.6181 0.6181 0.6181
v -0.220080 0.176818 -0.194134 0.8777 0.8777 0.8777
v -0.220080 0.174537 -0.196014 0.8777 0.8777 0.8777
v -0.220080 0.175862 -0.195190 0.8777 0.8777 0.8777
v -0.220080 0.146903 -0.196014 0.8060 0.8060 0.8060
v -0.220080 0.144622 -0.194134 0.7336 0.7336 0.7336
v -0.220080 0.145578 -0.195190 0.7895 0.7895 0.7895
v -0.209418 0.174673 -0.192567 0.8645 0.8645 0.8645
v -0.212197 0.174537 -0.194328 0.8777 0.8777 0.8777
v -0.212976 0.176812 -0.192627 0.8645 0.8645 0.8645
v -0.210720 0.174708 -0.193617 0.8645 0.8645 0.8645
v -0.211424 0.175619 -0.193324 0.8645 0.8645 0.8645
v -0.212574 0.175861 -0.193588 0.8777 0.8777 0.8777
v -0.211027 0.175900 -0.192689 0.8645 0.8645 0.8645
v -0.204828 0.166604 -0.194936 0.8645 0.8645 0.8645
v -0.207682 0.166604 -0.196657 0.8777 0.8777 0.8777
v -0.206109 0.166604 -0.195995 0.8645 0.8645 0.8645
v -0.204828 0.154836 -0.194936 0.8216 0.8216 0.8216
v -0.207682 0.154836 -0.196657 0.8365 0.8365 0.8365
v -0.206109 0.154836 -0.195995 0.8365 0.8365 0.8365
v -0.209418 0.146767 -0.192567 0.8216 0.8216 0.8216
v -0.212976 0.144628 -0.192627 0.7721 0.7721 0.7721
v -0.212197 0.146903 -0.194328 0.8365 0.8365 0.8365
v -0.211027 0.145540 -0.192689 0.7721 0.7721 0.7721
v -0.211424 0.145821 -0.193324 0.8216 0.8216 0.8216
v -0.212574 0.145579 -0.193588 0.8365 0.8365 0.8365
v -0.210720 0.146732 -0.193617 0.8216 0.8216 0.8216
v -0.207654 0.174673 -0.187550 0.7336 0.7336 0.7336
v -0.207654 0.174673 -0.190370 0.8508 0.8508 0.8508
v -0.210022 0.176808 -0.188960 0.8365 0.8365 0.8365
v -0.207370 0.174902 -0.188960 0.7895 0.7895 0.7895
v -0.208143 0.175673 -0.188960 0.8060 0.8060 0.8060
v -0.208687 0.175899 -0.189779 0.8645 0.8645 0.8645
v -0.208687 0.175899 -0.188141 0.7895 0.7895 0.7895
v -0.201162 0.166604 -0.187552 0.6875 0.6875 0.6875
v -0.201162 0.166604 -0.190368 0.8508 0.8508 0.8508
v -0.200694 0.166604 -0.188960 0.7721 0.7721 0.7721
v -0.201162 0.154836 -0.187552 0.6181 0.6181 0.6181
v -0.201162 0.154836 -0.190368 0.8060 0.8060 0.8060
v -0.200694 0.154836 -0.188960 0.7118 0.7118 0.7118
v -0.207654 0.146767 -0.187550 0.6181 0.6181 0.6181
v -0.210022 0.144632 -0.188960 0.6181 0.6181 0.6181
v -0.207654 0.146767 -0.190370 0.7721 0.7721 0.7721
v -0.208687 0.145541 -0.188141 0.6181 0.6181 0.6181
v -0.208143 0.145767 -0.188960 0.6181 0.6181 0.6181
v -0.208687 0.145541 -0.189779 0.7336 0.7336 0.7336
v -0.207370 0.146538 -0.188960 0.6591 0.6591 0.6591
v -0.212197 0.174537 -0.183592 0.6591 0.6591 0.6591
v -0.209418 0.174673 -0.185353 0.6875 0.6875 0.6875
v -0.212976 0.176812 -0.185293 0.7721 0.7721 0.7721
v -0.210720 0.174708 -0.184303 0.6875 0.6875 0.6875
v -0.211424 0.175619 -0.184596 0.6875 0.6875 0.6875
v -0.211027 0.175900 -0.185231 0.7536 0.7536 0.7536
v -0.212574 0.175861 -0.184332 0.7118 0.7118 0.7118
v -0.207682 0.166604 -0.181263 0.6181 0.6181 0.6181
v -0.204828 0.166604 -0.182984 0.6591 0.6591 0.6591
v -0.206109 0.166604 -0.181925 0.6181 0.6181 0.6181
v -0.207682 0.154836 -0.181263 0.6181 0.6181 0.6181
v -0.204828 0.154836 -0.182984 0.6181 0.6181 0.6181
v -0.206109 0.154836 -0.181925 0.6181 0.6181 0.6181
v -0.212197 0.146903 -0.183592 0.6181 0.6181 0.6181
v -0.212976 0.144628 -0.185293 0.6181 0.6181 0.6181
v -0.209418 0.146767 -0.185353 0.6181 0.6181 0.6181
v -0.212574 0.145579 -0.184332 0.6181 0.6181 0.6181
v -0.211424 0.145821 -0.184596 0.6181 0.6181 0.6181
v -0.211027 0.145540 -0.185231 0.6181 0.6181 0.6181
v -0.210720 0.146732 -0.184303 0.6181 0.6181 0.6181
v -0.220080 0.176818 -0.183786 0.6181 0.6181 0.6181
v -0.220080 0.174537 -0.181906 0.6181 0.6181 0.6181
v -0.220080 0.175862 -0.182730 0.6181 0.6181 0.6181
v -0.220080 0.146903 -0.181906 0.6181 0.6181 0.6181
v -0.220080 0.144622 -0.183786 0.6181 0.6181 0.6181
v -0.220080 0.145578 -0.182730 0.6181 0.6181 0.6181
v -0.287803 0.174537 -0.183592 0.7336 0.7336 0.7336
v -0.287024 0.176812 -0.185293 0.8060 0.8060 0.8060
v -0.290582 0.174673 -0.185353 0.7895 0.7895 0.7895
v -0.287426 0.175861 -0.184332 0.7336 0.7336 0.7336
v -0.288576 0.175619 -0.184596 0.7721 0.7721 0.7721
v -0.288973 0.175900 -0.185231 0.8365 0.8365 0.8365
v -0.289280 0.174708 -0.184303 0.7721 0.7721 0.7721
v -0.295172 0.166604 -0.182984 0.8060 0.8060 0.8060
v -0.292318 0.166604 -0.181263 0.7118 0.7118 0.7118
v -0.293891 0.166604 -0.181925 0.7536 0.7536 0.7536
v -0.295172 0.154836 -0.182984 0.7721 0.7721 0.7721
v -0.292318 0.154836 -0.181263 0.6875 0.6875 0.6875
v -0.293891 0.154836 -0.181925 0.7536 0.7536 0.7536
v -0.287803 0.146903 -0.183592 0.6591 0.6591 0.6591
v -0.290582 0.146767 -0.185353 0.7536 0.7536 0.7536
v -0.287024 0.144628 -0.185293 0.7118 0.7118 0.7118
v -0.289280 0.146732 -0.184303 0.7536 0.7536 0.7536
v -0.288576 0.145821 -0.184596 0.7536 0.7536 0.7536
v -0.288973 0.145540 -0.185231 0.7536 0.7536 0.7536
v -0.287426 0.145579 -0.184332 0.6875 0.6875 0.6875
v -0.292346 0.174673 -0.190370 0.8777 0.8777 0.8777
v -0.292346 0.174673 -0.187550 0.8508 0.8508 0.8508
v -0.289978 0.176808 -0.188960 0.8060 0.8060 0.8060
v -0.292630 0.174902 -0.188960 0.8905 0.8905 0.8905
v -0.291857 0.175673 -0.188960 0.8777 0.8777 0.8777
v -0.291313 0.175899 -0.188141 0.8508 0.8508 0.8508
v -0.291313 0.175899 -0.189779 0.8777 0.8777 0.8777
v -0.298838 0.166604 -0.190368 0.9148 0.9148 0.9148
v -0.298838 0.166604 -0.187552 0.8365 0.8365 0.8365
v -0.299306 0.166604 -0.188960 0.9029 0.9029 0.9029
v -0.298838 0.154836 -0.190368 0.9029 0.9029 0.9029
v -0.298838 0.154836 -0.187552 0.7721 0.7721 0.7721
v -0.299306 0.154836 -0.188960 0.8508 0.8508 0.8508
v -0.292346 0.146767 -0.190370 0.8645 0.8645 0.8645
v -0.289978 0.144632 -0.188960 0.7721 0.7721 0.7721
v -0.292346 0.146767 -0.187550 0.7536 0.7536 0.7536
v -0.291313 0.145541 -0.189779 0.8060 0.8060 0.8060
v -0.291857 0.145767 -0.188960 0.8060 0.8060 0.8060
v -0.291313 0.145541 -0.188141 0.7536 0.7536 0.7536
v -0.292630 0.146538 -0.188960 0.8216 0.8216 0.8216
v -0.287803 0.174537 -0.194328 0.7721 0.7721 0.7721
v -0.290582 0.174673 -0.192567 0.8508 0.8508 0.8508
v -0.287024 0.176812 -0.192627 0.7895 0.7895 0.7895
v -0.289280 0.174708 -0.193617 0.8365 0.8365 0.8365
v -0.288576 0.175619 -0.193324 0.8216 0.8216 0.8216
v -0.288973 0.175900 -0.192689 0.8365 0.8365 0.8365
v -0.287426 0.175861 -0.193588 0.7895 0.7895 0.7895
v -0.292318 0.166604 -0.196657 0.9029 0.9029 0.9029
v -0.295172 0.166604 -0.194936 0.9265 0.9265 0.9265
v -0.293891 0.166604 -0.195995 0.9029 0.9029 0.9029
v -0.292318 0.154836 -0.196657 0.9029 0.9029 0.9029
v -0.295172 0.154836 -0.194936 0.9265 0.9265 0.9265
v -0.293891 0.154836 -0.195995 0.9148 0.9148 0.9148
v -0.287803 0.146903 -0.194328 0.8905 0.8905 0.8905
v -0.287024 0.144628 -0.192627 0.8365 0.8365 0.8365
v -0.290582 0.146767 -0.192567 0.8905 0.8905 0.8905
v -0.287426 0.145579 -0.193588 0.8777 0.8777 0.8777
v -0.288576 0.145821 -0.193324 0.8777 0.8777 0.8777
v -0.288973 0.145540 -0.192689 0.8365 0.8365 0.8365
v -0.289280 0.146732 -0.193617 0.8777 0.8777 0.8777
v -0.279920 0.176818 -0.194134 0.6181 0.6181 0.6181
v -0.279920 0.174537 -0.196014 0.6181 0.6181 0.6181
v -0.279920 0.175862 -0.195190 0.6181 0.6181 0.6181
v -0.279920 0.146903 -0.196014 0.8905 0.8905 0.8905
v -0.279920 0.144622 -0.194134 0.6181 0.6181 0.6181
v -0.279920 0.145578 -0.195190 0.8905 0.8905 0.8905
v -0.269258 0.174673 -0.192567 0.6181 0.6181 0.6181
v -0.272037 0.174537 -0.194328 0.6181 0.6181 0.6181
v -0.272816 0.176812 -0.192627 0.6181 0.6181 0.6181
v -0.270560 0.174708 -0.193617 0.6181 0.6181 0.6181
v -0.271264 0.175619 -0.193324 0.6181 0.6181 0.6181
v -0.272414 0.175861 -0.193588 0.6181 0.6181 0.6181
v -0.270867 0.175900 -0.192689 0.6181 0.6181 0.6181
v -0.264668 0.166604 -0.194936 0.7721 0.7721 0.7721
v -0.267522 0.166604 -0.196657 0.8060 0.8060 0.8060
v -0.265949 0.166604 -0.195995 0.7721 0.7721 0.7721
v -0.264668 0.154836 -0.194936 0.7336 0.7336 0.7336
v -0.267522 0.154836 -0.196657 0.8645 0.8645 0.8645
v -0.265949 0.154836 -0.195995 0.8365 0.8365 0.8365
v -0.269258 0.146767 -0.192567 0.6181 0.6181 0.6181
v -0.272816 0.144628 -0.192627 0.6181 0.6181 0.6181
v -0.272037 0.146903 -0.194328 0.6181 0.6181 0.6181
v -0.270867 0.145540 -0.192689 0.6181 0.6181 0.6181
v -0.271264 0.145821 -0.193324 0.6181 0.6181 0.6181
v -0.272414 0.145579 -0.193588 0.6181 0.6181 0.6181
v -0.270560 0.146732 -0.193617 0.6181 0.6181 0.6181
v -0.267494 0.174673 -0.187550 0.6181 0.6181 0.6181
v -0.267494 0.174673 -0.190370 0.6181 0.6181 0.6181
v -0.269862 0.176808 -0.188960 0.6181 0.6181 0.6181
v -0.267210 0.174902 -0.188960 0.6181 0.6181 0.6181
v -0.267983 0.175673 -0.188960 0.6181 0.6181 0.6181
v -0.268527 0.175899 -0.189779 0.6181 0.6181 0.6181
v -0.268527 0.175899 -0.188141 0.6181 0.6181 0.6181
v -0.261002 0.166604 -0.187552 0.6591 0.6591 0.6591
v -0.261002 0.166604 -0.190368 0.7721 0.7721 0.7721
v -0.260534 0.166604 -0.188960 0.7118 0.7118 0.7118
v -0.261002 0.154836 -0.187552 0.6181 0.6181 0.6181
v -0.261002 0.154836 -0.190368 0.7118 0.7118 0.7118
v -0.260534 0.154836 -0.188960 0.7118 0.7118 0.7118
v -0.267494 0.146767 -0.187550 0.6181 0.6181 0.6181
v -0.269862 0.144632 -0.188960 0.6181 0.6181 0.6181
v -0.267494 0.146767 -0.190370 0.6181 0.6181 0.6181
v -0.268527 0.145541 -0.188141 0.6181 0.6181 0.6181
v -0.267983 0.145767 -0.188960 0.6181 0.6181 0.6181
v -0.268527 0.145541 -0.189779 0.6181 0.6181 0.6181
v -0.267210 0.146538 -0.188960 0.6181 0.6181 0.6181
v -0.272037 0.174537 -0.183592 0.6875 0.6875 0.6875
v -0.269258 0.174673 -0.185353 0.6181 0.6181 0.6181
v -0.272816 0.176812 -0.185293 0.6181 0.6181 0.6181
v -0.270560 0.174708 -0.184303 0.6181 0.6181 0.6181
v -0.271264 0.175619 -0.184596 0.6181 0.6181 0.6181
v -0.270867 0.175900 -0.185231 0.6181 0.6181 0.6181
v -0.272414 0.175861 -0.184332 0.6875 0.6875 0.6875
v -0.267522 0.166604 -0.181263 0.6181 0.6181 0.6181
v -0.264668 0.166604 -0.182984 0.6181 0.6181 0.6181
v -0.265949 0.166604 -0.181925 0.6181 0.6181 0.6181
v -0.267522 0.154836 -0.181263 0.6181 0.6181 0.6181
v -0.264668 0.154836 -0.182984 0.6181 0.6181 0.6181
v -0.265949 0.154836 -0.181925 0.6181 0.6181 0.6181
v -0.272037 0.146903 -0.183592 0.6181 0.6181 0.6181
v -0.272816 0.144628 -0.185293 0.6181 0.6181 0.6181
v -0.269258 0.146767 -0.185353 0.6181 0.6181 0.6181
v -0.272414 0.145579 -0.184332 0.6181 0.6181 0.6181
v -0.271264 0.145821 -0.184596 0.6181 0.6181 0.6181
v -0.270867 0.145540 -0.185231 0.6181 0.6181 0.6181
v -0.270560 0.146732 -0.184303 0.6181 0.6181 0.6181
v -0.279920 0.176818 -0.183786 0.7118 0.7118 0.7118
v -0.279920 0.174537 -0.181906 0.6591 0.6591 0.6591
v -0.279920 0.175862 -0.182730 0.6875 0.6875 0.6875
v -0.279920 0.146903 -0.181906 0.6591 0.6591 0.6591
v -0.279920 0.144622 -0.183786 0.6591 0.6591 0.6591
v -0.279920 0.145578 -0.182730 0.6591 0.6591 0.6591
v -0.248412 0.139617 -0.215721 0.6181 0.6181 0.6181
v -0.250000 0.142406 -0.216842 0.6181 0.6181 0.6181
v -0.251588 0.139617 -0.215721 0.6181 0.6181 0.6181
v -0.249130 0.141129 -0.216097 0.6181 0.6181 0.6181
v -0.250000 0.140785 -0.215807 0.6181 0.6181 0.6181
v -0.250870 0.141129 -0.216097 0.6181 0.6181 0.6181
v -0.250000 0.139674 -0.215462 0.6181 0.6181 0.6181
v -0.251588 0.132160 -0.214095 0.6181 0.6181 0.6181
v -0.248412 0.132160 -0.214095 0.6181 0.6181 0.6181
v -0.250000 0.132160 -0.213824 0.6181 0.6181 0.6181
v -0.248412 0.124703 -0.215721 0.6181 0.6181 0.6181
v -0.251588 0.124703 -0.215721 0.6181 0.6181 0.6181
v -0.250000 0.121914 -0.216842 0.6181 0.6181 0.6181
v -0.250000 0.124646 -0.215462 0.6181 0.6181 0.6181
v -0.250000 0.123535 -0.215807 0.6181 0.6181 0.6181
v -0.250870 0.123191 -0.216097 0.6181 0.6181 0.6181
v -0.249130 0.123191 -0.216097 0.6181 0.6181 0.6181
v -0.256267 0.139640 -0.219377 0.6181 0.6181 0.6181
v -0.254660 0.139617 -0.216987 0.6181 0.6181 0.6181
v -0.252126 0.142406 -0.217719 0.6181 0.6181 0.6181
v -0.254394 0.142228 -0.220240 0.6181 0.6181 0.6181
v -0.255770 0.139733 -0.217975 0.6181 0.6181 0.6181
v -0.254909 0.141146 -0.218288 0.6181 0.6181 0.6181
v -0.253469 0.141129 -0.217168 0.6181 0.6181 0.6181
v -0.253360 0.142520 -0.218903 0.6181 0.6181 0.6181
v -0.255537 0.141084 -0.219809 0.6181 0.6181 0.6181
v -0.258245 0.132160 -0.218562 0.6181 0.6181 0.6181
v -0.256631 0.132160 -0.216174 0.6181 0.6181 0.6181
v -0.257772 0.132160 -0.217149 0.6181 0.6181 0.6181
v -0.256267 0.124680 -0.219377 0.6181 0.6181 0.6181
v -0.254394 0.122092 -0.220240 0.6181 0.6181 0.6181
v -0.252126 0.121914 -0.217719 0.6181 0.6181 0.6181
v -0.254660 0.124703 -0.216987 0.6181 0.6181 0.6181
v -0.255537 0.123236 -0.219809 0.6181 0.6181 0.6181
v -0.254909 0.123174 -0.218288 0.6181 0.6181 0.6181
v -0.253360 0.121800 -0.218903 0.6181 0.6181 0.6181
v -0.253469 0.123191 -0.217168 0.6181 0.6181 0.6181
v -0.255770 0.124587 -0.217975 0.6181 0.6181 0.6181
v -0.254660 0.139617 -0.223493 0.6181 0.6181 0.6181
v -0.256267 0.139640 -0.221103 0.6181 0.6181 0.6181
v -0.254394 0.142228 -0.220240 0.6181 0.6181 0.6181
v -0.252126 0.142406 -0.222761 0.6181 0.6181 0.6181
v -0.255770 0.139733 -0.222505 0.6181 0.6181 0.6181
v -0.254909 0.141146 -0.222192 0.6181 0.6181 0.6181
v -0.255537 0.141084 -0.220671 0.6181 0.6181 0.6181
v -0.253360 0.142520 -0.221577 0.6181 0.6181 0.6181
v -0.253469 0.141129 -0.223312 0.6181 0.6181 0.6181
v -0.256631 0.132160 -0.224306 0.6181 0.6181 0.6181
v -0.258245 0.132160 -0.221918 0.6181 0.6181 0.6181
v -0.257772 0.132160 -0.223331 0.6181 0.6181 0.6181
v -0.254660 0.124703 -0.223493 0.6181 0.6181 0.6181
v -0.252126 0.121914 -0.222761 0.6181 0.6181 0.6181
v -0.254394 0.122092 -0.220240 0.6181 0.6181 0.6181
v -0.256267 0.124680 -0.221103 0.6181 0.6181 0.6181
v -0.253469 0.123191 -0.223312 0.6181 0.6181 0.6181
v -0.254909 0.123174 -0.222192 0.6181 0.6181 0.6181
v -0.253360 0.121800 -0.221577 0.6181 0.6181 0.6181
v -0.255537 0.123236 -0.220671 0.6181 0.6181 0.6181
v -0.255770 0.124587 -0.222505 0.6181 0.6181 0.6181
v -0.248412 0.139617 -0.224759 0.6181 0.6181 0.6181
v -0.251588 0.139617 -0.224759 0.6181 0.6181 0.6181
v -0.250000 0.142406 -0.223638 0.6181 0.6181 0.6181
v -0.250000 0.139674 -0.225018 0.6181 0.6181 0.6181
v -0.250000 0.140785 -0.224673 0.6181 0.6181 0.6181
v -0.250870 0.141129 -0.224383 0.6181 0.6181 0.6181
v -0.249130 0.141129 -0.224383 0.6181 0.6181 0.6181
v -0.248412 0.132160 -0.226385 0.6181 0.6181 0.6181
v -0.251588 0.132160 -0.226385 0.6181 0.6181 0.6181
v -0.250000 0.132160 -0.226656 0.6181 0.6181 0.6181
v -0.248412 0.124703 -0.224759 0.6181 0.6181 0.6181
v -0.250000 0.121914 -0.223638 0.6181 0.6181 0.6181
v -0.251588 0.124703 -0.224759 0.6181 0.6181 0.6181
v -0.249130 0.123191 -0.224383 0.6181 0.6181 0.6181
v -0.250000 0.123535 -0.224673 0.6181 0.6181 0.6181
v -0.250870 0.123191 -0.224383 0.6181 0.6181 0.6181
v -0.250000 0.124646 -0.225018 0.6181 0.6181 0.6181
v -0.254394 0.122092 -0.220240 0.6181 0.6181 0.6181
v -0.250000 0.120534 -0.221885 0.6181 0.6181 0.6181
v -0.245606 0.122092 -0.220240 0.6181 0.6181 0.6181
v -0.250000 0.120534 -0.218595 0.6181 0.6181 0.6181
v -0.252297 0.121110 -0.221138 0.6181 0.6181 0.6181
v -0.250000 0.120560 -0.220240 0.6181 0.6181 0.6181
v -0.247703 0.121110 -0.221138 0.6181 0.6181 0.6181
v -0.247703 0.121110 -0.219342 0.6181 0.6181 0.6181
v -0.252297 0.121110 -0.219342 0.6181 0.6181 0.6181
v -0.245606 0.142228 -0.220240 0.6181 0.6181 0.6181
v -0.250000 0.143786 -0.221885 0.6181 0.6181 0.6181
v -0.254394 0.142228 -0.220240 0.6181 0.6181 0.6181
v -0.250000 0.143786 -0.218595 0.6181 0.6181 0.6181
v -0.247703 0.143210 -0.221138 0.6181 0.6181 0.6181
v -0.250000 0.143760 -0.220240 0.6181 0.6181 0.6181
v -0.252297 0.143210 -0.221138 0.6181 0.6181 0.6181
v -0.252297 0.143210 -0.219342 0.6181 0.6181 0.6181
v -0.247703 0.143210 -0.219342 0.6181 0.6181 0.6181
v -0.245606 0.142228 -0.220240 0.6181 0.6181 0.6181
v -0.243733 0.139640 -0.221103 0.6181 0.6181 0.6181
v -0.245341 0.139617 -0.223493 0.6181 0.6181 0.6181
v -0.247874 0.142406 -0.222761 0.6181 0.6181 0.6181
v -0.244463 0.141084 -0.220671 0.6181 0.6181 0.6181
v -0.245091 0.141146 -0.222192 0.6181 0.6181 0.6181
v -0.244230 0.139733 -0.222505 0.6181 0.6181 0.6181
v -0.246531 0.141129 -0.223312 0.6181 0.6181 0.6181
v -0.246640 0.142520 -0.221577 0.6181 0.6181 0.6181
v -0.241755 0.132160 -0.221918 0.6181 0.6181 0.6181
v -0.243369 0.132160 -0.224306 0.6181 0.6181 0.6181
v -0.242228 0.132160 -0.223331 0.6181 0.6181 0.6181
v -0.243733 0.124680 -0.221103 0.6181 0.6181 0.6181
v -0.245606 0.122092 -0.220240 0.6181 0.6181 0.6181
v -0.247874 0.121914 -0.222761 0.6181 0.6181 0.6181
v -0.245341 0.124703 -0.223493 0.6181 0.6181 0.6181
v -0.244463 0.123236 -0.220671 0.6181 0.6181 0.6181
v -0.245091 0.123174 -0.222192 0.6181 0.6181 0.6181
v -0.246640 0.121800 -0.221577 0.6181 0.6181 0.6181
v -0.246531 0.123191 -0.223312 0.6181 0.6181 0.6181
v -0.244230 0.124587 -0.222505 0.6181 0.6181 0.6181
v -0.245341 0.139617 -0.216987 0.6181 0.6181 0.6181
v -0.243733 0.139640 -0.219377 0.6181 0.6181 0.6181
v -0.245606 0.142228 -0.220240 0.6181 0.6181 0.6181
v -0.247874 0.142406 -0.217719 0.6181 0.6181 0.6181
v -0.244230 0.139733 -0.217975 0.6181 0.6181 0.6181
v -0.245091 0.141146 -0.218288 0.6181 0.6181 0.6181
v -0.244463 0.141084 -0.219809 0.6181 0.6181 0.6181
v -0.246640 0.142520 -0.218903 0.6181 0.6181 0.6181
v -0.246531 0.141129 -0.217168 0.6181 0.6181 0.6181
v -0.243369 0.132160 -0.216174 0.6181 0.6181 0.6181
v -0.241755 0.132160 -0.218562 0.6181 0.6181 0.6181
v -0.242228 0.132160 -0.217149 0.6181 0.6181 0.6181
v -0.245341 0.124703 -0.216987 0.6181 0.6181 0.6181
v -0.247874 0.121914 -0.217719 0.6181 0.6181 0.6181
v -0.245606 0.122092 -0.220240 0.6181 0.6181 0.6181
v -0.243733 0.124680 -0.219377 0.6181 0.6181 0.6181
v -0.246531 0.123191 -0.217168 0.6181 0.6181 0.6181
v -0.245091 0.123174 -0.218288 0.6181 0.6181 0.6181
v -0.246640 0.121800 -0.218903 0.6181 0.6181 0.6181
v -0.244463 0.123236 -0.219809 0.6181 0.6181 0.6181
v -0.244230 0.124587 -0.217975 0.6181 0.6181 0.6181
v -0.216154 0.096800 -0.201559 0.6181 0.6181 0.6181
v -0.215008 0.098512 -0.202831 0.6181 0.6181 0.6181
v -0.214881 0.098512 -0.200413 0.6181 0.6181 0.6181
v -0.215343 0.097302 -0.202459 0.6181 0.6181 0.6181
v -0.214757 0.097524 -0.201632 0.6181 0.6181 0.6181
v -0.214444 0.098512 -0.201649 0.6181 0.6181 0.6181
v -0.215254 0.097302 -0.200749 0.6181 0.6181 0.6181
v -0.215008 0.108688 -0.202831 0.6181 0.6181 0.6181
v -0.216154 0.110400 -0.201559 0.6181 0.6181 0.6181
v -0.214881 0.108688 -0.200413 0.6181 0.6181 0.6181
v -0.215343 0.109898 -0.202459 0.6181 0.6181 0.6181
v -0.214757 0.109676 -0.201632 0.6181 0.6181 0.6181
v -0.215254 0.109898 -0.200749 0.6181 0.6181 0.6181
v -0.214444 0.108688 -0.201649 0.6181 0.6181 0.6181
v -0.243438 0.096800 -0.171257 0.6181 0.6181 0.6181
v -0.242165 0.098512 -0.170111 0.6181 0.6181 0.6181
v -0.244583 0.098512 -0.169984 0.6181 0.6181 0.6181
v -0.242538 0.097302 -0.170447 0.6181 0.6181 0.6181
v -0.243364 0.097524 -0.169861 0.6181 0.6181 0.6181
v -0.243348 0.098512 -0.169547 0.6181 0.6181 0.6181
v -0.244248 0.097302 -0.170357 0.6181 0.6181 0.6181
v -0.243438 0.110400 -0.171257 0.6181 0.6181 0.6181
v -0.244583 0.108688 -0.169984 0.6181 0.6181 0.6181
v -0.242165 0.108688 -0.170111 0.6181 0.6181 0.6181
v -0.244248 0.109898 -0.170357 0.6181 0.6181 0.6181
v -0.243364 0.109676 -0.169861 0.6181 0.6181 0.6181
v -0.243348 0.108688 -0.169547 0.6181 0.6181 0.6181
v -0.242538 0.109898 -0.170447 0.6181 0.6181 0.6181
v -0.256562 0.096800 -0.237943 0.6181 0.6181 0.6181
v -0.257835 0.098512 -0.239089 0.6181 0.6181 0.6181
v -0.255417 0.098512 -0.239216 0.6181 0.6181 0.6181
v -0.257462 0.097302 -0.238753 0.6181 0.6181 0.6181
v -0.256636 0.097524 -0.239339 0.6181 0.6181 0.6181
v -0.256652 0.098512 -0.239653 0.6181 0.6181 0.6181
v -0.255752 0.097302 -0.238843 0.6181 0.6181 0.6181
v -0.256562 0.110400 -0.237943 0.6181 0.6181 0.6181
v -0.255417 0.108688 -0.239216 0.6181 0.6181 0.6181
v -0.257835 0.108688 -0.239089 0.6181 0.6181 0.6181
v -0.255752 0.109898 -0.238843 0.6181 0.6181 0.6181
v -0.256636 0.109676 -0.239339 0.6181 0.6181 0.6181
v -0.256652 0.108688 -0.239653 0.6181 0.6181 0.6181
v -0.257462 0.109898 -0.238753 0.6181 0.6181 0.6181
v -0.283846 0.096800 -0.207641 0.6181 0.6181 0.6181
v -0.284992 0.098512 -0.206369 0.6181 0.6181 0.6181
v -0.285119 0.098512 -0.208787 0.6181 0.6181 0.6181
v -0.284657 0.097302 -0.206741 0.6181 0.6181 0.6181
v -0.285243 0.097524 -0.207568 0.6181 0.6181 0.6181
v -0.285556 0.098512 -0.207551 0.6181 0.6181 0.6181
v -0.284746 0.097302 -0.208451 0.6181 0.6181 0.6181
v -0.283846 0.110400 -0.207641 0.6181 0.6181 0.6181
v -0.285119 0.108688 -0.208787 0.6181 0.6181 0.6181
v -0.284992 0.108688 -0.206369 0.6181 0.6181 0.6181
v -0.284746 0.109898 -0.208451 0.6181 0.6181 0.6181
v -0.285243 0.109676 -0.207568 0.6181 0.6181 0.6181
v -0.285556 0.108688 -0.207551 0.6181 0.6181 0.6181
v -0.284657 0.109898 -0.206741 0.6181 0.6181 0.6181
v -0.204401 0.080480 -0.186590 0.6181 0.6181 0.6181
v -0.203255 0.082192 -0.187862 0.6181 0.6181 0.6181
v -0.203128 0.082192 -0.185444 0.6181 0.6181 0.6181
v -0.203591 0.080982 -0.187490 0.6181 0.6181 0.6181
v -0.203005 0.081204 -0.186663 0.6181 0.6181 0.6181
v -0.202691 0.082192 -0.186679 0.6181 0.6181 0.6181
v -0.203501 0.080982 -0.185780 0.6181 0.6181 0.6181
v -0.203255 0.097808 -0.187862 0.6181 0.6181 0.6181
v -0.204401 0.099520 -0.186590 0.6181 0.6181 0.6181
v -0.203128 0.097808 -0.185444 0.6181 0.6181 0.6181
v -0.203591 0.099018 -0.187490 0.6181 0.6181 0.6181
v -0.203005 0.098796 -0.186663 0.6181 0.6181 0.6181
v -0.203501 0.099018 -0.185780 0.6181 0.6181 0.6181
v -0.202691 0.097808 -0.186679 0.6181 0.6181 0.6181
v -0.247610 0.080480 -0.138601 0.6181 0.6181 0.6181
v -0.246338 0.082192 -0.137455 0.6181 0.6181 0.6181
v -0.248756 0.082192 -0.137328 0.6181 0.6181 0.6181
v -0.246710 0.080982 -0.137791 0.6181 0.6181 0.6181
v -0.247537 0.081204 -0.137205 0.6181 0.6181 0.6181
v -0.247521 0.082192 -0.136891 0.6181 0.6181 0.6181
v -0.248420 0.080982 -0.137701 0.6181 0.6181 0.6181
v -0.247610 0.099520 -0.138601 0.6181 0.6181 0.6181
v -0.248756 0.097808 -0.137328 0.6181 0.6181 0.6181
v -0.246338 0.097808 -0.137455 0.6181 0.6181 0.6181
v -0.248420 0.099018 -0.137701 0.6181 0.6181 0.6181
v -0.247537 0.098796 -0.137205 0.6181 0.6181 0.6181
v -0.247521 0.097808 -0.136891 0.6181 0.6181 0.6181
v -0.246710 0.099018 -0.137791 0.6181 0.6181 0.6181
v -0.252390 0.080480 -0.229799 0.6181 0.6181 0.6181
v -0.253662 0.082192 -0.230945 0.6181 0.6181 0.6181
v -0.251244 0.082192 -0.231072 0.6181 0.6181 0.6181
v -0.253290 0.080982 -0.230609 0.6181 0.6181 0.6181
v -0.252463 0.081204 -0.231195 0.6181 0.6181 0.6181
v -0.252479 0.082192 -0.231509 0.6181 0.6181 0.6181
v -0.251580 0.080982 -0.230699 0.6181 0.6181 0.6181
v -0.252390 0.099520 -0.229799 0.6181 0.6181 0.6181
v -0.251244 0.097808 -0.231072 0.6181 0.6181 0.6181
v -0.253662 0.097808 -0.230945 0.6181 0.6181 0.6181
v -0.251580 0.099018 -0.230699 0.6181 0.6181 0.6181
v -0.252463 0.098796 -0.231195 0.6181 0.6181 0.6181
v -0.252479 0.097808 -0.231509 0.6181 0.6181 0.6181
v -0.253290 0.099018 -0.230609 0.6181 0.6181 0.6181
v -0.295599 0.080480 -0.181810 0.6181 0.6181 0.6181
v -0.296745 0.082192 -0.180538 0.6181 0.6181 0.6181
v -0.296872 0.082192 -0.182956 0.6181 0.6181 0.6181
v -0.296409 0.080982 -0.180910 0.6181 0.6181 0.6181
v -0.296995 0.081204 -0.181737 0.6181 0.6181 0.6181
v -0.297309 0.082192 -0.181721 0.6181 0.6181 0.6181
v -0.296499 0.080982 -0.182620 0.6181 0.6181 0.6181
v -0.295599 0.099520 -0.181810 0.6181 0.6181 0.6181
v -0.296872 0.097808 -0.182956 0.6181 0.6181 0.6181
v -0.296745 0.097808 -0.180538 0.6181 0.6181 0.6181
v -0.296499 0.099018 -0.182620 0.6181 0.6181 0.6181
v -0.296995 0.098796 -0.181737 0.6181 0.6181 0.6181
v -0.297309 0.097808 -0.181721 0.6181 0.6181 0.6181
v -0.296409 0.099018 -0.180910 0.6181 0.6181 0.6181
v 0.429273 0.409859 -0.173529 0.9029 0.9029 0.9029
v 0.429221 0.411570 -0.175242 0.9700 0.9700 0.9700
v 0.431049 0.411500 -0.173655 0.9902 0.9902 0.9902
v 0.429207 0.410360 -0.174738 0.9488 0.9488 0.9488
v 0.430217 0.410541 -0.174587 0.9802 0.9802 0.9802
v 0.430463 0.411520 -0.174828 0.9902 0.9902 0.9902
v 0.430500 0.410310 -0.173616 0.9595 0.9595 0.9595
v 0.445336 0.807816 -0.176389 1.0000 1.0000 1.0000
v 0.445527 0.809527 -0.174686 0.9902 0.9902 0.9902
v 0.447164 0.807746 -0.174802 1.0000 1.0000 1.0000
v 0.445420 0.809026 -0.175892 0.9902 0.9902 0.9902
v 0.446412 0.808763 -0.175740 1.0000 1.0000 1.0000
v 0.446713 0.808976 -0.174770 1.0000 1.0000 1.0000
v 0.446578 0.807766 -0.175974 1.0000 1.0000 1.0000
v 0.430591 0.409859 -0.155000 0.9029 0.9029 0.9029
v 0.432367 0.411500 -0.155127 0.9802 0.9802 0.9802
v 0.430782 0.411570 -0.153297 0.9488 0.9488 0.9488
v 0.431818 0.410310 -0.155088 0.9488 0.9488 0.9488
v 0.431676 0.410541 -0.154087 0.9488 0.9488 0.9488
v 0.431953 0.411520 -0.153884 0.9595 0.9595 0.9595
v 0.430698 0.410360 -0.153794 0.9148 0.9148 0.9148
v 0.446845 0.809527 -0.156157 0.9902 0.9902 0.9902
v 0.446897 0.807816 -0.154444 0.9700 0.9700 0.9700
v 0.448482 0.807746 -0.156274 1.0000 1.0000 1.0000
v 0.446911 0.809026 -0.154948 0.9802 0.9802 0.9802
v 0.447871 0.808763 -0.155239 1.0000 1.0000 1.0000
v 0.448068 0.807766 -0.155030 0.9902 0.9902 0.9902
v 0.448031 0.808976 -0.156242 1.0000 1.0000 1.0000
v 0.293155 0.415422 -0.163843 0.8365 0.8365 0.8365
v 0.291518 0.417203 -0.163726 0.8777 0.8777 0.8777
v 0.293103 0.417133 -0.165556 0.9029 0.9029 0.9029
v 0.291969 0.415973 -0.163758 0.8645 0.8645 0.8645
v 0.292129 0.416186 -0.164761 0.8777 0.8777 0.8777
v 0.291932 0.417183 -0.164970 0.9148 0.9148 0.9148
v 0.293089 0.415923 -0.165052 0.8777 0.8777 0.8777
v 0.309409 0.815090 -0.165000 0.6181 0.6181 0.6181
v 0.309218 0.813379 -0.166703 0.9700 0.9700 0.9700
v 0.307633 0.813449 -0.164873 0.6181 0.6181 0.6181
v 0.309303 0.814589 -0.166206 0.9700 0.9700 0.9700
v 0.308324 0.814408 -0.165913 0.8645 0.8645 0.8645
v 0.308047 0.813429 -0.166116 0.9265 0.9265 0.9265
v 0.308182 0.814639 -0.164912 0.6181 0.6181 0.6181
v 0.294473 0.415422 -0.145314 0.8060 0.8060 0.8060
v 0.294665 0.417133 -0.143611 0.8905 0.8905 0.8905
v 0.292836 0.417203 -0.145198 0.8365 0.8365 0.8365
v 0.294580 0.415923 -0.144108 0.8508 0.8508 0.8508
v 0.293588 0.416186 -0.144260 0.8508 0.8508 0.8508
v 0.293422 0.417183 -0.144026 0.8645 0.8645 0.8645
v 0.293287 0.415973 -0.145230 0.8508 0.8508 0.8508
v 0.310727 0.815090 -0.146471 0.6181 0.6181 0.6181
v 0.308951 0.813449 -0.146345 0.6181 0.6181 0.6181
v 0.310779 0.813379 -0.144758 0.6181 0.6181 0.6181
v 0.309500 0.814639 -0.146384 0.6181 0.6181 0.6181
v 0.309783 0.814408 -0.145413 0.6181 0.6181 0.6181
v 0.309537 0.813429 -0.145172 0.6181 0.6181 0.6181
v 0.310793 0.814589 -0.145262 0.6181 0.6181 0.6181
v 0.366809 0.268475 -0.168546 0.6181 0.6181 0.6181
v 0.366793 0.270187 -0.170258 0.6181 0.6181 0.6181
v 0.368521 0.270187 -0.168562 0.6181 0.6181 0.6181
v 0.366798 0.268976 -0.169756 0.6181 0.6181 0.6181
v 0.367788 0.269198 -0.169543 0.6181 0.6181 0.6181
v 0.368009 0.270187 -0.169768 0.6181 0.6181 0.6181
v 0.368020 0.268976 -0.168557 0.6181 0.6181 0.6181
v 0.366793 0.426762 -0.170258 0.6181 0.6181 0.6181
v 0.366809 0.428475 -0.168546 0.6181 0.6181 0.6181
v 0.368521 0.426762 -0.168562 0.6181 0.6181 0.6181
v 0.366798 0.427973 -0.169756 0.6181 0.6181 0.6181
v 0.367788 0.427751 -0.169543 0.6181 0.6181 0.6181
v 0.368020 0.427973 -0.168557 0.6181 0.6181 0.6181
v 0.368009 0.426762 -0.169768 0.6181 0.6181 0.6181
v 0.366964 0.268475 -0.151971 0.6181 0.6181 0.6181
v 0.368676 0.270187 -0.151987 0.6181 0.6181 0.6181
v 0.366980 0.270187 -0.150259 0.6181 0.6181 0.6181
v 0.368174 0.268976 -0.151982 0.6181 0.6181 0.6181
v 0.367962 0.269198 -0.150992 0.6181 0.6181 0.6181
v 0.368186 0.270187 -0.150771 0.6181 0.6181 0.6181
v 0.366975 0.268976 -0.150760 0.6181 0.6181 0.6181
v 0.366964 0.428475 -0.151971 0.6181 0.6181 0.6181
v 0.366980 0.426762 -0.150259 0.6181 0.6181 0.6181
v 0.368676 0.426762 -0.151987 0.6181 0.6181 0.6181
v 0.366975 0.427973 -0.150760 0.6181 0.6181 0.6181
v 0.367962 0.427751 -0.150992 0.6181 0.6181 0.6181
v 0.368186 0.426762 -0.150771 0.6181 0.6181 0.6181
v 0.368174 0.427973 -0.151982 0.6181 0.6181 0.6181
v 0.311436 0.268475 -0.168029 0.7721 0.7721 0.7721
v 0.309724 0.270187 -0.168013 0.8777 0.8777 0.8777
v 0.311420 0.270187 -0.169741 0.8905 0.8905 0.8905
v 0.310225 0.268976 -0.168018 0.8060 0.8060 0.8060
v 0.310438 0.269198 -0.169008 0.8905 0.8905 0.8905
v 0.310214 0.270187 -0.169229 0.9029 0.9029 0.9029
v 0.311425 0.268976 -0.169240 0.8777 0.8777 0.8777
v 0.311436 0.428475 -0.168029 0.8508 0.8508 0.8508
v 0.311420 0.426762 -0.169741 0.9265 0.9265 0.9265
v 0.309724 0.426762 -0.168013 0.8645 0.8645 0.8645
v 0.311425 0.427973 -0.169240 0.9148 0.9148 0.9148
v 0.310438 0.427751 -0.169008 0.9148 0.9148 0.9148
v 0.310214 0.426762 -0.169229 0.9265 0.9265 0.9265
v 0.310225 0.427973 -0.168018 0.9148 0.9148 0.9148
v 0.311591 0.268475 -0.151454 0.7721 0.7721 0.7721
v 0.311607 0.270187 -0.149742 0.8508 0.8508 0.8508
v 0.309879 0.270187 -0.151438 0.8365 0.8365 0.8365
v 0.311602 0.268976 -0.150244 0.8060 0.8060 0.8060
v 0.310611 0.269198 -0.150457 0.8216 0.8216 0.8216
v 0.310391 0.270187 -0.150232 0.8216 0.8216 0.8216
v 0.310380 0.268976 -0.151443 0.8060 0.8060 0.8060
v 0.311591 0.428475 -0.151454 0.6181 0.6181 0.6181
v 0.309879 0.426762 -0.151438 0.6181 0.6181 0.6181
v 0.311607 0.426762 -0.149742 0.8905 0.8905 0.8905
v 0.310380 0.427973 -0.151443 0.6181 0.6181 0.6181
v 0.310611 0.427751 -0.150457 0.6181 0.6181 0.6181
v 0.310391 0.426762 -0.150232 0.6181 0.6181 0.6181
v 0.311602 0.427973 -0.150244 0.6181 0.6181 0.6181
v -0.317842 0.532404 -0.133619 0.8508 0.8508 0.8508
v -0.317980 0.534116 -0.135326 0.9378 0.9378 0.9378
v -0.316133 0.534114 -0.133760 0.8777 0.8777 0.8777
v -0.317941 0.532905 -0.134826 0.9148 0.9148 0.9148
v -0.316937 0.533126 -0.134686 0.9029 0.9029 0.9029
v -0.316732 0.534114 -0.134926 0.9148 0.9148 0.9148
v -0.316634 0.532903 -0.133719 0.8508 0.8508 0.8508
v -0.317612 0.810691 -0.135356 0.9378 0.9378 0.9378
v -0.317469 0.812403 -0.133650 0.6181 0.6181 0.6181
v -0.315765 0.810689 -0.133790 0.6181 0.6181 0.6181
v -0.317570 0.811902 -0.134857 0.9148 0.9148 0.9148
v -0.316566 0.811678 -0.134716 0.6181 0.6181 0.6181
v -0.316263 0.811900 -0.133749 0.6181 0.6181 0.6181
v -0.316365 0.810689 -0.134956 0.6181 0.6181 0.6181
v -0.316316 0.532404 -0.115107 0.7118 0.7118 0.7118
v -0.314607 0.534114 -0.115248 0.8216 0.8216 0.8216
v -0.316173 0.534116 -0.113400 0.7721 0.7721 0.7721
v -0.315108 0.532903 -0.115206 0.7721 0.7721 0.7721
v -0.315248 0.533126 -0.114203 0.7895 0.7895 0.7895
v -0.315007 0.534114 -0.114000 0.7895 0.7895 0.7895
v -0.316215 0.532905 -0.113900 0.7118 0.7118 0.7118
v -0.315943 0.812403 -0.115137 0.6181 0.6181 0.6181
v -0.315805 0.810691 -0.113431 0.6181 0.6181 0.6181
v -0.314239 0.810689 -0.115278 0.6181 0.6181 0.6181
v -0.315844 0.811902 -0.113931 0.6181 0.6181 0.6181
v -0.314878 0.811678 -0.114233 0.6181 0.6181 0.6181
v -0.314639 0.810689 -0.114030 0.6181 0.6181 0.6181
v -0.314737 0.811900 -0.115237 0.6181 0.6181 0.6181
v -0.424057 0.532546 -0.124863 0.9265 0.9265 0.9265
v -0.425761 0.534260 -0.124722 1.0000 1.0000 1.0000
v -0.424195 0.534258 -0.126569 0.9802 0.9802 0.9802
v -0.425263 0.533049 -0.124763 0.9700 0.9700 0.9700
v -0.425122 0.533271 -0.125767 0.9700 0.9700 0.9700
v -0.425361 0.534260 -0.125970 1.0000 1.0000 1.0000
v -0.424156 0.533047 -0.126069 0.9595 0.9595 0.9595
v -0.423684 0.812545 -0.124893 0.9902 0.9902 0.9902
v -0.423827 0.810833 -0.126600 0.9902 0.9902 0.9902
v -0.425393 0.810835 -0.124752 1.0000 1.0000 1.0000
v -0.423785 0.812044 -0.126100 1.0000 1.0000 1.0000
v -0.424752 0.811823 -0.125797 1.0000 1.0000 1.0000
v -0.424993 0.810835 -0.126000 1.0000 1.0000 1.0000
v -0.424892 0.812046 -0.124794 1.0000 1.0000 1.0000
v -0.422531 0.532546 -0.106350 0.9488 0.9488 0.9488
v -0.422388 0.534258 -0.104644 0.9265 0.9265 0.9265
v -0.424235 0.534260 -0.106210 1.0000 1.0000 1.0000
v -0.422430 0.533047 -0.105143 0.8905 0.8905 0.8905
v -0.423434 0.533271 -0.105284 0.9488 0.9488 0.9488
v -0.423635 0.534260 -0.105044 0.9378 0.9378 0.9378
v -0.423737 0.533049 -0.106251 0.9802 0.9802 0.9802
v -0.422158 0.812545 -0.106381 0.9802 0.9802 0.9802
v -0.423867 0.810835 -0.106240 1.0000 1.0000 1.0000
v -0.422020 0.810833 -0.104674 0.9700 0.9700 0.9700
v -0.423366 0.812046 -0.106281 1.0000 1.0000 1.0000
v -0.423063 0.811823 -0.105314 0.9902 0.9902 0.9902
v -0.423268 0.810835 -0.105074 0.9802 0.9802 0.9802
v -0.422059 0.812044 -0.105174 0.9802 0.9802 0.9802
v -0.372310 0.431675 -0.126852 0.6181 0.6181 0.6181
v -0.372196 0.433387 -0.128560 0.6181 0.6181 0.6181
v -0.370601 0.433387 -0.126738 0.6181 0.6181 0.6181
v -0.372230 0.432176 -0.128060 0.6181 0.6181 0.6181
v -0.371258 0.432398 -0.127772 0.6181 0.6181 0.6181
v -0.371022 0.433387 -0.127979 0.6181 0.6181 0.6181
v -0.371102 0.432176 -0.126771 0.6181 0.6181 0.6181
v -0.372196 0.541962 -0.128560 0.6181 0.6181 0.6181
v -0.372310 0.543675 -0.126852 0.6181 0.6181 0.6181
v -0.370601 0.541962 -0.126738 0.6181 0.6181 0.6181
v -0.372230 0.543173 -0.128060 0.6181 0.6181 0.6181
v -0.371258 0.542951 -0.127772 0.6181 0.6181 0.6181
v -0.371102 0.543173 -0.126771 0.6181 0.6181 0.6181
v -0.371022 0.541962 -0.127979 0.6181 0.6181 0.6181
v -0.373409 0.431675 -0.110313 0.6181 0.6181 0.6181
v -0.371700 0.433387 -0.110199 0.6181 0.6181 0.6181
v -0.373522 0.433387 -0.108604 0.6181 0.6181 0.6181
v -0.372201 0.432176 -0.110232 0.6181 0.6181 0.6181
v -0.372488 0.432398 -0.109261 0.6181 0.6181 0.6181
v -0.372281 0.433387 -0.109024 0.6181 0.6181 0.6181
v -0.373489 0.432176 -0.109105 0.6181 0.6181 0.6181
v -0.373409 0.543675 -0.110313 0.6181 0.6181 0.6181
v -0.373522 0.541962 -0.108604 0.6181 0.6181 0.6181
v -0.371700 0.541962 -0.110199 0.6181 0.6181 0.6181
v -0.373489 0.543173 -0.109105 0.6181 0.6181 0.6181
v -0.372488 0.542951 -0.109261 0.6181 0.6181 0.6181
v -0.372281 0.541962 -0.109024 0.6181 0.6181 0.6181
v -0.372201 0.543173 -0.110232 0.6181 0.6181 0.6181
v -0.414991 0.431675 -0.129687 0.9029 0.9029 0.9029
v -0.416700 0.433387 -0.129801 1.0000 1.0000 1.0000
v -0.414878 0.433387 -0.131396 0.9700 0.9700 0.9700
v -0.416199 0.432176 -0.129768 0.9488 0.9488 0.9488
v -0.415912 0.432398 -0.130739 0.9595 0.9595 0.9595
v -0.416119 0.433387 -0.130976 1.0000 1.0000 1.0000
v -0.414911 0.432176 -0.130895 0.9595 0.9595 0.9595
v -0.414991 0.543675 -0.129687 0.8777 0.8777 0.8777
v -0.414878 0.541962 -0.131396 0.9488 0.9488 0.9488
v -0.416700 0.541962 -0.129801 0.9802 0.9802 0.9802
v -0.414911 0.543173 -0.130895 0.9595 0.9595 0.9595
v -0.415912 0.542951 -0.130739 0.9802 0.9802 0.9802
v -0.416119 0.541962 -0.130976 0.9902 0.9902 0.9902
v -0.416199 0.543173 -0.129768 0.9802 0.9802 0.9802
v -0.416090 0.431675 -0.113148 0.8777 0.8777 0.8777
v -0.416204 0.433387 -0.111440 0.8645 0.8645 0.8645
v -0.417799 0.433387 -0.113262 0.9802 0.9802 0.9802
v -0.416170 0.432176 -0.111940 0.8365 0.8365 0.8365
v -0.417142 0.432398 -0.112228 0.9148 0.9148 0.9148
v -0.417378 0.433387 -0.112021 0.9265 0.9265 0.9265
v -0.417298 0.432176 -0.113229 0.9488 0.9488 0.9488
v -0.416090 0.543675 -0.113148 0.6181 0.6181 0.6181
v -0.417799 0.541962 -0.113262 0.6181 0.6181 0.6181
v -0.416204 0.541962 -0.111440 0.6181 0.6181 0.6181
v -0.417298 0.543173 -0.113229 0.6181 0.6181 0.6181
v -0.417142 0.542951 -0.112228 0.6181 0.6181 0.6181
v -0.417378 0.541962 -0.112021 0.6181 0.6181 0.6181
v -0.416170 0.543173 -0.111940 0.6181 0.6181 0.6181
v -0.355157 0.005052 0.275157 0.7118 0.7118 0.7118
v -0.354602 0.006976 0.276699 0.9700 0.9700 0.9700
v -0.356699 0.006976 0.274602 0.9029 0.9029 0.9029
v -0.354842 0.005710 0.276325 0.9595 0.9595 0.9595
v -0.355864 0.006032 0.275864 0.9902 0.9902 0.9902
v -0.355933 0.007070 0.275933 0.9595 0.9595 0.9595
v -0.356325 0.005710 0.274842 0.9029 0.9029 0.9029
v -0.255157 0.605052 0.175157 0.6181 0.6181 0.6181
v -0.257255 0.603643 0.175158 0.6181 0.6181 0.6181
v -0.255158 0.603643 0.177255 0.6181 0.6181 0.6181
v -0.256488 0.604734 0.175005 0.6181 0.6181 0.6181
v -0.256099 0.604623 0.176099 0.6181 0.6181 0.6181
v -0.256488 0.603737 0.176488 0.6181 0.6181 0.6181
v -0.255005 0.604734 0.176488 0.6181 0.6181 0.6181
v -0.361065 0.002526 0.254092 0.9148 0.9148 0.9148
v -0.362219 0.004616 0.254922 0.6181 0.6181 0.6181
v -0.361500 0.004027 0.252106 0.6181 0.6181 0.6181
v -0.361943 0.003307 0.254809 0.7536 0.7536 0.7536
v -0.362093 0.003368 0.253654 0.6181 0.6181 0.6181
v -0.362251 0.004368 0.253404 0.6181 0.6181 0.6181
v -0.361435 0.002891 0.252817 0.8060 0.8060 0.8060
v -0.261065 0.602526 0.154092 0.6181 0.6181 0.6181
v -0.262055 0.600693 0.152661 0.6181 0.6181 0.6181
v -0.262774 0.601283 0.155478 0.6181 0.6181 0.6181
v -0.261597 0.601914 0.152980 0.6181 0.6181 0.6181
v -0.262327 0.601959 0.153889 0.6181 0.6181 0.6181
v -0.262806 0.601035 0.153960 0.6181 0.6181 0.6181
v -0.262106 0.602331 0.154972 0.6181 0.6181 0.6181
v -0.345908 -0.002526 0.238935 0.9265 0.9265 0.9265
v -0.347339 -0.000694 0.237945 0.6181 0.6181 0.6181
v -0.344522 -0.001283 0.237226 0.7536 0.7536 0.7536
v -0.347020 -0.001914 0.238402 0.8060 0.8060 0.8060
v -0.346111 -0.001959 0.237672 0.7721 0.7721 0.7721
v -0.346040 -0.001035 0.237194 0.7118 0.7118 0.7118
v -0.345028 -0.002331 0.237894 0.8216 0.8216 0.8216
v -0.245908 0.597474 0.138935 0.6181 0.6181 0.6181
v -0.245078 0.595384 0.137781 0.8508 0.8508 0.8508
v -0.247894 0.595973 0.138500 0.8645 0.8645 0.8645
v -0.245191 0.596693 0.138057 0.8508 0.8508 0.8508
v -0.246346 0.596632 0.137907 0.8508 0.8508 0.8508
v -0.246596 0.595632 0.137749 0.8645 0.8645 0.8645
v -0.247183 0.597109 0.138565 0.8508 0.8508 0.8508
v -0.324843 -0.005052 0.244843 0.9902 0.9902 0.9902
v -0.324842 -0.003643 0.242745 0.8365 0.8365 0.8365
v -0.322745 -0.003643 0.244842 0.8216 0.8216 0.8216
v -0.324995 -0.004734 0.243512 0.9148 0.9148 0.9148
v -0.323901 -0.004623 0.243901 0.9029 0.9029 0.9029
v -0.323512 -0.003737 0.243512 0.8365 0.8365 0.8365
v -0.323512 -0.004734 0.244995 0.9378 0.9378 0.9378
v -0.224843 0.594948 0.144843 0.6181 0.6181 0.6181
v -0.223300 0.593024 0.145398 0.6181 0.6181 0.6181
v -0.225398 0.593024 0.143301 0.6181 0.6181 0.6181
v -0.223675 0.594290 0.145158 0.6181 0.6181 0.6181
v -0.224136 0.593969 0.144136 0.6181 0.6181 0.6181
v -0.224067 0.592930 0.144067 0.6181 0.6181 0.6181
v -0.225158 0.594290 0.143675 0.6181 0.6181 0.6181
v -0.318935 -0.002526 0.265908 0.9902 0.9902 0.9902
v -0.317226 -0.001283 0.264522 0.8508 0.8508 0.8508
v -0.317945 -0.000694 0.267339 0.9148 0.9148 0.9148
v -0.317894 -0.002331 0.265028 0.9378 0.9378 0.9378
v -0.317672 -0.001959 0.266111 0.9265 0.9265 0.9265
v -0.317194 -0.001035 0.266040 0.8905 0.8905 0.8905
v -0.318402 -0.001914 0.267020 0.9265 0.9265 0.9265
v -0.218935 0.597474 0.165908 0.6181 0.6181 0.6181
v -0.218500 0.595973 0.167894 0.6181 0.6181 0.6181
v -0.217781 0.595384 0.165078 0.6181 0.6181 0.6181
v -0.218565 0.597109 0.167183 0.6181 0.6181 0.6181
v -0.217907 0.596632 0.166346 0.6181 0.6181 0.6181
v -0.217749 0.595632 0.166596 0.6181 0.6181 0.6181
v -0.218057 0.596693 0.165191 0.6181 0.6181 0.6181
v -0.334092 0.002526 0.281065 0.9700 0.9700 0.9700
v -0.332106 0.004027 0.281500 0.6181 0.6181 0.6181
v -0.334922 0.004616 0.282219 0.6181 0.6181 0.6181
v -0.332817 0.002891 0.281435 0.9148 0.9148 0.9148
v -0.333654 0.003368 0.282093 0.6181 0.6181 0.6181
v -0.333404 0.004368 0.282251 0.6181 0.6181 0.6181
v -0.334809 0.003307 0.281943 0.7721 0.7721 0.7721
v -0.234092 0.602526 0.181065 0.6181 0.6181 0.6181
v -0.235478 0.601283 0.182774 0.6181 0.6181 0.6181
v -0.232661 0.600693 0.182055 0.6181 0.6181 0.6181
v -0.234972 0.602331 0.182106 0.6181 0.6181 0.6181
v -0.233889 0.601959 0.182328 0.6181 0.6181 0.6181
v -0.233960 0.601035 0.182806 0.6181 0.6181 0.6181
v -0.232980 0.601914 0.181598 0.6181 0.6181 0.6181
v -0.224234 0.526748 0.131459 0.6181 0.6181 0.6181
v -0.224128 0.528394 0.129686 0.6181 0.6181 0.6181
v -0.222162 0.527922 0.131019 0.6181 0.6181 0.6181
v -0.224350 0.527231 0.130246 0.6181 0.6181 0.6181
v -0.223315 0.527172 0.130253 0.6181 0.6181 0.6181
v -0.222885 0.528061 0.129935 0.6181 0.6181 0.6181
v -0.222960 0.526897 0.131189 0.6181 0.6181 0.6181
v -0.173825 0.707742 0.118994 0.9378 0.9378 0.9378
v -0.173007 0.709388 0.120571 0.9378 0.9378 0.9378
v -0.171859 0.707270 0.120327 0.8905 0.8905 0.8905
v -0.173394 0.708906 0.119415 0.9488 0.9488 0.9488
v -0.172478 0.708420 0.119448 0.9488 0.9488 0.9488
v -0.172004 0.708572 0.120358 0.9265 0.9265 0.9265
v -0.172582 0.707408 0.119243 0.9148 0.9148 0.9148
v -0.215590 0.526748 0.172126 0.6181 0.6181 0.6181
v -0.213518 0.527922 0.171686 0.6181 0.6181 0.6181
v -0.214772 0.528394 0.173703 0.6181 0.6181 0.6181
v -0.214316 0.526897 0.171856 0.6181 0.6181 0.6181
v -0.214260 0.527172 0.172854 0.6181 0.6181 0.6181
v -0.213738 0.528061 0.172971 0.6181 0.6181 0.6181
v -0.215203 0.527231 0.173282 0.6181 0.6181 0.6181
v -0.164363 0.709388 0.161238 0.9378 0.9378 0.9378
v -0.164469 0.707742 0.163011 0.9029 0.9029 0.9029
v -0.163215 0.707270 0.160994 0.8508 0.8508 0.8508
v -0.164247 0.708906 0.162451 0.9378 0.9378 0.9378
v -0.163423 0.708420 0.162049 0.8777 0.8777 0.8777
v -0.163435 0.707408 0.162278 0.8905 0.8905 0.8905
v -0.163360 0.708572 0.161025 0.9029 0.9029 0.9029
v -0.305637 0.550612 0.148762 0.7336 0.7336 0.7336
v -0.306785 0.552730 0.149006 0.6181 0.6181 0.6181
v -0.305531 0.552258 0.146989 0.6875 0.6875 0.6875
v -0.306640 0.551428 0.148975 0.6181 0.6181 0.6181
v -0.306577 0.551580 0.147951 0.6181 0.6181 0.6181
v -0.306565 0.552592 0.147722 0.6181 0.6181 0.6181
v -0.305753 0.551094 0.147549 0.7721 0.7721 0.7721
v -0.254410 0.733252 0.137874 0.9378 0.9378 0.9378
v -0.255228 0.731606 0.136297 0.9265 0.9265 0.9265
v -0.256482 0.732078 0.138314 0.9265 0.9265 0.9265
v -0.254797 0.732769 0.136718 0.9378 0.9378 0.9378
v -0.255740 0.732828 0.137146 0.9488 0.9488 0.9488
v -0.256262 0.731939 0.137029 0.9265 0.9265 0.9265
v -0.255684 0.733103 0.138144 0.9378 0.9378 0.9378
v -0.296993 0.550612 0.189429 0.8905 0.8905 0.8905
v -0.296175 0.552258 0.191006 0.8905 0.8905 0.8905
v -0.298141 0.552730 0.189673 0.8905 0.8905 0.8905
v -0.296606 0.551094 0.190585 0.8905 0.8905 0.8905
v -0.297522 0.551580 0.190552 0.8905 0.8905 0.8905
v -0.297418 0.552592 0.190757 0.8905 0.8905 0.8905
v -0.297996 0.551428 0.189642 0.8777 0.8777 0.8777
v -0.245766 0.733252 0.178541 0.9700 0.9700 0.9700
v -0.247838 0.732078 0.178981 0.9902 0.9902 0.9902
v -0.245872 0.731606 0.180314 0.9595 0.9595 0.9595
v -0.247040 0.733103 0.178811 0.9902 0.9902 0.9902
v -0.246685 0.732828 0.179747 0.9802 0.9802 0.9802
v -0.247115 0.731939 0.180065 0.9700 0.9700 0.9700
v -0.245650 0.732769 0.179754 0.9700 0.9700 0.9700
v -0.397613 0.600000 0.228319 0.9902 0.9902 0.9902
v -0.396154 0.598724 0.229089 0.9595 0.9595 0.9595
v -0.396154 0.601276 0.229089 0.9802 0.9802 0.9802
v -0.397324 0.599098 0.229027 0.9802 0.9802 0.9802
v -0.397241 0.600000 0.229497 0.9902 0.9902 0.9902
v -0.396292 0.600000 0.229571 0.9802 0.9802 0.9802
v -0.397324 0.600903 0.229027 1.0000 1.0000 1.0000
v -0.232751 0.600000 0.197570 0.6181 0.6181 0.6181
v -0.234841 0.601276 0.199002 0.6181 0.6181 0.6181
v -0.234841 0.598724 0.199002 0.6181 0.6181 0.6181
v -0.233520 0.600805 0.198539 0.6181 0.6181 0.6181
v -0.233840 0.600000 0.199052 0.6181 0.6181 0.6181
v -0.234754 0.600000 0.199467 0.6181 0.6181 0.6181
v -0.233520 0.599195 0.198539 0.6181 0.6181 0.6181
v -0.372095 0.692578 0.139327 0.9700 0.9700 0.9700
v -0.370895 0.692917 0.140999 0.9902 0.9902 0.9902
v -0.370191 0.692917 0.138545 0.9595 0.9595 0.9595
v -0.371889 0.693179 0.140325 1.0000 1.0000 1.0000
v -0.371439 0.693608 0.139515 0.9700 0.9700 0.9700
v -0.370543 0.693418 0.139772 0.9700 0.9700 0.9700
v -0.371391 0.693179 0.138590 0.9700 0.9700 0.9700
v -0.227905 0.617578 0.180673 0.6181 0.6181 0.6181
v -0.229105 0.619531 0.179001 0.6181 0.6181 0.6181
v -0.229809 0.619531 0.181455 0.6181 0.6181 0.6181
v -0.228138 0.618722 0.179768 0.6181 0.6181 0.6181
v -0.228519 0.619303 0.180497 0.6181 0.6181 0.6181
v -0.229254 0.619954 0.180286 0.6181 0.6181 0.6181
v -0.228582 0.618722 0.181317 0.6181 0.6181 0.6181
v -0.346577 0.600000 0.050335 0.9029 0.9029 0.9029
v -0.344932 0.601276 0.050455 0.8060 0.8060 0.8060
v -0.344932 0.598724 0.050455 0.8216 0.8216 0.8216
v -0.345956 0.600903 0.049888 0.9029 0.9029 0.9029
v -0.345637 0.600000 0.049534 0.8365 0.8365 0.8365
v -0.344793 0.600000 0.049973 0.8216 0.8216 0.8216
v -0.345956 0.599098 0.049888 0.8365 0.8365 0.8365
v -0.223060 0.600000 0.163775 0.6181 0.6181 0.6181
v -0.224074 0.598724 0.161454 0.6181 0.6181 0.6181
v -0.224074 0.601276 0.161454 0.6181 0.6181 0.6181
v -0.223199 0.599195 0.162546 0.6181 0.6181 0.6181
v -0.223198 0.600000 0.161942 0.6181 0.6181 0.6181
v -0.223754 0.600000 0.161105 0.6181 0.6181 0.6181
v -0.223199 0.600805 0.162546 0.6181 0.6181 0.6181
v -0.372095 0.507422 0.139327 0.9488 0.9488 0.9488
v -0.370191 0.507083 0.138545 0.8905 0.8905 0.8905
v -0.370895 0.507083 0.140999 0.9148 0.9148 0.9148
v -0.371391 0.506821 0.138590 0.9029 0.9029 0.9029
v -0.371439 0.506392 0.139515 0.9378 0.9378 0.9378
v -0.370543 0.506582 0.139772 0.9265 0.9265 0.9265
v -0.371889 0.506821 0.140325 0.9700 0.9700 0.9700
v -0.227905 0.582422 0.180673 0.6181 0.6181 0.6181
v -0.229809 0.580469 0.181455 0.6181 0.6181 0.6181
v -0.229105 0.580469 0.179001 0.6181 0.6181 0.6181
v -0.228582 0.581278 0.181317 0.6181 0.6181 0.6181
v -0.228519 0.580697 0.180497 0.6181 0.6181 0.6181
v -0.229254 0.580046 0.180286 0.6181 0.6181 0.6181
v -0.228138 0.581278 0.179768 0.6181 0.6181 0.6181
vn -0.3461 0.8558 0.3844
vn -0.0000 1.0000 -0.0000
vn -0.5022 0.8573 0.1137
vn -0.0000 -1.0000 -0.0000
vn -0.3461 -0.8558 0.3844
vn -0.5022 -0.8573 0.1137
vn -0.8620 -0.0000 0.5069
vn -0.8454 -0.4997 0.1889
vn -0.5806 -0.4971 0.6448
vn -0.5806 0.4971 0.6448
vn -0.8454 0.4997 0.1889
vn -0.4684 -0.8597 -0.2039
vn -0.4684 0.8597 -0.2039
vn -0.2518 0.8596 -0.4445
vn -0.2518 -0.8596 -0.4445
vn 0.0606 0.8573 -0.5113
vn 0.0606 -0.8573 -0.5113
vn 0.5806 -0.4971 -0.6448
vn 0.3461 -0.8558 -0.3844
vn 0.0995 0.4997 -0.8605
vn 0.4140 -0.0000 -0.9103
vn 0.3461 0.8558 -0.3844
vn 0.0995 -0.4997 -0.8605
vn 0.5806 0.4971 -0.6448
vn 0.5022 -0.8573 -0.1137
vn 0.8620 -0.0000 -0.5069
vn 0.8454 0.4997 -0.1889
vn 0.5022 0.8573 -0.1137
vn 0.8454 -0.4997 -0.1889
vn 0.4684 0.8597 0.2039
vn 0.4684 -0.8597 0.2039
vn 0.2518 0.8596 0.4445
vn 0.2518 -0.8596 0.4445
vn -0.0606 0.8573 0.5113
vn -0.0606 -0.8573 0.5113
vn -0.0995 -0.4997 0.8605
vn -0.4140 -0.0000 0.9103
vn -0.0995 0.4997 0.8605
vn -0.2827 0.9063 0.3140
vn -0.4498 0.8926 0.0306
vn -0.2827 -0.9063 0.3140
vn -0.4498 -0.8926 0.0306
vn -0.4289 -0.8733 -0.2311
vn -0.4289 0.8733 -0.2311
vn -0.2747 -0.8733 -0.4024
vn -0.8897 -0.0000 -0.4566
vn -0.4698 -0.5247 -0.7099
vn -0.7551 -0.5247 -0.3930
vn -0.7551 0.5247 -0.3930
vn -0.2747 0.8733 -0.4024
vn -0.4698 0.5247 -0.7099
vn -0.5471 -0.0000 -0.8371
vn -0.0166 -0.8926 -0.4505
vn -0.0166 0.8926 -0.4505
vn 0.2827 0.9063 -0.3140
vn 0.2827 -0.9063 -0.3140
vn 0.4498 0.8926 -0.0306
vn 0.4498 -0.8926 -0.0306
vn 0.4289 0.8733 0.2311
vn 0.4289 -0.8733 0.2311
vn 0.4698 -0.5247 0.7099
vn 0.2747 -0.8733 0.4024
vn 0.8897 -0.0000 0.4566
vn 0.4698 0.5247 0.7099
vn 0.5471 -0.0000 0.8371
vn 0.2747 0.8733 0.4024
vn 0.7551 -0.5247 0.3930
vn 0.7551 0.5247 0.3930
vn 0.0166 0.8926 0.4505
vn 0.0166 -0.8926 0.4505
vn -0.0193 -0.9758 -0.2180
vn 0.0019 -0.9048 -0.4259
vn 0.1630 -0.9348 -0.3154
vn -0.4922 -0.1891 -0.8497
vn -0.3361 -0.3426 -0.8773
vn -0.4997 -0.3861 -0.7754
vn 0.6169 -0.2329 -0.7518
vn 0.4565 -0.3739 -0.8073
vn 0.4505 -0.1875 -0.8729
vn -0.4769 0.1691 -0.8625
vn -0.3084 0.3065 -0.9005
vn -0.2925 0.1156 -0.9493
vn 0.0631 0.9558 -0.2871
vn 0.0775 0.8686 -0.4894
vn -0.1000 0.9062 -0.4109
vn 0.6322 0.1253 -0.7646
vn 0.4842 0.2752 -0.8306
vn 0.6282 0.3276 -0.7057
vn 0.2113 -0.9758 0.0569
vn 0.4197 -0.9048 0.0721
vn 0.3094 -0.9214 0.2353
vn 0.8475 -0.2329 -0.4770
vn 0.8743 -0.3739 -0.3093
vn 0.7718 -0.4294 -0.4690
vn 0.7513 -0.1891 0.6323
vn 0.8056 -0.3426 0.4833
vn 0.8724 -0.1577 0.4627
vn 0.2937 0.9558 -0.0123
vn 0.4954 0.8686 0.0087
vn 0.4169 0.8927 -0.1712
vn 0.7666 0.1691 0.6194
vn 0.8333 0.3065 0.4601
vn 0.7091 0.3709 0.5997
vn 0.8628 0.1253 -0.4898
vn 0.9021 0.2752 -0.3325
vn 0.9495 0.0858 -0.3019
vn -0.2937 -0.9558 0.0123
vn -0.4954 -0.8686 -0.0086
vn -0.3873 -0.9062 -0.1698
vn -0.8628 -0.1253 0.4898
vn -0.9020 -0.2752 0.3326
vn -0.8041 -0.3276 0.4961
vn -0.7666 -0.1691 -0.6194
vn -0.8333 -0.3065 -0.4601
vn -0.8840 -0.1156 -0.4529
vn -0.2113 0.9758 -0.0569
vn -0.4197 0.9048 -0.0721
vn -0.3389 0.9348 0.1058
vn -0.7513 0.1891 -0.6323
vn -0.8056 0.3426 -0.4833
vn -0.6768 0.3861 -0.6268
vn -0.8475 0.2329 0.4770
vn -0.8743 0.3739 0.3094
vn -0.9378 0.1875 0.2921
vn -0.0631 -0.9558 0.2871
vn -0.0775 -0.8686 0.4894
vn -0.2410 -0.8927 0.3808
vn 0.4769 -0.1691 0.8625
vn 0.3084 -0.3065 0.9005
vn 0.4675 -0.3709 0.8024
vn -0.6322 -0.1253 0.7646
vn -0.4841 -0.2752 0.8306
vn -0.4621 -0.0858 0.8826
vn 0.0193 0.9758 0.2180
vn -0.0019 0.9048 0.4259
vn 0.1780 0.9214 0.3455
vn -0.6169 0.2329 0.7518
vn -0.4565 0.3739 0.8073
vn -0.5959 0.4294 0.6786
vn 0.4922 0.1891 0.8497
vn 0.3361 0.3426 0.8773
vn 0.3042 0.1577 0.9395
vn -0.1821 -0.9829 0.0261
vn -0.3738 -0.9251 -0.0668
vn -0.2159 -0.9596 -0.1806
vn -0.9576 -0.2029 0.2045
vn -0.9279 -0.3677 0.0607
vn -0.8838 -0.3946 0.2515
vn -0.5015 -0.3143 -0.8060
vn -0.6021 -0.4473 -0.6614
vn -0.6717 -0.2648 -0.6919
vn -0.9758 0.1522 0.1572
vn -0.9609 0.2758 -0.0251
vn -0.9958 0.0819 -0.0404
vn -0.2801 0.9322 -0.2291
vn -0.4638 0.8332 -0.3011
vn -0.4488 0.8867 -0.1114
vn -0.5197 0.0409 -0.8534
vn -0.6350 0.1963 -0.7472
vn -0.4716 0.2459 -0.8468
vn 0.1528 -0.9829 -0.1024
vn 0.2331 -0.9251 -0.2997
vn 0.3517 -0.9253 -0.1416
vn -0.1666 -0.3143 -0.9346
vn 0.0049 -0.4473 -0.8944
vn -0.1777 -0.5046 -0.8449
vn 0.8485 -0.2029 -0.4888
vn 0.7302 -0.3677 -0.5758
vn 0.7269 -0.1891 -0.6603
vn 0.0548 0.9322 -0.3577
vn 0.1432 0.8332 -0.5341
vn -0.0531 0.8524 -0.5201
vn 0.8303 0.1522 -0.5361
vn 0.6973 0.2759 -0.6616
vn 0.7866 0.3559 -0.5045
vn -0.1848 0.0409 -0.9819
vn -0.0281 0.1963 -0.9801
vn 0.0223 0.0062 -0.9997
vn -0.0548 -0.9322 0.3577
vn -0.1432 -0.8332 0.5341
vn -0.2590 -0.8867 0.3831
vn 0.1848 -0.0409 0.9819
vn 0.0281 -0.1963 0.9801
vn 0.2161 -0.2459 0.9449
vn -0.8303 -0.1522 0.5361
vn -0.6973 -0.2759 0.6616
vn -0.7130 -0.0819 0.6964
vn -0.1528 0.9829 0.1024
vn -0.2331 0.9251 0.2997
vn -0.0396 0.9596 0.2786
vn -0.8485 0.2029 0.4888
vn -0.7302 0.3677 0.5758
vn -0.8250 0.3946 0.4044
vn 0.1666 0.3143 0.9346
vn -0.0048 0.4473 0.8944
vn -0.0361 0.2648 0.9636
vn 0.2801 -0.9322 0.2291
vn 0.4637 -0.8332 0.3011
vn 0.3086 -0.8524 0.4220
vn 0.9758 -0.1522 -0.1572
vn 0.9609 -0.2759 0.0250
vn 0.9222 -0.3559 -0.1515
vn 0.5197 -0.0409 0.8534
vn 0.6350 -0.1963 0.7472
vn 0.6855 -0.0062 0.7280
vn 0.1821 0.9829 -0.0261
vn 0.3738 0.9251 0.0668
vn 0.3561 0.9253 -0.1301
vn 0.5015 0.3143 0.8060
vn 0.6021 0.4473 0.6614
vn 0.4333 0.5046 0.7468
vn 0.9576 0.2029 -0.2045
vn 0.9280 0.3677 -0.0607
vn 0.9820 0.1890 0.0043
vn -0.0210 -0.9834 0.1802
vn -0.1720 -0.9277 0.3313
vn -0.2277 -0.9629 0.1449
vn -0.1156 -0.2050 0.9719
vn -0.2396 -0.3715 0.8970
vn -0.0444 -0.3957 0.9173
vn -0.9210 -0.3272 0.2116
vn -0.8151 -0.4588 0.3537
vn -0.8691 -0.2771 0.4097
vn -0.1711 0.1494 0.9739
vn -0.3403 0.2707 0.9005
vn -0.3636 0.0764 0.9284
vn -0.3207 0.9278 0.1907
vn -0.4472 0.8269 0.3409
vn -0.2637 0.8829 0.3885
vn -0.9765 0.0273 0.2136
vn -0.9158 0.1835 0.3573
vn -0.9575 0.2326 0.1704
vn -0.0335 -0.9834 -0.1783
vn -0.1947 -0.9277 -0.3185
vn -0.0066 -0.9253 -0.3791
vn -0.9335 -0.3272 -0.1469
vn -0.8378 -0.4588 -0.2960
vn -0.8496 -0.5164 -0.1073
vn -0.1831 -0.2050 -0.9615
vn -0.3016 -0.3715 -0.8781
vn -0.3850 -0.1940 -0.9023
vn -0.3332 0.9278 -0.1679
vn -0.4699 0.8269 -0.3089
vn -0.5208 0.8454 -0.1187
vn -0.2387 0.1494 -0.9595
vn -0.4023 0.2707 -0.8746
vn -0.2258 0.3533 -0.9079
vn -0.9891 0.0273 -0.1450
vn -0.9385 0.1835 -0.2925
vn -0.9380 -0.0067 -0.3466
vn 0.3332 -0.9278 0.1679
vn 0.4699 -0.8269 0.3088
vn 0.2902 -0.8829 0.3692
vn 0.9891 -0.0273 0.1449
vn 0.9385 -0.1835 0.2925
vn 0.9671 -0.2326 0.1031
vn 0.2387 -0.1494 0.9595
vn 0.4023 -0.2707 0.8746
vn 0.4274 -0.0764 0.9008
vn 0.0335 0.9834 0.1783
vn 0.1947 0.9277 0.3185
vn 0.2373 0.9629 0.1287
vn 0.1831 0.2050 0.9615
vn 0.3016 0.3715 0.8781
vn 0.1083 0.3957 0.9120
vn 0.9335 0.3272 0.1469
vn 0.8378 0.4588 0.2959
vn 0.8956 0.2771 0.3480
vn 0.3207 -0.9278 -0.1907
vn 0.4472 -0.8269 -0.3409
vn 0.5113 -0.8453 -0.1548
vn 0.1711 -0.1494 -0.9739
vn 0.3403 -0.2707 -0.9005
vn 0.1619 -0.3533 -0.9214
vn 0.9765 -0.0273 -0.2136
vn 0.9158 -0.1834 -0.3573
vn 0.9115 0.0067 -0.4112
vn 0.0210 0.9834 -0.1802
vn 0.1720 0.9277 -0.3313
vn -0.0199 0.9253 -0.3786
vn 0.9210 0.3272 -0.2117
vn 0.8151 0.4588 -0.3538
vn 0.8401 0.5164 -0.1663
vn 0.1156 0.2050 -0.9719
vn 0.2396 0.3715 -0.8970
vn 0.3211 0.1940 -0.9270
vn 0.1591 -0.9829 0.0932
vn 0.2530 -0.9248 0.2843
vn 0.0585 -0.9591 0.2768
vn 0.8804 -0.2027 0.4287
vn 0.7684 -0.3673 0.5241
vn 0.8510 -0.3945 0.3466
vn -0.1012 -0.3127 0.9445
vn 0.0670 -0.4459 0.8926
vn 0.1032 -0.2633 0.9592
vn 0.8658 0.1526 0.4766
vn 0.7419 0.2765 0.6109
vn 0.7599 0.0826 0.6448
vn 0.0801 0.9328 0.3514
vn 0.1805 0.8340 0.5214
vn 0.2855 0.8871 0.3626
vn -0.1158 0.0426 0.9924
vn 0.0405 0.1979 0.9794
vn -0.1496 0.2476 0.9573
vn -0.1840 -0.9829 -0.0117
vn -0.3687 -0.9248 0.0942
vn -0.3648 -0.9253 -0.1034
vn -0.4443 -0.3127 0.8396
vn -0.5547 -0.4459 0.7025
vn -0.3804 -0.5031 0.7760
vn -0.9696 -0.2027 -0.1369
vn -0.9301 -0.3673 0.0048
vn -0.9794 -0.1884 0.0731
vn -0.2630 0.9328 0.2466
vn -0.4412 0.8340 0.3313
vn -0.2780 0.8533 0.4411
vn -0.9843 0.1526 -0.0890
vn -0.9566 0.2765 0.0916
vn -0.9303 0.3563 -0.0874
vn -0.4589 0.0426 0.8875
vn -0.5812 0.1979 0.7893
vn -0.6330 0.0078 0.7741
vn 0.2630 -0.9328 -0.2466
vn 0.4412 -0.8340 -0.3313
vn 0.4395 -0.8871 -0.1409
vn 0.4589 -0.0426 -0.8875
vn 0.5812 -0.1979 -0.7893
vn 0.4113 -0.2476 -0.8772
vn 0.9843 -0.1526 0.0890
vn 0.9566 -0.2765 -0.0916
vn 0.9905 -0.0826 -0.1097
vn 0.1840 0.9829 0.0117
vn 0.3687 0.9248 -0.0942
vn 0.2033 0.9591 -0.1968
vn 0.9696 0.2027 0.1369
vn 0.9301 0.3673 -0.0048
vn 0.8994 0.3945 0.1886
vn 0.4443 0.3127 -0.8396
vn 0.5547 0.4459 -0.7025
vn 0.6219 0.2633 -0.7375
vn -0.0801 -0.9328 -0.3514
vn -0.1805 -0.8340 -0.5214
vn 0.0162 -0.8533 -0.5212
vn -0.8658 -0.1526 -0.4766
vn -0.7419 -0.2765 -0.6109
vn -0.8201 -0.3563 -0.4478
vn 0.1158 -0.0426 -0.9924
vn -0.0405 -0.1978 -0.9794
vn -0.0920 -0.0077 -0.9957
vn -0.1591 0.9829 -0.0932
vn -0.2530 0.9248 -0.2843
vn -0.3602 0.9253 -0.1182
vn 0.1012 0.3127 -0.9445
vn -0.0670 0.4459 -0.8926
vn 0.1186 0.5031 -0.8560
vn -0.8804 0.2027 -0.4287
vn -0.7684 0.3673 -0.5241
vn -0.7710 0.1884 -0.6083
vn 0.2737 -0.9615 -0.0229
vn 0.4753 -0.8780 -0.0565
vn 0.4090 -0.9035 0.1280
vn 0.7179 -0.1740 -0.6740
vn 0.7927 -0.3153 -0.5218
vn 0.6577 -0.3749 -0.6534
vn 0.8920 -0.1506 0.4263
vn 0.9170 -0.2986 0.2645
vn 0.9662 -0.1096 0.2334
vn 0.7093 0.1846 -0.6803
vn 0.7770 0.3346 -0.5332
vn 0.8412 0.1480 -0.5201
vn 0.2273 0.9722 -0.0566
vn 0.4326 0.8973 -0.0875
vn 0.3115 0.9188 -0.2422
vn 0.8833 0.2080 0.4201
vn 0.9014 0.3513 0.2531
vn 0.8114 0.4061 0.4204
vn 0.0629 -0.9615 0.2674
vn 0.0931 -0.8780 0.4694
vn -0.0902 -0.9107 0.4031
vn 0.6811 -0.1506 0.7166
vn 0.5349 -0.2985 0.7904
vn 0.6687 -0.3517 0.6550
vn -0.4192 -0.1740 0.8911
vn -0.2513 -0.3153 0.9151
vn -0.2281 -0.1255 0.9655
vn 0.0164 0.9722 0.2336
vn 0.0505 0.8973 0.4385
vn 0.2041 0.9260 0.3175
vn -0.4278 0.1846 0.8848
vn -0.2669 0.3346 0.9038
vn -0.4364 0.3830 0.8142
vn 0.6725 0.2080 0.7103
vn 0.5193 0.3513 0.7791
vn 0.5140 0.1640 0.8420
vn -0.0164 -0.9722 -0.2336
vn -0.0505 -0.8973 -0.4385
vn 0.1341 -0.9188 -0.3711
vn -0.6725 -0.2080 -0.7103
vn -0.5193 -0.3513 -0.7791
vn -0.6505 -0.4061 -0.6418
vn 0.4278 -0.1846 -0.8848
vn 0.2670 -0.3346 -0.9038
vn 0.2347 -0.1480 -0.9607
vn -0.0629 0.9615 -0.2674
vn -0.0931 0.8780 -0.4694
vn -0.2481 0.9035 -0.3494
vn 0.4192 0.1740 -0.8911
vn 0.2513 0.3152 -0.9151
vn 0.4182 0.3748 -0.8274
vn -0.6811 0.1506 -0.7166
vn -0.5349 0.2985 -0.7904
vn -0.5206 0.1096 -0.8468
vn -0.2273 -0.9722 0.0566
vn -0.4326 -0.8973 0.0875
vn -0.3650 -0.9260 -0.0960
vn -0.7093 -0.1846 0.6803
vn -0.7771 -0.3346 0.5331
vn -0.6395 -0.3830 0.6666
vn -0.8833 -0.2080 -0.4201
vn -0.9014 -0.3513 -0.2531
vn -0.9596 -0.1640 -0.2286
vn -0.2737 0.9615 0.0229
vn -0.4753 0.8780 0.0565
vn -0.3555 0.9107 0.2103
vn -0.8920 0.1506 -0.4263
vn -0.9170 0.2986 -0.2645
vn -0.8296 0.3518 -0.4336
vn -0.7179 0.1740 0.6740
vn -0.7927 0.3153 0.5218
vn -0.8478 0.1256 0.5153
vn 0.1368 -0.7660 -0.6281
vn 0.2562 -0.6195 -0.7420
vn 0.3413 -0.7250 -0.5982
vn 0.0099 0.2911 -0.9566
vn 0.1656 0.1360 -0.9768
vn -0.0250 0.0871 -0.9959
vn 0.9207 -0.0107 -0.3901
vn 0.8164 -0.0798 -0.5719
vn 0.8357 0.1139 -0.5373
vn 0.0134 0.6100 -0.7923
vn 0.1718 0.7138 -0.6789
vn 0.2186 0.5626 -0.7973
vn 0.1555 0.9535 0.2582
vn 0.2733 0.9592 0.0717
vn 0.0790 0.9947 0.0662
vn 0.9242 0.3082 -0.2257
vn 0.8227 0.4981 -0.2741
vn 0.8820 0.4628 -0.0889
vn 0.1980 -0.9285 -0.3142
vn 0.3672 -0.9139 -0.1731
vn 0.1907 -0.9756 -0.1089
vn 0.9819 -0.1732 -0.0762
vn 0.9274 -0.3742 -0.0030
vn 0.9214 -0.3351 -0.1967
vn 0.3401 -0.5850 0.7363
vn 0.4687 -0.6684 0.5775
vn 0.5284 -0.5097 0.6790
vn 0.2166 0.7910 0.5721
vn 0.3843 0.6648 0.6406
vn 0.4056 0.7779 0.4799
vn 0.3435 -0.2661 0.9006
vn 0.4749 -0.0906 0.8754
vn 0.2947 -0.0680 0.9532
vn 0.9854 0.1457 0.0882
vn 0.9336 0.2037 0.2947
vn 0.9677 0.0138 0.2516
vn -0.2167 -0.7910 -0.5721
vn -0.3843 -0.6648 -0.6406
vn -0.2084 -0.6513 -0.7296
vn -0.9854 -0.1457 -0.0882
vn -0.9336 -0.2037 -0.2948
vn -0.9287 -0.3388 -0.1506
vn -0.3435 0.2661 -0.9006
vn -0.4750 0.0906 -0.8753
vn -0.5310 0.2664 -0.8044
vn -0.1980 0.9285 0.3141
vn -0.3672 0.9139 0.1731
vn -0.3881 0.8490 0.3587
vn -0.3401 0.5850 -0.7363
vn -0.4687 0.6684 -0.5775
vn -0.2873 0.7419 -0.6058
vn -0.9819 0.1732 0.0762
vn -0.9273 0.3742 0.0030
vn -0.9651 0.2295 -0.1262
vn -0.1554 -0.9535 -0.2582
vn -0.2734 -0.9592 -0.0717
vn -0.3590 -0.9019 -0.2404
vn -0.0134 -0.6100 0.7923
vn -0.1718 -0.7138 0.6789
vn 0.0177 -0.7610 0.6485
vn -0.9242 -0.3082 0.2257
vn -0.8227 -0.4981 0.2741
vn -0.8383 -0.3572 0.4119
vn -0.1368 0.7660 0.6281
vn -0.2562 0.6195 0.7420
vn -0.0613 0.6322 0.7723
vn -0.9207 0.0107 0.3901
vn -0.8164 0.0798 0.5720
vn -0.8747 0.2111 0.4362
vn -0.0099 -0.2911 0.9566
vn -0.1656 -0.1359 0.9768
vn -0.2160 -0.3193 0.9227
vn 0.1526 -0.9634 0.2203
vn 0.1387 -0.8756 0.4628
vn 0.0022 -0.9368 0.3497
vn 0.4247 -0.1704 0.8892
vn 0.0625 -0.3943 0.9169
vn 0.4426 -0.3732 0.8154
vn -0.3512 -0.2933 0.8892
vn 0.0315 -0.1987 0.9796
vn -0.1467 0.9263 0.3470
vn -0.1286 0.8118 0.5696
vn 0.0026 0.8837 0.4680
vn -0.4084 0.0912 0.9082
vn -0.0491 0.3101 0.9494
vn -0.4249 0.2971 0.8551
vn 0.3603 0.2129 0.9082
vn -0.0178 0.1121 0.9935
vn -0.0952 -0.9925 0.0768
vn -0.3119 -0.9284 0.2017
vn -0.2838 -0.9587 0.0188
vn -0.5432 -0.3159 0.7779
vn -0.7488 -0.4895 0.4468
vn -0.4673 -0.5107 0.7217
vn -0.9386 -0.3304 0.0993
vn -0.8218 -0.2988 0.4852
vn -0.3884 0.8979 0.2070
vn -0.5684 0.7601 0.3148
vn -0.4151 0.8233 0.3871
vn -0.9906 0.0544 0.1255
vn -0.8456 0.2166 0.4879
vn -0.9568 0.2649 0.1197
vn -0.5989 0.0688 0.7979
vn -0.8641 0.0127 0.5031
vn -0.0983 -0.9727 -0.2104
vn -0.3177 -0.8924 -0.3205
vn -0.1457 -0.9076 -0.3936
vn -0.9410 -0.3151 -0.1233
vn -0.7591 -0.4246 -0.4934
vn -0.8507 -0.5118 -0.1202
vn -0.5605 -0.2068 -0.8019
vn -0.8326 -0.2305 -0.5036
vn -0.3915 0.9173 -0.0731
vn -0.5740 0.7953 -0.1949
vn -0.5586 0.8293 -0.0179
vn -0.6160 0.1769 -0.7676
vn -0.8557 0.2804 -0.4350
vn -0.5972 0.3804 -0.7061
vn -0.9930 0.0696 -0.0952
vn -0.8748 0.0805 -0.4777
vn 0.1463 -0.9237 -0.3540
vn 0.1273 -0.8034 -0.5817
vn 0.2784 -0.8347 -0.4752
vn -0.3709 -0.1688 -0.9132
vn 0.0419 -0.2644 -0.9635
vn -0.3240 -0.3754 -0.8684
vn 0.4049 -0.0460 -0.9132
vn 0.0098 -0.0621 -0.9980
vn -0.1528 0.9650 -0.2131
vn -0.1397 0.8822 -0.4497
vn -0.2844 0.8957 -0.3420
vn 0.3407 0.3363 -0.8780
vn -0.0693 0.4376 -0.8965
vn 0.2942 0.5279 -0.7967
vn -0.4280 0.2145 -0.8780
vn -0.0392 0.2476 -0.9681
vn 0.3941 -0.8947 -0.2104
vn 0.5779 -0.7505 -0.3205
vn 0.5643 -0.8128 -0.1443
vn 0.5970 -0.0234 -0.8019
vn 0.8532 -0.1692 -0.4934
vn 0.5859 -0.2379 -0.7746
vn 0.9923 -0.0089 -0.1233
vn 0.8631 0.0380 -0.5036
vn 0.0889 0.9934 -0.0731
vn 0.3001 0.9338 -0.1949
vn 0.1333 0.9560 -0.2612
vn 0.9229 0.3731 -0.0952
vn 0.7271 0.5310 -0.4350
vn 0.8261 0.5602 -0.0614
vn 0.5312 0.3587 -0.7676
vn 0.8072 0.3469 -0.4777
vn 0.3972 -0.9145 0.0768
vn 0.5836 -0.7866 0.2017
vn 0.4263 -0.8639 0.2682
vn 0.9948 -0.0242 0.0993
vn 0.8635 -0.2342 0.4468
vn 0.9692 -0.2368 0.0672
vn 0.6143 -0.1325 0.7779
vn 0.8739 -0.0303 0.4852
vn 0.0919 0.9740 0.2070
vn 0.3058 0.8986 0.3148
vn 0.2768 0.9501 0.1439
vn 0.5483 0.2505 0.7979
vn 0.7372 0.4673 0.4880
vn 0.4666 0.4447 0.7645
vn 0.9253 0.3578 0.1255
vn 0.8179 0.2792 0.5031
vn -0.1957 -0.9205 0.3381
vn -0.1711 -0.8048 0.5683
vn -0.3236 -0.8266 0.4605
vn 0.3593 -0.2001 0.9115
vn -0.0584 -0.2746 0.9598
vn 0.3019 -0.4036 0.8637
vn -0.4096 -0.0367 0.9115
vn -0.0158 -0.0746 0.9971
vn 0.2024 0.9520 0.2296
vn 0.1841 0.8664 0.4642
vn 0.3293 0.8739 0.3575
vn -0.3248 0.3420 0.8818
vn 0.0895 0.4213 0.9025
vn -0.2680 0.5317 0.8034
vn 0.4358 0.1803 0.8818
vn 0.0494 0.2324 0.9714
vn -0.4416 -0.8760 0.1941
vn -0.6182 -0.7238 0.3065
vn -0.6072 -0.7841 0.1287
vn -0.5999 -0.0022 0.8001
vn -0.8630 -0.1289 0.4885
vn -0.6005 -0.2168 0.7696
vn -0.9917 0.0446 0.1203
vn -0.8613 0.0786 0.5019
vn -0.0365 0.9953 0.0897
vn -0.2505 0.9451 0.2096
vn -0.0836 0.9573 0.2766
vn -0.9010 0.4225 0.0989
vn -0.6980 0.5640 0.4412
vn -0.7939 0.6042 0.0683
vn -0.5133 0.3761 0.7714
vn -0.7882 0.3842 0.4808
vn -0.4447 -0.8908 -0.0939
vn -0.6239 -0.7507 -0.2173
vn -0.4702 -0.8353 -0.2848
vn -0.9942 0.0332 -0.1026
vn -0.8732 -0.1772 -0.4540
vn -0.9806 -0.1812 -0.0744
vn -0.6171 -0.0833 -0.7824
vn -0.8721 0.0279 -0.4885
vn -0.0396 0.9810 -0.1902
vn -0.2562 0.9190 -0.2997
vn -0.2254 0.9658 -0.1282
vn -0.5304 0.2958 -0.7945
vn -0.7081 0.5167 -0.4813
vn -0.4384 0.4844 -0.7571
vn -0.9034 0.4112 -0.1219
vn -0.7989 0.3339 -0.5003
vn -0.2019 -0.9501 -0.2379
vn -0.1825 -0.8585 -0.4792
vn -0.0496 -0.9291 -0.3664
vn -0.4293 -0.1292 -0.8939
vn -0.0789 -0.3713 -0.9252
vn -0.4583 -0.3324 -0.8243
vn 0.3396 -0.2927 -0.8939
vn -0.0374 -0.1761 -0.9837
vn 0.1963 0.9233 -0.3300
vn 0.1731 0.8142 -0.5542
vn 0.0458 0.8908 -0.4520
vn 0.4164 0.0887 -0.9049
vn 0.0694 0.3267 -0.9426
vn 0.4431 0.2921 -0.8475
vn -0.3443 0.2504 -0.9049
vn 0.0280 0.1318 -0.9909
vn 0.0439 -0.9946 -0.0939
vn 0.2646 -0.9395 -0.2173
vn 0.2340 -0.9716 -0.0346
vn 0.5299 -0.3272 -0.7824
vn 0.7257 -0.5170 -0.4539
vn 0.4441 -0.5192 -0.7302
vn 0.9217 -0.3740 -0.1027
vn 0.8081 -0.3293 -0.4885
vn 0.4351 0.8801 -0.1901
vn 0.6078 0.7354 -0.2996
vn 0.4587 0.8074 -0.3711
vn 0.9925 0.0082 -0.1219
vn 0.8570 0.1840 -0.4813
vn 0.9691 0.2197 -0.1125
vn 0.6049 0.0545 -0.7945
vn 0.8656 -0.0199 -0.5003
vn 0.0471 -0.9798 0.1941
vn 0.2703 -0.9127 0.3064
vn 0.0970 -0.9204 0.3788
vn 0.9242 -0.3626 0.1203
vn 0.7359 -0.4687 0.4885
vn 0.8242 -0.5548 0.1138
vn 0.5471 -0.2460 0.8001
vn 0.8189 -0.2785 0.5019
vn 0.4382 0.8944 0.0897
vn 0.6133 0.7615 0.2096
vn 0.6005 0.7989 0.0336
vn 0.6219 0.1348 0.7714
vn 0.8671 0.2313 0.4412
vn 0.6135 0.3395 0.7130
vn 0.9949 0.0195 0.0989
vn 0.8763 0.0304 0.4808
vn -0.0463 -0.8841 0.4651
vn -0.0386 -0.7359 0.6760
vn -0.1861 -0.7951 0.5772
vn 0.3922 -0.0189 0.9197
vn -0.0079 -0.1499 0.9887
vn 0.3669 -0.2329 0.9006
vn -0.3920 0.0222 0.9197
vn 0.0030 0.0573 0.9984
vn 0.0521 0.9943 0.0928
vn 0.0492 0.9398 0.3381
vn 0.1911 0.9551 0.2266
vn -0.3687 0.4021 0.8381
vn 0.0287 0.5468 0.8368
vn -0.3431 0.5865 0.7336
vn 0.4087 0.3613 0.8381
vn 0.0191 0.3645 0.9310
vn -0.2965 -0.8984 0.3239
vn -0.4935 -0.7620 0.4194
vn -0.4748 -0.8433 0.2518
vn -0.5860 0.0111 0.8102
vn -0.8271 -0.1969 0.5264
vn -0.5524 -0.2027 0.8085
vn -0.9849 -0.0979 0.1426
vn -0.8590 0.0078 0.5120
vn -0.1924 0.9803 -0.0452
vn -0.3956 0.9143 0.0870
vn -0.2314 0.9617 0.1470
vn -0.9568 0.2829 0.0676
vn -0.7767 0.5005 0.3823
vn -0.8806 0.4738 0.0096
vn -0.5613 0.3910 0.7294
vn -0.8364 0.3154 0.4482
vn -0.2994 -0.9532 0.0416
vn -0.4987 -0.8616 -0.0941
vn -0.3348 -0.9296 -0.1538
vn -0.9871 -0.1404 -0.0763
vn -0.8365 -0.3764 -0.3982
vn -0.9389 -0.3436 -0.0193
vn -0.6018 -0.2906 -0.7439
vn -0.8689 -0.1810 -0.4608
vn -0.1951 0.9267 -0.3210
vn -0.4007 0.8169 -0.4149
vn -0.3762 0.8917 -0.2519
vn -0.5770 0.0919 -0.8116
vn -0.7860 0.3241 -0.5265
vn -0.5160 0.2963 -0.8037
vn -0.9590 0.2408 -0.1497
vn -0.8462 0.1280 -0.5172
vn -0.0521 -0.9937 -0.0996
vn -0.0490 -0.9352 -0.3508
vn 0.0937 -0.9677 -0.2340
vn -0.4100 -0.3219 -0.8534
vn -0.0267 -0.5088 -0.8605
vn -0.4061 -0.5147 -0.7551
vn 0.3742 -0.3630 -0.8534
vn -0.0168 -0.3203 -0.9472
vn 0.0465 0.8872 -0.4590
vn 0.0391 0.7450 -0.6659
vn -0.0983 0.8150 -0.5710
vn 0.3909 0.0200 -0.9202
vn 0.0102 0.1939 -0.9810
vn 0.3860 0.2317 -0.8929
vn -0.3866 0.0608 -0.9202
vn -0.0005 -0.0103 -0.9999
vn 0.1981 -0.9793 0.0416
vn 0.4059 -0.9090 -0.0941
vn 0.3824 -0.9195 0.0914
vn 0.5682 -0.3519 -0.7439
vn 0.7926 -0.4618 -0.3982
vn 0.5133 -0.5450 -0.6630
vn 0.9671 -0.2429 -0.0763
vn 0.8452 -0.2709 -0.4608
vn 0.2909 0.9013 -0.3211
vn 0.4839 0.7705 -0.4150
vn 0.3241 0.8083 -0.4915
vn 0.9789 0.1392 -0.1497
vn 0.8155 0.2402 -0.5265
vn 0.9235 0.3445 -0.1688
vn 0.5834 0.0311 -0.8116
vn 0.8550 0.0388 -0.5172
vn 0.2010 -0.9245 0.3239
vn 0.4112 -0.8094 0.4193
vn 0.2425 -0.8332 0.4970
vn 0.9693 -0.2003 0.1426
vn 0.8020 -0.2823 0.5264
vn 0.8998 -0.4041 0.1649
vn 0.5840 -0.0502 0.8102
vn 0.8551 -0.0820 0.5120
vn 0.2938 0.9548 -0.0452
vn 0.4890 0.8680 0.0870
vn 0.4690 0.8783 -0.0927
vn 0.5991 0.3302 0.7294
vn 0.8248 0.4166 0.3824
vn 0.5589 0.5218 0.6445
vn 0.9811 0.1814 0.0675
vn 0.8648 0.2263 0.4483
vn 0.8760 0.4823 -0.0022
vn 0.7317 0.6816 -0.0018
vn 0.7969 0.5837 0.1555
vn -0.0151 0.8901 -0.4556
vn 0.1140 0.9422 -0.3150
vn 0.1907 0.8761 -0.4427
vn -0.0129 0.8901 0.4557
vn 0.1155 0.9422 0.3145
vn -0.0732 0.9515 0.2989
vn -0.9984 0.0574 0.0025
vn -0.9542 0.2993 0.0024
vn -0.9708 0.1831 -0.1550
vn -0.3701 0.8091 0.4566
vn -0.5090 0.8007 0.3160
vn -0.5496 0.7079 0.4437
vn -0.3723 0.8091 -0.4548
vn -0.5105 0.8006 -0.3136
vn -0.3443 0.8903 -0.2980
vn 0.9189 0.2959 0.2609
vn 0.8097 0.3427 0.4763
vn 0.8908 0.1728 0.4203
vn 0.0250 0.7256 0.6876
vn 0.1868 0.6320 0.7521
vn 0.2244 0.7391 0.6351
vn 0.2173 -0.1196 0.9688
vn 0.3197 0.0481 0.9463
vn 0.1355 0.0380 0.9900
vn -0.9554 -0.1291 0.2655
vn -0.8761 -0.0396 0.4804
vn -0.9427 0.0642 0.3275
vn -0.1399 -0.2006 0.9696
vn -0.3047 -0.0934 0.9478
vn -0.3315 -0.2497 0.9098
vn -0.3322 0.6447 0.6885
vn -0.4376 0.4905 0.7536
vn -0.2602 0.5312 0.8063
vn 0.9871 -0.0058 0.1602
vn 0.9336 -0.2057 0.2933
vn 0.9745 -0.2001 0.1013
vn 0.2773 -0.3856 0.8800
vn 0.4330 -0.4538 0.7788
vn 0.4611 -0.3030 0.8340
vn 0.3940 -0.9080 0.1424
vn 0.5136 -0.8147 0.2693
vn 0.3433 -0.8857 0.3125
vn -0.8873 -0.4308 0.1648
vn -0.7523 -0.5879 0.2975
vn -0.8327 -0.4202 0.3605
vn 0.0368 -0.9890 0.1433
vn -0.1108 -0.9562 0.2709
vn -0.1683 -0.9784 0.1199
vn -0.0798 -0.4666 0.8809
vn -0.1914 -0.5954 0.7803
vn -0.0028 -0.6043 0.7967
vn 0.9863 -0.0059 -0.1651
vn 0.9322 -0.2057 -0.2979
vn 0.9325 -0.0196 -0.3607
vn 0.3933 -0.9080 -0.1444
vn 0.5123 -0.8146 -0.2718
vn 0.5737 -0.8101 -0.1209
vn 0.2730 -0.3856 -0.8813
vn 0.4292 -0.4538 -0.7810
vn 0.2629 -0.5432 -0.7974
vn -0.8881 -0.4308 -0.1605
vn -0.7537 -0.5879 -0.2938
vn -0.7930 -0.6007 -0.1018
vn -0.0841 -0.4666 -0.8805
vn -0.1951 -0.5954 -0.7794
vn -0.2855 -0.4714 -0.8345
vn 0.0361 -0.9890 -0.1435
vn -0.1121 -0.9562 -0.2703
vn 0.0721 -0.9469 -0.3135
vn 0.9176 0.2959 -0.2654
vn 0.8074 0.3427 -0.4802
vn 0.8227 0.4648 -0.3272
vn 0.2125 -0.1196 -0.9698
vn 0.3150 0.0481 -0.9479
vn 0.4065 -0.0813 -0.9100
vn 0.0215 0.7256 -0.6877
vn 0.1831 0.6320 -0.7530
vn 0.0055 0.5922 -0.8057
vn -0.9567 -0.1291 -0.2608
vn -0.8785 -0.0395 -0.4762
vn -0.8783 -0.2278 -0.4204
vn -0.3356 0.6447 -0.6869
vn -0.4413 0.4905 -0.7515
vn -0.5213 0.5708 -0.6344
vn -0.1447 -0.2006 -0.9689
vn -0.3094 -0.0934 -0.9463
vn -0.1389 -0.0231 -0.9900
vn -0.0000 -0.9610 0.2767
vn -0.0000 -0.8643 0.5029
vn -0.1574 -0.9059 0.3931
vn 0.4557 -0.1831 0.8711
vn 0.3148 -0.3201 0.8936
vn 0.4423 -0.3807 0.8121
vn -0.4557 -0.1831 0.8711
vn -0.3148 -0.3201 0.8936
vn -0.2988 -0.1382 0.9443
vn -0.0000 0.9610 0.2767
vn -0.0000 0.8643 0.5029
vn 0.1574 0.9059 0.3931
vn -0.4557 0.1831 0.8711
vn -0.3148 0.3201 0.8936
vn -0.4423 0.3807 0.8121
vn 0.4557 0.1831 0.8711
vn 0.3148 0.3201 0.8935
vn 0.2988 0.1382 0.9443
vn -0.2631 -0.9610 0.0855
vn -0.4783 -0.8643 0.1554
vn -0.4225 -0.9059 -0.0282
vn -0.6877 -0.1831 0.7026
vn -0.7526 -0.3201 0.5755
vn -0.6357 -0.3807 0.6716
vn -0.9693 -0.1831 -0.1642
vn -0.9471 -0.3201 -0.0233
vn -0.9904 -0.1382 0.0076
vn -0.2631 0.9610 0.0855
vn -0.4783 0.8644 0.1554
vn -0.3252 0.9059 0.2712
vn -0.9693 0.1831 -0.1642
vn -0.9471 0.3201 -0.0232
vn -0.9090 0.3807 -0.1697
vn -0.6877 0.1831 0.7025
vn -0.7526 0.3201 0.5755
vn -0.8057 0.1382 0.5760
vn -0.1627 -0.9610 -0.2238
vn -0.2956 -0.8643 -0.4069
vn -0.1037 -0.9059 -0.4106
vn -0.8807 -0.1831 -0.4369
vn -0.7799 -0.3201 -0.5379
vn -0.8351 -0.3807 -0.3970
vn -0.1434 -0.1831 -0.9726
vn -0.2706 -0.3201 -0.9079
vn -0.3133 -0.1382 -0.9395
vn -0.1627 0.9610 -0.2239
vn -0.2956 0.8643 -0.4069
vn -0.3585 0.9059 -0.2255
vn -0.1434 0.1831 -0.9726
vn -0.2706 0.3201 -0.9079
vn -0.1195 0.3807 -0.9170
vn -0.8807 0.1831 -0.4369
vn -0.7799 0.3201 -0.5379
vn -0.7967 0.1382 -0.5883
vn 0.1626 -0.9610 -0.2238
vn 0.2956 -0.8643 -0.4069
vn 0.3584 -0.9059 -0.2255
vn 0.1434 -0.1831 -0.9726
vn 0.2706 -0.3201 -0.9079
vn 0.1195 -0.3807 -0.9170
vn 0.8807 -0.1831 -0.4369
vn 0.7799 -0.3201 -0.5379
vn 0.7967 -0.1382 -0.5883
vn 0.1627 0.9610 -0.2238
vn 0.2956 0.8643 -0.4069
vn 0.1037 0.9059 -0.4106
vn 0.8807 0.1831 -0.4369
vn 0.7799 0.3201 -0.5379
vn 0.8351 0.3807 -0.3970
vn 0.1434 0.1831 -0.9726
vn 0.2706 0.3201 -0.9079
vn 0.3133 0.1382 -0.9395
vn 0.2631 -0.9610 0.0855
vn 0.4783 -0.8643 0.1554
vn 0.3252 -0.9059 0.2712
vn 0.9693 -0.1831 -0.1642
vn 0.9471 -0.3201 -0.0232
vn 0.9090 -0.3806 -0.1697
vn 0.6877 -0.1831 0.7025
vn 0.7526 -0.3201 0.5755
vn 0.8057 -0.1382 0.5759
vn 0.2631 0.9610 0.0855
vn 0.4783 0.8644 0.1554
vn 0.4225 0.9059 -0.0282
vn 0.6877 0.1831 0.7026
vn 0.7525 0.3201 0.5755
vn 0.6357 0.3807 0.6716
vn 0.9693 0.1831 -0.1642
vn 0.9471 0.3201 -0.0233
vn 0.9904 0.1382 0.0076
vn -0.6877 -0.1831 0.7025
vn -0.9090 0.3806 -0.1697
vn 0.1794 -0.1794 0.9673
vn 0.3251 -0.3251 0.8881
vn 0.3791 -0.1369 0.9152
vn 0.1794 -0.9673 0.1794
vn 0.3251 -0.8881 0.3251
vn 0.1369 -0.9152 0.3791
vn 0.9673 -0.1794 0.1794
vn 0.8881 -0.3251 0.3251
vn 0.9152 -0.3791 0.1369
vn 0.1794 -0.9673 -0.1794
vn 0.3251 -0.8881 -0.3251
vn 0.3791 -0.9152 -0.1369
vn 0.1794 -0.1794 -0.9673
vn 0.3250 -0.3251 -0.8881
vn 0.1369 -0.3791 -0.9152
vn 0.9673 -0.1794 -0.1794
vn 0.8881 -0.3251 -0.3251
vn 0.9152 -0.1369 -0.3791
vn 0.1794 0.1794 0.9673
vn 0.3251 0.3251 0.8881
vn 0.1369 0.3791 0.9152
vn 0.9673 0.1794 0.1794
vn 0.8881 0.3251 0.3251
vn 0.9152 0.1369 0.3791
vn 0.1794 0.9673 0.1794
vn 0.3251 0.8881 0.3251
vn 0.3791 0.9152 0.1369
vn 0.1794 0.1794 -0.9673
vn 0.3250 0.3251 -0.8881
vn 0.3791 0.1369 -0.9152
vn 0.1794 0.9673 -0.1794
vn 0.3251 0.8881 -0.3251
vn 0.1369 0.9152 -0.3791
vn 0.9673 0.1794 -0.1794
vn 0.8881 0.3251 -0.3251
vn 0.9152 0.3791 -0.1369
vn -0.1794 -0.1794 0.9673
vn -0.3251 -0.3251 0.8881
vn -0.1369 -0.3791 0.9152
vn -0.9673 -0.1794 0.1794
vn -0.8881 -0.3251 0.3251
vn -0.9152 -0.1369 0.3791
vn -0.1794 -0.9673 0.1794
vn -0.3251 -0.8881 0.3251
vn -0.3791 -0.9152 0.1369
vn -0.1794 -0.1794 -0.9673
vn -0.3250 -0.3251 -0.8881
vn -0.3791 -0.1369 -0.9152
vn -0.1794 -0.9673 -0.1794
vn -0.3251 -0.8881 -0.3251
vn -0.1369 -0.9152 -0.3791
vn -0.9673 -0.1794 -0.1794
vn -0.8881 -0.3251 -0.3251
vn -0.9152 -0.3791 -0.1369
vn -0.1794 0.1794 0.9673
vn -0.3251 0.3251 0.8881
vn -0.3791 0.1369 0.9152
vn -0.1794 0.9673 0.1794
vn -0.3251 0.8881 0.3251
vn -0.1368 0.9152 0.3791
vn -0.9673 0.1794 0.1794
vn -0.8881 0.3251 0.3251
vn -0.9152 0.3791 0.1369
vn -0.1794 0.1794 -0.9673
vn -0.3250 0.3251 -0.8881
vn -0.1369 0.3791 -0.9152
vn -0.9673 0.1794 -0.1794
vn -0.8881 0.3251 -0.3251
vn -0.9152 0.1369 -0.3791
vn -0.1794 0.9673 -0.1794
vn -0.3251 0.8881 -0.3251
vn -0.3791 0.9152 -0.1369
vn -0.0657 -0.2450 0.9673
vn -0.1190 -0.4440 0.8881
vn 0.0710 -0.3967 0.9152
vn -0.7480 -0.6390 0.1794
vn -0.6066 -0.7255 0.3251
vn -0.7241 -0.5761 0.3791
vn 0.3283 -0.9274 0.1794
vn 0.1625 -0.9316 0.3251
vn 0.1293 -0.9821 0.1369
vn -0.7480 -0.6390 -0.1794
vn -0.6066 -0.7255 -0.3251
vn -0.6031 -0.7859 -0.1368
vn -0.0657 -0.2450 -0.9673
vn -0.1190 -0.4441 -0.8881
vn -0.2599 -0.3081 -0.9152
vn 0.3283 -0.9274 -0.1794
vn 0.1625 -0.9316 -0.3251
vn 0.3391 -0.8610 -0.3791
vn 0.2450 -0.0657 0.9673
vn 0.4440 -0.1190 0.8881
vn 0.3967 0.0710 0.9152
vn 0.6390 -0.7480 0.1794
vn 0.7256 -0.6065 0.3250
vn 0.5761 -0.7241 0.3791
vn 0.9274 0.3283 0.1794
vn 0.9316 0.1625 0.3251
vn 0.9821 0.1293 0.1369
vn 0.2450 -0.0657 -0.9673
vn 0.4440 -0.1190 -0.8881
vn 0.3081 -0.2599 -0.9152
vn 0.9274 0.3283 -0.1794
vn 0.9316 0.1625 -0.3251
vn 0.8610 0.3391 -0.3791
vn 0.6390 -0.7480 -0.1794
vn 0.7255 -0.6066 -0.3251
vn 0.7859 -0.6030 -0.1368
vn -0.2450 0.0657 0.9673
vn -0.4440 0.1190 0.8881
vn -0.3967 -0.0710 0.9152
vn -0.6390 0.7480 0.1794
vn -0.7255 0.6066 0.3251
vn -0.5761 0.7241 0.3791
vn -0.9274 -0.3283 0.1794
vn -0.9316 -0.1625 0.3251
vn -0.9821 -0.1293 0.1369
vn -0.2450 0.0657 -0.9673
vn -0.4440 0.1190 -0.8881
vn -0.3081 0.2599 -0.9152
vn -0.9274 -0.3283 -0.1794
vn -0.9316 -0.1625 -0.3251
vn -0.8610 -0.3391 -0.3791
vn -0.6390 0.7480 -0.1794
vn -0.7256 0.6066 -0.3250
vn -0.7859 0.6030 -0.1368
vn 0.0657 0.2450 0.9673
vn 0.1190 0.4440 0.8881
vn -0.0710 0.3967 0.9152
vn 0.7480 0.6390 0.1794
vn 0.6066 0.7256 0.3251
vn 0.7241 0.5761 0.3791
vn -0.3283 0.9274 0.1794
vn -0.1625 0.9316 0.3251
vn -0.1293 0.9821 0.1369
vn 0.0657 0.2450 -0.9673
vn 0.1190 0.4440 -0.8881
vn 0.2599 0.3081 -0.9152
vn -0.3283 0.9274 -0.1794
vn -0.1625 0.9316 -0.3251
vn -0.3390 0.8610 -0.3791
vn 0.7480 0.6390 -0.1794
vn 0.6066 0.7255 -0.3251
vn 0.6031 0.7859 -0.1369
vn -0.2450 -0.0657 0.9673
vn -0.4440 -0.1190 0.8881
vn -0.3081 -0.2599 0.9152
vn -0.9274 0.3283 0.1794
vn -0.9316 0.1625 0.3251
vn -0.8610 0.3391 0.3791
vn -0.6390 -0.7480 0.1794
vn -0.7256 -0.6065 0.3250
vn -0.7859 -0.6030 0.1368
vn -0.9274 0.3283 -0.1794
vn -0.9316 0.1625 -0.3251
vn -0.9821 0.1293 -0.1369
vn -0.2450 -0.0657 -0.9673
vn -0.4440 -0.1190 -0.8881
vn -0.3967 0.0710 -0.9152
vn -0.6390 -0.7480 -0.1794
vn -0.7256 -0.6066 -0.3251
vn -0.5761 -0.7241 -0.3791
vn 0.0657 -0.2450 0.9673
vn 0.1190 -0.4440 0.8881
vn 0.2598 -0.3080 0.9152
vn -0.3283 -0.9274 0.1794
vn -0.1626 -0.9316 0.3250
vn -0.3391 -0.8610 0.3790
vn 0.7480 -0.6390 0.1794
vn 0.6066 -0.7255 0.3250
vn 0.6031 -0.7858 0.1369
vn 0.0657 -0.2451 -0.9673
vn 0.1190 -0.4440 -0.8881
vn -0.0710 -0.3967 -0.9152
vn 0.7480 -0.6390 -0.1794
vn 0.6066 -0.7255 -0.3251
vn 0.7241 -0.5761 -0.3791
vn -0.3283 -0.9274 -0.1794
vn -0.1625 -0.9316 -0.3251
vn -0.1294 -0.9821 -0.1369
vn -0.0657 0.2450 0.9673
vn -0.1190 0.4440 0.8881
vn -0.2599 0.3081 0.9152
vn 0.3283 0.9274 0.1794
vn 0.1625 0.9316 0.3251
vn 0.3391 0.8610 0.3791
vn -0.7480 0.6390 0.1794
vn -0.6066 0.7255 0.3251
vn -0.6030 0.7859 0.1369
vn -0.0657 0.2450 -0.9673
vn -0.1190 0.4440 -0.8881
vn 0.0710 0.3967 -0.9152
vn -0.7480 0.6390 -0.1794
vn -0.6066 0.7255 -0.3251
vn -0.7241 0.5761 -0.3791
vn 0.3283 0.9274 -0.1794
vn 0.1625 0.9316 -0.3251
vn 0.1293 0.9821 -0.1369
vn 0.2450 0.0657 0.9673
vn 0.4440 0.1190 0.8881
vn 0.3080 0.2599 0.9152
vn 0.9274 -0.3283 0.1794
vn 0.9316 -0.1625 0.3251
vn 0.8610 -0.3391 0.3791
vn 0.6390 0.7480 0.1794
vn 0.7255 0.6066 0.3251
vn 0.7859 0.6030 0.1369
vn 0.2450 0.0657 -0.9673
vn 0.4440 0.1190 -0.8881
vn 0.3967 -0.0710 -0.9152
vn 0.6390 0.7480 -0.1794
vn 0.7256 0.6065 -0.3250
vn 0.5761 0.7241 -0.3791
vn 0.9274 -0.3283 -0.1794
vn 0.9316 -0.1625 -0.3251
vn 0.9821 -0.1293 -0.1369
vn 0.6065 0.7256 0.3251
vn -0.1626 0.9316 0.3251
vn 0.6065 0.7256 -0.3251
vn 0.6030 0.7859 -0.1369
vn 0.1190 0.4441 -0.8881
vn -0.1626 0.9316 -0.3251
vn -0.3391 0.8610 -0.3791
vn -0.5761 0.7242 0.3791
vn -0.7255 0.6066 -0.3251
vn 0.7255 -0.6066 0.3251
vn 0.7255 -0.6066 -0.3250
vn 0.7859 -0.6030 -0.1369
vn -0.6065 -0.7256 0.3251
vn -0.1190 -0.4440 -0.8881
vn 0.1626 -0.9316 -0.3251
vn -0.6030 -0.7859 -0.1369
vn 0.3081 0.2599 0.9152
vn 0.7859 0.6030 0.1368
vn 0.9316 -0.1625 -0.3250
vn 0.7255 0.6066 -0.3251
vn 0.5761 0.7242 -0.3791
vn 0.1626 0.9316 0.3251
vn -0.6065 0.7256 0.3251
vn -0.6065 0.7256 -0.3251
vn 0.1626 0.9316 -0.3251
vn 0.2599 -0.3081 0.9152
vn -0.1625 -0.9316 0.3251
vn -0.3391 -0.8610 0.3791
vn 0.6065 -0.7256 0.3251
vn 0.6030 -0.7859 0.1369
vn 0.0657 -0.2450 -0.9673
vn -0.1626 -0.9316 -0.3251
vn -0.1293 -0.9821 -0.1369
vn -0.7255 -0.6066 0.3251
vn -0.7859 -0.6030 0.1369
vn -0.7255 -0.6066 -0.3250
vn 0.2033 -0.9392 0.2767
vn 0.1829 -0.8448 0.5029
vn 0.0378 -0.9187 0.3931
vn 0.4841 -0.0826 0.8711
vn 0.3754 -0.2463 0.8936
vn 0.5128 -0.2785 0.8121
vn -0.4066 -0.2754 0.8711
vn -0.2399 -0.3795 0.8936
vn -0.2628 -0.1983 0.9443
vn -0.2033 0.9392 0.2767
vn -0.1828 0.8448 0.5029
vn -0.0378 0.9187 0.3931
vn -0.4841 0.0826 0.8711
vn -0.3754 0.2463 0.8935
vn -0.5128 0.2785 0.8121
vn 0.4066 0.2754 0.8711
vn 0.2399 0.3795 0.8935
vn 0.2628 0.1983 0.9443
vn -0.0539 -0.9949 0.0855
vn -0.2846 -0.9460 0.1554
vn -0.2213 -0.9748 -0.0282
vn -0.6334 -0.3245 0.7025
vn -0.6678 -0.4721 0.5755
vn -0.5407 -0.5066 0.6716
vn -0.9086 -0.3841 -0.1642
vn -0.8579 -0.5133 -0.0232
vn -0.9387 -0.3446 0.0077
vn -0.4605 0.8835 0.0855
vn -0.6504 0.7435 0.1554
vn -0.5096 0.8166 0.2712
vn -0.9861 -0.0261 -0.1642
vn -0.9934 0.1125 -0.0232
vn -0.9690 0.1797 -0.1697
vn -0.7109 0.0335 0.7025
vn -0.8033 0.1536 0.5755
vn -0.8167 -0.0354 0.5759
vn 0.0444 -0.9736 -0.2238
vn -0.1060 -0.9073 -0.4069
vn 0.0903 -0.9074 -0.4106
vn -0.8220 -0.3653 -0.4369
vn -0.6945 -0.4779 -0.5379
vn -0.7357 -0.5488 -0.3970
vn -0.1014 -0.2093 -0.9726
vn -0.1967 -0.3701 -0.9079
vn -0.2769 -0.2014 -0.9395
vn -0.3623 0.9048 -0.2239
vn -0.4718 0.7822 -0.4069
vn -0.5420 0.8096 -0.2255
vn -0.1789 0.1486 -0.9726
vn -0.3322 0.2556 -0.9079
vn -0.1974 0.3468 -0.9169
vn -0.8995 -0.0073 -0.4369
vn -0.8299 0.1479 -0.5379
vn -0.8079 -0.0335 -0.5883
vn 0.3623 -0.9048 -0.2238
vn 0.4718 -0.7822 -0.4068
vn 0.5420 -0.8096 -0.2255
vn 0.1789 -0.1486 -0.9726
vn 0.3322 -0.2556 -0.9079
vn 0.1974 -0.3468 -0.9169
vn 0.8995 0.0073 -0.4369
vn 0.8299 -0.1479 -0.5379
vn 0.8080 0.0335 -0.5883
vn -0.0443 0.9736 -0.2239
vn 0.1061 0.9073 -0.4069
vn -0.0903 0.9073 -0.4106
vn 0.8220 0.3653 -0.4369
vn 0.6945 0.4779 -0.5379
vn 0.7357 0.5488 -0.3970
vn 0.1014 0.2093 -0.9726
vn 0.1967 0.3702 -0.9079
vn 0.2770 0.2014 -0.9395
vn 0.4605 -0.8835 0.0855
vn 0.6503 -0.7436 0.1554
vn 0.5095 -0.8166 0.2712
vn 0.9861 0.0261 -0.1642
vn 0.9934 -0.1125 -0.0232
vn 0.9690 -0.1798 -0.1697
vn 0.7109 -0.0335 0.7025
vn 0.8033 -0.1536 0.5755
vn 0.8168 0.0354 0.5759
vn 0.0539 0.9949 0.0855
vn 0.2845 0.9460 0.1554
vn 0.2213 0.9748 -0.0282
vn 0.6334 0.3245 0.7025
vn 0.6678 0.4721 0.5755
vn 0.5408 0.5065 0.6716
vn 0.9086 0.3841 -0.1642
vn 0.8579 0.5133 -0.0232
vn 0.9387 0.3446 0.0076
vn -0.2159 -0.9364 0.2767
vn -0.1942 -0.8423 0.5029
vn -0.3569 -0.8474 0.3931
vn 0.4029 -0.2808 0.8711
vn 0.2348 -0.3826 0.8936
vn 0.3455 -0.4703 0.8121
vn -0.4851 -0.0761 0.8711
vn -0.3786 -0.2412 0.8936
vn -0.3222 -0.0675 0.9443
vn 0.2159 0.9364 0.2767
vn 0.1942 0.8423 0.5029
vn 0.3569 0.8474 0.3931
vn -0.4029 0.2808 0.8711
vn -0.2348 0.3826 0.8936
vn -0.3455 0.4703 0.8121
vn 0.4851 0.0761 0.8711
vn 0.3786 0.2412 0.8936
vn 0.3222 0.0675 0.9443
vn -0.4723 -0.8773 0.0855
vn -0.6602 -0.7348 0.1554
vn -0.6152 -0.7878 -0.0282
vn -0.7112 -0.0240 0.7026
vn -0.8052 -0.1429 0.5755
vn -0.7049 -0.2281 0.6716
vn -0.9856 0.0393 -0.1642
vn -0.9948 -0.0992 -0.0232
vn -0.9961 0.0878 0.0076
vn -0.0406 0.9955 0.0855
vn -0.2719 0.9497 0.1554
vn -0.1135 0.9558 0.2712
vn -0.9034 0.3962 -0.1642
vn -0.8510 0.5247 -0.0232
vn -0.8003 0.5751 -0.1697
vn -0.6290 0.3329 0.7025
vn -0.6614 0.4810 0.5755
vn -0.7541 0.3156 0.5760
vn -0.3743 -0.8999 -0.2238
vn -0.4822 -0.7759 -0.4068
vn -0.3046 -0.8595 -0.4105
vn -0.8993 0.0194 -0.4369
vn -0.8319 -0.1367 -0.5379
vn -0.8993 -0.1833 -0.3970
vn -0.1809 -0.1462 -0.9726
vn -0.3356 -0.2512 -0.9079
vn -0.3363 -0.0643 -0.9395
vn 0.0574 0.9729 -0.2238
vn -0.0939 0.9087 -0.4068
vn -0.1457 0.9633 -0.2255
vn -0.0986 0.2107 -0.9726
vn -0.1918 0.3727 -0.9079
vn -0.0310 0.3978 -0.9170
vn -0.8170 0.3763 -0.4369
vn -0.6880 0.4871 -0.5379
vn -0.7453 0.3137 -0.5883
vn -0.0574 -0.9729 -0.2238
vn 0.0939 -0.9087 -0.4068
vn 0.1458 -0.9633 -0.2255
vn 0.0986 -0.2107 -0.9726
vn 0.1917 -0.3727 -0.9079
vn 0.0310 -0.3978 -0.9170
vn 0.8170 -0.3763 -0.4369
vn 0.6880 -0.4872 -0.5379
vn 0.7453 -0.3137 -0.5883
vn 0.3743 0.8999 -0.2239
vn 0.4822 0.7758 -0.4069
vn 0.3046 0.8595 -0.4106
vn 0.8993 -0.0194 -0.4369
vn 0.8318 0.1368 -0.5379
vn 0.8993 0.1833 -0.3970
vn 0.1809 0.1462 -0.9726
vn 0.3356 0.2512 -0.9079
vn 0.3363 0.0643 -0.9395
vn 0.0406 -0.9955 0.0855
vn 0.2719 -0.9497 0.1554
vn 0.1134 -0.9558 0.2712
vn 0.9034 -0.3962 -0.1642
vn 0.8510 -0.5247 -0.0232
vn 0.8002 -0.5752 -0.1697
vn 0.6290 -0.3329 0.7026
vn 0.6614 -0.4810 0.5755
vn 0.7540 -0.3157 0.5760
vn 0.4723 0.8773 0.0855
vn 0.6602 0.7348 0.1554
vn 0.6152 0.7879 -0.0282
vn 0.7112 0.0240 0.7025
vn 0.8052 0.1429 0.5755
vn 0.7050 0.2281 0.6716
vn 0.9857 -0.0393 -0.1642
vn 0.9948 0.0992 -0.0232
vn 0.9961 -0.0878 0.0077
vn 0.2642 -0.8669 0.4227
vn 0.3727 -0.7110 0.5963
vn 0.2168 -0.7768 0.5913
vn 0.7907 0.0091 0.6122
vn 0.5232 -0.1598 0.8371
vn 0.7680 -0.2151 0.6033
vn 0.2038 0.0091 0.9790
vn 0.5291 0.0589 0.8465
vn 0.0311 0.9983 0.0497
vn 0.1651 0.9503 0.2641
vn 0.2181 0.9703 0.1045
vn 0.1536 0.4111 0.8986
vn 0.4302 0.5841 0.6883
vn 0.1035 0.6029 0.7911
vn 0.7404 0.4111 0.5318
vn 0.4873 0.3934 0.7796
vn 0.0189 -0.8916 0.4524
vn -0.0741 -0.7560 0.6503
vn -0.1554 -0.8365 0.5255
vn 0.0352 -0.0079 0.9993
vn -0.2690 -0.2397 0.9329
vn 0.0718 -0.2286 0.9709
vn -0.6098 -0.1321 0.7815
vn -0.3154 -0.0263 0.9486
vn -0.2143 0.9735 0.0794
vn -0.2818 0.9052 0.3181
vn -0.1324 0.9571 0.2577
vn -0.6601 0.2699 0.7011
vn -0.3620 0.5042 0.7841
vn -0.6485 0.4704 0.5985
vn -0.0150 0.3941 0.9189
vn -0.3572 0.3083 0.8817
vn -0.1529 -0.9472 0.2818
vn -0.3869 -0.8572 0.3397
vn -0.3284 -0.9241 0.1956
vn -0.7278 -0.1703 0.6643
vn -0.8236 -0.4191 0.3822
vn -0.6400 -0.3779 0.6690
vn -0.9453 -0.3252 0.0258
vn -0.9066 -0.2176 0.3615
vn -0.3860 0.9180 -0.0912
vn -0.5946 0.8040 0.0075
vn -0.4654 0.8810 0.0852
vn -0.9955 0.0768 -0.0546
vn -0.9166 0.3247 0.2334
vn -0.9506 0.2916 -0.1063
vn -0.7781 0.2317 0.5839
vn -0.9484 0.1169 0.2946
vn -0.1217 -0.9918 0.0395
vn -0.3302 -0.9384 -0.1016
vn -0.1718 -0.9736 -0.1500
vn -0.9239 -0.3558 -0.1408
vn -0.7230 -0.5631 -0.4003
vn -0.8314 -0.5506 -0.0751
vn -0.5500 -0.4247 -0.7191
vn -0.7994 -0.3710 -0.4726
vn -0.3549 0.8734 -0.3335
vn -0.5378 0.7228 -0.4339
vn -0.5301 0.7993 -0.2830
vn -0.6003 -0.0228 -0.7995
vn -0.8160 0.1808 -0.5491
vn -0.5754 0.2012 -0.7927
vn -0.9741 0.0462 -0.2212
vn -0.8412 -0.0365 -0.5395
vn 0.0889 -0.9918 -0.0921
vn 0.0534 -0.9384 -0.3413
vn 0.1963 -0.9478 -0.2511
vn -0.4053 -0.4247 -0.8095
vn -0.0430 -0.5631 -0.8253
vn -0.3582 -0.6167 -0.7010
vn 0.2783 -0.3558 -0.8921
vn -0.0745 -0.3710 -0.9256
vn -0.1443 0.8734 -0.4651
vn -0.1543 0.7228 -0.6736
vn -0.2780 0.7735 -0.5696
vn 0.2281 0.0462 -0.9725
vn -0.1360 0.1808 -0.9741
vn 0.1946 0.2673 -0.9438
vn -0.4556 -0.0228 -0.8899
vn -0.1163 -0.0365 -0.9925
vn 0.3203 -0.9472 -0.0139
vn 0.4749 -0.8572 -0.1989
vn 0.4989 -0.8661 -0.0315
vn 0.4374 -0.3252 -0.8384
vn 0.7044 -0.4191 -0.5728
vn 0.4232 -0.5263 -0.7375
vn 0.9160 -0.1703 -0.3632
vn 0.7223 -0.2176 -0.6565
vn 0.0872 0.9180 -0.3869
vn 0.2673 0.8040 -0.5312
vn 0.1013 0.8230 -0.5589
vn 0.8658 0.2317 -0.4436
vn 0.6114 0.3247 -0.7216
vn 0.7796 0.4400 -0.4457
vn 0.3871 0.0768 -0.9188
vn 0.6804 0.1170 -0.7234
vn 0.3983 -0.8916 0.2152
vn 0.6170 -0.7560 0.2184
vn 0.5080 -0.7900 0.3433
vn 0.9697 -0.1321 -0.2057
vn 0.9564 -0.2397 0.1670
vn 0.9244 -0.3475 -0.1570
vn 0.8829 -0.0079 0.4696
vn 0.9909 -0.0263 0.1322
vn 0.1652 0.9735 -0.1578
vn 0.4094 0.9052 -0.1139
vn 0.3221 0.9106 -0.2588
vn 0.8326 0.3941 0.3892
vn 0.8634 0.5042 0.0182
vn 0.7390 0.5894 0.3264
vn 0.9194 0.2699 -0.2861
vn 0.9491 0.3083 0.0653
vn -0.0000 -0.9784 0.2065
vn -0.0000 -0.8931 0.4498
vn -0.1184 -0.9271 0.3556
vn 0.3128 -0.2919 0.9038
vn -0.0000 -0.4787 0.8780
vn 0.2997 -0.5060 0.8088
vn -0.3128 -0.2919 0.9038
vn -0.0000 -0.2644 0.9644
vn -0.0000 0.9317 0.3632
vn -0.0000 0.8079 0.5893
vn 0.1184 0.8568 0.5019
vn -0.3128 0.1408 0.9393
vn -0.0000 0.3293 0.9442
vn -0.2997 0.3675 0.8804
vn 0.3128 0.1408 0.9393
vn -0.0000 0.1038 0.9946
vn -0.1847 -0.9771 0.1055
vn -0.3562 -0.8901 0.2844
vn -0.3470 -0.9232 0.1651
vn -0.7007 -0.1914 0.6873
vn -0.4564 -0.3842 0.8025
vn -0.4633 -0.2485 0.8506
vn -0.8309 -0.3533 0.4298
vn -0.8679 -0.2149 0.4478
vn -0.1849 0.9469 0.2631
vn -0.3562 0.8319 0.4256
vn -0.2395 0.8754 0.4199
vn -0.7007 0.0769 0.7093
vn -0.8312 0.2790 0.4808
vn -0.8681 0.1397 0.4763
vn -0.4564 0.2483 0.8544
vn -0.4633 0.1066 0.8798
vn -0.2614 -0.9620 -0.0789
vn -0.5037 -0.8610 -0.0706
vn -0.4150 -0.8975 -0.1495
vn -0.9909 -0.1342 -0.0110
vn -0.9109 -0.3375 0.2374
vn -0.9417 -0.2004 0.2702
vn -0.9109 -0.2943 -0.2893
vn -0.9417 -0.1537 -0.2993
vn -0.2858 0.9551 0.0783
vn -0.5213 0.8505 0.0697
vn -0.4301 0.8823 0.1911
vn -0.9250 0.2412 -0.2937
vn -0.9142 0.4040 0.0331
vn -0.8474 0.4613 -0.2629
vn -0.9250 0.1902 0.3291
vn -0.9831 0.1827 0.0150
vn -0.1849 -0.9469 -0.2631
vn -0.3562 -0.8319 -0.4256
vn -0.2400 -0.8753 -0.4199
vn -0.7007 -0.0769 -0.7093
vn -0.8309 -0.2786 -0.4816
vn -0.8679 -0.1391 -0.4768
vn -0.4572 -0.2480 -0.8541
vn -0.4639 -0.1061 -0.8795
vn -0.1849 0.9771 -0.1054
vn -0.3562 0.8901 -0.2844
vn -0.3470 0.9233 -0.1646
vn -0.7007 0.1914 -0.6873
vn -0.4564 0.3842 -0.8025
vn -0.4633 0.2485 -0.8506
vn -0.8312 0.3536 -0.4290
vn -0.8681 0.2154 -0.4472
vn -0.0000 -0.9406 -0.3395
vn -0.0000 -0.8198 -0.5726
vn 0.0757 -0.8697 -0.4877
vn -0.0000 -0.0533 -0.9986
vn -0.2643 -0.2415 -0.9337
vn -0.2857 -0.1001 -0.9531
vn 0.2643 -0.2415 -0.9337
vn 0.2857 -0.1001 -0.9531
vn -0.0000 0.9784 -0.2065
vn -0.0000 0.8931 -0.4498
vn -0.1184 0.9271 -0.3556
vn 0.3124 0.2913 -0.9042
vn -0.0000 0.4787 -0.8780
vn 0.2997 0.5060 -0.8088
vn -0.3124 0.2913 -0.9042
vn -0.0000 0.2630 -0.9648
vn 0.1850 -0.9469 -0.2630
vn 0.3562 -0.8319 -0.4255
vn 0.3470 -0.8842 -0.3128
vn 0.7007 -0.0769 -0.7093
vn 0.4572 -0.2480 -0.8541
vn 0.4639 -0.1061 -0.8795
vn 0.8312 -0.2790 -0.4808
vn 0.8681 -0.1397 -0.4763
vn 0.1849 0.9771 -0.1054
vn 0.3562 0.8901 -0.2844
vn 0.2395 0.9321 -0.2717
vn 0.7007 0.1914 -0.6873
vn 0.8313 0.3536 -0.4290
vn 0.8681 0.2154 -0.4472
vn 0.4564 0.3842 -0.8025
vn 0.4633 0.2485 -0.8506
vn 0.2858 -0.9551 -0.0783
vn 0.5213 -0.8505 -0.0697
vn 0.4302 -0.9016 0.0449
vn 0.9247 -0.1908 -0.3295
vn 0.9142 -0.4040 -0.0331
vn 0.8474 -0.4123 -0.3345
vn 0.9247 -0.2419 0.2940
vn 0.9828 -0.1841 -0.0151
vn 0.2858 0.9551 0.0783
vn 0.5213 0.8505 0.0697
vn 0.4302 0.9016 -0.0449
vn 0.9247 0.1908 0.3295
vn 0.9142 0.4040 0.0331
vn 0.8474 0.4123 0.3345
vn 0.9247 0.2419 -0.2940
vn 0.9828 0.1841 0.0151
vn 0.1849 -0.9771 0.1054
vn 0.3562 -0.8901 0.2844
vn 0.2395 -0.9321 0.2717
vn 0.7007 -0.1914 0.6873
vn 0.8312 -0.3536 0.4290
vn 0.8681 -0.2154 0.4472
vn 0.4564 -0.3842 0.8025
vn 0.4633 -0.2485 0.8506
vn 0.1849 0.9469 0.2631
vn 0.3562 0.8319 0.4255
vn 0.3470 0.8842 0.3128
vn 0.7007 0.0769 0.7093
vn 0.4564 0.2483 0.8544
vn 0.4633 0.1066 0.8798
vn 0.8312 0.2790 0.4808
vn 0.8681 0.1397 0.4763
vn -0.0000 -0.9449 0.3274
vn -0.0000 -0.8271 0.5621
vn -0.0757 -0.8759 0.4766
vn -0.0000 -0.0659 0.9978
vn 0.2642 -0.2534 0.9306
vn 0.2857 -0.1122 0.9517
vn -0.2642 -0.2533 0.9306
vn -0.2857 -0.1122 0.9517
vn -0.0002 0.9810 0.1942
vn -0.0000 0.8966 0.4429
vn 0.0757 0.9331 0.3514
vn -0.0000 0.2027 0.9792
vn -0.2651 0.3795 0.8864
vn -0.2863 0.2428 0.9269
vn 0.2643 0.3791 0.8868
vn 0.2857 0.2422 0.9272
vn -0.1850 -0.9502 0.2509
vn -0.3562 -0.8372 0.4149
vn -0.3470 -0.8881 0.3015
vn -0.7007 -0.0860 0.7083
vn -0.4572 -0.2589 0.8508
vn -0.4639 -0.1173 0.8781
vn -0.8313 -0.2851 0.4772
vn -0.8681 -0.1458 0.4744
vn -0.2021 0.9700 0.1355
vn -0.3686 0.8768 0.3088
vn -0.2204 0.9196 0.3251
vn -0.8750 0.2458 0.4172
vn -0.6464 0.4490 0.6169
vn -0.8109 0.4645 0.3560
vn -0.4331 0.2763 0.8579
vn -0.6951 0.2309 0.6808
vn -0.2858 -0.9560 0.0661
vn -0.5213 -0.8514 0.0589
vn -0.4301 -0.9010 -0.0563
vn -0.9247 -0.1950 0.3271
vn -0.9142 -0.4044 0.0280
vn -0.8475 -0.4165 0.3292
vn -0.9247 -0.2381 -0.2971
vn -0.9828 -0.1843 0.0128
vn -0.2858 0.9560 -0.0661
vn -0.5213 0.8514 -0.0589
vn -0.4304 0.9009 0.0564
vn -0.9247 0.1950 -0.3271
vn -0.9142 0.4043 -0.0280
vn -0.8475 0.4165 -0.3292
vn -0.9247 0.2382 0.2971
vn -0.9828 0.1843 -0.0128
vn -0.1850 -0.9757 -0.1177
vn -0.3562 -0.8864 -0.2957
vn -0.2400 -0.9285 -0.2835
vn -0.7007 -0.1827 -0.6897
vn -0.8313 -0.3481 -0.4334
vn -0.8681 -0.2098 -0.4498
vn -0.4572 -0.3736 -0.8071
vn -0.4639 -0.2371 -0.8536
vn -0.1850 0.9502 -0.2509
vn -0.3562 0.8372 -0.4149
vn -0.3470 0.8881 -0.3015
vn -0.7007 0.0859 -0.7083
vn -0.4572 0.2589 -0.8508
vn -0.4639 0.1173 -0.8781
vn -0.8313 0.2851 -0.4772
vn -0.8681 0.1458 -0.4744
vn -0.0000 -0.9810 -0.1942
vn -0.0000 -0.8966 -0.4428
vn 0.0757 -0.9332 -0.3514
vn -0.0000 -0.2027 -0.9792
vn -0.2642 -0.3791 -0.8868
vn -0.2857 -0.2422 -0.9272
vn 0.2642 -0.3791 -0.8868
vn 0.2857 -0.2422 -0.9272
vn -0.0000 0.9449 -0.3274
vn -0.0000 0.8271 -0.5621
vn -0.0757 0.8759 -0.4766
vn -0.0000 0.0659 -0.9978
vn 0.2643 0.2533 -0.9306
vn 0.2857 0.1122 -0.9517
vn -0.2643 0.2533 -0.9306
vn -0.2857 0.1122 -0.9517
vn 0.1850 -0.9757 -0.1177
vn 0.3562 -0.8864 -0.2957
vn 0.3470 -0.9211 -0.1763
vn 0.7007 -0.1827 -0.6897
vn 0.4572 -0.3736 -0.8071
vn 0.4639 -0.2371 -0.8536
vn 0.8313 -0.3481 -0.4334
vn 0.8681 -0.2098 -0.4498
vn 0.1850 0.9502 -0.2509
vn 0.3562 0.8372 -0.4150
vn 0.2400 0.8806 -0.4087
vn 0.7007 0.0859 -0.7083
vn 0.8313 0.2851 -0.4772
vn 0.8681 0.1458 -0.4744
vn 0.4572 0.2589 -0.8508
vn 0.4639 0.1173 -0.8781
vn 0.2858 -0.9560 0.0661
vn 0.5213 -0.8514 0.0589
vn 0.4301 -0.8847 0.1799
vn 0.9247 -0.2381 -0.2971
vn 0.9142 -0.4044 0.0280
vn 0.8475 -0.4578 -0.2687
vn 0.9247 -0.1950 0.3271
vn 0.9828 -0.1843 0.0127
vn 0.2858 0.9560 -0.0661
vn 0.5213 0.8514 -0.0589
vn 0.4301 0.8847 -0.1799
vn 0.9247 0.2381 0.2971
vn 0.9142 0.4043 -0.0280
vn 0.8475 0.4578 0.2687
vn 0.9247 0.1950 -0.3271
vn 0.9828 0.1843 -0.0128
vn 0.1850 -0.9502 0.2509
vn 0.3562 -0.8372 0.4149
vn 0.2400 -0.8806 0.4087
vn 0.7007 -0.0859 0.7083
vn 0.8313 -0.2851 0.4772
vn 0.8681 -0.1458 0.4744
vn 0.4572 -0.2589 0.8508
vn 0.4639 -0.1173 0.8781
vn 0.1850 0.9757 0.1177
vn 0.3562 0.8864 0.2957
vn 0.3470 0.9211 0.1763
vn 0.7007 0.1827 0.6897
vn 0.4572 0.3736 0.8071
vn 0.4639 0.2371 0.8536
vn 0.8313 0.3481 0.4334
vn 0.8681 0.2098 0.4498
vn 0.4081 -0.8952 -0.1794
vn 0.5303 -0.7831 -0.3250
vn 0.5892 -0.7963 -0.1369
vn 0.2174 -0.1307 -0.9673
vn 0.3940 -0.2368 -0.8881
vn 0.2245 -0.3347 -0.9152
vn 0.9820 0.0600 -0.1794
vn 0.9403 -0.1005 -0.3251
vn 0.9211 0.0886 -0.3791
vn 0.1307 0.2174 -0.9673
vn 0.2368 0.3940 -0.8881
vn 0.3347 0.2245 -0.9152
vn -0.0600 0.9820 -0.1794
vn 0.1005 0.9403 -0.3251
vn -0.0886 0.9211 -0.3791
vn 0.8952 0.4081 -0.1794
vn 0.7830 0.5303 -0.3251
vn 0.7963 0.5892 -0.1369
vn 0.4081 -0.8952 0.1794
vn 0.5302 -0.7831 0.3251
vn 0.3542 -0.8549 0.3791
vn 0.9820 0.0600 0.1794
vn 0.9403 -0.1005 0.3251
vn 0.9797 -0.1464 0.1369
vn 0.2174 -0.1307 0.9673
vn 0.3940 -0.2367 0.8881
vn 0.4009 -0.0411 0.9152
vn -0.0600 0.9820 0.1794
vn 0.1005 0.9403 0.3251
vn 0.1464 0.9797 0.1369
vn 0.1307 0.2174 0.9673
vn 0.2368 0.3940 0.8881
vn 0.0411 0.4009 0.9152
vn 0.8952 0.4081 0.1794
vn 0.7830 0.5302 0.3251
vn 0.8549 0.3542 0.3791
vn 0.0600 -0.9820 -0.1794
vn -0.1006 -0.9403 -0.3251
vn 0.0886 -0.9211 -0.3791
vn -0.8952 -0.4081 -0.1794
vn -0.7830 -0.5303 -0.3251
vn -0.7963 -0.5892 -0.1369
vn -0.1307 -0.2174 -0.9673
vn -0.2368 -0.3940 -0.8881
vn -0.3347 -0.2245 -0.9152
vn -0.4081 0.8952 -0.1794
vn -0.5302 0.7831 -0.3251
vn -0.5892 0.7963 -0.1369
vn -0.2174 0.1307 -0.9673
vn -0.3940 0.2368 -0.8881
vn -0.2245 0.3347 -0.9152
vn -0.9820 -0.0600 -0.1794
vn -0.9403 0.1006 -0.3250
vn -0.9211 -0.0886 -0.3791
vn 0.0600 -0.9820 0.1794
vn -0.1006 -0.9403 0.3251
vn -0.1464 -0.9797 0.1369
vn -0.1307 -0.2174 0.9673
vn -0.2368 -0.3940 0.8881
vn -0.0411 -0.4009 0.9152
vn -0.8952 -0.4081 0.1794
vn -0.7830 -0.5302 0.3251
vn -0.8549 -0.3542 0.3791
vn -0.4081 0.8952 0.1794
vn -0.5302 0.7831 0.3251
vn -0.3542 0.8549 0.3791
vn -0.9820 -0.0600 0.1794
vn -0.9403 0.1006 0.3251
vn -0.9797 0.1464 0.1369
vn -0.2174 0.1307 0.9673
vn -0.3940 0.2368 0.8881
vn -0.4009 0.0411 0.9152
vn 0.0826 -0.9673 -0.2399
vn 0.1497 -0.8881 -0.4347
vn 0.2807 -0.9152 -0.2892
vn -0.2628 -0.1794 -0.9480
vn -0.0972 -0.3251 -0.9407
vn -0.2782 -0.3791 -0.8826
vn 0.7908 -0.1794 -0.5853
vn 0.6557 -0.3251 -0.6815
vn 0.6564 -0.1369 -0.7419
vn -0.2628 0.1794 -0.9480
vn -0.0972 0.3251 -0.9407
vn -0.0605 0.1369 -0.9887
vn 0.0826 0.9673 -0.2399
vn 0.1496 0.8881 -0.4347
vn -0.0432 0.9152 -0.4007
vn 0.7908 0.1794 -0.5852
vn 0.6557 0.3250 -0.6814
vn 0.7626 0.3791 -0.5242
vn 0.2399 -0.9673 0.0826
vn 0.4347 -0.8881 0.1497
vn 0.2892 -0.9152 0.2807
vn 0.9480 -0.1794 -0.2628
vn 0.9407 -0.3251 -0.0971
vn 0.8826 -0.3791 -0.2782
vn 0.5852 -0.1794 0.7908
vn 0.6815 -0.3251 0.6557
vn 0.7419 -0.1369 0.6564
vn 0.2399 0.9673 0.0826
vn 0.4346 0.8881 0.1497
vn 0.4007 0.9152 -0.0432
vn 0.5853 0.1794 0.7908
vn 0.6815 0.3251 0.6557
vn 0.5242 0.3791 0.7626
vn 0.9480 0.1794 -0.2628
vn 0.9407 0.3251 -0.0971
vn 0.9887 0.1369 -0.0605
vn -0.2399 -0.9673 -0.0826
vn -0.4347 -0.8881 -0.1497
vn -0.2892 -0.9152 -0.2807
vn -0.9480 -0.1794 0.2628
vn -0.9407 -0.3251 0.0971
vn -0.8826 -0.3791 0.2782
vn -0.5853 -0.1794 -0.7908
vn -0.6815 -0.3251 -0.6557
vn -0.7419 -0.1369 -0.6564
vn -0.2399 0.9673 -0.0826
vn -0.4346 0.8881 -0.1497
vn -0.4007 0.9152 0.0432
vn -0.5853 0.1794 -0.7908
vn -0.6815 0.3251 -0.6557
vn -0.5242 0.3791 -0.7626
vn -0.9480 0.1794 0.2628
vn -0.9407 0.3251 0.0971
vn -0.9887 0.1369 0.0605
vn -0.0826 -0.9673 0.2399
vn -0.1497 -0.8881 0.4347
vn -0.2807 -0.9152 0.2892
vn 0.2628 -0.1794 0.9480
vn 0.0971 -0.3251 0.9407
vn 0.2782 -0.3791 0.8826
vn -0.7907 -0.1794 0.5853
vn -0.6557 -0.3251 0.6815
vn -0.6564 -0.1369 0.7419
vn -0.0826 0.9673 0.2399
vn -0.1497 0.8881 0.4347
vn 0.0432 0.9152 0.4007
vn -0.7908 0.1794 0.5853
vn -0.6557 0.3251 0.6815
vn -0.7626 0.3791 0.5242
vn 0.2628 0.1794 0.9480
vn 0.0971 0.3251 0.9407
vn 0.0605 0.1369 0.9887
vn 0.6557 -0.3250 -0.6815
vn 0.6564 -0.1368 -0.7419
vn 0.1497 0.8881 -0.4347
vn 0.7908 0.1794 -0.5853
vn 0.6557 0.3250 -0.6815
vn 0.9407 -0.3250 -0.0971
vn 0.4347 0.8881 0.1497
vn -0.4346 -0.8881 -0.1497
vn -0.9407 -0.3250 0.0971
vn -0.9407 0.3250 0.0971
vn -0.9887 0.1368 0.0605
vn -0.7908 -0.1794 0.5853
vn -0.6564 -0.1368 0.7419
vn -0.2021 -0.8873 -0.4145
vn -0.2922 -0.7455 -0.5991
vn -0.1041 -0.8099 -0.5773
vn -0.8010 0.0129 -0.5986
vn -0.6977 -0.1158 -0.7070
vn -0.7833 -0.1941 -0.5906
vn 0.0215 0.0129 -0.9997
vn -0.1276 -0.1158 -0.9850
vn -0.1476 0.0736 -0.9863
vn -0.0356 0.9967 -0.0731
vn -0.1397 0.9479 -0.2864
vn -0.2299 0.9662 -0.1169
vn 0.0523 0.3705 -0.9274
vn -0.0712 0.5088 -0.8579
vn 0.0831 0.5493 -0.8315
vn -0.7630 0.3705 -0.5297
vn -0.6322 0.5088 -0.5843
vn -0.6580 0.3432 -0.6703
vn 0.1207 -0.9249 -0.3606
vn 0.2944 -0.8137 -0.5012
vn 0.3190 -0.8924 -0.3190
vn 0.3037 -0.0199 -0.9526
vn 0.4074 -0.1781 -0.8957
vn 0.2556 -0.2218 -0.9410
vn 0.9321 -0.1888 -0.3092
vn 0.8430 -0.2951 -0.4497
vn 0.8802 -0.1087 -0.4620
vn 0.2790 0.9601 -0.0205
vn 0.4323 0.8813 -0.1909
vn 0.2517 0.9426 -0.2193
vn 0.9549 0.1705 -0.2429
vn 0.8830 0.3324 -0.3313
vn 0.9161 0.3604 -0.1756
vn 0.3320 0.3379 -0.8807
vn 0.4543 0.4476 -0.7702
vn 0.4886 0.2720 -0.8291
vn 0.1639 -0.9857 -0.0397
vn 0.3731 -0.9242 0.0820
vn 0.1951 -0.9673 0.1623
vn 0.9699 -0.2420 -0.0287
vn 0.9146 -0.3959 0.0820
vn 0.8989 -0.4311 -0.0778
vn 0.5358 -0.3463 0.7701
vn 0.6137 -0.4682 0.6357
vn 0.6784 -0.2931 0.6737
vn 0.3212 0.9008 0.2922
vn 0.5089 0.7736 0.3776
vn 0.4922 0.8472 0.2001
vn 0.5621 0.0144 0.8269
vn 0.6573 0.1622 0.7360
vn 0.5303 0.2169 0.8196
vn 0.9924 0.1178 0.0351
vn 0.9534 0.2334 0.1910
vn 0.9792 0.0470 0.1974
vn -0.1322 -0.9857 0.1047
vn -0.1651 -0.9242 0.3444
vn -0.3047 -0.9309 0.2014
vn 0.2770 -0.3463 0.8963
vn 0.1231 -0.4682 0.8750
vn 0.2577 -0.5326 0.8062
vn -0.6197 -0.2420 0.7466
vn -0.4985 -0.3959 0.7712
vn -0.4742 -0.2248 0.8513
vn 0.0326 0.9008 0.4330
vn -0.0157 0.7736 0.6335
vn 0.1592 0.8118 0.5619
vn -0.5833 0.1178 0.8037
vn -0.4365 0.2334 0.8689
vn -0.5413 0.3171 0.7787
vn 0.3056 0.0144 0.9521
vn 0.1753 0.1622 0.9711
vn 0.1359 -0.0209 0.9905
vn -0.3584 -0.9249 -0.1269
vn -0.5762 -0.8137 -0.0765
vn -0.4896 -0.8336 -0.2557
vn -0.8175 -0.1888 0.5441
vn -0.8734 -0.2951 0.3874
vn -0.7820 -0.3861 0.4892
vn -0.9376 -0.0199 -0.3472
vn -0.9566 -0.1781 -0.2305
vn -0.9846 0.0019 -0.1747
vn -0.1880 0.9601 0.2072
vn -0.4165 0.8813 0.2231
vn -0.2870 0.8853 0.3659
vn -0.8984 0.3379 -0.2805
vn -0.8867 0.4476 -0.1162
vn -0.8177 0.5225 -0.2417
vn -0.7793 0.1705 0.6030
vn -0.8047 0.3324 0.4919
vn -0.8760 0.1622 0.4543
vn -0.4283 -0.2128 -0.8782
vn -0.4378 0.0502 -0.8977
vn -0.2806 -0.0834 -0.9562
vn -0.6317 0.7371 -0.2402
vn -0.5659 0.7087 -0.4212
vn -0.6952 0.6038 -0.3901
vn 0.1997 0.7371 -0.6456
vn 0.0164 0.7088 -0.7053
vn 0.0614 0.8261 -0.5602
vn 0.3133 0.6995 0.6423
vn 0.2357 0.8433 0.4831
vn 0.1372 0.7748 0.6171
vn 0.3281 0.8820 -0.3382
vn 0.2499 0.9529 -0.1717
vn 0.3976 0.9045 -0.1544
vn -0.4685 0.8820 0.0503
vn -0.2892 0.9529 0.0912
vn -0.3595 0.9301 -0.0747
vn -0.1337 -0.3896 -0.9112
vn 0.0975 -0.2710 -0.9576
vn 0.0603 -0.4681 -0.8816
vn 0.4479 0.5880 -0.6735
vn 0.4971 0.4202 -0.7591
vn 0.3442 0.4695 -0.8131
vn 0.8939 -0.1787 -0.4111
vn 0.8095 -0.1168 -0.5754
vn 0.8929 0.0025 -0.4502
vn 0.5734 0.5433 0.6132
vn 0.7086 0.5594 0.4301
vn 0.5736 0.6717 0.4689
vn 0.9935 0.0045 -0.1135
vn 0.9803 0.1910 -0.0510
vn 0.9940 0.0879 0.0658
vn 0.5662 0.7391 -0.3649
vn 0.6911 0.6881 -0.2211
vn 0.6854 0.6163 -0.3879
vn -0.1591 -0.6757 -0.7198
vn 0.0514 -0.7908 -0.6099
vn -0.1559 -0.8138 -0.5599
vn 0.8726 -0.4198 -0.2498
vn 0.7682 -0.5837 -0.2630
vn 0.7626 -0.5000 -0.4103
vn 0.3168 -0.8937 0.3178
vn 0.3789 -0.9156 0.1346
vn 0.4850 -0.8316 0.2707
vn 0.5510 0.2908 0.7822
vn 0.6680 0.1000 0.7374
vn 0.7008 0.2608 0.6640
vn 0.4406 -0.6809 0.5851
vn 0.5820 -0.5448 0.6037
vn 0.4671 -0.5287 0.7087
vn 0.9731 -0.2268 0.0412
vn 0.9424 -0.2375 0.2356
vn 0.9205 -0.3730 0.1166
vn -0.4693 -0.6757 -0.5685
vn -0.5123 -0.7908 -0.3349
vn -0.6303 -0.6427 -0.4356
vn 0.0554 -0.8936 0.4453
vn -0.1273 -0.9156 0.3815
vn -0.0182 -0.9650 0.2616
vn -0.7341 -0.4198 0.5338
vn -0.6803 -0.5836 0.4434
vn -0.5986 -0.5234 0.6064
vn 0.2771 0.2908 0.9158
vn 0.1699 0.1000 0.9804
vn 0.3430 0.1100 0.9329
vn -0.5666 -0.2268 0.7922
vn -0.3945 -0.2375 0.8877
vn -0.4548 -0.0932 0.8857
vn 0.1898 -0.6809 0.7074
vn 0.1174 -0.5448 0.8303
vn 0.0208 -0.6705 0.7416
vn -0.6357 -0.3896 -0.6664
vn -0.8146 -0.2710 -0.5128
vn -0.7073 -0.1913 -0.6805
vn -0.8743 -0.1787 0.4513
vn -0.9518 -0.1168 0.2837
vn -0.9192 -0.2828 0.2740
vn -0.8065 0.5880 -0.0617
vn -0.9043 0.4202 -0.0757
vn -0.8604 0.5011 0.0929
vn 0.1302 0.5433 0.8294
vn -0.0973 0.5593 0.8232
vn -0.0053 0.4277 0.9039
vn -0.6362 0.7391 0.2215
vn -0.5997 0.6881 0.4084
vn -0.4977 0.7926 0.3523
vn -0.7011 0.0045 0.7130
vn -0.6437 0.1909 0.7411
vn -0.7702 0.1348 0.6234
vn -0.1908 -0.9004 -0.3911
vn -0.2824 -0.7649 -0.5790
vn -0.0940 -0.8260 -0.5558
vn -0.8008 -0.0157 -0.5987
vn -0.6956 -0.1460 -0.7034
vn -0.7802 -0.2219 -0.5849
vn 0.0212 -0.0157 -0.9997
vn -0.1260 -0.1460 -0.9812
vn -0.1485 0.0429 -0.9880
vn -0.0483 0.9939 -0.0991
vn -0.1520 0.9380 -0.3115
vn -0.2424 0.9597 -0.1420
vn 0.0476 0.3442 -0.9377
vn -0.0777 0.4828 -0.8723
vn 0.0760 0.5262 -0.8469
vn -0.7682 0.3442 -0.5398
vn -0.6395 0.4828 -0.5983
vn -0.6628 0.3143 -0.6797
vn 0.1319 -0.9324 -0.3364
vn 0.3040 -0.8231 -0.4796
vn 0.3296 -0.8965 -0.2959
vn 0.3037 -0.0438 -0.9518
vn 0.4090 -0.1992 -0.8905
vn 0.2578 -0.2456 -0.9345
vn 0.9337 -0.1880 -0.3047
vn 0.8456 -0.2992 -0.4422
vn 0.8810 -0.1129 -0.4595
vn 0.2673 0.9625 -0.0456
vn 0.4217 0.8811 -0.2142
vn 0.2400 0.9396 -0.2441
vn 0.9532 0.1731 -0.2480
vn 0.8796 0.3318 -0.3408
vn 0.9125 0.3646 -0.1858
vn 0.3279 0.3163 -0.8902
vn 0.4491 0.4304 -0.7830
vn 0.4852 0.2534 -0.8368
vn 0.1758 -0.9843 -0.0146
vn 0.3837 -0.9174 0.1052
vn 0.2068 -0.9604 0.1865
vn 0.9721 -0.2335 -0.0231
vn 0.9183 -0.3852 0.0913
vn 0.9030 -0.4243 -0.0674
vn 0.5394 -0.3226 0.7778
vn 0.6185 -0.4470 0.6463
vn 0.6813 -0.2705 0.6801
vn 0.3102 0.9118 0.2691
vn 0.4998 0.7888 0.3578
vn 0.4819 0.8579 0.1782
vn 0.5619 0.0396 0.8263
vn 0.6556 0.1862 0.7318
vn 0.5279 0.2418 0.8142
vn 0.9913 0.1281 0.0315
vn 0.9513 0.2471 0.1846
vn 0.9788 0.0609 0.1955
vn -0.1198 -0.9843 0.1295
vn -0.1534 -0.9174 0.3672
vn -0.2928 -0.9294 0.2249
vn 0.2808 -0.3226 0.9039
vn 0.1284 -0.4470 0.8853
vn 0.2639 -0.5110 0.8181
vn -0.6167 -0.2335 0.7518
vn -0.4934 -0.3852 0.7799
vn -0.4715 -0.2121 0.8560
vn 0.0211 0.9118 0.4101
vn -0.0257 0.7888 0.6141
vn 0.1491 0.8275 0.5413
vn -0.5855 0.1281 0.8005
vn -0.4403 0.2471 0.8632
vn -0.5461 0.3275 0.7710
vn 0.3052 0.0396 0.9515
vn 0.1730 0.1862 0.9672
vn 0.1358 0.0029 0.9907
vn -0.3463 -0.9324 -0.1031
vn -0.5651 -0.8231 -0.0557
vn -0.4786 -0.8463 -0.2339
vn -0.8150 -0.1880 0.5482
vn -0.8690 -0.2992 0.3941
vn -0.7764 -0.3859 0.4982
vn -0.9370 -0.0437 -0.3467
vn -0.9536 -0.1992 -0.2260
vn -0.9844 -0.0184 -0.1750
vn -0.2005 0.9625 0.1825
vn -0.4285 0.8810 0.2005
vn -0.2986 0.8905 0.3434
vn -0.9033 0.3164 -0.2897
vn -0.8935 0.4304 -0.1282
vn -0.8254 0.5033 -0.2556
vn -0.7823 0.1731 0.5984
vn -0.8101 0.3318 0.4833
vn -0.8788 0.1594 0.4498
vn -0.4204 -0.2832 -0.8620
vn -0.4383 -0.0232 -0.8986
vn -0.2772 -0.1544 -0.9483
vn -0.6560 0.6967 -0.2903
vn -0.5890 0.6579 -0.4692
vn -0.7145 0.5513 -0.4307
vn 0.1751 0.6967 -0.6957
vn -0.0071 0.6579 -0.7531
vn 0.0339 0.7866 -0.6166
vn 0.2902 0.7495 0.5950
vn 0.2078 0.8805 0.4261
vn 0.1113 0.8175 0.5651
vn 0.2991 0.8667 -0.3992
vn 0.2186 0.9464 -0.2377
vn 0.3679 0.9041 -0.2171
vn -0.4987 0.8667 -0.0101
vn -0.3219 0.9464 0.0259
vn -0.3913 0.9098 -0.1385
vn -0.1211 -0.4520 -0.8838
vn 0.1056 -0.3299 -0.9381
vn 0.0751 -0.5220 -0.8496
vn 0.4279 0.5541 -0.7141
vn 0.4817 0.3822 -0.7886
vn 0.3275 0.4233 -0.8447
vn 0.8974 -0.1793 -0.4033
vn 0.8104 -0.1313 -0.5710
vn 0.8908 -0.0016 -0.4545
vn 0.5558 0.5997 0.5757
vn 0.6910 0.6080 0.3910
vn 0.5520 0.7186 0.4229
vn 0.9926 0.0257 -0.1185
vn 0.9741 0.2156 -0.0683
vn 0.9911 0.1209 0.0554
vn 0.5420 0.7297 -0.4168
vn 0.6688 0.6925 -0.2705
vn 0.6649 0.6091 -0.4323
vn -0.1376 -0.7251 -0.6747
vn 0.0757 -0.8262 -0.5583
vn -0.1299 -0.8524 -0.5065
vn 0.8835 -0.4100 -0.2267
vn 0.7836 -0.5773 -0.2296
vn 0.7755 -0.5031 -0.3814
vn 0.3425 -0.8633 0.3707
vn 0.4048 -0.8947 0.1886
vn 0.5086 -0.7996 0.3192
vn 0.5413 0.3573 0.7612
vn 0.6645 0.1671 0.7284
vn 0.6923 0.3245 0.6445
vn 0.4601 -0.6311 0.6246
vn 0.5976 -0.4901 0.6346
vn 0.4823 -0.4706 0.7389
vn 0.9793 -0.1959 0.0511
vn 0.9494 -0.1953 0.2461
vn 0.9310 -0.3389 0.1356
vn -0.4470 -0.7251 -0.5238
vn -0.4866 -0.8262 -0.2841
vn -0.6088 -0.6891 -0.3932
vn 0.0812 -0.8633 0.4982
vn -0.1005 -0.8947 0.4351
vn 0.0104 -0.9477 0.3189
vn -0.7226 -0.4100 0.5566
vn -0.6634 -0.5773 0.4761
vn -0.5845 -0.5047 0.6353
vn 0.2666 0.3573 0.8951
vn 0.1649 0.1671 0.9720
vn 0.3384 0.1797 0.9237
vn -0.5626 -0.1959 0.8031
vn -0.3906 -0.1953 0.8996
vn -0.4553 -0.0530 0.8888
vn 0.2089 -0.6311 0.7471
vn 0.1321 -0.4901 0.8616
vn 0.0394 -0.6241 0.7804
vn -0.6218 -0.4520 -0.6395
vn -0.8042 -0.3299 -0.4943
vn -0.6998 -0.2577 -0.6662
vn -0.8702 -0.1793 0.4588
vn -0.9489 -0.1313 0.2871
vn -0.9106 -0.2960 0.2885
vn -0.8261 0.5541 -0.1024
vn -0.9180 0.3822 -0.1059
vn -0.8778 0.4756 0.0570
vn 0.1114 0.5997 0.7924
vn -0.1173 0.6080 0.7852
vn -0.0207 0.4844 0.8746
vn -0.6621 0.7297 0.1704
vn -0.6249 0.6925 0.3605
vn -0.5259 0.7966 0.2980
vn -0.7045 0.0257 0.7092
vn -0.6536 0.2156 0.7255
vn -0.7778 0.1477 0.6109
vn -0.1520 0.9380 -0.3114
vn -0.0777 0.4827 -0.8723
vn 0.3297 -0.8965 -0.2959
vn 0.3037 -0.0437 -0.9518
vn 0.4218 0.8810 -0.2142
vn 0.9124 0.3646 -0.1858
vn 0.4853 0.2534 -0.8368
vn 0.3838 -0.9174 0.1052
vn 0.2068 -0.9604 0.1866
vn 0.9721 -0.2334 -0.0231
vn 0.5395 -0.3226 0.7778
vn 0.6185 -0.4470 0.6462
vn 0.6814 -0.2705 0.6801
vn 0.4820 0.8579 0.1782
vn 0.9513 0.2471 0.1845
vn -0.2927 -0.9294 0.2249
vn 0.2638 -0.5110 0.8181
vn 0.1730 0.1861 0.9672
vn -0.8788 0.1595 0.4498
vn -0.2772 -0.1545 -0.9483
vn -0.5890 0.6580 -0.4692
vn -0.7146 0.5513 -0.4306
vn -0.0071 0.6579 -0.7530
vn 0.3680 0.9041 -0.2171
vn 0.4279 0.5541 -0.7140
vn 0.4817 0.3823 -0.7886
vn 0.3275 0.4234 -0.8447
vn 0.8973 -0.1793 -0.4033
vn 0.5559 0.5997 0.5756
vn 0.5520 0.7187 0.4229
vn 0.6688 0.6925 -0.2704
vn 0.3426 -0.8633 0.3707
vn 0.4048 -0.8947 0.1887
vn 0.5412 0.3573 0.7612
vn 0.4823 -0.4706 0.7388
vn 0.3383 0.1798 0.9237
vn -0.5626 -0.1959 0.8032
vn -0.6219 -0.4520 -0.6395
vn -0.6999 -0.2577 -0.6662
vn -0.9106 -0.2961 0.2885
vn -0.8261 0.5541 -0.1025
vn -0.9180 0.3823 -0.1060
vn -0.8778 0.4756 0.0569
vn -0.1042 -0.8099 -0.5773
vn -0.8010 0.0129 -0.5985
vn -0.7833 -0.1940 -0.5906
vn 0.0831 0.5492 -0.8315
vn 0.1206 -0.9249 -0.3606
vn 0.3190 -0.8925 -0.3190
vn 0.4544 0.4476 -0.7702
vn 0.4886 0.2720 -0.8290
vn 0.3730 -0.9242 0.0820
vn 0.6573 0.1623 0.7360
vn -0.4364 0.2334 0.8689
vn -0.5413 0.3171 0.7788
vn 0.3055 0.0144 0.9521
vn -0.9567 -0.1781 -0.2305
vn -0.4166 0.8813 0.2231
vn -0.4378 0.0503 -0.8977
vn -0.2806 -0.0833 -0.9562
vn -0.6952 0.6037 -0.3901
vn 0.1996 0.7371 -0.6457
vn 0.0165 0.7087 -0.7053
vn 0.3133 0.6995 0.6424
vn 0.2356 0.8433 0.4831
vn 0.1372 0.7748 0.6172
vn 0.3977 0.9044 -0.1544
vn -0.1338 -0.3896 -0.9112
vn 0.0974 -0.2710 -0.9576
vn 0.0602 -0.4681 -0.8816
vn 0.8929 0.0025 -0.4503
vn 0.9803 0.1909 -0.0510
vn 0.6854 0.6162 -0.3879
vn -0.1590 -0.6757 -0.7198
vn 0.0515 -0.7908 -0.6098
vn -0.1558 -0.8138 -0.5599
vn 0.7626 -0.5001 -0.4103
vn 0.4406 -0.6808 0.5851
vn 0.4672 -0.5287 0.7087
vn 0.9424 -0.2375 0.2357
vn -0.1272 -0.9156 0.3815
vn -0.6802 -0.5837 0.4434
vn -0.4547 -0.0932 0.8857
vn 0.1898 -0.6808 0.7074
vn 0.1302 0.5433 0.8293
vn -0.0973 0.5594 0.8232
vn -0.6361 0.7391 0.2215
vn 0.3818 -0.7138 -0.5871
vn 0.4675 -0.5143 -0.7189
vn 0.5590 -0.6090 -0.5627
vn 0.0715 0.2950 -0.9528
vn 0.2380 0.1900 -0.9525
vn 0.1089 0.0927 -0.9897
vn 0.8419 0.2950 -0.4518
vn 0.7741 0.1900 -0.6039
vn 0.7304 0.3735 -0.5719
vn -0.1164 0.9769 0.1791
vn 0.0127 0.9997 -0.0195
vn -0.1752 0.9845 -0.0109
vn 0.7332 0.6098 -0.3009
vn 0.5861 0.7377 -0.3351
vn 0.6389 0.7469 -0.1843
vn -0.0224 0.6098 -0.7922
vn 0.0685 0.7377 -0.6716
vn 0.1529 0.6096 -0.7778
vn 0.5139 -0.8059 -0.2941
vn 0.7076 -0.6816 -0.1865
vn 0.5772 -0.8108 -0.0967
vn 0.9562 0.2154 -0.1984
vn 0.9920 0.0382 -0.1206
vn 0.9589 0.0241 -0.2826
vn 0.7732 -0.1939 0.6037
vn 0.8647 -0.2466 0.4376
vn 0.8600 -0.0679 0.5057
vn 0.0084 0.8899 0.4560
vn 0.2397 0.8416 0.4841
vn 0.1620 0.9280 0.3354
vn 0.6659 0.1302 0.7346
vn 0.6727 0.3167 0.6687
vn 0.5563 0.2961 0.7764
vn 0.8453 0.5317 -0.0522
vn 0.7956 0.5917 0.1298
vn 0.8942 0.4387 0.0889
vn 0.2741 -0.9548 -0.1149
vn 0.2719 -0.9522 0.1392
vn 0.1160 -0.9932 0.0136
vn 0.5659 -0.3227 0.7587
vn 0.4692 -0.4923 0.7332
vn 0.6018 -0.4863 0.6336
vn -0.3175 -0.5757 0.7535
vn -0.1455 -0.6683 0.7295
vn -0.1702 -0.5144 0.8405
vn -0.2182 0.7491 0.6254
vn -0.1724 0.5856 0.7921
vn -0.0458 0.7005 0.7121
vn -0.4041 -0.2443 0.8815
vn -0.3011 -0.0894 0.9494
vn -0.4449 -0.0457 0.8944
vn 0.4625 0.0039 0.8866
vn 0.2924 0.0805 0.9529
vn 0.3312 -0.1014 0.9381
vn -0.0062 -0.9548 -0.2971
vn -0.2375 -0.9522 -0.1920
vn -0.1874 -0.9040 -0.3842
vn -0.5600 -0.5757 0.5959
vn -0.6078 -0.6683 0.4289
vn -0.4690 -0.7330 0.4926
vn -0.9230 -0.3227 -0.2095
vn -0.8604 -0.4923 -0.1315
vn -0.9367 -0.3489 -0.0302
vn -0.4832 0.7491 0.4531
vn -0.6541 0.5856 0.4788
vn -0.5115 0.6164 0.5987
vn -0.9980 0.0039 -0.0631
vn -0.9896 0.0805 0.1192
vn -0.9810 0.1939 0.0067
vn -0.6419 -0.2443 0.7268
vn -0.7457 -0.0894 0.6603
vn -0.7581 -0.2643 0.5962
vn 0.0604 -0.8059 -0.5890
vn -0.1166 -0.6816 -0.7224
vn 0.0864 -0.6667 -0.7403
vn -0.8655 -0.1939 -0.4619
vn -0.7507 -0.2466 -0.6129
vn -0.7736 -0.3753 -0.5106
vn -0.2064 0.2154 -0.9545
vn -0.2921 0.0382 -0.9556
vn -0.3800 0.1998 -0.9031
vn -0.4203 0.8899 0.1772
vn -0.5397 0.8416 -0.0228
vn -0.5915 0.7919 0.1518
vn -0.2951 0.5317 -0.7939
vn -0.4413 0.5917 -0.6746
vn -0.3113 0.6837 -0.6600
vn -0.9415 0.1302 -0.3108
vn -0.8840 0.3167 -0.3437
vn -0.8682 0.1752 -0.4643
vn -0.6864 0.4949 -0.5328
vn -0.8149 0.4570 -0.3565
vn -0.6482 0.7068 -0.2832
vn -0.8588 0.4921 -0.1425
vn -0.8588 -0.4921 -0.1425
vn -0.8149 -0.4570 -0.3565
vn -0.6482 -0.7068 -0.2832
vn -0.6864 -0.4949 -0.5328
vn -0.2315 0.4921 -0.8392
vn -0.4398 0.4570 -0.7731
vn -0.3494 0.7068 -0.6151
vn -0.6016 0.4949 -0.6270
vn -0.6016 -0.4949 -0.6270
vn -0.4398 -0.4570 -0.7731
vn -0.3494 -0.7068 -0.6151
vn -0.2315 -0.4921 -0.8392
vn 0.6864 0.4949 0.5328
vn 0.8149 0.4570 0.3565
vn 0.6482 0.7068 0.2832
vn 0.8588 0.4921 0.1425
vn 0.8588 -0.4921 0.1425
vn 0.8149 -0.4570 0.3565
vn 0.6482 -0.7068 0.2832
vn 0.6864 -0.4949 0.5328
vn 0.2315 0.4921 0.8392
vn 0.4398 0.4570 0.7731
vn 0.3494 0.7068 0.6151
vn 0.6016 0.4949 0.6270
vn 0.6016 -0.4949 0.6270
vn 0.4398 -0.4570 0.7731
vn 0.3494 -0.7068 0.6151
vn 0.2315 -0.4921 0.8392
vn -0.8356 0.5337 -0.1306
vn -0.8464 0.5254 0.0875
vn -0.6330 0.7719 0.0593
vn -0.7641 0.5793 0.2839
vn -0.9046 0.2605 0.3375
vn -0.9668 -0.0000 0.2557
vn -0.9228 -0.0000 0.3853
vn -0.9951 -0.0000 -0.0993
vn -0.9636 0.2288 0.1383
vn -0.9046 -0.2605 0.3374
vn -0.9636 -0.2288 0.1384
vn -0.7641 -0.5793 0.2839
vn -0.8463 -0.5254 0.0875
vn -0.6330 -0.7719 0.0593
vn -0.8356 -0.5337 -0.1306
vn 0.2025 0.5793 -0.7896
vn -0.0014 0.5254 -0.8509
vn -0.0072 0.7719 -0.6357
vn -0.2172 0.5337 -0.8173
vn 0.2410 0.2605 -0.9349
vn 0.1532 -0.0000 -0.9882
vn 0.0369 0.2288 -0.9728
vn 0.2410 -0.2605 -0.9349
vn 0.2867 -0.0000 -0.9580
vn -0.2027 -0.0000 -0.9792
vn 0.0369 -0.2288 -0.9728
vn -0.2172 -0.5337 -0.8173
vn -0.0014 -0.5254 -0.8509
vn -0.0072 -0.7719 -0.6357
vn 0.2025 -0.5793 -0.7896
vn 0.7040 0.5816 -0.4077
vn 0.5593 0.5489 -0.6212
vn 0.4027 0.7986 -0.4472
vn 0.3318 0.5816 -0.7427
vn 0.8236 0.2506 -0.5088
vn 0.6691 -0.0000 -0.7431
vn 0.6446 0.2685 -0.7159
vn 0.8236 -0.2506 -0.5088
vn 0.8555 -0.0000 -0.5179
vn 0.4199 -0.2506 -0.8723
vn 0.6446 -0.2685 -0.7159
vn 0.4199 0.2506 -0.8723
vn 0.4256 -0.0000 -0.9049
vn 0.3318 -0.5816 -0.7427
vn 0.5593 -0.5489 -0.6212
vn 0.4027 -0.7986 -0.4472
vn 0.7040 -0.5816 -0.4076
vn 0.8356 0.5337 0.1306
vn 0.8464 0.5254 -0.0875
vn 0.6330 0.7719 -0.0593
vn 0.7641 0.5793 -0.2839
vn 0.9951 -0.0000 0.0993
vn 0.9668 -0.0000 -0.2557
vn 0.9636 0.2288 -0.1384
vn 0.9046 -0.2605 -0.3375
vn 0.9636 -0.2288 -0.1384
vn 0.9046 0.2605 -0.3375
vn 0.9228 -0.0000 -0.3852
vn 0.7641 -0.5793 -0.2839
vn 0.8464 -0.5254 -0.0875
vn 0.6330 -0.7719 -0.0593
vn 0.8356 -0.5337 0.1306
vn -0.2025 0.5793 0.7895
vn 0.0014 0.5254 0.8509
vn 0.0072 0.7719 0.6357
vn 0.2172 0.5337 0.8173
vn -0.2410 0.2605 0.9349
vn -0.1532 -0.0000 0.9882
vn -0.0369 0.2288 0.9728
vn -0.2410 -0.2605 0.9349
vn -0.2867 -0.0000 0.9580
vn 0.2027 -0.0000 0.9792
vn -0.0369 -0.2288 0.9728
vn 0.2172 -0.5337 0.8173
vn 0.0014 -0.5254 0.8509
vn 0.0072 -0.7719 0.6357
vn -0.2025 -0.5793 0.7895
vn -0.7040 0.5816 0.4076
vn -0.5593 0.5489 0.6212
vn -0.4027 0.7986 0.4472
vn -0.3318 0.5816 0.7427
vn -0.8236 0.2505 0.5088
vn -0.6691 -0.0000 0.7431
vn -0.6446 0.2685 0.7159
vn -0.8236 -0.2506 0.5088
vn -0.8555 -0.0000 0.5178
vn -0.4199 -0.2506 0.8723
vn -0.6446 -0.2685 0.7159
vn -0.4199 0.2506 0.8723
vn -0.4256 -0.0000 0.9049
vn -0.3318 -0.5816 0.7427
vn -0.5593 -0.5489 0.6212
vn -0.4027 -0.7986 0.4472
vn -0.7040 -0.5816 0.4076
vn 0.4064 -0.8952 -0.1832
vn 0.5964 -0.7830 -0.1766
vn 0.5187 -0.8549 -0.0096
vn 0.7904 0.0600 -0.6097
vn 0.8708 -0.1005 -0.4813
vn 0.7573 -0.1464 -0.6365
vn 0.8643 -0.1307 0.4856
vn 0.9236 -0.2368 0.3014
vn 0.9484 -0.0411 0.3144
vn 0.7323 0.4081 -0.5452
vn 0.7655 0.5303 -0.3644
vn 0.8538 0.3542 -0.3816
vn 0.0932 0.9819 0.1646
vn 0.3089 0.9403 0.1428
vn 0.1997 0.9797 -0.0172
vn 0.8063 0.2175 0.5501
vn 0.8184 0.3941 0.4183
vn 0.7076 0.4010 0.5819
vn 0.1734 -0.9820 0.0755
vn 0.1743 -0.9403 0.2922
vn 0.0037 -0.9797 0.2004
vn 0.6314 -0.2174 0.7443
vn 0.5015 -0.3940 0.7702
vn 0.6526 -0.4009 0.6429
vn -0.4657 -0.4081 0.7853
vn -0.2824 -0.5302 0.7994
vn -0.2903 -0.3542 0.8890
vn -0.1397 0.8952 0.4233
vn -0.1132 0.7831 0.6115
vn 0.0447 0.8549 0.5169
vn -0.5237 -0.0600 0.8498
vn -0.3876 0.1006 0.9163
vn -0.5539 0.1464 0.8196
vn 0.5733 0.1307 0.8088
vn 0.3963 0.2368 0.8871
vn 0.4118 0.0411 0.9103
vn 0.1397 -0.8952 -0.4233
vn 0.1132 -0.7830 -0.6116
vn 0.2926 -0.7963 -0.5295
vn -0.5733 -0.1307 -0.8088
vn -0.3963 -0.2368 -0.8871
vn -0.5299 -0.3347 -0.7792
vn 0.5237 0.0600 -0.8498
vn 0.3876 -0.1006 -0.9163
vn 0.3346 0.0886 -0.9382
vn -0.1734 0.9819 -0.0755
vn -0.1743 0.9403 -0.2923
vn -0.3410 0.9211 -0.1878
vn 0.4657 0.4081 -0.7853
vn 0.2824 0.5303 -0.7994
vn 0.4311 0.5892 -0.6833
vn -0.6314 0.2174 -0.7443
vn -0.5015 0.3940 -0.7702
vn -0.4561 0.2245 -0.8611
vn -0.0932 -0.9820 -0.1646
vn -0.3089 -0.9403 -0.1428
vn -0.2224 -0.9211 -0.3195
vn -0.7323 -0.4081 0.5452
vn -0.7655 -0.5303 0.3644
vn -0.6345 -0.5892 0.5002
vn -0.8063 -0.2175 -0.5501
vn -0.8184 -0.3941 -0.4183
vn -0.9041 -0.2245 -0.3636
vn -0.4063 0.8952 0.1832
vn -0.5964 0.7831 0.1766
vn -0.4960 0.7963 0.3463
vn -0.8643 0.1307 -0.4856
vn -0.9236 0.2368 -0.3014
vn -0.8303 0.3347 -0.4455
vn -0.7904 -0.0600 0.6097
vn -0.8708 0.1006 0.4813
vn -0.8981 -0.0886 0.4308
vn -0.2522 0.4589 0.8519
vn -0.3829 0.6345 0.6714
vn -0.4420 0.5237 0.7283
vn -0.2486 0.8520 0.4608
vn -0.2307 0.6426 0.7306
vn -0.4531 0.7528 0.4775
vn -0.5792 0.5947 0.5576
vn -0.2522 -0.4589 0.8519
vn -0.3829 -0.6345 0.6714
vn -0.2307 -0.6426 0.7306
vn -0.4531 -0.7528 0.4775
vn -0.4420 -0.5237 0.7283
vn -0.5792 -0.5947 0.5576
vn -0.2486 -0.8520 0.4608
vn -0.6734 0.6271 -0.3916
vn -0.6111 0.7916 -0.0000
vn -0.5429 0.7990 -0.2587
vn -0.6734 0.6271 0.3916
vn -0.7440 0.6681 -0.0000
vn -0.5429 0.7990 0.2587
vn -0.4000 0.9165 -0.0000
vn -0.6734 -0.6271 -0.3916
vn -0.6111 -0.7916 -0.0000
vn -0.7440 -0.6681 -0.0000
vn -0.5429 -0.7990 0.2587
vn -0.5429 -0.7990 -0.2587
vn -0.4000 -0.9165 -0.0000
vn -0.6734 -0.6271 0.3916
vn -0.2522 0.4589 -0.8519
vn -0.3829 0.6345 -0.6714
vn -0.2307 0.6426 -0.7306
vn -0.4531 0.7528 -0.4775
vn -0.4420 0.5237 -0.7283
vn -0.5791 0.5947 -0.5576
vn -0.2486 0.8520 -0.4608
vn -0.2522 -0.4589 -0.8519
vn -0.3829 -0.6345 -0.6714
vn -0.4420 -0.5237 -0.7283
vn -0.2486 -0.8520 -0.4608
vn -0.2307 -0.6426 -0.7306
vn -0.4531 -0.7528 -0.4775
vn -0.5791 -0.5947 -0.5576
vn 0.4420 0.5237 -0.7283
vn 0.4531 0.7528 -0.4775
vn 0.5791 0.5947 -0.5576
vn 0.2522 0.4589 -0.8519
vn 0.3830 0.6345 -0.6714
vn 0.2486 0.8520 -0.4608
vn 0.2307 0.6426 -0.7306
vn 0.4531 -0.7528 -0.4775
vn 0.4420 -0.5237 -0.7283
vn 0.5791 -0.5947 -0.5576
vn 0.2486 -0.8520 -0.4608
vn 0.3829 -0.6345 -0.6714
vn 0.2522 -0.4589 -0.8519
vn 0.2307 -0.6426 -0.7306
vn 0.6734 0.6271 0.3916
vn 0.6111 0.7916 -0.0000
vn 0.5429 0.7990 0.2587
vn 0.6734 0.6271 -0.3916
vn 0.7440 0.6681 -0.0000
vn 0.5429 0.7990 -0.2587
vn 0.4000 0.9165 -0.0000
vn 0.6734 -0.6271 0.3916
vn 0.6111 -0.7916 -0.0000
vn 0.7440 -0.6681 -0.0000
vn 0.5429 -0.7990 -0.2587
vn 0.5429 -0.7990 0.2587
vn 0.4000 -0.9165 -0.0000
vn 0.6734 -0.6271 -0.3916
vn 0.2522 0.4589 0.8519
vn 0.3829 0.6345 0.6714
vn 0.2307 0.6426 0.7306
vn 0.4531 0.7528 0.4775
vn 0.4420 0.5237 0.7283
vn 0.5791 0.5947 0.5576
vn 0.2486 0.8520 0.4608
vn 0.2522 -0.4589 0.8519
vn 0.3829 -0.6345 0.6714
vn 0.4420 -0.5237 0.7283
vn 0.2486 -0.8520 0.4608
vn 0.2307 -0.6426 0.7306
vn 0.4531 -0.7528 0.4775
vn 0.5791 -0.5947 0.5576
vn -0.3830 0.6345 0.6714
vn -0.5791 0.5947 0.5576
vn -0.3830 -0.6345 0.6714
vn -0.5791 -0.5947 0.5576
vn -0.7441 0.6681 -0.0000
vn -0.5792 0.5947 -0.5576
vn -0.3830 -0.6345 -0.6714
vn 0.3829 0.6345 -0.6714
vn 0.6111 0.7915 -0.0000
vn 0.3830 -0.6345 0.6714
vn 0.2803 0.2776 0.9189
vn -0.0000 0.3948 0.9188
vn -0.0000 0.2549 0.9670
vn -0.0000 0.6935 0.7205
vn 0.2280 0.4846 0.8445
vn -0.2803 0.2776 0.9189
vn -0.2280 0.4846 0.8445
vn 0.2803 -0.2776 0.9189
vn -0.0000 -0.3948 0.9188
vn 0.2280 -0.4846 0.8445
vn -0.2803 -0.2776 0.9189
vn -0.0000 -0.2549 0.9670
vn -0.0000 -0.6935 0.7205
vn -0.2280 -0.4846 0.8445
vn -0.7594 0.3953 0.5168
vn -0.7862 0.6040 0.1304
vn -0.9166 0.3707 0.1497
vn -0.4934 0.3362 0.8022
vn -0.6140 0.6364 0.4669
vn -0.4678 0.8036 0.3679
vn -0.4099 0.5580 0.7215
vn -0.3430 0.7314 0.5893
vn -0.6297 0.7494 0.2046
vn -0.7862 -0.6040 0.1304
vn -0.7594 -0.3953 0.5168
vn -0.9166 -0.3707 0.1497
vn -0.5776 -0.7793 0.2431
vn -0.6140 -0.6364 0.4669
vn -0.4099 -0.5580 0.7215
vn -0.4678 -0.8036 0.3679
vn -0.3430 -0.7314 0.5893
vn -0.4934 -0.3362 0.8022
vn -0.4934 0.3362 -0.8022
vn -0.6140 0.6364 -0.4669
vn -0.4099 0.5580 -0.7215
vn -0.7862 0.6040 -0.1304
vn -0.7594 0.3953 -0.5168
vn -0.9166 0.3707 -0.1497
vn -0.2673 0.9570 -0.1125
vn -0.4678 0.8036 -0.3679
vn -0.3430 0.7314 -0.5893
vn -0.4934 -0.3362 -0.8022
vn -0.6140 -0.6364 -0.4669
vn -0.7594 -0.3953 -0.5168
vn -0.4678 -0.8036 -0.3679
vn -0.4099 -0.5580 -0.7215
vn -0.3430 -0.7314 -0.5893
vn -0.6297 -0.7494 -0.2046
vn -0.7862 -0.6040 -0.1304
vn -0.9166 -0.3707 -0.1497
vn 0.2803 0.2776 -0.9189
vn -0.0000 0.3948 -0.9188
vn 0.2280 0.4846 -0.8445
vn -0.2803 0.2776 -0.9189
vn -0.0000 0.2549 -0.9670
vn -0.0000 0.6935 -0.7205
vn -0.2280 0.4846 -0.8445
vn 0.2803 -0.2776 -0.9189
vn -0.0000 -0.3948 -0.9188
vn -0.0000 -0.2549 -0.9670
vn -0.0000 -0.6935 -0.7205
vn 0.2280 -0.4846 -0.8445
vn -0.2803 -0.2776 -0.9189
vn -0.2280 -0.4846 -0.8445
vn -0.3549 -0.9135 -0.1988
vn -0.3549 -0.9135 0.1988
vn -0.4500 -0.8896 -0.0780
vn -0.0000 -0.9458 -0.3249
vn 0.3549 -0.9135 0.1988
vn 0.3549 -0.9135 -0.1988
vn 0.4500 -0.8896 0.0781
vn -0.0000 -0.9458 0.3249
vn 0.3549 0.9135 -0.1988
vn 0.3549 0.9135 0.1988
vn 0.4500 0.8896 -0.0781
vn -0.0000 0.9458 -0.3249
vn -0.3549 0.9135 0.1988
vn -0.3549 0.9135 -0.1988
vn -0.1328 0.9909 0.0230
vn -0.0000 0.9458 0.3249
vn 0.6297 0.7494 -0.2046
vn 0.6140 0.6364 -0.4669
vn 0.4678 0.8036 -0.3679
vn 0.7594 0.3953 -0.5168
vn 0.7862 0.6040 -0.1304
vn 0.9166 0.3707 -0.1497
vn 0.4934 0.3362 -0.8022
vn 0.4099 0.5580 -0.7215
vn 0.3430 0.7314 -0.5893
vn 0.7862 -0.6040 -0.1304
vn 0.7594 -0.3953 -0.5168
vn 0.9166 -0.3707 -0.1497
vn 0.5776 -0.7793 -0.2431
vn 0.6140 -0.6364 -0.4669
vn 0.4099 -0.5580 -0.7215
vn 0.4678 -0.8036 -0.3679
vn 0.3430 -0.7314 -0.5893
vn 0.4934 -0.3362 -0.8022
vn 0.4934 0.3362 0.8022
vn 0.6140 0.6364 0.4669
vn 0.4099 0.5580 0.7215
vn 0.7862 0.6040 0.1304
vn 0.7594 0.3953 0.5168
vn 0.9166 0.3707 0.1497
vn 0.5776 0.7793 0.2431
vn 0.4678 0.8036 0.3679
vn 0.3430 0.7314 0.5893
vn 0.4934 -0.3362 0.8022
vn 0.6140 -0.6364 0.4669
vn 0.7594 -0.3953 0.5168
vn 0.4678 -0.8036 0.3679
vn 0.4099 -0.5580 0.7215
vn 0.3430 -0.7314 0.5893
vn 0.6297 -0.7494 0.2046
vn 0.7862 -0.6040 0.1304
vn 0.9166 -0.3707 0.1497
vn 0.2533 -0.9673 -0.0133
vn 0.4591 -0.8881 -0.0241
vn 0.3733 -0.9152 0.1519
vn 0.7805 -0.1794 -0.5988
vn 0.8358 -0.3251 -0.4425
vn 0.7141 -0.3791 -0.5885
vn 0.8389 -0.1794 0.5139
vn 0.8775 -0.3251 0.3527
vn 0.9338 -0.1369 0.3307
vn 0.7805 0.1794 -0.5988
vn 0.8358 0.3251 -0.4425
vn 0.8941 0.1369 -0.4265
vn 0.2533 0.9673 -0.0133
vn 0.4591 0.8881 -0.0241
vn 0.3554 0.9152 -0.1901
vn 0.8389 0.1794 0.5139
vn 0.8775 0.3250 0.3527
vn 0.7717 0.3791 0.5107
vn 0.0133 -0.9673 0.2533
vn 0.0241 -0.8881 0.4591
vn -0.1520 -0.9152 0.3733
vn 0.5988 -0.1794 0.7805
vn 0.4425 -0.3251 0.8358
vn 0.5885 -0.3791 0.7141
vn -0.5139 -0.1794 0.8389
vn -0.3527 -0.3250 0.8775
vn -0.3307 -0.1368 0.9338
vn 0.0133 0.9673 0.2533
vn 0.0241 0.8881 0.4591
vn 0.1901 0.9152 0.3554
vn -0.5139 0.1794 0.8389
vn -0.3527 0.3250 0.8775
vn -0.5107 0.3791 0.7717
vn 0.5988 0.1794 0.7806
vn 0.4425 0.3250 0.8358
vn 0.4265 0.1368 0.8941
vn -0.0133 -0.9673 -0.2533
vn -0.0241 -0.8881 -0.4591
vn 0.1520 -0.9152 -0.3733
vn -0.5988 -0.1794 -0.7806
vn -0.4425 -0.3251 -0.8358
vn -0.5885 -0.3791 -0.7141
vn 0.5139 -0.1794 -0.8389
vn 0.3527 -0.3250 -0.8775
vn 0.3307 -0.1368 -0.9338
vn -0.0133 0.9673 -0.2533
vn -0.0241 0.8881 -0.4591
vn -0.1901 0.9152 -0.3554
vn 0.5139 0.1794 -0.8389
vn 0.3527 0.3250 -0.8775
vn 0.5107 0.3791 -0.7717
vn -0.5988 0.1794 -0.7805
vn -0.4425 0.3250 -0.8358
vn -0.4265 0.1369 -0.8941
vn -0.2533 -0.9673 0.0133
vn -0.4591 -0.8881 0.0241
vn -0.3733 -0.9152 -0.1520
vn -0.7805 -0.1794 0.5988
vn -0.8358 -0.3250 0.4425
vn -0.7141 -0.3791 0.5885
vn -0.8389 -0.1794 -0.5139
vn -0.8775 -0.3251 -0.3527
vn -0.9338 -0.1369 -0.3307
vn -0.2533 0.9673 0.0133
vn -0.4591 0.8881 0.0240
vn -0.3554 0.9152 0.1901
vn -0.8389 0.1794 -0.5139
vn -0.8775 0.3251 -0.3527
vn -0.7717 0.3791 -0.5107
vn -0.7805 0.1794 0.5988
vn -0.8358 0.3251 0.4425
vn -0.8941 0.1369 0.4265
vn 0.3733 -0.9152 0.1520
vn 0.7806 -0.1794 -0.5988
vn 0.8775 0.3251 0.3527
vn -0.3527 -0.3251 0.8775
vn -0.3307 -0.1369 0.9338
vn -0.3527 0.3251 0.8775
vn 0.5988 0.1794 0.7805
vn 0.4425 0.3251 0.8358
vn 0.4265 0.1369 0.8941
vn -0.4425 -0.3250 -0.8358
vn 0.3307 -0.1369 -0.9338
vn -0.4425 0.3251 -0.8358
vn -0.7141 -0.3791 0.5886
vn -0.8775 -0.3250 -0.3527
vn -0.8775 0.3250 -0.3527
vn 0.1267 -0.9738 -0.1888
vn 0.2648 -0.9006 -0.3447
vn 0.3309 -0.9299 -0.1607
vn 0.1028 -0.1865 -0.9770
vn 0.2477 -0.3380 -0.9079
vn 0.0560 -0.3843 -0.9215
vn 0.9440 -0.2186 -0.2470
vn 0.8488 -0.3610 -0.3863
vn 0.8796 -0.1740 -0.4427
vn 0.1174 0.1719 -0.9781
vn 0.2741 0.3115 -0.9098
vn 0.3184 0.1213 -0.9402
vn 0.2053 0.9592 -0.1944
vn 0.3370 0.8741 -0.3498
vn 0.1467 0.9089 -0.3905
vn 0.9586 0.1398 -0.2480
vn 0.8752 0.2886 -0.3882
vn 0.9178 0.3415 -0.2025
vn 0.1522 -0.9738 0.1690
vn 0.3110 -0.9006 0.3037
vn 0.1261 -0.9200 0.3710
vn 0.9695 -0.2186 0.1109
vn 0.8950 -0.3610 0.2622
vn 0.9064 -0.4161 0.0727
vn 0.2402 -0.1865 0.9526
vn 0.3738 -0.3380 0.8637
vn 0.4372 -0.1522 0.8864
vn 0.2308 0.9592 0.1634
vn 0.3831 0.8741 0.2986
vn 0.4248 0.8990 0.1070
vn 0.2547 0.1719 0.9516
vn 0.4002 0.3115 0.8618
vn 0.2168 0.3732 0.9021
vn 0.9841 0.1398 0.1098
vn 0.9214 0.2886 0.2603
vn 0.9446 0.0995 0.3128
vn -0.2308 -0.9592 -0.1634
vn -0.3831 -0.8741 -0.2986
vn -0.2005 -0.9089 -0.3658
vn -0.9841 -0.1398 -0.1098
vn -0.9214 -0.2886 -0.2603
vn -0.9372 -0.3415 -0.0705
vn -0.2547 -0.1719 -0.9516
vn -0.4002 -0.3115 -0.8618
vn -0.4483 -0.1213 -0.8856
vn -0.1522 0.9738 -0.1690
vn -0.3110 0.9006 -0.3037
vn -0.3503 0.9299 -0.1123
vn -0.2401 0.1865 -0.9526
vn -0.3738 0.3380 -0.8637
vn -0.1859 0.3844 -0.9043
vn -0.9695 0.2186 -0.1109
vn -0.8950 0.3610 -0.2622
vn -0.9335 0.1740 -0.3136
vn -0.2054 -0.9592 0.1944
vn -0.3370 -0.8741 0.3499
vn -0.4053 -0.8990 0.1660
vn -0.1174 -0.1719 0.9781
vn -0.2742 -0.3115 0.9098
vn -0.0869 -0.3732 0.9237
vn -0.9586 -0.1398 0.2481
vn -0.8752 -0.2886 0.3882
vn -0.8908 -0.0995 0.4434
vn -0.1268 0.9738 0.1888
vn -0.2648 0.9006 0.3447
vn -0.0723 0.9200 0.3852
vn -0.9440 0.2186 0.2470
vn -0.8488 0.3610 0.3863
vn -0.8870 0.4161 0.2003
vn -0.1028 0.1865 0.9770
vn -0.2477 0.3380 0.9079
vn -0.3073 0.1522 0.9394
vn 0.1777 -0.9673 -0.1811
vn 0.3220 -0.8881 -0.3281
vn 0.3778 -0.9152 -0.1404
vn 0.1704 -0.1794 -0.9689
vn 0.3168 -0.3251 -0.8911
vn 0.1283 -0.3791 -0.9164
vn 0.9656 -0.1794 -0.1884
vn 0.8850 -0.3251 -0.3333
vn 0.9116 -0.1368 -0.3876
vn 0.1704 0.1794 -0.9689
vn 0.3168 0.3251 -0.8911
vn 0.3705 0.1369 -0.9187
vn 0.1777 0.9673 -0.1810
vn 0.3220 0.8881 -0.3281
vn 0.1333 0.9152 -0.3803
vn 0.9656 0.1794 -0.1884
vn 0.8850 0.3251 -0.3333
vn 0.9139 0.3791 -0.1454
vn 0.1810 -0.9673 0.1777
vn 0.3281 -0.8881 0.3220
vn 0.1404 -0.9152 0.3778
vn 0.9689 -0.1794 0.1703
vn 0.8911 -0.3251 0.3167
vn 0.9164 -0.3791 0.1283
vn 0.1884 -0.1794 0.9656
vn 0.3333 -0.3251 0.8850
vn 0.3876 -0.1369 0.9116
vn 0.1810 0.9673 0.1777
vn 0.3280 0.8881 0.3220
vn 0.3803 0.9152 0.1333
vn 0.1884 0.1794 0.9656
vn 0.3333 0.3250 0.8850
vn 0.1454 0.3791 0.9139
vn 0.9689 0.1794 0.1704
vn 0.8911 0.3251 0.3167
vn 0.9187 0.1369 0.3705
vn -0.1810 -0.9673 -0.1777
vn -0.3281 -0.8881 -0.3220
vn -0.1404 -0.9152 -0.3778
vn -0.9689 -0.1794 -0.1703
vn -0.8911 -0.3250 -0.3167
vn -0.9164 -0.3791 -0.1283
vn -0.1884 -0.1794 -0.9656
vn -0.3333 -0.3250 -0.8850
vn -0.3876 -0.1369 -0.9116
vn -0.1810 0.9673 -0.1777
vn -0.3280 0.8881 -0.3220
vn -0.3803 0.9152 -0.1333
vn -0.1884 0.1794 -0.9656
vn -0.3333 0.3250 -0.8850
vn -0.1454 0.3791 -0.9139
vn -0.9689 0.1794 -0.1703
vn -0.8911 0.3250 -0.3168
vn -0.9187 0.1369 -0.3705
vn -0.1777 -0.9673 0.1810
vn -0.3220 -0.8881 0.3281
vn -0.3778 -0.9152 0.1404
vn -0.1704 -0.1794 0.9689
vn -0.3168 -0.3251 0.8911
vn -0.1283 -0.3791 0.9164
vn -0.9656 -0.1794 0.1884
vn -0.8850 -0.3251 0.3333
vn -0.9116 -0.1368 0.3876
vn -0.1777 0.9673 0.1810
vn -0.3220 0.8881 0.3281
vn -0.1333 0.9152 0.3803
vn -0.9656 0.1794 0.1884
vn -0.8850 0.3250 0.3333
vn -0.9139 0.3791 0.1454
vn -0.1703 0.1794 0.9689
vn -0.3167 0.3250 0.8911
vn -0.3705 0.1369 0.9187
vn 0.1627 -0.9675 -0.1934
vn 0.2961 -0.8885 -0.3506
vn 0.3653 -0.9157 -0.1674
vn 0.0991 -0.1796 -0.9787
vn 0.2506 -0.3255 -0.9117
vn 0.0607 -0.3793 -0.9233
vn 0.9490 -0.1807 -0.2582
vn 0.8579 -0.3262 -0.3969
vn 0.8808 -0.1381 -0.4530
vn 0.0995 0.1791 -0.9788
vn 0.2514 0.3246 -0.9118
vn 0.3028 0.1364 -0.9433
vn 0.1653 0.9671 -0.1936
vn 0.2985 0.8876 -0.3507
vn 0.1065 0.9150 -0.3891
vn 0.9495 0.1781 -0.2583
vn 0.8588 0.3239 -0.3970
vn 0.9013 0.3779 -0.2116
vn 0.1922 -0.9675 0.1641
vn 0.3495 -0.8885 0.2973
vn 0.1664 -0.9154 0.3666
vn 0.9785 -0.1807 0.0993
vn 0.9113 -0.3262 0.2510
vn 0.9228 -0.3803 0.0612
vn 0.2580 -0.1796 0.9493
vn 0.3965 -0.3255 0.8584
vn 0.4528 -0.1374 0.8810
vn 0.1948 0.9670 0.1639
vn 0.3519 0.8876 0.2971
vn 0.3902 0.9147 0.1052
vn 0.2585 0.1791 0.9493
vn 0.3973 0.3246 0.8583
vn 0.2121 0.3789 0.9008
vn 0.9790 0.1781 0.0993
vn 0.9122 0.3239 0.2510
vn 0.9434 0.1356 0.3025
vn -0.1948 -0.9670 -0.1639
vn -0.3519 -0.8876 -0.2972
vn -0.1688 -0.9150 -0.3665
vn -0.9790 -0.1781 -0.0993
vn -0.9122 -0.3239 -0.2510
vn -0.9238 -0.3779 -0.0612
vn -0.2585 -0.1791 -0.9493
vn -0.3974 -0.3246 -0.8583
vn -0.4532 -0.1363 -0.8809
vn -0.1922 0.9675 -0.1641
vn -0.3495 0.8885 -0.2973
vn -0.3879 0.9157 -0.1054
vn -0.2580 0.1796 -0.9493
vn -0.3965 0.3255 -0.8584
vn -0.2111 0.3792 -0.9009
vn -0.9785 0.1807 -0.0993
vn -0.9113 0.3262 -0.2510
vn -0.9431 0.1381 -0.3026
vn -0.1653 -0.9670 0.1936
vn -0.2984 -0.8876 0.3508
vn -0.3678 -0.9147 0.1676
vn -0.0995 -0.1791 0.9788
vn -0.2514 -0.3246 0.9118
vn -0.0617 -0.3789 0.9234
vn -0.9495 -0.1781 0.2583
vn -0.8588 -0.3239 0.3970
vn -0.8811 -0.1356 0.4530
vn -0.1627 0.9675 0.1934
vn -0.2961 0.8885 0.3506
vn -0.1041 0.9154 0.3889
vn -0.9490 0.1807 0.2582
vn -0.8579 0.3262 0.3969
vn -0.9004 0.3803 0.2115
vn -0.0991 0.1796 0.9787
vn -0.2506 0.3255 0.9117
vn -0.3024 0.1374 0.9432
vn 0.1909 -0.9673 -0.1671
vn 0.3459 -0.8881 -0.3028
vn 0.3873 -0.9152 -0.1114
vn 0.2431 -0.1794 -0.9533
vn 0.3832 -0.3251 -0.8646
vn 0.1972 -0.3791 -0.9041
vn 0.9770 -0.1794 -0.1149
vn 0.9077 -0.3251 -0.2655
vn 0.9383 -0.1369 -0.3176
vn 0.2431 0.1794 -0.9533
vn 0.3832 0.3251 -0.8646
vn 0.4389 0.1369 -0.8880
vn 0.1909 0.9673 -0.1671
vn 0.3459 0.8881 -0.3028
vn 0.1617 0.9152 -0.3692
vn 0.9771 0.1794 -0.1149
vn 0.9077 0.3251 -0.2655
vn 0.9222 0.3791 -0.0759
vn 0.1671 -0.9673 0.1909
vn 0.3028 -0.8881 0.3459
vn 0.1114 -0.9152 0.3873
vn 0.9533 -0.1794 0.2431
vn 0.8646 -0.3250 0.3832
vn 0.9041 -0.3791 0.1972
vn 0.1149 -0.1794 0.9771
vn 0.2655 -0.3250 0.9077
vn 0.3176 -0.1369 0.9383
vn 0.1671 0.9673 0.1909
vn 0.3028 0.8881 0.3459
vn 0.3692 0.9152 0.1617
vn 0.1149 0.1794 0.9770
vn 0.2655 0.3251 0.9077
vn 0.0759 0.3791 0.9222
vn 0.9533 0.1794 0.2431
vn 0.8646 0.3250 0.3832
vn 0.8880 0.1368 0.4389
vn -0.1671 -0.9673 -0.1909
vn -0.3028 -0.8881 -0.3459
vn -0.1114 -0.9152 -0.3873
vn -0.9533 -0.1794 -0.2431
vn -0.8646 -0.3251 -0.3832
vn -0.9041 -0.3791 -0.1972
vn -0.1149 -0.1794 -0.9771
vn -0.2655 -0.3251 -0.9077
vn -0.3176 -0.1369 -0.9383
vn -0.1671 0.9673 -0.1909
vn -0.3028 0.8881 -0.3459
vn -0.3691 0.9152 -0.1617
vn -0.1149 0.1794 -0.9770
vn -0.2655 0.3251 -0.9077
vn -0.0759 0.3791 -0.9222
vn -0.9533 0.1794 -0.2431
vn -0.8646 0.3251 -0.3832
vn -0.8880 0.1368 -0.4389
vn -0.1909 -0.9673 0.1671
vn -0.3459 -0.8881 0.3028
vn -0.3873 -0.9152 0.1114
vn -0.2431 -0.1794 0.9533
vn -0.3832 -0.3251 0.8646
vn -0.1972 -0.3791 0.9041
vn -0.9771 -0.1794 0.1149
vn -0.9077 -0.3251 0.2655
vn -0.9383 -0.1369 0.3176
vn -0.1909 0.9673 0.1671
vn -0.3459 0.8881 0.3028
vn -0.1617 0.9152 0.3692
vn -0.9771 0.1794 0.1149
vn -0.9077 0.3251 0.2655
vn -0.9223 0.3791 0.0759
vn -0.2431 0.1794 0.9533
vn -0.3832 0.3251 0.8646
vn -0.4389 0.1369 0.8880
vn -0.3512 -0.8679 0.3512
vn -0.4948 -0.7144 0.4948
vn -0.5290 -0.7829 0.3274
vn -0.3742 0.0169 0.9272
vn -0.7008 -0.1333 0.7008
vn -0.3743 -0.1971 0.9061
vn -0.9272 0.0169 0.3742
vn -0.7052 0.0732 0.7052
vn -0.0401 0.9984 0.0401
vn -0.2171 0.9517 0.2171
vn -0.0350 0.9710 0.2367
vn -0.8640 0.3959 0.3110
vn -0.5849 0.5619 0.5849
vn -0.7765 0.5807 0.2447
vn -0.3110 0.3958 0.8640
vn -0.6541 0.3799 0.6541
vn -0.4275 -0.9005 0.0793
vn -0.6336 -0.7737 0.0001
vn -0.5035 -0.8583 -0.0992
vn -0.9868 -0.0086 0.1616
vn -0.9514 -0.2404 -0.1926
vn -0.9557 -0.2182 0.1976
vn -0.7972 -0.1640 -0.5811
vn -0.9701 -0.0401 -0.2394
vn -0.1164 0.9658 -0.2318
vn -0.3558 0.8924 -0.2776
vn -0.2804 0.9523 -0.1207
vn -0.7340 0.2149 -0.6442
vn -0.8355 0.4547 -0.3085
vn -0.6437 0.4100 -0.6462
vn -0.9237 0.3703 0.0985
vn -0.9190 0.2666 -0.2905
vn -0.2318 -0.9658 -0.1164
vn -0.2776 -0.8924 -0.3559
vn -0.1207 -0.9523 -0.2804
vn -0.6442 -0.2149 -0.7340
vn -0.3085 -0.4547 -0.8355
vn -0.6462 -0.4100 -0.6437
vn 0.0985 -0.3703 -0.9237
vn -0.2905 -0.2666 -0.9190
vn 0.0793 0.9006 -0.4275
vn 0.0001 0.7737 -0.6335
vn -0.0991 0.8583 -0.5035
vn 0.1616 0.0086 -0.9868
vn -0.1926 0.2404 -0.9514
vn 0.1976 0.2182 -0.9557
vn -0.5811 0.1639 -0.7972
vn -0.2393 0.0400 -0.9701
vn 0.0402 -0.9984 -0.0402
vn 0.2171 -0.9517 -0.2171
vn 0.2367 -0.9710 -0.0351
vn 0.3110 -0.3958 -0.8640
vn 0.5849 -0.5619 -0.5849
vn 0.2447 -0.5807 -0.7765
vn 0.8640 -0.3958 -0.3110
vn 0.6541 -0.3799 -0.6541
vn 0.3512 0.8679 -0.3512
vn 0.4948 0.7143 -0.4948
vn 0.3274 0.7829 -0.5290
vn 0.9272 -0.0169 -0.3742
vn 0.7008 0.1333 -0.7008
vn 0.9061 0.1970 -0.3743
vn 0.3742 -0.0169 -0.9272
vn 0.7052 -0.0732 -0.7052
vn 0.1164 -0.9658 0.2318
vn 0.3559 -0.8924 0.2776
vn 0.2112 -0.8956 0.3915
vn 0.9237 -0.3703 -0.0984
vn 0.8355 -0.4547 0.3085
vn 0.8260 -0.5595 -0.0680
vn 0.7340 -0.2149 0.6442
vn 0.9190 -0.2666 0.2905
vn 0.4275 0.9005 -0.0793
vn 0.6336 0.7737 -0.0001
vn 0.5727 0.8016 -0.1716
vn 0.7972 0.1640 0.5811
vn 0.9514 0.2404 0.1926
vn 0.7733 0.3677 0.5166
vn 0.9868 0.0086 -0.1616
vn 0.9701 0.0401 0.2394
vn -0.0793 -0.9005 0.4275
vn -0.0001 -0.7737 0.6336
vn -0.1716 -0.8016 0.5727
vn 0.5811 -0.1640 0.7972
vn 0.1926 -0.2405 0.9514
vn 0.5166 -0.3677 0.7733
vn -0.1616 -0.0086 0.9868
vn 0.2394 -0.0401 0.9701
vn 0.2318 0.9658 0.1164
vn 0.2776 0.8924 0.3559
vn 0.3915 0.8956 0.2112
vn -0.0985 0.3703 0.9237
vn 0.3085 0.4547 0.8355
vn -0.0681 0.5594 0.8261
vn 0.6442 0.2149 0.7340
vn 0.2905 0.2666 0.9190
vn -0.1294 -0.9793 -0.1559
vn -0.0013 -0.9433 -0.3320
vn 0.0813 -0.9842 -0.1572
vn -0.0808 -0.2219 -0.9717
vn 0.0333 -0.4021 -0.9150
vn -0.1638 -0.4021 -0.9008
vn 0.8238 -0.4391 -0.3585
vn 0.6798 -0.5572 -0.4768
vn 0.7448 -0.3838 -0.5458
vn 0.0159 0.1230 -0.9923
vn 0.2087 0.2229 -0.9523
vn 0.2031 0.0271 -0.9788
vn 0.3922 0.8804 -0.2667
vn 0.4775 0.7641 -0.4338
vn 0.2966 0.8420 -0.4506
vn 0.9206 -0.0942 -0.3791
vn 0.8551 0.0677 -0.5141
vn 0.9343 0.1121 -0.3385
vn -0.0548 -0.9793 0.1950
vn 0.1338 -0.9433 0.3039
vn -0.0393 -0.9175 0.3959
vn 0.8984 -0.4390 -0.0076
vn 0.8150 -0.5572 0.1591
vn 0.7868 -0.6167 -0.0273
vn 0.3214 -0.2219 0.9206
vn 0.4026 -0.4021 0.8223
vn 0.5098 -0.2360 0.8273
vn 0.4667 0.8804 0.0842
vn 0.6127 0.7641 0.2021
vn 0.6316 0.7753 0.0057
vn 0.4181 0.1230 0.9000
vn 0.5779 0.2228 0.7851
vn 0.4212 0.3267 0.8461
vn 0.9952 -0.0942 -0.0281
vn 0.9902 0.0677 0.1218
vn 0.9762 -0.1207 0.1800
vn -0.4668 -0.8804 -0.0842
vn -0.6127 -0.7641 -0.2021
vn -0.4542 -0.8420 -0.2910
vn -0.9952 0.0942 0.0281
vn -0.9902 -0.0677 -0.1219
vn -0.9912 -0.1122 0.0708
vn -0.4182 -0.1230 -0.9000
vn -0.5780 -0.2228 -0.7850
vn -0.5836 -0.0270 -0.8116
vn 0.0548 0.9793 -0.1950
vn -0.1338 0.9433 -0.3039
vn -0.1381 0.9842 -0.1106
vn -0.3214 0.2219 -0.9206
vn -0.4026 0.4021 -0.8223
vn -0.2167 0.4021 -0.8896
vn -0.8984 0.4390 0.0076
vn -0.8150 0.5573 -0.1591
vn -0.9024 0.3838 -0.1957
vn -0.3922 -0.8804 0.2667
vn -0.4775 -0.7641 0.4338
vn -0.5747 -0.7753 0.2621
vn -0.0159 -0.1230 0.9923
vn -0.2087 -0.2229 0.9523
vn -0.0406 -0.3267 0.9443
vn -0.9206 0.0942 0.3791
vn -0.8551 -0.0677 0.5141
vn -0.8186 0.1207 0.5616
vn 0.1294 0.9793 0.1559
vn 0.0013 0.9433 0.3320
vn 0.1969 0.9175 0.3457
vn -0.8238 0.4391 0.3585
vn -0.6798 0.5573 0.4768
vn -0.7299 0.6166 0.2950
vn 0.0808 0.2219 0.9717
vn -0.0334 0.4021 0.9150
vn -0.1293 0.2361 0.9631
vn -0.9996 -0.0000 0.0272
vn -0.9535 -0.0000 0.3014
vn -0.9696 0.2024 0.1377
vn 0.0142 -0.3767 0.9262
vn -0.1856 -0.5365 0.8233
vn -0.0400 -0.5479 0.8356
vn -0.1856 0.5365 0.8233
vn 0.0142 0.3767 0.9262
vn -0.0400 0.5479 0.8356
vn 0.8335 0.1071 0.5421
vn 0.8335 -0.1071 0.5421
vn 0.8845 -0.0000 0.4665
vn 0.2793 0.5044 0.8170
vn 0.4059 0.3513 0.8437
vn 0.4370 0.4723 0.7655
vn 0.2793 -0.5045 0.8170
vn 0.4059 -0.3513 0.8437
vn 0.2793 -0.3452 0.8960
vn -0.9165 0.3017 -0.2628
vn -0.8012 0.5525 -0.2298
vn -0.8036 0.3997 -0.4410
vn 0.1548 0.8864 0.4362
vn -0.1013 0.8425 0.5290
vn 0.0334 0.8143 0.5795
vn 0.1945 0.8425 -0.5023
vn 0.3624 0.8864 -0.2879
vn 0.3354 0.8143 -0.4738
vn 0.9433 0.2913 0.1591
vn 0.8843 0.2913 0.3650
vn 0.9409 0.2046 0.2698
vn 0.6136 0.7084 -0.3488
vn 0.6954 0.6991 -0.1660
vn 0.7368 0.6154 -0.2800
vn 0.3355 0.7084 0.6210
vn 0.5018 0.6991 0.5094
vn 0.4003 0.7843 0.4739
vn -0.8333 -0.0000 -0.5528
vn -0.6489 -0.0000 -0.7609
vn -0.7492 -0.2025 -0.6306
vn 0.5029 0.3767 -0.7779
vn 0.2789 0.5365 -0.7965
vn 0.4089 0.5479 -0.7298
vn 0.2789 -0.5365 -0.7965
vn 0.5029 -0.3767 -0.7779
vn 0.4089 -0.5479 -0.7298
vn 0.9941 -0.1071 -0.0180
vn 0.9941 0.1071 -0.0180
vn 0.9973 -0.0000 0.0731
vn 0.6698 -0.5045 -0.5449
vn 0.7913 -0.3513 -0.5004
vn 0.7762 -0.4723 -0.4177
vn 0.6698 0.5045 -0.5449
vn 0.7914 0.3513 -0.5004
vn 0.7117 0.3452 -0.6118
vn -0.9165 -0.3017 -0.2628
vn -0.8012 -0.5526 -0.2297
vn -0.9152 -0.3997 -0.0518
vn 0.3624 -0.8864 -0.2879
vn 0.1945 -0.8425 -0.5023
vn 0.3355 -0.8142 -0.4738
vn -0.1012 -0.8425 0.5291
vn 0.1547 -0.8864 0.4362
vn 0.0334 -0.8142 0.5796
vn 0.8843 -0.2913 0.3649
vn 0.9433 -0.2913 0.1591
vn 0.9409 -0.2046 0.2698
vn 0.3355 -0.7084 0.6210
vn 0.5018 -0.6991 0.5093
vn 0.4764 -0.6154 0.6279
vn 0.6136 -0.7084 -0.3488
vn 0.6955 -0.6991 -0.1660
vn 0.5906 -0.7843 -0.1898
vn -0.4635 -0.0714 0.8832
vn -0.0000 -0.2806 0.9598
vn -0.0000 -0.0714 0.9975
vn -0.1806 -0.9214 0.3442
vn -0.0000 -0.9739 0.2272
vn -0.0000 -0.9214 0.3886
vn -0.4414 0.3128 0.8410
vn -0.0000 0.4942 0.8694
vn -0.4040 0.4941 0.7698
vn -0.0000 0.9355 0.3534
vn -0.0958 0.9785 0.1825
vn -0.1642 0.9355 0.3130
vn -0.8209 -0.0714 0.5666
vn -0.4460 -0.2807 0.8499
vn -0.3199 -0.9214 0.2208
vn -0.1056 -0.9738 0.2012
vn -0.7155 0.4941 0.4939
vn -0.7817 0.3128 0.5396
vn -0.1696 0.9785 0.1171
vn -0.2909 0.9355 0.2008
vn -0.9528 -0.2807 0.1157
vn -0.7899 -0.2807 0.5452
vn -0.3858 -0.9214 0.0468
vn -0.1870 -0.9739 0.1291
vn -0.8630 0.4941 0.1048
vn -0.9429 0.3128 0.1145
vn -0.2046 0.9785 0.0248
vn -0.3509 0.9355 0.0426
vn -0.9326 -0.0714 -0.3537
vn -0.9902 -0.0714 0.1202
vn -0.3634 -0.9214 -0.1378
vn -0.2255 -0.9739 0.0274
vn -0.8129 0.4942 -0.3083
vn -0.8881 0.3128 -0.3368
vn -0.1927 0.9785 -0.0731
vn -0.3305 0.9355 -0.1253
vn -0.6614 -0.0714 -0.7466
vn -0.8974 -0.2807 -0.3404
vn -0.2577 -0.9214 -0.2909
vn -0.2124 -0.9739 -0.0806
vn -0.6299 0.3128 -0.7110
vn -0.5765 0.4941 -0.6507
vn -0.1367 0.9785 -0.1543
vn -0.2344 0.9355 -0.2646
vn -0.2387 -0.0714 -0.9685
vn -0.6365 -0.2807 -0.7184
vn -0.0930 -0.9214 -0.3774
vn -0.1507 -0.9739 -0.1701
vn -0.2081 0.4942 -0.8441
vn -0.2273 0.3128 -0.9222
vn -0.0493 0.9785 -0.2001
vn -0.0846 0.9355 -0.3432
vn 0.2387 -0.0714 -0.9685
vn -0.2297 -0.2807 -0.9319
vn 0.0930 -0.9214 -0.3773
vn -0.0544 -0.9739 -0.2206
vn 0.2080 0.4942 -0.8441
vn 0.2273 0.3128 -0.9222
vn 0.0493 0.9785 -0.2001
vn 0.0846 0.9355 -0.3432
vn 0.6614 -0.0714 -0.7466
vn 0.2297 -0.2807 -0.9319
vn 0.2577 -0.9214 -0.2909
vn 0.0544 -0.9739 -0.2206
vn 0.5765 0.4941 -0.6507
vn 0.6299 0.3128 -0.7110
vn 0.1367 0.9785 -0.1543
vn 0.2344 0.9355 -0.2646
vn 0.9326 -0.0714 -0.3537
vn 0.6365 -0.2807 -0.7184
vn 0.3634 -0.9214 -0.1378
vn 0.1507 -0.9739 -0.1701
vn 0.8129 0.4942 -0.3083
vn 0.8881 0.3128 -0.3368
vn 0.1927 0.9785 -0.0731
vn 0.3305 0.9355 -0.1253
vn 0.9902 -0.0714 0.1202
vn 0.8974 -0.2807 -0.3404
vn 0.3858 -0.9214 0.0468
vn 0.2124 -0.9739 -0.0806
vn 0.8630 0.4941 0.1048
vn 0.9429 0.3128 0.1145
vn 0.2046 0.9785 0.0248
vn 0.3509 0.9355 0.0426
vn 0.8209 -0.0714 0.5666
vn 0.9528 -0.2807 0.1157
vn 0.3199 -0.9214 0.2208
vn 0.2255 -0.9739 0.0274
vn 0.7817 0.3128 0.5396
vn 0.7155 0.4942 0.4939
vn 0.1696 0.9785 0.1171
vn 0.2909 0.9355 0.2008
vn 0.4460 -0.2807 0.8499
vn 0.7899 -0.2806 0.5452
vn 0.1806 -0.9214 0.3442
vn 0.1870 -0.9739 0.1291
vn 0.4040 0.4941 0.7698
vn 0.4414 0.3128 0.8410
vn 0.0958 0.9785 0.1825
vn 0.1642 0.9355 0.3130
vn 0.4635 -0.0714 0.8832
vn 0.1056 -0.9738 0.2012
vn -0.0000 0.3128 0.9498
vn -0.0000 0.9785 0.2061
vn -0.3754 -0.1938 0.9064
vn -0.0000 -0.3891 0.9212
vn -0.0000 -0.1938 0.9810
vn -0.1440 -0.9265 0.3477
vn -0.0000 -0.9767 0.2146
vn -0.0000 -0.9265 0.3764
vn -0.0000 0.1938 0.9810
vn -0.3525 0.3890 0.8511
vn -0.3754 0.1938 0.9064
vn -0.0000 0.9265 0.3764
vn -0.0821 0.9767 0.1983
vn -0.1440 0.9265 0.3477
vn -0.6514 -0.3891 0.6514
vn -0.3525 -0.3890 0.8511
vn -0.1517 -0.9767 0.1517
vn -0.0821 -0.9767 0.1983
vn -0.6514 0.3891 0.6514
vn -0.6937 0.1939 0.6937
vn -0.2661 0.9265 0.2661
vn -0.1517 0.9767 0.1518
vn -0.9064 -0.1938 0.3754
vn -0.6937 -0.1939 0.6937
vn -0.3477 -0.9265 0.1440
vn -0.2661 -0.9265 0.2661
vn -0.8511 0.3891 0.3525
vn -0.9064 0.1938 0.3754
vn -0.3477 0.9265 0.1440
vn -0.1983 0.9767 0.0821
vn -0.9810 -0.1938 -0.0000
vn -0.8511 -0.3891 0.3525
vn -0.3764 -0.9265 -0.0000
vn -0.1983 -0.9767 0.0821
vn -0.9212 0.3891 -0.0000
vn -0.9810 0.1938 -0.0000
vn -0.2146 0.9767 -0.0000
vn -0.3764 0.9265 -0.0000
vn -0.9064 -0.1938 -0.3754
vn -0.9212 -0.3891 -0.0000
vn -0.3477 -0.9265 -0.1440
vn -0.2146 -0.9767 -0.0000
vn -0.8511 0.3891 -0.3525
vn -0.9064 0.1938 -0.3754
vn -0.1983 0.9767 -0.0821
vn -0.3477 0.9265 -0.1440
vn -0.6514 -0.3891 -0.6514
vn -0.8511 -0.3891 -0.3525
vn -0.1517 -0.9767 -0.1517
vn -0.1983 -0.9767 -0.0821
vn -0.6514 0.3891 -0.6514
vn -0.6937 0.1938 -0.6937
vn -0.2661 0.9265 -0.2661
vn -0.1518 0.9767 -0.1518
vn -0.3754 -0.1938 -0.9064
vn -0.6937 -0.1939 -0.6937
vn -0.1440 -0.9265 -0.3477
vn -0.2661 -0.9265 -0.2661
vn -0.3525 0.3891 -0.8511
vn -0.3754 0.1938 -0.9064
vn -0.1440 0.9265 -0.3477
vn -0.0821 0.9767 -0.1983
vn -0.0000 -0.1938 -0.9810
vn -0.3525 -0.3890 -0.8511
vn -0.0000 -0.9265 -0.3764
vn -0.0821 -0.9767 -0.1983
vn -0.0000 0.3891 -0.9212
vn -0.0000 0.1938 -0.9810
vn -0.0000 0.9767 -0.2146
vn -0.0000 0.9265 -0.3764
vn 0.3754 -0.1938 -0.9064
vn -0.0000 -0.3891 -0.9212
vn 0.1440 -0.9265 -0.3477
vn -0.0000 -0.9767 -0.2146
vn 0.3525 0.3890 -0.8511
vn 0.3754 0.1938 -0.9064
vn 0.0821 0.9767 -0.1983
vn 0.1440 0.9265 -0.3477
vn 0.6514 -0.3891 -0.6514
vn 0.3525 -0.3890 -0.8511
vn 0.1517 -0.9767 -0.1517
vn 0.0821 -0.9767 -0.1983
vn 0.6514 0.3891 -0.6514
vn 0.6937 0.1939 -0.6937
vn 0.2661 0.9265 -0.2661
vn 0.1517 0.9767 -0.1518
vn 0.9064 -0.1938 -0.3754
vn 0.6937 -0.1939 -0.6937
vn 0.3477 -0.9265 -0.1440
vn 0.2661 -0.9265 -0.2661
vn 0.8511 0.3891 -0.3525
vn 0.9064 0.1938 -0.3754
vn 0.3477 0.9265 -0.1440
vn 0.1983 0.9767 -0.0821
vn 0.9810 -0.1938 -0.0000
vn 0.8511 -0.3891 -0.3525
vn 0.3764 -0.9265 -0.0000
vn 0.1983 -0.9767 -0.0821
vn 0.9212 0.3891 -0.0000
vn 0.9810 0.1938 -0.0000
vn 0.2146 0.9767 -0.0000
vn 0.3764 0.9265 -0.0000
vn 0.9064 -0.1938 0.3754
vn 0.9212 -0.3891 -0.0000
vn 0.3477 -0.9265 0.1440
vn 0.2146 -0.9767 -0.0000
vn 0.8511 0.3891 0.3525
vn 0.9064 0.1938 0.3754
vn 0.1983 0.9767 0.0821
vn 0.3477 0.9265 0.1440
vn 0.6514 -0.3891 0.6514
vn 0.8511 -0.3891 0.3525
vn 0.1517 -0.9767 0.1517
vn 0.1983 -0.9767 0.0821
vn 0.6514 0.3891 0.6514
vn 0.6937 0.1938 0.6937
vn 0.2661 0.9265 0.2661
vn 0.1518 0.9767 0.1518
vn 0.3754 -0.1938 0.9064
vn 0.6937 -0.1939 0.6937
vn 0.1440 -0.9265 0.3477
vn 0.2661 -0.9265 0.2661
vn 0.3525 0.3891 0.8511
vn 0.3754 0.1938 0.9064
vn 0.1440 0.9265 0.3477
vn 0.0821 0.9767 0.1983
vn 0.3525 -0.3890 0.8511
vn 0.0821 -0.9767 0.1983
vn -0.0000 0.3891 0.9212
vn -0.0000 0.9767 0.2146
vn 0.3389 -0.9348 -0.1058
vn 0.5959 -0.4294 -0.6786
vn -0.3041 -0.1577 -0.9395
vn 0.4622 0.0858 -0.8826
vn 0.2409 0.8927 -0.3808
vn 0.8840 0.1156 0.4529
vn 0.1000 -0.9062 0.4109
vn 0.3873 0.9062 0.1699
vn 0.4997 0.3861 0.7754
vn -0.4505 0.1875 0.8729
vn 0.2925 -0.1156 0.9493
vn -0.4169 -0.8927 0.1712
vn -0.6282 -0.3276 0.7057
vn -0.1630 0.9348 0.3154
vn -0.7718 0.4293 0.4690
vn -0.8724 0.1577 -0.4627
vn -0.9495 -0.0858 0.3018
vn -0.1780 -0.9214 -0.3455
vn -0.7091 -0.3709 -0.5997
vn -0.3094 0.9214 -0.2353
vn 0.0396 -0.9596 -0.2786
vn -0.4332 -0.5046 -0.7468
vn -0.9820 -0.1891 -0.0043
vn -0.3086 0.8524 -0.4221
vn -0.2161 0.2460 -0.9449
vn 0.7130 0.0819 -0.6964
vn 0.0361 -0.2648 -0.9636
vn 0.4488 -0.8867 0.1114
vn 0.8250 -0.3946 -0.4045
vn 0.2590 0.8867 -0.3831
vn 0.8838 0.3946 -0.2515
vn 0.6716 0.2648 0.6919
vn 0.9958 -0.0819 0.0404
vn 0.0531 -0.8525 0.5201
vn 0.4716 -0.2459 0.8468
vn 0.2159 0.9596 0.1806
vn 0.1777 0.5046 0.8449
vn -0.7269 0.1890 0.6602
vn -0.0223 -0.0061 0.9997
vn -0.3561 -0.9253 0.1301
vn -0.7867 -0.3559 0.5045
vn -0.3517 0.9253 0.1416
vn -0.9222 0.3559 0.1515
vn -0.2373 -0.9629 -0.1287
vn -0.8400 -0.5164 0.1663
vn -0.3211 -0.1940 0.9270
vn -0.9115 -0.0067 0.4112
vn -0.5113 0.8454 0.1548
vn -0.9671 0.2326 -0.1032
vn -0.4274 0.0764 -0.9008
vn -0.8956 -0.2771 -0.3481
vn 0.2637 -0.8829 -0.3885
vn -0.1083 -0.3957 -0.9120
vn -0.2901 0.8829 -0.3692
vn 0.0444 0.3957 -0.9173
vn 0.8691 0.2771 -0.4098
vn 0.3635 -0.0764 -0.9284
vn 0.5208 -0.8454 0.1187
vn 0.9575 -0.2326 -0.1704
vn 0.2277 0.9629 -0.1449
vn 0.8496 0.5164 0.1072
vn 0.3850 0.1940 0.9023
vn 0.9380 0.0067 0.3466
vn 0.0199 -0.9253 0.3786
vn 0.2258 -0.3533 0.9079
vn 0.0066 0.9253 0.3791
vn -0.1619 0.3533 0.9214
vn -0.2033 -0.9591 0.1968
vn -0.1186 -0.5032 0.8560
vn 0.7711 -0.1884 0.6083
vn -0.0162 0.8533 0.5212
vn -0.4113 0.2476 0.8772
vn -0.9905 0.0826 0.1097
vn -0.6219 -0.2633 0.7375
vn -0.2855 -0.8871 -0.3626
vn -0.4395 0.8871 0.1409
vn -0.1032 0.2633 -0.9592
vn -0.7599 -0.0826 -0.6448
vn 0.2780 -0.8533 -0.4412
vn -0.0585 0.9591 -0.2768
vn 0.9794 0.1884 -0.0731
vn 0.6331 -0.0078 -0.7741
vn 0.3603 -0.9253 0.1182
vn 0.3648 0.9253 0.1034
vn 0.2481 -0.9035 0.3494
vn 0.8296 -0.3518 0.4336
vn 0.8478 -0.1256 -0.5153
vn 0.9596 0.1640 0.2286
vn 0.3650 0.9260 0.0960
vn 0.6505 0.4061 0.6418
vn -0.2347 0.1481 0.9607
vn 0.5205 -0.1096 0.8468
vn -0.3115 -0.9188 0.2422
vn -0.4182 -0.3748 0.8274
vn -0.1341 0.9188 0.3711
vn -0.6577 0.3749 0.6534
vn -0.9662 0.1096 -0.2334
vn -0.8412 -0.1481 0.5201
vn -0.2041 -0.9260 -0.3175
vn -0.8114 -0.4061 -0.4204
vn -0.4090 0.9035 -0.1280
vn 0.2281 0.1255 -0.9655
vn 0.3555 -0.9107 -0.2103
vn 0.4364 -0.3830 -0.8142
vn 0.0902 0.9107 -0.4031
vn 0.6395 0.3830 -0.6666
vn 0.3880 -0.8490 -0.3587
vn 0.2160 0.3193 -0.9227
vn 0.3590 0.9019 0.2403
vn 0.9287 0.3388 0.1506
vn 0.5310 -0.2664 0.8044
vn 0.9651 -0.2295 0.1262
vn -0.0790 -0.9947 -0.0662
vn 0.2083 0.6513 0.7296
vn 0.0250 -0.0871 0.9959
vn -0.8357 -0.1138 0.5373
vn -0.4057 -0.7779 -0.4799
vn -0.8820 -0.4628 0.0889
vn -0.3413 0.7250 0.5982
vn -0.5285 0.5096 -0.6790
vn 0.0613 -0.6322 -0.7723
vn -0.1907 0.9756 0.1089
vn -0.0177 0.7610 -0.6486
vn -0.3056 -0.4917 0.8154
vn -0.1385 -0.9534 0.2682
vn -0.5812 0.2788 0.7645
vn -0.2755 0.8397 0.4679
vn -0.8486 -0.5247 0.0672
vn -0.2856 -0.9474 -0.1442
vn -0.9588 0.2775 -0.0613
vn -0.5568 0.8181 0.1439
vn -0.4837 -0.4073 -0.7747
vn -0.0068 -0.8799 -0.4752
vn -0.4430 0.4112 -0.7967
vn 0.4242 -0.2569 -0.8684
vn 0.4505 0.5463 -0.7061
vn 0.9672 -0.2239 -0.1202
vn 0.5661 -0.8241 0.0188
vn 0.8281 0.5476 0.1198
vn 0.2749 0.9613 -0.0179
vn 0.6023 -0.3413 0.7217
vn 0.3123 0.4139 0.8551
vn 0.1404 0.9113 0.3871
vn -0.4399 -0.2459 0.8637
vn -0.4630 -0.8013 0.3789
vn -0.4223 0.5597 0.7130
vn -0.9786 -0.1717 0.1138
vn -0.7959 0.5949 -0.1125
vn -0.2237 0.9741 0.0336
vn -0.6168 -0.2937 -0.7302
vn -0.3326 -0.8690 -0.3664
vn -0.2860 0.4471 -0.8475
vn -0.0907 0.9241 -0.3712
vn 0.2835 -0.4901 -0.8243
vn 0.0898 -0.9544 -0.2848
vn 0.5975 0.2642 -0.7571
vn 0.3205 0.8324 -0.4520
vn 0.8221 -0.5644 -0.0744
vn 0.2358 -0.9633 0.1287
vn 0.9710 0.2290 0.0683
vn 0.5987 0.7906 -0.1282
vn 0.4604 -0.4423 0.7697
vn 0.4611 0.3768 0.8034
vn -0.3892 -0.1933 0.9006
vn -0.5012 0.5775 0.6444
vn -0.9371 -0.3078 0.1649
vn -0.8824 0.4391 -0.1688
vn -0.3746 0.9226 -0.0927
vn -0.5674 -0.4883 -0.6630
vn -0.3597 0.2707 -0.8929
vn 0.3500 -0.5543 -0.7551
vn 0.2358 -0.9595 -0.1538
vn 0.5442 0.2408 -0.8037
vn 0.8979 -0.4398 -0.0193
vn 0.3840 -0.8883 0.2518
vn 0.9253 0.3791 0.0096
vn 0.4673 0.8475 -0.2519
vn 0.5282 -0.2594 0.8085
vn 0.4026 0.5474 0.7337
vn 0.1928 0.8761 0.4418
vn -0.5182 0.5708 0.6369
vn -0.9700 0.1831 0.1598
vn -0.0747 0.9515 -0.2986
vn -0.3429 0.8903 0.2997
vn -0.1340 -0.0231 0.9907
vn 0.4110 -0.0813 0.9080
vn -0.2814 -0.4714 0.8358
vn -0.8762 -0.2278 0.4247
vn 0.0737 -0.9468 0.3132
vn 0.5743 -0.8101 0.1181
vn 0.9740 -0.2001 -0.1061
vn -0.1687 -0.9784 -0.1191
vn -0.7924 -0.6008 0.1057
vn -0.0067 -0.6043 -0.7967
vn 0.3417 -0.8857 -0.3141
vn 0.4570 -0.3030 -0.8363
vn 0.8887 0.1728 -0.4247
vn -0.3360 -0.2497 -0.9082
vn -0.2641 0.5311 -0.8051
vn 0.2211 0.7392 -0.6362
vn 0.7962 0.5837 -0.1594
vn -0.5518 0.7079 -0.4410
vn -0.9442 0.0642 -0.3229
vn -0.4423 -0.3806 0.8121
vn -0.6357 0.3807 0.6716
vn 0.2988 -0.1382 0.9443
vn -0.2988 0.1382 0.9443
vn -0.9904 0.1382 0.0076
vn -0.8057 -0.1382 0.5760
vn -0.9090 -0.3806 -0.1697
vn -0.3584 -0.9059 -0.2255
vn -0.8352 0.3807 -0.3970
vn -0.4225 0.9059 -0.0282
vn -0.3133 0.1382 -0.9395
vn -0.7967 -0.1382 -0.5883
vn -0.1195 -0.3806 -0.9170
vn 0.1037 -0.9059 -0.4106
vn 0.1195 0.3806 -0.9170
vn -0.1037 0.9059 -0.4106
vn 0.7967 0.1382 -0.5883
vn 0.3133 -0.1382 -0.9395
vn 0.8351 -0.3807 -0.3970
vn 0.4225 -0.9059 -0.0282
vn 0.9090 0.3807 -0.1697
vn 0.3585 0.9059 -0.2255
vn 0.8057 0.1382 0.5760
vn 0.9904 -0.1382 0.0076
vn 0.6357 -0.3807 0.6716
vn 0.4423 0.3806 0.8121
vn -0.8351 0.3807 -0.3970
vn 0.8352 -0.3807 -0.3970
vn -0.9307 -0.0000 0.3657
vn -0.9595 0.2817 -0.0000
vn -1.0000 -0.0000 -0.0000
vn -0.9307 -0.0000 -0.3657
vn -0.7575 0.2224 -0.6138
vn -0.5140 -0.0000 -0.8578
vn -0.7895 -0.0000 -0.6138
vn -0.1494 0.0439 -0.9878
vn -0.1558 -0.0000 -0.9878
vn 0.1250 -0.0367 -0.9915
vn 0.4823 -0.0000 -0.8760
vn 0.1303 -0.0000 -0.9915
vn 0.4628 -0.1359 -0.8760
vn 0.7794 -0.0000 -0.6266
vn 0.8896 -0.2612 -0.3747
vn 1.0000 -0.0000 -0.0000
vn 0.9271 -0.0000 -0.3747
vn 0.8896 -0.2612 0.3747
vn 0.9271 -0.0000 0.3747
vn 0.7478 -0.2196 0.6266
vn 0.4823 -0.0000 0.8760
vn 0.7794 -0.0000 0.6266
vn 0.4628 -0.1359 0.8760
vn 0.1303 -0.0000 0.9915
vn -0.1494 0.0439 0.9878
vn -0.5140 -0.0000 0.8578
vn -0.1558 -0.0000 0.9878
vn -0.4932 0.1448 0.8578
vn -0.7895 -0.0000 0.6138
vn -0.8930 0.2622 0.3657
vn -0.8413 0.5406 -0.0000
vn -0.7830 0.5032 -0.3657
vn -0.8930 0.2622 -0.3657
vn -0.6641 0.4268 -0.6138
vn -0.4932 0.1448 -0.8578
vn -0.4324 0.2779 -0.8578
vn 0.4057 -0.2607 -0.8760
vn 0.6556 -0.4213 -0.6266
vn 0.7478 -0.2196 -0.6266
vn 0.8413 -0.5406 -0.0000
vn 0.9595 -0.2817 -0.0000
vn 0.4057 -0.2607 0.8760
vn 0.1250 -0.0367 0.9915
vn -0.1310 0.0842 0.9878
vn -0.4324 0.2779 0.8578
vn -0.7575 0.2224 0.6138
vn -0.6095 0.7034 0.3657
vn -0.7830 0.5032 0.3657
vn -0.6549 0.7557 -0.0000
vn -0.5170 0.5966 -0.6138
vn -0.3366 0.3885 -0.8578
vn -0.1310 0.0842 -0.9878
vn 0.0853 -0.0985 -0.9915
vn 0.1096 -0.0704 -0.9915
vn 0.5104 -0.5890 -0.6266
vn 0.6072 -0.7007 -0.3747
vn 0.7800 -0.5013 -0.3747
vn 0.6549 -0.7557 -0.0000
vn 0.7800 -0.5013 0.3747
vn 0.5104 -0.5890 0.6266
vn 0.6556 -0.4213 0.6266
vn 0.0853 -0.0985 0.9915
vn 0.1096 -0.0704 0.9915
vn -0.3366 0.3885 0.8578
vn -0.5170 0.5966 0.6138
vn -0.6641 0.4268 0.6138
vn -0.3866 0.8466 0.3657
vn -0.3866 0.8466 -0.3657
vn -0.6095 0.7034 -0.3657
vn -0.3280 0.7181 -0.6138
vn -0.0647 0.1417 -0.9878
vn -0.1020 0.1177 -0.9878
vn 0.2003 -0.4387 -0.8760
vn 0.3158 -0.3645 -0.8760
vn 0.3851 -0.8434 -0.3747
vn 0.4154 -0.9096 -0.0000
vn 0.6071 -0.7007 0.3747
vn 0.3238 -0.7089 0.6266
vn 0.3158 -0.3645 0.8760
vn 0.0541 -0.1185 0.9915
vn -0.1020 0.1177 0.9878
vn -0.2135 0.4676 0.8578
vn -0.3279 0.7181 0.6138
vn -0.1325 0.9212 0.3657
vn -0.4154 0.9096 -0.0000
vn -0.1423 0.9898 -0.0000
vn -0.0732 0.5088 -0.8578
vn -0.2135 0.4676 -0.8578
vn 0.0541 -0.1185 -0.9915
vn 0.0686 -0.4774 -0.8760
vn 0.1109 -0.7714 -0.6266
vn 0.3238 -0.7089 -0.6266
vn 0.1319 -0.9177 -0.3747
vn 0.1423 -0.9898 -0.0000
vn 0.3851 -0.8434 0.3747
vn 0.0686 -0.4774 0.8760
vn 0.2003 -0.4387 0.8760
vn -0.0647 0.1417 0.9878
vn -0.0732 0.5088 0.8578
vn 0.1325 0.9212 0.3657
vn 0.1423 0.9898 -0.0000
vn -0.1325 0.9212 -0.3657
vn 0.1123 0.7814 -0.6138
vn -0.1123 0.7814 -0.6138
vn 0.0732 0.5088 -0.8578
vn -0.0222 0.1542 -0.9878
vn -0.0185 -0.1290 -0.9915
vn 0.0185 -0.1290 -0.9915
vn -0.1109 -0.7714 -0.6266
vn -0.1423 -0.9898 -0.0000
vn 0.1319 -0.9177 0.3747
vn -0.1109 -0.7714 0.6266
vn 0.1109 -0.7714 0.6266
vn -0.0185 -0.1290 0.9915
vn 0.0185 -0.1290 0.9915
vn 0.0222 0.1542 0.9878
vn -0.0222 0.1542 0.9878
vn 0.0732 0.5088 0.8578
vn -0.1123 0.7814 0.6138
vn 0.3866 0.8466 0.3657
vn 0.4154 0.9096 -0.0000
vn 0.1325 0.9212 -0.3657
vn 0.2135 0.4676 -0.8578
vn 0.0647 0.1417 -0.9878
vn 0.0222 0.1542 -0.9878
vn -0.0541 -0.1185 -0.9915
vn -0.0686 -0.4774 -0.8760
vn -0.2003 -0.4387 -0.8760
vn -0.3852 -0.8434 -0.3747
vn -0.1319 -0.9177 -0.3747
vn -0.3852 -0.8434 0.3747
vn -0.1319 -0.9177 0.3747
vn -0.2004 -0.4387 0.8760
vn -0.0686 -0.4774 0.8760
vn 0.2135 0.4676 0.8578
vn 0.3279 0.7181 0.6138
vn 0.1123 0.7814 0.6138
vn 0.6549 0.7558 -0.0000
vn 0.3866 0.8466 -0.3657
vn 0.5170 0.5966 -0.6138
vn 0.3280 0.7181 -0.6138
vn 0.1020 0.1177 -0.9878
vn -0.3158 -0.3645 -0.8760
vn -0.3238 -0.7089 -0.6266
vn -0.6549 -0.7558 -0.0000
vn -0.4154 -0.9096 -0.0000
vn -0.3237 -0.7089 0.6266
vn -0.3158 -0.3645 0.8760
vn -0.0541 -0.1185 0.9915
vn 0.1020 0.1177 0.9878
vn 0.0647 0.1417 0.9878
vn 0.5170 0.5966 0.6138
vn 0.7830 0.5032 0.3657
vn 0.6095 0.7034 0.3657
vn 0.8413 0.5406 -0.0000
vn 0.6095 0.7034 -0.3657
vn 0.6641 0.4268 -0.6138
vn 0.3366 0.3885 -0.8578
vn 0.1310 0.0842 -0.9878
vn -0.0853 -0.0985 -0.9915
vn -0.4057 -0.2607 -0.8760
vn -0.5104 -0.5890 -0.6266
vn -0.7800 -0.5012 -0.3747
vn -0.6071 -0.7007 -0.3747
vn -0.8413 -0.5406 -0.0000
vn -0.6071 -0.7007 0.3747
vn -0.5104 -0.5890 0.6266
vn -0.4057 -0.2607 0.8760
vn -0.0853 -0.0985 0.9915
vn 0.1310 0.0842 0.9878
vn 0.3366 0.3885 0.8578
vn 0.6641 0.4268 0.6138
vn 0.9595 0.2817 -0.0000
vn 0.7830 0.5032 -0.3657
vn 0.7575 0.2224 -0.6138
vn 0.4324 0.2779 -0.8578
vn 0.1494 0.0439 -0.9878
vn -0.1096 -0.0704 -0.9915
vn -0.4627 -0.1359 -0.8760
vn -0.6556 -0.4213 -0.6266
vn -0.9595 -0.2817 -0.0000
vn -0.7800 -0.5013 0.3747
vn -0.7478 -0.2196 0.6266
vn -0.6556 -0.4213 0.6266
vn -0.4627 -0.1359 0.8760
vn -0.1096 -0.0704 0.9915
vn 0.1494 0.0439 0.9878
vn 0.4324 0.2779 0.8578
vn 0.7575 0.2224 0.6138
vn 0.9307 -0.0000 0.3657
vn 0.8930 0.2622 0.3657
vn 0.9307 -0.0000 -0.3657
vn 0.8930 0.2622 -0.3657
vn 0.5140 -0.0000 -0.8578
vn 0.4932 0.1448 -0.8578
vn 0.1558 -0.0000 -0.9878
vn -0.1303 -0.0000 -0.9915
vn -0.1250 -0.0367 -0.9915
vn -0.7794 -0.0000 -0.6266
vn -0.7478 -0.2196 -0.6266
vn -0.9271 -0.0000 -0.3747
vn -0.8896 -0.2612 -0.3747
vn -0.8896 -0.2612 0.3747
vn -0.7794 -0.0000 0.6266
vn -0.4823 -0.0000 0.8760
vn -0.1250 -0.0367 0.9915
vn 0.1558 -0.0000 0.9878
vn 0.4932 0.1448 0.8578
vn 0.5140 -0.0000 0.8578
vn 0.8930 -0.2622 0.3657
vn 0.7575 -0.2224 -0.6138
vn 0.7895 -0.0000 -0.6138
vn 0.1494 -0.0439 -0.9878
vn -0.1250 0.0367 -0.9915
vn -0.4823 -0.0000 -0.8760
vn -0.4627 0.1359 -0.8760
vn -0.8896 0.2612 0.3747
vn -0.9271 -0.0000 0.3747
vn -0.4627 0.1359 0.8760
vn -0.1303 -0.0000 0.9915
vn 0.4932 -0.1448 0.8578
vn 0.7575 -0.2224 0.6138
vn 0.7895 -0.0000 0.6138
vn 0.7830 -0.5032 0.3657
vn 0.8930 -0.2622 -0.3657
vn 0.6641 -0.4268 -0.6138
vn 0.4932 -0.1448 -0.8578
vn 0.4324 -0.2779 -0.8578
vn -0.4057 0.2608 -0.8760
vn -0.6556 0.4213 -0.6266
vn -0.7478 0.2196 -0.6266
vn -0.8896 0.2612 -0.3747
vn -0.7800 0.5012 0.3747
vn -0.6556 0.4213 0.6266
vn -0.7478 0.2196 0.6266
vn -0.1096 0.0704 0.9915
vn -0.1250 0.0367 0.9915
vn 0.1310 -0.0842 0.9878
vn 0.1494 -0.0439 0.9878
vn 0.6641 -0.4268 0.6138
vn 0.6549 -0.7558 -0.0000
vn 0.7830 -0.5032 -0.3657
vn 0.3366 -0.3885 -0.8578
vn 0.1020 -0.1177 -0.9878
vn 0.1310 -0.0842 -0.9878
vn -0.1096 0.0704 -0.9915
vn -0.3158 0.3645 -0.8760
vn -0.7800 0.5013 -0.3747
vn -0.3158 0.3645 0.8760
vn -0.4057 0.2607 0.8760
vn -0.0853 0.0985 0.9915
vn 0.3366 -0.3885 0.8578
vn 0.4324 -0.2779 0.8578
vn 0.3866 -0.8466 0.3657
vn 0.6095 -0.7034 0.3657
vn 0.3866 -0.8466 -0.3657
vn 0.6095 -0.7034 -0.3657
vn 0.3279 -0.7181 -0.6138
vn 0.5170 -0.5966 -0.6138
vn 0.2135 -0.4676 -0.8578
vn -0.0853 0.0985 -0.9915
vn -0.2004 0.4387 -0.8760
vn -0.5104 0.5890 -0.6266
vn -0.6071 0.7007 -0.3747
vn -0.6072 0.7007 0.3747
vn -0.5104 0.5890 0.6266
vn -0.2003 0.4387 0.8760
vn -0.0541 0.1185 0.9915
vn 0.0647 -0.1417 0.9878
vn 0.1020 -0.1177 0.9878
vn 0.2135 -0.4676 0.8578
vn 0.5170 -0.5966 0.6138
vn 0.1325 -0.9212 0.3657
vn 0.0732 -0.5088 -0.8578
vn 0.0647 -0.1417 -0.9878
vn -0.0541 0.1185 -0.9915
vn -0.0686 0.4774 -0.8760
vn -0.3238 0.7089 -0.6266
vn -0.1319 0.9177 -0.3747
vn -0.3851 0.8434 -0.3747
vn -0.1319 0.9177 0.3747
vn -0.3851 0.8434 0.3747
vn -0.3238 0.7089 0.6266
vn -0.0686 0.4774 0.8760
vn 0.0222 -0.1542 0.9878
vn 0.1124 -0.7814 0.6138
vn 0.3279 -0.7181 0.6138
vn -0.1325 -0.9212 0.3657
vn 0.1325 -0.9212 -0.3657
vn -0.1124 -0.7814 -0.6138
vn 0.1124 -0.7814 -0.6138
vn -0.0732 -0.5088 -0.8578
vn 0.0222 -0.1542 -0.9878
vn 0.0185 0.1290 -0.9915
vn -0.0185 0.1290 -0.9915
vn 0.0686 0.4774 -0.8760
vn -0.1109 0.7714 -0.6266
vn 0.1319 0.9177 -0.3747
vn 0.1109 0.7714 0.6266
vn -0.1109 0.7714 0.6266
vn 0.0686 0.4774 0.8760
vn -0.0185 0.1290 0.9915
vn -0.0222 -0.1542 0.9878
vn 0.0732 -0.5088 0.8578
vn -0.0732 -0.5088 0.8578
vn -0.3866 -0.8466 -0.3657
vn -0.1325 -0.9212 -0.3657
vn -0.3279 -0.7181 -0.6138
vn -0.2135 -0.4676 -0.8578
vn -0.0222 -0.1542 -0.9878
vn 0.2003 0.4387 -0.8760
vn 0.1109 0.7714 -0.6266
vn 0.3851 0.8434 -0.3747
vn 0.3851 0.8434 0.3747
vn 0.1319 0.9177 0.3747
vn 0.3237 0.7089 0.6266
vn 0.2003 0.4387 0.8760
vn 0.0185 0.1290 0.9915
vn -0.0647 -0.1417 0.9878
vn -0.2135 -0.4676 0.8578
vn -0.1124 -0.7814 0.6138
vn -0.3866 -0.8466 0.3657
vn -0.3366 -0.3885 -0.8578
vn -0.0647 -0.1417 -0.9878
vn 0.0853 0.0985 -0.9915
vn 0.0541 0.1185 -0.9915
vn 0.5104 0.5890 -0.6266
vn 0.3237 0.7089 -0.6266
vn 0.6071 0.7007 -0.3747
vn 0.6071 0.7007 0.3747
vn 0.3158 0.3645 0.8760
vn 0.0541 0.1185 0.9915
vn -0.3366 -0.3885 0.8578
vn -0.5170 -0.5966 0.6138
vn -0.3279 -0.7181 0.6138
vn -0.6095 -0.7034 0.3657
vn -0.6095 -0.7034 -0.3657
vn -0.6641 -0.4268 -0.6138
vn -0.5170 -0.5966 -0.6138
vn -0.4324 -0.2779 -0.8578
vn -0.1020 -0.1177 -0.9878
vn 0.4057 0.2607 -0.8760
vn 0.3158 0.3645 -0.8760
vn 0.7800 0.5012 -0.3747
vn 0.6549 0.7557 -0.0000
vn 0.7800 0.5013 0.3747
vn 0.6556 0.4213 0.6266
vn 0.5104 0.5890 0.6266
vn 0.4057 0.2607 0.8760
vn 0.0853 0.0985 0.9915
vn -0.1310 -0.0842 0.9878
vn -0.1020 -0.1177 0.9878
vn -0.4324 -0.2779 0.8578
vn -0.8930 -0.2622 0.3657
vn -0.7830 -0.5032 0.3657
vn -0.8930 -0.2622 -0.3657
vn -0.7830 -0.5032 -0.3657
vn -0.7575 -0.2224 -0.6138
vn -0.4932 -0.1448 -0.8578
vn -0.1310 -0.0842 -0.9878
vn 0.1250 0.0367 -0.9915
vn 0.1096 0.0704 -0.9915
vn 0.7478 0.2196 -0.6266
vn 0.6556 0.4213 -0.6266
vn 0.7478 0.2196 0.6266
vn 0.4628 0.1359 0.8760
vn 0.1096 0.0704 0.9915
vn -0.4932 -0.1448 0.8578
vn -0.6641 -0.4268 0.6138
vn -0.1494 -0.0439 -0.9878
vn 0.4628 0.1359 -0.8760
vn 0.8896 0.2612 0.3747
vn 0.8896 0.2612 -0.3747
vn 0.1250 0.0367 0.9915
vn -0.7575 -0.2224 0.6138
vn -0.9311 -0.0000 0.3648
vn -0.9397 0.3420 -0.0000
vn -0.9311 -0.0000 -0.3648
vn -0.7426 0.2703 -0.6128
vn -0.5167 -0.0000 -0.8562
vn -0.7903 -0.0000 -0.6128
vn -0.1486 0.0541 -0.9874
vn -0.1581 -0.0000 -0.9874
vn 0.1271 -0.0000 -0.9919
vn 0.4490 -0.1634 -0.8784
vn 0.4778 -0.0000 -0.8784
vn 0.7779 -0.0000 -0.6284
vn 0.8708 -0.3170 -0.3757
vn 0.9267 -0.0000 -0.3757
vn 0.8708 -0.3170 0.3757
vn 0.9267 -0.0000 0.3757
vn 0.7779 -0.0000 0.6284
vn 0.4490 -0.1634 0.8785
vn 0.4778 -0.0000 0.8784
vn 0.1271 -0.0000 0.9919
vn -0.1486 0.0541 0.9874
vn -0.5167 -0.0000 0.8562
vn -0.1581 -0.0000 0.9874
vn -0.4855 0.1767 0.8562
vn -0.7903 -0.0000 0.6128
vn -0.8749 0.3185 0.3648
vn -0.7660 0.6428 -0.0000
vn -0.7133 0.5985 -0.3648
vn -0.8749 0.3185 -0.3648
vn -0.6054 0.5080 -0.6128
vn -0.4855 0.1767 -0.8562
vn -0.3958 0.3321 -0.8562
vn 0.0973 -0.0817 -0.9919
vn 0.1194 -0.0435 -0.9919
vn 0.3660 -0.3071 -0.8785
vn 0.7310 -0.2660 -0.6284
vn 0.7099 -0.5957 -0.3757
vn 0.9397 -0.3420 -0.0000
vn 0.7099 -0.5957 0.3757
vn 0.5959 -0.5000 0.6284
vn 0.7310 -0.2660 0.6284
vn 0.3660 -0.3071 0.8785
vn 0.1194 -0.0435 0.9919
vn -0.1211 0.1016 0.9874
vn -0.6054 0.5080 0.6128
vn -0.7426 0.2703 0.6128
vn -0.4655 0.8063 0.3648
vn -0.7133 0.5985 0.3648
vn -0.4656 0.8063 -0.3648
vn -0.2583 0.4474 -0.8562
vn -0.0790 0.1369 -0.9874
vn -0.1211 0.1016 -0.9874
vn 0.2389 -0.4138 -0.8785
vn 0.3889 -0.6737 -0.6284
vn 0.5959 -0.5000 -0.6284
vn 0.4634 -0.8026 -0.3757
vn 0.7660 -0.6428 -0.0000
vn 0.4634 -0.8026 0.3757
vn 0.2389 -0.4138 0.8785
vn 0.0973 -0.0817 0.9919
vn -0.0790 0.1369 0.9874
vn -0.3958 0.3321 0.8562
vn -0.2583 0.4474 0.8562
vn -0.1617 0.9170 0.3648
vn -0.5000 0.8660 -0.0000
vn -0.1617 0.9169 -0.3648
vn -0.1372 0.7783 -0.6128
vn -0.3951 0.6844 -0.6128
vn -0.0897 0.5088 -0.8562
vn 0.0635 -0.1100 -0.9919
vn 0.0830 -0.4706 -0.8784
vn 0.1351 -0.7661 -0.6284
vn 0.1609 -0.9127 -0.3757
vn 0.5000 -0.8660 -0.0000
vn 0.1609 -0.9127 0.3757
vn 0.3889 -0.6737 0.6284
vn 0.0830 -0.4706 0.8785
vn 0.0221 -0.1251 0.9919
vn 0.0635 -0.1100 0.9919
vn -0.0275 0.1557 0.9874
vn -0.0897 0.5088 0.8562
vn -0.3951 0.6844 0.6128
vn 0.1737 0.9848 -0.0000
vn -0.1736 0.9848 -0.0000
vn 0.1617 0.9169 -0.3648
vn 0.0897 0.5088 -0.8562
vn -0.0275 0.1557 -0.9874
vn -0.0221 -0.1251 -0.9919
vn 0.0221 -0.1251 -0.9919
vn -0.0830 -0.4706 -0.8785
vn -0.1609 -0.9127 -0.3757
vn 0.1736 -0.9848 -0.0000
vn -0.1736 -0.9848 -0.0000
vn -0.1351 -0.7661 0.6284
vn 0.1351 -0.7661 0.6284
vn -0.0830 -0.4706 0.8785
vn 0.0275 0.1557 0.9874
vn 0.0897 0.5088 0.8562
vn -0.1372 0.7783 0.6128
vn 0.4655 0.8063 0.3648
vn 0.1617 0.9170 0.3648
vn 0.4655 0.8063 -0.3648
vn 0.1372 0.7783 -0.6128
vn 0.2583 0.4474 -0.8562
vn 0.0791 0.1369 -0.9874
vn 0.0275 0.1557 -0.9874
vn -0.0635 -0.1100 -0.9919
vn -0.3889 -0.6737 -0.6284
vn -0.1351 -0.7661 -0.6284
vn -0.5000 -0.8660 -0.0000
vn -0.1609 -0.9127 0.3757
vn -0.3889 -0.6737 0.6284
vn -0.2389 -0.4138 0.8785
vn -0.0221 -0.1251 0.9919
vn 0.2583 0.4474 0.8562
vn 0.3951 0.6844 0.6128
vn 0.1372 0.7783 0.6128
vn 0.7660 0.6428 -0.0000
vn 0.5000 0.8660 -0.0000
vn 0.3951 0.6844 -0.6128
vn 0.3958 0.3321 -0.8562
vn 0.1211 0.1016 -0.9874
vn -0.0973 -0.0817 -0.9919
vn -0.2389 -0.4138 -0.8785
vn -0.3660 -0.3071 -0.8785
vn -0.7099 -0.5957 -0.3757
vn -0.4634 -0.8026 -0.3757
vn -0.7099 -0.5957 0.3757
vn -0.4634 -0.8026 0.3757
vn -0.3660 -0.3071 0.8785
vn -0.0973 -0.0817 0.9919
vn -0.0635 -0.1100 0.9919
vn 0.0790 0.1369 0.9874
vn 0.3958 0.3321 0.8562
vn 0.8749 0.3185 0.3648
vn 0.7133 0.5985 0.3648
vn 0.9397 0.3420 -0.0000
vn 0.7133 0.5985 -0.3648
vn 0.6054 0.5080 -0.6128
vn 0.4855 0.1767 -0.8562
vn 0.1486 0.0541 -0.9874
vn -0.1194 -0.0435 -0.9919
vn -0.7310 -0.2661 -0.6284
vn -0.5959 -0.5000 -0.6284
vn -0.9397 -0.3420 -0.0000
vn -0.7660 -0.6428 -0.0000
vn -0.7310 -0.2660 0.6284
vn -0.5959 -0.5000 0.6284
vn -0.4490 -0.1634 0.8784
vn 0.1486 0.0541 0.9874
vn 0.1211 0.1016 0.9874
vn 0.7426 0.2703 0.6128
vn 0.6054 0.5080 0.6128
vn 0.9311 -0.0000 0.3648
vn 0.9311 -0.0000 -0.3648
vn 0.8749 0.3185 -0.3648
vn 0.7903 -0.0000 -0.6128
vn 0.7426 0.2703 -0.6128
vn 0.1581 -0.0000 -0.9874
vn -0.4778 -0.0000 -0.8784
vn -0.4490 -0.1634 -0.8785
vn -0.7779 -0.0000 -0.6284
vn -0.8708 -0.3170 -0.3757
vn -0.8708 -0.3170 0.3757
vn -0.7779 -0.0000 0.6284
vn -0.4778 -0.0000 0.8784
vn -0.1194 -0.0435 0.9919
vn 0.1581 -0.0000 0.9874
vn 0.4855 0.1767 0.8562
vn 0.5167 -0.0000 0.8562
vn 0.4855 -0.1767 -0.8562
vn 0.5167 -0.0000 -0.8562
vn 0.1486 -0.0541 -0.9874
vn -0.1194 0.0435 -0.9919
vn -0.1271 -0.0000 -0.9919
vn -0.4490 0.1634 -0.8784
vn -0.8708 0.3170 -0.3757
vn -0.9267 -0.0000 -0.3757
vn -0.8708 0.3170 0.3757
vn -0.9267 -0.0000 0.3757
vn -0.7310 0.2661 0.6284
vn -0.1194 0.0435 0.9919
vn -0.1271 -0.0000 0.9919
vn 0.1486 -0.0541 0.9874
vn 0.7426 -0.2703 0.6128
vn 0.7903 -0.0000 0.6128
vn 0.8749 -0.3185 0.3648
vn 0.7133 -0.5985 -0.3648
vn 0.8749 -0.3184 -0.3648
vn 0.7426 -0.2703 -0.6128
vn 0.3958 -0.3321 -0.8562
vn -0.3660 0.3071 -0.8785
vn -0.7310 0.2660 -0.6284
vn -0.7099 0.5957 -0.3757
vn -0.7099 0.5957 0.3757
vn -0.3660 0.3071 0.8785
vn -0.4490 0.1634 0.8784
vn -0.0973 0.0817 0.9919
vn 0.3958 -0.3321 0.8562
vn 0.4855 -0.1767 0.8562
vn 0.6054 -0.5080 0.6128
vn 0.7133 -0.5985 0.3648
vn 0.3951 -0.6844 -0.6128
vn 0.6054 -0.5080 -0.6128
vn 0.0790 -0.1369 -0.9874
vn 0.1211 -0.1016 -0.9874
vn -0.0973 0.0817 -0.9919
vn -0.2389 0.4138 -0.8785
vn -0.3889 0.6737 -0.6284
vn -0.5959 0.5000 -0.6284
vn -0.4634 0.8026 0.3757
vn -0.5959 0.5000 0.6284
vn -0.2389 0.4138 0.8785
vn 0.0790 -0.1369 0.9874
vn 0.1211 -0.1016 0.9874
vn 0.3951 -0.6844 0.6128
vn 0.4655 -0.8064 0.3648
vn 0.4655 -0.8064 -0.3648
vn 0.1372 -0.7783 -0.6128
vn 0.2583 -0.4474 -0.8562
vn 0.0275 -0.1557 -0.9874
vn -0.0221 0.1251 -0.9919
vn -0.0635 0.1100 -0.9919
vn -0.1351 0.7661 -0.6284
vn -0.1609 0.9127 -0.3757
vn -0.4634 0.8026 -0.3757
vn -0.1609 0.9127 0.3757
vn -0.1351 0.7661 0.6284
vn -0.3889 0.6737 0.6284
vn -0.0221 0.1251 0.9919
vn -0.0635 0.1100 0.9919
vn 0.0275 -0.1557 0.9874
vn 0.2583 -0.4474 0.8562
vn 0.1372 -0.7783 0.6128
vn -0.1617 -0.9169 0.3648
vn 0.1617 -0.9170 0.3648
vn 0.1617 -0.9169 -0.3648
vn -0.0897 -0.5088 -0.8562
vn 0.0897 -0.5088 -0.8562
vn 0.0221 0.1251 -0.9919
vn -0.0830 0.4706 -0.8785
vn 0.0830 0.4706 -0.8785
vn 0.1609 0.9127 -0.3757
vn 0.1736 0.9848 -0.0000
vn 0.0830 0.4706 0.8784
vn -0.0830 0.4706 0.8784
vn -0.0275 -0.1557 0.9874
vn 0.0897 -0.5088 0.8562
vn -0.1372 -0.7783 0.6128
vn -0.4655 -0.8063 0.3648
vn -0.4655 -0.8063 -0.3648
vn -0.1617 -0.9170 -0.3648
vn -0.3951 -0.6844 -0.6128
vn -0.1372 -0.7783 -0.6128
vn -0.2583 -0.4474 -0.8562
vn -0.0275 -0.1557 -0.9874
vn 0.0635 0.1100 -0.9919
vn 0.2389 0.4138 -0.8785
vn 0.1351 0.7661 -0.6284
vn 0.1609 0.9127 0.3757
vn 0.1351 0.7661 0.6284
vn 0.2389 0.4138 0.8785
vn 0.0221 0.1251 0.9919
vn -0.2583 -0.4474 0.8562
vn -0.0897 -0.5088 0.8562
vn -0.6054 -0.5080 -0.6128
vn -0.3958 -0.3321 -0.8562
vn -0.0790 -0.1369 -0.9874
vn 0.3660 0.3071 -0.8785
vn 0.3889 0.6737 -0.6284
vn 0.4634 0.8026 -0.3757
vn 0.4634 0.8026 0.3757
vn 0.5959 0.5000 0.6284
vn 0.3889 0.6737 0.6284
vn 0.0973 0.0817 0.9919
vn 0.0635 0.1100 0.9919
vn -0.0790 -0.1369 0.9874
vn -0.3958 -0.3321 0.8562
vn -0.6054 -0.5080 0.6128
vn -0.3951 -0.6844 0.6128
vn -0.8749 -0.3185 0.3648
vn -0.7133 -0.5985 0.3648
vn -0.8749 -0.3185 -0.3648
vn -0.7133 -0.5985 -0.3648
vn -0.4855 -0.1767 -0.8562
vn -0.1486 -0.0541 -0.9874
vn -0.1211 -0.1016 -0.9874
vn 0.0973 0.0817 -0.9919
vn 0.4490 0.1634 -0.8785
vn 0.5959 0.5000 -0.6284
vn 0.7099 0.5957 -0.3757
vn 0.7099 0.5957 0.3757
vn 0.4490 0.1634 0.8785
vn 0.3660 0.3071 0.8785
vn -0.1211 -0.1016 0.9874
vn -0.4855 -0.1767 0.8562
vn -0.7426 -0.2703 0.6128
vn -0.7426 -0.2703 -0.6128
vn 0.8708 0.3170 0.3757
vn 0.8708 0.3170 -0.3757
vn 0.1194 0.0435 0.9919
vn 0.3791 0.1369 0.9152
vn 0.9152 -0.1369 0.3791
vn 0.3791 -0.9152 0.1369
vn 0.3791 -0.1369 -0.9152
vn 0.9152 0.1369 -0.3791
vn 0.3791 0.9152 -0.1369
vn 0.9152 0.3791 0.1369
vn -0.1369 0.3791 0.9152
vn 0.1368 0.9152 0.3791
vn 0.1369 0.3791 -0.9152
vn -0.1369 0.9152 -0.3791
vn -0.9152 0.3791 -0.1369
vn -0.3791 0.9152 0.1369
vn -0.3791 -0.1369 0.9152
vn -0.9152 0.1369 0.3791
vn -0.3791 0.1369 -0.9152
vn -0.9152 -0.1369 -0.3791
vn -0.3791 -0.9152 -0.1369
vn -0.9152 -0.3791 0.1369
vn 0.1369 -0.3791 0.9152
vn -0.1369 -0.9152 0.3791
vn -0.1369 -0.3791 -0.9152
vn 0.1369 -0.9152 -0.3791
vn 0.3081 -0.2599 0.9152
vn 0.3390 -0.8610 0.3791
vn -0.6030 -0.7859 0.1368
vn 0.0710 -0.3967 -0.9152
vn 0.9821 0.1293 -0.1369
vn 0.7859 -0.6030 0.1368
vn 0.2599 0.3081 0.9152
vn 0.3967 0.0710 -0.9152
vn -0.1293 0.9821 -0.1369
vn 0.6030 0.7859 0.1369
vn -0.3080 0.2599 0.9152
vn -0.3391 0.8610 0.3791
vn -0.0710 0.3967 -0.9152
vn -0.9821 -0.1293 -0.1369
vn -0.7859 0.6031 0.1369
vn -0.2599 -0.3081 0.9152
vn -0.3967 -0.0710 -0.9152
vn -0.7241 -0.5761 -0.3791
vn -0.0710 -0.3967 0.9152
vn -0.5761 -0.7241 0.3791
vn -0.9821 0.1293 0.1369
vn -0.3081 -0.2599 -0.9152
vn 0.6030 -0.7859 -0.1368
vn 0.3967 -0.0710 0.9152
vn 0.2599 -0.3081 -0.9152
vn 0.8610 -0.3391 -0.3791
vn 0.7859 0.6030 -0.1369
vn 0.9821 -0.1293 0.1369
vn 0.0710 0.3967 0.9152
vn 0.3081 0.2599 -0.9152
vn -0.6031 0.7859 -0.1369
vn 0.1293 0.9821 0.1369
vn -0.3967 0.0710 0.9152
vn -0.2599 0.3081 -0.9152
vn -0.8610 0.3391 -0.3791
vn 0.9152 -0.3791 -0.1369
vn -0.3081 0.2599 0.9152
vn -0.7859 0.6030 0.1368
vn -0.8610 -0.3391 0.3791
vn 0.1293 -0.9821 -0.1369
vn -0.6030 -0.7859 0.1369
vn 0.3391 -0.8610 0.3791
vn 0.7859 -0.6030 0.1369
vn 0.8610 0.3391 0.3791
vn 0.7241 0.5761 -0.3791
vn 0.3391 0.8610 -0.3791
vn -0.6030 0.7859 -0.1369
vn -0.7859 -0.6030 -0.1369
vn -0.3391 -0.8610 -0.3791
vn 0.6030 -0.7859 -0.1369
vn -0.1293 -0.9821 0.1369
vn -0.3518 -0.4657 0.8121
vn -0.7018 0.2376 0.6716
vn -0.3455 0.8521 0.3931
vn 0.3213 -0.0719 0.9443
vn -0.3213 0.0718 0.9443
vn -0.9972 -0.0745 0.0076
vn -0.7583 -0.3055 0.5759
vn -0.8079 -0.5644 -0.1697
vn -0.1587 -0.9612 -0.2255
vn -0.8968 0.1954 -0.3970
vn -0.3354 0.0688 -0.9396
vn -0.0363 -0.3973 -0.9170
vn 0.0363 0.3973 -0.9169
vn 0.7495 0.3037 -0.5883
vn 0.3354 -0.0688 -0.9395
vn 0.8968 -0.1954 -0.3970
vn 0.8079 0.5644 -0.1697
vn 0.7582 0.3056 0.5760
vn 0.7018 -0.2376 0.6716
vn 0.3455 -0.8521 0.3931
vn 0.3517 0.4656 0.8121
vn 0.1262 0.9542 0.2712
vn -0.5165 -0.2716 0.8121
vn -0.5339 0.5138 0.6716
vn 0.0501 0.9181 0.3931
vn 0.2601 -0.2018 0.9443
vn -0.2601 0.2018 0.9443
vn -0.9340 0.3572 0.0076
vn -0.9713 -0.1667 -0.1697
vn -0.5528 -0.8023 -0.2255
vn -0.7283 0.5586 -0.3970
vn -0.2742 0.2050 -0.9395
vn -0.8074 0.0443 -0.5883
vn -0.2020 -0.3441 -0.9170
vn -0.1024 -0.9061 -0.4106
vn 0.2020 0.3441 -0.9170
vn 0.1024 0.9061 -0.4106
vn 0.8074 -0.0443 -0.5883
vn 0.2743 -0.2050 -0.9395
vn 0.7283 -0.5586 -0.3970
vn 0.9713 0.1667 -0.1697
vn 0.5528 0.8022 -0.2255
vn 0.8161 -0.0463 0.5760
vn 0.9340 -0.3571 0.0076
vn 0.5339 -0.5137 0.6716
vn -0.0501 -0.9181 0.3931
vn 0.5165 0.2716 0.8121
vn 0.5204 0.8097 0.2712
vn 0.2057 -0.2151 0.9547
vn -0.0305 0.5894 0.8073
vn -0.0016 0.9703 0.2418
vn -0.5462 -0.3475 0.7621
vn -0.2470 -0.8661 0.4346
vn -0.7422 0.4400 0.5054
vn -0.8484 -0.5263 0.0572
vn -0.9336 0.2673 -0.2386
vn -0.5468 0.8230 -0.1538
vn -0.4732 -0.6167 -0.6291
vn -0.0596 -0.9736 -0.2202
vn -0.4604 0.2013 -0.8646
vn -0.3902 0.7735 -0.4995
vn 0.2968 -0.5506 -0.7802
vn 0.3197 -0.9241 -0.2095
vn 0.3210 0.2916 -0.9011
vn -0.0220 0.7993 -0.6006
vn 0.8818 -0.3779 -0.2821
vn 0.8222 0.4704 -0.3206
vn 0.8413 -0.2285 0.4900
vn 0.4365 -0.7768 0.4540
vn 0.6658 0.6028 0.4397
vn 0.2896 0.9571 -0.0061
vn -0.2997 -0.5060 0.8088
vn -0.1184 0.8568 0.5019
vn -0.8474 0.4123 0.3345
vn -0.4302 0.9016 -0.0449
vn -0.2997 0.5060 -0.8088
vn 0.1184 0.9271 -0.3556
vn 0.4302 -0.8823 -0.1911
vn 0.8474 0.4613 -0.2629
vn 0.8474 -0.4613 0.2629
vn 0.4301 0.8823 0.1911
vn 0.1184 -0.9271 0.3556
vn 0.2997 0.3675 0.8804
vn -0.2400 -0.8806 0.4087
vn -0.3873 0.4931 0.7790
vn -0.4301 -0.8847 0.1799
vn -0.8471 0.4585 0.2686
vn -0.3881 0.9079 0.1583
vn -0.8475 -0.4578 -0.2687
vn -0.4301 0.8847 -0.1799
vn -0.0757 -0.9332 -0.3514
vn 0.2400 -0.9285 -0.2835
vn 0.4301 -0.9010 -0.0563
vn 0.8475 0.4165 -0.3292
vn 0.8475 -0.4165 0.3292
vn 0.4301 0.9010 0.0563
vn 0.0757 -0.8759 0.4766
vn 0.5892 -0.7963 0.1369
vn 0.9797 -0.1464 -0.1369
vn 0.4009 -0.0411 -0.9152
vn 0.1464 0.9797 -0.1368
vn 0.7963 0.5892 0.1369
vn 0.3347 0.2245 0.9152
vn 0.9211 0.0886 0.3791
vn 0.0886 -0.9211 0.3791
vn -0.0886 0.9211 0.3791
vn -0.9211 -0.0886 0.3791
vn -0.3347 -0.2245 0.9152
vn -0.1464 -0.9797 -0.1369
vn -0.7963 -0.5892 0.1369
vn -0.5892 0.7963 0.1369
vn -0.9797 0.1464 -0.1369
vn -0.4009 0.0411 -0.9152
vn -0.8549 -0.3542 -0.3791
vn 0.3542 -0.8549 -0.3791
vn -0.0411 -0.4009 -0.9152
vn -0.3542 0.8549 -0.3791
vn 0.0411 0.4009 -0.9152
vn 0.4007 -0.9152 -0.0432
vn 0.7626 -0.3791 -0.5242
vn -0.0605 -0.1369 -0.9887
vn 0.6564 0.1369 -0.7419
vn 0.2807 0.9152 -0.2892
vn 0.8826 0.3791 -0.2782
vn 0.7419 0.1369 0.6564
vn 0.9887 -0.1369 -0.0605
vn 0.0432 -0.9152 0.4007
vn 0.5242 -0.3791 0.7626
vn 0.2892 0.9152 0.2807
vn 0.2782 0.3791 0.8826
vn -0.6564 0.1369 0.7419
vn 0.0605 -0.1369 0.9887
vn -0.4007 -0.9152 0.0432
vn -0.7626 -0.3791 0.5242
vn -0.2807 0.9152 0.2892
vn -0.7419 0.1369 -0.6564
vn -0.9887 -0.1369 0.0605
vn -0.0432 -0.9152 -0.4007
vn -0.5242 -0.3791 -0.7626
vn -0.2892 0.9152 -0.2807
vn -0.2782 0.3791 -0.8826
vn 0.6564 0.1368 -0.7419
vn 0.0605 -0.1368 0.9887
vn -0.8826 0.3791 0.2782
vn 0.0169 -0.1941 -0.9808
vn 0.3129 0.5225 -0.7932
vn 0.0494 0.9662 -0.2531
vn -0.6864 0.0736 -0.7235
vn -0.1231 0.3432 -0.9312
vn 0.8973 0.1622 -0.4106
vn 0.8670 -0.3861 -0.3150
vn 0.3463 -0.9309 -0.1161
vn 0.9469 0.3171 0.0529
vn 0.4650 0.8853 -0.0009
vn 0.6969 -0.0209 0.7169
vn 0.4766 -0.5326 0.6994
vn 0.3194 0.2169 0.9225
vn 0.3447 0.8117 0.4714
vn -0.4473 0.0470 0.8931
vn -0.6147 -0.4311 0.6605
vn -0.7024 0.3604 0.6138
vn -0.9541 0.2720 -0.1254
vn -0.8989 -0.2218 -0.3779
vn -0.3908 -0.8099 -0.4375
vn -0.7063 0.5493 -0.4465
vn -0.3278 0.9426 0.0633
vn 0.1206 0.6038 -0.7880
vn -0.1008 -0.1912 -0.9764
vn 0.5840 0.7926 -0.1753
vn 0.4018 0.7748 0.4881
vn -0.4793 0.8261 -0.2965
vn 0.1624 0.9301 -0.3293
vn 0.9654 0.1349 -0.2232
vn 0.7818 -0.2828 -0.5556
vn 0.0448 -0.6427 -0.7648
vn 0.9779 -0.0932 0.1869
vn 0.7156 0.4276 0.5523
vn 0.5716 -0.6705 0.4730
vn 0.2173 -0.9650 0.1467
vn 0.2708 -0.5287 0.8044
vn 0.5239 0.1100 0.8446
vn -0.4748 -0.3730 0.7971
vn -0.7929 -0.5000 0.3483
vn -0.5601 0.0879 0.8237
vn 0.0918 0.2608 0.9610
vn -0.7276 0.6163 0.3013
vn -0.8526 0.4695 -0.2293
vn -0.3665 0.9045 0.2182
vn 0.0194 -0.2218 -0.9749
vn 0.1104 -0.8463 -0.5211
vn 0.3068 0.5033 -0.8078
vn -0.6871 0.0429 -0.7253
vn -0.1275 0.3143 -0.9407
vn 0.8955 0.1595 -0.4155
vn 0.8706 -0.3859 -0.3051
vn 0.9438 0.3275 0.0443
vn 0.6971 0.0029 0.7170
vn 0.4822 -0.5110 0.7116
vn 0.3166 0.2418 0.9173
vn -0.4486 0.0609 0.8917
vn -0.6090 -0.4243 0.6701
vn -0.4361 -0.8965 0.0776
vn -0.7082 0.3646 0.6046
vn -0.1563 0.8579 0.4895
vn -0.9582 0.2534 -0.1328
vn -0.8951 -0.2456 -0.3722
vn -0.3801 -0.8260 -0.4162
vn -0.7142 0.5262 -0.4615
vn 0.1006 0.5513 -0.8282
vn 0.5586 0.7966 -0.2310
vn 0.3767 0.8175 0.4356
vn -0.5068 0.7866 -0.3529
vn 0.1317 0.9098 -0.3935
vn 0.9603 0.1477 -0.2368
vn 0.7880 -0.2961 -0.5398
vn 0.9807 -0.0530 0.1885
vn 0.7019 0.4844 0.5221
vn 0.5907 -0.6241 0.5115
vn 0.2449 -0.9477 0.2045
vn 0.2853 -0.4706 0.8350
vn -0.4664 -0.3389 0.8171
vn -0.7780 -0.5031 0.3763
vn -0.7157 -0.5220 -0.4639
vn -0.5666 0.1209 0.8151
vn 0.0817 0.3245 0.9424
vn -0.7500 0.6091 0.2578
vn -0.8673 0.4233 -0.2620
vn -0.3976 0.9041 0.1563
vn -0.0066 0.7186 0.6954
vn 0.0194 -0.2219 -0.9749
vn 0.3574 -0.9294 -0.0922
vn 0.6971 0.0029 0.7169
vn 0.0197 -0.9604 0.2779
vn 0.3166 0.2417 0.9173
vn 0.3347 0.8275 0.4507
vn -0.6091 -0.4243 0.6701
vn -0.4362 -0.8965 0.0776
vn -0.3401 0.9396 0.0388
vn 0.5586 0.7966 -0.2309
vn -0.5067 0.7866 -0.3529
vn 0.1318 0.9098 -0.3935
vn 0.7880 -0.2961 -0.5399
vn 0.0650 -0.6890 -0.7218
vn -0.3192 -0.8524 -0.4142
vn 0.2853 -0.4706 0.8349
vn 0.5196 0.1798 0.8353
vn -0.4663 -0.3389 0.8171
vn -0.7158 -0.5220 -0.4639
vn -0.0066 0.7186 0.6953
vn 0.0169 -0.1940 -0.9809
vn 0.1000 -0.8336 -0.5432
vn -0.4478 -0.8925 0.0549
vn -0.3907 -0.8099 -0.4375
vn -0.7064 0.5493 -0.4465
vn 0.1206 0.6037 -0.7880
vn -0.4792 0.8261 -0.2965
vn 0.7819 -0.2828 -0.5556
vn 0.9779 -0.0932 0.1870
vn 0.2709 -0.5287 0.8044
vn -0.7928 -0.5000 0.3483
vn -0.5601 0.0878 0.8238
vn -0.7277 0.6163 0.3012
vn -0.3665 0.9044 0.2182
vn 0.8605 0.0927 -0.5009
vn 0.6416 -0.6667 -0.3793
vn 0.7296 0.6837 0.0167
vn 0.0811 0.9845 0.1558
vn 0.2265 0.3735 -0.8995
vn 0.6489 0.6096 -0.4553
vn 0.7765 0.1752 0.6053
vn 0.7805 -0.3753 0.5000
vn 0.3918 0.1939 0.8994
vn 0.1012 0.7919 0.6022
vn -0.2375 -0.2643 0.9347
vn -0.2601 -0.7331 0.6285
vn -0.0595 -0.9932 -0.1005
vn -0.6372 -0.0457 0.7694
vn -0.3398 0.6164 0.7104
vn -0.9918 -0.1014 0.0778
vn -0.8232 -0.4863 -0.2931
vn -0.9353 0.2961 -0.1936
vn -0.6324 0.7005 0.3307
vn -0.4439 0.4387 -0.7813
vn -0.1306 0.0241 -0.9911
vn -0.0907 0.7469 -0.6588
vn -0.3723 0.9280 -0.0121
vn -0.8035 -0.0000 -0.5953
vn -0.9825 -0.0000 -0.1863
vn -0.8796 -0.2793 -0.3850
vn -0.2880 -0.0000 -0.9576
vn -0.6760 -0.0000 -0.7369
vn -0.4749 -0.2792 -0.8346
vn 0.8035 -0.0000 0.5953
vn 0.9825 -0.0000 0.1863
vn 0.8796 -0.2792 0.3850
vn 0.2880 -0.0000 0.9576
vn 0.6760 -0.0000 0.7369
vn 0.4749 -0.2792 0.8346
vn 0.3410 -0.9211 0.1878
vn 0.8981 0.0886 -0.4309
vn 0.2224 0.9211 0.3195
vn -0.3346 -0.0886 0.9382
vn 0.4561 -0.2245 0.8611
vn -0.1997 -0.9797 0.0172
vn -0.2926 0.7963 0.5294
vn -0.7573 0.1464 0.6365
vn -0.9484 0.0411 -0.3144
vn -0.0447 -0.8549 -0.5169
vn -0.7076 -0.4010 -0.5818
vn -0.5187 0.8549 0.0096
vn -0.6526 0.4009 -0.6429
vn 0.2903 0.3542 -0.8890
vn -0.4118 -0.0411 -0.9103
vn 0.4960 -0.7963 -0.3463
vn 0.5539 -0.1464 -0.8196
vn -0.0037 0.9797 -0.2004
vn 0.6345 0.5892 -0.5002
vn -0.5116 0.2448 0.8236
vn -0.3028 0.2116 0.9293
vn -0.6894 -0.2670 0.6734
vn -0.6894 0.2670 0.6734
vn -0.5116 -0.2448 0.8236
vn -0.3028 -0.2116 0.9293
vn -0.7251 0.5833 -0.3659
vn -0.7251 0.5833 0.3659
vn -0.8782 -0.0000 -0.4782
vn -0.9489 -0.0000 -0.3155
vn -0.9489 -0.0000 0.3155
vn -0.8782 -0.0000 0.4782
vn -0.9489 -0.0000 0.3154
vn -0.7251 -0.5833 -0.3659
vn -0.7792 -0.6268 -0.0000
vn -0.7251 -0.5833 0.3659
vn -0.3028 0.2116 -0.9293
vn -0.5116 0.2448 -0.8236
vn -0.3028 -0.2116 -0.9293
vn -0.5116 -0.2448 -0.8236
vn -0.6894 0.2670 -0.6734
vn -0.6894 -0.2670 -0.6734
vn -0.0000 -0.8034 -0.5954
vn -0.0000 -0.6320 -0.7750
vn -0.0000 -0.4527 -0.8917
vn -0.0000 0.8034 -0.5954
vn -0.0000 0.4527 -0.8917
vn 0.5116 0.2448 -0.8236
vn 0.3028 0.2116 -0.9293
vn 0.6894 -0.2670 -0.6734
vn 0.6894 0.2670 -0.6734
vn 0.5116 -0.2448 -0.8236
vn 0.3028 -0.2116 -0.9293
vn -0.0000 0.6320 -0.7750
vn 0.7251 0.5833 0.3659
vn 0.7251 0.5833 -0.3659
vn 0.8782 -0.0000 0.4782
vn 0.9489 -0.0000 0.3155
vn 0.9489 -0.0000 -0.3155
vn 0.8782 -0.0000 -0.4782
vn 0.9489 -0.0000 -0.3154
vn 0.7252 -0.5833 0.3659
vn 0.7792 -0.6268 -0.0000
vn 0.7251 -0.5834 -0.3659
vn 0.3028 0.2116 0.9293
vn 0.5116 0.2448 0.8236
vn 0.3028 -0.2116 0.9293
vn 0.5116 -0.2448 0.8236
vn 0.6894 0.2670 0.6734
vn 0.6894 -0.2670 0.6734
vn -0.0000 -0.8034 0.5954
vn -0.0000 -0.6320 0.7750
vn -0.0000 -0.4527 0.8917
vn -0.0000 0.8034 0.5954
vn -0.0000 0.4527 0.8916
vn -0.9489 -0.0000 -0.3154
vn -0.8783 -0.0000 -0.4782
vn 0.8783 -0.0000 0.4782
vn 0.8783 -0.0000 -0.4782
vn 0.7251 -0.5833 0.3659
vn 0.7251 -0.5833 -0.3659
vn -0.0000 0.6320 0.7750
vn -0.2726 -0.0000 0.9621
vn 0.2726 -0.0000 0.9621
vn -0.0000 -0.0000 1.0000
vn -0.8339 -0.0000 0.5519
vn -0.5353 -0.0000 0.8447
vn -0.9860 -0.0000 0.1669
vn -0.5353 -0.0000 -0.8447
vn -0.8339 -0.0000 -0.5519
vn -0.9860 -0.0000 -0.1669
vn -0.7078 -0.0000 -0.7064
vn 0.2726 -0.0000 -0.9621
vn -0.2726 -0.0000 -0.9621
vn -0.0000 -0.0000 -1.0000
vn 0.8339 -0.0000 -0.5519
vn 0.5353 -0.0000 -0.8447
vn 0.9860 -0.0000 -0.1669
vn 0.5353 -0.0000 0.8447
vn 0.8339 -0.0000 0.5519
vn 0.9860 -0.0000 0.1669
vn -0.8948 -0.0000 -0.4465
vn -0.9703 -0.0000 -0.2421
vn 0.1901 -0.9152 0.3554
vn 0.8941 -0.1369 -0.4265
vn 0.3733 0.9152 0.1519
vn 0.5885 0.3791 0.7141
vn -0.3307 0.1368 0.9338
vn 0.4265 -0.1368 0.8941
vn -0.3554 -0.9152 0.1901
vn -0.1519 0.9152 0.3733
vn -0.7141 0.3791 0.5886
vn -0.9338 0.1369 -0.3307
vn -0.8941 -0.1369 0.4265
vn -0.1901 -0.9152 -0.3554
vn -0.3733 0.9152 -0.1519
vn -0.5885 0.3791 -0.7141
vn 0.3307 0.1368 -0.9338
vn -0.4265 -0.1369 -0.8941
vn 0.3554 -0.9152 -0.1901
vn 0.5107 -0.3791 -0.7717
vn 0.1520 0.9152 -0.3733
vn 0.7141 0.3791 -0.5885
vn 0.7717 -0.3791 0.5107
vn 0.8941 -0.1369 -0.4264
vn 0.9338 0.1369 0.3307
vn 0.3733 0.9152 0.1520
vn -0.3307 0.1369 0.9338
vn 0.4265 -0.1369 0.8941
vn -0.5107 -0.3791 0.7717
vn -0.1520 0.9152 0.3733
vn -0.9338 0.1368 -0.3307
vn -0.3733 0.9152 -0.1520
vn 0.3504 -0.9299 0.1123
vn 0.3073 -0.1522 -0.9394
vn 0.4052 0.8990 -0.1660
vn 0.4483 0.1213 0.8856
vn 0.9335 -0.1740 0.3136
vn -0.1467 -0.9088 0.3905
vn 0.2005 0.9089 0.3658
vn -0.0560 0.3843 0.9215
vn -0.8796 0.1740 0.4427
vn -0.4247 -0.8990 -0.1070
vn -0.9178 -0.3415 0.2025
vn -0.3309 0.9299 0.1607
vn -0.9064 0.4161 -0.0727
vn -0.4372 0.1522 -0.8864
vn 0.0723 -0.9200 -0.3852
vn -0.1261 0.9200 -0.3711
vn 0.0869 0.3732 -0.9237
vn 0.3803 -0.9152 0.1333
vn 0.9139 -0.3791 -0.1454
vn 0.3706 -0.1369 -0.9187
vn 0.9116 0.1368 -0.3876
vn 0.3778 0.9152 -0.1404
vn 0.3876 0.1369 0.9116
vn 0.9187 -0.1369 0.3705
vn -0.1333 -0.9152 0.3803
vn 0.1454 -0.3791 0.9139
vn 0.1404 0.9152 0.3778
vn -0.9116 0.1368 0.3876
vn -0.3705 -0.1369 0.9187
vn -0.3803 -0.9152 -0.1333
vn -0.9139 -0.3791 0.1454
vn -0.3778 0.9152 0.1404
vn -0.3876 0.1368 -0.9116
vn -0.9187 -0.1369 -0.3705
vn 0.1333 -0.9152 -0.3804
vn -0.1404 0.9152 -0.3778
vn 0.1283 0.3791 -0.9164
vn 0.3878 -0.9157 0.1054
vn 0.3024 -0.1374 -0.9432
vn 0.3677 0.9147 -0.1676
vn 0.9238 0.3779 0.0612
vn 0.4531 0.1364 0.8809
vn 0.9430 -0.1381 0.3026
vn -0.1064 -0.9150 0.3892
vn 0.1688 0.9150 0.3664
vn -0.8808 0.1381 0.4530
vn -0.3028 -0.1363 0.9432
vn -0.3903 -0.9147 -0.1052
vn -0.3653 0.9157 0.1675
vn -0.9228 0.3803 -0.0613
vn -0.4528 0.1374 -0.8810
vn -0.9434 -0.1356 -0.3026
vn 0.1040 -0.9154 -0.3889
vn -0.2121 -0.3789 -0.9008
vn -0.1663 0.9154 -0.3666
vn 0.0617 0.3789 -0.9234
vn 0.3692 -0.9152 0.1617
vn 0.9222 -0.3791 -0.0759
vn 0.4389 -0.1369 -0.8880
vn 0.9383 0.1369 -0.3176
vn 0.3873 0.9152 -0.1114
vn 0.9041 0.3791 0.1972
vn 0.3176 0.1369 0.9383
vn 0.8881 -0.1368 0.4389
vn -0.1617 -0.9152 0.3692
vn 0.1114 0.9152 0.3873
vn -0.1972 0.3791 0.9041
vn -0.9383 0.1369 0.3176
vn -0.4389 -0.1369 0.8880
vn -0.3692 -0.9152 -0.1617
vn -0.9223 -0.3791 0.0759
vn -0.3874 0.9152 0.1114
vn -0.3176 0.1369 -0.9383
vn -0.8880 -0.1369 -0.4389
vn 0.1617 -0.9152 -0.3692
vn -0.0759 -0.3791 -0.9222
vn -0.1114 0.9152 -0.3873
vn -0.9061 -0.1970 0.3743
vn -0.5727 -0.8016 0.1716
vn -0.8261 0.5595 0.0680
vn -0.2367 0.9710 0.0351
vn -0.7733 -0.3677 -0.5166
vn -0.3915 -0.8956 -0.2112
vn -0.5166 0.3677 -0.7733
vn -0.2112 0.8956 -0.3915
vn 0.0680 -0.5595 -0.8261
vn 0.0351 -0.9710 -0.2367
vn 0.3743 0.1970 -0.9061
vn 0.1716 0.8016 -0.5727
vn 0.7765 -0.5807 -0.2447
vn 0.2804 -0.9523 0.1207
vn 0.9557 0.2182 -0.1977
vn 0.6437 -0.4100 0.6462
vn 0.6462 0.4100 0.6437
vn -0.1976 -0.2182 0.9557
vn -0.3274 -0.7829 0.5290
vn -0.2447 0.5807 0.7765
vn 0.1207 0.9523 0.2803
vn 0.1381 -0.9842 0.1105
vn 0.1292 -0.2360 -0.9631
vn 0.8186 -0.1207 -0.5616
vn 0.5748 0.7752 -0.2621
vn 0.9912 0.1121 -0.0708
vn 0.5836 0.0270 0.8116
vn 0.9024 -0.3838 0.1957
vn -0.2966 -0.8420 0.4506
vn 0.2168 -0.4021 0.8896
vn 0.4542 0.8420 0.2910
vn -0.7448 0.3838 0.5459
vn -0.2031 -0.0270 0.9788
vn -0.6316 -0.7752 -0.0057
vn -0.9343 -0.1121 0.3385
vn -0.0813 0.9842 0.1572
vn -0.5098 0.2360 -0.8273
vn -0.9762 0.1207 -0.1801
vn -0.1969 -0.9175 -0.3457
vn 0.0392 0.9175 -0.3959
vn 0.4764 0.6154 0.6280
vn 0.2793 0.3452 0.8960
vn 0.5906 0.7843 -0.1898
vn -0.7492 0.2024 -0.6306
vn 0.7762 0.4723 -0.4177
vn 0.7117 -0.3452 -0.6118
vn -0.8036 -0.3997 -0.4411
vn 0.7368 -0.6154 -0.2800
vn 0.4003 -0.7843 0.4739
vn -0.9696 -0.2024 0.1378
vn 0.4369 -0.4723 0.7655
vn -0.1495 -0.0439 0.9878
vn 0.1194 0.0435 -0.9919
vn 0.7310 0.2660 -0.6284
vn 0.7310 0.2660 0.6284
vn -0.1486 -0.0541 0.9874
vn -0.9958 -0.0000 -0.0915
vn -0.1951 -0.0000 -0.9808
vn 0.9958 -0.0000 0.0915
vn 0.1951 -0.0000 0.9808
vn -0.0000 0.1907 0.9817
vn -0.0000 -0.1907 0.9817
vn -0.0000 0.1907 -0.9817
vn -0.0000 -0.1907 -0.9817
vn -0.8783 -0.0000 0.4782
vn -0.4674 0.3709 -0.8025
vn 0.9378 -0.1875 -0.2921
vn 0.6768 -0.3861 0.6268
vn 0.8041 0.3276 -0.4961
vn -0.6855 0.0062 -0.7280
vn 0.8201 0.3563 0.4478
vn 0.0920 0.0077 0.9957
vn -0.8993 -0.3945 -0.1886
vn 0.9303 -0.3563 0.0873
vn 0.3804 0.5032 -0.7760
vn 0.1495 -0.2475 -0.9573
vn -0.8510 0.3945 -0.3466
vn -0.5140 -0.1640 -0.8420
vn -0.6687 0.3517 -0.6550
vn 0.8747 -0.2111 -0.4362
vn 0.8383 0.3572 -0.4118
vn 0.2874 -0.7419 0.6059
vn -0.9677 -0.0138 -0.2516
vn -0.2947 0.0680 -0.9532
vn -0.9214 0.3351 0.1967
vn -0.2186 -0.5625 0.7973
vn 0.2874 -0.8917 0.3497
vn -0.4222 0.8681 -0.2611
vn -0.0063 0.9397 -0.3420
vn 0.4191 -0.8182 -0.3936
vn -0.0406 -0.8867 0.4605
vn 0.0546 0.9323 0.3575
vn -0.6089 -0.7925 -0.0346
vn 0.4658 0.8406 0.2766
vn 0.1020 -0.8102 0.5772
vn -0.0903 0.9698 0.2266
vn -0.3282 -0.8033 0.4970
vn -0.4764 -0.8745 0.0914
vn -0.2378 0.8378 -0.4914
vn -0.1943 -0.9526 -0.2340
vn 0.1830 0.8003 -0.5710
vn 0.3306 0.9323 0.1469
vn 0.8243 0.4648 0.3232
vn 0.0094 0.5922 0.8057
vn 0.9342 -0.0196 0.3562
vn 0.2668 -0.5432 0.7961
vn -0.8345 -0.4202 -0.3564
vn 0.1307 0.0380 -0.9907
vn 0.1574 -0.9059 0.3931
vn -0.1574 0.9059 0.3931
vn -0.3252 -0.9059 0.2712
vn 0.3252 0.9059 0.2712
vn 0.5761 -0.7242 -0.3791
vn -0.5761 0.7241 -0.3791
vn -0.7859 -0.6030 -0.1368
vn -0.1294 -0.9821 0.1368
vn 0.7241 -0.5761 0.3790
vn -0.7241 0.5761 0.3791
vn 0.3390 0.8610 -0.3791
vn 0.5761 0.7241 0.3791
vn -0.5761 0.7242 -0.3791
vn 0.5761 -0.7241 -0.3791
vn 0.5761 0.7242 0.3791
vn 0.7859 0.6030 -0.1368
vn 0.7241 -0.5761 0.3791
vn -0.1262 -0.9542 0.2712
vn -0.6047 0.7960 -0.0282
vn -0.7495 -0.3036 -0.5883
vn -0.2930 0.8635 -0.4106
vn 0.2930 -0.8635 -0.4106
vn 0.1588 0.9612 -0.2255
vn 0.6046 -0.7960 -0.0283
vn 0.9972 0.0745 0.0077
vn -0.5204 -0.8097 0.2712
vn -0.8161 0.0463 0.5760
vn -0.2083 0.9776 -0.0282
vn 0.2082 -0.9777 -0.0282
vn 0.0860 -0.7900 0.6071
vn -0.3738 0.9106 0.1761
vn -0.3118 -0.9478 0.0664
vn 0.2804 0.8810 -0.3810
vn 0.5405 -0.8365 0.0906
vn -0.2395 -0.9321 0.2717
vn -0.6890 -0.2806 0.6682
vn -0.3470 0.8842 0.3128
vn -0.6889 0.1680 0.7051
vn -0.4150 -0.9098 0.0013
vn -0.9743 -0.2243 -0.0184
vn -0.3470 -0.8840 -0.3132
vn -0.6890 -0.1681 -0.7050
vn -0.2395 0.9321 -0.2718
vn -0.6889 0.2806 -0.6683
vn -0.0757 -0.8697 -0.4877
vn -0.0000 -0.1446 -0.9895
vn 0.2400 -0.8753 -0.4199
vn 0.6890 -0.1680 -0.7051
vn 0.3470 0.9233 -0.1646
vn 0.6890 0.2806 -0.6683
vn 0.3470 -0.9233 0.1646
vn 0.6890 -0.2806 0.6683
vn 0.2395 0.8754 0.4199
vn 0.6890 0.1680 0.7051
vn -0.0000 -0.1573 0.9876
vn -0.0761 0.9332 0.3511
vn -0.0000 0.2918 0.9565
vn -0.6890 -0.1770 0.7028
vn -0.3470 -0.9211 -0.1763
vn -0.6890 -0.2721 -0.6718
vn -0.2400 0.8806 -0.4087
vn -0.6890 0.1769 -0.7029
vn -0.0000 -0.2917 -0.9565
vn 0.0757 0.8759 -0.4766
vn -0.0000 0.1572 -0.9876
vn 0.6889 -0.2721 -0.6718
vn 0.3470 0.8881 -0.3015
vn 0.6890 0.1770 -0.7029
vn 0.3470 -0.8881 0.3015
vn 0.6890 -0.1770 0.7029
vn 0.2400 0.9285 0.2836
vn 0.6890 0.2721 0.6718
vn 0.8549 0.3542 -0.3791
vn 0.2245 -0.3347 0.9152
vn -0.2245 0.3347 0.9152
vn 0.4685 0.0019 -0.8835
vn 0.9627 -0.2247 0.1504
vn 0.0078 -0.9673 0.2536
vn 0.1132 -0.2931 0.9493
vn -0.1452 0.8472 0.5110
vn -0.4477 -0.8925 0.0549
vn -0.9059 -0.1087 0.4092
vn -0.5807 -0.0834 -0.8098
vn 0.6029 0.5011 -0.6208
vn 0.8464 -0.5234 -0.0984
vn -0.3452 -0.8138 -0.4675
vn -0.0852 -0.8316 0.5489
vn -0.7318 -0.4681 -0.4953
vn -0.9045 0.0025 0.4264
vn 0.0163 0.6717 0.7407
vn 0.0373 0.9597 -0.2785
vn 0.4682 -0.0184 -0.8834
vn 0.4544 0.8905 -0.0239
vn 0.9648 -0.2121 0.1554
vn 0.1165 -0.2705 0.9556
vn -0.9045 -0.1129 0.4113
vn -0.5767 -0.1545 -0.8023
vn -0.0941 -0.2577 -0.9616
vn 0.5853 0.4756 -0.6567
vn 0.0649 -0.6890 -0.7218
vn 0.8605 -0.5047 -0.0694
vn -0.0615 -0.7997 0.5973
vn -0.9065 -0.0016 0.4221
vn 0.1103 -0.8463 -0.5211
vn 0.1165 -0.2705 0.9557
vn -0.5766 -0.1545 -0.8023
vn 0.0817 0.3245 0.9423
vn 0.4686 0.0019 -0.8834
vn 0.3464 -0.9309 -0.1161
vn 0.1133 -0.2931 0.9493
vn -0.5808 -0.0833 -0.8098
vn 0.2876 -0.6090 -0.7392
vn 0.9797 0.1998 -0.0189
vn 0.4272 -0.9040 0.0154
vn 0.4075 -0.3489 0.8439
vn -0.6992 -0.5144 0.4965
vn -0.1457 -0.8109 -0.5668
vn -0.8111 -0.0679 -0.5810
vn 0.8303 -0.3347 0.4456
vn 0.9041 0.2245 0.3636
vn -0.4311 -0.5892 0.6833
vn 0.5299 0.3347 0.7792
vn -0.8538 -0.3542 0.3816
vn -0.7717 -0.3791 -0.5107
vn 0.8870 -0.4161 -0.2003
vn 0.8908 0.0995 -0.4434
vn 0.1859 -0.3843 0.9043
vn 0.9372 0.3415 0.0705
vn -0.9446 -0.0995 -0.3129
vn -0.2168 -0.3732 -0.9021
vn -0.3184 -0.1213 0.9402
vn 0.9164 0.3791 0.1283
vn -0.1454 -0.3791 -0.9139
vn -0.9164 0.3791 -0.1283
vn -0.1283 0.3791 0.9164
vn 0.9003 -0.3803 -0.2115
vn 0.8811 0.1356 -0.4530
vn 0.2111 -0.3793 0.9009
vn -0.9013 -0.3779 0.2116
vn -0.0607 0.3793 0.9233
vn 0.1972 0.3791 -0.9041
vn 0.0759 -0.3791 0.9223
vn -0.9041 0.3791 -0.1972
vn 0.5290 0.7829 -0.3274
vn 0.5035 0.8583 0.0991
vn 0.0992 -0.8583 0.5036
vn 0.7298 -0.6167 -0.2950
vn 0.0406 0.3267 -0.9443
vn -0.4212 -0.3267 -0.8461
vn -0.7868 0.6166 0.0273
vn 0.1638 0.4021 0.9008
vn -0.0698 -0.4556 0.8874
vn -0.0699 0.4556 0.8874
vn 0.8489 -0.0000 0.5285
vn -0.9152 0.3997 -0.0518
vn 0.0452 0.8723 0.4868
vn 0.2963 0.8723 -0.3890
vn 0.9245 0.2740 0.2651
vn 0.4110 0.4556 -0.7896
vn 0.4110 -0.4556 -0.7896
vn 1.0000 -0.0000 0.0016
vn 0.2962 -0.8723 -0.3890
vn 0.0450 -0.8723 0.4869
vn 0.9245 -0.2741 0.2651
vn -0.8797 0.2793 -0.3850
vn -0.4749 0.2792 -0.8346
vn 0.8796 0.2792 0.3850
vn 0.4749 0.2792 0.8346
vn -0.7792 0.6268 -0.0000
vn 0.7792 0.6268 -0.0000
vn 0.9489 -0.0000 0.3154
vt 0.777654 0.364349
vt 0.757178 0.341609
vt 0.787481 0.347636
vt 0.387089 0.188348
vt 0.352049 0.159448
vt 0.380996 0.159448
vt 0.792643 0.380996
vt 0.809664 0.352049
vt 0.352049 0.217248
vt 0.353664 0.188348
vt 0.785734 0.328621
vt 0.773079 0.314567
vt 0.754351 0.310842
vt 0.721714 0.302221
vt 0.736703 0.318868
vt 0.752281 0.217248
vt 0.716228 0.188348
vt 0.751524 0.188348
vt 0.752281 0.159448
vt 0.721714 0.159448
vt 0.752281 0.288319
vt 0.726876 0.335581
vt 0.296128 0.188348
vt 0.331168 0.217248
vt 0.329553 0.188348
vt 0.331168 0.159448
vt 0.302221 0.159448
vt 0.704693 0.331168
vt 0.728623 0.354596
vt 0.741278 0.368650
vt 0.760006 0.372375
vt 0.762075 0.159448
vt 0.798129 0.188348
vt 0.792643 0.159448
vt 0.762075 0.394898
vt 0.762075 0.217248
vt 0.762833 0.188348
vt 0.771397 0.279200
vt 0.757178 0.263408
vt 0.775736 0.269832
vt 0.772987 0.258011
vt 0.764199 0.248251
vt 0.252613 0.154348
vt 0.237155 0.139898
vt 0.254060 0.139898
vt 0.784559 0.254060
vt 0.769338 0.237155
vt 0.237155 0.168798
vt 0.233094 0.154348
vt 0.752730 0.244281
vt 0.742959 0.247617
vt 0.738621 0.256985
vt 0.741370 0.268806
vt 0.745019 0.289662
vt 0.750158 0.278566
vt 0.274204 0.154348
vt 0.289662 0.168798
vt 0.293723 0.154348
vt 0.289662 0.139898
vt 0.272757 0.139898
vt 0.729798 0.272757
vt 0.761627 0.282536
vt 0.880654 0.528609
vt 0.880503 0.527191
vt 0.879707 0.527814
vt 0.881682 0.013294
vt 0.880503 0.012252
vt 0.881411 0.012086
vt 0.879271 0.013199
vt 0.880433 0.013227
vt 0.876292 0.139674
vt 0.875028 0.140606
vt 0.875043 0.139607
vt 0.875118 0.523964
vt 0.875028 0.522598
vt 0.875918 0.523054
vt 0.873881 0.139579
vt 0.874213 0.140816
vt 0.786437 0.640892
vt 0.785015 0.640989
vt 0.785638 0.641802
vt 0.639732 0.013199
vt 0.640989 0.012252
vt 0.640097 0.012018
vt 0.642143 0.013294
vt 0.640981 0.013227
vt 0.780901 0.636247
vt 0.779540 0.636395
vt 0.779997 0.635488
vt 0.637620 0.139674
vt 0.636395 0.140606
vt 0.637192 0.140883
vt 0.635209 0.139579
vt 0.636458 0.139607
vt 1.031007 0.654770
vt 1.032367 0.654621
vt 1.031764 0.653824
vt 0.655807 0.024317
vt 0.654621 0.023290
vt 0.655529 0.023081
vt 0.653397 0.024222
vt 0.654558 0.024290
vt 1.025471 0.650124
vt 1.026893 0.650027
vt 1.026418 0.650919
vt 0.648874 0.150602
vt 0.650027 0.151644
vt 0.649215 0.151811
vt 0.651284 0.150697
vt 0.650035 0.150669
vt 0.936790 0.767053
vt 0.936880 0.768419
vt 0.937695 0.767812
vt 0.935616 0.024222
vt 0.936880 0.023290
vt 0.935990 0.023013
vt 0.938027 0.024317
vt 0.936865 0.024290
vt 0.931254 0.762408
vt 0.931405 0.763825
vt 0.930497 0.763353
vt 0.932636 0.150697
vt 0.931405 0.151644
vt 0.932201 0.151878
vt 0.930226 0.150602
vt 0.931475 0.150669
vt 0.561184 0.829709
vt 0.562494 0.829054
vt 0.561639 0.828523
vt 0.830096 0.005406
vt 0.829054 0.004288
vt 0.830076 0.004207
vt 0.561878 0.005164
vt 0.562494 0.004288
vt 0.562830 0.005235
vt 0.813397 0.130711
vt 0.812094 0.131550
vt 0.812098 0.130540
vt 0.567767 0.812558
vt 0.569004 0.812094
vt 0.568872 0.813058
vt 0.568288 0.130469
vt 0.569004 0.131550
vt 0.568172 0.131739
vt 0.424344 0.777181
vt 0.423808 0.775817
vt 0.423239 0.776681
vt 0.425038 0.005164
vt 0.423808 0.004288
vt 0.424799 0.004036
vt 0.776341 0.005406
vt 0.775817 0.004288
vt 0.775402 0.005235
vt 0.430928 0.760030
vt 0.430319 0.758857
vt 0.431332 0.758977
vt 0.759642 0.130711
vt 0.758857 0.131550
vt 0.759662 0.131910
vt 0.431448 0.130469
vt 0.430319 0.131550
vt 0.430140 0.130540
vt 0.491444 1.011386
vt 0.492053 1.012558
vt 0.492600 1.011754
vt 0.490924 0.033427
vt 0.492053 0.032346
vt 0.491040 0.032158
vt 0.493130 0.033185
vt 0.492232 0.033356
vt 0.498028 0.994235
vt 0.498564 0.995598
vt 0.497573 0.995420
vt 0.995074 0.158490
vt 0.995598 0.159609
vt 0.994735 0.159689
vt 0.497334 0.158732
vt 0.498564 0.159609
vt 0.498642 0.158662
vt 0.354605 0.958858
vt 0.353368 0.959322
vt 0.354200 0.959911
vt 0.958018 0.033185
vt 0.959322 0.032346
vt 0.958358 0.031987
vt 0.354084 0.033427
vt 0.353368 0.032346
vt 0.353131 0.033356
vt 0.361188 0.941707
vt 0.359878 0.942362
vt 0.360032 0.941339
vt 0.360494 0.158732
vt 0.359878 0.159609
vt 0.360733 0.159860
vt 0.941319 0.158490
vt 0.942362 0.159609
vt 0.942618 0.158662
vt 0.162868 0.638768
vt 0.163921 0.639794
vt 0.164141 0.638812
vt 0.163073 0.004188
vt 0.163921 0.003058
vt 0.162903 0.002992
vt 0.638836 0.003923
vt 0.639794 0.003058
vt 0.640029 0.004001
vt 0.182684 0.129233
vt 0.183838 0.130057
vt 0.183897 0.129046
vt 0.183009 0.639471
vt 0.183838 0.640490
vt 0.182889 0.640679
vt 0.639521 0.128968
vt 0.640490 0.130057
vt 0.639510 0.130242
vt 0.167983 0.492282
vt 0.169106 0.491332
vt 0.168103 0.491075
vt 0.492350 0.003923
vt 0.491332 0.003058
vt 0.492326 0.002804
vt 0.168308 0.004188
vt 0.169106 0.003058
vt 0.169486 0.004001
vt 0.188124 0.492985
vt 0.189023 0.492027
vt 0.189242 0.493024
vt 0.187919 0.129233
vt 0.189023 0.130057
vt 0.188089 0.130430
vt 0.493035 0.128968
vt 0.492027 0.130057
vt 0.491808 0.129046
vt -0.031213 0.631991
vt -0.032111 0.632948
vt -0.031178 0.633203
vt 0.631941 0.034928
vt 0.632948 0.033840
vt 0.631952 0.033655
vt -0.031007 0.034663
vt -0.032111 0.033840
vt -0.032185 0.034851
vt -0.011072 0.632694
vt -0.012194 0.633644
vt -0.012345 0.632649
vt -0.011397 0.159708
vt -0.012194 0.160838
vt -0.011192 0.160904
vt 0.632626 0.159974
vt 0.633644 0.160838
vt 0.633853 0.159896
vt -0.026098 0.485505
vt -0.026927 0.484486
vt -0.027215 0.485465
vt -0.025773 0.034663
vt -0.026927 0.033840
vt -0.025978 0.033467
vt 0.485455 0.034928
vt 0.484486 0.033840
vt 0.484262 0.034851
vt -0.005956 0.486208
vt -0.007010 0.485182
vt -0.005992 0.484995
vt 0.486140 0.159974
vt 0.485182 0.160838
vt 0.486163 0.161092
vt -0.006162 0.159708
vt -0.007010 0.160838
vt -0.007375 0.159896
vt 0.229731 0.217650
vt 0.229101 0.218972
vt 0.230102 0.218863
vt 0.218379 0.005558
vt 0.218972 0.004441
vt 0.218071 0.004360
vt 0.230296 0.005319
vt 0.229101 0.004441
vt 0.228993 0.005389
vt 0.235278 0.130894
vt 0.236135 0.131735
vt 0.236278 0.130725
vt 0.235037 0.235006
vt 0.234348 0.236135
vt 0.233859 0.235293
vt 0.235463 0.130655
vt 0.234348 0.131735
vt 0.235367 0.131924
vt 0.369901 0.174795
vt 0.371163 0.175539
vt 0.371080 0.174508
vt 0.370467 0.005319
vt 0.371163 0.004441
vt 0.370272 0.004190
vt 0.174523 0.005558
vt 0.175539 0.004441
vt 0.175817 0.005389
vt 0.375208 0.192152
vt 0.376410 0.192702
vt 0.375538 0.193231
vt 0.191422 0.130894
vt 0.192702 0.131735
vt 0.191731 0.132093
vt 0.375634 0.130655
vt 0.376410 0.131735
vt 0.376646 0.130725
vt 0.172820 0.031505
vt 0.171618 0.030955
vt 0.171683 0.031926
vt 0.172395 0.033241
vt 0.171618 0.032161
vt 0.172490 0.031972
vt 0.032234 0.033002
vt 0.030955 0.032161
vt 0.030941 0.033171
vt 0.178127 0.048861
vt 0.176866 0.048117
vt 0.177756 0.047648
vt 0.049133 0.158338
vt 0.048117 0.159455
vt 0.049148 0.159537
vt 0.177561 0.158577
vt 0.176866 0.159455
vt 0.176548 0.158507
vt 0.312991 -0.011350
vt 0.313680 -0.012478
vt 0.312661 -0.012429
vt -0.011622 0.033002
vt -0.012478 0.032161
vt -0.011637 0.031803
vt 0.312565 0.033241
vt 0.313680 0.032161
vt 0.313868 0.033171
vt 0.318297 0.006007
vt 0.318927 0.004685
vt 0.319435 0.005586
vt 0.317732 0.158577
vt 0.318927 0.159455
vt 0.317926 0.159706
vt 0.005277 0.158338
vt 0.004685 0.159455
vt 0.004278 0.158507
vt 0.659960 0.141197
vt 0.658596 0.140965
vt 0.658992 0.141900
vt 0.139782 0.021606
vt 0.140965 0.020648
vt 0.140209 0.020396
vt 0.142173 0.021657
vt 0.140899 0.021642
vt 0.137573 0.148126
vt 0.138722 0.149143
vt 0.138690 0.148162
vt 0.663082 0.138929
vt 0.661684 0.138722
vt 0.662358 0.137958
vt 0.139965 0.148177
vt 0.139649 0.149372
vt 0.746114 0.259779
vt 0.745913 0.261147
vt 0.746838 0.260750
vt 0.744771 0.021657
vt 0.745913 0.020648
vt 0.745147 0.020432
vt 0.747162 0.021606
vt 0.745888 0.021642
vt 0.749237 0.257511
vt 0.749001 0.258904
vt 0.748246 0.258231
vt 0.750202 0.148126
vt 0.749001 0.149143
vt 0.749936 0.149336
vt 0.747811 0.148177
vt 0.748928 0.148162
vt 0.818922 0.025704
vt 0.819158 0.024311
vt 0.818223 0.024716
vt 0.820348 0.015720
vt 0.819158 0.014753
vt 0.819913 0.014524
vt 0.817957 0.015770
vt 0.819231 0.015734
vt 0.822045 0.023435
vt 0.822245 0.022067
vt 0.823012 0.022733
vt 0.820997 0.142290
vt 0.822245 0.143249
vt 0.821321 0.143500
vt 0.823388 0.142239
vt 0.822271 0.142254
vt 0.905077 0.144286
vt 0.906475 0.144492
vt 0.906068 0.143566
vt 0.145641 0.015770
vt 0.144492 0.014753
vt 0.145257 0.014560
vt 0.143250 0.015720
vt 0.144524 0.015735
vt 0.908199 0.142017
vt 0.909563 0.142249
vt 0.908899 0.143006
vt 0.141041 0.142239
vt 0.142249 0.143249
vt 0.141315 0.143464
vt 0.143433 0.142290
vt 0.142315 0.142254
vt 0.288003 0.073498
vt 0.287190 0.074658
vt 0.286805 0.074028
vt 0.288278 0.075796
vt 0.288204 0.074492
vt 0.248011 0.075139
vt 0.246806 0.074658
vt 0.247030 0.075653
vt 0.281184 0.730490
vt 0.280077 0.731110
vt 0.279905 0.730348
vt 0.280875 0.586506
vt 0.280077 0.585155
vt 0.281087 0.585217
vt 0.585454 0.729834
vt 0.585155 0.731110
vt 0.586087 0.730875
vt 0.244215 0.472019
vt 0.243065 0.473061
vt 0.244003 0.473308
vt 0.472536 -0.041060
vt 0.473061 -0.042437
vt 0.472060 -0.042171
vt 0.243906 0.474302
vt 0.242799 0.473674
vt 0.237087 0.811031
vt 0.235952 0.811410
vt 0.235899 0.810612
vt 0.236812 0.612740
vt 0.235952 0.614016
vt 0.236886 0.614044
vt 0.809979 0.613635
vt 0.811410 0.614016
vt 0.811117 0.613052
vt 0.777270 0.038859
vt 0.778405 0.039881
vt 0.777471 0.039853
vt 0.326038 0.040261
vt 0.324607 0.039881
vt 0.325405 0.039220
vt 0.777545 0.041156
vt 0.778653 0.040845
vt 0.770142 0.663998
vt 0.771292 0.662956
vt 0.771340 0.663957
vt 0.770451 0.661715
vt 0.770354 0.662709
vt 0.663481 0.694956
vt 0.662956 0.696333
vt 0.662343 0.695539
vt 0.733482 0.549511
vt 0.734280 0.550862
vt 0.734670 0.549930
vt 0.733173 0.551794
vt 0.733270 0.550800
vt 0.550563 -0.075938
vt 0.550862 -0.077214
vt 0.551544 -0.076451
vt 0.726354 0.580398
vt 0.727167 0.579238
vt 0.726153 0.579404
vt 0.888006 0.578757
vt 0.889211 0.579238
vt 0.888482 0.579868
vt 0.726079 0.578101
vt 0.727357 0.578244
vt 0.066980 0.328319
vt 0.067080 0.329544
vt 0.068086 0.329076
vt 0.065771 -0.008361
vt 0.067080 -0.009574
vt 0.066014 -0.009597
vt 0.068700 -0.008825
vt 0.067231 -0.008621
vt 0.226460 0.371539
vt 0.226334 0.372703
vt 0.225338 0.372254
vt 0.227645 0.994712
vt 0.226334 0.995915
vt 0.227409 0.996002
vt 0.224715 0.995176
vt 0.226176 0.994916
vt 0.115205 0.300376
vt 0.116319 0.301014
vt 0.116427 0.299866
vt 0.115639 -0.014334
vt 0.116319 -0.015353
vt 0.115371 -0.015475
vt 0.299750 -0.014389
vt 0.301014 -0.015353
vt 0.301235 -0.014431
vt 0.250582 0.357562
vt 0.251504 0.358118
vt 0.250615 0.358807
vt 0.356744 0.991968
vt 0.358118 0.992961
vt 0.356996 0.993239
vt 0.359306 0.992023
vt 0.358229 0.991926
vt 0.115817 0.244490
vt 0.116943 0.243953
vt 0.116010 0.243257
vt 0.245355 -0.010632
vt 0.243953 -0.011412
vt 0.245069 -0.011729
vt 0.116290 -0.010223
vt 0.116943 -0.011412
vt 0.117361 -0.010469
vt 0.250888 0.329607
vt 0.251823 0.328949
vt 0.251965 0.330103
vt 0.327624 0.994211
vt 0.328949 0.994975
vt 0.328291 0.995386
vt 0.330186 0.993802
vt 0.328701 0.993965
vt 0.068203 0.216546
vt 0.068328 0.215422
vt 0.067253 0.215859
vt 0.069946 -0.000957
vt 0.068328 -0.001692
vt 0.069324 -0.002106
vt 0.067017 -0.000493
vt 0.068486 -0.000697
vt 0.227071 0.315630
vt 0.226972 0.314365
vt 0.228037 0.314845
vt 0.225352 0.999199
vt 0.226972 0.999944
vt 0.225966 1.000295
vt 0.228282 0.998735
vt 0.226822 0.998995
vt 0.019977 0.244490
vt 0.019089 0.243953
vt 0.018912 0.245069
vt 0.020078 0.005015
vt 0.019089 0.004087
vt 0.019968 0.003771
vt 0.245355 0.005071
vt 0.243953 0.004087
vt 0.243869 0.005113
vt 0.202949 0.329607
vt 0.201801 0.328949
vt 0.202760 0.328291
vt 0.330186 1.001943
vt 0.328949 1.002898
vt 0.330103 1.003057
vt 0.202436 1.001888
vt 0.201801 1.002898
vt 0.201341 1.001985
vt 0.019366 0.300376
vt 0.018465 0.301014
vt 0.019329 0.301678
vt 0.299750 0.001314
vt 0.301014 0.000146
vt 0.299866 0.000026
vt 0.302312 0.000905
vt 0.301235 0.001151
vt 0.202643 0.357562
vt 0.201482 0.358118
vt 0.201410 0.356996
vt 0.202089 0.999700
vt 0.201482 1.000883
vt 0.202426 1.000911
vt 0.356744 1.000109
vt 0.358118 1.000883
vt 0.358229 0.999946
vt 0.977925 0.446982
vt 0.977762 0.448117
vt 0.978839 0.447677
vt 0.976107 0.006239
vt 0.977762 0.005588
vt 0.976787 0.005130
vt 0.979008 0.006856
vt 0.977553 0.006569
vt 0.795518 0.372965
vt 0.795655 0.374222
vt 0.794588 0.373744
vt 0.797311 0.861674
vt 0.795655 0.862334
vt 0.796639 0.862745
vt 0.794410 0.861058
vt 0.795856 0.861387
vt 1.025686 0.419009
vt 1.026525 0.419558
vt 1.026713 0.418437
vt 1.025489 0.015277
vt 1.026525 0.014423
vt 1.025667 0.014050
vt 0.418170 0.015454
vt 0.419558 0.014423
vt 0.419657 0.015450
vt 0.819408 0.358973
vt 0.820586 0.359620
vt 0.819624 0.360282
vt 0.358367 0.865965
vt 0.359620 0.866851
vt 0.358469 0.867034
vt 0.820014 0.865788
vt 0.820586 0.866851
vt 0.821098 0.865960
vt 1.026296 0.363063
vt 1.027147 0.362439
vt 1.026304 0.361770
vt 0.363724 0.012663
vt 0.362439 0.011494
vt 0.363584 0.011363
vt 0.361159 0.012223
vt 0.362237 0.012506
vt 0.819713 0.330988
vt 0.820904 0.330417
vt 0.820963 0.331545
vt 0.820359 0.864161
vt 0.820904 0.865353
vt 0.819957 0.865343
vt 0.331774 0.864601
vt 0.330417 0.865353
vt 0.330287 0.864444
vt 0.979144 0.335090
vt 0.979006 0.333880
vt 0.978022 0.334343
vt 0.980251 0.001011
vt 0.979006 -0.000268
vt 0.980073 -0.000244
vt 0.977349 0.000394
vt 0.978804 0.000682
vt 0.796128 0.316996
vt 0.796291 0.315815
vt 0.797266 0.316270
vt 0.795045 0.858068
vt 0.796291 0.859340
vt 0.795214 0.859362
vt 0.797946 0.858685
vt 0.796500 0.858356
vt 0.931382 0.363063
vt 0.930243 0.362439
vt 0.930148 0.363584
vt 0.930868 -0.008027
vt 0.930243 -0.009103
vt 0.931193 -0.009164
vt 0.363724 -0.008204
vt 0.362439 -0.009103
vt 0.362237 -0.008200
vt 0.772237 0.330988
vt 0.771360 0.330417
vt 0.772229 0.329731
vt 0.331774 0.853778
vt 0.330417 0.854823
vt 0.331545 0.855073
vt 0.329209 0.853955
vt 0.330287 0.853782
vt 0.930773 0.419009
vt 0.929621 0.419558
vt 0.930556 0.420250
vt 0.418170 -0.005413
vt 0.419558 -0.006175
vt 0.418437 -0.006478
vt 0.930219 -0.004973
vt 0.929621 -0.006175
vt 0.929159 -0.005256
vt 0.771932 0.358973
vt 0.771042 0.359620
vt 0.770891 0.358469
vt 0.360932 0.855581
vt 0.359620 0.856320
vt 0.360282 0.856764
vt 0.358367 0.855142
vt 0.359854 0.855298
vt 0.614875 0.987947
vt 0.614826 0.988966
vt 0.615889 0.988563
vt 0.613295 0.006274
vt 0.614826 0.005402
vt 0.613795 0.005043
vt 0.616257 0.006429
vt 0.614772 0.006430
vt 0.558643 0.750571
vt 0.558668 0.751903
vt 0.557614 0.751404
vt 0.560200 1.076064
vt 0.558668 1.076965
vt 0.559708 1.077149
vt 0.557238 1.075909
vt 0.558715 1.076065
vt 0.663605 0.960450
vt 0.664582 0.960891
vt 0.664736 0.959819
vt 0.663690 0.003705
vt 0.664582 0.002545
vt 0.663670 0.002409
vt 0.959392 0.003294
vt 0.960891 0.002545
vt 0.960853 0.003557
vt 0.583018 0.736818
vt 0.584100 0.737552
vt 0.583156 0.738173
vt 0.736455 1.074323
vt 0.737552 1.075505
vt 0.736390 1.075512
vt 0.738977 1.074735
vt 0.737917 1.074586
vt 0.664165 0.905457
vt 0.665153 0.904740
vt 0.664255 0.904114
vt 0.905862 -0.007097
vt 0.904740 -0.008355
vt 0.905897 -0.008349
vt 0.903341 -0.007664
vt 0.904400 -0.007401
vt 0.583298 0.709310
vt 0.584392 0.708851
vt 0.584491 0.709928
vt 0.583671 1.068684
vt 0.584392 1.069934
vt 0.583462 1.069974
vt 0.710325 1.069251
vt 0.708851 1.069934
vt 0.708864 1.068947
vt 0.615994 0.877960
vt 0.615968 0.876665
vt 0.614928 0.877153
vt 0.617398 -0.015331
vt 0.615968 -0.016397
vt 0.617023 -0.016474
vt 0.614436 -0.015487
vt 0.615921 -0.015487
vt 0.559202 0.695556
vt 0.559252 0.694500
vt 0.560283 0.694914
vt 0.557821 1.064786
vt 0.559252 1.065823
vt 0.558188 1.066074
vt 0.560783 1.064941
vt 0.559306 1.064785
vt 0.567263 0.905457
vt 0.566212 0.904740
vt 0.566082 0.905897
vt 0.567002 -0.012763
vt 0.566212 -0.013540
vt 0.567147 -0.013840
vt 0.905862 -0.012351
vt 0.904740 -0.013540
vt 0.904400 -0.012614
vt 0.534827 0.709310
vt 0.533819 0.708851
vt 0.534740 0.708145
vt 0.710325 1.066527
vt 0.708851 1.067283
vt 0.709928 1.067712
vt 0.534667 1.066115
vt 0.533819 1.067283
vt 0.533562 1.066264
vt 0.566704 0.960450
vt 0.565641 0.960891
vt 0.566562 0.961602
vt 0.959392 -0.001960
vt 0.960891 -0.002640
vt 0.959819 -0.003081
vt 0.566407 -0.001393
vt 0.565641 -0.002640
vt 0.565323 -0.001656
vt 0.534547 0.736818
vt 0.533527 0.737552
vt 0.533406 0.736390
vt 0.738977 1.072166
vt 0.737552 1.072855
vt 0.738173 1.073249
vt 0.736455 1.071599
vt 0.737917 1.071903
vt 0.343589 0.947111
vt 0.343591 0.948164
vt 0.344570 0.947745
vt 0.230622 0.342208
vt 0.229684 0.343591
vt 0.229363 0.342611
vt 0.230615 0.344979
vt 0.230715 0.343593
vt 0.344985 0.818175
vt 0.344984 0.819548
vt 0.344005 0.819031
vt 0.796012 0.346367
vt 0.797010 0.344984
vt 0.797118 0.345964
vt 0.796019 0.343596
vt 0.796113 0.344982
vt 0.351083 0.941799
vt 0.352268 0.942013
vt 0.352113 0.941009
vt 0.229516 0.943039
vt 0.228268 0.942013
vt 0.228226 0.942826
vt 0.228931 0.940470
vt 0.229252 0.941887
vt 0.352480 0.812863
vt 0.353661 0.813398
vt 0.352903 0.814112
vt 0.794329 0.812291
vt 0.795594 0.813398
vt 0.795572 0.812295
vt 0.794913 0.814861
vt 0.794650 0.813708
vt 0.348215 0.933203
vt 0.348947 0.932061
vt 0.347871 0.931928
vt 0.227186 0.932742
vt 0.226020 0.932061
vt 0.226015 0.933051
vt 0.226831 0.347750
vt 0.226020 0.348947
vt 0.226929 0.349128
vt 0.349611 0.804267
vt 0.350340 0.803446
vt 0.350851 0.804337
vt 0.792228 0.349138
vt 0.793346 0.350340
vt 0.793524 0.349265
vt 0.792583 0.804564
vt 0.793346 0.803446
vt 0.792327 0.803424
vt 0.338947 0.933203
vt 0.338217 0.932061
vt 0.337707 0.933051
vt 0.226852 0.339418
vt 0.226046 0.338217
vt 0.225786 0.339291
vt 0.227217 0.932742
vt 0.226046 0.932061
vt 0.226957 0.931602
vt 0.340343 0.804267
vt 0.339610 0.803445
vt 0.340685 0.803214
vt 0.792615 0.804564
vt 0.793372 0.803445
vt 0.793803 0.804337
vt 0.792249 0.340807
vt 0.793372 0.339610
vt 0.792354 0.339429
vt 0.336088 0.941799
vt 0.334907 0.942014
vt 0.335666 0.942826
vt 0.228975 0.940470
vt 0.228311 0.942014
vt 0.227855 0.941009
vt 0.229556 0.943039
vt 0.229296 0.941887
vt 0.337484 0.812863
vt 0.336300 0.813398
vt 0.336454 0.812295
vt 0.794953 0.814861
vt 0.795636 0.813398
vt 0.796024 0.814112
vt 0.794373 0.812291
vt 0.794694 0.813708
vt 0.357178 0.343892
vt 0.357179 0.345136
vt 0.358158 0.344655
vt 0.355793 0.776667
vt 0.357179 0.775679
vt 0.356199 0.775456
vt 0.358564 0.776667
vt 0.357179 0.776667
vt 0.357178 0.345136
vt 0.356199 0.344655
vt 0.358564 0.973243
vt 0.357178 0.974231
vt 0.358158 0.974453
vt 0.355793 0.973243
vt 0.357178 0.973243
vt 0.362774 0.339827
vt 0.363957 0.340211
vt 0.363803 0.339131
vt 0.341487 0.776667
vt 0.340211 0.775679
vt 0.340994 0.775456
vt 0.338852 0.776667
vt 0.340305 0.776667
vt 0.363957 0.340211
vt 0.363197 0.340994
vt 0.338852 0.973243
vt 0.340211 0.974231
vt 0.339131 0.974453
vt 0.341487 0.973243
vt 0.340305 0.973243
vt 0.360637 0.333249
vt 0.361368 0.332242
vt 0.360293 0.332055
vt 0.333165 0.776667
vt 0.332242 0.775679
vt 0.333207 0.775456
vt 0.360168 0.776667
vt 0.361368 0.775679
vt 0.361547 0.776667
vt 0.361878 0.333207
vt 0.360168 0.973243
vt 0.361368 0.974231
vt 0.360293 0.974453
vt 0.333165 0.973243
vt 0.332242 0.974231
vt 0.331996 0.973243
vt 0.353720 0.333249
vt 0.352989 0.332242
vt 0.352479 0.333207
vt 0.354189 0.776667
vt 0.352989 0.775679
vt 0.354064 0.775456
vt 0.331996 0.776667
vt 0.354064 0.332055
vt 0.333207 0.974453
vt 0.354189 0.973243
vt 0.352989 0.974231
vt 0.352810 0.973243
vt 0.351583 0.339827
vt 0.350400 0.340211
vt 0.351160 0.340994
vt 0.339131 0.775456
vt 0.340305 0.776667
vt 0.350400 0.340211
vt 0.350554 0.339131
vt 0.340994 0.974453
vt 0.340305 0.973243
vt 0.657179 0.343892
vt 0.657179 0.345136
vt 0.658158 0.344655
vt 0.655793 0.776667
vt 0.657179 0.775679
vt 0.656199 0.775456
vt 0.658564 0.776667
vt 0.657179 0.776667
vt 0.657178 0.345136
vt 0.656199 0.344655
vt 0.658564 0.973243
vt 0.657178 0.974231
vt 0.658158 0.974453
vt 0.655793 0.973243
vt 0.657178 0.973243
vt 0.662774 0.339827
vt 0.663957 0.340211
vt 0.663803 0.339131
vt 0.663197 0.340994
vt 0.660637 0.333249
vt 0.661368 0.332242
vt 0.660293 0.332055
vt 0.660168 0.776667
vt 0.661368 0.775679
vt 0.661547 0.776667
vt 0.661878 0.333207
vt 0.660168 0.973243
vt 0.661368 0.974231
vt 0.660293 0.974453
vt 0.653720 0.333249
vt 0.652989 0.332242
vt 0.652479 0.333207
vt 0.654189 0.776667
vt 0.652989 0.775679
vt 0.654064 0.775456
vt 0.654064 0.332055
vt 0.654189 0.973243
vt 0.652989 0.974231
vt 0.652810 0.973243
vt 0.651583 0.339827
vt 0.650400 0.340211
vt 0.651160 0.340994
vt 0.650400 0.340211
vt 0.650554 0.339131
vt 0.594691 0.666667
vt 0.593702 0.665679
vt 0.593480 0.666667
vt 0.594691 0.332296
vt 0.593702 0.333285
vt 0.594691 0.333507
vt 0.332296 0.666667
vt 0.333285 0.665679
vt 0.332296 0.665456
vt 0.594691 0.323721
vt 0.593702 0.322732
vt 0.593480 0.323721
vt 0.594691 0.665456
vt 0.323721 0.666667
vt 0.322732 0.665679
vt 0.322510 0.666667
vt 0.594691 0.683242
vt 0.593702 0.684231
vt 0.594691 0.684453
vt 0.332296 0.683242
vt 0.333285 0.684231
vt 0.333507 0.683242
vt 0.593480 0.332296
vt 0.593480 0.683242
vt 0.594691 0.322510
vt 0.323721 0.683242
vt 0.322732 0.684231
vt 0.323721 0.684453
vt 0.670466 0.666667
vt 0.671455 0.665679
vt 0.670466 0.665456
vt 0.333507 0.666667
vt 0.670466 0.332296
vt 0.671455 0.333285
vt 0.671677 0.332296
vt 0.671677 0.666667
vt 0.670466 0.323721
vt 0.671455 0.322732
vt 0.670466 0.322510
vt 0.323721 0.665456
vt 0.670466 0.683242
vt 0.671455 0.684231
vt 0.671677 0.683242
vt 0.670466 0.333507
vt 0.332296 0.684453
vt 0.670466 0.684453
vt 0.322510 0.683242
vt 0.671677 0.323721
vt 0.558112 0.746599
vt 0.558474 0.745248
vt 0.557507 0.745550
vt 0.559595 0.332296
vt 0.558474 0.333285
vt 0.559161 0.333507
vt 0.557256 0.332296
vt 0.558555 0.332296
vt 0.559595 0.323721
vt 0.558474 0.322732
vt 0.558555 0.323721
vt 0.559161 0.745993
vt 0.557256 0.323721
vt 0.557507 0.322510
vt 0.543757 0.754887
vt 0.542407 0.754525
vt 0.542709 0.755492
vt 0.332296 0.753404
vt 0.333285 0.754525
vt 0.333507 0.753838
vt 0.332296 0.755743
vt 0.332296 0.754443
vt 0.543152 0.753838
vt 0.323721 0.755743
vt 0.322732 0.754525
vt 0.322510 0.755492
vt 0.323721 0.753404
vt 0.323721 0.754443
vt 0.596000 0.812222
vt 0.597350 0.812584
vt 0.597048 0.811617
vt 0.332296 0.813705
vt 0.333285 0.812584
vt 0.333507 0.813271
vt 0.332296 0.811366
vt 0.332296 0.812665
vt 0.596605 0.813271
vt 0.323721 0.811366
vt 0.322732 0.812584
vt 0.322510 0.811617
vt 0.323721 0.813705
vt 0.323721 0.812665
vt 0.581645 0.820510
vt 0.581283 0.821860
vt 0.582250 0.821558
vt 0.580162 0.332296
vt 0.581283 0.333285
vt 0.580596 0.333507
vt 0.582501 0.332296
vt 0.581202 0.332296
vt 0.580596 0.821115
vt 0.582501 0.323721
vt 0.581283 0.322732
vt 0.582250 0.322510
vt 0.580162 0.323721
vt 0.581202 0.323721
vt 0.470600 0.754887
vt 0.471950 0.754525
vt 0.471205 0.753838
vt 0.333507 0.755492
vt 0.471950 0.754525
vt 0.471648 0.755492
vt 0.322510 0.753838
vt 0.456245 0.746599
vt 0.455883 0.745248
vt 0.455196 0.745993
vt 0.457101 0.332296
vt 0.455883 0.333285
vt 0.456850 0.333507
vt 0.454762 0.332296
vt 0.455802 0.332296
vt 0.455883 0.745248
vt 0.456850 0.745550
vt 0.454762 0.323721
vt 0.455883 0.322732
vt 0.455196 0.322510
vt 0.457101 0.323721
vt 0.455802 0.323721
vt 0.432712 0.820510
vt 0.433074 0.821860
vt 0.433761 0.821115
vt 0.431856 0.332296
vt 0.433074 0.333285
vt 0.432107 0.333507
vt 0.434195 0.332296
vt 0.433155 0.332296
vt 0.433074 0.821860
vt 0.432107 0.821558
vt 0.434195 0.323721
vt 0.433074 0.322732
vt 0.433761 0.322510
vt 0.431856 0.323721
vt 0.433155 0.323721
vt 0.418357 0.812222
vt 0.417007 0.812584
vt 0.417752 0.813271
vt 0.333507 0.811617
vt 0.417007 0.812584
vt 0.417309 0.811617
vt 0.322510 0.813271
vt 0.419666 0.683242
vt 0.420655 0.684231
vt 0.420877 0.683242
vt 0.419666 0.332296
vt 0.420655 0.333285
vt 0.419666 0.333507
vt 0.419666 0.323721
vt 0.420655 0.322732
vt 0.420877 0.323721
vt 0.419666 0.684453
vt 0.419666 0.666667
vt 0.420655 0.665679
vt 0.419666 0.665456
vt 0.420877 0.332296
vt 0.420877 0.666667
vt 0.419666 0.322510
vt 0.343891 0.683242
vt 0.342902 0.684231
vt 0.343891 0.684453
vt 0.343891 0.332296
vt 0.342902 0.333285
vt 0.342680 0.332296
vt 0.342680 0.683242
vt 0.343891 0.323721
vt 0.342902 0.322732
vt 0.343891 0.322510
vt 0.343891 0.666667
vt 0.342902 0.665679
vt 0.342680 0.666667
vt 0.343891 0.333507
vt 0.343891 0.665456
vt 0.342680 0.323721
vt 0.456245 0.603311
vt 0.455883 0.604661
vt 0.456850 0.604359
vt 0.455196 0.333507
vt 0.455196 0.603916
vt 0.456850 0.322510
vt 0.470600 0.595023
vt 0.471950 0.595385
vt 0.471648 0.594418
vt 0.332296 0.596506
vt 0.333285 0.595385
vt 0.333507 0.596072
vt 0.332296 0.594167
vt 0.332296 0.595466
vt 0.471205 0.596072
vt 0.323721 0.594167
vt 0.322732 0.595385
vt 0.322510 0.594418
vt 0.323721 0.596506
vt 0.323721 0.595466
vt 0.418357 0.537687
vt 0.417007 0.537326
vt 0.417309 0.538293
vt 0.332296 0.536204
vt 0.333285 0.537326
vt 0.333507 0.536639
vt 0.332296 0.538544
vt 0.332296 0.537244
vt 0.417752 0.536639
vt 0.323721 0.538544
vt 0.322732 0.537326
vt 0.322510 0.538293
vt 0.323721 0.536204
vt 0.323721 0.537244
vt 0.432712 0.529400
vt 0.433074 0.528049
vt 0.432107 0.528351
vt 0.433761 0.333507
vt 0.433761 0.528794
vt 0.433074 0.322732
vt 0.432107 0.322510
vt 0.543757 0.595023
vt 0.542407 0.595385
vt 0.543152 0.596072
vt 0.333507 0.594418
vt 0.542709 0.594418
vt 0.322510 0.596072
vt 0.558112 0.603311
vt 0.558474 0.604661
vt 0.559161 0.603916
vt 0.557507 0.333507
vt 0.559595 0.332296
vt 0.557507 0.604359
vt 0.559595 0.323721
vt 0.559161 0.322510
vt 0.581645 0.529400
vt 0.581283 0.528049
vt 0.580596 0.528794
vt 0.582250 0.333507
vt 0.582250 0.528351
vt 0.580596 0.322510
vt 0.596000 0.537687
vt 0.597350 0.537326
vt 0.596605 0.536639
vt 0.333507 0.538293
vt 0.597048 0.538293
vt 0.322510 0.536639
vt 0.160632 0.339892
vt 0.160785 0.341136
vt 0.161695 0.340655
vt 0.159640 0.446370
vt 0.160785 0.445111
vt 0.159780 0.445101
vt 0.162348 0.445784
vt 0.160994 0.446077
vt 0.253725 0.339892
vt 0.253572 0.341136
vt 0.252662 0.340655
vt 0.254717 0.872476
vt 0.253572 0.873735
vt 0.254577 0.873745
vt 0.252009 0.873062
vt 0.253363 0.872769
vt 0.171678 0.331681
vt 0.172987 0.332065
vt 0.172789 0.330985
vt 0.333341 0.443553
vt 0.332065 0.442469
vt 0.332848 0.442413
vt 0.330706 0.443372
vt 0.332159 0.443374
vt 0.264771 0.331681
vt 0.265774 0.332065
vt 0.265079 0.332848
vt 0.330706 0.870064
vt 0.332065 0.871093
vt 0.330985 0.871343
vt 0.333341 0.870245
vt 0.332159 0.870066
vt 0.167458 0.318395
vt 0.168326 0.317388
vt 0.167228 0.317201
vt 0.318311 0.444224
vt 0.317388 0.443478
vt 0.318353 0.443153
vt 0.167363 0.444698
vt 0.168326 0.443478
vt 0.168710 0.444406
vt 0.260552 0.318395
vt 0.261114 0.317388
vt 0.261659 0.318353
vt 0.259732 0.871390
vt 0.261114 0.872102
vt 0.260110 0.872547
vt 0.318311 0.870916
vt 0.317388 0.872102
vt 0.317142 0.871098
vt 0.153805 0.318395
vt 0.153243 0.317388
vt 0.152698 0.318353
vt 0.154625 0.447456
vt 0.153243 0.446743
vt 0.154247 0.446299
vt 0.318311 0.447930
vt 0.317388 0.446743
vt 0.317142 0.447747
vt 0.246899 0.318395
vt 0.246031 0.317388
vt 0.247128 0.317201
vt 0.318311 0.874622
vt 0.317388 0.875367
vt 0.318353 0.875692
vt 0.246994 0.874148
vt 0.246031 0.875367
vt 0.245647 0.874439
vt 0.149586 0.331681
vt 0.148582 0.332065
vt 0.149278 0.332848
vt 0.330706 0.448782
vt 0.332065 0.447752
vt 0.330985 0.447502
vt 0.333341 0.448601
vt 0.332159 0.448780
vt 0.242679 0.331681
vt 0.241370 0.332065
vt 0.241568 0.330985
vt 0.333341 0.875293
vt 0.332065 0.876376
vt 0.332848 0.876433
vt 0.330706 0.875474
vt 0.332159 0.875471
vt 0.879860 0.399892
vt 0.879697 0.401136
vt 0.880702 0.400655
vt 0.878125 0.505636
vt 0.879697 0.504984
vt 0.878793 0.504547
vt 0.880825 0.506258
vt 0.879475 0.505947
vt 0.794497 0.399892
vt 0.794660 0.401136
vt 0.793655 0.400655
vt 0.796232 0.873209
vt 0.794660 0.873862
vt 0.795564 0.874298
vt 0.793532 0.872587
vt 0.794882 0.872898
vt 0.890873 0.391681
vt 0.891863 0.392065
vt 0.891763 0.390985
vt 0.393341 0.508627
vt 0.392065 0.507788
vt 0.392848 0.507401
vt 0.390706 0.508819
vt 0.392159 0.508817
vt 0.805510 0.391681
vt 0.806826 0.392065
vt 0.806035 0.392848
vt 0.390706 0.875770
vt 0.392065 0.876666
vt 0.390985 0.876848
vt 0.393341 0.875578
vt 0.392159 0.875768
vt 0.886666 0.378395
vt 0.887216 0.377388
vt 0.886219 0.377201
vt 0.378311 0.507915
vt 0.377388 0.506717
vt 0.378353 0.506615
vt 0.885825 0.507411
vt 0.887216 0.506717
vt 0.887169 0.507721
vt 0.801304 0.378395
vt 0.802179 0.377388
vt 0.802626 0.378353
vt 0.801232 0.874362
vt 0.802179 0.875595
vt 0.801081 0.875570
vt 0.378311 0.874866
vt 0.377388 0.875595
vt 0.377142 0.874672
vt 0.873053 0.378395
vt 0.872178 0.377388
vt 0.871731 0.378353
vt 0.873125 0.504483
vt 0.872178 0.503251
vt 0.873276 0.503276
vt 0.378311 0.503980
vt 0.377388 0.503251
vt 0.377142 0.504174
vt 0.787691 0.378395
vt 0.787141 0.377388
vt 0.788138 0.377201
vt 0.378311 0.870931
vt 0.377388 0.872128
vt 0.378353 0.872230
vt 0.788532 0.871434
vt 0.787141 0.872128
vt 0.787189 0.871125
vt 0.868847 0.391681
vt 0.867531 0.392065
vt 0.868322 0.392848
vt 0.390706 0.503075
vt 0.392065 0.502179
vt 0.390985 0.501997
vt 0.393341 0.503267
vt 0.392159 0.503078
vt 0.783484 0.391681
vt 0.782494 0.392065
vt 0.782594 0.390985
vt 0.393341 0.870218
vt 0.392065 0.871057
vt 0.392848 0.871444
vt 0.390706 0.870026
vt 0.392159 0.870028
vt 0.329684 0.337999
vt 0.329161 0.338836
vt 0.330292 0.339085
vt 0.337804 -0.026885
vt 0.338836 -0.027840
vt 0.337928 -0.028161
vt 0.330604 -0.026885
vt 0.329161 -0.027840
vt 0.329092 -0.026794
vt 0.389684 0.241999
vt 0.388985 0.243118
vt 0.388320 0.242124
vt 0.390187 0.449782
vt 0.388985 0.450751
vt 0.390170 0.450863
vt 0.242471 0.449782
vt 0.243118 0.450751
vt 0.243613 0.449873
vt 0.375373 0.343522
vt 0.375866 0.344482
vt 0.376701 0.343762
vt 0.374539 -0.031314
vt 0.375866 -0.032550
vt 0.374668 -0.032635
vt 0.377415 -0.031868
vt 0.376111 -0.031535
vt 0.435373 0.247522
vt 0.435690 0.248764
vt 0.434545 0.248644
vt 0.436998 0.444799
vt 0.435690 0.446042
vt 0.436579 0.445998
vt 0.434122 0.445353
vt 0.435694 0.445132
vt 0.407361 0.311760
vt 0.408565 0.312014
vt 0.408455 0.310900
vt 0.313236 -0.041822
vt 0.312014 -0.043131
vt 0.312913 -0.043079
vt 0.310389 -0.042512
vt 0.311943 -0.042187
vt 0.467361 0.215760
vt 0.468389 0.216296
vt 0.467647 0.217108
vt 0.215056 0.434155
vt 0.216296 0.435461
vt 0.215095 0.435456
vt 0.217902 0.434845
vt 0.216610 0.434480
vt 0.401561 0.266631
vt 0.402635 0.265881
vt 0.401643 0.265245
vt 0.266992 -0.050494
vt 0.265881 -0.051616
vt 0.267068 -0.051630
vt 0.401900 -0.050802
vt 0.402635 -0.051616
vt 0.403061 -0.050729
vt 0.461561 0.170631
vt 0.462459 0.170163
vt 0.462699 0.171264
vt 0.461483 0.425865
vt 0.462459 0.426975
vt 0.461520 0.427177
vt 0.171659 0.426173
vt 0.170163 0.426975
vt 0.170167 0.425938
vt 0.362339 0.242117
vt 0.362542 0.240823
vt 0.361394 0.241176
vt 0.364184 -0.050802
vt 0.362542 -0.051616
vt 0.363549 -0.051847
vt 0.361136 -0.050494
vt 0.362698 -0.050729
vt 0.422339 0.146117
vt 0.422366 0.145105
vt 0.423427 0.145632
vt 0.420719 0.426173
vt 0.422366 0.426975
vt 0.421272 0.427394
vt 0.423767 0.425865
vt 0.422281 0.425937
vt 0.319232 0.256679
vt 0.318476 0.255708
vt 0.318017 0.256818
vt 0.319683 -0.042512
vt 0.318476 -0.043131
vt 0.319526 -0.043568
vt 0.256595 -0.041822
vt 0.255708 -0.043131
vt 0.255259 -0.042187
vt 0.379232 0.160679
vt 0.378300 0.159990
vt 0.379404 0.159515
vt 0.161261 0.434845
vt 0.159990 0.435461
vt 0.161013 0.435944
vt 0.379266 0.434155
vt 0.378300 0.435461
vt 0.377919 0.434480
vt 0.304699 0.299351
vt 0.303620 0.299329
vt 0.304175 0.300391
vt 0.297628 -0.031868
vt 0.299329 -0.032550
vt 0.298262 -0.033026
vt 0.300639 -0.031314
vt 0.299173 -0.031535
vt 0.364699 0.203351
vt 0.363444 0.203610
vt 0.363780 0.202457
vt 0.205305 0.445353
vt 0.203610 0.446042
vt 0.204586 0.446389
vt 0.202295 0.444799
vt 0.203840 0.445132
vt 0.402778 0.283029
vt 0.402779 0.284269
vt 0.403897 0.283802
vt 0.401197 0.342483
vt 0.402779 0.341499
vt 0.401660 0.341315
vt 0.404360 0.342483
vt 0.402779 0.342452
vt 0.402778 0.286461
vt 0.402779 0.287582
vt 0.401660 0.287152
vt 0.404360 0.380930
vt 0.402779 0.381916
vt 0.403897 0.382174
vt 0.401197 0.380930
vt 0.402779 0.380898
vt 0.447288 0.264654
vt 0.448166 0.265587
vt 0.448599 0.264695
vt 0.448328 0.344003
vt 0.447288 0.342774
vt 0.447017 0.343927
vt 0.264695 0.342881
vt 0.265829 0.344003
vt 0.264523 0.344110
vt 0.447288 0.268086
vt 0.448166 0.268901
vt 0.447288 0.269351
vt 0.268981 0.382449
vt 0.268045 0.383741
vt 0.267675 0.382556
vt 0.447288 0.383634
vt 0.448328 0.382449
vt 0.447017 0.382374
vt 0.465725 0.220292
vt 0.466966 0.220352
vt 0.466652 0.219410
vt 0.220432 0.347725
vt 0.221257 0.346443
vt 0.222009 0.347596
vt 0.219410 0.346594
vt 0.218856 0.347854
vt 0.465725 0.223725
vt 0.466910 0.223665
vt 0.466460 0.224798
vt 0.222008 0.386301
vt 0.223665 0.387157
vt 0.222569 0.387470
vt 0.225161 0.386042
vt 0.223585 0.386171
vt 0.447288 0.175931
vt 0.448166 0.175116
vt 0.447288 0.174666
vt 0.175036 0.351447
vt 0.175972 0.350155
vt 0.176342 0.351340
vt 0.447288 0.350262
vt 0.448328 0.351447
vt 0.447017 0.351523
vt 0.447288 0.179363
vt 0.448166 0.178430
vt 0.448599 0.179322
vt 0.448328 0.389893
vt 0.447288 0.391122
vt 0.447017 0.389969
vt 0.179322 0.391015
vt 0.178188 0.389893
vt 0.179494 0.389786
vt 0.402778 0.157556
vt 0.402778 0.156379
vt 0.401852 0.156674
vt 0.402778 0.352989
vt 0.403705 0.351738
vt 0.404360 0.352967
vt 0.401852 0.351738
vt 0.401197 0.352967
vt 0.402778 0.160988
vt 0.402779 0.159748
vt 0.403897 0.160215
vt 0.401197 0.391413
vt 0.402779 0.392397
vt 0.401660 0.392582
vt 0.404360 0.391413
vt 0.402779 0.391444
vt 0.358268 0.175931
vt 0.357391 0.175116
vt 0.356958 0.175972
vt 0.357229 0.351447
vt 0.358268 0.350262
vt 0.358540 0.351523
vt 0.175036 0.351447
vt 0.358268 0.179363
vt 0.357391 0.178430
vt 0.358268 0.178016
vt 0.358268 0.391122
vt 0.357229 0.389893
vt 0.358540 0.389969
vt 0.339832 0.220292
vt 0.338647 0.220352
vt 0.339097 0.221448
vt 0.220352 0.346740
vt 0.219219 0.346610
vt 0.220432 0.347725
vt 0.339832 0.223725
vt 0.338647 0.223665
vt 0.339097 0.222569
vt 0.224798 0.387287
vt 0.358268 0.264654
vt 0.357391 0.265587
vt 0.358268 0.266001
vt 0.264695 0.342881
vt 0.358268 0.342774
vt 0.357229 0.344003
vt 0.358540 0.343927
vt 0.358268 0.268086
vt 0.357391 0.268901
vt 0.356958 0.268045
vt 0.357229 0.382449
vt 0.358268 0.383634
vt 0.358540 0.382374
vt 0.402778 0.281466
vt 0.402778 0.282654
vt 0.403705 0.282356
vt 0.402778 0.285821
vt 0.401852 0.284576
vt 0.401197 0.285803
vt 0.403705 0.284576
vt 0.404360 0.285803
vt 0.402778 0.278567
vt 0.402778 0.279855
vt 0.401852 0.279526
vt 0.402778 0.324305
vt 0.403705 0.325475
vt 0.404360 0.324286
vt 0.401852 0.325475
vt 0.401197 0.324286
vt 0.443894 0.264476
vt 0.444772 0.265301
vt 0.445205 0.264441
vt 0.444933 0.284616
vt 0.443894 0.283427
vt 0.443623 0.284680
vt 0.264441 0.283337
vt 0.265394 0.284616
vt 0.264087 0.284526
vt 0.443894 0.261577
vt 0.444732 0.262463
vt 0.443623 0.262919
vt 0.261424 0.323009
vt 0.262463 0.324072
vt 0.261341 0.324217
vt 0.443623 0.323163
vt 0.444732 0.324072
vt 0.445013 0.323105
vt 0.460925 0.223458
vt 0.462110 0.223408
vt 0.461660 0.222307
vt 0.224918 0.281816
vt 0.223408 0.280720
vt 0.224539 0.280576
vt 0.221762 0.281597
vt 0.223340 0.281706
vt 0.460925 0.220559
vt 0.462110 0.220609
vt 0.461660 0.221710
vt 0.219099 0.320081
vt 0.220609 0.321176
vt 0.219478 0.321321
vt 0.222255 0.320299
vt 0.220677 0.320190
vt 0.443894 0.182440
vt 0.444772 0.181515
vt 0.443894 0.181098
vt 0.181285 0.278797
vt 0.182406 0.277661
vt 0.182593 0.278887
vt 0.443894 0.277570
vt 0.444933 0.278797
vt 0.443623 0.278733
vt 0.443894 0.179541
vt 0.444772 0.178716
vt 0.445205 0.179576
vt 0.444933 0.317280
vt 0.443894 0.318469
vt 0.443623 0.317216
vt 0.179576 0.318560
vt 0.178623 0.317280
vt 0.179930 0.317371
vt 0.402778 0.165450
vt 0.402778 0.164162
vt 0.401852 0.164491
vt 0.402778 0.277592
vt 0.403705 0.276421
vt 0.404360 0.277610
vt 0.401852 0.276421
vt 0.401197 0.277610
vt 0.402778 0.162551
vt 0.402778 0.161363
vt 0.403705 0.161661
vt 0.402778 0.316075
vt 0.401852 0.317320
vt 0.401197 0.316094
vt 0.403705 0.317320
vt 0.404360 0.316094
vt 0.361663 0.182440
vt 0.360785 0.181515
vt 0.360352 0.182406
vt 0.360624 0.278797
vt 0.361663 0.277570
vt 0.361934 0.278733
vt 0.361663 0.179541
vt 0.360785 0.178716
vt 0.361663 0.178268
vt 0.361663 0.318469
vt 0.360624 0.317280
vt 0.361934 0.317216
vt 0.344632 0.223458
vt 0.343447 0.223408
vt 0.343897 0.224539
vt 0.222307 0.280421
vt 0.344632 0.220559
vt 0.343447 0.220609
vt 0.343897 0.219478
vt 0.221710 0.321475
vt 0.361663 0.264476
vt 0.360785 0.265301
vt 0.361663 0.265749
vt 0.264441 0.283336
vt 0.361663 0.283427
vt 0.360624 0.284616
vt 0.361934 0.284680
vt 0.361663 0.261577
vt 0.360785 0.262502
vt 0.360352 0.261611
vt 0.360624 0.323099
vt 0.361663 0.324326
vt 0.361934 0.323163
vt 0.261611 0.324236
vt 0.262732 0.323099
vt 0.318127 0.211721
vt 0.317342 0.210732
vt 0.317073 0.211721
vt 0.318541 0.232510
vt 0.317342 0.231789
vt 0.318248 0.231335
vt 0.211721 0.232924
vt 0.210732 0.231789
vt 0.210510 0.232802
vt 0.346743 0.345622
vt 0.346023 0.346821
vt 0.345568 0.345915
vt 0.347157 0.211721
vt 0.346023 0.210732
vt 0.347036 0.210510
vt 0.211721 0.346036
vt 0.210732 0.346821
vt 0.211721 0.347090
vt 0.318127 0.232296
vt 0.317342 0.233285
vt 0.318248 0.233507
vt 0.232296 0.232924
vt 0.233285 0.231789
vt 0.232296 0.231628
vt 0.317366 0.232802
vt 0.347157 0.232296
vt 0.346023 0.233285
vt 0.345861 0.232296
vt 0.347036 0.346797
vt 0.232296 0.346036
vt 0.233285 0.346821
vt 0.233507 0.345915
vt 0.367200 0.211721
vt 0.368334 0.210732
vt 0.367321 0.210510
vt 0.211721 0.219860
vt 0.210732 0.219076
vt 0.211721 0.218807
vt 0.367614 0.220274
vt 0.368334 0.219076
vt 0.368789 0.219981
vt 0.396230 0.211721
vt 0.397014 0.210732
vt 0.397284 0.211721
vt 0.395816 0.333387
vt 0.397014 0.334107
vt 0.396109 0.334562
vt 0.211721 0.332973
vt 0.210732 0.334107
vt 0.210510 0.333094
vt 0.367200 0.232296
vt 0.368334 0.233285
vt 0.368496 0.232296
vt 0.367321 0.219099
vt 0.232296 0.219860
vt 0.233285 0.219076
vt 0.233507 0.219981
vt 0.396230 0.232296
vt 0.397014 0.233285
vt 0.396109 0.233507
vt 0.232296 0.332973
vt 0.233285 0.334107
vt 0.232296 0.334269
vt 0.396991 0.333094
vt 0.372085 0.119175
vt 0.371630 0.117853
vt 0.370997 0.118644
vt 0.372836 0.441860
vt 0.371630 0.440872
vt 0.372616 0.440650
vt 0.370546 0.441860
vt 0.371528 0.441861
vt 0.372836 0.556036
vt 0.371630 0.557024
vt 0.371528 0.556036
vt 0.372616 0.118087
vt 0.118424 0.556036
vt 0.117853 0.557024
vt 0.118644 0.557247
vt 0.327295 0.211010
vt 0.325973 0.211465
vt 0.326764 0.212098
vt 0.210259 0.441860
vt 0.211465 0.440872
vt 0.210479 0.440650
vt 0.212549 0.441860
vt 0.211567 0.441861
vt 0.326207 0.210479
vt 0.326544 0.556036
vt 0.325973 0.557024
vt 0.326764 0.557247
vt 0.210259 0.556036
vt 0.211465 0.557024
vt 0.211567 0.556036
vt 0.507062 0.185007
vt 0.508384 0.184552
vt 0.507593 0.183919
vt 0.185758 0.441860
vt 0.184552 0.440872
vt 0.185538 0.440650
vt 0.183468 0.441860
vt 0.184450 0.441861
vt 0.508150 0.185538
vt 0.507813 0.556036
vt 0.508384 0.557024
vt 0.507593 0.557247
vt 0.185758 0.556036
vt 0.184552 0.557024
vt 0.184450 0.556036
vt 0.462271 0.276842
vt 0.462727 0.278164
vt 0.463360 0.277373
vt 0.461521 0.441860
vt 0.462727 0.440872
vt 0.461741 0.440650
vt 0.463811 0.441860
vt 0.462829 0.441861
vt 0.461741 0.277930
vt 0.277593 0.556036
vt 0.278164 0.557024
vt 0.277373 0.557247
vt 0.461521 0.556036
vt 0.462727 0.557024
vt 0.462829 0.556036
vt 0.366273 0.128356
vt 0.365817 0.127034
vt 0.365184 0.127825
vt 0.367023 0.539060
vt 0.365817 0.538072
vt 0.366803 0.537850
vt 0.364734 0.539060
vt 0.365715 0.539060
vt 0.367023 0.583636
vt 0.365817 0.584624
vt 0.365715 0.583636
vt 0.366803 0.127268
vt 0.127605 0.583636
vt 0.127034 0.584624
vt 0.127825 0.584847
vt 0.330951 0.200777
vt 0.329629 0.201232
vt 0.330420 0.201865
vt 0.200026 0.539060
vt 0.201232 0.538072
vt 0.200246 0.537850
vt 0.202316 0.539060
vt 0.201334 0.539060
vt 0.329862 0.200246
vt 0.330200 0.583636
vt 0.329629 0.584624
vt 0.330420 0.584847
vt 0.200026 0.583636
vt 0.201232 0.584624
vt 0.201334 0.583636
vt 0.503406 0.195240
vt 0.504728 0.194785
vt 0.503937 0.194152
vt 0.195991 0.539060
vt 0.194785 0.538072
vt 0.195771 0.537850
vt 0.193701 0.539060
vt 0.194683 0.539060
vt 0.504495 0.195771
vt 0.504157 0.583636
vt 0.504728 0.584624
vt 0.503937 0.584847
vt 0.195991 0.583636
vt 0.194785 0.584624
vt 0.194683 0.583636
vt 0.468084 0.267661
vt 0.468540 0.268983
vt 0.469173 0.268192
vt 0.467334 0.539060
vt 0.468540 0.538072
vt 0.467554 0.537850
vt 0.469623 0.539060
vt 0.468642 0.539060
vt 0.467554 0.268749
vt 0.268412 0.583636
vt 0.268983 0.584624
vt 0.268192 0.584847
vt 0.467334 0.583636
vt 0.468540 0.584624
vt 0.468642 0.583636
vt 0.369374 0.148203
vt 0.369838 0.147251
vt 0.368773 0.147200
vt 0.148174 0.547426
vt 0.147251 0.546488
vt 0.148059 0.546178
vt 0.368439 0.547426
vt 0.369838 0.546488
vt 0.369873 0.547511
vt 0.357336 0.172884
vt 0.357942 0.171642
vt 0.358594 0.172540
vt 0.356735 0.664361
vt 0.357942 0.665350
vt 0.356833 0.665474
vt 0.172170 0.664361
vt 0.171642 0.665350
vt 0.171176 0.664446
vt 0.342783 0.152642
vt 0.341838 0.151926
vt 0.341527 0.152902
vt 0.342823 0.544445
vt 0.341838 0.543229
vt 0.342872 0.543164
vt 0.153184 0.543934
vt 0.151926 0.543229
vt 0.151908 0.544216
vt 0.334892 0.176631
vt 0.334040 0.175633
vt 0.335046 0.175318
vt 0.176507 0.661337
vt 0.175633 0.662569
vt 0.176696 0.662576
vt 0.335152 0.661848
vt 0.334040 0.662569
vt 0.333884 0.661619
vt 0.339221 0.179074
vt 0.338088 0.179757
vt 0.338987 0.180357
vt 0.178646 0.539109
vt 0.179757 0.537956
vt 0.178647 0.537925
vt 0.181065 0.538793
vt 0.180055 0.538883
vt 0.331886 0.198940
vt 0.330839 0.199390
vt 0.330782 0.198352
vt 0.331672 0.656956
vt 0.330839 0.658067
vt 0.331712 0.658250
vt 0.197961 0.657272
vt 0.199390 0.658067
vt 0.199370 0.657045
vt 0.363611 0.190969
vt 0.363770 0.192283
vt 0.364663 0.191624
vt 0.362299 0.538793
vt 0.363770 0.537956
vt 0.362743 0.537701
vt 0.365014 0.539109
vt 0.363736 0.538883
vt 0.352472 0.208981
vt 0.352762 0.210083
vt 0.351695 0.209809
vt 0.354185 0.657272
vt 0.352762 0.658067
vt 0.353615 0.658473
vt 0.351469 0.656956
vt 0.352906 0.657045
vt 0.382246 0.171890
vt 0.383392 0.172193
vt 0.383072 0.171131
vt 0.173691 0.543934
vt 0.172193 0.543229
vt 0.173040 0.542802
vt 0.170992 0.544445
vt 0.172405 0.544215
vt 0.368201 0.192877
vt 0.369512 0.192933
vt 0.368884 0.193856
vt 0.191396 0.661848
vt 0.192933 0.662569
vt 0.191948 0.662938
vt 0.194095 0.661337
vt 0.192809 0.661619
vt 0.353397 0.672083
vt 0.353368 0.673429
vt 0.352472 0.672930
vt 0.354183 0.182520
vt 0.353368 0.181020
vt 0.354239 0.181475
vt 0.351684 0.181301
vt 0.353027 0.181718
vt 0.322144 0.245039
vt 0.322707 0.243883
vt 0.323397 0.244712
vt 0.321834 0.242502
vt 0.321630 0.243850
vt 0.324333 0.243721
vt 0.323178 0.242918
vt 0.335053 0.661072
vt 0.333880 0.661732
vt 0.333844 0.660688
vt 0.334393 0.663291
vt 0.334792 0.662318
vt 0.180152 0.660987
vt 0.178836 0.661732
vt 0.179516 0.662257
vt 0.244197 0.695292
vt 0.242890 0.695301
vt 0.243067 0.696087
vt 0.242513 0.693669
vt 0.243625 0.694457
vt 0.241724 0.695973
vt 0.241876 0.694939
vt 0.336630 0.190823
vt 0.335554 0.191499
vt 0.336544 0.191885
vt 0.191388 0.644193
vt 0.191499 0.642805
vt 0.190679 0.643517
vt 0.336208 0.193094
vt 0.335065 0.192284
vt 0.315281 0.687999
vt 0.314611 0.686699
vt 0.314295 0.687671
vt 0.315818 0.685502
vt 0.315476 0.686664
vt 0.247024 0.686926
vt 0.248646 0.686699
vt 0.247920 0.685905
vt 0.355948 0.200245
vt 0.356077 0.201509
vt 0.356841 0.201154
vt 0.354418 0.201975
vt 0.355164 0.200966
vt 0.202241 0.644193
vt 0.201509 0.642805
vt 0.202378 0.643172
vt 0.323188 0.687999
vt 0.323939 0.686699
vt 0.322834 0.686664
vt 0.325502 0.686926
vt 0.324512 0.687671
vt 0.323129 0.685502
vt 0.324471 0.685905
vt 0.194149 0.661072
vt 0.195032 0.661732
vt 0.194188 0.662318
vt 0.196495 0.660987
vt 0.195278 0.660688
vt 0.194953 0.663291
vt 0.195847 0.662257
vt 0.327429 0.695292
vt 0.328943 0.695301
vt 0.328460 0.694457
vt 0.329220 0.248713
vt 0.328943 0.250252
vt 0.328315 0.249736
vt 0.329424 0.693669
vt 0.329726 0.694939
vt 0.408180 0.167185
vt 0.408657 0.166207
vt 0.407587 0.166165
vt 0.167103 0.546726
vt 0.166207 0.545778
vt 0.167024 0.545480
vt 0.407271 0.546726
vt 0.408657 0.545778
vt 0.408706 0.546799
vt 0.396282 0.191579
vt 0.396880 0.190353
vt 0.397535 0.191246
vt 0.395660 0.683000
vt 0.396880 0.683993
vt 0.395774 0.684132
vt 0.398150 0.683000
vt 0.397095 0.683073
vt 0.381553 0.171699
vt 0.380616 0.170960
vt 0.380300 0.171948
vt 0.381613 0.544176
vt 0.380616 0.542991
vt 0.381650 0.542902
vt 0.172197 0.543739
vt 0.170960 0.542991
vt 0.170914 0.543980
vt 0.373808 0.195389
vt 0.372950 0.194409
vt 0.373959 0.194085
vt 0.195317 0.680416
vt 0.194409 0.681615
vt 0.195471 0.681655
vt 0.374055 0.680853
vt 0.372950 0.681615
vt 0.372784 0.680657
vt 0.377933 0.198250
vt 0.376804 0.198920
vt 0.377701 0.199527
vt 0.197782 0.539613
vt 0.198920 0.538482
vt 0.197811 0.538423
vt 0.200208 0.539343
vt 0.199196 0.539420
vt 0.370752 0.217799
vt 0.369697 0.218271
vt 0.369644 0.217223
vt 0.370519 0.676672
vt 0.369697 0.677767
vt 0.370571 0.677956
vt 0.216860 0.676942
vt 0.218271 0.677767
vt 0.218275 0.676748
vt 0.402323 0.210145
vt 0.402489 0.211448
vt 0.403382 0.210789
vt 0.401029 0.539343
vt 0.402489 0.538482
vt 0.401459 0.538231
vt 0.403748 0.539613
vt 0.402467 0.539420
vt 0.391338 0.227839
vt 0.391616 0.228962
vt 0.390552 0.228684
vt 0.393028 0.676942
vt 0.391616 0.677767
vt 0.392475 0.678147
vt 0.390309 0.676672
vt 0.391747 0.676748
vt 0.421016 0.190947
vt 0.422175 0.191230
vt 0.421853 0.190170
vt 0.192710 0.543739
vt 0.191230 0.542991
vt 0.192087 0.542593
vt 0.189999 0.544176
vt 0.191417 0.543980
vt 0.407117 0.211635
vt 0.408417 0.211707
vt 0.407790 0.212630
vt 0.210189 0.680853
vt 0.211707 0.681615
vt 0.210713 0.681964
vt 0.212900 0.680416
vt 0.211607 0.680657
vt 0.392717 0.690598
vt 0.392731 0.691949
vt 0.391820 0.691452
vt 0.200339 0.692266
vt 0.198860 0.691949
vt 0.199348 0.691452
vt 0.391058 0.692266
vt 0.392413 0.692632
vt 0.361173 0.263563
vt 0.361760 0.262359
vt 0.362439 0.263209
vt 0.360870 0.261014
vt 0.360673 0.262347
vt 0.363368 0.262233
vt 0.362225 0.261406
vt 0.374033 0.680061
vt 0.372878 0.680752
vt 0.372810 0.679735
vt 0.373434 0.682327
vt 0.373808 0.681294
vt 0.198774 0.680123
vt 0.197416 0.680752
vt 0.198057 0.681338
vt 0.263007 0.720933
vt 0.261704 0.720882
vt 0.261830 0.721651
vt 0.261435 0.719237
vt 0.262490 0.720092
vt 0.260501 0.721442
vt 0.260718 0.720452
vt 0.375059 0.210577
vt 0.373968 0.211280
vt 0.374949 0.211685
vt 0.211081 0.664041
vt 0.211280 0.662636
vt 0.210415 0.663299
vt 0.374617 0.212876
vt 0.373487 0.212041
vt 0.353946 0.713955
vt 0.353238 0.712653
vt 0.352952 0.713601
vt 0.354411 0.711431
vt 0.354101 0.712637
vt 0.266366 0.712793
vt 0.268001 0.712653
vt 0.267327 0.711816
vt 0.394378 0.219999
vt 0.394495 0.221292
vt 0.395281 0.220893
vt 0.392838 0.221763
vt 0.393572 0.220768
vt 0.221939 0.664041
vt 0.221292 0.662636
vt 0.222140 0.663064
vt 0.361853 0.713955
vt 0.362562 0.712653
vt 0.361457 0.712637
vt 0.364128 0.712793
vt 0.363165 0.713601
vt 0.361712 0.711431
vt 0.363066 0.711816
vt 0.212775 0.680061
vt 0.213616 0.680752
vt 0.212735 0.681294
vt 0.215125 0.680123
vt 0.213928 0.679735
vt 0.213438 0.682327
vt 0.214397 0.681338
vt 0.366319 0.720933
vt 0.367829 0.720882
vt 0.367321 0.720093
vt 0.368120 0.267481
vt 0.367829 0.269062
vt 0.367227 0.268496
vt 0.368253 0.719237
vt 0.368594 0.720452
vt 0.447008 0.186123
vt 0.447485 0.185145
vt 0.446415 0.185103
vt 0.186040 0.546726
vt 0.185145 0.545778
vt 0.185962 0.545480
vt 0.446099 0.546726
vt 0.447485 0.545778
vt 0.447534 0.546799
vt 0.435110 0.210517
vt 0.435708 0.209290
vt 0.436362 0.210184
vt 0.434488 0.683000
vt 0.435708 0.683993
vt 0.434601 0.684132
vt 0.436978 0.683000
vt 0.435923 0.683073
vt 0.420381 0.190636
vt 0.419444 0.189898
vt 0.419128 0.190886
vt 0.420441 0.544176
vt 0.419444 0.542991
vt 0.420478 0.542902
vt 0.191135 0.543739
vt 0.189898 0.542991
vt 0.189852 0.543980
vt 0.412636 0.214327
vt 0.411778 0.213347
vt 0.412787 0.213022
vt 0.214255 0.680416
vt 0.213347 0.681615
vt 0.214409 0.681655
vt 0.412883 0.680853
vt 0.411778 0.681615
vt 0.411612 0.680657
vt 0.416761 0.217187
vt 0.415632 0.217858
vt 0.416528 0.218465
vt 0.216719 0.539613
vt 0.217858 0.538482
vt 0.216749 0.538423
vt 0.219146 0.539343
vt 0.218134 0.539420
vt 0.409580 0.236737
vt 0.408525 0.237208
vt 0.408472 0.236160
vt 0.409347 0.676672
vt 0.408525 0.677767
vt 0.409399 0.677956
vt 0.235798 0.676942
vt 0.237208 0.677767
vt 0.237212 0.676748
vt 0.441151 0.229083
vt 0.441317 0.230385
vt 0.442209 0.229726
vt 0.439857 0.539343
vt 0.441317 0.538482
vt 0.440287 0.538231
vt 0.442576 0.539613
vt 0.441295 0.539420
vt 0.430166 0.246777
vt 0.430444 0.247899
vt 0.429380 0.247622
vt 0.431856 0.676942
vt 0.430444 0.677767
vt 0.431303 0.678147
vt 0.429137 0.676672
vt 0.430575 0.676748
vt 0.459844 0.209884
vt 0.461003 0.210167
vt 0.460681 0.209108
vt 0.211647 0.543739
vt 0.210167 0.542991
vt 0.211025 0.542593
vt 0.208936 0.544176
vt 0.210355 0.543980
vt 0.445945 0.230572
vt 0.447245 0.230645
vt 0.446617 0.231567
vt 0.229127 0.680853
vt 0.230645 0.681615
vt 0.229650 0.681964
vt 0.231838 0.680416
vt 0.230545 0.680657
vt 0.431545 0.690598
vt 0.431559 0.691949
vt 0.430648 0.691452
vt 0.219277 0.692266
vt 0.217797 0.691949
vt 0.218285 0.691452
vt 0.429886 0.692266
vt 0.431241 0.692632
vt 0.400001 0.282501
vt 0.400588 0.281297
vt 0.401267 0.282146
vt 0.399698 0.279952
vt 0.399501 0.281285
vt 0.402196 0.281170
vt 0.401053 0.280344
vt 0.412861 0.680061
vt 0.411706 0.680752
vt 0.411638 0.679735
vt 0.412262 0.682327
vt 0.412636 0.681294
vt 0.217711 0.680123
vt 0.216354 0.680752
vt 0.216994 0.681338
vt 0.281945 0.720933
vt 0.280641 0.720882
vt 0.280768 0.721651
vt 0.280373 0.719237
vt 0.281428 0.720092
vt 0.279439 0.721442
vt 0.279656 0.720452
vt 0.413887 0.229515
vt 0.412796 0.230218
vt 0.413777 0.230623
vt 0.230018 0.664041
vt 0.230218 0.662636
vt 0.229353 0.663299
vt 0.413445 0.231814
vt 0.412314 0.230979
vt 0.392773 0.713955
vt 0.392066 0.712653
vt 0.391780 0.713601
vt 0.393239 0.711431
vt 0.392929 0.712637
vt 0.285304 0.712793
vt 0.286939 0.712653
vt 0.286265 0.711816
vt 0.433205 0.238937
vt 0.433323 0.240230
vt 0.434108 0.239830
vt 0.431666 0.240701
vt 0.432400 0.239706
vt 0.240877 0.664041
vt 0.240230 0.662636
vt 0.241078 0.663064
vt 0.400680 0.713955
vt 0.401389 0.712653
vt 0.400285 0.712637
vt 0.402956 0.712793
vt 0.401993 0.713601
vt 0.400540 0.711431
vt 0.401894 0.711816
vt 0.231712 0.680061
vt 0.232553 0.680752
vt 0.231673 0.681294
vt 0.234062 0.680123
vt 0.232866 0.679735
vt 0.232375 0.682327
vt 0.233334 0.681338
vt 0.405147 0.720933
vt 0.406657 0.720882
vt 0.406149 0.720093
vt 0.406948 0.286419
vt 0.406657 0.287999
vt 0.406055 0.287434
vt 0.407081 0.719237
vt 0.407422 0.720452
vt 0.485857 0.205016
vt 0.486322 0.204064
vt 0.485256 0.204013
vt 0.204987 0.547426
vt 0.204064 0.546488
vt 0.204872 0.546178
vt 0.484922 0.547426
vt 0.486322 0.546488
vt 0.486356 0.547511
vt 0.473820 0.229697
vt 0.474425 0.228455
vt 0.475078 0.229353
vt 0.473219 0.664361
vt 0.474425 0.665350
vt 0.473316 0.665474
vt 0.228983 0.664361
vt 0.228455 0.665350
vt 0.227989 0.664446
vt 0.459266 0.209455
vt 0.458322 0.208739
vt 0.458010 0.209715
vt 0.459307 0.544445
vt 0.458322 0.543229
vt 0.459356 0.543164
vt 0.209997 0.543934
vt 0.208739 0.543229
vt 0.208721 0.544215
vt 0.451376 0.233444
vt 0.450524 0.232446
vt 0.451529 0.232131
vt 0.233320 0.661337
vt 0.232446 0.662568
vt 0.233509 0.662576
vt 0.451635 0.661848
vt 0.450524 0.662568
vt 0.450368 0.661619
vt 0.455705 0.235887
vt 0.454572 0.236570
vt 0.455471 0.237170
vt 0.235459 0.539109
vt 0.236570 0.537956
vt 0.235460 0.537925
vt 0.237877 0.538793
vt 0.236868 0.538883
vt 0.448370 0.255753
vt 0.447323 0.256203
vt 0.447266 0.255165
vt 0.448156 0.656956
vt 0.447323 0.658067
vt 0.448195 0.658250
vt 0.254774 0.657272
vt 0.256203 0.658067
vt 0.256183 0.657045
vt 0.480095 0.247782
vt 0.480254 0.249096
vt 0.481147 0.248437
vt 0.478783 0.538793
vt 0.480254 0.537956
vt 0.479227 0.537701
vt 0.481498 0.539109
vt 0.480219 0.538883
vt 0.468956 0.265794
vt 0.469245 0.266896
vt 0.468179 0.266622
vt 0.470668 0.657272
vt 0.469245 0.658067
vt 0.470099 0.658473
vt 0.467953 0.656956
vt 0.469390 0.657045
vt 0.498730 0.228703
vt 0.499876 0.229006
vt 0.499556 0.227944
vt 0.230504 0.543934
vt 0.229006 0.543229
vt 0.229853 0.542802
vt 0.227805 0.544445
vt 0.229218 0.544215
vt 0.484685 0.249690
vt 0.485996 0.249746
vt 0.485367 0.250669
vt 0.248209 0.661848
vt 0.249746 0.662568
vt 0.248760 0.662938
vt 0.250908 0.661337
vt 0.249622 0.661619
vt 0.469881 0.672083
vt 0.469851 0.673429
vt 0.468956 0.672930
vt 0.470666 0.239333
vt 0.469851 0.237833
vt 0.470723 0.238288
vt 0.468168 0.238114
vt 0.469511 0.238531
vt 0.438627 0.301852
vt 0.439191 0.300696
vt 0.439880 0.301525
vt 0.438318 0.299315
vt 0.438113 0.300663
vt 0.440817 0.300534
vt 0.439662 0.299731
vt 0.451537 0.661072
vt 0.450364 0.661732
vt 0.450328 0.660688
vt 0.450876 0.663291
vt 0.451276 0.662318
vt 0.236965 0.660987
vt 0.235649 0.661732
vt 0.236329 0.662257
vt 0.301010 0.695292
vt 0.299703 0.695301
vt 0.299880 0.696087
vt 0.299326 0.693669
vt 0.300438 0.694457
vt 0.298537 0.695973
vt 0.298689 0.694939
vt 0.453113 0.247636
vt 0.452038 0.248312
vt 0.453028 0.248698
vt 0.248201 0.644193
vt 0.248312 0.642805
vt 0.247492 0.643517
vt 0.452692 0.249907
vt 0.451549 0.249097
vt 0.431764 0.687999
vt 0.431095 0.686699
vt 0.430779 0.687671
vt 0.432302 0.685502
vt 0.431960 0.686664
vt 0.303837 0.686926
vt 0.305459 0.686699
vt 0.304733 0.685905
vt 0.472431 0.257058
vt 0.472561 0.258321
vt 0.473325 0.257967
vt 0.470901 0.258788
vt 0.471647 0.257779
vt 0.259054 0.644193
vt 0.258321 0.642805
vt 0.259191 0.643172
vt 0.439671 0.687999
vt 0.440423 0.686699
vt 0.439318 0.686664
vt 0.441986 0.686926
vt 0.440996 0.687671
vt 0.439613 0.685502
vt 0.440955 0.685905
vt 0.250962 0.661072
vt 0.251845 0.661732
vt 0.251001 0.662318
vt 0.253308 0.660987
vt 0.252091 0.660688
vt 0.251766 0.663291
vt 0.252660 0.662257
vt 0.443913 0.695292
vt 0.445427 0.695301
vt 0.444943 0.694457
vt 0.445704 0.305526
vt 0.445427 0.307065
vt 0.444799 0.306549
vt 0.445908 0.693669
vt 0.446210 0.694939
vt 0.480980 0.498321
vt 0.480588 0.499521
vt 0.479934 0.499106
vt 0.482098 0.500300
vt 0.481578 0.499106
vt 0.217532 0.500300
vt 0.216242 0.499521
vt 0.216451 0.500506
vt 0.523751 0.282615
vt 0.522945 0.281375
vt 0.524061 0.281294
vt 0.521565 0.281796
vt 0.522418 0.282363
vt 0.523889 0.280284
vt 0.522516 0.280715
vt 0.469702 0.241864
vt 0.468753 0.242495
vt 0.469333 0.243128
vt 0.241615 0.492736
vt 0.242495 0.491275
vt 0.241417 0.491448
vt 0.244035 0.491501
vt 0.242952 0.492182
vt 0.516931 0.297743
vt 0.515526 0.297833
vt 0.515855 0.296921
vt 0.515617 0.619121
vt 0.515526 0.620621
vt 0.516245 0.620309
vt 0.296214 0.620356
vt 0.297833 0.620621
vt 0.297552 0.619802
vt 0.490174 0.257165
vt 0.490235 0.258549
vt 0.491169 0.258028
vt 0.489175 0.479261
vt 0.490235 0.477932
vt 0.489285 0.478182
vt 0.491841 0.478498
vt 0.490463 0.478713
vt 0.529310 0.613385
vt 0.528993 0.612257
vt 0.528158 0.612911
vt 0.530080 0.611030
vt 0.530043 0.612371
vt 0.527415 0.611793
vt 0.528703 0.611246
vt 0.514106 0.241602
vt 0.515347 0.242219
vt 0.515266 0.241143
vt 0.514877 0.243767
vt 0.514492 0.242861
vt 0.241337 0.479261
vt 0.242219 0.477932
vt 0.242674 0.478713
vt 0.297584 0.613385
vt 0.297660 0.612257
vt 0.298468 0.612371
vt 0.296038 0.611793
vt 0.296750 0.612911
vt 0.298468 0.611030
vt 0.297375 0.611246
vt 0.508424 0.490463
vt 0.509385 0.491275
vt 0.508323 0.491448
vt 0.217350 0.491501
vt 0.216072 0.491275
vt 0.216858 0.490574
vt 0.508514 0.492736
vt 0.509793 0.492182
vt 0.540345 0.282516
vt 0.540997 0.281269
vt 0.541436 0.282251
vt 0.539705 0.620356
vt 0.540997 0.620621
vt 0.540030 0.621183
vt 0.281677 0.619121
vt 0.281269 0.620621
vt 0.280606 0.619802
vt 0.317837 0.217248
vt 0.319242 0.217248
vt 0.319636 0.218408
vt 0.320827 0.217248
vt 0.320827 0.159448
vt 0.319242 0.159448
vt 0.319636 0.158288
vt 0.317837 0.159448
vt 0.783033 0.217248
vt 0.784562 0.217248
vt 0.784081 0.218408
vt 0.784562 0.295047
vt 0.785869 0.296049
vt 0.784081 0.295857
vt 0.784562 0.159448
vt 0.783033 0.159448
vt 0.784081 0.158288
vt 0.365380 0.217248
vt 0.363975 0.217248
vt 0.363581 0.218408
vt 0.362390 0.217248
vt 0.362390 0.159448
vt 0.363975 0.159448
vt 0.363581 0.158288
vt 0.365380 0.159448
vt 0.731324 0.217248
vt 0.729795 0.217248
vt 0.730276 0.218408
vt 0.729795 0.388170
vt 0.728488 0.387168
vt 0.730276 0.387360
vt 0.729795 0.159448
vt 0.731324 0.159448
vt 0.730276 0.158288
vt 0.272839 0.168798
vt 0.274494 0.168798
vt 0.274084 0.169813
vt 0.788995 0.274494
vt 0.788602 0.276090
vt 0.788018 0.274084
vt 0.277619 0.155958
vt 0.276548 0.154348
vt 0.277721 0.154348
vt 0.274560 0.154348
vt 0.276110 0.155226
vt 0.277619 0.152738
vt 0.276110 0.153470
vt 0.274494 0.139898
vt 0.272839 0.139898
vt 0.274084 0.138883
vt 0.747851 0.230832
vt 0.749480 0.230607
vt 0.749785 0.231622
vt 0.749480 0.168798
vt 0.751118 0.168798
vt 0.749785 0.169813
vt 0.746792 0.155958
vt 0.747926 0.154348
vt 0.748360 0.155226
vt 0.746792 0.152738
vt 0.746714 0.154348
vt 0.749926 0.154348
vt 0.748360 0.153470
vt 0.751118 0.139898
vt 0.749480 0.139898
vt 0.749785 0.138883
vt 0.749480 0.230607
vt 0.731823 0.237626
vt 0.732817 0.236352
vt 0.733498 0.237109
vt 0.734188 0.235497
vt 0.233866 0.155958
vt 0.232408 0.154348
vt 0.232621 0.156054
vt 0.233866 0.152738
vt 0.233765 0.154348
vt 0.730802 0.152738
vt 0.729266 0.154348
vt 0.729457 0.152642
vt 0.730802 0.155958
vt 0.730724 0.154348
vt 0.253978 0.168798
vt 0.252323 0.168798
vt 0.252733 0.169813
vt 0.725362 0.252323
vt 0.725755 0.250727
vt 0.726339 0.252733
vt 0.252257 0.154348
vt 0.250269 0.154348
vt 0.250707 0.155226
vt 0.249198 0.152738
vt 0.250707 0.153470
vt 0.249198 0.155958
vt 0.249096 0.154348
vt 0.252323 0.139898
vt 0.253978 0.139898
vt 0.252733 0.138883
vt 0.766506 0.295985
vt 0.764877 0.296210
vt 0.764572 0.295195
vt 0.764877 0.168798
vt 0.763239 0.168798
vt 0.764572 0.169813
vt 0.767565 0.155958
vt 0.766431 0.154348
vt 0.765997 0.155226
vt 0.767565 0.152738
vt 0.767643 0.154348
vt 0.764431 0.154348
vt 0.765997 0.153470
vt 0.763239 0.139898
vt 0.764877 0.139898
vt 0.764572 0.138883
vt 0.782534 0.289191
vt 0.781540 0.290465
vt 0.780859 0.289708
vt 0.780169 0.291320
vt 0.292951 0.155958
vt 0.294409 0.154348
vt 0.294196 0.156054
vt 0.292951 0.152738
vt 0.293052 0.154348
vt 0.783554 0.152738
vt 0.785091 0.154348
vt 0.784900 0.152642
vt 0.783554 0.155958
vt 0.783633 0.154348
vt 0.709084 0.300653
vt 0.707825 0.300732
vt 0.708265 0.301554
vt 0.299727 0.208685
vt 0.300732 0.207551
vt 0.299870 0.207389
vt 0.302107 0.208271
vt 0.300898 0.208564
vt 0.302534 0.223837
vt 0.303895 0.224621
vt 0.303706 0.223715
vt 0.712166 0.304076
vt 0.710672 0.303895
vt 0.711299 0.303113
vt 0.304914 0.223422
vt 0.304796 0.224597
vt 0.728935 0.322700
vt 0.728959 0.324205
vt 0.729802 0.323664
vt 0.727940 0.200874
vt 0.728959 0.199676
vt 0.728117 0.199699
vt 0.730324 0.200460
vt 0.729099 0.200581
vt 0.732017 0.326123
vt 0.731807 0.327368
vt 0.731036 0.326843
vt 0.732852 0.215611
vt 0.731807 0.216746
vt 0.732722 0.216907
vt 0.730468 0.216026
vt 0.731626 0.215733
vt 0.782340 0.234694
vt 0.782550 0.233449
vt 0.781635 0.233911
vt 0.783889 0.208271
vt 0.782550 0.207551
vt 0.783321 0.207096
vt 0.781505 0.208685
vt 0.782731 0.208564
vt 0.785422 0.238117
vt 0.785398 0.236612
vt 0.786240 0.237216
vt 0.784033 0.223837
vt 0.785398 0.224621
vt 0.784555 0.224890
vt 0.786417 0.223422
vt 0.785258 0.223715
vt 0.802191 0.256741
vt 0.803685 0.256922
vt 0.803172 0.256021
vt 0.258283 0.200460
vt 0.256922 0.199676
vt 0.257704 0.199406
vt 0.255903 0.200874
vt 0.257111 0.200581
vt 0.805273 0.260164
vt 0.806532 0.260085
vt 0.805978 0.260947
vt 0.258710 0.216026
vt 0.260085 0.216746
vt 0.259263 0.217200
vt 0.261090 0.215611
vt 0.259919 0.215733
vt 0.735142 0.201485
vt 0.735915 0.202567
vt 0.736619 0.201656
vt 0.734362 0.282715
vt 0.735915 0.283413
vt 0.734765 0.283677
vt 0.736312 0.202848
vt 0.737921 0.201621
vt 0.735142 0.173851
vt 0.735915 0.172769
vt 0.734765 0.172527
vt 0.736312 0.172488
vt 0.736619 0.173680
vt 0.737921 0.173715
vt 0.735915 0.283413
vt 0.736312 0.282778
vt 0.739684 0.277639
vt 0.739195 0.279049
vt 0.738651 0.278230
vt 0.739684 0.280458
vt 0.739969 0.279049
vt 0.738651 0.279867
vt 0.737316 0.279049
vt 0.739969 0.279049
vt 0.738651 0.279867
vt 0.738651 0.278230
vt 0.734765 0.202809
vt 0.734362 0.275382
vt 0.735915 0.274684
vt 0.736312 0.275319
vt 0.735915 0.172769
vt 0.734765 0.274420
vt 0.717898 0.201656
vt 0.718205 0.202848
vt 0.716596 0.201621
vt 0.719375 0.201485
vt 0.718602 0.202567
vt 0.720155 0.275382
vt 0.718602 0.274684
vt 0.719752 0.274420
vt 0.718205 0.172488
vt 0.717898 0.173680
vt 0.716596 0.173715
vt 0.718205 0.275319
vt 0.719375 0.173851
vt 0.718602 0.172769
vt 0.719752 0.172527
vt 0.714833 0.280458
vt 0.715322 0.279049
vt 0.715866 0.279867
vt 0.714833 0.277639
vt 0.714548 0.279049
vt 0.715866 0.278230
vt 0.717201 0.279049
vt 0.714833 0.277639
vt 0.719752 0.202809
vt 0.717898 0.201656
vt 0.720155 0.282715
vt 0.718602 0.283413
vt 0.718205 0.282778
vt 0.718602 0.283413
vt 0.719752 0.283677
vt 0.794982 0.201485
vt 0.795755 0.202567
vt 0.796459 0.201656
vt 0.794202 0.282715
vt 0.795755 0.283413
vt 0.794605 0.283677
vt 0.796152 0.202848
vt 0.797761 0.201621
vt 0.794982 0.173851
vt 0.795755 0.172769
vt 0.794605 0.172527
vt 0.796152 0.172488
vt 0.796459 0.173680
vt 0.797761 0.173715
vt 0.796152 0.282778
vt 0.799524 0.277639
vt 0.799035 0.279049
vt 0.798491 0.278230
vt 0.799524 0.280458
vt 0.799809 0.279049
vt 0.798491 0.279867
vt 0.797156 0.279049
vt 0.798491 0.278230
vt 0.794605 0.202809
vt 0.796152 0.202848
vt 0.794202 0.275382
vt 0.795755 0.274684
vt 0.796152 0.275319
vt 0.794605 0.274420
vt 0.777738 0.201656
vt 0.778045 0.202848
vt 0.776436 0.201621
vt 0.779215 0.201485
vt 0.778442 0.202567
vt 0.779994 0.275382
vt 0.778442 0.274684
vt 0.779592 0.274420
vt 0.778045 0.172488
vt 0.777738 0.173680
vt 0.776436 0.173715
vt 0.778045 0.275319
vt 0.779215 0.173851
vt 0.778442 0.172769
vt 0.779592 0.172527
vt 0.774673 0.280458
vt 0.775162 0.279049
vt 0.775706 0.279867
vt 0.774673 0.277639
vt 0.774388 0.279049
vt 0.775706 0.278230
vt 0.777041 0.279049
vt 0.778442 0.202567
vt 0.779592 0.202809
vt 0.778045 0.202848
vt 0.779994 0.282715
vt 0.778442 0.283413
vt 0.778045 0.282778
vt 0.778442 0.172769
vt 0.778442 0.283413
vt 0.779592 0.283677
vt 0.755590 0.166565
vt 0.757178 0.167733
vt 0.757178 0.166622
vt 0.757178 0.169354
vt 0.756308 0.168077
vt 0.758767 0.166565
vt 0.758049 0.168077
vt 0.755590 0.151651
vt 0.757178 0.150483
vt 0.756308 0.150139
vt 0.758767 0.151651
vt 0.757178 0.151594
vt 0.757178 0.148862
vt 0.758049 0.150139
vt 0.250034 0.166681
vt 0.248200 0.168032
vt 0.248631 0.166589
vt 0.761838 0.166565
vt 0.762088 0.168094
vt 0.762949 0.166681
vt 0.760538 0.249105
vt 0.760647 0.250840
vt 0.759304 0.250290
vt 0.761572 0.247769
vt 0.762088 0.249721
vt 0.248200 0.150184
vt 0.250034 0.151536
vt 0.248631 0.151628
vt 0.762716 0.248200
vt 0.761838 0.151651
vt 0.762088 0.150122
vt 0.760647 0.150139
vt 0.760647 0.168077
vt 0.247337 0.168032
vt 0.245503 0.166681
vt 0.246906 0.166589
vt 0.762088 0.245816
vt 0.762716 0.247337
vt 0.760647 0.244697
vt 0.760538 0.246432
vt 0.759304 0.245247
vt 0.762949 0.151536
vt 0.245503 0.151536
vt 0.247337 0.150184
vt 0.246906 0.151628
vt 0.759476 0.246870
vt 0.759476 0.248667
vt 0.757178 0.246124
vt 0.757178 0.247769
vt 0.754881 0.248667
vt 0.754881 0.246870
vt 0.752785 0.247769
vt 0.757178 0.249413
vt 0.752269 0.245816
vt 0.753819 0.246432
vt 0.245503 0.166681
vt 0.752519 0.166565
vt 0.752269 0.168094
vt 0.751408 0.166681
vt 0.753710 0.244697
vt 0.755053 0.245247
vt 0.245503 0.151536
vt 0.752269 0.245816
vt 0.751641 0.247337
vt 0.753710 0.244697
vt 0.752519 0.151651
vt 0.752269 0.150122
vt 0.753710 0.150139
vt 0.753710 0.168077
vt 0.248200 0.168032
vt 0.250034 0.166681
vt 0.752269 0.249721
vt 0.751641 0.248200
vt 0.753710 0.250840
vt 0.753819 0.249105
vt 0.755053 0.250290
vt 0.751408 0.151536
vt 0.250034 0.151536
vt 0.248200 0.150184
vt 0.723332 0.266450
vt 0.721936 0.266376
vt 0.722432 0.267260
vt 0.265177 0.125461
vt 0.266376 0.124472
vt 0.265550 0.124250
vt 0.267595 0.125461
vt 0.266360 0.125461
vt 0.265177 0.135636
vt 0.266376 0.136624
vt 0.266360 0.135636
vt 0.722522 0.265550
vt 0.267595 0.135636
vt 0.267260 0.136847
vt 0.750616 0.296752
vt 0.750543 0.298148
vt 0.751426 0.297651
vt 0.749344 0.125461
vt 0.750543 0.124472
vt 0.749716 0.124250
vt 0.751762 0.125461
vt 0.750526 0.125461
vt 0.749716 0.297562
vt 0.751762 0.135636
vt 0.750543 0.136624
vt 0.751426 0.136847
vt 0.749344 0.135636
vt 0.750526 0.135636
vt 0.763741 0.230065
vt 0.763814 0.228669
vt 0.762931 0.229166
vt 0.765013 0.125461
vt 0.763814 0.124472
vt 0.764641 0.124250
vt 0.762595 0.125461
vt 0.763830 0.125461
vt 0.764641 0.229255
vt 0.762595 0.135636
vt 0.763814 0.136624
vt 0.762931 0.136847
vt 0.765013 0.135636
vt 0.763830 0.135636
vt 0.791025 0.260367
vt 0.792421 0.260441
vt 0.791925 0.259557
vt 0.261640 0.125461
vt 0.260441 0.124472
vt 0.261267 0.124250
vt 0.259222 0.125461
vt 0.260457 0.125461
vt 0.791835 0.261267
vt 0.259222 0.135636
vt 0.260441 0.136624
vt 0.259557 0.136847
vt 0.261640 0.135636
vt 0.260457 0.135636
vt 0.711579 0.281419
vt 0.710183 0.281346
vt 0.710680 0.282229
vt 0.280146 0.109141
vt 0.281346 0.108152
vt 0.280519 0.107930
vt 0.282565 0.109141
vt 0.281329 0.109141
vt 0.280146 0.124756
vt 0.281346 0.125744
vt 0.281329 0.124756
vt 0.710769 0.280519
vt 0.282565 0.124756
vt 0.282229 0.125967
vt 0.754789 0.329408
vt 0.754716 0.330804
vt 0.755599 0.330307
vt 0.753516 0.109141
vt 0.754716 0.108152
vt 0.753889 0.107930
vt 0.755934 0.109141
vt 0.754699 0.109141
vt 0.753889 0.330218
vt 0.755934 0.124756
vt 0.754716 0.125744
vt 0.755599 0.125967
vt 0.753516 0.124756
vt 0.754699 0.124756
vt 0.759568 0.238209
vt 0.759641 0.236813
vt 0.758758 0.237310
vt 0.760841 0.109141
vt 0.759641 0.108152
vt 0.760468 0.107930
vt 0.758422 0.109141
vt 0.759658 0.109141
vt 0.760468 0.237399
vt 0.758422 0.124756
vt 0.759641 0.125744
vt 0.758758 0.125967
vt 0.760841 0.124756
vt 0.759658 0.124756
vt 0.802778 0.286198
vt 0.804174 0.286271
vt 0.803677 0.285388
vt 0.287471 0.109141
vt 0.286271 0.108152
vt 0.287098 0.107930
vt 0.285052 0.109141
vt 0.286288 0.109141
vt 0.803588 0.287098
vt 0.285052 0.124756
vt 0.286271 0.125744
vt 0.285388 0.125967
vt 0.287471 0.124756
vt 0.286288 0.124756
vt 0.077906 0.294480
vt 0.076961 0.293421
vt 0.076679 0.294392
vt 0.077958 0.438518
vt 0.076961 0.437490
vt 0.077971 0.437308
vt 0.294353 0.438448
vt 0.293421 0.437490
vt 0.293181 0.438468
vt 0.061843 0.834764
vt 0.060766 0.835711
vt 0.060601 0.834715
vt 0.061652 0.293323
vt 0.060766 0.292269
vt 0.061758 0.292117
vt 0.293206 0.834694
vt 0.292269 0.835711
vt 0.293239 0.835924
vt 0.076587 0.313008
vt 0.075502 0.313922
vt 0.076481 0.314214
vt 0.312882 0.438448
vt 0.313922 0.437490
vt 0.312921 0.437259
vt 0.076396 0.438518
vt 0.075502 0.437490
vt 0.075225 0.438468
vt 0.060333 0.311851
vt 0.059307 0.312770
vt 0.059147 0.311767
vt 0.060281 0.834764
vt 0.059307 0.835711
vt 0.060268 0.835974
vt 0.311735 0.834694
vt 0.312770 0.835711
vt 0.312978 0.834715
vt 0.214024 0.304166
vt 0.215050 0.303248
vt 0.214089 0.302956
vt 0.304282 0.444151
vt 0.303248 0.443134
vt 0.304250 0.442921
vt 0.214076 0.444081
vt 0.215050 0.443134
vt 0.215247 0.444131
vt 0.197770 0.303009
vt 0.198855 0.302095
vt 0.198997 0.303096
vt 0.197961 0.840328
vt 0.198855 0.841356
vt 0.197876 0.841537
vt 0.303135 0.840397
vt 0.302095 0.841356
vt 0.301892 0.840377
vt 0.212705 0.322694
vt 0.213591 0.323748
vt 0.213891 0.322779
vt 0.212514 0.444081
vt 0.213591 0.443134
vt 0.212599 0.442872
vt 0.322811 0.444151
vt 0.323748 0.443134
vt 0.323983 0.444131
vt 0.196451 0.321537
vt 0.197396 0.322596
vt 0.196386 0.322747
vt 0.321664 0.840397
vt 0.322596 0.841356
vt 0.321625 0.841587
vt 0.196399 0.840328
vt 0.197396 0.841356
vt 0.197642 0.840377
vt 0.140369 0.299463
vt 0.139390 0.298465
vt 0.139159 0.299452
vt 0.140385 0.297135
vt 0.139390 0.296146
vt 0.140381 0.295924
vt 0.299447 0.297135
vt 0.298465 0.296146
vt 0.298241 0.297135
vt 0.140385 0.453710
vt 0.139390 0.454699
vt 0.139170 0.453710
vt 0.140381 0.298252
vt 0.299447 0.453710
vt 0.298465 0.454699
vt 0.299452 0.454921
vt 0.140215 0.316038
vt 0.139217 0.317017
vt 0.140203 0.317248
vt 0.316022 0.297135
vt 0.317017 0.296146
vt 0.316026 0.295924
vt 0.140199 0.297135
vt 0.139217 0.296146
vt 0.138993 0.297135
vt 0.139004 0.316026
vt 0.140199 0.453710
vt 0.139217 0.454699
vt 0.140203 0.454921
vt 0.316022 0.453710
vt 0.317017 0.454699
vt 0.317237 0.453710
vt 0.195742 0.299979
vt 0.196740 0.299000
vt 0.195754 0.298769
vt 0.299995 0.297135
vt 0.299000 0.296146
vt 0.299991 0.295924
vt 0.195758 0.297135
vt 0.196740 0.296146
vt 0.196964 0.297135
vt 0.196740 0.299000
vt 0.196953 0.299991
vt 0.195758 0.453710
vt 0.196740 0.454699
vt 0.195754 0.454921
vt 0.299995 0.453710
vt 0.299000 0.454699
vt 0.298780 0.453710
vt 0.195588 0.316554
vt 0.196567 0.317552
vt 0.196798 0.316565
vt 0.195572 0.297135
vt 0.196567 0.296146
vt 0.195576 0.295924
vt 0.316570 0.297135
vt 0.317552 0.296146
vt 0.317776 0.297135
vt 0.196567 0.317552
vt 0.195576 0.317765
vt 0.316570 0.453710
vt 0.317552 0.454699
vt 0.316565 0.454921
vt 0.195572 0.453710
vt 0.196567 0.454699
vt 0.196787 0.453710
vt 0.825020 0.334389
vt 0.824115 0.333323
vt 0.823813 0.334290
vt 0.825159 0.561064
vt 0.824115 0.560074
vt 0.825119 0.559853
vt 0.334248 0.561062
vt 0.333323 0.560074
vt 0.333083 0.561062
vt 0.824791 0.837639
vt 0.823745 0.838627
vt 0.823543 0.837638
vt 0.824648 0.334359
vt 0.823745 0.333292
vt 0.824748 0.333152
vt 0.334218 0.837637
vt 0.333292 0.838627
vt 0.334259 0.838848
vt 0.823494 0.352902
vt 0.822427 0.353806
vt 0.823394 0.354109
vt 0.352761 0.561062
vt 0.353806 0.560074
vt 0.352802 0.559852
vt 0.823351 0.561064
vt 0.822427 0.560074
vt 0.822186 0.561062
vt 0.823122 0.352871
vt 0.822056 0.353775
vt 0.821916 0.352772
vt 0.822983 0.837639
vt 0.822056 0.838627
vt 0.823023 0.838850
vt 0.352731 0.837637
vt 0.353775 0.838627
vt 0.353979 0.837638
vt 0.931235 0.343146
vt 0.932301 0.342242
vt 0.931334 0.341939
vt 0.343286 0.561208
vt 0.342242 0.560219
vt 0.343245 0.559997
vt 0.931374 0.561206
vt 0.932301 0.560219
vt 0.932539 0.561208
vt 0.930863 0.343115
vt 0.931930 0.342211
vt 0.932070 0.343215
vt 0.931006 0.837781
vt 0.931930 0.838771
vt 0.930963 0.838992
vt 0.343256 0.837784
vt 0.342211 0.838771
vt 0.342008 0.837783
vt 0.929709 0.361658
vt 0.930612 0.362725
vt 0.930915 0.361758
vt 0.929566 0.561206
vt 0.930612 0.560219
vt 0.929609 0.559995
vt 0.361799 0.561208
vt 0.362725 0.560219
vt 0.362964 0.561208
vt 0.929337 0.361628
vt 0.930242 0.362694
vt 0.929238 0.362834
vt 0.361769 0.837784
vt 0.362694 0.838771
vt 0.361727 0.838994
vt 0.929198 0.837781
vt 0.930242 0.838771
vt 0.930446 0.837783
vt 0.879488 0.341157
vt 0.878436 0.340236
vt 0.878280 0.341237
vt 0.879375 0.460335
vt 0.878436 0.459346
vt 0.879408 0.459124
vt 0.341270 0.460335
vt 0.340236 0.459346
vt 0.340029 0.460335
vt 0.879375 0.568910
vt 0.878436 0.569899
vt 0.878200 0.568910
vt 0.879408 0.339949
vt 0.341270 0.568910
vt 0.340236 0.569899
vt 0.341237 0.570121
vt 0.880587 0.357696
vt 0.879666 0.358748
vt 0.880667 0.358904
vt 0.357809 0.460335
vt 0.358748 0.459346
vt 0.357776 0.459124
vt 0.880701 0.460335
vt 0.879666 0.459346
vt 0.879459 0.460335
vt 0.879666 0.358748
vt 0.879379 0.357776
vt 0.880701 0.568910
vt 0.879666 0.569899
vt 0.880668 0.570121
vt 0.357809 0.568910
vt 0.358748 0.569899
vt 0.358984 0.568910
vt 0.922170 0.338321
vt 0.923091 0.337269
vt 0.922089 0.337113
vt 0.338208 0.460335
vt 0.337269 0.459346
vt 0.338241 0.459124
vt 0.922056 0.460335
vt 0.923091 0.459346
vt 0.923298 0.460335
vt 0.923378 0.338241
vt 0.922056 0.568910
vt 0.923091 0.569899
vt 0.922089 0.570121
vt 0.338208 0.568910
vt 0.337269 0.569899
vt 0.337033 0.568910
vt 0.923269 0.354860
vt 0.924321 0.355781
vt 0.924477 0.354780
vt 0.923382 0.460335
vt 0.924321 0.459346
vt 0.923349 0.459124
vt 0.354747 0.460335
vt 0.355781 0.459346
vt 0.355988 0.460335
vt 0.923349 0.356068
vt 0.354747 0.568910
vt 0.355781 0.569899
vt 0.354780 0.570121
vt 0.923382 0.568910
vt 0.924321 0.569899
vt 0.924557 0.568910
vt 0.862336 0.743166
vt 0.863042 0.743872
vt 0.863504 0.742851
vt 0.861781 0.033924
vt 0.863042 0.032980
vt 0.862021 0.032658
vt 0.742611 0.033924
vt 0.743872 0.032980
vt 0.743941 0.034018
vt 0.762336 0.643166
vt 0.763277 0.644107
vt 0.762183 0.644496
vt 0.643166 0.630591
vt 0.644107 0.631571
vt 0.643013 0.631682
vt 0.762336 0.630591
vt 0.763277 0.631571
vt 0.763667 0.630685
vt 0.868243 0.722101
vt 0.869271 0.721662
vt 0.868613 0.720826
vt 0.722931 0.031564
vt 0.721662 0.030316
vt 0.722817 0.030255
vt 0.720114 0.030975
vt 0.721413 0.031317
vt 0.768243 0.622101
vt 0.769506 0.621897
vt 0.769285 0.622980
vt 0.620670 0.627642
vt 0.621897 0.628907
vt 0.620989 0.628863
vt 0.623486 0.628231
vt 0.621968 0.627983
vt 0.853086 0.706944
vt 0.853290 0.705681
vt 0.852207 0.705902
vt 0.854517 0.026255
vt 0.853290 0.024989
vt 0.854198 0.025034
vt 0.851701 0.025665
vt 0.853219 0.025913
vt 0.753086 0.606944
vt 0.753525 0.605916
vt 0.754361 0.606574
vt 0.752256 0.622332
vt 0.753525 0.623580
vt 0.752370 0.623641
vt 0.755073 0.622921
vt 0.753774 0.622580
vt 0.832021 0.712851
vt 0.831080 0.711910
vt 0.830691 0.713004
vt 0.832021 0.023305
vt 0.831080 0.022325
vt 0.832174 0.022215
vt 0.712851 0.023305
vt 0.711910 0.022325
vt 0.711520 0.023211
vt 0.732021 0.612851
vt 0.731315 0.612145
vt 0.732336 0.611683
vt 0.613406 0.619972
vt 0.612145 0.620917
vt 0.613166 0.621238
vt 0.732576 0.619972
vt 0.731315 0.620917
vt 0.731246 0.619878
vt 0.826114 0.733916
vt 0.824851 0.734120
vt 0.825581 0.735028
vt 0.732531 0.025665
vt 0.734120 0.024989
vt 0.733037 0.024617
vt 0.735347 0.026255
vt 0.734049 0.025913
vt 0.726114 0.633916
vt 0.725086 0.634355
vt 0.725235 0.633200
vt 0.635903 0.622921
vt 0.634355 0.623580
vt 0.635191 0.624058
vt 0.633086 0.622332
vt 0.634604 0.622580
vt 0.841271 0.749073
vt 0.840832 0.750101
vt 0.841987 0.749952
vt 0.839284 0.030975
vt 0.840832 0.030316
vt 0.839996 0.029839
vt 0.842101 0.031564
vt 0.840583 0.031317
vt 0.741271 0.649073
vt 0.741067 0.650336
vt 0.740159 0.649606
vt 0.742656 0.628231
vt 0.741067 0.628907
vt 0.742150 0.629279
vt 0.739840 0.627642
vt 0.741138 0.627983
vt 0.731412 0.599468
vt 0.730493 0.598262
vt 0.730139 0.599197
vt 0.731307 0.555343
vt 0.730493 0.554120
vt 0.731529 0.554179
vt 0.599028 0.554871
vt 0.598262 0.554120
vt 0.597944 0.555009
vt 0.681003 0.734690
vt 0.679657 0.735368
vt 0.679761 0.734357
vt 0.680186 0.588579
vt 0.679657 0.587456
vt 0.680573 0.587424
vt 0.588335 0.734218
vt 0.587456 0.735368
vt 0.588366 0.735520
vt 0.722768 0.640135
vt 0.721438 0.640863
vt 0.722381 0.641290
vt 0.639695 0.554871
vt 0.640863 0.554120
vt 0.639864 0.553845
vt 0.721951 0.555343
vt 0.721438 0.554120
vt 0.720916 0.555009
vt 0.671542 0.629246
vt 0.670602 0.630057
vt 0.670538 0.629033
vt 0.671647 0.734690
vt 0.670602 0.735368
vt 0.671425 0.735854
vt 0.629002 0.734218
vt 0.630057 0.735368
vt 0.630287 0.734357
vt 0.812815 0.616771
vt 0.813755 0.615960
vt 0.812932 0.615558
vt 0.617015 0.579678
vt 0.615960 0.578528
vt 0.616984 0.578376
vt 0.812710 0.579206
vt 0.813755 0.578528
vt 0.813744 0.579540
vt 0.761589 0.605882
vt 0.762919 0.605154
vt 0.762862 0.606153
vt 0.762406 0.758554
vt 0.762919 0.759777
vt 0.761976 0.759718
vt 0.606323 0.759026
vt 0.605154 0.759777
vt 0.605038 0.758888
vt 0.804171 0.657438
vt 0.804700 0.658561
vt 0.805175 0.657651
vt 0.803354 0.579206
vt 0.804700 0.578528
vt 0.803784 0.578042
vt 0.657682 0.579678
vt 0.658561 0.578528
vt 0.658766 0.579540
vt 0.752945 0.646549
vt 0.753864 0.647755
vt 0.752828 0.647762
vt 0.646989 0.759026
vt 0.647755 0.759777
vt 0.646820 0.760051
vt 0.753050 0.758554
vt 0.753864 0.759777
vt 0.754293 0.758888
vt 0.696328 0.626948
vt 0.697505 0.626948
vt 0.697035 0.627851
vt 0.903471 0.626948
vt 0.904502 0.626046
vt 0.903333 0.625672
vt 0.904502 0.627851
vt 0.903333 0.628224
vt 0.666548 0.627753
vt 0.666548 0.626143
vt 0.665579 0.626948
vt 0.742019 0.628224
vt 0.741018 0.626948
vt 0.740699 0.627753
vt 0.742019 0.625672
vt 0.741933 0.626948
vt 0.607336 0.719527
vt 0.607524 0.720556
vt 0.606598 0.720127
vt 0.877721 0.607781
vt 0.879067 0.608334
vt 0.878073 0.609008
vt 0.878570 0.606598
vt 0.877369 0.606554
vt 0.647777 0.645670
vt 0.649325 0.645670
vt 0.648681 0.644527
vt 0.647009 0.646479
vt 0.648505 0.646251
vt 0.736988 0.649463
vt 0.735698 0.648505
vt 0.736432 0.648295
vt 0.853755 0.626948
vt 0.852815 0.626948
vt 0.853135 0.626046
vt 0.851972 0.626948
vt 0.853135 0.627851
vt 0.852110 0.628224
vt 0.852110 0.625672
vt 0.630554 0.626143
vt 0.630554 0.627754
vt 0.631784 0.626948
vt 0.629462 0.625672
vt 0.629950 0.626948
vt 0.629462 0.628224
vt 0.629114 0.626948
vt 0.607336 0.534370
vt 0.607524 0.533341
vt 0.608334 0.533769
vt 0.879067 0.608334
vt 0.649325 0.608226
vt 0.647777 0.608226
vt 0.648681 0.609370
vt 0.735760 0.649325
vt 0.736284 0.647009
vt 0.720842 0.028645
vt 0.507178 0.027445
vt 0.507178 0.028645
vt 0.720679 0.874800
vt 0.507178 0.926245
vt 0.507178 0.927423
vt 0.714647 0.125251
vt 0.507178 0.126451
vt 0.714330 0.126451
vt 0.507178 0.913761
vt 0.713718 0.861537
vt 0.714330 0.862702
vt 0.885558 0.028645
vt 0.720679 0.027445
vt 0.885270 0.728986
vt 0.720132 0.873757
vt 0.874025 0.126451
vt 0.874587 0.125251
vt 0.872943 0.720477
vt 0.874025 0.721225
vt 0.729185 0.028645
vt 0.523385 0.027445
vt 0.728986 0.027445
vt 0.963244 0.523385
vt 0.884300 0.728316
vt 0.721612 0.125251
vt 0.521738 0.126451
vt 0.521820 0.125251
vt 0.948375 0.521579
vt 0.949681 0.521738
vt 0.304973 0.028645
vt 0.523427 0.028645
vt 0.936739 0.305098
vt 0.962074 0.523243
vt 0.309943 0.126451
vt 0.309701 0.125251
vt 0.922734 0.310409
vt 0.923964 0.309943
vt 0.123869 0.028645
vt 0.305098 0.027445
vt 0.811827 0.124132
vt 0.935637 0.305516
vt 0.133848 0.125251
vt 0.134358 0.126451
vt 0.801894 0.135343
vt 0.802767 0.134358
vt 0.617208 0.028645
vt 0.811827 0.027445
vt 0.812060 0.028645
vt 0.617124 0.021943
vt 0.811045 0.125014
vt 0.803219 0.125251
vt 0.613854 0.126451
vt 0.614017 0.125251
vt 0.613539 0.036487
vt 0.613854 0.035209
vt 0.397149 0.028645
vt 0.617124 0.027445
vt 0.397233 0.021943
vt 0.616842 0.023088
vt 0.400503 0.126451
vt 0.400340 0.125251
vt 0.400818 0.036487
vt 0.400503 0.035209
vt 0.202297 0.028645
vt 0.397233 0.027445
vt 0.202530 0.124132
vt 0.397515 0.023088
vt 0.211590 0.126451
vt 0.211138 0.125251
vt 0.212463 0.135343
vt 0.211590 0.134358
vt 0.124132 0.027445
vt 0.077618 0.305098
vt 0.203312 0.125014
vt 0.091623 0.310409
vt 0.090393 0.309943
vt 0.051113 0.523385
vt 0.078720 0.305516
vt 0.065982 0.521579
vt 0.064676 0.521738
vt 0.129087 0.728986
vt 0.052283 0.523243
vt 0.721225 0.126451
vt 0.141414 0.720477
vt 0.140332 0.721225
vt 0.128799 0.028645
vt 0.293678 0.027445
vt 0.129087 0.027445
vt 0.293678 0.874800
vt 0.130057 0.728316
vt 0.139770 0.125251
vt 0.300027 0.126451
vt 0.299710 0.125251
vt 0.300639 0.861537
vt 0.300027 0.862702
vt 0.293515 0.028645
vt 0.294225 0.873757
vt 0.507178 0.125251
vt 0.507178 0.912445
vt 0.660252 0.098660
vt 0.507178 0.097450
vt 0.507178 0.098660
vt 0.660056 0.837088
vt 0.507178 0.866263
vt 0.507178 0.867497
vt 0.507178 0.145236
vt 0.660056 0.146447
vt 0.660252 0.145236
vt 0.659584 0.835947
vt 0.789660 0.097450
vt 0.660056 0.097450
vt 0.788787 0.749617
vt 0.789660 0.146447
vt 0.790021 0.145236
vt 0.789660 0.750490
vt 0.621082 0.098660
vt 0.750490 0.097450
vt 0.750851 0.098660
vt 0.876258 0.620886
vt 0.750851 0.145236
vt 0.620886 0.146447
vt 0.621082 0.145236
vt 0.875117 0.620414
vt 0.468009 0.098660
vt 0.620886 0.097450
vt 0.906667 0.468009
vt 0.468009 0.146447
vt 0.468009 0.145236
vt 0.905433 0.468009
vt 0.314935 0.098660
vt 0.468009 0.097450
vt 0.876258 0.315131
vt 0.315131 0.146447
vt 0.314935 0.145236
vt 0.875117 0.315603
vt 0.185527 0.097450
vt 0.315131 0.097450
vt 0.788787 0.186400
vt 0.185527 0.146447
vt 0.185166 0.145236
vt 0.789660 0.185527
vt 0.790021 0.098660
vt 0.660056 0.098929
vt 0.659584 0.100070
vt 0.507178 0.068520
vt 0.507178 0.146447
vt 0.507178 0.069754
vt 0.354105 0.098660
vt 0.354301 0.098929
vt 0.354301 0.146447
vt 0.354105 0.145236
vt 0.354773 0.100070
vt 0.224697 0.097450
vt 0.354301 0.097450
vt 0.225570 0.186400
vt 0.224697 0.146447
vt 0.224336 0.145236
vt 0.224697 0.185527
vt 0.185166 0.098660
vt 0.138099 0.315131
vt 0.139240 0.315603
vt 0.107690 0.468009
vt 0.108924 0.468009
vt 0.138099 0.620886
vt 0.139240 0.620414
vt 0.225570 0.749617
vt 0.750490 0.146447
vt 0.224697 0.750490
vt 0.224336 0.098660
vt 0.354301 0.837088
vt 0.354773 0.835947
vt 0.785490 0.640097
vt 0.527814 0.012018
vt 0.874213 0.523204
vt 0.523204 0.140816
vt 0.522926 0.139579
vt 0.935990 0.767962
vt 0.785264 0.013294
vt 0.780144 0.637192
vt 0.930497 0.151811
vt 0.779873 0.139674
vt 0.780144 0.140883
vt 1.031911 0.655529
vt 0.767812 0.023081
vt 0.932201 0.763203
vt 0.650919 0.151878
vt 0.763568 0.150697
vt 0.763203 0.151878
vt 0.881411 0.527663
vt 1.031764 0.023013
vt 1.026270 0.649215
vt 1.026270 0.151811
vt 1.026644 0.150602
vt 0.424799 0.775995
vt 0.561639 0.004036
vt 0.828798 0.005235
vt 0.568172 0.811505
vt 0.431332 0.131739
vt 0.758703 0.130540
vt 0.423730 0.005235
vt 0.353500 0.958358
vt 0.776681 0.004207
vt 0.429772 0.759662
vt 0.941339 0.159689
vt 0.359542 0.158662
vt 0.959317 0.033356
vt 0.491040 1.012439
vt 0.354200 0.032158
vt 0.360733 0.942892
vt 0.497573 0.159860
vt 1.011773 0.033185
vt 0.996014 0.158662
vt 0.562340 0.830076
vt 1.011754 0.031987
vt 0.499133 0.994735
vt 0.813058 0.131910
vt 0.169256 0.492326
vt 0.638812 0.002804
vt 0.164286 0.004001
vt 0.640714 0.129046
vt 0.184127 0.639510
vt 0.493024 0.130242
vt 0.189097 0.129046
vt 0.491123 0.004001
vt -0.025978 0.484297
vt 0.168103 0.002992
vt 0.188089 0.491773
vt -0.005992 0.160904
vt 0.484947 0.159896
vt -0.026985 0.034851
vt -0.032331 0.631952
vt 0.485465 0.033655
vt -0.007229 0.486163
vt 0.632649 0.161092
vt -0.012575 0.159896
vt 0.633168 0.034851
vt 0.162903 0.639981
vt -0.031178 0.033467
vt -0.011192 0.633901
vt 0.182889 0.130430
vt 0.370272 0.176009
vt 0.230102 0.004190
vt 0.219379 0.005389
vt 0.235367 0.236086
vt 0.375538 0.131924
vt 0.192716 0.130725
vt 0.371480 0.005389
vt 0.314169 -0.011637
vt 0.376345 0.191731
vt 0.319035 0.158507
vt -0.012621 0.033171
vt 0.172490 0.030425
vt 0.317926 0.004793
vt 0.047840 0.158507
vt 0.171382 0.033171
vt 0.228593 0.218071
vt 0.176948 0.049148
vt 0.745147 0.260482
vt 0.141900 0.020432
vt 0.260755 0.021657
vt 0.260482 0.020432
vt 0.662091 0.139649
vt 0.258231 0.149372
vt 0.905801 0.145257
vt 0.746838 0.020396
vt 0.906125 0.015770
vt 0.905801 0.014560
vt 0.749936 0.258499
vt 0.908899 0.143500
vt 0.819913 0.024984
vt 0.143566 0.014524
vt 0.024668 0.015720
vt 0.024984 0.014524
vt 0.909166 0.141315
vt 0.022459 0.142239
vt 0.659260 0.140209
vt 0.818223 0.014560
vt 0.658994 0.021606
vt 0.659260 0.020396
vt 0.821321 0.022465
vt 0.662358 0.149336
vt 0.288003 0.247494
vt 0.243017 0.472060
vt 0.287000 0.075653
vt 0.279687 0.586087
vt 0.810612 0.614676
vt 0.243906 -0.041955
vt 0.235704 0.613052
vt 0.473674 -0.041643
vt 0.237087 0.615038
vt 0.888987 0.578244
vt 0.733173 -0.076594
vt 0.778458 0.325405
vt 0.777270 0.324986
vt 0.549930 -0.076979
vt 0.726354 0.888523
vt 0.727552 0.888482
vt 0.770451 0.695851
vt 0.771558 0.695539
vt 0.068086 -0.009926
vt 0.115371 0.301678
vt 0.250562 0.992023
vt 0.250615 0.993278
vt 0.227409 0.372254
vt 0.251656 0.991926
vt 0.299866 -0.015514
vt 0.117026 0.245069
vt 0.330103 0.995096
vt 0.251671 0.356996
vt 0.251979 0.993965
vt 0.250908 0.994211
vt 0.116010 -0.011440
vt 0.069324 0.215859
vt 0.228037 0.999967
vt 0.067253 -0.001778
vt 0.202760 1.003018
vt 0.328701 1.001985
vt 0.245069 0.003810
vt 0.018313 0.299866
vt 0.356996 1.001200
vt 0.201704 0.330103
vt 0.019427 0.000905
vt 0.201018 0.999946
vt 0.019329 -0.000263
vt 0.225338 0.996330
vt 0.202426 0.358807
vt 0.978839 0.005566
vt 1.025667 0.420250
vt 0.819624 0.866909
vt 0.359854 0.865960
vt 0.418437 0.014175
vt 0.331545 0.865654
vt 0.820670 0.358469
vt 1.026138 0.012223
vt 0.821420 0.864444
vt 1.026304 0.011052
vt 0.980073 0.334343
vt 0.797266 0.859799
vt 0.819957 0.329731
vt 0.978022 -0.000680
vt 0.931193 0.361770
vt 0.772342 0.853955
vt 0.772229 0.855198
vt 0.795214 0.316270
vt 0.771258 0.853782
vt 0.363584 -0.009289
vt 0.929550 0.418437
vt 0.358469 0.856453
vt 0.771184 0.331545
vt 0.770936 0.855298
vt 0.771997 0.855581
vt 0.930556 -0.006167
vt 0.794588 0.862309
vt 0.615889 0.005153
vt 0.583156 1.075803
vt 0.583354 1.074735
vt 0.584459 1.074586
vt 0.959819 0.002118
vt 0.709928 1.070375
vt 0.584222 0.736390
vt 0.707804 1.068684
vt 0.664286 -0.007664
vt 0.664255 -0.008750
vt 0.560283 1.066184
vt 0.614928 -0.016583
vt 0.567147 0.904114
vt 0.534740 1.067421
vt 0.708864 1.066264
vt 0.905897 -0.013548
vt 0.565533 0.959819
vt 0.736390 1.072848
vt 0.533675 0.709928
vt 0.961913 -0.001393
vt 0.566562 -0.002680
vt 0.534435 1.073249
vt 0.557614 1.077039
vt 0.229516 0.351716
vt 0.229359 0.344570
vt 0.795986 0.352903
vt 0.794913 0.353104
vt 0.345964 0.819031
vt 0.227813 0.941009
vt 0.793774 0.804337
vt 0.353507 0.812295
vt 0.792327 0.350516
vt 0.225765 0.347871
vt 0.339291 0.931928
vt 0.793545 0.340685
vt 0.349265 0.803214
vt 0.792354 0.803424
vt 0.226957 0.338040
vt 0.226044 0.933051
vt 0.335060 0.941009
vt 0.795614 0.812295
vt 0.228265 0.335666
vt 0.229556 0.335465
vt 0.342611 0.947745
vt 0.796024 0.337060
vt 0.797122 0.344005
vt 0.337060 0.814112
vt 0.363402 0.776667
vt 0.358158 0.775456
vt 0.363197 0.974453
vt 0.363402 0.973243
vt 0.339131 0.775456
vt 0.363803 0.339131
vt 0.361547 0.973243
vt 0.360293 0.775456
vt 0.354064 0.974453
vt 0.352810 0.776667
vt 0.350554 0.339131
vt 0.339131 0.974453
vt 0.351160 0.775456
vt 0.350955 0.776667
vt 0.350955 0.973243
vt 0.356199 0.974453
vt 0.663402 0.776667
vt 0.658158 0.775456
vt 0.663197 0.974453
vt 0.663402 0.973243
vt 0.663803 0.339131
vt 0.661547 0.973243
vt 0.660293 0.775456
vt 0.654064 0.974453
vt 0.652810 0.776667
vt 0.650554 0.339131
vt 0.651160 0.775456
vt 0.650955 0.776667
vt 0.650955 0.973243
vt 0.656199 0.974453
vt 0.325495 0.674955
vt 0.324009 0.726370
vt 0.324009 0.674955
vt 0.322522 0.674955
vt 0.674954 0.724218
vt 0.680923 0.674955
vt 0.682037 0.674955
vt 0.672470 0.723489
vt 0.679449 0.674955
vt 0.658519 0.719392
vt 0.663434 0.674955
vt 0.664908 0.674955
vt 0.657104 0.718977
vt 0.662320 0.674955
vt 0.322522 0.716611
vt 0.325495 0.716611
vt 0.656036 0.718663
vt 0.673885 0.723904
vt 0.325495 0.726270
vt 0.324009 0.773620
vt 0.322522 0.773428
vt 0.322522 0.726270
vt 0.654279 0.769490
vt 0.653342 0.768888
vt 0.638629 0.759433
vt 0.637692 0.758831
vt 0.324009 0.754701
vt 0.324009 0.716511
vt 0.652101 0.768091
vt 0.325495 0.812608
vt 0.325495 0.773428
vt 0.324009 0.812877
vt 0.621686 0.807104
vt 0.620957 0.806262
vt 0.610470 0.794159
vt 0.639869 0.760230
vt 0.608775 0.792203
vt 0.322522 0.786699
vt 0.322522 0.754893
vt 0.324009 0.786430
vt 0.325495 0.754893
vt 0.582843 0.325495
vt 0.626689 0.324009
vt 0.626456 0.325495
vt 0.582843 0.322522
vt 0.626456 0.322522
vt 0.579817 0.834012
vt 0.578742 0.831657
vt 0.619991 0.805148
vt 0.572089 0.817090
vt 0.609504 0.793045
vt 0.568601 0.322522
vt 0.603772 0.324009
vt 0.604005 0.322522
vt 0.568453 0.324009
vt 0.604005 0.325495
vt 0.571627 0.816077
vt 0.572702 0.818431
vt 0.579355 0.832999
vt 0.533100 0.325495
vt 0.582991 0.324009
vt 0.533150 0.324008
vt 0.531905 0.846931
vt 0.529416 0.829620
vt 0.529257 0.828517
vt 0.528221 0.322522
vt 0.528170 0.324009
vt 0.568601 0.325495
vt 0.481257 0.325495
vt 0.481206 0.324008
vt 0.533100 0.322522
vt 0.482294 0.848033
vt 0.532063 0.848033
vt 0.482452 0.846931
vt 0.531695 0.845471
vt 0.484731 0.831079
vt 0.529626 0.831079
vt 0.485099 0.828517
vt 0.486187 0.324009
vt 0.528221 0.325495
vt 0.482662 0.845471
vt 0.431514 0.325495
vt 0.431366 0.324009
vt 0.481257 0.322522
vt 0.435002 0.832999
vt 0.435615 0.831657
vt 0.441655 0.818431
vt 0.484941 0.829620
vt 0.442268 0.817090
vt 0.445756 0.322522
vt 0.486136 0.322522
vt 0.445756 0.325495
vt 0.486136 0.325495
vt 0.434540 0.834012
vt 0.387668 0.324009
vt 0.431514 0.322522
vt 0.392671 0.807104
vt 0.394366 0.805148
vt 0.404853 0.793045
vt 0.442730 0.816077
vt 0.410585 0.324009
vt 0.445904 0.324009
vt 0.324009 0.812877
vt 0.325495 0.812608
vt 0.322522 0.812608
vt 0.360078 0.769490
vt 0.393400 0.806262
vt 0.362256 0.768091
vt 0.403887 0.794159
vt 0.375728 0.759433
vt 0.405582 0.792203
vt 0.325495 0.786699
vt 0.324009 0.726370
vt 0.339403 0.724218
vt 0.361015 0.768888
vt 0.341887 0.723489
vt 0.374488 0.760230
vt 0.357253 0.718977
vt 0.376665 0.758831
vt 0.358321 0.718663
vt 0.325495 0.726270
vt 0.322522 0.726270
vt 0.333434 0.674955
vt 0.340472 0.723904
vt 0.334908 0.674955
vt 0.349449 0.674955
vt 0.355838 0.719392
vt 0.352037 0.674955
vt 0.350923 0.674955
vt 0.325495 0.623640
vt 0.324009 0.623539
vt 0.339403 0.625692
vt 0.332320 0.674955
vt 0.341887 0.626421
vt 0.355838 0.630517
vt 0.357253 0.630933
vt 0.324009 0.633398
vt 0.325495 0.633298
vt 0.340472 0.626005
vt 0.325495 0.576482
vt 0.324009 0.576289
vt 0.322522 0.623640
vt 0.360078 0.580419
vt 0.361015 0.581021
vt 0.375728 0.590477
vt 0.376665 0.591079
vt 0.358321 0.631246
vt 0.322522 0.633298
vt 0.324009 0.595209
vt 0.325495 0.595017
vt 0.374488 0.589680
vt 0.362256 0.581819
vt 0.324009 0.537033
vt 0.322522 0.576482
vt 0.393400 0.543647
vt 0.394366 0.544762
vt 0.404853 0.556865
vt 0.322522 0.595017
vt 0.324009 0.563480
vt 0.403887 0.555750
vt 0.387668 0.324009
vt 0.387901 0.325495
vt 0.387901 0.322522
vt 0.434540 0.515898
vt 0.392671 0.542806
vt 0.435002 0.516911
vt 0.442268 0.532820
vt 0.405582 0.557707
vt 0.410352 0.322522
vt 0.410585 0.324009
vt 0.410352 0.325495
vt 0.441655 0.531479
vt 0.435615 0.518252
vt 0.481257 0.325495
vt 0.481206 0.324009
vt 0.482452 0.502979
vt 0.484941 0.520290
vt 0.442730 0.533833
vt 0.486136 0.322522
vt 0.486136 0.325495
vt 0.482662 0.504438
vt 0.482293 0.501876
vt 0.533150 0.324009
vt 0.481257 0.322522
vt 0.532063 0.501876
vt 0.531905 0.502979
vt 0.529626 0.518830
vt 0.484731 0.518830
vt 0.529416 0.520290
vt 0.485099 0.521392
vt 0.486187 0.324009
vt 0.529257 0.521392
vt 0.531695 0.504438
vt 0.533100 0.322522
vt 0.579817 0.515898
vt 0.579355 0.516911
vt 0.572089 0.532820
vt 0.571627 0.533833
vt 0.578742 0.518252
vt 0.620957 0.543647
vt 0.610470 0.555750
vt 0.572702 0.531479
vt 0.608775 0.557706
vt 0.609504 0.556865
vt 0.621686 0.542806
vt 0.325495 0.537301
vt 0.324009 0.576289
vt 0.322522 0.537301
vt 0.654279 0.580419
vt 0.653342 0.581021
vt 0.619991 0.544762
vt 0.638629 0.590477
vt 0.324009 0.563480
vt 0.322522 0.563211
vt 0.325495 0.563211
vt 0.637692 0.591079
vt 0.652101 0.581819
vt 0.325495 0.623639
vt 0.325495 0.576482
vt 0.322522 0.623639
vt 0.322522 0.576482
vt 0.674954 0.625691
vt 0.673885 0.626005
vt 0.658519 0.630517
vt 0.639869 0.589680
vt 0.656036 0.631246
vt 0.324009 0.633398
vt 0.324009 0.595209
vt 0.657104 0.630932
vt 0.324009 0.623539
vt 0.672470 0.626421
vt 0.325495 0.633298
vt 0.322522 0.633298
vt 0.327497 0.674955
vt 0.326008 0.708574
vt 0.326008 0.674955
vt 0.324520 0.674955
vt 0.594720 0.706817
vt 0.599221 0.674955
vt 0.600338 0.674955
vt 0.592278 0.705929
vt 0.597740 0.674955
vt 0.588217 0.674955
vt 0.581938 0.702165
vt 0.586736 0.674955
vt 0.585619 0.674955
vt 0.324520 0.700148
vt 0.327497 0.700148
vt 0.593670 0.706435
vt 0.327497 0.708452
vt 0.326008 0.738139
vt 0.324520 0.737910
vt 0.324520 0.708452
vt 0.578543 0.734836
vt 0.577687 0.734118
vt 0.569258 0.727046
vt 0.583330 0.702672
vt 0.568123 0.726093
vt 0.580889 0.701783
vt 0.324520 0.722302
vt 0.326008 0.700026
vt 0.327497 0.722302
vt 0.567267 0.725375
vt 0.576552 0.733166
vt 0.556149 0.327497
vt 0.582478 0.326008
vt 0.582205 0.327497
vt 0.556149 0.324520
vt 0.582205 0.324520
vt 0.553200 0.754666
vt 0.552459 0.753383
vt 0.546957 0.743854
vt 0.546399 0.742886
vt 0.544008 0.324520
vt 0.563332 0.326008
vt 0.563605 0.324520
vt 0.544008 0.327497
vt 0.563605 0.327497
vt 0.524186 0.327497
vt 0.556327 0.326008
vt 0.524186 0.324520
vt 0.523355 0.766699
vt 0.553758 0.755633
vt 0.523161 0.765599
vt 0.547698 0.745136
vt 0.520994 0.753304
vt 0.520800 0.752204
vt 0.519969 0.324520
vt 0.543830 0.326008
vt 0.519969 0.327497
vt 0.521251 0.754762
vt 0.522904 0.764140
vt 0.490109 0.326008
vt 0.524248 0.326008
vt 0.490171 0.324520
vt 0.491195 0.765599
vt 0.493106 0.754762
vt 0.493363 0.753304
vt 0.494388 0.324520
vt 0.519907 0.326008
vt 0.494449 0.326008
vt 0.493557 0.752204
vt 0.491453 0.764140
vt 0.458208 0.327497
vt 0.490171 0.327497
vt 0.458208 0.324520
vt 0.491002 0.766699
vt 0.461157 0.754666
vt 0.461898 0.753383
vt 0.466659 0.745136
vt 0.467958 0.742886
vt 0.470527 0.326008
vt 0.494388 0.327497
vt 0.467400 0.743854
vt 0.460599 0.755633
vt 0.431879 0.326008
vt 0.458030 0.326008
vt 0.436670 0.734119
vt 0.437805 0.733166
vt 0.445099 0.727046
vt 0.446234 0.726093
vt 0.450752 0.324520
vt 0.470349 0.324520
vt 0.450752 0.327497
vt 0.470349 0.327497
vt 0.327497 0.737910
vt 0.435814 0.734837
vt 0.420687 0.706435
vt 0.422079 0.705929
vt 0.431027 0.702672
vt 0.433468 0.701783
vt 0.447090 0.725375
vt 0.326008 0.722073
vt 0.432419 0.702165
vt 0.419637 0.706817
vt 0.414019 0.674955
vt 0.416617 0.674955
vt 0.427621 0.674955
vt 0.428738 0.674955
vt 0.415136 0.674955
vt 0.326008 0.641335
vt 0.420687 0.643474
vt 0.422079 0.643981
vt 0.431027 0.647238
vt 0.426140 0.674955
vt 0.432419 0.647745
vt 0.324520 0.649762
vt 0.327497 0.649762
vt 0.433468 0.648126
vt 0.419637 0.643092
vt 0.327497 0.641457
vt 0.326008 0.611771
vt 0.324520 0.612000
vt 0.324520 0.641457
vt 0.436670 0.615791
vt 0.446234 0.623816
vt 0.324520 0.627607
vt 0.326008 0.649884
vt 0.327497 0.627607
vt 0.445099 0.622864
vt 0.435814 0.615073
vt 0.432152 0.327497
vt 0.431879 0.326008
vt 0.432152 0.324520
vt 0.460599 0.594276
vt 0.461898 0.596527
vt 0.437805 0.616743
vt 0.467400 0.606056
vt 0.467958 0.607023
vt 0.447089 0.624534
vt 0.450752 0.324520
vt 0.451025 0.326008
vt 0.450752 0.327497
vt 0.491002 0.583211
vt 0.461157 0.595244
vt 0.491453 0.585769
vt 0.493106 0.595147
vt 0.466659 0.604773
vt 0.493557 0.597706
vt 0.524186 0.327497
vt 0.490171 0.327497
vt 0.523161 0.584311
vt 0.491195 0.584311
vt 0.521251 0.595147
vt 0.493363 0.596606
vt 0.520994 0.596606
vt 0.519969 0.324520
vt 0.522904 0.585769
vt 0.523355 0.583211
vt 0.524186 0.324520
vt 0.553758 0.594276
vt 0.553200 0.595244
vt 0.547698 0.604773
vt 0.546957 0.606056
vt 0.520800 0.597706
vt 0.519969 0.327497
vt 0.578543 0.615073
vt 0.577687 0.615791
vt 0.552459 0.596527
vt 0.568123 0.623816
vt 0.546399 0.607023
vt 0.567267 0.624534
vt 0.569258 0.622864
vt 0.327497 0.612000
vt 0.324520 0.612000
vt 0.593670 0.643474
vt 0.592278 0.643981
vt 0.576552 0.616743
vt 0.581938 0.647745
vt 0.326008 0.627836
vt 0.594720 0.643092
vt 0.583330 0.647238
vt 0.542901 0.332296
vt 0.543152 0.333507
vt 0.542901 0.323721
vt 0.333507 0.821115
vt 0.332296 0.821366
vt 0.323721 0.821366
vt 0.596856 0.332296
vt 0.596605 0.333507
vt 0.596856 0.323721
vt 0.333507 0.745993
vt 0.332296 0.745743
vt 0.322510 0.745993
vt 0.456850 0.745550
vt 0.471205 0.333507
vt 0.471205 0.322510
vt 0.471456 0.323721
vt 0.455196 0.745993
vt 0.323721 0.745743
vt 0.432107 0.821558
vt 0.417501 0.332296
vt 0.417752 0.322510
vt 0.417501 0.323721
vt 0.322510 0.821115
vt 0.471456 0.332296
vt 0.332296 0.528544
vt 0.333507 0.528794
vt 0.322510 0.528794
vt 0.417501 0.332296
vt 0.417752 0.333507
vt 0.417501 0.323721
vt 0.332296 0.604167
vt 0.333507 0.603916
vt 0.322510 0.603916
vt 0.543152 0.322510
vt 0.323721 0.604167
vt 0.596605 0.322510
vt 0.323721 0.528544
vt 0.172197 0.442413
vt 0.161695 0.444686
vt 0.265023 0.870245
vt 0.265079 0.871471
vt 0.254577 0.340655
vt 0.330985 0.442285
vt 0.168778 0.318353
vt 0.318353 0.872212
vt 0.261079 0.871098
vt 0.167228 0.443488
vt 0.247128 0.875357
vt 0.317142 0.874439
vt 0.153277 0.447747
vt 0.318353 0.446634
vt 0.330985 0.876561
vt 0.149334 0.448601
vt 0.149278 0.447374
vt 0.159780 0.340655
vt 0.241704 0.875293
vt 0.252662 0.874159
vt 0.242159 0.332848
vt 0.891100 0.508627
vt 0.880702 0.504987
vt 0.806506 0.875578
vt 0.806035 0.876712
vt 0.795564 0.400655
vt 0.390985 0.507537
vt 0.887763 0.378353
vt 0.378353 0.875926
vt 0.802575 0.874672
vt 0.377142 0.507721
vt 0.886219 0.506259
vt 0.873276 0.377201
vt 0.788138 0.872586
vt 0.801081 0.377201
vt 0.377142 0.871125
vt 0.871782 0.504174
vt 0.378353 0.502919
vt 0.390985 0.871308
vt 0.786594 0.378353
vt 0.867851 0.503267
vt 0.868322 0.502133
vt 0.878793 0.400655
vt 0.783257 0.870218
vt 0.793655 0.873858
vt 0.783184 0.392848
vt 0.330292 -0.028161
vt 0.434545 0.446389
vt 0.390170 0.243280
vt 0.338946 -0.026794
vt 0.388676 0.449873
vt 0.407769 -0.043079
vt 0.376701 -0.033026
vt 0.407769 0.312913
vt 0.248445 0.444799
vt 0.217108 0.435944
vt 0.310900 -0.043568
vt 0.171264 0.427394
vt 0.468333 0.215095
vt 0.462644 0.425938
vt 0.401643 -0.051847
vt 0.363549 0.241437
vt 0.423427 0.427177
vt 0.461520 0.169440
vt 0.361394 -0.051630
vt 0.319526 0.255319
vt 0.379404 0.435456
vt 0.421272 0.145371
vt 0.159926 0.434480
vt 0.318336 -0.042187
vt 0.256818 -0.043080
vt 0.202457 0.445998
vt 0.300391 -0.032635
vt 0.328442 0.337928
vt 0.242124 0.450863
vt 0.364053 0.204586
vt 0.403897 0.341315
vt 0.403897 0.287152
vt 0.466460 0.222569
vt 0.403897 0.392582
vt 0.401660 0.160215
vt 0.339097 0.219219
vt 0.221448 0.346427
vt 0.339097 0.224798
vt 0.401660 0.283802
vt 0.401660 0.382174
vt 0.443894 0.265749
vt 0.443623 0.324326
vt 0.262811 0.323105
vt 0.461660 0.224539
vt 0.445205 0.261341
vt 0.461660 0.219478
vt 0.403705 0.164491
vt 0.361663 0.181098
vt 0.343897 0.222307
vt 0.343897 0.221710
vt 0.401852 0.282356
vt 0.317073 0.232296
vt 0.211721 0.231628
vt 0.345861 0.211721
vt 0.232296 0.347090
vt 0.233507 0.232802
vt 0.367321 0.233507
vt 0.347036 0.233507
vt 0.233507 0.333094
vt 0.368496 0.211721
vt 0.232296 0.218807
vt 0.397284 0.232296
vt 0.211721 0.334269
vt 0.210510 0.219981
vt 0.318248 0.210510
vt 0.396109 0.210510
vt 0.118644 0.440650
vt 0.210479 0.557247
vt 0.212549 0.556036
vt 0.326764 0.440650
vt 0.461741 0.557247
vt 0.463811 0.556036
vt 0.277373 0.440650
vt 0.183468 0.556036
vt 0.507593 0.440650
vt 0.372616 0.557247
vt 0.127825 0.537850
vt 0.200246 0.584847
vt 0.202316 0.583636
vt 0.330420 0.537850
vt 0.467554 0.584847
vt 0.469623 0.583636
vt 0.268412 0.539060
vt 0.195771 0.584847
vt 0.193701 0.583636
vt 0.504157 0.539060
vt 0.366803 0.584847
vt 0.368773 0.546179
vt 0.335046 0.662938
vt 0.356833 0.171681
vt 0.370929 0.547426
vt 0.358169 0.664446
vt 0.175231 0.661619
vt 0.152902 0.542802
vt 0.338058 0.178647
vt 0.198352 0.658473
vt 0.333700 0.176696
vt 0.338804 0.538793
vt 0.330631 0.657045
vt 0.338987 0.537701
vt 0.351695 0.658250
vt 0.331712 0.200062
vt 0.192070 0.539109
vt 0.191624 0.537925
vt 0.368884 0.662576
vt 0.369310 0.661337
vt 0.171131 0.543164
vt 0.370534 0.148059
vt 0.172540 0.665474
vt 0.369141 0.191948
vt 0.351684 0.673670
vt 0.314892 0.241724
vt 0.314643 0.243067
vt 0.314635 0.244197
vt 0.179364 0.663291
vt 0.179190 0.660688
vt 0.335363 0.643517
vt 0.248165 0.687671
vt 0.249076 0.687999
vt 0.314675 0.247920
vt 0.315818 0.248730
vt 0.356790 0.644193
vt 0.324471 0.252698
vt 0.323129 0.252296
vt 0.201154 0.643517
vt 0.200245 0.643256
vt 0.249607 0.694939
vt 0.248713 0.695973
vt 0.250254 0.693669
vt 0.182520 0.673670
vt 0.366685 0.662318
vt 0.366311 0.661072
vt 0.327429 0.250437
vt 0.407587 0.545480
vt 0.381650 0.170562
vt 0.373959 0.681964
vt 0.409762 0.546726
vt 0.194034 0.680657
vt 0.171948 0.542593
vt 0.217223 0.678147
vt 0.377527 0.539343
vt 0.369479 0.676748
vt 0.377701 0.538231
vt 0.390552 0.677956
vt 0.211210 0.539613
vt 0.210789 0.538423
vt 0.421591 0.192087
vt 0.408196 0.680416
vt 0.407790 0.681655
vt 0.392475 0.228358
vt 0.190170 0.542902
vt 0.409348 0.167024
vt 0.191246 0.684132
vt 0.190909 0.683000
vt 0.353809 0.260501
vt 0.353559 0.261830
vt 0.353526 0.263007
vt 0.393556 0.200339
vt 0.392413 0.199513
vt 0.391058 0.199121
vt 0.197840 0.682327
vt 0.197837 0.679735
vt 0.375059 0.663011
vt 0.267458 0.713601
vt 0.268348 0.713955
vt 0.353281 0.267327
vt 0.354411 0.268162
vt 0.395254 0.664041
vt 0.363066 0.272099
vt 0.361712 0.271723
vt 0.220893 0.663299
vt 0.219999 0.663011
vt 0.268440 0.720452
vt 0.267481 0.721441
vt 0.269168 0.719237
vt 0.405707 0.681294
vt 0.405291 0.680061
vt 0.446415 0.545480
vt 0.412787 0.681964
vt 0.448590 0.546726
vt 0.212972 0.680657
vt 0.190886 0.542593
vt 0.415602 0.216749
vt 0.236160 0.678147
vt 0.416355 0.539343
vt 0.408307 0.676748
vt 0.416528 0.538231
vt 0.440287 0.230052
vt 0.429380 0.677956
vt 0.409399 0.237876
vt 0.229726 0.538423
vt 0.230147 0.539613
vt 0.460419 0.211025
vt 0.447024 0.680416
vt 0.446617 0.681655
vt 0.431303 0.247296
vt 0.209108 0.542902
vt 0.448176 0.185962
vt 0.209847 0.683000
vt 0.210184 0.684132
vt 0.446879 0.229650
vt 0.392387 0.280768
vt 0.392637 0.279439
vt 0.392353 0.281945
vt 0.432384 0.219277
vt 0.431241 0.218450
vt 0.429886 0.218058
vt 0.216777 0.682327
vt 0.216775 0.679735
vt 0.412627 0.663299
vt 0.286396 0.713601
vt 0.287285 0.713955
vt 0.392109 0.286265
vt 0.393239 0.287100
vt 0.434082 0.664041
vt 0.401894 0.291037
vt 0.400540 0.290661
vt 0.239830 0.663299
vt 0.238937 0.663011
vt 0.287378 0.720452
vt 0.286419 0.721441
vt 0.288106 0.719237
vt 0.444535 0.681294
vt 0.444119 0.680061
vt 0.485256 0.546179
vt 0.459356 0.208338
vt 0.451529 0.662938
vt 0.487413 0.547426
vt 0.474653 0.664446
vt 0.232044 0.661619
vt 0.209715 0.542802
vt 0.255165 0.658473
vt 0.455288 0.538793
vt 0.447115 0.657045
vt 0.455471 0.537701
vt 0.468179 0.658250
vt 0.448195 0.256875
vt 0.248883 0.539109
vt 0.248437 0.537925
vt 0.499298 0.229853
vt 0.485794 0.661337
vt 0.485367 0.662576
vt 0.227944 0.543164
vt 0.487017 0.204872
vt 0.229353 0.665474
vt 0.485625 0.248760
vt 0.468168 0.673670
vt 0.431376 0.298537
vt 0.431126 0.299880
vt 0.431119 0.301010
vt 0.236177 0.663291
vt 0.236003 0.660688
vt 0.451847 0.643517
vt 0.304978 0.687671
vt 0.305889 0.687999
vt 0.431159 0.304733
vt 0.432302 0.305543
vt 0.473274 0.644193
vt 0.440955 0.309511
vt 0.439613 0.309109
vt 0.257967 0.643517
vt 0.257058 0.643256
vt 0.306420 0.694939
vt 0.305526 0.695973
vt 0.307067 0.693669
vt 0.239333 0.673670
vt 0.483169 0.662318
vt 0.482795 0.661072
vt 0.443913 0.307250
vt 0.217035 0.499106
vt 0.468943 0.241417
vt 0.480980 0.216845
vt 0.479934 0.217035
vt 0.515065 0.296214
vt 0.522516 0.625091
vt 0.480724 0.500506
vt 0.280715 0.625091
vt 0.298635 0.619121
vt 0.258039 0.478182
vt 0.243128 0.490574
vt 0.516245 0.298632
vt 0.529310 0.306995
vt 0.528158 0.307535
vt 0.491841 0.258747
vt 0.543968 0.612371
vt 0.543872 0.611030
vt 0.543781 0.613385
vt 0.243767 0.478498
vt 0.241143 0.478182
vt 0.508424 0.216683
vt 0.282251 0.620309
vt 0.544742 0.296750
vt 0.540983 0.619802
vt 0.540030 0.281200
vt 0.314357 0.188348
vt 0.317347 0.188348
vt 0.315762 0.188348
vt 0.787293 0.188348
vt 0.790130 0.188348
vt 0.785869 0.217248
vt 0.788823 0.188348
vt 0.368860 0.188348
vt 0.365870 0.188348
vt 0.367455 0.188348
vt 0.727064 0.188348
vt 0.724227 0.188348
vt 0.728488 0.217248
vt 0.725534 0.188348
vt 0.276090 0.168798
vt 0.747851 0.168798
vt 0.236352 0.168798
vt 0.237626 0.168798
vt 0.732817 0.168798
vt 0.734188 0.168798
vt 0.236352 0.139898
vt 0.232621 0.152642
vt 0.732817 0.139898
vt 0.250727 0.168798
vt 0.766506 0.168798
vt 0.290465 0.168798
vt 0.289191 0.168798
vt 0.781540 0.168798
vt 0.780169 0.168798
vt 0.290465 0.139898
vt 0.294196 0.152642
vt 0.781540 0.139898
vt 0.728117 0.323601
vt 0.323601 0.199699
vt 0.324154 0.200874
vt 0.711185 0.304796
vt 0.711185 0.224597
vt 0.710616 0.223422
vt 0.803058 0.257704
vt 0.803058 0.199406
vt 0.803580 0.200460
vt 0.732722 0.326906
vt 0.805978 0.216907
vt 0.783321 0.233974
vt 0.803172 0.199699
vt 0.806092 0.259263
vt 0.237216 0.224597
vt 0.708379 0.299870
vt 0.781635 0.207389
vt 0.708249 0.208685
vt 0.708379 0.207389
vt 0.784555 0.237153
vt 0.711299 0.224890
vt 0.741229 0.193552
vt 0.739657 0.193552
vt 0.742511 0.181785
vt 0.742511 0.193552
vt 0.741229 0.181785
vt 0.739657 0.181785
vt 0.277640 0.193552
vt 0.279049 0.201850
vt 0.277639 0.201621
vt 0.280457 0.193552
vt 0.280458 0.201621
vt 0.277640 0.181785
vt 0.279049 0.193552
vt 0.279049 0.181785
vt 0.279049 0.173486
vt 0.280457 0.181785
vt 0.737921 0.282656
vt 0.737921 0.275441
vt 0.727259 0.273875
vt 0.727259 0.272818
vt 0.727259 0.173851
vt 0.727259 0.172526
vt 0.727259 0.201485
vt 0.713288 0.193552
vt 0.714860 0.193552
vt 0.712006 0.181785
vt 0.712006 0.193552
vt 0.713288 0.181785
vt 0.714860 0.181785
vt 0.719752 0.274420
vt 0.719752 0.202809
vt 0.727259 0.202811
vt 0.716596 0.275441
vt 0.716596 0.282656
vt 0.727259 0.284222
vt 0.727259 0.285279
vt 0.734765 0.283677
vt 0.801069 0.193552
vt 0.799497 0.193552
vt 0.802351 0.181785
vt 0.802351 0.193552
vt 0.801069 0.181785
vt 0.799497 0.181785
vt 0.279049 0.201850
vt 0.797761 0.282656
vt 0.796152 0.282778
vt 0.797761 0.275441
vt 0.796152 0.275319
vt 0.787099 0.173851
vt 0.787099 0.273875
vt 0.787099 0.201485
vt 0.787099 0.202811
vt 0.794605 0.274420
vt 0.787099 0.272818
vt 0.773128 0.193552
vt 0.774700 0.193552
vt 0.771846 0.181785
vt 0.771846 0.193552
vt 0.773128 0.181785
vt 0.774700 0.181785
vt 0.787099 0.172526
vt 0.776436 0.275441
vt 0.778045 0.275319
vt 0.776436 0.282656
vt 0.787099 0.284222
vt 0.779592 0.283677
vt 0.787099 0.285279
vt 0.794605 0.202809
vt 0.794605 0.283677
vt 0.758767 0.159108
vt 0.755590 0.159108
vt 0.757178 0.159108
vt 0.250859 0.159108
vt 0.763809 0.159108
vt 0.249447 0.159108
vt 0.764950 0.159108
vt 0.759304 0.148862
vt 0.759304 0.169354
vt 0.244678 0.159108
vt 0.246090 0.159108
vt 0.247769 0.149040
vt 0.762716 0.168032
vt 0.761572 0.169176
vt 0.761572 0.169176
vt 0.750548 0.159108
vt 0.749407 0.159108
vt 0.755053 0.148862
vt 0.755053 0.169354
vt 0.751408 0.166681
vt 0.247769 0.169176
vt 0.246432 0.148748
vt 0.247769 0.149040
vt 0.754881 0.170158
vt 0.752785 0.169176
vt 0.752785 0.169176
vt 0.249105 0.148748
vt 0.755053 0.148862
vt 0.755053 0.169354
vt 0.297562 0.124250
vt 0.297897 0.125461
vt 0.297562 0.136847
vt 0.791835 0.124250
vt 0.792171 0.125461
vt 0.791835 0.136847
vt 0.229255 0.124250
vt 0.228920 0.125461
vt 0.229255 0.136847
vt 0.762931 0.124250
vt 0.722186 0.125461
vt 0.722522 0.124250
vt 0.722522 0.136847
vt 0.282229 0.107930
vt 0.330553 0.109141
vt 0.330218 0.107930
vt 0.330553 0.124756
vt 0.755599 0.107930
vt 0.803923 0.109141
vt 0.803588 0.107930
vt 0.803588 0.125967
vt 0.237399 0.107930
vt 0.237064 0.109141
vt 0.237399 0.125967
vt 0.758758 0.107930
vt 0.710434 0.109141
vt 0.710769 0.107930
vt 0.710769 0.125967
vt 0.075360 0.312921
vt 0.076715 0.438468
vt 0.060466 0.293239
vt 0.059110 0.834715
vt 0.314125 0.438468
vt 0.212599 0.323900
vt 0.060268 0.313061
vt 0.196386 0.841537
vt 0.322836 0.840377
vt 0.215210 0.304250
vt 0.322779 0.442921
vt 0.197678 0.321625
vt 0.303096 0.841587
vt 0.199132 0.840377
vt 0.077971 0.293270
vt 0.197876 0.301803
vt 0.061758 0.835974
vt 0.299452 0.295924
vt 0.139170 0.297135
vt 0.298241 0.453710
vt 0.138993 0.453710
vt 0.317237 0.297135
vt 0.195576 0.317765
vt 0.140203 0.295924
vt 0.317776 0.453710
vt 0.196787 0.297135
vt 0.196953 0.299991
vt 0.316565 0.295924
vt 0.196798 0.316565
vt 0.196964 0.453710
vt 0.298780 0.297135
vt 0.195754 0.298769
vt 0.140381 0.454921
vt 0.822287 0.352802
vt 0.823911 0.561062
vt 0.823442 0.334259
vt 0.352772 0.838848
vt 0.821818 0.837638
vt 0.354009 0.561062
vt 0.929609 0.362865
vt 0.823023 0.354078
vt 0.362934 0.837783
vt 0.930814 0.561208
vt 0.932441 0.343245
vt 0.930544 0.361727
vt 0.343215 0.838994
vt 0.932171 0.837783
vt 0.342038 0.561208
vt 0.825119 0.333183
vt 0.931334 0.559995
vt 0.930963 0.341909
vt 0.824748 0.838850
vt 0.879379 0.357776
vt 0.341237 0.459124
vt 0.878200 0.460335
vt 0.340029 0.568910
vt 0.357776 0.570121
vt 0.879459 0.568910
vt 0.358984 0.460335
vt 0.880668 0.358904
vt 0.923349 0.570121
vt 0.355988 0.568910
vt 0.924557 0.460335
vt 0.354780 0.459124
vt 0.923298 0.568910
vt 0.337033 0.460335
vt 0.922089 0.459124
vt 0.742851 0.032658
vt 0.869122 0.722817
vt 0.622980 0.629279
vt 0.763666 0.643013
vt 0.863111 0.034018
vt 0.644497 0.630685
vt 0.705953 0.026255
vt 0.720826 0.029839
vt 0.854198 0.706411
vt 0.768776 0.628863
vt 0.754361 0.624058
vt 0.768776 0.620989
vt 0.852207 0.024617
vt 0.832174 0.711521
vt 0.732336 0.621238
vt 0.752370 0.606065
vt 0.612076 0.619878
vt 0.830690 0.023211
vt 0.713004 0.022215
vt 0.825072 0.733037
vt 0.633200 0.623641
vt 0.825581 0.025034
vt 0.825123 0.026255
vt 0.649606 0.628863
vt 0.650064 0.627642
vt 0.841987 0.030255
vt 0.862021 0.744334
vt 0.762183 0.631682
vt 0.742150 0.650115
vt 0.721495 0.639864
vt 0.730064 0.555009
vt 0.587251 0.734357
vt 0.679182 0.588366
vt 0.629033 0.735520
vt 0.670613 0.734357
vt 0.640979 0.555009
vt 0.803784 0.658593
vt 0.722381 0.554179
vt 0.671425 0.630459
vt 0.648073 0.758888
vt 0.804596 0.579540
vt 0.813819 0.616984
vt 0.657651 0.578376
vt 0.754218 0.646820
vt 0.763441 0.758888
vt 0.615730 0.579540
vt 0.731529 0.598255
vt 0.761976 0.604727
vt 0.904502 0.697035
vt 0.903333 0.697098
vt 0.735760 0.645670
vt 0.736988 0.646479
vt 0.853135 0.517897
vt 0.517897 0.627851
vt 0.730932 0.626948
vt 0.731252 0.625672
vt 0.731252 0.628224
vt 0.852110 0.518464
vt 0.606598 0.533769
vt 0.518344 0.626948
vt 0.517897 0.626046
vt 0.647009 0.607417
vt 0.697035 0.626046
vt 0.735760 0.608226
vt 0.740699 0.626143
vt 0.527449 0.013199
vt 1.032034 0.024222
vt 0.768091 0.024317
vt 0.909165 0.142290
vt 0.534350 1.072166
vt 0.309907 0.674955
vt 0.309907 0.625691
vt 0.309907 0.724218
vt 0.338110 0.724218
vt 0.338110 0.674955
vt 0.338110 0.625691
vt 0.309907 0.631246
vt 0.338110 0.631246
vt 0.338110 0.769490
vt 0.309907 0.769490
vt 0.309907 0.718663
vt 0.338110 0.758831
vt 0.338110 0.718663
vt 0.309907 0.807104
vt 0.309907 0.758831
vt 0.621686 0.338110
vt 0.621686 0.309907
vt 0.571627 0.309907
vt 0.608775 0.309907
vt 0.608775 0.338110
vt 0.579817 0.338110
vt 0.579817 0.309907
vt 0.529257 0.309907
vt 0.571627 0.338110
vt 0.482294 0.338110
vt 0.532063 0.338110
vt 0.532063 0.309907
vt 0.485099 0.309907
vt 0.529257 0.338110
vt 0.434540 0.338110
vt 0.434540 0.309907
vt 0.482294 0.309907
vt 0.485099 0.338110
vt 0.392671 0.338110
vt 0.387901 0.322522
vt 0.442730 0.309907
vt 0.410352 0.322522
vt 0.410352 0.325495
vt 0.442730 0.338110
vt 0.338110 0.807104
vt 0.309907 0.807104
vt 0.309907 0.792203
vt 0.338110 0.792203
vt 0.338110 0.724218
vt 0.309907 0.724218
vt 0.338110 0.625692
vt 0.338110 0.631246
vt 0.338110 0.580419
vt 0.309907 0.580419
vt 0.309907 0.625692
vt 0.309907 0.631246
vt 0.338110 0.542806
vt 0.309907 0.542806
vt 0.309907 0.591079
vt 0.322522 0.563211
vt 0.325495 0.563211
vt 0.338110 0.591079
vt 0.434540 0.338110
vt 0.392671 0.338110
vt 0.392671 0.309907
vt 0.405582 0.309907
vt 0.405582 0.338110
vt 0.482293 0.309907
vt 0.485099 0.309907
vt 0.442730 0.338110
vt 0.482293 0.338110
vt 0.485099 0.338110
vt 0.579817 0.338110
vt 0.532063 0.338110
vt 0.529257 0.338110
vt 0.621686 0.338110
vt 0.626456 0.322522
vt 0.571627 0.338110
vt 0.338110 0.542806
vt 0.309907 0.542806
vt 0.309907 0.557706
vt 0.338110 0.557706
vt 0.316239 0.643092
vt 0.316239 0.706817
vt 0.316239 0.674955
vt 0.335778 0.706817
vt 0.335778 0.674955
vt 0.335778 0.643092
vt 0.316239 0.648126
vt 0.335778 0.648126
vt 0.335778 0.734836
vt 0.316239 0.734836
vt 0.316239 0.701783
vt 0.335778 0.701783
vt 0.553758 0.335778
vt 0.578543 0.335778
vt 0.553758 0.316239
vt 0.578543 0.316239
vt 0.546399 0.316239
vt 0.567267 0.316239
vt 0.567267 0.335778
vt 0.523355 0.335778
vt 0.523355 0.316239
vt 0.520800 0.335778
vt 0.546399 0.335778
vt 0.491002 0.335778
vt 0.493557 0.316239
vt 0.520800 0.316239
vt 0.493557 0.335778
vt 0.460599 0.335778
vt 0.491002 0.316239
vt 0.467958 0.316239
vt 0.435814 0.335778
vt 0.435814 0.316239
vt 0.460599 0.316239
vt 0.467958 0.335778
vt 0.335778 0.734837
vt 0.316239 0.734837
vt 0.316239 0.725375
vt 0.335778 0.725375
vt 0.335778 0.615073
vt 0.316239 0.615073
vt 0.435814 0.335778
vt 0.435814 0.316239
vt 0.447089 0.316239
vt 0.447089 0.335778
vt 0.316239 0.624534
vt 0.335778 0.624534
vt 0.471456 0.332296
vt 0.172653 0.443553
vt 0.343778 -0.031868
vt 0.118424 0.441860
vt 0.507813 0.441860
vt 0.326544 0.441860
vt 0.277593 0.441860
vt 0.127605 0.539060
vt 0.330200 0.539060
vt 0.209582 0.657272
vt 0.355948 0.643256
vt 0.334393 0.179364
vt 0.366355 0.194953
vt 0.252562 0.686926
vt 0.228478 0.676942
vt 0.394378 0.663011
vt 0.373434 0.197840
vt 0.405415 0.213438
vt 0.361173 0.725246
vt 0.271899 0.712793
vt 0.433205 0.663011
vt 0.412262 0.216777
vt 0.444243 0.232375
vt 0.400001 0.725246
vt 0.266395 0.657272
vt 0.453113 0.643256
vt 0.472431 0.643256
vt 0.450876 0.236177
vt 0.482839 0.251766
vt 0.309375 0.686926
vt 0.281796 0.624885
vt 0.523889 0.624885
vt 0.543781 0.297584
vt 0.469468 0.491501
vt 0.514877 0.478498
vt 0.805491 0.319636
vt 0.806795 0.320827
vt 0.288803 0.188348
vt 0.296049 0.159448
vt 0.783033 0.294436
vt 0.708866 0.363581
vt 0.707562 0.362390
vt 0.387168 0.217248
vt 0.394414 0.188348
vt 0.387168 0.159448
vt 0.731324 0.388781
vt 0.289191 0.139898
vt 0.276090 0.139898
vt 0.788927 0.272839
vt 0.771219 0.154348
vt 0.751118 0.230848
vt 0.769338 0.139898
vt 0.734188 0.139898
vt 0.747851 0.139898
vt 0.237626 0.139898
vt 0.250727 0.139898
vt 0.725430 0.253978
vt 0.743138 0.154348
vt 0.763239 0.295969
vt 0.745019 0.139898
vt 0.780169 0.139898
vt 0.766506 0.139898
vt 0.326961 0.216026
vt 0.806108 0.215611
vt 0.233856 0.208271
vt 0.285025 0.193552
vt 0.727259 0.279049
vt 0.727259 0.193552
vt 0.727259 0.181785
vt 0.285025 0.181785
vt 0.280458 0.173715
vt 0.282656 0.173715
vt 0.273072 0.193552
vt 0.273072 0.181785
vt 0.277639 0.173715
vt 0.275441 0.173715
vt 0.787099 0.279049
vt 0.787099 0.193552
vt 0.787099 0.181785
vt 0.757178 0.251166
vt 0.757178 0.244371
vt 0.769234 0.627642
vt 0.868678 0.030975
vt 0.725679 0.622921
vt 0.878073 0.719865
vt 0.736988 0.607417
vt 0.878073 0.534032
vt 0.731252 0.629462
vt 0.852110 0.518464
vt 0.731252 0.629462
vt 0.380996 0.217248
vt 0.721714 0.217248
vt 0.302221 0.217248
vt 0.792643 0.217248
vt 0.254060 0.168798
vt 0.272757 0.168798
vt 0.879707 0.012018
vt 0.875918 0.140883
vt 0.641802 0.012086
vt 0.635488 0.140816
vt 0.653824 0.023013
vt 0.937695 0.023081
vt 0.569241 0.130540
vt 0.429242 0.130711
vt 1.012558 0.032346
vt 0.235293 0.132093
vt 0.234160 0.130725
vt 0.174508 0.004359
vt 0.031926 0.031803
vt 0.177756 0.159706
vt 0.312661 0.031972
vt 0.005586 0.159537
vt 0.137958 0.149336
vt 0.748246 0.149372
vt 0.823012 0.143464
vt 0.143006 0.143500
vt 0.247535 0.074028
vt 0.281184 0.584223
vt 0.584473 0.730348
vt 0.778405 0.324607
vt 0.324900 0.040845
vt 0.771558 0.662343
vt 0.663957 0.696067
vt 0.734451 -0.076451
vt 0.734280 -0.077214
vt 0.727552 0.579868
vt 0.066014 0.329076
vt 0.116733 -0.014431
vt 0.251504 0.992961
vt 0.243869 -0.010469
vt 0.250949 0.328291
vt 0.225966 0.314845
vt 0.019968 0.243257
vt 0.242792 0.005015
vt 0.018465 0.000146
vt 0.976787 0.447677
vt 0.796639 0.373744
vt 0.420735 0.015277
vt 1.027310 0.363584
vt 1.027147 0.011494
vt 0.929784 -0.008200
vt 0.771360 0.854823
vt 0.419657 -0.005256
vt 0.771897 0.360282
vt 0.613795 0.988563
vt 0.559708 0.751404
vt 0.663670 0.961602
vt 0.664796 0.003557
vt 0.584100 1.075505
vt 0.665284 0.905897
vt 0.904114 -0.008750
vt 0.583462 0.708145
vt 0.584755 1.068947
vt 0.617023 0.877153
vt 0.558188 0.694915
vt 0.903341 -0.012763
vt 0.960853 -0.001656
vt 0.534435 0.738173
vt 0.351508 0.942826
vt 0.795986 0.814112
vt 0.349457 0.933051
vt 0.226929 0.931602
vt 0.339101 0.804337
vt 0.228265 0.942826
vt 0.356199 0.344655
vt 0.358158 0.344655
vt 0.363197 0.340994
vt 0.340994 0.974453
vt 0.340994 0.775456
vt 0.351160 0.340994
vt 0.656199 0.344655
vt 0.658158 0.344655
vt 0.663197 0.340994
vt 0.651160 0.340994
vt 0.432107 0.322510
vt 0.172197 0.332848
vt 0.265671 0.330985
vt 0.332848 0.871471
vt 0.317142 0.444406
vt 0.260110 0.317201
vt 0.154247 0.317201
vt 0.245579 0.318353
vt 0.148686 0.330985
vt 0.332848 0.447374
vt 0.891173 0.392848
vt 0.806625 0.390985
vt 0.392848 0.876712
vt 0.867732 0.390985
vt 0.392848 0.502133
vt 0.374668 0.344449
vt 0.436579 0.247957
vt 0.402821 0.267068
vt 0.265501 -0.050729
vt 0.401900 0.264414
vt 0.377895 0.161013
vt 0.303902 0.298262
vt 0.447288 0.266001
vt 0.448166 0.343031
vt 0.265587 0.343031
vt 0.448599 0.268045
vt 0.268901 0.383448
vt 0.448166 0.383448
vt 0.466652 0.221257
vt 0.448599 0.175972
vt 0.175116 0.350449
vt 0.448166 0.350449
vt 0.447288 0.178016
vt 0.448166 0.390866
vt 0.178430 0.390866
vt 0.403705 0.156674
vt 0.402778 0.351985
vt 0.358268 0.174666
vt 0.357391 0.350449
vt 0.356958 0.179322
vt 0.178430 0.390866
vt 0.357391 0.390866
vt 0.356958 0.264695
vt 0.357391 0.343031
vt 0.358268 0.269351
vt 0.357391 0.383448
vt 0.402778 0.284819
vt 0.403705 0.279526
vt 0.402778 0.325275
vt 0.444772 0.283619
vt 0.265301 0.283619
vt 0.445205 0.182406
vt 0.181515 0.277822
vt 0.444772 0.277822
vt 0.443894 0.178268
vt 0.444772 0.318278
vt 0.178716 0.318278
vt 0.402778 0.276621
vt 0.401852 0.161661
vt 0.402778 0.317077
vt 0.360785 0.277822
vt 0.360352 0.179576
vt 0.178716 0.318278
vt 0.360785 0.318278
vt 0.360352 0.264441
vt 0.265301 0.283619
vt 0.360785 0.283619
vt 0.361663 0.262919
vt 0.360785 0.324075
vt 0.262502 0.324075
vt 0.210510 0.345915
vt 0.117853 0.440872
vt 0.370546 0.556036
vt 0.325973 0.440872
vt 0.508384 0.440872
vt 0.185538 0.557247
vt 0.278164 0.440872
vt 0.127034 0.538072
vt 0.364734 0.583636
vt 0.329629 0.538072
vt 0.503937 0.537850
vt 0.504728 0.538072
vt 0.268192 0.537850
vt 0.268983 0.538072
vt 0.342872 0.151525
vt 0.341555 0.544216
vt 0.338088 0.537956
vt 0.362743 0.191944
vt 0.364663 0.537925
vt 0.353615 0.209488
vt 0.382815 0.173040
vt 0.193856 0.662576
vt 0.354239 0.672930
vt 0.333377 0.662257
vt 0.313850 0.242890
vt 0.335363 0.190679
vt 0.192284 0.643172
vt 0.248730 0.685502
vt 0.355759 0.202378
vt 0.328315 0.696087
vt 0.329726 0.249607
vt 0.395774 0.190387
vt 0.190353 0.683993
vt 0.380343 0.543980
vt 0.372609 0.195471
vt 0.376774 0.197811
vt 0.376804 0.538482
vt 0.370571 0.218938
vt 0.401459 0.211115
vt 0.403382 0.538423
vt 0.408051 0.210713
vt 0.212630 0.681655
vt 0.393586 0.691452
vt 0.392731 0.198860
vt 0.372387 0.681338
vt 0.352743 0.261704
vt 0.373799 0.210415
vt 0.212041 0.663064
vt 0.268162 0.711431
vt 0.394192 0.222140
vt 0.367227 0.721651
vt 0.368594 0.268440
vt 0.434601 0.209325
vt 0.209290 0.683993
vt 0.420478 0.189499
vt 0.419171 0.543980
vt 0.411437 0.214409
vt 0.415632 0.538482
vt 0.442209 0.538423
vt 0.231567 0.681655
vt 0.432414 0.691452
vt 0.431559 0.217797
vt 0.411215 0.681338
vt 0.391571 0.280641
vt 0.412627 0.229353
vt 0.230979 0.663064
vt 0.287100 0.711431
vt 0.433020 0.241078
vt 0.406055 0.721651
vt 0.407422 0.287378
vt 0.473316 0.228494
vt 0.458039 0.544215
vt 0.450184 0.233509
vt 0.454541 0.235460
vt 0.454572 0.537956
vt 0.479227 0.248757
vt 0.481147 0.537925
vt 0.470099 0.266301
vt 0.250669 0.662576
vt 0.470723 0.672930
vt 0.449860 0.662257
vt 0.430333 0.299703
vt 0.451847 0.247492
vt 0.249097 0.643172
vt 0.305543 0.685502
vt 0.472243 0.259191
vt 0.444799 0.696087
vt 0.446210 0.306420
vt 0.241864 0.490463
vt 0.296921 0.621183
vt 0.489285 0.258039
vt 0.509729 0.216858
vt 0.509385 0.216072
vt 0.216280 0.492182
vt 0.729457 0.156054
vt 0.784900 0.156054
vt 0.301554 0.207096
vt 0.303113 0.224890
vt 0.729802 0.199406
vt 0.731036 0.217200
vt 0.786240 0.224597
vt 0.256021 0.199699
vt 0.260947 0.216907
vt 0.736619 0.283705
vt 0.736619 0.274392
vt 0.717898 0.274392
vt 0.717898 0.283705
vt 0.717898 0.283705
vt 0.796459 0.283705
vt 0.796459 0.274392
vt 0.777738 0.274392
vt 0.777738 0.283705
vt 0.249721 0.168094
vt 0.249721 0.150122
vt 0.245816 0.168094
vt 0.245816 0.150122
vt 0.245816 0.168094
vt 0.267260 0.124250
vt 0.265550 0.136847
vt 0.751426 0.124250
vt 0.749716 0.136847
vt 0.764641 0.136847
vt 0.259557 0.124250
vt 0.261267 0.136847
vt 0.280519 0.125967
vt 0.753889 0.125967
vt 0.760468 0.125967
vt 0.285388 0.107930
vt 0.287098 0.125967
vt 0.294392 0.437259
vt 0.292034 0.834715
vt 0.076481 0.437308
vt 0.311767 0.835924
vt 0.303039 0.444131
vt 0.214089 0.442872
vt 0.213756 0.444131
vt 0.316026 0.454921
vt 0.195754 0.295924
vt 0.299991 0.454921
vt 0.195576 0.454921
vt 0.334290 0.559852
vt 0.333053 0.837638
vt 0.823394 0.559853
vt 0.361758 0.559997
vt 0.929238 0.838992
vt 0.879408 0.570121
vt 0.880667 0.459124
vt 0.338241 0.570121
vt 0.730853 0.613166
vt 0.735028 0.025034
vt 0.725744 0.635191
vt 0.839996 0.749443
vt 0.740159 0.628863
vt 0.599197 0.553845
vt 0.680573 0.735854
vt 0.812932 0.578042
vt 0.606153 0.760051
vt 0.752828 0.759718
vt 0.904419 0.626948
vt 0.667060 0.626948
vt 0.608334 0.720127
vt 0.878617 0.607524
vt 0.648505 0.607645
vt 0.885270 0.027445
vt 0.721225 0.126451
vt 0.802767 0.126451
vt 0.202530 0.027445
vt 0.140332 0.126451
vt 0.785638 0.012086
vt 1.012713 0.033356
vt 0.258546 0.148177
vt 0.022733 0.143464
vt 0.662034 0.148126
vt 0.286805 0.247535
vt 0.242799 -0.041643
vt 0.250949 0.995386
vt 0.018983 0.005113
vt 0.018356 0.001151
vt 1.026573 0.015450
vt 1.027199 0.012506
vt 0.771897 0.856764
vt 0.565897 -0.012614
vt 0.228226 0.351508
vt 0.794953 0.336854
vt 0.363197 0.775456
vt 0.351160 0.974453
vt 0.663197 0.775456
vt 0.651160 0.974453
vt 0.322522 0.812608
vt 0.387901 0.325495
vt 0.626456 0.325495
vt 0.603772 0.324009
vt 0.432152 0.327497
vt 0.432152 0.324520
vt 0.451025 0.326008
vt 0.327497 0.612000
vt 0.580889 0.648126
vt 0.333507 0.745993
vt 0.242159 0.876433
vt 0.891173 0.507401
vt 0.783184 0.871444
vt 0.408175 -0.041822
vt 0.247957 0.445998
vt 0.359226 0.664361
vt 0.337763 0.538883
vt 0.336630 0.643256
vt 0.355759 0.643172
vt 0.181475 0.672930
vt 0.376487 0.539420
vt 0.373799 0.663299
vt 0.394192 0.663064
vt 0.366319 0.269247
vt 0.415315 0.539420
vt 0.413887 0.663011
vt 0.433020 0.663064
vt 0.405147 0.288185
vt 0.475709 0.664361
vt 0.454246 0.538883
vt 0.472243 0.643172
vt 0.238288 0.672930
vt 0.258763 0.479261
vt 0.539705 0.280191
vt 0.785869 0.159448
vt 0.728488 0.159448
vt 0.803741 0.200874
vt 0.236663 0.223422
vt 0.710777 0.223837
vt 0.761572 0.149040
vt 0.761572 0.149040
vt 0.762716 0.150184
vt 0.247769 0.169176
vt 0.246432 0.169468
vt 0.249105 0.169468
vt 0.752785 0.149040
vt 0.752785 0.149040
vt 0.754881 0.148058
vt 0.297897 0.135636
vt 0.792171 0.135636
vt 0.228920 0.135636
vt 0.722186 0.135636
vt 0.330218 0.125967
vt 0.803923 0.124756
vt 0.237064 0.124756
vt 0.710434 0.124756
vt 0.706411 0.025034
vt 0.338110 0.807104
vt 0.392671 0.309907
vt 0.405582 0.309907
vt 0.405582 0.338110
vt 0.309907 0.557707
vt 0.338110 0.557707
vt 0.621686 0.309907
vt 0.608775 0.338110
vt 0.447090 0.316239
vt 0.447090 0.335778
vt 0.314635 0.695292
vt 0.322144 0.699798
vt 0.353526 0.720933
vt 0.247415 0.676942
vt 0.392353 0.720933
vt 0.290836 0.712793
vt 0.431119 0.695292
vt 0.438627 0.699798
vt 0.805488 0.317837
vt 0.296049 0.217248
vt 0.805488 0.317837
vt 0.708869 0.365380
vt 0.769338 0.168798
vt 0.745019 0.168798
vt 0.282656 0.201621
vt 0.275441 0.201621
vt 0.606509 0.622921
s 1
usemtl darkstone
f 261/63/71 265/64/72 267/65/73
f 262/66/74 265/67/75 264/68/76
f 263/69/77 265/67/78 266/70/79
f 268/71/80 272/72/81 274/73/82
f 269/74/83 272/75/84 271/76/85
f 270/77/86 272/72/87 273/78/88
f 275/79/89 279/80/90 281/81/91
f 276/82/92 279/83/93 278/84/94
f 277/85/95 279/83/96 280/86/97
f 282/87/98 286/88/99 288/89/100
f 283/90/101 286/91/102 285/92/103
f 284/93/104 286/91/105 287/94/106
f 289/95/107 293/96/108 295/97/109
f 290/98/110 293/99/111 292/100/112
f 291/101/113 293/99/114 294/102/115
f 296/103/116 300/104/117 302/105/118
f 297/106/119 300/107/120 299/108/121
f 298/109/122 300/107/123 301/110/124
f 303/111/125 307/112/126 309/113/127
f 304/114/128 307/115/129 306/116/130
f 305/117/131 307/115/132 308/118/133
f 310/119/134 314/120/135 316/121/136
f 311/122/137 314/123/138 313/124/139
f 312/125/140 314/123/141 315/126/142
f 317/127/143 321/128/144 323/129/145
f 318/130/146 321/131/147 320/132/148
f 319/133/149 321/134/150 322/135/151
f 324/136/152 328/137/153 330/138/154
f 325/139/155 328/140/156 327/141/157
f 326/142/158 328/143/159 329/144/160
f 331/145/161 335/146/162 337/147/163
f 332/148/164 335/149/165 334/150/166
f 333/151/167 335/152/168 336/153/169
f 338/154/170 342/155/171 344/156/172
f 339/157/173 342/158/174 341/159/175
f 340/160/176 342/161/177 343/162/178
f 345/163/179 349/164/180 351/165/181
f 346/166/182 349/167/183 348/168/184
f 347/169/185 349/167/186 350/170/187
f 352/171/188 356/172/189 358/173/190
f 353/174/191 356/175/192 355/176/193
f 354/177/194 356/178/195 357/179/196
f 359/180/197 363/181/198 365/182/199
f 360/183/200 363/184/201 362/185/202
f 361/186/203 363/187/204 364/188/205
f 366/189/206 370/190/207 372/191/208
f 367/192/209 370/193/210 369/194/211
f 368/195/212 370/196/213 371/197/214
f 373/198/215 377/199/216 379/200/217
f 374/201/218 377/202/219 376/203/220
f 375/204/221 377/205/222 378/206/223
f 380/207/224 384/208/225 386/209/226
f 381/210/227 384/211/228 383/212/229
f 382/213/230 384/214/231 385/215/232
f 387/216/233 391/217/234 393/218/235
f 388/219/236 391/220/237 390/221/238
f 389/222/239 391/223/240 392/224/241
f 394/225/242 398/226/243 400/227/244
f 395/228/245 398/229/246 397/230/247
f 396/231/248 398/232/249 399/233/250
f 401/234/251 405/235/252 407/236/253
f 402/237/254 405/238/255 404/239/256
f 403/240/257 405/241/258 406/242/259
f 408/243/260 412/244/261 414/245/262
f 409/246/263 412/247/264 411/248/265
f 410/249/266 412/250/267 413/251/268
f 415/252/269 419/253/270 421/254/271
f 416/255/272 419/256/273 418/257/274
f 417/258/275 419/259/276 420/260/277
f 422/261/278 426/262/279 428/263/280
f 423/264/281 426/265/282 425/266/283
f 424/267/284 426/268/285 427/269/286
f 429/270/287 433/271/288 435/272/289
f 430/273/290 433/274/291 432/275/292
f 431/276/293 433/277/294 434/278/295
f 436/279/296 440/280/297 442/281/298
f 437/282/299 440/283/300 439/284/301
f 438/285/302 440/286/303 441/287/304
f 443/288/305 447/289/306 449/290/307
f 444/291/308 447/292/309 446/293/310
f 445/294/311 447/295/312 448/296/313
f 450/297/314 454/298/315 456/299/316
f 451/300/317 454/301/318 453/302/319
f 452/303/320 454/304/321 455/305/322
f 457/306/323 461/307/324 463/308/325
f 458/309/326 461/310/327 460/311/328
f 459/312/329 461/313/330 462/314/331
f 464/315/332 468/316/333 470/317/334
f 465/318/335 468/319/336 467/320/337
f 466/321/338 468/322/339 469/323/340
f 471/324/341 475/325/342 477/326/343
f 472/327/344 475/328/345 474/329/346
f 473/330/347 475/331/348 476/332/349
f 478/333/350 482/334/351 484/335/352
f 479/336/353 482/337/354 481/338/355
f 480/339/356 482/340/357 483/341/358
f 485/342/359 489/343/360 491/344/361
f 486/345/362 489/346/363 488/347/364
f 487/348/365 489/346/366 490/349/367
f 492/350/368 496/351/369 498/352/370
f 493/353/371 496/354/372 495/355/373
f 494/356/374 496/351/375 497/357/376
f 499/358/377 503/359/378 505/360/379
f 500/361/380 503/362/381 502/363/382
f 501/364/383 503/362/384 504/365/385
f 506/366/386 510/367/387 512/368/388
f 507/369/389 510/370/390 509/371/391
f 508/372/392 510/370/393 511/373/394
f 513/374/395 517/375/396 519/376/397
f 514/377/398 517/378/399 516/379/400
f 515/380/401 517/378/402 518/381/403
f 520/382/404 524/383/405 526/384/406
f 521/385/407 524/386/408 523/387/409
f 522/388/410 524/386/411 525/389/412
f 527/390/413 531/391/414 533/392/415
f 528/393/416 531/394/417 530/395/418
f 529/396/419 531/394/420 532/397/421
f 534/398/422 538/399/423 540/400/424
f 535/401/425 538/402/426 537/403/427
f 536/404/428 538/402/429 539/405/430
f 541/406/431 545/407/432 547/408/433
f 542/409/434 545/407/435 544/410/436
f 543/411/437 545/412/438 546/413/439
f 548/414/440 552/415/441 554/416/442
f 549/417/443 552/418/444 551/419/445
f 550/420/446 552/421/447 553/422/448
f 555/423/449 559/424/450 561/425/451
f 556/426/452 559/427/453 558/428/454
f 557/429/455 559/424/456 560/430/457
f 562/431/458 566/432/459 568/433/460
f 563/434/461 566/435/462 565/436/463
f 564/437/464 566/438/465 567/439/466
f 569/440/467 573/441/468 575/442/469
f 570/443/470 573/444/471 572/445/472
f 571/446/473 573/441/474 574/447/475
f 576/448/476 580/449/477 582/450/478
f 577/451/479 580/449/480 579/452/481
f 578/453/482 580/454/483 581/455/484
f 583/456/485 587/457/486 589/458/487
f 584/459/488 587/457/489 586/460/490
f 585/461/491 587/462/492 588/463/493
f 590/464/494 594/465/495 596/466/496
f 591/467/497 594/468/498 593/469/499
f 592/470/500 594/465/501 595/471/502
f 94/3653/3490 89/3654/3491 88/3655/3492
f 95/3656/3493 87/3657/3494 89/3658/3495
f 97/3659/3496 92/3660/3497 98/3661/3498
f 92/3662/3499 96/3663/3500 98/3664/3501
f 100/3665/3502 95/3666/3503 94/3653/3490
f 101/3667/3504 93/3668/3505 95/3656/3493
f 97/3659/3496 104/3669/3506 103/3670/3507
f 98/3664/3501 102/3671/3508 104/3672/3509
f 100/3673/3502 107/3674/3510 101/3675/3511
f 107/3676/3512 99/3677/3513 101/3667/3504
f 103/3678/3507 110/3679/3514 109/3680/3515
f 104/3672/3509 108/3681/3516 110/3682/3517
f 112/3683/3518 107/3674/3510 106/3684/3519
f 113/3685/3520 105/3686/3521 107/3676/3512
f 109/3680/3515 116/3687/3522 115/3688/3523
f 110/3682/3517 114/3689/3524 116/3690/3525
f 118/3691/3526 113/3692/3527 112/3683/3518
f 119/3693/3528 111/3694/3529 113/3685/3520
f 121/3695/3530 116/3687/3522 122/3696/3531
f 116/3690/3525 120/3697/3532 122/3698/3533
f 124/3699/3534 119/3700/3535 118/3701/3526
f 125/3702/3536 117/3703/3537 119/3693/3528
f 121/3704/3530 128/3705/3538 127/3706/3539
f 122/3698/3533 126/3707/3540 128/3708/3541
f 130/3709/3542 125/3710/3543 124/3699/3534
f 131/3711/3544 123/3712/3545 125/3702/3536
f 127/3706/3539 134/3713/3546 133/3714/3547
f 128/3708/3541 132/3715/3548 134/3716/3549
f 136/3717/3550 131/3718/3551 130/3709/3542
f 137/3719/3552 129/3720/3553 131/3711/3544
f 133/3714/3547 140/3721/3554 139/3722/3555
f 134/3716/3549 138/3723/3556 140/3724/3557
f 142/3683/3558 137/3725/3559 136/3691/3550
f 143/3726/3560 135/3727/3561 137/3719/3552
f 139/3695/3555 146/3687/3562 145/3688/3563
f 140/3724/3557 144/3728/3564 146/3729/3565
f 148/3684/3566 143/3692/3567 142/3683/3558
f 149/3730/3568 141/3731/3569 143/3726/3560
f 145/3688/3563 152/3679/3570 151/3680/3571
f 146/3729/3565 150/3732/3572 152/3733/3573
f 154/3673/3574 149/3674/3575 148/3684/3566
f 155/3734/3576 147/3735/3577 149/3730/3568
f 157/3678/3578 152/3679/3570 158/3736/3579
f 152/3733/3573 156/3737/3580 158/3738/3581
f 154/3739/3574 161/3740/3582 155/3741/3583
f 161/3742/3584 153/3743/3585 155/3734/3576
f 157/3744/3578 164/3745/3586 163/3746/3587
f 158/3738/3581 162/3747/3588 164/3748/3589
f 88/3655/3492 161/3740/3582 160/3749/3590
f 161/3742/3584 87/3657/3494 159/3750/3591
f 163/3746/3587 92/3660/3497 91/3751/3592
f 164/3748/3589 90/3752/3593 92/3662/3499
f 261/63/71 278/3825/3722 275/79/89
f 267/3826/3723 276/82/92 278/84/94
f 268/71/80 266/70/3724 262/66/74
f 274/73/3725 263/69/77 266/70/79
f 282/87/98 273/3827/3726 269/74/83
f 273/3828/88 284/93/104 270/3829/86
f 277/85/95 287/94/3727 283/90/101
f 287/94/106 276/82/92 284/93/104
f 275/79/89 306/3830/3728 303/111/125
f 306/116/130 277/3831/95 304/114/128
f 310/119/134 285/3832/3729 282/87/98
f 316/3833/3730 283/3834/101 285/3835/103
f 311/122/137 308/118/133 315/126/3731
f 308/118/3732 312/125/140 315/126/142
f 289/95/107 309/113/127 292/3836/3733
f 309/3837/3734 290/98/110 292/100/112
f 310/119/134 302/105/118 313/3838/3735
f 302/3839/3736 311/3840/137 313/3841/139
f 297/106/119 294/102/115 301/110/3737
f 294/102/3738 298/109/122 301/110/124
f 289/95/107 264/3842/3739 261/63/71
f 295/3843/3740 262/66/74 264/68/76
f 296/103/116 271/76/85 299/3844/3741
f 299/3845/121 268/71/80 297/3846/119
f 317/127/143 334/3847/3742 331/145/161
f 323/3848/3743 332/148/164 334/150/166
f 324/136/152 322/3849/3744 318/130/146
f 322/135/151 326/142/158 319/133/149
f 325/139/155 344/156/172 329/3850/3745
f 344/3851/3746 326/142/158 329/144/160
f 333/151/167 343/3852/3747 339/157/173
f 336/3853/3748 340/160/176 343/162/178
f 359/180/197 337/147/163 362/3854/3749
f 337/3855/3750 360/183/200 362/185/202
f 338/154/170 372/191/208 341/3856/3751
f 372/3857/3752 339/157/173 341/159/175
f 361/186/203 371/3858/3753 367/192/209
f 364/3859/3754 368/195/212 371/197/214
f 359/180/197 348/3860/3755 345/163/179
f 365/3861/3756 346/166/182 348/168/184
f 352/171/188 369/3862/3757 366/189/206
f 358/3863/3758 367/192/209 369/194/211
f 347/3864/185 357/3865/3759 353/174/191
f 350/170/3760 354/177/194 357/179/196
f 345/163/179 320/3866/3761 317/127/143
f 351/3867/3762 318/130/146 320/132/148
f 325/139/155 355/3868/3763 352/171/188
f 327/3869/3764 353/174/191 355/176/193
f 373/198/215 390/3870/3765 387/216/233
f 379/3871/3766 388/219/236 390/221/238
f 374/201/218 386/209/226 378/3872/3767
f 386/3873/3768 375/204/221 378/206/223
f 394/225/242 385/3874/3769 381/210/227
f 400/3875/3770 382/213/230 385/215/232
f 395/228/245 392/224/241 399/3876/3771
f 392/3877/3772 396/231/248 399/233/250
f 415/252/269 393/218/235 418/3878/3773
f 393/3879/3774 416/255/272 418/257/274
f 394/225/242 428/263/280 397/3880/3775
f 428/3881/3776 395/228/245 397/230/247
f 423/264/281 420/260/277 427/3882/3777
f 420/3883/3778 424/267/284 427/269/286
f 415/252/269 404/3884/3779 401/234/251
f 421/3885/3780 402/237/254 404/239/256
f 422/261/278 414/245/262 425/3886/3781
f 414/3887/3782 423/264/281 425/266/283
f 403/240/257 413/3888/3783 409/246/263
f 406/3889/3784 410/249/266 413/251/268
f 401/234/251 376/3890/3785 373/198/215
f 407/3891/3786 374/201/218 376/203/220
f 381/210/227 411/3892/3787 408/243/260
f 383/3893/3788 409/246/263 411/248/265
f 443/288/305 435/272/289 446/3894/3789
f 435/3895/3790 444/291/308 446/293/310
f 436/279/296 434/3896/3791 430/273/290
f 434/278/295 438/285/302 431/276/293
f 437/282/299 456/299/316 441/3897/3792
f 456/3898/3793 438/285/302 441/287/304
f 451/300/317 448/296/313 455/3899/3794
f 448/3900/3795 452/303/320 455/305/322
f 471/324/341 449/290/307 474/3901/3796
f 474/329/346 445/294/311 472/327/344
f 478/333/350 453/3902/3797 450/297/314
f 453/302/319 480/339/356 451/300/317
f 473/330/347 483/3903/3798 479/336/353
f 476/3904/3799 480/339/356 483/341/358
f 457/306/323 477/326/343 460/3905/3800
f 460/311/328 473/330/347 458/309/326
f 464/315/332 481/3906/3801 478/333/350
f 481/338/355 466/321/338 479/336/353
f 459/312/329 469/3907/3802 465/318/335
f 462/3908/3803 466/321/338 469/323/340
f 457/306/323 432/3909/3804 429/270/287
f 432/275/292 459/312/329 430/273/290
f 437/282/299 467/3910/3805 464/315/332
f 467/320/337 436/279/296 465/318/335
f 485/342/359 502/3911/3806 499/358/377
f 491/3912/3807 500/3913/380 502/3914/382
f 492/350/368 490/349/3808 486/345/362
f 498/352/3809 487/348/365 490/349/367
f 506/366/386 497/3915/3810 493/353/371
f 512/3916/3811 494/356/374 497/357/376
f 507/369/389 504/365/385 511/373/3812
f 504/365/3813 508/372/392 511/373/394
f 527/390/413 505/360/379 530/3917/3814
f 505/3918/3815 528/3919/416 530/3920/418
f 534/398/422 509/3921/3816 506/366/386
f 540/3922/3817 507/369/389 509/371/391
f 529/396/419 539/405/3818 535/401/425
f 532/397/3819 536/404/428 539/405/430
f 513/374/395 533/392/415 516/3923/3820
f 533/3924/3821 514/3925/398 516/3926/400
f 520/382/404 537/3927/3822 534/398/422
f 537/403/427 522/3928/410 535/401/425
f 515/380/401 525/389/3823 521/385/407
f 525/389/412 514/377/398 522/388/410
f 513/374/395 488/3929/3824 485/342/359
f 519/3930/3825 486/3931/362 488/3932/364
f 520/382/404 495/355/373 523/3933/3826
f 495/3934/3827 521/385/407 523/387/409
f 541/3935/431 558/3936/3828 555/423/449
f 558/428/454 543/411/437 556/426/452
f 548/414/440 546/3937/3829 542/409/434
f 546/413/439 550/420/446 543/411/437
f 562/431/458 553/3938/3830 549/417/443
f 568/3939/3831 550/420/446 553/422/448
f 557/3940/455 567/3941/3832 563/434/461
f 560/3942/3833 564/437/464 567/439/466
f 583/456/485 561/425/451 586/460/3834
f 586/460/490 557/429/455 584/459/488
f 590/464/494 565/436/3835 562/3943/458
f 596/466/3836 563/434/461 565/436/463
f 591/467/497 588/463/493 595/3944/3837
f 595/471/502 584/3945/488 592/470/500
f 583/456/485 572/3946/3838 569/3947/467
f 589/3948/3839 570/443/470 572/445/472
f 590/3949/494 582/450/478 593/3950/3840
f 593/469/499 578/453/482 591/467/497
f 577/3951/479 574/447/475 581/3952/3841
f 581/455/484 570/443/470 578/453/482
f 569/440/467 544/410/3842 541/406/431
f 544/410/436 571/446/473 542/409/434
f 576/448/476 551/419/445 579/452/3843
f 551/419/3844 577/451/479 579/452/481
f 93/3668/3505 117/3703/3537 141/3731/3569
f 91/3751/3592 94/3653/3490 88/3655/3492
f 163/3746/3587 88/3655/3492 160/3749/3590
f 90/3752/3593 144/3728/3564 120/3697/3532
f 97/3659/3496 100/3665/3502 94/3653/3490
f 103/3678/3507 106/3684/3519 100/3673/3502
f 109/3680/3515 112/3683/3518 106/3684/3519
f 112/3683/3518 121/3695/3530 118/3691/3526
f 121/3704/3530 124/3699/3534 118/3701/3526
f 127/3706/3539 130/3709/3542 124/3699/3534
f 133/3714/3547 136/3717/3550 130/3709/3542
f 139/3695/3555 142/3683/3558 136/3691/3550
f 145/3688/3563 148/3684/3566 142/3683/3558
f 151/3680/3571 154/3673/3574 148/3684/3566
f 157/3744/3578 160/3749/3590 154/3739/3574
f 303/111/125 261/63/71 275/79/89
f 263/5184/77 284/93/104 276/82/92
f 291/5185/113 268/71/80 262/66/74
f 282/87/98 296/103/116 310/119/134
f 283/3834/101 304/114/128 277/3831/95
f 311/3840/137 290/98/110 305/5186/131
f 331/145/161 345/163/179 317/127/143
f 319/133/149 340/160/176 332/148/164
f 353/174/191 318/130/146 347/3864/185
f 338/154/170 352/171/188 366/189/206
f 339/157/173 360/183/200 333/151/167
f 367/192/209 346/166/182 361/186/203
f 415/252/269 373/198/215 387/216/233
f 382/213/230 388/219/236 375/204/221
f 403/240/257 380/207/224 374/201/218
f 394/225/242 408/243/260 422/261/278
f 395/228/245 416/255/272 389/222/239
f 423/264/281 402/237/254 417/258/275
f 471/324/341 429/270/287 443/288/305
f 438/285/302 444/291/308 431/276/293
f 459/312/329 436/279/296 430/273/290
f 450/297/314 464/315/332 478/333/350
f 445/294/311 480/339/356 472/327/344
f 479/336/353 458/309/326 473/330/347
f 527/390/413 485/342/359 499/358/377
f 494/356/374 500/3913/380 487/348/365
f 521/385/407 486/3931/362 515/380/401
f 506/366/386 520/382/404 534/398/422
f 501/364/383 536/5187/428 528/3919/416
f 529/396/419 522/3928/410 514/3925/398
f 583/456/485 541/3935/431 555/423/449
f 543/411/437 564/437/464 556/426/452
f 571/446/473 548/414/440 542/409/434
f 590/3949/494 549/417/443 576/448/476
f 563/434/461 584/3945/488 557/3940/455
f 591/467/497 570/443/470 585/461/491
f 261/63/71 264/3842/3739 265/64/72
f 262/66/74 266/70/3724 265/67/75
f 263/69/77 267/5408/3723 265/67/78
f 268/71/80 271/5409/5275 272/72/81
f 269/74/83 273/3827/3726 272/75/84
f 270/77/86 274/73/3725 272/72/87
f 275/79/89 278/3825/3722 279/80/90
f 276/82/92 280/86/5276 279/83/93
f 277/85/95 281/5410/5277 279/83/96
f 282/87/98 285/3832/3729 286/88/99
f 283/90/101 287/94/3727 286/91/102
f 284/93/104 288/5411/5278 286/91/105
f 289/95/107 292/3836/3733 293/96/108
f 290/98/110 294/102/3738 293/99/111
f 291/101/113 295/5412/3740 293/99/114
f 296/103/116 299/3844/3741 300/104/117
f 297/106/119 301/110/3737 300/107/120
f 298/109/122 302/3839/3736 300/107/123
f 303/111/125 306/3830/3728 307/112/126
f 304/114/128 308/118/3732 307/115/129
f 305/117/131 309/5413/3734 307/115/132
f 310/119/134 313/3838/3735 314/120/135
f 311/122/137 315/126/3731 314/123/138
f 312/125/140 316/3833/3730 314/123/141
f 317/127/143 320/3866/3761 321/128/144
f 318/130/146 322/3849/3744 321/131/147
f 319/133/149 323/3848/3743 321/134/150
f 324/136/152 327/3869/3764 328/137/153
f 325/139/155 329/3850/3745 328/140/156
f 326/142/158 330/5414/5279 328/143/159
f 331/145/161 334/3847/3742 335/146/162
f 332/148/164 336/3853/3748 335/149/165
f 333/151/167 337/3855/3750 335/152/168
f 338/154/170 341/3856/3751 342/155/171
f 339/5415/173 343/162/3747 342/161/174
f 340/160/176 344/3851/3746 342/161/177
f 345/163/179 348/3860/3755 349/164/180
f 346/166/182 350/170/3760 349/167/183
f 347/3864/185 351/3867/3762 349/5416/186
f 352/171/188 355/3868/3763 356/172/189
f 353/174/191 357/3865/3759 356/175/192
f 354/177/194 358/3863/3758 356/178/195
f 359/180/197 362/3854/3749 363/181/198
f 360/183/200 364/3859/3754 363/184/201
f 361/186/203 365/3861/3756 363/187/204
f 366/189/206 369/3862/3757 370/190/207
f 367/192/209 371/3858/3753 370/193/210
f 368/195/212 372/3857/3752 370/196/213
f 373/198/215 376/3890/3785 377/199/216
f 374/201/218 378/3872/3767 377/202/219
f 375/204/221 379/3871/3766 377/205/222
f 380/207/224 383/3893/3788 384/208/225
f 381/210/227 385/3874/3769 384/211/228
f 382/213/230 386/3873/3768 384/214/231
f 387/216/233 390/3870/3765 391/217/234
f 388/219/236 392/3877/3772 391/220/237
f 389/222/239 393/3879/3774 391/223/240
f 394/225/242 397/3880/3775 398/226/243
f 395/228/245 399/3876/3771 398/229/246
f 396/231/248 400/3875/3770 398/232/249
f 401/234/251 404/3884/3779 405/235/252
f 402/237/254 406/3889/3784 405/238/255
f 403/240/257 407/3891/3786 405/241/258
f 408/243/260 411/3892/3787 412/244/261
f 409/246/263 413/3888/3783 412/247/264
f 410/249/266 414/3887/3782 412/250/267
f 415/252/269 418/3878/3773 419/253/270
f 416/255/272 420/3883/3778 419/256/273
f 417/258/275 421/3885/3780 419/259/276
f 422/261/278 425/3886/3781 426/262/279
f 423/264/281 427/3882/3777 426/265/282
f 424/267/284 428/3881/3776 426/268/285
f 429/270/287 432/3909/3804 433/271/288
f 430/273/290 434/3896/3791 433/274/291
f 431/276/293 435/3895/3790 433/277/294
f 436/279/296 439/5417/5280 440/280/297
f 437/282/299 441/3897/3792 440/283/300
f 438/285/302 442/5418/5281 440/286/303
f 443/288/305 446/3894/3789 447/289/306
f 444/291/308 448/3900/3795 447/292/309
f 445/294/311 449/5419/5282 447/295/312
f 450/297/314 453/3902/3797 454/298/315
f 451/300/317 455/3899/3794 454/301/318
f 452/303/320 456/3898/3793 454/304/321
f 457/306/323 460/3905/3800 461/307/324
f 458/309/326 462/3908/3803 461/310/327
f 459/312/329 463/5420/5283 461/313/330
f 464/315/332 467/3910/3805 468/316/333
f 465/318/335 469/3907/3802 468/319/336
f 466/321/338 470/5421/5284 468/322/339
f 471/324/341 474/3901/3796 475/325/342
f 472/327/344 476/3904/3799 475/328/345
f 473/330/347 477/5422/5285 475/331/348
f 478/333/350 481/3906/3801 482/334/351
f 479/336/353 483/3903/3798 482/337/354
f 480/339/356 484/5423/5286 482/340/357
f 485/342/359 488/3929/3824 489/343/360
f 486/345/362 490/349/3808 489/346/363
f 487/348/365 491/3912/3807 489/346/366
f 492/350/368 495/5424/3827 496/351/369
f 493/353/371 497/3915/3810 496/354/372
f 494/356/374 498/352/3809 496/351/375
f 499/358/377 502/3911/3806 503/359/378
f 500/361/380 504/365/3813 503/362/381
f 501/364/383 505/3918/3815 503/362/384
f 506/366/386 509/3921/3816 510/367/387
f 507/369/389 511/373/3812 510/370/390
f 508/372/392 512/5425/3811 510/370/393
f 513/374/395 516/3923/3820 517/375/396
f 514/377/398 518/381/5287 517/378/399
f 515/380/401 519/3930/3825 517/378/402
f 520/382/404 523/3933/3826 524/383/405
f 521/385/407 525/389/3823 524/386/408
f 522/388/410 526/5426/5288 524/386/411
f 527/390/413 530/3917/3814 531/391/414
f 528/393/416 532/397/3819 531/394/417
f 529/396/419 533/3924/3821 531/394/420
f 534/398/422 537/3927/3822 538/399/423
f 535/401/425 539/405/3818 538/402/426
f 536/404/428 540/5427/3817 538/402/429
f 541/406/431 544/410/3842 545/407/432
f 542/409/434 546/3937/3829 545/407/435
f 543/411/437 547/5428/5289 545/412/438
f 548/5429/440 551/419/3844 552/418/441
f 549/417/443 553/3938/3830 552/418/444
f 550/420/446 554/5430/5290 552/421/447
f 555/423/449 558/3936/3828 559/424/450
f 556/426/452 560/3942/3833 559/427/453
f 557/429/455 561/425/5291 559/424/456
f 562/3943/458 565/436/3835 566/435/459
f 563/434/461 567/3941/3832 566/435/462
f 564/437/464 568/3939/3831 566/438/465
f 569/3947/467 572/3946/3838 573/5431/468
f 570/443/470 574/5432/5292 573/444/471
f 571/446/473 575/442/5293 573/441/474
f 576/448/476 579/452/3843 580/449/477
f 577/451/479 581/5433/3841 580/449/480
f 578/453/482 582/5434/5294 580/454/483
f 583/456/485 586/460/3834 587/457/486
f 584/3945/488 588/5435/5295 587/5436/489
f 585/461/491 589/3948/3839 587/462/492
f 590/464/494 593/5437/3840 594/465/495
f 591/467/497 595/3944/3837 594/468/498
f 592/470/500 596/466/3836 594/465/501
f 94/3653/3490 95/3666/3503 89/3654/3491
f 95/3656/3493 93/3668/3505 87/3657/3494
f 97/3659/3496 91/3751/3592 92/3660/3497
f 92/3662/3499 90/3752/3593 96/3663/3500
f 100/3665/3502 101/5719/3511 95/3666/3503
f 101/3667/3504 99/3677/3513 93/3668/3505
f 97/3659/3496 98/3661/3498 104/3669/3506
f 98/3664/3501 96/3663/3500 102/3671/3508
f 100/3673/3502 106/3684/3519 107/3674/3510
f 107/3676/3512 105/3686/3521 99/3677/3513
f 103/3678/3507 104/5720/3506 110/3679/3514
f 104/3672/3509 102/3671/3508 108/3681/3516
f 112/3683/3518 113/3692/3527 107/3674/3510
f 113/3685/3520 111/3694/3529 105/3686/3521
f 109/3680/3515 110/3679/3514 116/3687/3522
f 110/3682/3517 108/3681/3516 114/3689/3524
f 118/3691/3526 119/3725/3535 113/3692/3527
f 119/3693/3528 117/3703/3537 111/3694/3529
f 121/3695/3530 115/3688/3523 116/3687/3522
f 116/3690/3525 114/3689/3524 120/3697/3532
f 124/3699/3534 125/3710/3543 119/3700/3535
f 125/3702/3536 123/3712/3545 117/3703/3537
f 121/3704/3530 122/5721/3531 128/3705/3538
f 122/3698/3533 120/3697/3532 126/3707/3540
f 130/3709/3542 131/3718/3551 125/3710/3543
f 131/3711/3544 129/3720/3553 123/3712/3545
f 127/3706/3539 128/3705/3538 134/3713/3546
f 128/3708/3541 126/3707/3540 132/3715/3548
f 136/3717/3550 137/5722/3559 131/3718/3551
f 137/3719/3552 135/3727/3561 129/3720/3553
f 133/3714/3547 134/3713/3546 140/3721/3554
f 134/3716/3549 132/3715/3548 138/3723/3556
f 142/3683/3558 143/3692/3567 137/3725/3559
f 143/3726/3560 141/3731/3569 135/3727/3561
f 139/3695/3555 140/3696/3554 146/3687/3562
f 140/3724/3557 138/3723/3556 144/3728/3564
f 148/3684/3566 149/3674/3575 143/3692/3567
f 149/3730/3568 147/3735/3577 141/3731/3569
f 145/3688/3563 146/3687/3562 152/3679/3570
f 146/3729/3565 144/3728/3564 150/3732/3572
f 154/3673/3574 155/3675/3583 149/3674/3575
f 155/3734/3576 153/3743/3585 147/3735/3577
f 157/3678/3578 151/3680/3571 152/3679/3570
f 152/3733/3573 150/3732/3572 156/3737/3580
f 154/3739/3574 160/3749/3590 161/3740/3582
f 161/3742/3584 159/3750/3591 153/3743/3585
f 157/3744/3578 158/5723/3579 164/3745/3586
f 158/3738/3581 156/3737/3580 162/3747/3588
f 88/3655/3492 89/3654/3491 161/3740/3582
f 161/3742/3584 89/3658/3495 87/3657/3494
f 163/3746/3587 164/3745/3586 92/3660/3497
f 164/3748/3589 162/3747/3588 90/3752/3593
f 261/63/71 267/65/73 278/3825/3722
f 267/3826/3723 263/5184/77 276/82/92
f 268/71/80 274/73/82 266/70/3724
f 274/73/3725 270/77/86 263/69/77
f 282/87/98 288/89/100 273/3827/3726
f 273/3828/88 288/5411/5278 284/93/104
f 277/85/95 280/86/97 287/94/3727
f 287/94/106 280/86/5276 276/82/92
f 275/79/89 281/81/91 306/3830/3728
f 306/116/130 281/5724/5277 277/3831/95
f 310/119/134 316/121/136 285/3832/3729
f 316/3833/3730 312/125/140 283/3834/101
f 311/122/137 305/117/131 308/118/133
f 308/118/3732 304/114/128 312/125/140
f 289/95/107 303/111/125 309/113/127
f 309/3837/3734 305/5186/131 290/98/110
f 310/119/134 296/103/116 302/105/118
f 302/3839/3736 298/109/122 311/3840/137
f 297/106/119 291/101/113 294/102/115
f 294/102/3738 290/98/110 298/109/122
f 289/95/107 295/97/109 264/3842/3739
f 295/3843/3740 291/5185/113 262/66/74
f 296/103/116 269/74/83 271/76/85
f 299/3845/121 271/5409/5275 268/71/80
f 317/127/143 323/129/145 334/3847/3742
f 323/3848/3743 319/133/149 332/148/164
f 324/136/152 330/138/154 322/3849/3744
f 322/135/151 330/5414/5279 326/142/158
f 325/139/155 338/154/170 344/156/172
f 344/3851/3746 340/160/176 326/142/158
f 333/151/167 336/153/169 343/3852/3747
f 336/3853/3748 332/148/164 340/160/176
f 359/180/197 331/145/161 337/147/163
f 337/3855/3750 333/151/167 360/183/200
f 338/154/170 366/189/206 372/191/208
f 372/3857/3752 368/195/212 339/157/173
f 361/186/203 364/188/205 371/3858/3753
f 364/3859/3754 360/183/200 368/195/212
f 359/180/197 365/182/199 348/3860/3755
f 365/3861/3756 361/186/203 346/166/182
f 352/171/188 358/173/190 369/3862/3757
f 358/3863/3758 354/177/194 367/192/209
f 347/3864/185 350/5725/187 357/3865/3759
f 350/170/3760 346/166/182 354/177/194
f 345/163/179 351/165/181 320/3866/3761
f 351/3867/3762 347/3864/185 318/130/146
f 325/139/155 327/141/157 355/3868/3763
f 327/3869/3764 324/136/152 353/174/191
f 373/198/215 379/200/217 390/3870/3765
f 379/3871/3766 375/204/221 388/219/236
f 374/201/218 380/207/224 386/209/226
f 386/3873/3768 382/213/230 375/204/221
f 394/225/242 400/227/244 385/3874/3769
f 400/3875/3770 396/231/248 382/213/230
f 395/228/245 389/222/239 392/224/241
f 392/3877/3772 388/219/236 396/231/248
f 415/252/269 387/216/233 393/218/235
f 393/3879/3774 389/222/239 416/255/272
f 394/225/242 422/261/278 428/263/280
f 428/3881/3776 424/267/284 395/228/245
f 423/264/281 417/258/275 420/260/277
f 420/3883/3778 416/255/272 424/267/284
f 415/252/269 421/254/271 404/3884/3779
f 421/3885/3780 417/258/275 402/237/254
f 422/261/278 408/243/260 414/245/262
f 414/3887/3782 410/249/266 423/264/281
f 403/240/257 406/242/259 413/3888/3783
f 406/3889/3784 402/237/254 410/249/266
f 401/234/251 407/236/253 376/3890/3785
f 407/3891/3786 403/240/257 374/201/218
f 381/210/227 383/212/229 411/3892/3787
f 383/3893/3788 380/207/224 409/246/263
f 443/288/305 429/270/287 435/272/289
f 435/3895/3790 431/276/293 444/291/308
f 436/279/296 442/281/298 434/3896/3791
f 434/278/295 442/5418/5281 438/285/302
f 437/282/299 450/297/314 456/299/316
f 456/3898/3793 452/303/320 438/285/302
f 451/300/317 445/294/311 448/296/313
f 448/3900/3795 444/291/308 452/303/320
f 471/324/341 443/288/305 449/290/307
f 474/329/346 449/5419/5282 445/294/311
f 478/333/350 484/335/352 453/3902/3797
f 453/302/319 484/5423/5286 480/339/356
f 473/330/347 476/332/349 483/3903/3798
f 476/3904/3799 472/327/344 480/339/356
f 457/306/323 471/324/341 477/326/343
f 460/311/328 477/5422/5285 473/330/347
f 464/315/332 470/317/334 481/3906/3801
f 481/338/355 470/5421/5284 466/321/338
f 459/312/329 462/314/331 469/3907/3802
f 462/3908/3803 458/309/326 466/321/338
f 457/306/323 463/308/325 432/3909/3804
f 432/275/292 463/5420/5283 459/312/329
f 437/282/299 439/284/301 467/3910/3805
f 467/320/337 439/5417/5280 436/279/296
f 485/342/359 491/344/361 502/3911/3806
f 491/3912/3807 487/348/365 500/3913/380
f 492/350/368 498/352/370 490/349/3808
f 498/352/3809 494/356/374 487/348/365
f 506/366/386 512/368/388 497/3915/3810
f 512/3916/3811 508/5726/392 494/356/374
f 507/369/389 501/364/383 504/365/385
f 504/365/3813 500/361/380 508/372/392
f 527/390/413 499/358/377 505/360/379
f 505/3918/3815 501/364/383 528/3919/416
f 534/398/422 540/400/424 509/3921/3816
f 540/3922/3817 536/5187/428 507/369/389
f 529/396/419 532/397/421 539/405/3818
f 532/397/3819 528/393/416 536/404/428
f 513/374/395 527/390/413 533/392/415
f 533/3924/3821 529/396/419 514/3925/398
f 520/382/404 526/384/406 537/3927/3822
f 537/403/427 526/5727/5288 522/3928/410
f 515/380/401 518/381/403 525/389/3823
f 525/389/412 518/381/5287 514/377/398
f 513/374/395 519/376/397 488/3929/3824
f 519/3930/3825 515/380/401 486/3931/362
f 520/382/404 493/353/371 495/355/373
f 495/3934/3827 492/5728/368 521/385/407
f 541/3935/431 547/5729/433 558/3936/3828
f 558/428/454 547/5428/5289 543/411/437
f 548/414/440 554/416/442 546/3937/3829
f 546/413/439 554/5430/5290 550/420/446
f 562/431/458 568/433/460 553/3938/3830
f 568/3939/3831 564/437/464 550/420/446
f 557/3940/455 560/5730/457 567/3941/3832
f 560/3942/3833 556/426/452 564/437/464
f 583/456/485 555/423/449 561/425/451
f 586/460/490 561/425/5291 557/429/455
f 590/464/494 596/466/496 565/436/3835
f 596/466/3836 592/470/500 563/434/461
f 591/467/497 585/461/491 588/463/493
f 595/471/502 588/5435/5295 584/3945/488
f 583/456/485 589/458/487 572/3946/3838
f 589/3948/3839 585/461/491 570/443/470
f 590/3949/494 576/448/476 582/450/478
f 593/469/499 582/5434/5294 578/453/482
f 577/3951/479 571/446/473 574/447/475
f 581/455/484 574/5432/5292 570/443/470
f 569/440/467 575/442/469 544/410/3842
f 544/410/436 575/442/5293 571/446/473
f 576/448/476 549/417/443 551/419/445
f 551/419/3844 548/5429/440 577/451/479
f 159/3750/3591 87/3657/3494 93/3668/3505
f 93/3668/3505 99/3677/3513 105/3686/3521
f 105/3686/3521 111/3694/3529 117/3703/3537
f 117/3703/3537 123/3712/3545 129/3720/3553
f 129/3720/3553 135/3727/3561 141/3731/3569
f 141/3731/3569 147/3735/3577 153/3743/3585
f 153/3743/3585 159/3750/3591 141/3731/3569
f 159/3750/3591 93/3668/3505 141/3731/3569
f 93/3668/3505 105/3686/3521 117/3703/3537
f 117/3703/3537 129/3720/3553 141/3731/3569
f 91/3751/3592 97/3659/3496 94/3653/3490
f 163/3746/3587 91/3751/3592 88/3655/3492
f 102/3671/3508 96/3663/3500 90/3752/3593
f 90/3752/3593 162/3747/3588 156/3737/3580
f 156/3737/3580 150/3732/3572 144/3728/3564
f 144/3728/3564 138/3723/3556 120/3697/3532
f 138/3723/3556 132/3715/3548 120/3697/3532
f 132/3715/3548 126/3707/3540 120/3697/3532
f 120/3697/3532 114/3689/3524 108/3681/3516
f 108/3681/3516 102/3671/3508 120/3697/3532
f 102/3671/3508 90/3752/3593 120/3697/3532
f 90/3752/3593 156/3737/3580 144/3728/3564
f 97/3659/3496 103/3670/3507 100/3665/3502
f 103/3678/3507 109/3680/3515 106/3684/3519
f 109/3680/3515 115/3688/3523 112/3683/3518
f 112/3683/3518 115/3688/3523 121/3695/3530
f 121/3704/3530 127/3706/3539 124/3699/3534
f 127/3706/3539 133/3714/3547 130/3709/3542
f 133/3714/3547 139/3722/3555 136/3717/3550
f 139/3695/3555 145/3688/3563 142/3683/3558
f 145/3688/3563 151/3680/3571 148/3684/3566
f 151/3680/3571 157/3678/3578 154/3673/3574
f 157/3744/3578 163/3746/3587 160/3749/3590
f 303/111/125 289/95/107 261/63/71
f 263/5184/77 270/3829/86 284/93/104
f 291/5185/113 297/3846/119 268/71/80
f 282/87/98 269/74/83 296/103/116
f 283/3834/101 312/125/140 304/114/128
f 311/3840/137 298/109/122 290/98/110
f 331/145/161 359/180/197 345/163/179
f 319/133/149 326/142/158 340/160/176
f 353/174/191 324/136/152 318/130/146
f 338/154/170 325/139/155 352/171/188
f 339/157/173 368/195/212 360/183/200
f 367/192/209 354/177/194 346/166/182
f 415/252/269 401/234/251 373/198/215
f 382/213/230 396/231/248 388/219/236
f 403/240/257 409/246/263 380/207/224
f 394/225/242 381/210/227 408/243/260
f 395/228/245 424/267/284 416/255/272
f 423/264/281 410/249/266 402/237/254
f 471/324/341 457/306/323 429/270/287
f 438/285/302 452/303/320 444/291/308
f 459/312/329 465/318/335 436/279/296
f 450/297/314 437/282/299 464/315/332
f 445/294/311 451/300/317 480/339/356
f 479/336/353 466/321/338 458/309/326
f 527/390/413 513/374/395 485/342/359
f 494/356/374 508/5726/392 500/3913/380
f 521/385/407 492/5728/368 486/3931/362
f 506/366/386 493/353/371 520/382/404
f 501/364/383 507/369/389 536/5187/428
f 529/396/419 535/401/425 522/3928/410
f 583/456/485 569/3947/467 541/3935/431
f 543/411/437 550/420/446 564/437/464
f 571/446/473 577/3951/479 548/414/440
f 590/3949/494 562/431/458 549/417/443
f 563/434/461 592/470/500 584/3945/488
f 591/467/497 578/453/482 570/443/470
usemtl guck
f 172/3753/3594 167/3754/3595 166/3755/3596
f 173/3756/3597 165/3757/3598 167/3758/3599
f 169/3759/3600 176/3760/3601 175/3761/3602
f 170/3758/3603 174/3762/3604 176/3756/3605
f 172/3753/3594 179/3763/3606 173/3764/3607
f 173/3756/3597 177/3765/3608 171/3762/3609
f 175/3761/3602 182/3766/3610 181/3767/3611
f 182/3768/3612 174/3762/3604 180/3765/3613
f 184/3769/3614 179/3770/3606 178/3771/3615
f 185/3772/3616 177/3765/3608 179/3768/3617
f 181/3773/3611 188/3774/3618 187/3775/3619
f 188/3772/3620 180/3765/3613 186/3776/3621
f 190/3777/3622 185/3778/3623 184/3769/3614
f 191/3779/3624 183/3776/3625 185/3772/3616
f 187/3775/3619 194/3780/3626 193/3781/3627
f 188/3772/3620 192/3782/3628 194/3779/3629
f 196/3783/3630 191/3784/3631 190/3777/3622
f 197/3785/3632 189/3782/3633 191/3779/3624
f 193/3781/3627 200/3786/3634 199/3787/3635
f 194/3779/3629 198/3788/3636 200/3785/3637
f 196/3783/3630 203/3789/3638 197/3790/3639
f 197/3785/3632 201/3791/3640 195/3788/3641
f 199/3787/3635 206/3792/3642 205/3793/3643
f 206/3794/3644 198/3788/3636 204/3791/3645
f 208/3753/3646 203/3763/3638 202/3795/3647
f 209/3796/3648 201/3791/3640 203/3794/3649
f 205/3767/3643 212/3760/3650 211/3761/3651
f 212/3796/3652 204/3791/3645 210/3797/3653
f 214/3755/3654 209/3764/3655 208/3753/3646
f 215/3798/3656 207/3797/3657 209/3796/3648
f 211/3761/3651 218/3799/3658 217/3759/3659
f 212/3796/3652 216/3800/3660 218/3798/3661
f 220/3801/3662 215/3754/3663 214/3755/3654
f 221/3802/3664 213/3800/3665 215/3798/3656
f 217/3759/3659 224/3803/3666 223/3804/3667
f 218/3798/3661 222/3805/3668 224/3802/3669
f 220/3801/3662 227/3806/3670 221/3807/3671
f 221/3802/3664 225/3808/3672 219/3805/3673
f 223/3804/3667 230/3809/3674 229/3810/3675
f 230/3811/3676 222/3805/3668 228/3808/3677
f 232/3783/3678 227/3789/3670 226/3812/3679
f 233/3813/3680 225/3808/3672 227/3811/3681
f 229/3793/3675 236/3786/3682 235/3787/3683
f 236/3813/3684 228/3808/3677 234/3814/3685
f 238/3777/3686 233/3790/3687 232/3783/3678
f 239/3815/3688 231/3814/3689 233/3813/3680
f 235/3787/3683 242/3780/3690 241/3781/3691
f 236/3813/3684 240/3816/3692 242/3815/3693
f 244/3769/3694 239/3784/3695 238/3777/3686
f 245/3817/3696 237/3816/3697 239/3815/3688
f 241/3781/3691 248/3774/3698 247/3775/3699
f 242/3815/3693 246/3818/3700 248/3817/3701
f 244/3769/3694 251/3770/3702 245/3778/3703
f 245/3817/3696 249/3819/3704 243/3818/3705
f 247/3775/3699 254/3820/3706 253/3773/3707
f 254/3821/3708 246/3818/3700 252/3819/3709
f 256/3801/3710 251/3806/3702 250/3822/3711
f 257/3823/3712 249/3819/3704 251/3821/3713
f 253/3810/3707 260/3803/3714 259/3804/3715
f 260/3823/3716 252/3819/3709 258/3824/3717
f 166/3755/3596 257/3807/3718 256/3801/3710
f 167/3758/3599 255/3824/3719 257/3823/3712
f 259/3804/3715 170/3799/3720 169/3759/3600
f 260/3823/3716 168/3757/3721 170/3758/3603
f 207/3797/3657 231/3814/3689 255/3824/3719
f 169/3759/3600 172/3753/3594 166/3755/3596
f 259/3804/3715 166/3755/3596 256/3801/3710
f 228/3808/3677 204/3791/3645 180/3765/3613
f 175/3761/3602 178/3795/3615 172/3753/3594
f 181/3773/3611 184/3769/3614 178/3771/3615
f 187/3775/3619 190/3777/3622 184/3769/3614
f 193/3781/3627 196/3783/3630 190/3777/3622
f 199/3787/3635 202/3812/3647 196/3783/3630
f 205/3767/3643 208/3753/3646 202/3795/3647
f 211/3761/3651 214/3755/3654 208/3753/3646
f 217/3759/3659 220/3801/3662 214/3755/3654
f 223/3804/3667 226/3822/3679 220/3801/3662
f 229/3793/3675 232/3783/3678 226/3812/3679
f 235/3787/3683 238/3777/3686 232/3783/3678
f 241/3781/3691 244/3769/3694 238/3777/3686
f 247/3775/3699 250/3771/3711 244/3769/3694
f 253/3810/3707 256/3801/3710 250/3822/3711
f 172/3753/3594 173/3764/3607 167/3754/3595
f 173/3756/3597 171/3762/3609 165/3757/3598
f 169/3759/3600 170/3799/3720 176/3760/3601
f 170/3758/3603 168/3757/3721 174/3762/3604
f 172/3753/3594 178/3795/3615 179/3763/3606
f 173/3756/3597 179/3768/3617 177/3765/3608
f 175/3761/3602 176/3760/3601 182/3766/3610
f 182/3768/3612 176/3756/3605 174/3762/3604
f 184/3769/3614 185/3778/3623 179/3770/3606
f 185/3772/3616 183/3776/3625 177/3765/3608
f 181/3773/3611 182/3820/3610 188/3774/3618
f 188/3772/3620 182/3768/3612 180/3765/3613
f 190/3777/3622 191/3784/3631 185/3778/3623
f 191/3779/3624 189/3782/3633 183/3776/3625
f 187/3775/3619 188/3774/3618 194/3780/3626
f 188/3772/3620 186/3776/3621 192/3782/3628
f 196/3783/3630 197/3790/3639 191/3784/3631
f 197/3785/3632 195/3788/3641 189/3782/3633
f 193/3781/3627 194/3780/3626 200/3786/3634
f 194/3779/3629 192/3782/3628 198/3788/3636
f 196/3783/3630 202/3812/3647 203/3789/3638
f 197/3785/3632 203/3794/3649 201/3791/3640
f 199/3787/3635 200/3786/3634 206/3792/3642
f 206/3794/3644 200/3785/3637 198/3788/3636
f 208/3753/3646 209/3764/3655 203/3763/3638
f 209/3796/3648 207/3797/3657 201/3791/3640
f 205/3767/3643 206/3766/3642 212/3760/3650
f 212/3796/3652 206/3794/3644 204/3791/3645
f 214/3755/3654 215/3754/3663 209/3764/3655
f 215/3798/3656 213/3800/3665 207/3797/3657
f 211/3761/3651 212/3760/3650 218/3799/3658
f 212/3796/3652 210/3797/3653 216/3800/3660
f 220/3801/3662 221/3807/3671 215/3754/3663
f 221/3802/3664 219/3805/3673 213/3800/3665
f 217/3759/3659 218/3799/3658 224/3803/3666
f 218/3798/3661 216/3800/3660 222/3805/3668
f 220/3801/3662 226/3822/3679 227/3806/3670
f 221/3802/3664 227/3811/3681 225/3808/3672
f 223/3804/3667 224/3803/3666 230/3809/3674
f 230/3811/3676 224/3802/3669 222/3805/3668
f 232/3783/3678 233/3790/3687 227/3789/3670
f 233/3813/3680 231/3814/3689 225/3808/3672
f 229/3793/3675 230/3792/3674 236/3786/3682
f 236/3813/3684 230/3811/3676 228/3808/3677
f 238/3777/3686 239/3784/3695 233/3790/3687
f 239/3815/3688 237/3816/3697 231/3814/3689
f 235/3787/3683 236/3786/3682 242/3780/3690
f 236/3813/3684 234/3814/3685 240/3816/3692
f 244/3769/3694 245/3778/3703 239/3784/3695
f 245/3817/3696 243/3818/3705 237/3816/3697
f 241/3781/3691 242/3780/3690 248/3774/3698
f 242/3815/3693 240/3816/3692 246/3818/3700
f 244/3769/3694 250/3771/3711 251/3770/3702
f 245/3817/3696 251/3821/3713 249/3819/3704
f 247/3775/3699 248/3774/3698 254/3820/3706
f 254/3821/3708 248/3817/3701 246/3818/3700
f 256/3801/3710 257/3807/3718 251/3806/3702
f 257/3823/3712 255/3824/3719 249/3819/3704
f 253/3810/3707 254/3809/3706 260/3803/3714
f 260/3823/3716 254/3821/3708 252/3819/3709
f 166/3755/3596 167/3754/3595 257/3807/3718
f 167/3758/3599 165/3757/3598 255/3824/3719
f 259/3804/3715 260/3803/3714 170/3799/3720
f 260/3823/3716 258/3824/3717 168/3757/3721
f 255/3824/3719 165/3757/3598 183/3776/3625
f 165/3757/3598 171/3762/3609 183/3776/3625
f 171/3762/3609 177/3765/3608 183/3776/3625
f 183/3776/3625 189/3782/3633 207/3797/3657
f 189/3782/3633 195/3788/3641 207/3797/3657
f 195/3788/3641 201/3791/3640 207/3797/3657
f 207/3797/3657 213/3800/3665 231/3814/3689
f 213/3800/3665 219/3805/3673 231/3814/3689
f 219/3805/3673 225/3808/3672 231/3814/3689
f 231/3814/3689 237/3816/3697 255/3824/3719
f 237/3816/3697 243/3818/3705 255/3824/3719
f 243/3818/3705 249/3819/3704 255/3824/3719
f 255/3824/3719 183/3776/3625 207/3797/3657
f 169/3759/3600 175/3761/3602 172/3753/3594
f 259/3804/3715 169/3759/3600 166/3755/3596
f 180/3765/3613 174/3762/3604 168/3757/3721
f 168/3757/3721 258/3824/3717 252/3819/3709
f 252/3819/3709 246/3818/3700 240/3816/3692
f 240/3816/3692 234/3814/3685 228/3808/3677
f 228/3808/3677 222/3805/3668 216/3800/3660
f 216/3800/3660 210/3797/3653 204/3791/3645
f 204/3791/3645 198/3788/3636 192/3782/3628
f 192/3782/3628 186/3776/3621 180/3765/3613
f 180/3765/3613 168/3757/3721 252/3819/3709
f 252/3819/3709 240/3816/3692 228/3808/3677
f 228/3808/3677 216/3800/3660 204/3791/3645
f 204/3791/3645 192/3782/3628 180/3765/3613
f 180/3765/3613 252/3819/3709 228/3808/3677
f 175/3761/3602 181/3767/3611 178/3795/3615
f 181/3773/3611 187/3775/3619 184/3769/3614
f 187/3775/3619 193/3781/3627 190/3777/3622
f 193/3781/3627 199/3787/3635 196/3783/3630
f 199/3787/3635 205/3793/3643 202/3812/3647
f 205/3767/3643 211/3761/3651 208/3753/3646
f 211/3761/3651 217/3759/3659 214/3755/3654
f 217/3759/3659 223/3804/3667 220/3801/3662
f 223/3804/3667 229/3810/3675 226/3822/3679
f 229/3793/3675 235/3787/3683 232/3783/3678
f 235/3787/3683 241/3781/3691 238/3777/3686
f 241/3781/3691 247/3775/3699 244/3769/3694
f 247/3775/3699 253/3773/3707 250/3771/3711
f 253/3810/3707 259/3804/3715 256/3801/3710
usemtl timber
f 597/472/503 601/473/504 603/474/505
f 598/475/506 601/476/507 600/477/508
f 599/478/509 601/476/507 602/479/510
f 604/480/511 608/481/512 610/482/513
f 605/483/514 608/484/515 607/485/516
f 606/486/517 608/484/515 609/487/518
f 611/488/519 615/489/520 617/490/521
f 612/491/522 615/492/523 614/493/524
f 613/494/525 615/495/523 616/496/526
f 618/497/527 622/498/528 624/499/529
f 619/500/530 622/501/531 621/502/532
f 620/503/533 622/501/531 623/504/534
f 625/505/535 629/506/536 631/507/537
f 626/508/538 629/509/539 628/510/540
f 627/511/541 629/512/539 630/513/542
f 632/514/543 636/515/544 638/516/545
f 633/517/546 636/518/547 635/519/548
f 634/520/549 636/518/547 637/521/550
f 639/522/551 643/523/552 645/524/553
f 640/525/554 643/526/555 642/527/556
f 641/528/557 643/526/555 644/529/558
f 646/530/559 650/531/560 652/532/561
f 647/533/562 650/534/563 649/535/564
f 648/536/565 650/534/563 651/537/566
f 653/538/567 657/539/568 659/540/569
f 654/541/570 657/542/571 656/543/572
f 655/544/573 657/545/571 658/546/574
f 660/547/575 664/548/576 666/549/577
f 661/550/578 664/551/579 663/552/580
f 662/553/581 664/554/579 665/555/582
f 667/556/583 671/557/584 673/558/585
f 668/559/586 671/560/587 670/561/588
f 669/562/589 671/560/587 672/563/590
f 674/564/591 678/565/592 680/566/593
f 675/567/594 678/568/595 677/569/596
f 676/570/597 678/571/595 679/572/598
f 681/573/599 685/574/600 687/575/601
f 682/576/602 685/577/603 684/578/604
f 683/579/605 685/577/603 686/580/606
f 688/581/607 692/582/608 694/583/609
f 689/584/610 692/585/611 691/586/612
f 690/587/613 692/585/611 693/588/614
f 695/589/615 699/590/616 701/591/617
f 696/592/618 699/593/619 698/594/620
f 697/595/621 699/596/619 700/597/622
f 702/598/623 706/599/624 708/600/625
f 703/601/626 706/602/627 705/603/628
f 704/604/629 706/605/627 707/606/630
f 709/607/631 713/608/632 715/609/633
f 710/610/634 713/611/635 712/612/636
f 711/613/637 713/611/635 714/614/638
f 716/615/639 720/616/640 722/617/641
f 717/618/642 720/619/643 719/620/644
f 718/621/645 720/622/643 721/623/646
f 723/624/647 727/625/648 729/626/649
f 724/627/650 727/628/651 726/629/652
f 725/630/653 727/628/651 728/631/654
f 730/632/655 734/633/656 736/634/657
f 731/635/658 734/636/659 733/637/660
f 732/638/661 734/636/659 735/639/662
f 737/640/663 741/641/664 743/642/665
f 738/643/666 741/644/667 740/645/668
f 739/646/669 741/647/667 742/648/670
f 744/649/671 748/650/672 750/651/673
f 745/652/674 748/653/675 747/654/676
f 746/655/677 748/653/675 749/656/678
f 751/657/679 755/658/680 757/659/681
f 752/660/682 755/661/683 754/662/684
f 753/663/685 755/664/683 756/665/686
f 758/666/687 762/667/688 764/668/689
f 759/669/690 762/670/691 761/671/692
f 760/672/693 762/670/691 763/673/694
f 765/674/695 769/675/696 771/676/697
f 766/677/698 769/678/699 768/679/700
f 767/680/701 769/678/699 770/681/702
f 772/682/703 776/683/704 778/684/705
f 773/685/706 776/686/707 775/687/708
f 774/688/709 776/686/707 777/689/710
f 779/690/711 783/691/712 785/692/713
f 780/693/714 783/694/715 782/695/716
f 781/696/717 783/697/715 784/698/718
f 786/699/719 790/700/720 792/701/721
f 787/702/722 790/703/723 789/704/724
f 788/705/725 790/703/723 791/706/726
f 793/707/727 797/708/728 799/709/729
f 794/710/730 797/711/731 796/712/732
f 795/713/733 797/711/731 798/714/734
f 800/715/735 804/716/736 806/717/737
f 801/718/738 804/719/739 803/720/740
f 802/721/741 804/722/739 805/723/742
f 807/724/743 811/725/744 813/726/745
f 808/727/746 811/728/747 810/729/748
f 809/730/749 811/728/747 812/731/750
f 814/732/751 818/733/752 820/734/753
f 815/735/754 818/736/755 817/737/756
f 816/738/757 818/736/755 819/739/758
f 821/740/759 825/741/760 827/742/761
f 822/743/762 825/744/763 824/745/764
f 823/746/765 825/747/763 826/748/766
f 828/749/767 832/750/768 834/751/769
f 829/752/770 832/753/771 831/754/772
f 830/755/773 832/756/771 833/757/774
f 835/758/775 839/759/776 841/760/777
f 836/761/778 839/762/779 838/763/780
f 837/764/781 839/765/779 840/766/782
f 842/767/783 846/768/784 848/769/785
f 843/770/786 846/771/787 845/772/788
f 844/773/789 846/771/787 847/774/790
f 4305/3426/3250 4309/3427/3251 4311/3428/3252
f 4306/3429/3253 4309/3430/3254 4308/3431/3255
f 4307/3432/3256 4309/3433/3254 4310/3434/3257
f 4312/3435/3258 4316/3436/3259 4318/3437/3260
f 4313/3438/3261 4316/3439/3262 4315/3440/3263
f 4314/3441/3264 4316/3442/3262 4317/3443/3265
f 4319/3444/3266 4323/3445/3267 4325/3446/3268
f 4320/3447/3269 4323/3448/3270 4322/3449/3271
f 4321/3450/3272 4323/3448/3270 4324/3451/3273
f 4326/3452/3274 4330/3453/3275 4332/3454/3276
f 4327/3455/3277 4330/3456/3278 4329/3457/3279
f 4328/3458/3280 4330/3456/3278 4331/3459/3281
f 4333/3460/3282 4337/3461/3283 4339/3462/3284
f 4334/3463/3285 4337/3464/3286 4336/3465/3287
f 4335/3466/3288 4337/3464/3286 4338/3467/3289
f 4340/3468/3290 4344/3469/3291 4346/3470/3292
f 4341/3471/3293 4344/3472/3294 4343/3473/3295
f 4342/3474/3296 4344/3472/3294 4345/3475/3297
f 4347/3476/3298 4351/3477/3299 4353/3478/3300
f 4348/3479/3301 4351/3480/3302 4350/3481/3303
f 4349/3482/3304 4351/3483/3302 4352/3484/3305
f 4354/3485/3306 4358/3486/3307 4360/3487/3308
f 4355/3488/3309 4358/3489/3310 4357/3490/3311
f 4356/3491/3312 4358/3492/3310 4359/3493/3313
f 4361/3494/3314 4365/3495/3315 4367/3496/3316
f 4362/3497/3317 4365/3498/3318 4364/3499/3319
f 4363/3500/3320 4365/3498/3318 4366/3501/3321
f 4368/3502/3322 4372/3503/3323 4374/3504/3324
f 4369/3505/3325 4372/3506/3326 4371/3507/3327
f 4370/3508/3328 4372/3506/3326 4373/3509/3329
f 4375/3510/3330 4379/3511/3331 4381/3512/3332
f 4376/3513/3333 4379/3514/3334 4378/3515/3335
f 4377/3516/3336 4379/3514/3334 4380/3517/3337
f 4382/3518/3338 4386/3519/3339 4388/3520/3340
f 4383/3521/3341 4386/3522/3342 4385/3523/3343
f 4384/3524/3344 4386/3522/3342 4387/3525/3345
f 612/491/522 603/3953/3845 599/478/509
f 614/3954/3846 597/472/503 603/474/505
f 620/3955/533 607/485/516 624/3956/3847
f 607/3957/3848 618/497/527 624/499/529
f 598/475/506 609/487/518 602/479/510
f 609/487/518 599/478/509 602/479/510
f 613/494/525 623/504/534 619/500/530
f 623/3958/534 612/491/522 620/3955/533
f 613/494/525 628/510/540 617/3959/3849
f 628/3960/3850 611/488/519 617/490/521
f 619/500/530 638/3961/3851 634/520/549
f 621/3962/3852 632/514/543 638/516/545
f 627/511/541 637/3963/550 633/3964/546
f 637/521/550 626/508/538 634/520/549
f 627/511/541 642/527/556 631/3965/3853
f 642/3966/3854 625/505/535 631/507/537
f 633/3964/546 652/3967/3855 648/536/565
f 652/532/561 632/514/543 646/530/559
f 641/528/557 651/537/566 647/533/562
f 651/537/566 640/525/554 648/536/565
f 641/528/557 656/543/572 645/3968/3856
f 645/524/553 653/538/567 639/522/551
f 647/533/562 666/3969/3857 662/553/581
f 666/549/577 646/530/559 660/547/575
f 655/544/573 665/3970/582 661/550/578
f 665/555/582 654/541/570 662/553/581
f 655/544/573 670/561/588 659/3971/3858
f 670/3972/3859 653/538/567 659/540/569
f 661/550/578 680/3973/3860 676/570/597
f 663/3974/3861 674/564/591 680/566/593
f 669/3975/589 679/3976/598 675/567/594
f 679/572/598 668/559/586 676/570/597
f 669/3975/589 600/477/508 673/3977/3862
f 673/558/585 597/472/503 667/556/583
f 675/567/594 610/3978/3863 606/486/517
f 677/3979/3864 604/480/511 610/482/513
f 683/579/605 698/594/620 687/3980/3865
f 698/3981/3866 681/573/599 687/575/601
f 689/584/610 708/3982/3867 704/604/629
f 708/600/625 688/581/607 702/598/623
f 682/576/602 693/588/614 686/580/606
f 693/588/614 683/579/605 686/580/606
f 697/595/621 707/3983/630 703/601/626
f 707/606/630 696/592/618 704/604/629
f 697/595/621 712/612/636 701/3984/3868
f 701/591/617 709/607/631 695/589/615
f 703/601/626 722/3985/3869 718/621/645
f 705/3986/3870 716/615/639 722/617/641
f 711/3987/637 721/3988/646 717/618/642
f 721/623/646 710/610/634 718/621/645
f 711/3987/637 726/629/652 715/3989/3871
f 726/3990/3872 709/607/631 715/609/633
f 717/618/642 736/3991/3873 732/638/661
f 719/3992/3874 730/632/655 736/634/657
f 725/630/653 735/639/662 731/635/658
f 735/639/662 724/627/650 732/638/661
f 738/643/666 729/3993/3875 725/630/653
f 740/3994/3876 723/624/647 729/626/649
f 746/3995/677 733/637/660 750/3996/3877
f 733/3997/3878 744/649/671 750/651/673
f 739/646/669 749/656/678 745/652/674
f 749/3998/678 738/643/666 746/3995/677
f 752/660/682 743/3999/3879 739/646/669
f 754/4000/3880 737/640/663 743/642/665
f 760/672/693 747/654/676 764/4001/3881
f 747/4002/3882 758/666/687 764/668/689
f 753/663/685 763/4003/694 759/4004/690
f 763/673/694 752/660/682 760/672/693
f 753/663/685 684/578/604 757/4005/3883
f 757/659/681 681/573/599 751/657/679
f 759/4004/690 694/4006/3884 690/587/613
f 694/583/609 758/666/687 688/581/607
f 780/693/714 771/4007/3885 767/680/701
f 771/676/697 779/690/711 765/674/695
f 773/685/706 792/4008/3886 788/4009/725
f 792/701/721 772/682/703 786/699/719
f 766/677/698 777/689/710 770/681/702
f 777/689/710 767/680/701 770/681/702
f 781/696/717 791/706/726 787/702/722
f 791/4010/726 780/693/714 788/4009/725
f 794/710/730 785/4011/3887 781/696/717
f 785/692/713 793/707/727 779/690/711
f 802/721/741 789/704/724 806/4012/3888
f 789/4013/3889 800/715/735 806/717/737
f 795/713/733 805/723/742 801/4014/738
f 805/723/742 794/710/730 802/721/741
f 795/4015/733 810/729/748 799/4016/3890
f 799/709/729 807/724/743 793/707/727
f 801/718/738 820/4017/3891 816/738/757
f 820/734/753 800/715/735 814/732/751
f 809/730/749 819/739/758 815/735/754
f 819/739/758 808/727/746 816/738/757
f 809/730/749 824/745/764 813/4018/3892
f 824/4019/3893 807/724/743 813/726/745
f 815/735/754 834/4020/3894 830/755/773
f 834/751/769 814/732/751 828/749/767
f 823/746/765 833/4021/774 829/752/770
f 833/757/774 822/743/762 830/755/773
f 836/761/778 827/4022/3895 823/746/765
f 838/4023/3896 821/740/759 827/742/761
f 844/773/789 831/754/772 848/4024/3897
f 831/4025/3898 842/767/783 848/769/785
f 837/4026/781 847/774/790 843/770/786
f 847/774/790 836/761/778 844/773/789
f 766/677/698 841/4027/3899 837/764/781
f 841/760/777 765/674/695 835/758/775
f 774/688/709 845/4028/788 778/4029/3900
f 778/684/705 842/767/783 772/682/703
f 4320/3447/3269 4311/5119/5210 4307/3432/3256
f 4322/5120/5211 4305/3426/3250 4311/3428/3252
f 4313/3438/3261 4332/5121/5212 4328/3458/3280
f 4315/5122/5213 4326/3452/3274 4332/3454/3276
f 4314/3441/3264 4310/5123/3257 4306/3429/3253
f 4317/5124/3265 4307/3432/3256 4310/3434/3257
f 4327/3455/3277 4324/3451/3273 4331/3459/3281
f 4331/3459/3281 4320/3447/3269 4328/3458/3280
f 4334/5125/3285 4325/5126/5214 4321/3450/3272
f 4336/5127/5215 4319/3444/3266 4325/3446/3268
f 4342/3474/3296 4329/5128/3279 4346/5129/5216
f 4329/5130/5217 4340/3468/3290 4346/3470/3292
f 4341/3471/3293 4338/3467/3289 4345/3475/3297
f 4345/3475/3297 4334/3463/3285 4342/3474/3296
f 4335/3466/3288 4350/3481/3303 4339/5131/5218
f 4350/5132/5219 4333/3460/3282 4339/3462/3284
f 4356/3491/3312 4343/3473/3295 4360/5133/5220
f 4343/5134/5221 4354/3485/3306 4360/3487/3308
f 4355/3488/3309 4352/3484/3305 4359/5135/3313
f 4352/5136/3305 4356/3491/3312 4359/3493/3313
f 4362/3497/3317 4353/5137/5222 4349/3482/3304
f 4364/5138/5223 4347/3476/3298 4353/3478/3300
f 4355/3488/3309 4374/5139/5224 4370/3508/3328
f 4374/3504/3324 4354/3485/3306 4368/3502/3322
f 4369/3505/3325 4366/3501/3321 4373/3509/3329
f 4373/3509/3329 4362/3497/3317 4370/3508/3328
f 4376/3513/3333 4367/5140/5225 4363/5141/3320
f 4367/3496/3316 4375/3510/3330 4361/3494/3314
f 4369/3505/3325 4388/5142/5226 4384/5143/3344
f 4388/3520/3340 4368/3502/3322 4382/3518/3338
f 4377/3516/3336 4387/3525/3345 4383/3521/3341
f 4380/3517/3337 4384/3524/3344 4387/3525/3345
f 4306/3429/3253 4381/5144/5227 4377/3516/3336
f 4308/5145/5228 4375/3510/3330 4381/3512/3332
f 4383/3521/3341 4318/5146/5229 4314/3441/3264
f 4385/5147/5230 4312/3435/3258 4318/3437/3260
f 639/522/551 653/538/567 667/556/583
f 605/483/514 612/491/522 599/478/509
f 675/567/594 598/475/506 669/3975/589
f 646/530/559 632/514/543 604/480/511
f 619/500/530 626/508/538 613/494/525
f 633/3964/546 640/525/554 627/511/541
f 647/533/562 654/541/570 641/528/557
f 661/550/578 668/559/586 655/544/573
f 695/589/615 723/624/647 751/657/679
f 683/579/605 704/604/629 696/592/618
f 753/663/685 690/587/613 682/576/602
f 688/581/607 744/649/671 716/615/639
f 697/595/621 718/621/645 710/610/634
f 717/618/642 724/627/650 711/3987/637
f 725/630/653 746/3995/677 738/643/666
f 745/652/674 752/660/682 739/646/669
f 807/724/743 821/740/759 835/758/775
f 767/680/701 788/4009/725 780/693/714
f 843/5188/786 766/677/698 837/764/781
f 772/682/703 828/749/767 800/715/735
f 781/696/717 802/721/741 794/710/730
f 801/718/738 808/727/746 795/4015/733
f 815/735/754 822/743/762 809/730/749
f 823/746/765 844/773/789 836/761/778
f 4347/3476/3298 4361/3494/3314 4375/3510/3330
f 4307/3432/3256 4328/3458/3280 4320/3447/3269
f 4383/3521/3341 4306/3429/3253 4377/3516/3336
f 4368/3502/3322 4354/3485/3306 4340/3468/3290
f 4327/5393/3277 4334/3463/3285 4321/5394/3272
f 4341/3471/3293 4348/3479/3301 4335/3466/3288
f 4349/3482/3304 4370/3508/3328 4362/3497/3317
f 4369/5395/3325 4376/3513/3333 4363/5141/3320
f 597/472/503 600/5438/5296 601/473/504
f 598/475/506 602/479/510 601/476/507
f 599/478/509 603/3953/3845 601/476/507
f 604/480/511 607/3957/3848 608/481/512
f 605/483/514 609/487/518 608/484/515
f 606/486/517 610/3978/3863 608/484/515
f 611/488/519 614/3954/3846 615/489/520
f 612/491/522 616/5439/526 615/492/523
f 613/494/525 617/3959/3849 615/495/523
f 618/497/527 621/3962/3852 622/498/528
f 619/500/530 623/504/534 622/501/531
f 620/3955/533 624/3956/3847 622/5440/531
f 625/505/535 628/3960/3850 629/506/536
f 626/508/538 630/5441/542 629/509/539
f 627/511/541 631/3965/3853 629/512/539
f 632/514/543 635/5442/5297 636/515/544
f 633/517/546 637/521/550 636/518/547
f 634/520/549 638/3961/3851 636/518/547
f 639/522/551 642/3966/3854 643/523/552
f 640/525/554 644/529/558 643/526/555
f 641/528/557 645/3968/3856 643/526/555
f 646/530/559 649/5443/5298 650/531/560
f 647/533/562 651/537/566 650/534/563
f 648/536/565 652/3967/3855 650/534/563
f 653/538/567 656/5444/5299 657/539/568
f 654/5445/570 658/546/574 657/545/571
f 655/544/573 659/3971/3858 657/545/571
f 660/547/575 663/3974/3861 664/548/576
f 661/550/578 665/3970/582 664/551/579
f 662/553/581 666/3969/3857 664/554/579
f 667/556/583 670/3972/3859 671/557/584
f 668/559/586 672/563/590 671/560/587
f 669/3975/589 673/3977/3862 671/5446/587
f 674/564/591 677/3979/3864 678/565/592
f 675/567/594 679/3976/598 678/568/595
f 676/570/597 680/3973/3860 678/571/595
f 681/573/599 684/5447/5300 685/574/600
f 682/576/602 686/580/606 685/577/603
f 683/579/605 687/3980/3865 685/577/603
f 688/581/607 691/5448/5301 692/582/608
f 689/584/610 693/588/614 692/585/611
f 690/587/613 694/4006/3884 692/585/611
f 695/589/615 698/3981/3866 699/590/616
f 696/5449/618 700/597/622 699/596/619
f 697/595/621 701/3984/3868 699/596/619
f 702/598/623 705/3986/3870 706/599/624
f 703/601/626 707/3983/630 706/602/627
f 704/604/629 708/3982/3867 706/605/627
f 709/607/631 712/5450/5302 713/608/632
f 710/610/634 714/614/638 713/611/635
f 711/3987/637 715/3989/3871 713/5451/635
f 716/615/639 719/3992/3874 720/616/640
f 717/618/642 721/3988/646 720/619/643
f 718/621/645 722/3985/3869 720/622/643
f 723/624/647 726/3990/3872 727/625/648
f 724/627/650 728/631/654 727/628/651
f 725/630/653 729/3993/3875 727/628/651
f 730/632/655 733/3997/3878 734/633/656
f 731/635/658 735/639/662 734/636/659
f 732/638/661 736/3991/3873 734/636/659
f 737/640/663 740/3994/3876 741/641/664
f 738/643/666 742/5452/670 741/644/667
f 739/646/669 743/3999/3879 741/647/667
f 744/649/671 747/4002/3882 748/650/672
f 745/652/674 749/656/678 748/653/675
f 746/3995/677 750/3996/3877 748/5453/675
f 751/657/679 754/4000/3880 755/658/680
f 752/660/682 756/5454/686 755/661/683
f 753/663/685 757/4005/3883 755/664/683
f 758/666/687 761/5455/5303 762/667/688
f 759/669/690 763/673/694 762/670/691
f 760/672/693 764/4001/3881 762/670/691
f 765/674/695 768/5456/5304 769/675/696
f 766/677/698 770/681/702 769/678/699
f 767/680/701 771/4007/3885 769/678/699
f 772/682/703 775/5457/5305 776/683/704
f 773/685/706 777/689/710 776/686/707
f 774/688/709 778/4029/3900 776/686/707
f 779/690/711 782/5458/5306 783/691/712
f 780/693/714 784/5459/718 783/694/715
f 781/696/717 785/4011/3887 783/697/715
f 786/699/719 789/4013/3889 790/700/720
f 787/702/722 791/706/726 790/703/723
f 788/4009/725 792/4008/3886 790/5460/723
f 793/707/727 796/5461/5307 797/708/728
f 794/710/730 798/714/734 797/711/731
f 795/713/733 799/5462/3890 797/711/731
f 800/715/735 803/5463/5308 804/716/736
f 801/718/738 805/5464/742 804/719/739
f 802/721/741 806/4012/3888 804/722/739
f 807/724/743 810/5465/5309 811/725/744
f 808/727/746 812/731/750 811/728/747
f 809/730/749 813/4018/3892 811/728/747
f 814/732/751 817/5466/5310 818/733/752
f 815/735/754 819/739/758 818/736/755
f 816/738/757 820/4017/3891 818/736/755
f 821/740/759 824/4019/3893 825/741/760
f 822/5467/762 826/748/766 825/747/763
f 823/746/765 827/4022/3895 825/747/763
f 828/749/767 831/4025/3898 832/750/768
f 829/752/770 833/4021/774 832/753/771
f 830/755/773 834/4020/3894 832/756/771
f 835/758/775 838/4023/3896 839/759/776
f 836/761/778 840/5468/782 839/762/779
f 837/764/781 841/4027/3899 839/765/779
f 842/767/783 845/5469/5311 846/768/784
f 843/770/786 847/774/790 846/771/787
f 844/773/789 848/4024/3897 846/771/787
f 4305/3426/3250 4308/5145/5228 4309/3427/3251
f 4306/3429/3253 4310/5123/3257 4309/3430/3254
f 4307/3432/3256 4311/5119/5210 4309/3433/3254
f 4312/3435/3258 4315/5122/5213 4316/3436/3259
f 4313/3438/3261 4317/5124/3265 4316/3439/3262
f 4314/3441/3264 4318/5146/5229 4316/3442/3262
f 4319/3444/3266 4322/5120/5211 4323/3445/3267
f 4320/3447/3269 4324/3451/3273 4323/3448/3270
f 4321/3450/3272 4325/5126/5214 4323/3448/3270
f 4326/3452/3274 4329/5130/5217 4330/3453/3275
f 4327/3455/3277 4331/3459/3281 4330/3456/3278
f 4328/3458/3280 4332/5121/5212 4330/3456/3278
f 4333/3460/3282 4336/5127/5215 4337/3461/3283
f 4334/3463/3285 4338/3467/3289 4337/3464/3286
f 4335/3466/3288 4339/5131/5218 4337/3464/3286
f 4340/3468/3290 4343/5134/5221 4344/3469/3291
f 4341/3471/3293 4345/3475/3297 4344/3472/3294
f 4342/3474/3296 4346/5129/5216 4344/3472/3294
f 4347/3476/3298 4350/5132/5219 4351/3477/3299
f 4348/3479/3301 4352/5136/3305 4351/3480/3302
f 4349/3482/3304 4353/5137/5222 4351/3483/3302
f 4354/3485/3306 4357/5704/5461 4358/3486/3307
f 4355/3488/3309 4359/5135/3313 4358/3489/3310
f 4356/3491/3312 4360/5133/5220 4358/3492/3310
f 4361/3494/3314 4364/5138/5223 4365/3495/3315
f 4362/3497/3317 4366/3501/3321 4365/3498/3318
f 4363/3500/3320 4367/5705/5225 4365/3498/3318
f 4368/3502/3322 4371/5706/5462 4372/3503/3323
f 4369/3505/3325 4373/3509/3329 4372/3506/3326
f 4370/3508/3328 4374/5139/5224 4372/3506/3326
f 4375/3510/3330 4378/5707/5463 4379/3511/3331
f 4376/3513/3333 4380/3517/3337 4379/3514/3334
f 4377/3516/3336 4381/5144/5227 4379/3514/3334
f 4382/3518/3338 4385/5147/5230 4386/3519/3339
f 4383/3521/3341 4387/3525/3345 4386/3522/3342
f 4384/3524/3344 4388/5708/5226 4386/3522/3342
f 612/491/522 614/493/524 603/3953/3845
f 614/3954/3846 611/488/519 597/472/503
f 620/3955/533 605/483/514 607/485/516
f 607/3957/3848 604/480/511 618/497/527
f 598/475/506 606/486/517 609/487/518
f 609/487/518 605/483/514 599/478/509
f 613/494/525 616/496/526 623/504/534
f 623/3958/534 616/5439/526 612/491/522
f 613/494/525 626/508/538 628/510/540
f 628/3960/3850 625/505/535 611/488/519
f 619/500/530 621/502/532 638/3961/3851
f 621/3962/3852 618/497/527 632/514/543
f 627/511/541 630/513/542 637/3963/550
f 637/521/550 630/5441/542 626/508/538
f 627/511/541 640/525/554 642/527/556
f 642/3966/3854 639/522/551 625/505/535
f 633/3964/546 635/5731/548 652/3967/3855
f 652/532/561 635/5442/5297 632/514/543
f 641/528/557 644/529/558 651/537/566
f 651/537/566 644/529/558 640/525/554
f 641/528/557 654/541/570 656/543/572
f 645/524/553 656/5444/5299 653/538/567
f 647/533/562 649/535/564 666/3969/3857
f 666/549/577 649/5443/5298 646/530/559
f 655/544/573 658/546/574 665/3970/582
f 665/555/582 658/5732/574 654/541/570
f 655/544/573 668/559/586 670/561/588
f 670/3972/3859 667/556/583 653/538/567
f 661/550/578 663/552/580 680/3973/3860
f 663/3974/3861 660/547/575 674/564/591
f 669/3975/589 672/5733/590 679/3976/598
f 679/572/598 672/563/590 668/559/586
f 669/3975/589 598/475/506 600/477/508
f 673/558/585 600/5438/5296 597/472/503
f 675/567/594 677/569/596 610/3978/3863
f 677/3979/3864 674/564/591 604/480/511
f 683/579/605 696/592/618 698/594/620
f 698/3981/3866 695/589/615 681/573/599
f 689/584/610 691/586/612 708/3982/3867
f 708/600/625 691/5448/5301 688/581/607
f 682/576/602 690/587/613 693/588/614
f 693/588/614 689/584/610 683/579/605
f 697/595/621 700/597/622 707/3983/630
f 707/606/630 700/5734/622 696/592/618
f 697/595/621 710/610/634 712/612/636
f 701/591/617 712/5450/5302 709/607/631
f 703/601/626 705/603/628 722/3985/3869
f 705/3986/3870 702/598/623 716/615/639
f 711/3987/637 714/5735/638 721/3988/646
f 721/623/646 714/614/638 710/610/634
f 711/3987/637 724/627/650 726/629/652
f 726/3990/3872 723/624/647 709/607/631
f 717/618/642 719/620/644 736/3991/3873
f 719/3992/3874 716/615/639 730/632/655
f 725/630/653 728/631/654 735/639/662
f 735/639/662 728/631/654 724/627/650
f 738/643/666 740/645/668 729/3993/3875
f 740/3994/3876 737/640/663 723/624/647
f 746/3995/677 731/635/658 733/637/660
f 733/3997/3878 730/632/655 744/649/671
f 739/646/669 742/648/670 749/656/678
f 749/3998/678 742/5452/670 738/643/666
f 752/660/682 754/662/684 743/3999/3879
f 754/4000/3880 751/657/679 737/640/663
f 760/672/693 745/652/674 747/654/676
f 747/4002/3882 744/649/671 758/666/687
f 753/663/685 756/665/686 763/4003/694
f 763/673/694 756/5454/686 752/660/682
f 753/663/685 682/576/602 684/578/604
f 757/659/681 684/5447/5300 681/573/599
f 759/4004/690 761/5736/692 694/4006/3884
f 694/583/609 761/5455/5303 758/666/687
f 780/693/714 782/695/716 771/4007/3885
f 771/676/697 782/5458/5306 779/690/711
f 773/685/706 775/687/708 792/4008/3886
f 792/701/721 775/5457/5305 772/682/703
f 766/677/698 774/688/709 777/689/710
f 777/689/710 773/685/706 767/680/701
f 781/696/717 784/698/718 791/706/726
f 791/4010/726 784/5459/718 780/693/714
f 794/710/730 796/712/732 785/4011/3887
f 785/692/713 796/5461/5307 793/707/727
f 802/721/741 787/702/722 789/704/724
f 789/4013/3889 786/699/719 800/715/735
f 795/713/733 798/714/734 805/723/742
f 805/723/742 798/714/734 794/710/730
f 795/4015/733 808/727/746 810/729/748
f 799/709/729 810/5465/5309 807/724/743
f 801/718/738 803/720/740 820/4017/3891
f 820/734/753 803/5463/5308 800/715/735
f 809/730/749 812/731/750 819/739/758
f 819/739/758 812/731/750 808/727/746
f 809/730/749 822/743/762 824/745/764
f 824/4019/3893 821/740/759 807/724/743
f 815/735/754 817/737/756 834/4020/3894
f 834/751/769 817/5466/5310 814/732/751
f 823/746/765 826/748/766 833/4021/774
f 833/757/774 826/5737/766 822/743/762
f 836/761/778 838/763/780 827/4022/3895
f 838/4023/3896 835/758/775 821/740/759
f 844/773/789 829/752/770 831/754/772
f 831/4025/3898 828/749/767 842/767/783
f 837/4026/781 840/5468/782 847/774/790
f 847/774/790 840/5468/782 836/761/778
f 766/677/698 768/679/700 841/4027/3899
f 841/760/777 768/5456/5304 765/674/695
f 774/688/709 843/5188/786 845/4028/788
f 778/684/705 845/5469/5311 842/767/783
f 4320/3447/3269 4322/3449/3271 4311/5119/5210
f 4322/5120/5211 4319/3444/3266 4305/3426/3250
f 4313/3438/3261 4315/3440/3263 4332/5121/5212
f 4315/5122/5213 4312/3435/3258 4326/3452/3274
f 4314/3441/3264 4317/3443/3265 4310/5123/3257
f 4317/5124/3265 4313/3438/3261 4307/3432/3256
f 4327/3455/3277 4321/3450/3272 4324/3451/3273
f 4331/3459/3281 4324/3451/3273 4320/3447/3269
f 4334/5125/3285 4336/5800/3287 4325/5126/5214
f 4336/5127/5215 4333/3460/3282 4319/3444/3266
f 4342/3474/3296 4327/5393/3277 4329/5128/3279
f 4329/5130/5217 4326/3452/3274 4340/3468/3290
f 4341/3471/3293 4335/3466/3288 4338/3467/3289
f 4345/3475/3297 4338/3467/3289 4334/3463/3285
f 4335/3466/3288 4348/3479/3301 4350/3481/3303
f 4350/5132/5219 4347/3476/3298 4333/3460/3282
f 4356/3491/3312 4341/3471/3293 4343/3473/3295
f 4343/5134/5221 4340/3468/3290 4354/3485/3306
f 4355/3488/3309 4349/3482/3304 4352/3484/3305
f 4352/5136/3305 4348/3479/3301 4356/3491/3312
f 4362/3497/3317 4364/3499/3319 4353/5137/5222
f 4364/5138/5223 4361/3494/3314 4347/3476/3298
f 4355/3488/3309 4357/3490/3311 4374/5139/5224
f 4374/3504/3324 4357/5704/5461 4354/3485/3306
f 4369/3505/3325 4363/3500/3320 4366/3501/3321
f 4373/3509/3329 4366/3501/3321 4362/3497/3317
f 4376/3513/3333 4378/3515/3335 4367/5140/5225
f 4367/3496/3316 4378/5707/5463 4375/3510/3330
f 4369/3505/3325 4371/3507/3327 4388/5142/5226
f 4388/3520/3340 4371/5706/5462 4368/3502/3322
f 4377/3516/3336 4380/3517/3337 4387/3525/3345
f 4380/3517/3337 4376/3513/3333 4384/3524/3344
f 4306/3429/3253 4308/3431/3255 4381/5144/5227
f 4308/5145/5228 4305/3426/3250 4375/3510/3330
f 4383/3521/3341 4385/3523/3343 4318/5146/5229
f 4385/5147/5230 4382/3518/3338 4312/3435/3258
f 667/556/583 597/472/503 639/522/551
f 597/472/503 611/488/519 639/522/551
f 611/488/519 625/505/535 639/522/551
f 605/483/514 620/3955/533 612/491/522
f 675/567/594 606/486/517 598/475/506
f 632/514/543 618/497/527 604/480/511
f 604/480/511 674/564/591 660/547/575
f 660/547/575 646/530/559 604/480/511
f 619/500/530 634/520/549 626/508/538
f 633/3964/546 648/536/565 640/525/554
f 647/533/562 662/553/581 654/541/570
f 661/550/578 676/570/597 668/559/586
f 751/657/679 681/573/599 695/589/615
f 695/589/615 709/607/631 723/624/647
f 723/624/647 737/640/663 751/657/679
f 683/579/605 689/584/610 704/604/629
f 753/663/685 759/4004/690 690/587/613
f 716/615/639 702/598/623 688/581/607
f 688/581/607 758/666/687 744/649/671
f 744/649/671 730/632/655 716/615/639
f 697/595/621 703/601/626 718/621/645
f 717/618/642 732/638/661 724/627/650
f 725/630/653 731/635/658 746/3995/677
f 745/652/674 760/672/693 752/660/682
f 835/758/775 765/674/695 807/724/743
f 765/674/695 779/690/711 807/724/743
f 779/690/711 793/707/727 807/724/743
f 767/680/701 773/685/706 788/4009/725
f 843/5188/786 774/688/709 766/677/698
f 800/715/735 786/699/719 772/682/703
f 772/682/703 842/767/783 828/749/767
f 828/749/767 814/732/751 800/715/735
f 781/696/717 787/702/722 802/721/741
f 801/718/738 816/738/757 808/727/746
f 815/735/754 830/755/773 822/743/762
f 823/746/765 829/752/770 844/773/789
f 4375/3510/3330 4305/3426/3250 4347/3476/3298
f 4305/3426/3250 4319/3444/3266 4347/3476/3298
f 4319/3444/3266 4333/3460/3282 4347/3476/3298
f 4307/3432/3256 4313/3438/3261 4328/3458/3280
f 4383/3521/3341 4314/3441/3264 4306/3429/3253
f 4340/3468/3290 4326/3452/3274 4312/3435/3258
f 4312/3435/3258 4382/3518/3338 4340/3468/3290
f 4382/3518/3338 4368/3502/3322 4340/3468/3290
f 4327/3455/3277 4342/5827/3296 4334/5125/3285
f 4341/3471/3293 4356/3491/3312 4348/3479/3301
f 4349/3482/3304 4355/3488/3309 4370/3508/3328
f 4369/5395/3325 4384/3524/3344 4376/3513/3333
usemtl wood
f 849/775/791 853/776/792 855/777/793
f 850/778/794 853/779/795 852/780/796
f 851/781/797 853/779/798 854/782/799
f 856/783/800 860/784/801 862/785/802
f 857/786/803 860/787/804 859/788/805
f 858/789/806 860/787/807 861/790/808
f 863/791/809 867/792/810 869/793/811
f 864/794/812 867/795/813 866/796/814
f 865/797/815 867/795/816 868/798/817
f 870/799/818 874/800/819 876/801/820
f 871/802/821 874/803/822 873/804/823
f 872/805/824 874/803/825 875/806/826
f 877/807/827 881/808/828 883/809/829
f 878/810/830 881/811/831 880/812/832
f 879/813/833 881/814/834 882/815/835
f 884/816/836 888/817/837 890/818/838
f 885/819/839 888/820/840 887/821/841
f 886/822/842 888/823/843 889/824/844
f 891/825/845 895/826/846 897/827/847
f 892/828/848 895/829/849 894/830/850
f 893/831/851 895/832/852 896/833/853
f 898/834/854 902/835/855 904/836/856
f 899/837/857 902/838/858 901/839/859
f 900/840/860 902/841/861 903/842/862
f 905/843/863 909/844/864 911/845/865
f 906/846/866 909/847/867 908/848/868
f 907/849/869 909/847/870 910/850/871
f 912/851/872 916/852/873 918/853/874
f 913/854/875 916/855/876 915/856/877
f 914/857/878 916/855/879 917/858/880
f 919/859/881 923/860/882 925/861/883
f 920/862/884 923/863/885 922/864/886
f 921/865/887 923/863/888 924/866/889
f 926/859/890 930/867/891 932/868/892
f 927/869/893 930/870/894 929/871/895
f 928/872/896 930/870/897 931/873/898
f 933/874/899 937/875/900 939/876/901
f 934/877/902 937/878/903 936/879/904
f 935/880/905 937/878/906 938/881/907
f 940/874/908 944/882/909 946/883/910
f 941/884/911 944/885/912 943/886/913
f 942/887/914 944/885/915 945/888/916
f 947/889/917 951/890/918 953/891/919
f 948/892/920 951/893/921 950/894/922
f 949/895/923 951/896/924 952/897/925
f 954/889/926 958/890/927 960/898/928
f 955/899/929 958/900/930 957/901/931
f 956/902/932 958/903/933 959/904/934
f 961/905/935 965/906/936 967/907/937
f 962/908/938 965/909/939 964/910/940
f 963/892/941 965/893/942 966/911/943
f 968/905/944 972/906/945 974/912/946
f 969/902/947 972/903/948 971/913/949
f 970/914/950 972/915/951 973/916/952
f 975/917/953 979/918/954 981/919/955
f 976/880/956 979/878/957 978/920/958
f 977/877/959 979/878/960 980/921/961
f 982/917/962 986/922/963 988/923/964
f 983/887/965 986/885/966 985/924/967
f 984/884/968 986/885/969 987/925/970
f 989/926/881 993/927/882 995/928/883
f 990/929/884 993/930/885 992/931/886
f 991/932/887 993/930/888 994/933/889
f 996/926/890 1000/934/891 1002/935/892
f 997/936/893 1000/937/894 999/938/895
f 998/939/896 1000/937/897 1001/940/898
f 1003/941/899 1007/942/900 1009/943/901
f 1004/877/971 1007/878/903 1006/879/904
f 1005/880/905 1007/878/906 1008/881/907
f 1010/941/908 1014/942/909 1016/944/910
f 1011/884/911 1014/885/912 1013/886/972
f 1012/887/914 1014/885/915 1015/888/916
f 1017/945/917 1021/946/918 1023/947/919
f 1018/892/920 1021/893/921 1020/894/922
f 1019/948/923 1021/949/924 1022/950/925
f 1024/945/926 1028/946/927 1030/951/928
f 1025/952/929 1028/953/930 1027/954/931
f 1026/902/932 1028/903/933 1029/904/934
f 1031/955/935 1035/956/936 1037/957/937
f 1032/958/938 1035/959/939 1034/960/940
f 1033/892/941 1035/893/942 1036/911/943
f 1038/955/944 1042/956/945 1044/961/946
f 1039/902/947 1042/903/948 1041/913/949
f 1040/962/950 1042/963/951 1043/964/952
f 1045/965/953 1049/966/954 1051/967/955
f 1046/880/956 1049/878/957 1048/920/958
f 1047/877/959 1049/878/960 1050/921/961
f 1052/965/962 1056/968/963 1058/969/964
f 1053/887/965 1056/885/966 1055/924/967
f 1054/884/968 1056/885/969 1057/925/970
f 2115/1217/1225 2119/1218/1226 2121/1219/1227
f 2116/1220/1228 2119/1221/1229 2118/1222/1230
f 2117/1223/1231 2119/1221/1232 2120/1224/1233
f 2122/1225/1234 2126/1226/1235 2128/1227/1236
f 2123/1228/1237 2126/1229/1238 2125/1230/1239
f 2124/1231/1240 2126/1229/1241 2127/1232/1242
f 2129/1233/1243 2133/1234/1244 2135/1235/1245
f 2130/1236/1246 2133/1237/1247 2132/1238/1248
f 2131/1239/1249 2133/1237/1250 2134/1240/1251
f 2136/1241/1252 2140/1242/1253 2142/1243/1254
f 2137/1244/1255 2140/1245/1256 2139/1246/1257
f 2138/1247/1258 2140/1245/1259 2141/1248/1260
f 2143/1249/1261 2147/1250/1262 2149/1251/1263
f 2144/1252/1264 2147/1253/1265 2146/1254/1266
f 2145/1255/1267 2147/1256/1268 2148/1257/1269
f 2150/1258/1270 2154/1259/1271 2156/1260/1272
f 2151/1261/1273 2154/1262/1274 2153/1263/1275
f 2152/1264/1276 2154/1265/1277 2155/1266/1278
f 2157/1267/1279 2161/1268/1280 2163/1269/1281
f 2158/1270/1282 2161/1271/1283 2160/1272/1284
f 2159/1273/1285 2161/1274/1286 2162/1275/1287
f 2164/1276/1288 2168/1277/1289 2170/1278/1290
f 2165/1279/1291 2168/1280/1292 2167/1281/1293
f 2166/1282/1294 2168/1283/1295 2169/1284/1296
f 2171/1285/1297 2175/1286/1298 2177/1287/1299
f 2172/1288/1300 2175/1289/1301 2174/1290/1302
f 2173/1291/1303 2175/1289/1304 2176/1292/1305
f 2178/1293/1306 2182/1294/1307 2184/1295/1308
f 2179/1296/1309 2182/1297/1310 2181/1298/1311
f 2180/1299/1312 2182/1297/1313 2183/1300/1314
f 2185/1301/1315 2189/1302/1316 2191/1303/1317
f 2186/1304/1318 2189/1305/1319 2188/1306/1320
f 2187/1307/1321 2189/1305/1322 2190/1308/1323
f 2192/1309/1324 2196/1310/1325 2198/1311/1326
f 2193/1312/1327 2196/1313/1328 2195/1314/1329
f 2194/1315/1330 2196/1313/1331 2197/1316/1332
f 2199/1317/1333 2203/1318/1334 2205/1319/1335
f 2200/1320/1336 2203/1321/1337 2202/1322/1338
f 2201/1323/1339 2203/1321/1340 2204/1324/1341
f 2206/1325/1342 2210/1326/1343 2212/1327/1344
f 2207/1328/1345 2210/1329/1346 2209/1330/1347
f 2208/1331/1348 2210/1329/1349 2211/1332/1350
f 2213/1333/1351 2217/1334/1352 2219/1335/1353
f 2214/1336/1354 2217/1337/1355 2216/1338/1356
f 2215/1339/1357 2217/1340/1358 2218/1341/1359
f 2220/1342/1360 2224/1343/1361 2226/1344/1362
f 2221/1345/1363 2224/1346/1364 2223/1347/1365
f 2222/1348/1366 2224/1349/1367 2225/1350/1368
f 2227/1351/1369 2231/1352/1370 2233/1353/1371
f 2228/1354/1372 2231/1355/1373 2230/1356/1374
f 2229/1357/1375 2231/1358/1376 2232/1359/1377
f 2234/1360/1378 2238/1361/1379 2240/1362/1380
f 2235/1363/1381 2238/1364/1382 2237/1365/1383
f 2236/1366/1384 2238/1367/1385 2239/1368/1386
f 2241/1369/1387 2245/1370/1388 2247/1371/1389
f 2242/1372/1390 2245/1373/1391 2244/1374/1392
f 2243/1375/1393 2245/1373/1394 2246/1376/1395
f 2248/1377/1396 2252/1378/1397 2254/1379/1398
f 2249/1380/1399 2252/1381/1400 2251/1382/1401
f 2250/1383/1402 2252/1381/1403 2253/1384/1404
f 864/4030/812 855/4031/3901 851/781/797
f 855/777/793 863/791/809 849/775/791
f 857/786/803 876/4032/3902 872/4033/824
f 859/4034/3903 870/799/818 876/801/820
f 850/778/794 861/790/808 854/782/3904
f 861/790/3905 851/781/797 854/782/799
f 865/797/815 875/806/3906 871/802/821
f 875/806/826 864/794/812 872/805/824
f 878/810/830 869/4035/3907 865/797/815
f 869/793/811 877/807/827 863/791/809
f 871/802/821 890/4036/3908 886/822/842
f 873/4037/3909 884/816/836 890/818/838
f 879/813/833 889/4038/3910 885/819/839
f 889/824/844 878/810/830 886/822/842
f 879/813/833 894/830/850 883/4039/3911
f 894/4040/3912 877/807/827 883/809/829
f 900/840/860 887/821/841 904/4041/3913
f 887/4042/3914 898/834/854 904/836/856
f 893/831/851 903/4043/3915 899/837/857
f 896/4044/3916 900/840/860 903/842/862
f 906/846/866 897/4045/3917 893/831/851
f 908/4046/3918 891/825/845 897/827/847
f 899/837/857 918/4047/3919 914/857/878
f 918/853/874 898/834/854 912/851/872
f 913/854/875 910/850/871 917/858/3920
f 917/858/880 906/846/866 914/857/878
f 850/778/794 911/4048/3921 907/4049/869
f 852/4050/3922 905/843/863 911/845/865
f 858/789/806 915/4051/877 862/4052/3923
f 915/4053/3924 856/783/800 862/785/802
f 934/4054/902 925/4055/3925 921/865/887
f 925/861/883 933/874/899 919/859/881
f 927/869/893 946/4056/3926 942/4057/914
f 946/883/910 926/859/890 940/874/908
f 928/872/896 924/866/3927 920/862/884
f 931/873/3928 921/865/887 924/866/889
f 935/880/905 945/888/3929 941/884/911
f 938/881/3930 942/887/914 945/888/916
f 935/880/905 950/894/922 939/4058/3931
f 950/898/3932 933/874/899 939/876/901
f 956/902/932 943/886/913 960/913/3933
f 943/4059/3934 954/889/926 960/898/928
f 949/895/923 959/4060/3935 955/899/929
f 952/911/3936 956/902/932 959/904/934
f 962/908/938 953/4061/3937 949/895/923
f 964/912/3938 947/889/917 953/891/919
f 955/899/929 974/4062/3939 970/914/950
f 957/891/3940 968/905/944 974/912/946
f 963/892/941 973/904/3941 969/902/947
f 966/4063/3942 970/914/950 973/916/952
f 976/880/956 967/894/3943 963/892/941
f 978/4064/3944 961/905/935 967/907/937
f 984/884/968 971/913/949 988/4065/3945
f 971/907/3946 982/917/962 988/923/964
f 977/877/959 987/925/3947 983/887/965
f 980/921/3948 984/884/968 987/925/970
f 920/862/884 981/4066/3949 977/4067/959
f 981/919/955 919/859/881 975/917/953
f 983/4068/965 932/4069/3950 928/872/896
f 932/868/892 982/917/962 926/859/890
f 1004/4070/971 995/4071/3925 991/932/887
f 995/928/883 1003/941/899 989/926/881
f 997/936/893 1016/4072/3926 1012/4073/914
f 1016/944/910 996/926/890 1010/941/908
f 998/939/896 994/933/3927 990/929/884
f 1001/940/3928 991/932/887 994/933/889
f 1005/880/905 1015/888/3929 1011/884/911
f 1008/881/3930 1012/887/914 1015/888/916
f 1005/880/905 1020/894/922 1009/4058/3931
f 1020/951/3932 1003/941/899 1009/943/901
f 1011/884/911 1030/913/3951 1026/902/932
f 1013/4074/3934 1024/945/926 1030/951/928
f 1019/948/923 1029/4075/3935 1025/952/929
f 1022/911/3936 1026/902/932 1029/904/934
f 1032/958/938 1023/4076/3937 1019/948/923
f 1034/961/3938 1017/945/917 1023/947/919
f 1025/952/929 1044/4077/3939 1040/962/950
f 1027/947/3940 1038/955/944 1044/961/946
f 1033/892/941 1043/904/3941 1039/902/947
f 1036/4078/3942 1040/962/950 1043/964/952
f 1033/892/941 1048/920/958 1037/894/3952
f 1048/4079/3944 1031/955/935 1037/957/937
f 1054/884/968 1041/913/949 1058/4065/3945
f 1041/957/3946 1052/965/962 1058/969/964
f 1047/877/959 1057/925/3947 1053/887/965
f 1050/921/3948 1054/884/968 1057/925/970
f 990/929/884 1051/4080/3949 1047/4081/959
f 1051/967/955 989/926/881 1045/965/953
f 1053/4082/965 1002/4083/3950 998/939/896
f 1002/935/892 1052/965/962 996/926/890
f 2117/1223/1231 2132/4533/1248 2121/4534/4703
f 2121/1219/1227 2129/1233/1243 2115/1217/1225
f 2138/4535/1258 2125/1230/1239 2142/4536/4704
f 2125/4537/4705 2136/1241/1252 2142/1243/1254
f 2116/1220/1228 2127/1232/1242 2120/1224/4706
f 2127/1232/4707 2117/1223/1231 2120/1224/1233
f 2131/1239/1249 2141/1248/4708 2137/1244/1255
f 2134/1240/4709 2138/1247/1258 2141/1248/1260
f 2144/1252/1264 2135/4538/4710 2131/1239/1249
f 2146/4539/4711 2129/1233/1243 2135/1235/1245
f 2137/1244/1255 2156/4540/4712 2152/1264/1276
f 2156/1260/1272 2136/1241/1252 2150/1258/1270
f 2145/1255/1267 2155/4541/4713 2151/1261/1273
f 2155/1266/1278 2144/1252/1264 2152/1264/1276
f 2158/1270/1282 2149/4542/4714 2145/1255/1267
f 2149/1251/1263 2157/1267/1279 2143/1249/1261
f 2151/1261/1273 2170/4543/4715 2166/1282/1294
f 2170/1278/1290 2150/1258/1270 2164/1276/1288
f 2165/1279/1291 2162/1275/1287 2169/4544/4716
f 2162/4545/4717 2166/1282/1294 2169/1284/1296
f 2172/1288/1300 2163/4546/4718 2159/1273/1285
f 2163/1269/1281 2171/1285/1297 2157/1267/1279
f 2180/1299/1312 2167/1281/1293 2184/4547/4719
f 2184/1295/1308 2164/1276/1288 2178/1293/1306
f 2173/1291/1303 2183/1300/4720 2179/1296/1309
f 2183/1300/1314 2172/1288/1300 2180/1299/1312
f 2173/4548/1303 2118/1222/1230 2177/4549/4721
f 2118/4550/4722 2171/1285/1297 2177/1287/1299
f 2179/4551/1309 2128/4552/4723 2124/1231/1240
f 2181/4553/4724 2122/1225/1234 2128/1227/1236
f 2200/4554/1336 2191/4555/4725 2187/1307/1321
f 2191/1303/1317 2199/1317/1333 2185/1301/1315
f 2208/4556/1348 2195/1314/1329 2212/4557/4726
f 2195/4558/4727 2206/1325/1342 2212/1327/1344
f 2186/1304/1318 2197/1316/1332 2190/1308/4728
f 2197/1316/4729 2187/1307/1321 2190/1308/1323
f 2207/1328/1345 2204/1324/1341 2211/1332/4730
f 2211/1332/1350 2200/1320/1336 2208/1331/1348
f 2201/1323/1339 2216/1338/1356 2205/4559/4731
f 2216/4560/4732 2199/1317/1333 2205/1319/1335
f 2207/1328/1345 2226/4561/4733 2222/1348/1366
f 2226/1344/1362 2206/1325/1342 2220/1342/1360
f 2215/1339/1357 2225/4562/4734 2221/1345/1363
f 2218/4563/4735 2222/1348/1366 2225/1350/1368
f 2215/1339/1357 2230/1356/1374 2219/4564/4736
f 2230/4565/4737 2213/1333/1351 2219/1335/1353
f 2221/1345/1363 2240/4566/4738 2236/1366/1384
f 2223/4567/4739 2234/1360/1378 2240/1362/1380
f 2229/1357/1375 2239/4568/4740 2235/1363/1381
f 2232/4569/4741 2236/1366/1384 2239/1368/1386
f 2242/1372/1390 2233/4570/4742 2229/1357/1375
f 2233/1353/1371 2241/1369/1387 2227/1351/1369
f 2235/1363/1381 2254/4571/4743 2250/1383/1402
f 2237/4572/4744 2248/1377/1396 2254/1379/1398
f 2249/1380/1399 2246/1376/1395 2253/1384/4745
f 2246/1376/4746 2250/1383/1402 2253/1384/1404
f 2243/4573/1393 2188/1306/1320 2247/4574/4747
f 2188/4575/4748 2241/1369/1387 2247/1371/1389
f 2249/4576/1399 2198/4577/4749 2194/1315/1330
f 2251/4578/4750 2192/1309/1324 2198/1311/1326
f 863/791/809 877/807/827 891/825/845
f 851/781/797 872/4033/824 864/4030/812
f 907/4049/869 858/789/806 850/778/794
f 856/783/800 912/851/872 898/834/854
f 871/802/821 878/810/830 865/797/815
f 885/819/839 892/828/848 879/813/833
f 899/837/857 906/846/866 893/831/851
f 933/874/899 947/889/917 961/905/935
f 927/869/893 934/4054/902 921/865/887
f 983/4068/965 920/862/884 977/4067/959
f 926/859/890 968/905/944 954/889/926
f 941/884/911 948/892/920 935/880/905
f 955/899/929 962/908/938 949/895/923
f 969/902/947 976/880/956 963/892/941
f 1003/941/899 1017/945/917 1031/955/935
f 997/936/893 1004/4070/971 991/932/887
f 1053/4082/965 990/929/884 1047/4081/959
f 996/926/890 1038/955/944 1024/945/926
f 1011/884/911 1018/892/920 1005/880/905
f 1025/952/929 1032/958/938 1019/948/923
f 1039/902/947 1046/880/956 1033/892/941
f 2129/1233/1243 2157/1267/1279 2171/1285/1297
f 2123/1228/1237 2130/5313/1246 2117/1223/1231
f 2179/4551/1309 2116/1220/1228 2173/4548/1303
f 2178/1293/1306 2164/1276/1288 2150/1258/1270
f 2137/1244/1255 2144/1252/1264 2131/1239/1249
f 2151/1261/1273 2158/1270/1282 2145/1255/1267
f 2165/1279/1291 2172/1288/1300 2159/1273/1285
f 2199/1317/1333 2213/1333/1351 2227/1351/1369
f 2187/1307/1321 2208/4556/1348 2200/4554/1336
f 2243/4573/1393 2194/1315/1330 2186/1304/1318
f 2248/1377/1396 2234/1360/1378 2220/1342/1360
f 2207/1328/1345 2214/1336/1354 2201/1323/1339
f 2215/1339/1357 2236/1366/1384 2228/1354/1372
f 2229/1357/1375 2250/1383/1402 2242/1372/1390
f 849/775/791 852/4050/3922 853/776/792
f 850/778/794 854/782/3904 853/779/795
f 851/781/797 855/4031/3901 853/779/798
f 856/783/800 859/4034/3903 860/784/801
f 857/786/803 861/790/3905 860/787/804
f 858/789/806 862/4052/3923 860/787/807
f 863/791/809 866/5470/5312 867/792/810
f 864/794/812 868/798/5313 867/795/813
f 865/797/815 869/4035/3907 867/795/816
f 870/799/818 873/4037/3909 874/800/819
f 871/802/821 875/806/3906 874/803/822
f 872/805/824 876/5471/3902 874/803/825
f 877/807/827 880/5472/5314 881/808/828
f 878/810/830 882/5473/5315 881/811/831
f 879/813/833 883/4039/3911 881/814/834
f 884/816/836 887/4042/3914 888/817/837
f 885/819/839 889/4038/3910 888/820/840
f 886/822/842 890/4036/3908 888/823/843
f 891/825/845 894/4040/3912 895/826/846
f 892/828/848 896/4044/3916 895/829/849
f 893/831/851 897/4045/3917 895/832/852
f 898/834/854 901/5474/5316 902/835/855
f 899/837/857 903/4043/3915 902/838/858
f 900/840/860 904/4041/3913 902/841/861
f 905/843/863 908/4046/3918 909/844/864
f 906/846/866 910/850/5317 909/847/867
f 907/849/869 911/5475/3921 909/847/870
f 912/851/872 915/4053/3924 916/852/873
f 913/854/875 917/858/3920 916/855/876
f 914/857/878 918/4047/3919 916/855/879
f 919/859/881 922/5476/5318 923/860/882
f 920/862/884 924/866/3927 923/863/885
f 921/865/887 925/4055/3925 923/863/888
f 926/859/890 929/5477/5319 930/867/891
f 927/869/893 931/873/3928 930/870/894
f 928/872/896 932/4069/3950 930/870/897
f 933/874/899 936/5478/5320 937/875/900
f 934/877/902 938/881/3930 937/878/903
f 935/880/905 939/4058/3931 937/878/906
f 940/874/908 943/4059/3934 944/882/909
f 941/884/911 945/888/3929 944/885/912
f 942/887/914 946/5479/3926 944/885/915
f 947/889/917 950/898/3932 951/890/918
f 948/892/920 952/911/3936 951/893/921
f 949/895/923 953/4061/3937 951/896/924
f 954/889/926 957/891/3940 958/890/927
f 955/899/929 959/4060/3935 958/900/930
f 956/902/932 960/913/3933 958/903/933
f 961/905/935 964/912/3938 965/906/936
f 962/908/938 966/4063/3942 965/909/939
f 963/892/941 967/894/3943 965/893/942
f 968/905/944 971/907/3946 972/906/945
f 969/902/947 973/904/3941 972/903/948
f 970/914/950 974/4062/3939 972/915/951
f 975/917/953 978/4064/3944 979/918/954
f 976/880/956 980/921/3948 979/878/957
f 977/877/959 981/5480/3949 979/878/960
f 982/917/962 985/5481/5321 986/922/963
f 983/887/965 987/925/3947 986/885/966
f 984/884/968 988/4065/3945 986/885/969
f 989/926/881 992/5482/5318 993/927/882
f 990/929/884 994/933/3927 993/930/885
f 991/932/887 995/4071/3925 993/930/888
f 996/926/890 999/5483/5319 1000/934/891
f 997/936/893 1001/940/3928 1000/937/894
f 998/939/896 1002/4083/3950 1000/937/897
f 1003/941/899 1006/5484/5320 1007/942/900
f 1004/877/971 1008/881/3930 1007/878/903
f 1005/880/905 1009/4058/3931 1007/878/906
f 1010/941/908 1013/4074/3934 1014/942/909
f 1011/884/911 1015/888/3929 1014/885/912
f 1012/887/914 1016/5479/3926 1014/885/915
f 1017/945/917 1020/951/3932 1021/946/918
f 1018/892/920 1022/911/3936 1021/893/921
f 1019/948/923 1023/4076/3937 1021/949/924
f 1024/945/926 1027/947/3940 1028/946/927
f 1025/952/929 1029/4075/3935 1028/953/930
f 1026/902/932 1030/913/3951 1028/903/933
f 1031/955/935 1034/961/3938 1035/956/936
f 1032/958/938 1036/4078/3942 1035/959/939
f 1033/892/941 1037/894/3952 1035/893/942
f 1038/955/944 1041/957/3946 1042/956/945
f 1039/902/947 1043/904/3941 1042/903/948
f 1040/962/950 1044/4077/3939 1042/963/951
f 1045/965/953 1048/4079/3944 1049/966/954
f 1046/880/956 1050/921/3948 1049/878/957
f 1047/877/959 1051/5480/3949 1049/878/960
f 1052/965/962 1055/5485/5321 1056/968/963
f 1053/887/965 1057/925/3947 1056/885/966
f 1054/884/968 1058/4065/3945 1056/885/969
f 2115/1217/1225 2118/4550/4722 2119/1218/1226
f 2116/1220/1228 2120/1224/4706 2119/1221/1229
f 2117/1223/1231 2121/4534/4703 2119/1221/1232
f 2122/1225/1234 2125/4537/4705 2126/1226/1235
f 2123/1228/1237 2127/1232/4707 2126/1229/1238
f 2124/1231/1240 2128/4552/4723 2126/1229/1241
f 2129/1233/1243 2132/5487/5335 2133/1234/1244
f 2130/1236/1246 2134/1240/4709 2133/1237/1247
f 2131/1239/1249 2135/4538/4710 2133/1237/1250
f 2136/1241/1252 2139/5488/5336 2140/1242/1253
f 2137/1244/1255 2141/1248/4708 2140/1245/1256
f 2138/1247/1258 2142/5489/4704 2140/1245/1259
f 2143/1249/1261 2146/4539/4711 2147/1250/1262
f 2144/1252/1264 2148/5490/5337 2147/1253/1265
f 2145/1255/1267 2149/4542/4714 2147/1256/1268
f 2150/1258/1270 2153/5491/5338 2154/1259/1271
f 2151/1261/1273 2155/4541/4713 2154/1262/1274
f 2152/1264/1276 2156/4540/4712 2154/1265/1277
f 2157/1267/1279 2160/5492/5339 2161/1268/1280
f 2158/1270/1282 2162/4545/4717 2161/1271/1283
f 2159/1273/1285 2163/4546/4718 2161/1274/1286
f 2164/1276/1288 2167/5493/5340 2168/1277/1289
f 2165/1279/1291 2169/4544/4716 2168/1280/1292
f 2166/1282/1294 2170/4543/4715 2168/1283/1295
f 2171/1285/1297 2174/5494/5341 2175/1286/1298
f 2172/1288/1300 2176/1292/5342 2175/1289/1301
f 2173/1291/1303 2177/5495/4721 2175/1289/1304
f 2178/1293/1306 2181/4553/4724 2182/1294/1307
f 2179/1296/1309 2183/1300/4720 2182/1297/1310
f 2180/1299/1312 2184/4547/4719 2182/1297/1313
f 2185/1301/1315 2188/4575/4748 2189/1302/1316
f 2186/1304/1318 2190/1308/4728 2189/1305/1319
f 2187/1307/1321 2191/4555/4725 2189/1305/1322
f 2192/1309/1324 2195/4558/4727 2196/1310/1325
f 2193/1312/1327 2197/1316/4729 2196/1313/1328
f 2194/1315/1330 2198/4577/4749 2196/1313/1331
f 2199/1317/1333 2202/5496/5343 2203/1318/1334
f 2200/1320/1336 2204/1324/5344 2203/1321/1337
f 2201/1323/1339 2205/4559/4731 2203/1321/1340
f 2206/1325/1342 2209/5497/5345 2210/1326/1343
f 2207/1328/1345 2211/1332/4730 2210/1329/1346
f 2208/1331/1348 2212/5498/4726 2210/1329/1349
f 2213/1333/1351 2216/4560/4732 2217/1334/1352
f 2214/1336/1354 2218/4563/4735 2217/1337/1355
f 2215/1339/1357 2219/4564/4736 2217/1340/1358
f 2220/1342/1360 2223/4567/4739 2224/1343/1361
f 2221/1345/1363 2225/4562/4734 2224/1346/1364
f 2222/1348/1366 2226/4561/4733 2224/1349/1367
f 2227/1351/1369 2230/4565/4737 2231/1352/1370
f 2228/1354/1372 2232/4569/4741 2231/1355/1373
f 2229/1357/1375 2233/4570/4742 2231/1358/1376
f 2234/1360/1378 2237/4572/4744 2238/1361/1379
f 2235/1363/1381 2239/4568/4740 2238/1364/1382
f 2236/1366/1384 2240/4566/4738 2238/1367/1385
f 2241/1369/1387 2244/5499/5346 2245/1370/1388
f 2242/1372/1390 2246/1376/4746 2245/1373/1391
f 2243/1375/1393 2247/5500/4747 2245/1373/1394
f 2248/1377/1396 2251/4578/4750 2252/1378/1397
f 2249/1380/1399 2253/1384/4745 2252/1381/1400
f 2250/1383/1402 2254/4571/4743 2252/1381/1403
f 864/4030/812 866/5738/814 855/4031/3901
f 855/777/793 866/5470/5312 863/791/809
f 857/786/803 859/788/805 876/4032/3902
f 859/4034/3903 856/783/800 870/799/818
f 850/778/794 858/789/806 861/790/808
f 861/790/3905 857/786/803 851/781/797
f 865/797/815 868/798/817 875/806/3906
f 875/806/826 868/798/5313 864/794/812
f 878/810/830 880/812/832 869/4035/3907
f 869/793/811 880/5472/5314 877/807/827
f 871/802/821 873/804/823 890/4036/3908
f 873/4037/3909 870/799/818 884/816/836
f 879/813/833 882/815/835 889/4038/3910
f 889/824/844 882/5473/5315 878/810/830
f 879/813/833 892/828/848 894/830/850
f 894/4040/3912 891/825/845 877/807/827
f 900/840/860 885/819/839 887/821/841
f 887/4042/3914 884/816/836 898/834/854
f 893/831/851 896/833/853 903/4043/3915
f 896/4044/3916 892/828/848 900/840/860
f 906/846/866 908/848/868 897/4045/3917
f 908/4046/3918 905/843/863 891/825/845
f 899/837/857 901/839/859 918/4047/3919
f 918/853/874 901/5474/5316 898/834/854
f 913/854/875 907/849/869 910/850/871
f 917/858/880 910/850/5317 906/846/866
f 850/778/794 852/780/796 911/4048/3921
f 852/4050/3922 849/775/791 905/843/863
f 858/789/806 913/5739/875 915/4051/877
f 915/4053/3924 912/851/872 856/783/800
f 934/4054/902 936/5740/904 925/4055/3925
f 925/861/883 936/5478/5320 933/874/899
f 927/869/893 929/871/895 946/4056/3926
f 946/883/910 929/5477/5319 926/859/890
f 928/872/896 931/873/898 924/866/3927
f 931/873/3928 927/869/893 921/865/887
f 935/880/905 938/881/907 945/888/3929
f 938/881/3930 934/877/902 942/887/914
f 935/880/905 948/892/920 950/894/922
f 950/898/3932 947/889/917 933/874/899
f 956/902/932 941/884/911 943/886/913
f 943/4059/3934 940/874/908 954/889/926
f 949/895/923 952/897/925 959/4060/3935
f 952/911/3936 948/892/920 956/902/932
f 962/908/938 964/910/940 953/4061/3937
f 964/912/3938 961/905/935 947/889/917
f 955/899/929 957/901/931 974/4062/3939
f 957/891/3940 954/889/926 968/905/944
f 963/892/941 966/911/943 973/904/3941
f 966/4063/3942 962/908/938 970/914/950
f 976/880/956 978/920/958 967/894/3943
f 978/4064/3944 975/917/953 961/905/935
f 984/884/968 969/902/947 971/913/949
f 971/907/3946 968/905/944 982/917/962
f 977/877/959 980/921/961 987/925/3947
f 980/921/3948 976/880/956 984/884/968
f 920/862/884 922/864/886 981/4066/3949
f 981/919/955 922/5476/5318 919/859/881
f 983/4068/965 985/5741/967 932/4069/3950
f 932/868/892 985/5481/5321 982/917/962
f 1004/4070/971 1006/5742/904 995/4071/3925
f 995/928/883 1006/5484/5320 1003/941/899
f 997/936/893 999/938/895 1016/4072/3926
f 1016/944/910 999/5483/5319 996/926/890
f 998/939/896 1001/940/898 994/933/3927
f 1001/940/3928 997/936/893 991/932/887
f 1005/880/905 1008/881/907 1015/888/3929
f 1008/881/3930 1004/877/971 1012/887/914
f 1005/880/905 1018/892/920 1020/894/922
f 1020/951/3932 1017/945/917 1003/941/899
f 1011/884/911 1013/886/972 1030/913/3951
f 1013/4074/3934 1010/941/908 1024/945/926
f 1019/948/923 1022/950/925 1029/4075/3935
f 1022/911/3936 1018/892/920 1026/902/932
f 1032/958/938 1034/960/940 1023/4076/3937
f 1034/961/3938 1031/955/935 1017/945/917
f 1025/952/929 1027/954/931 1044/4077/3939
f 1027/947/3940 1024/945/926 1038/955/944
f 1033/892/941 1036/911/943 1043/904/3941
f 1036/4078/3942 1032/958/938 1040/962/950
f 1033/892/941 1046/880/956 1048/920/958
f 1048/4079/3944 1045/965/953 1031/955/935
f 1054/884/968 1039/902/947 1041/913/949
f 1041/957/3946 1038/955/944 1052/965/962
f 1047/877/959 1050/921/961 1057/925/3947
f 1050/921/3948 1046/880/956 1054/884/968
f 990/929/884 992/931/886 1051/4080/3949
f 1051/967/955 992/5482/5318 989/926/881
f 1053/4082/965 1055/5743/967 1002/4083/3950
f 1002/935/892 1055/5485/5321 1052/965/962
f 2117/1223/1231 2130/5313/1246 2132/4533/1248
f 2121/1219/1227 2132/5487/5335 2129/1233/1243
f 2138/4535/1258 2123/1228/1237 2125/1230/1239
f 2125/4537/4705 2122/1225/1234 2136/1241/1252
f 2116/1220/1228 2124/1231/1240 2127/1232/1242
f 2127/1232/4707 2123/1228/1237 2117/1223/1231
f 2131/1239/1249 2134/1240/1251 2141/1248/4708
f 2134/1240/4709 2130/1236/1246 2138/1247/1258
f 2144/1252/1264 2146/1254/1266 2135/4538/4710
f 2146/4539/4711 2143/1249/1261 2129/1233/1243
f 2137/1244/1255 2139/1246/1257 2156/4540/4712
f 2156/1260/1272 2139/5488/5336 2136/1241/1252
f 2145/1255/1267 2148/1257/1269 2155/4541/4713
f 2155/1266/1278 2148/5490/5337 2144/1252/1264
f 2158/1270/1282 2160/1272/1284 2149/4542/4714
f 2149/1251/1263 2160/5492/5339 2157/1267/1279
f 2151/1261/1273 2153/1263/1275 2170/4543/4715
f 2170/1278/1290 2153/5491/5338 2150/1258/1270
f 2165/1279/1291 2159/1273/1285 2162/1275/1287
f 2162/4545/4717 2158/1270/1282 2166/1282/1294
f 2172/1288/1300 2174/1290/1302 2163/4546/4718
f 2163/1269/1281 2174/5494/5341 2171/1285/1297
f 2180/1299/1312 2165/1279/1291 2167/1281/1293
f 2184/1295/1308 2167/5493/5340 2164/1276/1288
f 2173/1291/1303 2176/1292/1305 2183/1300/4720
f 2183/1300/1314 2176/1292/5342 2172/1288/1300
f 2173/4548/1303 2116/1220/1228 2118/1222/1230
f 2118/4550/4722 2115/1217/1225 2171/1285/1297
f 2179/4551/1309 2181/5754/1311 2128/4552/4723
f 2181/4553/4724 2178/1293/1306 2122/1225/1234
f 2200/4554/1336 2202/5755/1338 2191/4555/4725
f 2191/1303/1317 2202/5496/5343 2199/1317/1333
f 2208/4556/1348 2193/1312/1327 2195/1314/1329
f 2195/4558/4727 2192/1309/1324 2206/1325/1342
f 2186/1304/1318 2194/1315/1330 2197/1316/1332
f 2197/1316/4729 2193/1312/1327 2187/1307/1321
f 2207/1328/1345 2201/1323/1339 2204/1324/1341
f 2211/1332/1350 2204/1324/5344 2200/1320/1336
f 2201/1323/1339 2214/1336/1354 2216/1338/1356
f 2216/4560/4732 2213/1333/1351 2199/1317/1333
f 2207/1328/1345 2209/1330/1347 2226/4561/4733
f 2226/1344/1362 2209/5497/5345 2206/1325/1342
f 2215/1339/1357 2218/1341/1359 2225/4562/4734
f 2218/4563/4735 2214/1336/1354 2222/1348/1366
f 2215/1339/1357 2228/1354/1372 2230/1356/1374
f 2230/4565/4737 2227/1351/1369 2213/1333/1351
f 2221/1345/1363 2223/1347/1365 2240/4566/4738
f 2223/4567/4739 2220/1342/1360 2234/1360/1378
f 2229/1357/1375 2232/1359/1377 2239/4568/4740
f 2232/4569/4741 2228/1354/1372 2236/1366/1384
f 2242/1372/1390 2244/1374/1392 2233/4570/4742
f 2233/1353/1371 2244/5499/5346 2241/1369/1387
f 2235/1363/1381 2237/1365/1383 2254/4571/4743
f 2237/4572/4744 2234/1360/1378 2248/1377/1396
f 2249/1380/1399 2243/1375/1393 2246/1376/1395
f 2246/1376/4746 2242/1372/1390 2250/1383/1402
f 2243/4573/1393 2186/1304/1318 2188/1306/1320
f 2188/4575/4748 2185/1301/1315 2241/1369/1387
f 2249/4576/1399 2251/5756/1401 2198/4577/4749
f 2251/4578/4750 2248/1377/1396 2192/1309/1324
f 905/843/863 849/775/791 891/825/845
f 849/775/791 863/791/809 891/825/845
f 851/781/797 857/786/803 872/4033/824
f 907/4049/869 913/5739/875 858/789/806
f 884/816/836 870/799/818 898/834/854
f 870/799/818 856/783/800 898/834/854
f 871/802/821 886/822/842 878/810/830
f 885/819/839 900/840/860 892/828/848
f 899/837/857 914/857/878 906/846/866
f 975/917/953 919/859/881 961/905/935
f 919/859/881 933/874/899 961/905/935
f 927/869/893 942/4057/914 934/4054/902
f 983/4068/965 928/872/896 920/862/884
f 954/889/926 940/874/908 926/859/890
f 926/859/890 982/917/962 968/905/944
f 941/884/911 956/902/932 948/892/920
f 955/899/929 970/914/950 962/908/938
f 969/902/947 984/884/968 976/880/956
f 1045/965/953 989/926/881 1031/955/935
f 989/926/881 1003/941/899 1031/955/935
f 997/936/893 1012/4073/914 1004/4070/971
f 1053/4082/965 998/939/896 990/929/884
f 1024/945/926 1010/941/908 996/926/890
f 996/926/890 1052/965/962 1038/955/944
f 1011/884/911 1026/902/932 1018/892/920
f 1025/952/929 1040/962/950 1032/958/938
f 1039/902/947 1054/884/968 1046/880/956
f 2171/1285/1297 2115/1217/1225 2129/1233/1243
f 2129/1233/1243 2143/1249/1261 2157/1267/1279
f 2123/1228/1237 2138/4535/1258 2130/5313/1246
f 2179/4551/1309 2124/1231/1240 2116/1220/1228
f 2150/1258/1270 2136/1241/1252 2122/1225/1234
f 2122/1225/1234 2178/1293/1306 2150/1258/1270
f 2137/1244/1255 2152/1264/1276 2144/1252/1264
f 2151/1261/1273 2166/1282/1294 2158/1270/1282
f 2165/1279/1291 2180/1299/1312 2172/1288/1300
f 2241/1369/1387 2185/1301/1315 2227/1351/1369
f 2185/1301/1315 2199/1317/1333 2227/1351/1369
f 2187/1307/1321 2193/1312/1327 2208/4556/1348
f 2243/4573/1393 2249/4576/1399 2194/1315/1330
f 2220/1342/1360 2206/1325/1342 2192/1309/1324
f 2192/1309/1324 2248/1377/1396 2220/1342/1360
f 2207/1328/1345 2222/1348/1366 2214/1336/1354
f 2215/1339/1357 2221/1345/1363 2236/1366/1384
f 2229/1357/1375 2235/1363/1381 2250/1383/1402
usemtl bone
f 36/1/1 25/2/2 1/3/3
f 28/2/4 40/1/5 5/3/6
f 38/4/7 4/5/8 39/6/9
f 37/7/10 1/3/3 2/8/11
f 39/7/9 5/3/6 40/1/5
f 38/4/7 2/9/11 3/10/7
f 28/2/4 5/3/6 7/11/12
f 1/3/3 25/2/2 6/11/13
f 6/11/13 25/2/2 8/12/14
f 28/2/4 7/11/12 9/12/15
f 8/12/14 25/2/2 10/13/16
f 28/2/4 9/12/15 14/13/17
f 14/13/17 18/14/18 19/15/19
f 11/16/20 17/17/21 12/18/21
f 10/13/16 25/2/2 15/15/22
f 28/2/4 14/13/17 19/15/19
f 13/19/23 17/17/21 18/20/18
f 10/13/16 16/14/24 11/21/20
f 18/14/18 24/22/25 19/15/19
f 17/23/26 21/24/27 22/25/26
f 15/15/22 25/2/2 20/22/28
f 28/2/4 19/15/19 24/22/25
f 17/23/26 23/26/29 18/27/18
f 16/14/24 20/22/28 21/28/27
f 20/22/28 25/2/2 26/29/30
f 28/2/4 24/22/25 27/29/31
f 26/29/30 25/2/2 29/30/32
f 28/2/4 27/29/31 30/30/33
f 29/30/32 25/2/2 31/31/34
f 28/2/4 30/30/33 35/31/35
f 31/31/34 25/2/2 36/1/1
f 28/2/4 35/31/35 40/1/5
f 34/32/36 38/33/37 39/34/9
f 31/31/34 37/7/10 32/35/38
f 35/31/35 39/7/9 40/1/5
f 32/36/38 38/33/37 33/37/37
f 73/38/39 59/39/2 41/40/40
f 65/39/4 74/38/41 42/40/42
f 65/39/4 42/40/42 47/41/43
f 41/40/40 59/39/2 43/41/44
f 65/39/4 47/41/43 52/42/45
f 45/43/46 51/44/47 46/45/48
f 44/46/49 48/42/50 49/47/51
f 46/46/48 52/42/45 47/41/43
f 45/43/46 49/48/51 50/49/52
f 43/41/44 59/39/2 48/42/50
f 65/39/4 52/42/45 54/50/53
f 48/42/50 59/39/2 53/50/54
f 53/50/54 59/39/2 55/51/55
f 65/39/4 54/50/53 56/51/56
f 55/51/55 59/39/2 57/52/57
f 65/39/4 56/51/56 58/52/58
f 57/52/57 59/39/2 60/53/59
f 65/39/4 58/52/58 64/53/60
f 64/53/60 69/54/61 70/55/62
f 62/56/63 67/57/64 68/58/65
f 60/53/59 59/39/2 66/55/66
f 65/39/4 64/53/60 70/55/62
f 62/56/63 69/59/61 63/60/67
f 61/61/68 66/55/66 67/54/64
f 66/55/66 59/39/2 71/62/69
f 65/39/4 70/55/62 72/62/70
f 71/62/69 59/39/2 73/38/39
f 65/39/4 72/62/70 74/38/41
f 1779/970/973 1783/971/974 1785/972/975
f 1780/973/976 1783/974/977 1782/975/978
f 1781/976/979 1783/977/980 1784/978/981
f 1786/979/982 1790/980/983 1792/981/984
f 1787/970/985 1790/971/986 1789/982/987
f 1788/983/988 1790/984/989 1791/985/990
f 1793/986/991 1797/987/992 1799/988/993
f 1794/989/994 1797/990/995 1796/991/996
f 1795/973/997 1797/974/998 1798/992/999
f 1800/986/1000 1804/987/1001 1806/993/1002
f 1801/979/1003 1804/980/1004 1803/994/1005
f 1802/995/1006 1804/996/1007 1805/997/1008
f 1807/998/1009 1811/999/1010 1813/1000/1011
f 1808/976/1012 1811/977/1013 1810/1001/1014
f 1809/1002/1015 1811/1003/1016 1812/1004/1017
f 1814/998/1018 1818/999/1019 1820/1005/1020
f 1815/1006/1021 1818/1007/1022 1817/1008/1023
f 1816/983/1024 1818/984/1025 1819/1009/1026
f 1821/1010/1027 1825/1011/1028 1827/1012/1029
f 1822/1002/1030 1825/1003/1031 1824/1013/1032
f 1823/989/1033 1825/990/1034 1826/1014/1035
f 1828/1010/1036 1832/1011/1037 1834/1015/1038
f 1829/995/1039 1832/996/1040 1831/1016/1041
f 1830/1006/1042 1832/1007/1043 1833/1017/1044
f 1835/1018/1045 1839/1019/1046 1841/1020/1047
f 1836/1021/1048 1839/1022/1049 1838/1023/1050
f 1837/1024/1051 1839/1022/1052 1840/1025/1053
f 1842/1026/1054 1846/1027/1055 1848/1028/1056
f 1843/1018/1057 1846/1019/1058 1845/1029/1059
f 1844/1030/1060 1846/1027/1061 1847/1031/1062
f 1849/1032/1063 1853/1033/1064 1855/1034/1065
f 1850/1035/1066 1853/1036/1067 1852/1037/1068
f 1851/1038/1069 1853/1036/1070 1854/1039/1071
f 1856/1032/1072 1860/1033/1073 1862/1040/1074
f 1857/1041/1075 1860/1042/1076 1859/1043/1077
f 1858/1044/1078 1860/1042/1079 1861/1045/1080
f 1863/1046/1081 1867/1047/1082 1869/1048/1083
f 1864/1049/1084 1867/1050/1085 1866/1051/1086
f 1865/1052/1087 1867/1050/1088 1868/1053/1089
f 1870/1046/1090 1874/1047/1091 1876/1054/1092
f 1871/1055/1093 1874/1056/1094 1873/1057/1095
f 1872/1058/1096 1874/1056/1097 1875/1059/1098
f 1877/1060/1099 1881/1061/1100 1883/1062/1101
f 1878/1063/1102 1881/1064/1103 1880/1065/1104
f 1879/1066/1105 1881/1064/1106 1882/1067/1107
f 1884/1060/1108 1888/1061/1109 1890/1068/1110
f 1885/1069/1111 1888/1070/1112 1887/1071/1113
f 1886/1072/1114 1888/1070/1115 1889/1073/1116
f 1891/1074/1117 1895/1075/1118 1897/1076/1119
f 1892/1038/1120 1895/1036/1121 1894/1077/1122
f 1893/1035/1123 1895/1036/1124 1896/1039/1125
f 1898/1041/1126 1902/1042/1127 1904/1045/1128
f 1899/1074/1129 1902/1078/1130 1901/1079/1131
f 1900/1044/1132 1902/1042/1133 1903/1080/1134
f 1905/1081/1135 1909/1082/1136 1911/1083/1137
f 1906/1084/1138 1909/1085/1139 1908/1086/1140
f 1907/1087/1141 1909/1085/1142 1910/1088/1143
f 1912/1081/1144 1916/1089/1145 1918/1090/1146
f 1913/1091/1147 1916/1092/1148 1915/1093/1149
f 1914/1094/1150 1916/1092/1151 1917/1095/1152
f 1919/1096/1153 1923/1097/1154 1925/1098/1155
f 1920/1099/1156 1923/1100/1157 1922/1101/1158
f 1921/1102/1159 1923/1100/1160 1924/1103/1161
f 1926/1096/1162 1930/1104/1163 1932/1105/1164
f 1927/1106/1165 1930/1107/1166 1929/1108/1167
f 1928/1109/1168 1930/1107/1169 1931/1110/1170
f 1933/1111/1171 1937/1112/1172 1939/1113/1173
f 1934/1052/1174 1937/1050/1175 1936/1114/1176
f 1935/1049/1177 1937/1050/1178 1938/1053/1179
f 1940/1111/1180 1944/1115/1181 1946/1116/1182
f 1941/1058/1183 1944/1056/1184 1943/1117/1185
f 1942/1055/1186 1944/1056/1187 1945/1059/1188
f 1947/1118/1027 1951/1119/1028 1953/1120/1029
f 1948/1121/1030 1951/1122/1031 1950/1123/1032
f 1949/989/1033 1951/990/1034 1952/1014/1035
f 1954/1124/1042 1958/1125/1043 1960/1126/1044
f 1955/1118/1036 1958/1119/1037 1957/1127/1038
f 1956/995/1039 1958/996/1040 1959/1016/1041
f 1961/1128/1009 1965/1129/1010 1967/1130/1011
f 1962/976/1012 1965/977/1013 1964/1001/1014
f 1963/1121/1015 1965/1122/1016 1966/1131/1017
f 1968/1128/1018 1972/1129/1019 1974/1132/1020
f 1969/1124/1021 1972/1125/1022 1971/1133/1023
f 1970/983/1024 1972/984/1025 1973/1009/1026
f 1975/1134/991 1979/1135/992 1981/1136/993
f 1976/989/994 1979/990/995 1978/991/996
f 1977/1137/997 1979/1138/998 1980/1139/999
f 1982/1134/1000 1986/1135/1001 1988/1140/1002
f 1983/1141/1003 1986/1142/1004 1985/1143/1005
f 1984/995/1006 1986/996/1007 1987/997/1008
f 1989/1144/973 1993/1145/974 1995/1146/975
f 1990/1137/976 1993/1138/977 1992/1147/978
f 1991/976/979 1993/977/980 1994/978/981
f 1996/1144/985 2000/1145/986 2002/1148/987
f 1997/983/988 2000/984/989 1999/985/990
f 1998/1141/982 2000/1142/983 2001/1149/984
f 2003/1150/1099 2007/1151/1100 2009/1152/1101
f 2004/1087/1102 2007/1085/1189 2006/1153/1104
f 2005/1084/1105 2007/1085/1190 2008/1088/1107
f 2010/1091/1114 2014/1092/1191 2016/1095/1192
f 2011/1150/1108 2014/1151/1193 2013/1154/1110
f 2012/1094/1111 2014/1092/1194 2015/1155/1195
f 2017/1156/1081 2021/1157/1082 2023/1158/1083
f 2018/1159/1084 2021/1160/1085 2020/1161/1196
f 2019/1162/1087 2021/1160/1088 2022/1163/1089
f 2024/1156/1090 2028/1157/1091 2030/1164/1092
f 2025/1165/1093 2028/1166/1094 2027/1167/1095
f 2026/1168/1096 2028/1166/1197 2029/1169/1098
f 2031/1170/1063 2035/1171/1064 2037/1172/1065
f 2032/1173/1066 2035/1174/1198 2034/1175/1068
f 2033/1176/1069 2035/1174/1070 2036/1177/1071
f 2038/1170/1072 2042/1171/1073 2044/1178/1074
f 2039/1179/1075 2042/1180/1076 2041/1181/1077
f 2040/1182/1078 2042/1180/1199 2043/1183/1200
f 2045/1184/1045 2049/1185/1046 2051/1186/1047
f 2046/1102/1048 2049/1100/1201 2048/1187/1050
f 2047/1099/1051 2049/1100/1052 2050/1103/1053
f 2052/1184/1057 2056/1185/1202 2058/1188/1059
f 2053/1109/1060 2056/1189/1203 2055/1190/1062
f 2054/1106/1054 2056/1189/1055 2057/1110/1204
f 2059/1191/1171 2063/1192/1172 2065/1193/1205
f 2060/1162/1174 2063/1160/1175 2062/1194/1176
f 2061/1159/1177 2063/1160/1178 2064/1163/1206
f 2066/1165/1186 2070/1166/1207 2072/1169/1188
f 2067/1191/1180 2070/1192/1181 2069/1195/1182
f 2068/1168/1183 2070/1166/1208 2071/1196/1209
f 2073/1197/1153 2077/1198/1154 2079/1199/1155
f 2074/1024/1156 2077/1022/1210 2076/1200/1158
f 2075/1201/1159 2077/1022/1211 2078/1025/1161
f 2080/1197/1162 2084/1198/1163 2086/1202/1164
f 2081/1203/1165 2084/1027/1212 2083/1204/1167
f 2082/1030/1168 2084/1027/1213 2085/1028/1170
f 2087/1205/1135 2091/1206/1136 2093/1207/1214
f 2088/1066/1138 2091/1064/1215 2090/1208/1216
f 2089/1063/1141 2091/1064/1217 2092/1067/1218
f 2094/1205/1219 2098/1206/1145 2100/1209/1146
f 2095/1072/1147 2098/1070/1148 2097/1210/1149
f 2096/1069/1150 2098/1070/1220 2099/1073/1221
f 2101/1211/1117 2105/1212/1118 2107/1213/1119
f 2102/1176/1120 2105/1174/1121 2104/1214/1122
f 2103/1173/1123 2105/1174/1222 2106/1177/1223
f 2108/1211/1129 2112/1212/1130 2114/1215/1131
f 2109/1182/1132 2112/1180/1224 2111/1216/1134
f 2110/1179/1126 2112/1180/1127 2113/1183/1128
f 2815/2011/2020 2819/2012/2021 2821/2013/2022
f 2816/2014/2023 2819/2015/2024 2818/2016/2025
f 2817/2017/2026 2819/2015/2027 2820/2018/2028
f 2822/2019/2029 2826/2020/2030 2828/2021/2031
f 2823/2022/2032 2826/2020/2033 2825/2023/2034
f 2824/2024/2035 2826/2020/2036 2827/2025/2037
f 2829/2026/2038 2833/2027/2039 2835/2028/2040
f 2830/2029/2041 2833/2027/2042 2832/2030/2043
f 2831/2031/2044 2833/2032/2045 2834/2033/2046
f 2836/2034/2047 2840/2035/2048 2842/2036/2049
f 2837/2037/2050 2840/2035/2051 2839/2038/2052
f 2838/2039/2053 2840/2035/2054 2841/2040/2055
f 2843/2041/2056 2847/2042/2057 2849/2043/2058
f 2844/2044/2059 2847/2045/2060 2846/2046/2061
f 2845/2047/2062 2847/2042/2063 2848/2048/2064
f 2850/2049/2065 2854/2050/2066 2856/2051/2067
f 2851/2052/2068 2854/2050/2069 2853/2053/2070
f 2852/2054/2071 2854/2055/2072 2855/2056/2073
f 2857/2057/2074 2861/2058/2075 2863/2059/2076
f 2858/2060/2077 2861/2058/2078 2860/2061/2079
f 2859/2062/2080 2861/2063/2081 2862/2064/2082
f 2864/2065/2083 2868/2066/2084 2870/2067/2085
f 2865/2068/2086 2868/2066/2087 2867/2069/2088
f 2866/2070/2089 2868/2066/2090 2869/2071/2091
f 2871/2072/2092 2875/2073/2093 2877/2074/2094
f 2872/2075/2095 2875/2073/2096 2874/2076/2097
f 2873/2077/2098 2875/2073/2099 2876/2078/2100
f 2878/2079/2101 2882/2080/2102 2884/2081/2103
f 2879/2082/2104 2882/2083/2105 2881/2084/2106
f 2880/2085/2107 2882/2080/2108 2883/2086/2109
f 2955/2171/2200 2959/2172/2201 2961/2173/2202
f 2956/2174/2203 2959/2175/2204 2958/2176/2205
f 2957/2177/2206 2959/2172/2207 2960/2178/2208
f 2962/2179/2209 2966/2180/2210 2968/2181/2211
f 2963/2182/2212 2966/2180/2213 2965/2183/2214
f 2964/2184/2215 2966/2180/2216 2967/2185/2217
f 2969/2186/2218 2973/2187/2219 2975/2188/2220
f 2970/2189/2221 2973/2187/2222 2972/2190/2223
f 2971/2191/2224 2973/2192/2225 2974/2193/2226
f 2976/2194/2227 2980/2195/2228 2982/2196/2229
f 2977/2197/2230 2980/2195/2231 2979/2198/2232
f 2978/2199/2233 2980/2195/2234 2981/2200/2235
f 2983/2201/2236 2987/2202/2237 2989/2203/2238
f 2984/2204/2239 2987/2205/2240 2986/2206/2241
f 2985/2207/2242 2987/2202/2243 2988/2208/2244
f 2990/2209/2245 2994/2210/2246 2996/2211/2247
f 2991/2212/2248 2994/2210/2249 2993/2213/2250
f 2992/2214/2251 2994/2215/2252 2995/2216/2253
f 2997/2217/2254 3001/2218/2255 3003/2219/2256
f 2998/2220/2257 3001/2218/2258 3000/2221/2259
f 2999/2222/2260 3001/2223/2261 3002/2224/2262
f 3004/2225/2263 3008/2226/2264 3010/2227/2265
f 3005/2228/2266 3008/2226/2267 3007/2229/2268
f 3006/2230/2269 3008/2226/2270 3009/2231/2271
f 3011/2232/2272 3015/2233/2273 3017/2234/2274
f 3012/2235/2275 3015/2233/2276 3014/2236/2277
f 3013/2237/2278 3015/2233/2279 3016/2238/2280
f 3018/2239/2281 3022/2240/2282 3024/2241/2283
f 3019/2242/2284 3022/2243/2285 3021/2244/2286
f 3020/2245/2287 3022/2240/2288 3023/2246/2289
f 3095/2331/2200 3099/2332/2201 3101/2333/2309
f 3096/2334/2203 3099/2335/2310 3098/2336/2311
f 3097/2337/2206 3099/2332/2312 3100/2338/2208
f 3102/2339/2209 3106/2340/2210 3108/2341/2211
f 3103/2342/2212 3106/2340/2213 3105/2343/2313
f 3104/2344/2215 3106/2340/2216 3107/2345/2217
f 3109/2346/2218 3113/2347/2219 3115/2348/2220
f 3110/2349/2314 3113/2347/2315 3112/2350/2316
f 3111/2351/2317 3113/2352/2225 3114/2353/2226
f 3116/2354/2318 3120/2355/2228 3122/2356/2319
f 3117/2357/2230 3120/2355/2231 3119/2358/2232
f 3118/2359/2233 3120/2355/2320 3121/2360/2235
f 3123/2361/2236 3127/2362/2237 3129/2363/2238
f 3124/2364/2239 3127/2365/2240 3126/2366/2241
f 3125/2367/2321 3127/2362/2322 3128/2368/2244
f 3130/2369/2323 3134/2370/2246 3136/2371/2247
f 3131/2372/2248 3134/2370/2249 3133/2373/2324
f 3132/2374/2251 3134/2375/2252 3135/2376/2253
f 3137/2377/2254 3141/2378/2255 3143/2379/2256
f 3138/2380/2257 3141/2378/2258 3140/2381/2259
f 3139/2382/2260 3141/2383/2261 3142/2384/2262
f 3144/2385/2263 3148/2386/2264 3150/2387/2325
f 3145/2388/2326 3148/2386/2267 3147/2389/2268
f 3146/2390/2269 3148/2386/2270 3149/2391/2271
f 3151/2392/2327 3155/2393/2273 3157/2394/2328
f 3152/2395/2275 3155/2393/2276 3154/2396/2329
f 3153/2397/2330 3155/2393/2331 3156/2398/2332
f 3158/2399/2281 3162/2400/2282 3164/2401/2283
f 3159/2402/2284 3162/2403/2285 3161/2404/2286
f 3160/2405/2287 3162/2400/2288 3163/2406/2289
f 3235/2492/2020 3239/2493/2348 3241/2494/2349
f 3236/2495/2023 3239/2496/2024 3238/2497/2350
f 3237/2498/2351 3239/2496/2352 3240/2499/2028
f 3242/2500/2353 3246/2501/2354 3248/2502/2355
f 3243/2503/2032 3246/2501/2033 3245/2504/2356
f 3244/2505/2035 3246/2501/2036 3247/2506/2037
f 3249/2507/2357 3253/2508/2358 3255/2509/2359
f 3250/2510/2041 3253/2508/2042 3252/2511/2043
f 3251/2512/2044 3253/2513/2045 3254/2514/2360
f 3256/2515/2047 3260/2516/2048 3262/2517/2049
f 3257/2518/2050 3260/2516/2361 3259/2519/2052
f 3258/2520/2053 3260/2516/2054 3261/2521/2362
f 3263/2522/2363 3267/2523/2364 3269/2524/2365
f 3264/2525/2059 3267/2526/2060 3266/2527/2366
f 3265/2528/2062 3267/2523/2063 3268/2529/2064
f 3270/2530/2065 3274/2531/2066 3276/2532/2067
f 3271/2533/2367 3274/2531/2069 3273/2534/2368
f 3272/2535/2071 3274/2536/2369 3275/2537/2073
f 3277/2538/2074 3281/2539/2075 3283/2540/2076
f 3278/2541/2077 3281/2539/2370 3280/2542/2079
f 3279/2543/2080 3281/2544/2371 3282/2545/2082
f 3284/2546/2083 3288/2547/2084 3290/2548/2085
f 3285/2549/2086 3288/2547/2087 3287/2550/2372
f 3286/2551/2373 3288/2547/2090 3289/2552/2091
f 3291/2553/2092 3295/2554/2093 3297/2555/2094
f 3292/2556/2095 3295/2554/2096 3294/2557/2097
f 3293/2558/2098 3295/2554/2099 3296/2559/2100
f 3298/2560/2374 3302/2561/2375 3304/2562/2103
f 3299/2563/2376 3302/2564/2105 3301/2565/2106
f 3300/2566/2107 3302/2561/2108 3303/2567/2109
f 3375/2647/2467 3378/2648/2468 3377/2649/2469
f 3378/2648/2468 3376/2650/2470 3377/2649/2469
f 3382/2651/2471 3385/2652/2472 3384/2653/2473
f 3385/2652/2472 3383/2654/2474 3384/2653/2473
f 3386/2655/2475 3389/2656/2476 3388/2657/2477
f 3389/2658/2476 3387/2659/2478 3388/2660/2477
f 3393/2659/2479 3396/2658/2480 3395/2660/2481
f 3396/2661/2480 3394/2662/2482 3395/2663/2481
f 3397/2664/2483 3400/2665/2484 3399/2666/2485
f 3400/2665/2484 3398/2667/2486 3399/2666/2485
f 3404/2668/2487 3407/2669/2488 3406/2670/2489
f 3407/2669/2488 3405/2671/2490 3406/2670/2489
f 3408/2672/2491 3411/2673/2492 3410/2674/2493
f 3411/2675/2492 3409/2676/2494 3410/2677/2493
f 3415/2676/2495 3418/2675/2496 3417/2677/2497
f 3418/2678/2496 3416/2679/2498 3417/2680/2497
f 3419/2681/2499 3422/2682/2500 3421/2683/2501
f 3422/2684/2500 3420/2685/2502 3421/2686/2501
f 3423/2687/2503 3427/2688/2504 3429/2689/2505
f 3424/2690/2506 3427/2688/2504 3426/2691/2507
f 3425/2692/2508 3427/2688/2504 3428/2693/2509
f 3430/2685/2510 3433/2684/2511 3432/2686/2512
f 3433/2694/2511 3431/2695/2513 3432/2696/2512
f 3434/2697/2514 3437/2698/2515 3436/2699/2516
f 3437/2700/2515 3435/2701/2517 3436/2702/2516
f 3438/2703/2518 3442/2704/2519 3444/2705/2520
f 3439/2706/2521 3442/2704/2519 3441/2707/2522
f 3440/2708/2523 3442/2704/2519 3443/2709/2524
f 3445/2710/2525 3448/2711/2526 3447/2712/2527
f 3448/2713/2526 3446/2697/2528 3447/2699/2527
f 3449/2714/2529 3452/2715/2530 3451/2716/2531
f 3452/2715/2530 3450/2717/2532 3451/2716/2531
f 3453/2718/2533 3458/2719/2534 3461/2720/2535
f 3454/2721/2536 3458/2719/2534 3457/2722/2537
f 3455/2723/2538 3458/2724/2534 3459/2725/2539
f 3456/2726/2540 3458/2724/2534 3460/2727/2541
f 3462/2717/2542 3465/2715/2543 3464/2716/2544
f 3465/2715/2543 3463/2714/2545 3464/2716/2544
f 3466/2728/2546 3469/2729/2547 3468/2730/2548
f 3469/2731/2547 3467/2732/2549 3468/2733/2548
f 3470/2734/2550 3474/2735/2551 3476/2736/2552
f 3471/2737/2553 3474/2735/2551 3473/2738/2554
f 3472/2739/2555 3474/2735/2551 3475/2740/2556
f 3477/2732/2557 3480/2731/2558 3479/2733/2559
f 3480/2741/2558 3478/2742/2560 3479/2743/2559
f 3481/2744/2561 3484/2745/2562 3483/2746/2563
f 3484/2747/2562 3482/2748/2564 3483/2749/2563
f 3485/2750/2565 3489/2751/2566 3491/2752/2567
f 3486/2753/2568 3489/2751/2566 3488/2754/2569
f 3487/2755/2570 3489/2751/2566 3490/2756/2571
f 3492/2757/2572 3495/2758/2573 3494/2759/2574
f 3495/2745/2573 3493/2744/2575 3494/2746/2574
f 3496/2760/2576 3499/2761/2577 3498/2762/2578
f 3499/2761/2577 3497/2763/2579 3498/2762/2578
f 3500/2764/2580 3505/2765/2581 3508/2766/2582
f 3501/2767/2583 3505/2765/2581 3504/2768/2584
f 3502/2769/2585 3505/2770/2581 3506/2771/2586
f 3503/2772/2587 3505/2770/2581 3507/2773/2588
f 3509/2763/2589 3512/2761/2590 3511/2762/2591
f 3512/2761/2590 3510/2760/2592 3511/2762/2591
f 3513/2774/2593 3517/2775/2594 3519/2776/2595
f 3514/2777/2596 3517/2778/2597 3516/2779/2598
f 3515/2780/2599 3517/2778/2600 3518/2781/2601
f 3520/2782/2602 3524/2783/2603 3526/2784/2604
f 3521/2785/2605 3524/2786/2606 3523/2787/2607
f 3522/2788/2608 3524/2783/2609 3525/2789/2610
f 3527/2790/2611 3531/2791/2612 3533/2792/2613
f 3528/2793/2614 3531/2794/2615 3530/2795/2616
f 3529/2796/2617 3531/2794/2618 3532/2797/2619
f 3534/2798/2620 3538/2799/2621 3540/2800/2622
f 3535/2801/2623 3538/2802/2624 3537/2803/2625
f 3536/2804/2626 3538/2802/2627 3539/2805/2628
f 3541/2806/2629 3545/2807/2630 3547/2808/2631
f 3542/2809/2632 3545/2810/2633 3544/2811/2634
f 3543/2812/2635 3545/2810/2636 3546/2813/2637
f 3548/2814/2638 3552/2815/2639 3554/2816/2640
f 3549/2817/2641 3552/2818/2642 3551/2819/2643
f 3550/2820/2644 3552/2818/2645 3553/2821/2646
f 3555/2822/2647 3559/2823/2648 3561/2824/2649
f 3556/2825/2650 3559/2826/2651 3558/2827/2652
f 3557/2828/2653 3559/2826/2654 3560/2829/2655
f 3562/2830/2656 3566/2831/2657 3568/2832/2658
f 3563/2833/2659 3566/2834/2660 3565/2835/2661
f 3564/2836/2662 3566/2834/2663 3567/2837/2664
f 3969/3039/2875 3973/3040/2876 3975/3041/2877
f 3970/3042/2878 3973/3043/2879 3972/3044/2880
f 3971/3045/2881 3973/3043/2882 3974/3046/2883
f 3976/3047/2884 3980/3048/2885 3982/3049/2886
f 3977/3039/2887 3980/3040/2888 3979/3050/2889
f 3978/3051/2890 3980/3048/2891 3981/3052/2892
f 3983/3053/2893 3987/3054/2894 3989/3055/2895
f 3984/3056/2896 3987/3057/2897 3986/3058/2898
f 3985/3059/2899 3987/3057/2900 3988/3060/2901
f 3990/3053/2902 3994/3054/2903 3996/3061/2904
f 3991/3062/2905 3994/3063/2906 3993/3064/2907
f 3992/3065/2908 3994/3063/2909 3995/3066/2910
f 3997/3067/2911 4001/3068/2912 4003/3069/2913
f 3998/3070/2914 4001/3071/2915 4000/3072/2916
f 3999/3073/2917 4001/3071/2918 4002/3074/2919
f 4004/3067/2920 4008/3068/2921 4010/3075/2922
f 4005/3076/2923 4008/3077/2924 4007/3078/2925
f 4006/3079/2926 4008/3077/2927 4009/3080/2928
f 4011/3081/2929 4015/3082/2930 4017/3083/2931
f 4012/3084/2932 4015/3085/2933 4014/3086/2934
f 4013/3087/2935 4015/3085/2936 4016/3088/2937
f 4018/3081/2938 4022/3082/2939 4024/3089/2940
f 4019/3090/2941 4022/3091/2942 4021/3092/2943
f 4020/3093/2944 4022/3091/2945 4023/3094/2946
f 4025/3095/2875 4029/3096/2876 4031/3097/2947
f 4026/3098/2948 4029/3099/2879 4028/3100/2880
f 4027/3101/2881 4029/3099/2882 4030/3102/2883
f 4032/3103/2884 4036/3104/2885 4038/3105/2886
f 4033/3095/2887 4036/3096/2888 4035/3106/2889
f 4034/3107/2890 4036/3104/2949 4037/3108/2892
f 4039/3109/2893 4043/3110/2894 4045/3111/2895
f 4040/3112/2896 4043/3113/2897 4042/3114/2898
f 4041/3115/2899 4043/3113/2950 4044/3116/2951
f 4046/3109/2902 4050/3110/2903 4052/3117/2904
f 4047/3118/2905 4050/3119/2952 4049/3120/2907
f 4048/3121/2953 4050/3119/2954 4051/3122/2955
f 4053/3123/2911 4057/3124/2912 4059/3125/2913
f 4054/3126/2914 4057/3127/2956 4056/3128/2916
f 4055/3129/2917 4057/3127/2918 4058/3130/2957
f 4060/3123/2920 4064/3124/2921 4066/3131/2922
f 4061/3132/2923 4064/3133/2924 4063/3134/2925
f 4062/3135/2926 4064/3133/2958 4065/3136/2928
f 4067/3137/2929 4071/3138/2930 4073/3139/2931
f 4068/3140/2932 4071/3141/2933 4070/3142/2959
f 4069/3143/2935 4071/3141/2960 4072/3144/2937
f 4074/3137/2938 4078/3138/2939 4080/3145/2940
f 4075/3146/2941 4078/3147/2961 4077/3148/2943
f 4076/3149/2944 4078/3147/2945 4079/3150/2946
f 1060/4084/3953 1079/4085/3954 1061/4086/3955
f 1079/4085/3954 1059/4087/3956 1061/4086/3955
f 1080/4088/3957 1064/4089/3958 1063/4090/3959
f 1064/4089/3958 1081/4091/3960 1062/4092/3961
f 1083/4093/3962 1067/4094/3963 1066/4095/3964
f 1085/4096/3965 1065/4097/3966 1067/4094/3963
f 1086/4098/3967 1070/4086/3968 1069/4087/3969
f 1070/4086/3968 1087/4099/3970 1068/4084/3971
f 1089/4100/3972 1073/4094/3973 1072/4097/3974
f 1091/4096/3975 1071/4095/3976 1073/4094/3973
f 1092/4091/3977 1076/4089/3978 1075/4092/3979
f 1094/4101/3980 1074/4090/3981 1076/4089/3978
f 1077/4102/3982 1097/4103/3983 1079/4085/3954
f 1079/4085/3954 1096/4104/3984 1078/4105/3985
f 1098/4106/3986 1082/4101/3987 1080/4088/3957
f 1100/4107/3988 1081/4091/3960 1082/4101/3987
f 1083/4093/3962 1103/4108/3989 1085/4096/3965
f 1085/4096/3965 1102/4109/3990 1084/4100/3991
f 1086/4098/3967 1106/4110/3992 1088/4111/3993
f 1106/4110/3992 1087/4099/3970 1088/4111/3993
f 1089/4100/3972 1109/4108/3994 1091/4096/3975
f 1109/4108/3994 1090/4093/3995 1091/4096/3975
f 1110/4112/3996 1094/4101/3980 1092/4091/3977
f 1112/4107/3997 1093/4088/3998 1094/4101/3980
f 1113/4113/3999 1097/4103/3983 1095/4114/4000
f 1115/4115/4001 1096/4104/3984 1097/4103/3983
f 1116/4116/4002 1100/4107/3988 1098/4106/3986
f 1118/4117/4003 1099/4112/4004 1100/4107/3988
f 1119/4118/4005 1103/4108/3989 1101/4119/4006
f 1103/4108/3989 1120/4120/4007 1102/4109/3990
f 1122/4121/4008 1106/4110/3992 1104/4122/4009
f 1124/4123/4010 1105/4124/4011 1106/4110/3992
f 1125/4120/4012 1109/4108/3994 1107/4109/4013
f 1109/4108/3994 1126/4118/4014 1108/4119/4015
f 1110/4112/3996 1130/4117/4016 1112/4107/3997
f 1112/4107/3997 1129/4116/4017 1111/4106/4018
f 1131/4125/4019 1115/4126/4001 1113/4127/3999
f 1115/4126/4001 1132/4128/4020 1114/4129/4021
f 1134/4130/4022 1118/4117/4003 1116/4116/4002
f 1118/4117/4003 1135/4131/4023 1117/4132/4024
f 1119/4118/4005 1139/4133/4025 1121/4134/4026
f 1139/4133/4025 1120/4120/4007 1121/4134/4026
f 1140/4135/4027 1124/4136/4010 1122/4137/4008
f 1142/4138/4028 1123/4139/4029 1124/4136/4010
f 1143/4140/4030 1127/4134/4031 1125/4120/4012
f 1127/4134/4031 1144/4141/4032 1126/4118/4014
f 1128/4132/4033 1148/4142/4034 1130/4117/4016
f 1130/4117/4016 1147/4130/4035 1129/4116/4017
f 1149/4143/4036 1133/4144/4037 1131/4125/4019
f 1151/4145/4038 1132/4128/4020 1133/4144/4037
f 1134/4130/4022 1154/4146/4039 1136/4142/4040
f 1154/4146/4039 1135/4131/4023 1136/4142/4040
f 1137/4141/4041 1157/4147/4042 1139/4133/4025
f 1139/4133/4025 1156/4148/4043 1138/4140/4044
f 1158/4149/4045 1142/4138/4028 1140/4135/4027
f 1160/4150/4046 1141/4151/4047 1142/4138/4028
f 1143/4140/4030 1163/4147/4048 1145/4133/4049
f 1163/4147/4048 1144/4141/4032 1145/4133/4049
f 1146/4131/4050 1166/4146/4051 1148/4142/4034
f 1166/4146/4051 1147/4130/4035 1148/4142/4034
f 1167/4152/4052 1151/4145/4038 1149/4143/4036
f 1169/4153/4053 1150/4154/4054 1151/4145/4038
f 1170/4155/4055 1154/4146/4039 1152/4156/4056
f 1172/4157/4057 1153/4158/4058 1154/4146/4039
f 1173/4159/4059 1157/4147/4042 1155/4160/4060
f 1157/4147/4042 1174/4161/4061 1156/4148/4043
f 1158/4149/4045 1178/4162/4062 1160/4150/4046
f 1178/4162/4062 1159/4163/4063 1160/4150/4046
f 1179/4161/4064 1163/4147/4048 1161/4148/4065
f 1163/4147/4048 1180/4159/4066 1162/4160/4067
f 1182/4164/4068 1166/4146/4051 1164/4158/4069
f 1184/4157/4070 1165/4156/4071 1166/4146/4051
f 1185/4165/4072 1169/4153/4053 1167/4152/4052
f 1187/4166/4073 1168/4167/4074 1169/4153/4053
f 1170/4155/4055 1190/4168/4075 1172/4157/4057
f 1172/4157/4057 1189/4169/4076 1171/4164/4077
f 1191/4170/4078 1175/4171/4079 1173/4159/4059
f 1193/4172/4080 1174/4161/4061 1175/4171/4079
f 1194/4173/4081 1178/4162/4062 1176/4174/4082
f 1178/4162/4062 1195/4175/4083 1177/4176/4084
f 1179/4161/4064 1199/4172/4085 1181/4171/4086
f 1199/4172/4085 1180/4159/4066 1181/4171/4086
f 1182/4164/4068 1202/4168/4087 1184/4157/4070
f 1184/4157/4070 1201/4177/4088 1183/4155/4089
f 1185/4165/4072 1205/4178/4090 1187/4166/4073
f 1205/4178/4090 1186/4179/4091 1187/4166/4073
f 1206/4180/4092 1190/4168/4075 1188/4177/4093
f 1190/4168/4075 1207/4181/4094 1189/4169/4076
f 1191/4170/4078 1211/4182/4095 1193/4172/4080
f 1211/4182/4095 1192/4183/4096 1193/4172/4080
f 1194/4173/4081 1214/4184/4097 1196/4185/4098
f 1214/4184/4097 1195/4175/4083 1196/4185/4098
f 1197/4183/4099 1217/4182/4100 1199/4172/4085
f 1217/4182/4100 1198/4170/4101 1199/4172/4085
f 1218/4181/4102 1202/4168/4087 1200/4169/4103
f 1202/4168/4087 1219/4180/4104 1201/4177/4088
f 1221/4114/4105 1205/4186/4090 1203/4187/4106
f 1223/4103/4107 1204/4188/4108 1205/4186/4090
f 1224/4189/4109 1208/4190/4110 1206/4180/4092
f 1208/4190/4110 1225/4191/4111 1207/4181/4094
f 1209/4192/4112 1229/4193/4113 1211/4182/4095
f 1229/4193/4113 1210/4194/4114 1211/4182/4095
f 1230/4122/4115 1214/4123/4097 1212/4121/4116
f 1232/4110/4117 1213/4195/4118 1214/4123/4097
f 1215/4194/4119 1235/4193/4120 1217/4182/4100
f 1235/4193/4120 1216/4192/4121 1217/4182/4100
f 1236/4191/4122 1220/4190/4123 1218/4181/4102
f 1220/4190/4123 1237/4189/4124 1219/4180/4104
f 1221/4114/4105 1241/4196/4125 1223/4103/4107
f 1241/4196/4125 1222/4104/4126 1223/4103/4107
f 1242/4197/4127 1226/4198/4128 1224/4189/4109
f 1226/4198/4128 1243/4199/4129 1225/4191/4111
f 1227/4200/4130 1247/4201/4131 1229/4193/4113
f 1247/4201/4131 1228/4202/4132 1229/4193/4113
f 1230/4122/4115 1250/4111/4133 1232/4110/4117
f 1250/4111/4133 1231/4124/4134 1232/4110/4117
f 1251/4203/4135 1235/4193/4120 1233/4202/4136
f 1253/4201/4137 1234/4200/4138 1235/4193/4120
f 1254/4199/4139 1238/4198/4140 1236/4191/4122
f 1238/4198/4140 1255/4197/4141 1237/4189/4124
f 1257/4084/4142 1241/4196/4125 1239/4204/4143
f 1241/4196/4125 1258/4087/4144 1240/4205/4145
f 1242/4197/4127 1262/4206/4146 1244/4207/4147
f 1244/4207/4147 1261/4208/4148 1243/4199/4129
f 1263/4209/4149 1247/4201/4131 1245/4210/4150
f 1247/4201/4131 1264/4211/4151 1246/4203/4152
f 1266/4087/4153 1250/4111/4133 1248/4098/4154
f 1268/4086/3955 1249/4099/4155 1250/4111/4133
f 1269/4211/4156 1253/4201/4137 1251/4203/4135
f 1271/4212/4157 1252/4210/4158 1253/4201/4137
f 1272/4208/4159 1256/4207/4160 1254/4199/4139
f 1274/4206/4161 1255/4197/4141 1256/4207/4160
f 1275/4213/4162 1259/4086/3968 1257/4084/4142
f 1277/4214/3993 1258/4087/4144 1259/4086/3968
f 1278/4215/4163 1262/4206/4146 1260/4216/4164
f 1262/4206/4146 1279/4217/4165 1261/4208/4148
f 1281/4218/4166 1265/4212/4167 1263/4209/4149
f 1283/4219/4168 1264/4211/4151 1265/4212/4167
f 1266/4087/4153 1286/4220/3954 1268/4086/3955
f 1268/4086/3955 1285/4221/4169 1267/4084/4170
f 1269/4211/4156 1289/4219/4171 1271/4212/4157
f 1289/4219/4171 1270/4209/4172 1271/4212/4157
f 1272/4208/4159 1292/4222/4173 1274/4206/4161
f 1274/4206/4161 1291/4215/4174 1273/4216/4175
f 1293/4223/4176 1277/4214/3993 1275/4213/4162
f 1295/4224/3992 1276/4225/4177 1277/4214/3993
f 1296/4226/4178 1280/4222/4179 1278/4215/4163
f 1298/4227/4180 1279/4217/4165 1280/4222/4179
f 1281/4218/4166 1301/4228/4181 1283/4219/4168
f 1283/4219/4168 1300/4229/4182 1282/4230/4183
f 1284/4231/4184 1304/4232/3983 1286/4220/3954
f 1286/4220/3954 1303/4233/4185 1285/4221/4169
f 1305/4229/4186 1289/4219/4171 1287/4230/4187
f 1289/4219/4171 1306/4234/4188 1288/4218/4189
f 1308/4235/4190 1292/4222/4173 1290/4217/4191
f 1292/4222/4173 1309/4226/4192 1291/4215/4174
f 1293/4223/4176 1313/4236/4193 1295/4224/3992
f 1313/4236/4193 1294/4237/4194 1295/4224/3992
f 1296/4226/4178 1316/4238/4195 1298/4227/4180
f 1298/4227/4180 1315/4239/4196 1297/4235/4197
f 1299/4234/4198 1319/4240/4199 1301/4228/4181
f 1319/4240/4199 1300/4229/4182 1301/4228/4181
f 1302/4241/4200 1322/4242/4001 1304/4232/3983
f 1322/4242/4001 1303/4233/4185 1304/4232/3983
f 1305/4229/4186 1325/4240/4201 1307/4228/4202
f 1307/4228/4202 1324/4243/4203 1306/4234/4188
f 1308/4235/4190 1328/4238/4204 1310/4227/4205
f 1328/4238/4204 1309/4226/4192 1310/4227/4205
f 1329/4165/4206 1313/4244/4193 1311/4245/4207
f 1313/4244/4193 1330/4179/4208 1312/4246/4209
f 1332/4247/4210 1316/4238/4195 1314/4248/4211
f 1334/4249/4212 1315/4239/4196 1316/4238/4195
f 1317/4243/4213 1337/4250/4214 1319/4240/4199
f 1337/4250/4214 1318/4251/4215 1319/4240/4199
f 1320/4252/4216 1340/4185/4037 1322/4253/4001
f 1340/4185/4037 1321/4254/4217 1322/4253/4001
f 1323/4251/4218 1343/4250/4219 1325/4240/4201
f 1325/4240/4201 1342/4255/4220 1324/4243/4203
f 1344/4256/4221 1328/4238/4204 1326/4239/4222
f 1346/4249/4223 1327/4248/4224 1328/4238/4204
f 1347/4257/4225 1331/4166/4028 1329/4165/4206
f 1349/4258/4046 1330/4179/4208 1331/4166/4028
f 1332/4247/4210 1352/4259/4226 1334/4249/4212
f 1352/4259/4226 1333/4256/4227 1334/4249/4212
f 1335/4255/4228 1355/4260/4229 1337/4250/4214
f 1355/4260/4229 1336/4261/4230 1337/4250/4214
f 1356/4262/4231 1340/4185/4037 1338/4173/4232
f 1340/4185/4037 1357/4263/4233 1339/4175/4234
f 1341/4261/4235 1361/4260/4236 1343/4250/4219
f 1361/4260/4236 1342/4255/4220 1343/4250/4219
f 1362/4264/4237 1346/4249/4223 1344/4256/4221
f 1346/4249/4223 1363/4265/4238 1345/4247/4239
f 1365/4143/4240 1349/4258/4046 1347/4257/4225
f 1367/4266/4062 1348/4267/4241 1349/4258/4046
f 1368/4268/4242 1352/4259/4226 1350/4265/4243
f 1370/4269/4244 1351/4264/4245 1352/4259/4226
f 1371/4270/4246 1355/4260/4229 1353/4271/4247
f 1373/4272/4248 1354/4273/4249 1355/4260/4229
f 1374/4149/4250 1358/4274/4038 1356/4262/4231
f 1376/4150/4053 1357/4263/4233 1358/4274/4038
f 1377/4275/4251 1361/4260/4236 1359/4273/4252
f 1379/4272/4253 1360/4271/4254 1361/4260/4236
f 1380/4276/4255 1364/4259/4256 1362/4264/4237
f 1382/4269/4257 1363/4265/4238 1364/4259/4256
f 1365/4143/4240 1385/4144/4098 1367/4266/4062
f 1367/4266/4062 1384/4128/4258 1366/4277/4259
f 1386/4278/4260 1370/4269/4244 1368/4268/4242
f 1388/4279/4261 1369/4276/4262 1370/4269/4244
f 1371/4270/4246 1391/4280/4263 1373/4272/4248
f 1391/4280/4263 1372/4275/4264 1373/4272/4248
f 1392/4135/4265 1376/4150/4053 1374/4149/4250
f 1376/4150/4053 1393/4151/4266 1375/4163/4267
f 1395/4281/4268 1379/4272/4253 1377/4275/4251
f 1397/4280/4269 1378/4270/4270 1379/4272/4253
f 1398/4282/4271 1382/4269/4257 1380/4276/4255
f 1400/4279/4272 1381/4268/4273 1382/4269/4257
f 1383/4125/4274 1403/4126/4097 1385/4144/4098
f 1403/4126/4097 1384/4128/4258 1385/4144/4098
f 1386/4278/4260 1406/4283/4275 1388/4279/4261
f 1406/4283/4275 1387/4282/4276 1388/4279/4261
f 1407/4284/4277 1391/4280/4263 1389/4285/4278
f 1391/4280/4263 1408/4286/4279 1390/4281/4280
f 1410/4137/4281 1394/4138/4073 1392/4135/4265
f 1394/4138/4073 1411/4139/4282 1393/4151/4266
f 1395/4281/4268 1415/4287/4283 1397/4280/4269
f 1415/4287/4283 1396/4285/4284 1397/4280/4269
f 1398/4282/4271 1418/4283/4285 1400/4279/4272
f 1400/4279/4272 1417/4288/4286 1399/4278/4287
f 1401/4289/4288 1421/4290/4117 1403/4236/4097
f 1421/4290/4117 1402/4291/4289 1403/4236/4097
f 1422/4292/4290 1406/4283/4275 1404/4288/4291
f 1424/4293/4292 1405/4294/4293 1406/4283/4275
f 1407/4284/4277 1427/4295/4294 1409/4287/4295
f 1427/4295/4294 1408/4286/4279 1409/4287/4295
f 1428/4241/4296 1412/4296/4297 1410/4297/4281
f 1412/4296/4297 1429/4233/4298 1411/4298/4282
f 1431/4299/4299 1415/4287/4283 1413/4286/4300
f 1433/4295/4301 1414/4284/4302 1415/4287/4283
f 1434/4300/4303 1418/4283/4285 1416/4294/4304
f 1436/4293/4305 1417/4288/4286 1418/4283/4285
f 1437/4301/4306 1421/4290/4117 1419/4302/4307
f 1421/4290/4117 1438/4303/4308 1420/4304/4309
f 1440/4305/4310 1424/4293/4292 1422/4292/4290
f 1442/4306/4311 1423/4300/4312 1424/4293/4292
f 1443/4307/4313 1427/4295/4294 1425/4308/4314
f 1427/4295/4294 1444/4309/4315 1426/4299/4316
f 1428/4241/4296 1448/4310/4125 1430/4311/4107
f 1448/4310/4125 1429/4233/4298 1430/4311/4107
f 1449/4309/4317 1433/4295/4301 1431/4299/4299
f 1451/4312/4318 1432/4308/4319 1433/4295/4301
f 1434/4300/4303 1454/4306/4320 1436/4293/4305
f 1454/4306/4320 1435/4292/4321 1436/4293/4305
f 1059/4087/3956 1439/4313/4133 1061/4086/3955
f 1061/4086/3955 1437/4301/4306 1060/4084/3953
f 1441/4314/4322 1064/4089/3958 1062/4092/3961
f 1064/4089/3958 1440/4305/4310 1063/4090/3959
f 1065/4097/3966 1445/4312/4323 1067/4094/3963
f 1445/4312/4323 1066/4095/3964 1067/4094/3963
f 1447/4315/4324 1070/4086/3968 1068/4084/3971
f 1070/4086/3968 1446/4316/4325 1069/4087/3969
f 1450/4307/4326 1073/4094/3973 1071/4095/3976
f 1073/4094/3973 1449/4309/4317 1072/4097/3974
f 1453/4305/4327 1076/4089/3978 1074/4090/3981
f 1454/4306/4320 1075/4092/3979 1076/4089/3978
f 1456/4317/4328 1475/4318/4329 1457/4319/3955
f 1475/4318/4329 1455/4320/4330 1457/4319/3955
f 1476/4321/4331 1460/4322/4332 1459/4323/4333
f 1460/4322/4332 1477/4324/4334 1458/4325/4335
f 1462/4326/4336 1481/4327/4337 1463/4328/4338
f 1481/4327/4337 1461/4329/4339 1463/4328/4338
f 1482/4330/4340 1466/4319/3968 1465/4320/4341
f 1466/4319/3968 1483/4331/4342 1464/4317/4343
f 1468/4329/4344 1487/4327/4345 1469/4328/4346
f 1487/4327/4345 1467/4326/4347 1469/4328/4346
f 1488/4324/4348 1472/4322/4349 1471/4325/4350
f 1490/4332/4351 1470/4323/4352 1472/4322/4349
f 1473/4333/4353 1493/4334/4354 1475/4318/4329
f 1475/4318/4329 1492/4335/4355 1474/4336/4356
f 1494/4337/4357 1478/4332/4358 1476/4321/4331
f 1496/4338/4359 1477/4324/4334 1478/4332/4358
f 1497/4339/4360 1481/4327/4337 1479/4340/4361
f 1499/4341/4362 1480/4342/4363 1481/4327/4337
f 1500/4343/4364 1484/4344/4365 1482/4330/4340
f 1484/4344/4365 1501/4345/4366 1483/4331/4342
f 1503/4346/4367 1487/4327/4345 1485/4342/4368
f 1505/4341/4369 1486/4340/4370 1487/4327/4345
f 1506/4347/4371 1490/4332/4351 1488/4324/4348
f 1490/4332/4351 1507/4337/4372 1489/4321/4373
f 1509/4348/4374 1493/4349/4354 1491/4350/4375
f 1493/4349/4354 1510/4351/4376 1492/4352/4355
f 1494/4337/4357 1514/4353/4377 1496/4338/4359
f 1496/4338/4359 1513/4354/4378 1495/4347/4379
f 1497/4339/4360 1517/4355/4380 1499/4341/4362
f 1499/4341/4362 1516/4356/4381 1498/4346/4382
f 1518/4357/4383 1502/4358/4384 1500/4359/4364
f 1502/4358/4384 1519/4360/4385 1501/4361/4366
f 1503/4346/4367 1523/4355/4386 1505/4341/4369
f 1523/4355/4386 1504/4339/4387 1505/4341/4369
f 1524/4354/4388 1508/4338/4389 1506/4347/4371
f 1526/4353/4390 1507/4337/4372 1508/4338/4389
f 1527/4362/4391 1511/4363/4392 1509/4348/4374
f 1511/4363/4392 1528/4364/4393 1510/4351/4376
f 1530/4365/4394 1514/4353/4377 1512/4366/4395
f 1532/4367/4396 1513/4354/4378 1514/4353/4377
f 1515/4368/4397 1535/4369/4398 1517/4355/4380
f 1517/4355/4380 1534/4370/4399 1516/4356/4381
f 1536/4371/4400 1520/4372/4401 1518/4357/4383
f 1520/4372/4401 1537/4373/4402 1519/4360/4385
f 1521/4356/4403 1541/4369/4404 1523/4355/4386
f 1523/4355/4386 1540/4374/4405 1522/4368/4406
f 1542/4375/4407 1526/4353/4390 1524/4354/4388
f 1544/4367/4408 1525/4366/4409 1526/4353/4390
f 1527/4362/4391 1547/4376/4410 1529/4377/4411
f 1529/4377/4411 1546/4378/4412 1528/4364/4393
f 1530/4365/4394 1550/4379/4413 1532/4367/4396
f 1550/4379/4413 1531/4375/4414 1532/4367/4396
f 1551/4380/4415 1535/4369/4398 1533/4374/4416
f 1553/4381/4417 1534/4370/4399 1535/4369/4398
f 1554/4382/4418 1538/4383/4419 1536/4371/4400
f 1556/4384/4420 1537/4373/4402 1538/4383/4419
f 1557/4385/4421 1541/4369/4404 1539/4370/4422
f 1559/4381/4423 1540/4374/4405 1541/4369/4404
f 1560/4386/4424 1544/4367/4408 1542/4375/4407
f 1562/4379/4425 1543/4365/4426 1544/4367/4408
f 1563/4387/4427 1547/4376/4410 1545/4388/4428
f 1547/4376/4410 1564/4389/4429 1546/4378/4412
f 1548/4390/4430 1568/4391/4431 1550/4379/4413
f 1550/4379/4413 1567/4392/4432 1549/4386/4433
f 1569/4393/4434 1553/4381/4417 1551/4380/4415
f 1553/4381/4417 1570/4394/4435 1552/4385/4436
f 1554/4382/4418 1574/4395/4437 1556/4384/4420
f 1574/4395/4437 1555/4396/4438 1556/4384/4420
f 1575/4394/4439 1559/4381/4423 1557/4385/4421
f 1577/4397/4440 1558/4380/4441 1559/4381/4423
f 1560/4386/4424 1580/4391/4442 1562/4379/4425
f 1562/4379/4425 1579/4398/4443 1561/4390/4444
f 1563/4387/4427 1583/4399/4445 1565/4400/4446
f 1583/4399/4445 1564/4389/4429 1565/4400/4446
f 1566/4398/4447 1586/4401/4448 1568/4391/4431
f 1568/4391/4431 1585/4402/4449 1567/4392/4432
f 1587/4403/4450 1571/4397/4451 1569/4393/4434
f 1589/4404/4452 1570/4394/4435 1571/4397/4451
f 1590/4405/4453 1574/4395/4437 1572/4406/4454
f 1574/4395/4437 1591/4407/4455 1573/4408/4456
f 1575/4394/4439 1595/4404/4457 1577/4397/4440
f 1577/4397/4440 1594/4403/4458 1576/4393/4459
f 1578/4392/4460 1598/4401/4461 1580/4391/4442
f 1598/4401/4461 1579/4398/4443 1580/4391/4442
f 1599/4333/4462 1583/4334/4445 1581/4409/4463
f 1601/4318/4464 1582/4335/4465 1583/4334/4445
f 1584/4410/4466 1604/4411/4467 1586/4401/4448
f 1586/4401/4448 1603/4412/4468 1585/4402/4449
f 1605/4413/4469 1589/4404/4452 1587/4403/4450
f 1589/4404/4452 1606/4414/4470 1588/4415/4471
f 1590/4343/4453 1610/4344/4472 1592/4416/4473
f 1610/4344/4472 1591/4345/4455 1592/4416/4473
f 1611/4414/4474 1595/4404/4457 1593/4415/4475
f 1613/4417/4476 1594/4403/4458 1595/4404/4457
f 1614/4412/4477 1598/4401/4461 1596/4402/4478
f 1598/4401/4461 1615/4418/4479 1597/4410/4480
f 1617/4317/4481 1601/4318/4464 1599/4333/4462
f 1601/4318/4464 1618/4320/4482 1600/4336/4483
f 1620/4419/4484 1604/4411/4467 1602/4418/4485
f 1604/4411/4467 1621/4420/4486 1603/4412/4468
f 1605/4413/4469 1625/4421/4487 1607/4417/4488
f 1607/4417/4488 1624/4422/4489 1606/4414/4470
f 1608/4330/4490 1628/4319/3955 1610/4344/4472
f 1628/4319/3955 1609/4331/4491 1610/4344/4472
f 1629/4422/4492 1613/4417/4476 1611/4414/4474
f 1631/4421/4493 1612/4413/4494 1613/4417/4476
f 1632/4420/4495 1616/4411/4496 1614/4412/4477
f 1634/4423/4497 1615/4418/4479 1616/4411/4496
f 1617/4317/4481 1637/4424/4365 1619/4319/3968
f 1637/4424/4365 1618/4320/4482 1619/4319/3968
f 1620/4419/4484 1640/4425/4498 1622/4423/4499
f 1622/4423/4499 1639/4426/4500 1621/4420/4486
f 1641/4427/4501 1625/4421/4487 1623/4428/4502
f 1643/4429/4503 1624/4422/4489 1625/4421/4487
f 1644/4430/4504 1628/4319/3955 1626/4320/4505
f 1628/4319/3955 1645/4431/4506 1627/4317/4507
f 1647/4432/4508 1631/4421/4493 1629/4422/4492
f 1631/4421/4493 1648/4427/4509 1630/4428/4510
f 1650/4426/4511 1634/4423/4497 1632/4420/4495
f 1634/4423/4497 1651/4433/4512 1633/4419/4513
f 1635/4434/4514 1655/4435/4384 1637/4424/4365
f 1637/4424/4365 1654/4436/4515 1636/4437/4516
f 1638/4433/4517 1658/4438/4518 1640/4425/4498
f 1658/4438/4518 1639/4426/4500 1640/4425/4498
f 1641/4427/4501 1661/4439/4519 1643/4429/4503
f 1661/4439/4519 1642/4432/4520 1643/4429/4503
f 1662/4440/4521 1646/4441/4329 1644/4430/4504
f 1646/4441/4329 1663/4442/4522 1645/4431/4506
f 1647/4432/4508 1667/4439/4523 1649/4429/4524
f 1649/4429/4524 1666/4443/4525 1648/4427/4509
f 1650/4426/4511 1670/4438/4526 1652/4425/4527
f 1652/4425/4527 1669/4444/4528 1651/4433/4512
f 1653/4445/4529 1673/4400/4401 1655/4446/4384
f 1673/4400/4401 1654/4447/4515 1655/4446/4384
f 1674/4448/4530 1658/4438/4518 1656/4444/4531
f 1658/4438/4518 1675/4449/4532 1657/4450/4533
f 1659/4443/4534 1679/4451/4535 1661/4439/4519
f 1661/4439/4519 1678/4452/4536 1660/4453/4537
f 1662/4454/4521 1682/4395/4392 1664/4455/4354
f 1664/4455/4354 1681/4408/4538 1663/4456/4522
f 1665/4453/4539 1685/4451/4540 1667/4439/4523
f 1685/4451/4540 1666/4443/4525 1667/4439/4523
f 1686/4449/4541 1670/4438/4526 1668/4450/4542
f 1670/4438/4526 1687/4448/4543 1669/4444/4528
f 1671/4387/4544 1691/4376/4419 1673/4400/4401
f 1691/4376/4419 1672/4389/4545 1673/4400/4401
f 1692/4457/4546 1676/4458/4547 1674/4448/4530
f 1676/4458/4547 1693/4459/4548 1675/4449/4532
f 1695/4460/4549 1679/4451/4535 1677/4461/4550
f 1679/4451/4535 1696/4462/4551 1678/4452/4536
f 1698/4382/4552 1682/4395/4392 1680/4406/4553
f 1682/4395/4392 1699/4396/4554 1681/4408/4538
f 1701/4462/4555 1685/4451/4540 1683/4452/4556
f 1685/4451/4540 1702/4460/4557 1684/4461/4558
f 1704/4459/4559 1688/4458/4560 1686/4449/4541
f 1688/4458/4560 1705/4457/4561 1687/4448/4543
f 1707/4463/4562 1691/4376/4419 1689/4464/4563
f 1709/4377/4420 1690/4378/4564 1691/4376/4419
f 1692/4457/4546 1712/4465/4565 1694/4466/4566
f 1712/4465/4565 1693/4459/4548 1694/4466/4566
f 1713/4467/4567 1697/4468/4568 1695/4460/4549
f 1715/4469/4569 1696/4462/4551 1697/4468/4568
f 1716/4470/4570 1700/4384/4411 1698/4382/4552
f 1718/4383/4571 1699/4396/4554 1700/4384/4411
f 1701/4462/4555 1721/4469/4572 1703/4468/4573
f 1721/4469/4572 1702/4460/4557 1703/4468/4573
f 1722/4471/4574 1706/4466/4575 1704/4459/4559
f 1706/4466/4575 1723/4472/4576 1705/4457/4561
f 1725/4348/4577 1709/4377/4420 1707/4463/4562
f 1709/4377/4420 1726/4351/4578 1708/4473/4579
f 1728/4474/4580 1712/4465/4565 1710/4472/4581
f 1730/4475/4582 1711/4471/4583 1712/4465/4565
f 1731/4476/4584 1715/4469/4569 1713/4467/4567
f 1733/4477/4585 1714/4478/4586 1715/4469/4569
f 1716/4470/4570 1736/4372/4446 1718/4383/4571
f 1736/4372/4446 1717/4479/4587 1718/4383/4571
f 1719/4478/4588 1739/4477/4589 1721/4469/4572
f 1739/4477/4589 1720/4467/4590 1721/4469/4572
f 1722/4471/4574 1742/4475/4591 1724/4465/4592
f 1742/4475/4591 1723/4472/4576 1724/4465/4592
f 1725/4348/4577 1745/4349/4473 1727/4363/4437
f 1745/4349/4473 1726/4351/4578 1727/4363/4437
f 1746/4480/4593 1730/4475/4582 1728/4474/4580
f 1748/4481/4594 1729/4482/4595 1730/4475/4582
f 1731/4476/4584 1751/4483/4596 1733/4477/4585
f 1751/4483/4596 1732/4484/4597 1733/4477/4585
f 1734/4357/4598 1754/4358/4445 1736/4372/4446
f 1754/4358/4445 1735/4360/4599 1736/4372/4446
f 1755/4485/4600 1739/4477/4589 1737/4484/4601
f 1739/4477/4589 1756/4486/4602 1738/4476/4603
f 1740/4482/4604 1760/4481/4605 1742/4475/4591
f 1742/4475/4591 1759/4480/4606 1741/4474/4607
f 1761/4434/4608 1745/4435/4473 1743/4487/4609
f 1745/4435/4473 1762/4437/4610 1744/4488/4611
f 1746/4480/4593 1766/4489/4612 1748/4481/4594
f 1748/4481/4594 1765/4490/4613 1747/4491/4614
f 1749/4486/4615 1769/4492/4616 1751/4483/4596
f 1769/4492/4616 1750/4485/4617 1751/4483/4596
f 1752/4440/4618 1772/4441/4464 1754/4493/4445
f 1772/4441/4464 1753/4442/4619 1754/4493/4445
f 1755/4485/4600 1775/4492/4620 1757/4483/4621
f 1775/4492/4620 1756/4486/4602 1757/4483/4621
f 1758/4491/4622 1778/4489/4623 1760/4481/4605
f 1760/4481/4605 1777/4494/4624 1759/4480/4606
f 1762/4437/4610 1457/4319/3955 1455/4320/4330
f 1763/4424/4472 1456/4317/4328 1457/4319/3955
f 1765/4490/4613 1460/4322/4332 1458/4325/4335
f 1460/4322/4332 1764/4494/4625 1459/4323/4333
f 1461/4329/4339 1769/4492/4616 1463/4328/4338
f 1769/4492/4616 1462/4326/4336 1463/4328/4338
f 1771/4431/4626 1466/4319/3968 1464/4317/4343
f 1466/4319/3968 1770/4430/4627 1465/4320/4341
f 1774/4495/4628 1469/4328/4346 1467/4326/4347
f 1775/4492/4620 1468/4329/4344 1469/4328/4346
f 1777/4494/4624 1472/4322/4349 1470/4323/4352
f 1778/4489/4623 1471/4325/4350 1472/4322/4349
f 1779/970/973 1796/993/4629 1793/986/991
f 1785/1001/4630 1794/989/994 1796/991/996
f 1786/979/982 1784/992/4631 1780/973/976
f 1784/978/981 1788/983/988 1781/976/979
f 1800/986/1000 1791/972/4632 1787/970/985
f 1806/1016/4633 1788/983/988 1791/985/990
f 1801/979/1003 1798/992/999 1805/981/4634
f 1798/1014/4635 1802/995/1006 1805/997/1008
f 1793/986/991 1824/1015/4636 1821/1010/1027
f 1799/975/4637 1822/1002/1030 1824/1013/1032
f 1828/1010/1036 1803/988/4638 1800/986/1000
f 1834/1008/4639 1801/979/1003 1803/994/1005
f 1829/995/1039 1826/1014/1035 1833/997/4640
f 1826/1004/4641 1830/1006/1042 1833/1017/1044
f 1821/1010/1027 1810/1005/4642 1807/998/1009
f 1827/991/4643 1808/976/1012 1810/1001/1014
f 1814/998/1018 1831/1012/4644 1828/1010/1036
f 1820/985/4645 1829/995/1039 1831/1016/1041
f 1815/1006/1021 1812/1004/1017 1819/1017/4646
f 1812/978/4647 1816/983/1024 1819/1009/1026
f 1807/998/1009 1782/982/4648 1779/970/973
f 1813/1013/4649 1780/973/976 1782/975/978
f 1787/970/985 1817/1000/4650 1814/998/1018
f 1789/994/4651 1815/1006/1021 1817/1008/1023
f 1849/1032/1063 1841/1020/1047 1852/1040/4652
f 1841/1200/4653 1850/4496/1066 1852/4497/1068
f 1842/1026/1054 1840/1025/4654 1836/1021/1048
f 1840/1025/1053 1844/1030/1060 1837/1024/1051
f 1856/1032/1072 1847/1020/4655 1843/1018/1057
f 1847/1031/1062 1858/4498/1078 1844/1030/1060
f 1857/1041/1075 1854/1039/1071 1861/1045/4656
f 1854/1039/4657 1858/1044/1078 1861/1045/1080
f 1877/1060/1099 1855/1034/1065 1880/1068/4658
f 1880/4499/1104 1851/1038/1069 1878/4500/1102
f 1856/1032/1072 1890/1068/1110 1859/1034/4659
f 1859/1043/1077 1886/4501/1114 1857/1041/1075
f 1885/1069/1111 1882/1067/1107 1889/1073/4660
f 1882/1067/4661 1886/1072/1114 1889/1073/1116
f 1863/1046/1081 1883/1062/1101 1866/1054/4662
f 1883/1208/4663 1864/4502/1084 1866/4503/1086
f 1884/1060/1108 1876/1054/1092 1887/1062/4664
f 1887/1071/1113 1872/4504/1096 1885/1069/1111
f 1871/1055/1093 1868/1053/1089 1875/1059/4665
f 1868/1053/4666 1872/1058/1096 1875/1059/1098
f 1835/1018/1045 1869/1048/1083 1838/1029/4667
f 1838/4505/1050 1865/1052/1087 1836/4506/1048
f 1843/1018/1057 1873/1048/4668 1870/1046/1090
f 1845/4507/4669 1871/1055/1093 1873/1057/1095
f 1905/1081/1135 1897/1076/1119 1908/4508/4670
f 1897/4509/4671 1906/1084/1138 1908/1086/1140
f 1898/1041/1126 1896/1039/4672 1892/1038/1120
f 1896/1039/1125 1900/1044/1132 1893/1035/1123
f 1912/1081/1144 1903/1076/4673 1899/1074/1129
f 1903/4510/1134 1914/1094/1150 1900/4511/1132
f 1907/1087/1141 1917/1095/4674 1913/1091/1147
f 1917/1095/1152 1906/1084/1138 1914/1094/1150
f 1905/1081/1135 1936/1116/4675 1933/1111/1171
f 1936/1114/1176 1907/4506/1141 1934/1052/1174
f 1912/1081/1144 1946/1116/1182 1915/4512/4676
f 1946/1057/4677 1913/4513/1147 1915/4507/1149
f 1941/1058/1183 1938/1053/1179 1945/1059/4678
f 1938/1053/4679 1942/1055/1186 1945/1059/1188
f 1919/1096/1153 1939/1113/1173 1922/4514/4680
f 1922/1101/1158 1935/4515/1177 1920/1099/1156
f 1926/1096/1162 1943/1113/4681 1940/1111/1180
f 1943/4516/1185 1928/1109/1168 1941/4517/1183
f 1927/1106/1165 1924/1103/1161 1931/1110/4682
f 1924/1103/4683 1928/1109/1168 1931/1110/1170
f 1919/1096/1153 1894/1079/4684 1891/1074/1117
f 1894/1077/1122 1921/4500/1159 1892/1038/1120
f 1926/1096/1162 1901/1079/1131 1929/1098/4685
f 1901/1043/4686 1927/4501/1165 1929/4518/1167
f 1947/1118/1027 1964/1132/4642 1961/1128/1009
f 1953/991/4643 1962/976/1012 1964/1001/1014
f 1954/1124/1042 1952/1131/4641 1948/1121/1030
f 1952/1014/1035 1956/995/1039 1949/989/1033
f 1968/1128/1018 1959/1120/4644 1955/1118/1036
f 1974/985/4645 1956/995/1039 1959/1016/1041
f 1969/1124/1021 1966/1131/1017 1973/1126/4646
f 1966/978/4647 1970/983/1024 1973/1009/1026
f 1961/1128/1009 1992/1148/4648 1989/1144/973
f 1967/1123/4649 1990/1137/976 1992/1147/978
f 1996/1144/985 1971/1130/4650 1968/1128/1018
f 2002/1143/4651 1969/1124/1021 1971/1133/1023
f 1997/983/988 1994/978/981 2001/1009/4687
f 1994/1139/4631 1998/1141/982 2001/1149/984
f 1989/1144/973 1978/1140/4629 1975/1134/991
f 1995/1001/4630 1976/989/994 1978/991/996
f 1982/1134/1000 1999/1146/4632 1996/1144/985
f 1988/1016/4633 1997/983/988 1999/985/990
f 1983/1141/1003 1980/1139/999 1987/1149/4634
f 1980/1014/4635 1984/995/1006 1987/997/1008
f 1975/1134/991 1950/1127/4636 1947/1118/1027
f 1981/1147/4637 1948/1121/1030 1950/1123/1032
f 1955/1118/1036 1985/1136/4638 1982/1134/1000
f 1957/1133/4639 1983/1141/1003 1985/1143/1005
f 2003/1150/1099 2020/1164/4688 2017/1156/1081
f 2020/4509/1196 2005/1084/1105 2018/4519/1084
f 2010/1091/1114 2008/1088/4661 2004/1087/1102
f 2008/1088/1107 2012/1094/1111 2005/1084/1105
f 2011/1150/1108 2030/1164/1092 2015/1152/4664
f 2015/1155/1195 2026/4511/1096 2012/1094/1111
f 2025/1165/1093 2022/1163/1089 2029/1169/4665
f 2022/1163/4689 2026/1168/1096 2029/1169/1098
f 2045/1184/1045 2023/1158/1083 2048/1188/4667
f 2023/1194/4690 2046/4520/1048 2048/4521/1050
f 2052/1184/1057 2027/1158/4668 2024/1156/1090
f 2058/4522/4669 2025/1165/1093 2027/1167/1095
f 2053/1109/1060 2050/1103/1053 2057/1110/4691
f 2050/1103/4692 2054/1106/1054 2057/1110/1204
f 2031/1170/1063 2051/1186/1047 2034/1178/4652
f 2051/1101/4693 2032/4523/1066 2034/4524/1068
f 2038/1170/1072 2055/1186/4655 2052/1184/1057
f 2055/1190/1062 2040/4525/1078 2053/1109/1060
f 2039/1179/1075 2036/1177/1071 2043/1183/4656
f 2036/1177/4694 2040/1182/1078 2043/1183/1200
f 2031/1170/1063 2006/1154/4658 2003/1150/1099
f 2037/1214/4695 2004/4526/1102 2006/4527/1104
f 2011/1150/1108 2041/1172/4659 2038/1170/1072
f 2013/4528/4696 2039/1179/1075 2041/1181/1077
f 2059/1191/1171 2076/1202/4680 2073/1197/1153
f 2076/1200/1158 2061/4496/1177 2074/1024/1156
f 2066/1165/1186 2064/1163/4679 2060/1162/1174
f 2064/1163/1206 2068/1168/1183 2061/1159/1177
f 2067/1191/1180 2086/1202/1164 2071/1193/4681
f 2086/1031/4697 2068/4498/1183 2071/4529/1209
f 2081/1203/1165 2078/1025/1161 2085/1028/4698
f 2078/1025/4683 2082/1030/1168 2085/1028/1170
f 2101/1211/1117 2079/1199/1155 2104/1215/4684
f 2104/1214/1122 2075/4526/1159 2102/1176/1120
f 2080/1197/1162 2114/1215/1131 2083/1199/4685
f 2114/1181/4686 2081/4530/1165 2083/4528/1167
f 2109/1182/1132 2106/1177/1223 2113/1183/4699
f 2106/1177/4672 2110/1179/1126 2113/1183/1128
f 2101/1211/1117 2090/1209/4670 2087/1205/1135
f 2090/1208/1216 2103/4502/1123 2088/1066/1138
f 2108/1211/1129 2100/1209/1146 2111/1213/4673
f 2100/1071/4700 2109/4504/1132 2111/4531/1134
f 2095/1072/1147 2092/1067/1218 2099/1073/4701
f 2092/1067/4702 2096/1069/1150 2099/1073/1221
f 2059/1191/1171 2093/1207/1214 2062/1195/4675
f 2062/1194/1176 2089/4520/1141 2060/1162/1174
f 2094/1205/1219 2069/1195/1182 2097/1207/4676
f 2069/1167/4677 2095/4532/1147 2097/4522/1149
f 2817/4689/2026 2832/2030/2043 2821/2013/4869
f 2832/2030/4870 2815/2011/2020 2821/2013/2022
f 2838/4690/2053 2825/2023/2034 2842/4691/4871
f 2825/2023/4872 2836/4692/2047 2842/4691/2049
f 2816/2014/2023 2827/2025/2037 2820/2018/4873
f 2827/2025/4874 2817/2017/2026 2820/2018/2028
f 2831/2031/2044 2841/2040/4875 2837/2037/2050
f 2841/2040/2055 2830/4693/2041 2838/2039/2053
f 2831/2031/2044 2846/2046/2061 2835/4694/4876
f 2846/4695/4877 2829/2026/2038 2835/2028/2040
f 2852/2054/2071 2839/2038/2052 2856/4696/4878
f 2839/2038/4879 2850/4697/2065 2856/4696/2067
f 2845/2047/2062 2855/4698/4880 2851/4699/2068
f 2855/2056/2073 2844/2044/2059 2852/2054/2071
f 2858/2060/2077 2849/2043/4881 2845/2047/2062
f 2849/2043/2058 2857/2057/2074 2843/2041/2056
f 2851/2052/2068 2870/2067/4882 2866/2070/2089
f 2853/2053/4883 2864/2065/2083 2870/2067/2085
f 2859/4700/2080 2869/2071/4884 2865/2068/2086
f 2869/4701/2091 2858/2060/2077 2866/4702/2089
f 2859/2062/2080 2874/2076/2097 2863/4703/4885
f 2863/4703/2076 2871/2072/2092 2857/4704/2074
f 2880/2085/2107 2867/2069/2088 2884/2081/4886
f 2867/2069/4887 2878/2079/2101 2884/2081/2103
f 2873/2077/2098 2883/4705/4888 2879/4706/2104
f 2883/4705/2109 2872/2075/2095 2880/4707/2107
f 2816/4708/2023 2877/2074/4889 2873/2077/2098
f 2877/4709/2094 2815/2011/2020 2871/4710/2092
f 2879/2082/2104 2828/2021/4890 2824/2024/2035
f 2828/2021/2031 2878/4711/2101 2822/2019/2029
f 2957/2177/2206 2972/2190/2223 2961/2173/4911
f 2961/2173/2202 2969/2186/2218 2955/2171/2200
f 2978/4733/2233 2965/2183/2214 2982/4734/4912
f 2965/2183/4913 2976/4735/2227 2982/4734/2229
f 2956/4736/2203 2967/2185/2217 2960/4737/4914
f 2967/2185/4915 2957/4738/2206 2960/4737/2208
f 2971/2191/2224 2981/2200/4916 2977/2197/2230
f 2981/2200/2235 2970/4739/2221 2978/2199/2233
f 2971/2191/2224 2986/2206/2241 2975/4740/4917
f 2975/2188/2220 2983/4741/2236 2969/2186/2218
f 2992/2214/2251 2979/2198/2232 2996/4742/4918
f 2979/2198/4919 2990/4743/2245 2996/4742/2247
f 2985/2207/2242 2995/4744/4920 2991/4745/2248
f 2995/2216/2253 2984/2204/2239 2992/2214/2251
f 2998/2220/2257 2989/2203/4921 2985/2207/2242
f 2989/2203/2238 2997/2217/2254 2983/2201/2236
f 2991/2212/2248 3010/2227/4922 3006/2230/2269
f 3010/2227/2265 2990/2209/2245 3004/2225/2263
f 2999/4746/2260 3009/2231/4923 3005/2228/2266
f 3009/4747/2271 2998/2220/2257 3006/4748/2269
f 2999/2222/2260 3014/2236/2277 3003/4749/4924
f 3014/2236/4925 2997/4750/2254 3003/4749/2256
f 3020/2245/2287 3007/2229/2268 3024/2241/4926
f 3007/2229/4927 3018/2239/2281 3024/2241/2283
f 3013/2237/2278 3023/4751/4928 3019/4752/2284
f 3023/4751/2289 3012/2235/2275 3020/4753/2287
f 3013/2237/2278 2958/2176/2205 3017/2234/4929
f 3017/4754/2274 2955/2171/2200 3011/4755/2272
f 2964/2184/2215 3021/2244/2286 2968/2181/4930
f 3021/2244/4931 2962/2179/2209 2968/2181/2211
f 3097/2337/2206 3112/2350/2316 3101/2333/4911
f 3101/2333/2309 3109/2346/2218 3095/2331/2200
f 3103/2342/2212 3122/4780/4941 3118/4781/2233
f 3122/4780/2319 3102/2339/2209 3116/4782/2318
f 3096/4783/2203 3107/2345/2217 3100/4784/4942
f 3107/2345/4943 3097/4785/2206 3100/4784/2208
f 3111/2351/2317 3121/2360/4916 3117/2357/2230
f 3121/2360/2235 3110/4786/2314 3118/2359/2233
f 3111/2351/2317 3126/2366/2241 3115/4787/4944
f 3126/4788/4945 3109/2346/2218 3115/2348/2220
f 3132/2374/2251 3119/2358/2232 3136/4789/4918
f 3119/2358/4919 3130/4790/2323 3136/4789/2247
f 3125/2367/2321 3135/4791/4920 3131/4792/2248
f 3135/2376/2253 3124/2364/2239 3132/2374/2251
f 3125/2367/2321 3140/2381/2259 3129/2363/4921
f 3140/2381/4946 3123/2361/2236 3129/2363/2238
f 3131/2372/2248 3150/2387/4947 3146/2390/2269
f 3133/2373/4948 3144/2385/2263 3150/2387/2325
f 3139/4793/2260 3149/2391/4949 3145/2388/2326
f 3149/4794/2271 3138/2380/2257 3146/4795/2269
f 3139/2382/2260 3154/2396/2329 3143/4796/4924
f 3154/2396/4950 3137/4797/2254 3143/4796/2256
f 3145/2388/2326 3164/2401/4926 3160/2405/2287
f 3164/2401/2283 3144/2385/2263 3158/2399/2281
f 3153/2397/2330 3163/4798/4928 3159/4799/2284
f 3163/4798/2289 3152/2395/2275 3160/4800/2287
f 3096/2334/2203 3157/2394/4929 3153/2397/2330
f 3157/4801/2328 3095/2331/2200 3151/4802/2327
f 3104/2344/2215 3161/2404/2286 3108/2341/4930
f 3161/2404/4951 3102/2339/2209 3108/2341/2211
f 3237/4825/2351 3252/2511/2043 3241/2494/4957
f 3252/2511/4870 3235/2492/2020 3241/2494/2349
f 3258/4826/2053 3245/2504/2356 3262/4827/4871
f 3245/2504/4872 3256/4828/2047 3262/4827/2049
f 3236/2495/2023 3247/2506/2037 3240/2499/4958
f 3247/2506/4874 3237/2498/2351 3240/2499/2028
f 3251/2512/2044 3261/2521/4875 3257/2518/2050
f 3261/2521/2362 3250/4829/2041 3258/2520/2053
f 3251/2512/2044 3266/2527/2366 3255/4830/4959
f 3266/4831/4877 3249/2507/2357 3255/2509/2359
f 3272/2535/2071 3259/2519/2052 3276/4832/4960
f 3259/2519/4879 3270/4833/2065 3276/4832/2067
f 3265/2528/2062 3275/4834/4880 3271/4835/2367
f 3275/2537/2073 3264/2525/2059 3272/2535/2071
f 3265/2528/2062 3280/2542/2079 3269/2524/4881
f 3269/2524/2365 3277/2538/2074 3263/2522/2363
f 3271/2533/2367 3290/2548/4961 3286/2551/2373
f 3273/2534/4883 3284/2546/2083 3290/2548/2085
f 3279/4836/2080 3289/2552/4884 3285/2549/2086
f 3289/4837/2091 3278/2541/2077 3286/4838/2373
f 3292/2556/2095 3283/4839/4962 3279/2543/2080
f 3283/4839/2076 3291/2553/2092 3277/4840/2074
f 3300/2566/2107 3287/2550/2372 3304/2562/4963
f 3287/2550/4887 3298/2560/2374 3304/2562/2103
f 3293/2558/2098 3303/4841/4964 3299/4842/2376
f 3303/4841/2109 3292/2556/2095 3300/4843/2107
f 3236/4844/2023 3297/2555/4889 3293/2558/2098
f 3297/4845/2094 3235/2492/2020 3291/4846/2092
f 3244/2505/2035 3301/2565/2106 3248/2502/4965
f 3248/2502/2355 3298/4847/2374 3242/2500/2353
f 3379/4873/4989 3378/2648/2468 3375/2647/2467
f 3378/2648/2468 3380/4874/4990 3376/2650/2470
f 3379/4873/4989 3385/2652/2472 3381/4875/4991
f 3385/2652/2472 3380/4874/4990 3381/4875/4991
f 3390/4876/4992 3389/2656/2476 3386/2655/2475
f 3389/2656/2476 3391/4877/4993 3387/4878/2478
f 3390/4876/4992 3396/2661/2480 3392/4879/4994
f 3396/2661/2480 3391/4877/4993 3392/4879/4994
f 3401/4880/4995 3400/2665/2484 3397/2664/2483
f 3400/2665/2484 3402/4881/4996 3398/2667/2486
f 3401/4880/4995 3407/2669/2488 3403/4882/4997
f 3407/2669/2488 3402/4881/4996 3403/4882/4997
f 3412/4883/4998 3411/2673/2492 3408/2672/2491
f 3411/2673/2492 3413/4884/4999 3409/4885/2494
f 3412/4883/4998 3418/2678/2496 3414/4886/5000
f 3418/2678/2496 3413/4884/4999 3414/4886/5000
f 3419/2681/2499 3426/2691/2507 3422/2682/2500
f 3422/2682/2500 3423/2687/2503 3420/4887/2502
f 3431/2695/2513 3428/2693/2509 3424/2690/2506
f 3433/2694/2511 3425/2692/2508 3428/2693/2509
f 3438/2703/2518 3437/2700/2515 3434/4888/2514
f 3444/2705/2520 3435/2701/2517 3437/2700/2515
f 3439/2706/2521 3448/2711/2526 3443/2709/2524
f 3443/2709/2524 3445/2710/2525 3440/2708/2523
f 3453/2718/2533 3452/4889/2530 3449/4890/2529
f 3452/4891/2530 3456/2726/2540 3450/4892/2532
f 3454/2721/2536 3465/4893/2543 3459/4894/2539
f 3465/4895/2543 3455/2723/2538 3459/2725/2539
f 3456/2726/2540 3441/2707/2522 3438/2703/2518
f 3460/2727/2541 3439/2706/2521 3441/2707/2522
f 3466/2728/2546 3476/2736/2552 3469/2729/2547
f 3469/2729/2547 3472/2739/2555 3467/4896/2549
f 3478/2742/2560 3473/2738/2554 3470/2734/2550
f 3480/2741/2558 3471/2737/2553 3473/2738/2554
f 3454/2721/2536 3475/2740/2556 3471/2737/2553
f 3457/2722/2537 3472/2739/2555 3475/2740/2556
f 3485/2750/2565 3484/2747/2562 3481/4897/2561
f 3491/2752/2567 3482/2748/2564 3484/2747/2562
f 3486/2753/2568 3495/2758/2573 3490/2756/2571
f 3490/2756/2571 3492/2757/2572 3487/2755/2570
f 3500/2764/2580 3499/4898/2577 3496/4899/2576
f 3499/4900/2577 3503/2772/2587 3497/4901/2579
f 3501/2767/2583 3512/4902/2590 3506/4903/2586
f 3512/4904/2590 3502/2769/2585 3506/2771/2586
f 3486/2753/2568 3507/2773/2588 3502/2769/2585
f 3488/2754/2569 3503/2772/2587 3507/2773/2588
f 3501/2767/2583 3429/2689/2505 3425/2692/2508
f 3504/2768/2584 3423/2687/2503 3429/2689/2505
f 3527/2790/2611 3519/2776/2595 3530/4905/5001
f 3530/4906/2616 3515/2780/2599 3528/4907/2614
f 3520/2782/2602 3518/2781/5002 3514/2777/2596
f 3518/2781/2601 3522/2788/2608 3515/2780/2599
f 3534/2798/2620 3525/4908/5003 3521/2785/2605
f 3525/4909/2610 3536/2804/2626 3522/4910/2608
f 3535/2801/2623 3532/2797/2619 3539/2805/5004
f 3532/2797/5005 3536/2804/2626 3539/2805/2628
f 3527/2790/2611 3558/4911/5006 3555/2822/2647
f 3558/4912/2652 3529/2796/2617 3556/4913/2650
f 3534/2798/2620 3568/2832/2658 3537/4914/5007
f 3568/4915/5008 3535/2801/2623 3537/2803/2625
f 3563/2833/2659 3560/2829/2655 3567/2837/5009
f 3567/2837/2664 3556/2825/2650 3564/2836/2662
f 3555/2822/2647 3544/4916/5010 3541/2806/2629
f 3561/4917/5011 3542/2809/2632 3544/2811/2634
f 3562/2830/2656 3554/2816/2640 3565/4918/5012
f 3554/4919/5013 3563/2833/2659 3565/2835/2661
f 3543/2812/2635 3553/2821/5014 3549/2817/2641
f 3546/2813/5015 3550/2820/2644 3553/2821/2646
f 3541/2806/2629 3516/4920/5016 3513/2774/2593
f 3547/4921/5017 3514/4922/2596 3516/4923/2598
f 3521/2785/2605 3551/4924/5018 3548/2814/2638
f 3523/4925/5019 3549/2817/2641 3551/2819/2643
f 3969/3039/2875 3986/3061/5103 3983/3053/2893
f 3986/5024/2898 3971/3045/2881 3984/5025/2896
f 3976/3047/2884 3974/3046/5104 3970/3042/2878
f 3974/3046/2883 3978/3051/2890 3971/3045/2881
f 3977/3039/2887 3996/3061/2904 3981/3041/5105
f 3996/5026/5106 3978/3051/2890 3981/3052/2892
f 3991/3062/2905 3988/3060/2901 3995/3066/5107
f 3988/3060/5108 3992/3065/2908 3995/3066/2910
f 4011/3081/2929 3989/3055/2895 4014/3089/5109
f 4014/5027/2934 3985/3059/2899 4012/5028/2932
f 4018/3081/2938 3993/3055/5110 3990/3053/2902
f 4024/5029/5111 3991/3062/2905 3993/3064/2907
f 4019/3090/2941 4016/3088/2937 4023/3094/5112
f 4016/3088/5113 4020/3093/2944 4023/3094/2946
f 4011/3081/2929 4000/3075/5114 3997/3067/2911
f 4000/5030/2916 4013/3087/2935 3998/5031/2914
f 4004/3067/2920 4021/3083/5115 4018/3081/2938
f 4010/5032/5116 4019/3090/2941 4021/3092/2943
f 4005/3076/2923 4002/3074/2919 4009/3080/5117
f 4002/3074/5118 4006/3079/2926 4009/3080/2928
f 3969/3039/2875 4003/3069/2913 3972/3050/5119
f 4003/5033/5120 3970/5034/2878 3972/5035/2880
f 3977/3039/2887 4007/3069/5121 4004/3067/2920
f 3979/5036/5122 4005/3076/2923 4007/3078/2925
f 4025/3095/2875 4042/3117/5103 4039/3109/2893
f 4031/5037/5123 4040/5038/2896 4042/5039/2898
f 4032/3103/2884 4030/3102/5124 4026/3098/2948
f 4038/3105/5125 4027/3101/2881 4030/3102/2883
f 4033/3095/2887 4052/3117/2904 4037/3097/5126
f 4037/3108/2892 4048/5040/2953 4034/3107/2890
f 4041/3115/2899 4051/3122/5127 4047/3118/2905
f 4044/3116/5128 4048/3121/2953 4051/3122/2955
f 4067/3137/2929 4045/3111/2895 4070/3145/5109
f 4045/5041/5129 4068/5042/2932 4070/5043/2959
f 4074/3137/2938 4049/3111/5130 4046/3109/2902
f 4080/5044/5111 4047/3118/2905 4049/3120/2907
f 4069/3143/2935 4079/3150/5131 4075/3146/2941
f 4072/3144/5113 4076/3149/2944 4079/3150/2946
f 4067/3137/2929 4056/3131/5114 4053/3123/2911
f 4056/5045/2916 4069/3143/2935 4054/5046/2914
f 4060/3123/2920 4077/3139/5132 4074/3137/2938
f 4066/5047/5116 4075/3146/2941 4077/3148/2943
f 4055/3129/2917 4065/3136/5117 4061/3132/2923
f 4058/3130/5118 4062/3135/2926 4065/3136/2928
f 4053/3123/2911 4028/3106/5119 4025/3095/2875
f 4059/5048/5120 4026/5049/2948 4028/5050/2880
f 4033/3095/2887 4063/3125/5121 4060/3123/2920
f 4035/5051/5122 4061/3132/2923 4063/3134/2925
f 1438/4303/4308 1063/5189/3959 1440/5190/4310
f 1059/4087/3956 1080/5191/3957 1063/5189/3959
f 1093/5192/3998 1060/4084/3953 1074/5193/3981
f 1074/5193/3981 1437/4301/4306 1453/5194/4327
f 1062/4092/3961 1083/4093/3962 1066/4095/3964
f 1062/4092/3961 1443/4307/4313 1441/4314/4322
f 1065/5189/3966 1086/4098/3967 1069/4087/3969
f 1065/5189/3966 1446/4316/4325 1444/5195/4315
f 1087/4099/3970 1072/5193/3974 1068/4084/3971
f 1068/4084/3971 1449/5196/4317 1447/4315/4324
f 1090/4093/3995 1075/4092/3979 1071/4095/3976
f 1071/4095/3976 1452/4314/5261 1450/4307/4326
f 1111/5197/4018 1077/4102/3982 1093/5192/3998
f 1078/4105/3985 1098/5198/3986 1080/5191/3957
f 1081/4091/3960 1101/4119/4006 1083/4093/3962
f 1084/5199/3991 1104/4122/4009 1086/4098/3967
f 1087/4099/3970 1107/5200/4013 1089/5201/3972
f 1108/4119/4015 1092/4091/3977 1090/4093/3995
f 1111/5197/4018 1113/4113/3999 1095/4114/4000
f 1096/4104/3984 1116/5202/4002 1098/5198/3986
f 1099/4112/4004 1119/4118/4005 1101/4119/4006
f 1102/5203/3990 1122/4121/4008 1104/4122/4009
f 1123/4195/4029 1107/5200/4013 1105/4124/4011
f 1126/4118/4014 1110/4112/3996 1108/4119/4015
f 1129/5204/4017 1131/4125/4019 1113/4127/3999
f 1132/4128/4020 1116/5205/4002 1114/4129/4021
f 1117/4132/4024 1137/4141/4041 1119/4118/4005
f 1138/5206/4044 1122/4137/4008 1120/5207/4007
f 1141/4151/4047 1125/5208/4012 1123/4139/4029
f 1144/4141/4032 1128/4132/4033 1126/4118/4014
f 1147/5209/4035 1149/4143/4036 1131/4125/4019
f 1150/4154/4054 1134/5210/4022 1132/4128/4020
f 1153/4158/4058 1137/4141/4041 1135/4131/4023
f 1156/5211/4043 1140/4135/4027 1138/5206/4044
f 1159/4163/4063 1143/5212/4030 1141/4151/4047
f 1144/4141/4032 1164/4158/4069 1146/4131/4050
f 1183/5213/4089 1149/4143/4036 1165/5214/4071
f 1168/4167/4074 1152/5215/4056 1150/4154/4054
f 1153/4158/4058 1173/4159/4059 1155/4160/4060
f 1174/5216/4061 1158/4149/4045 1156/5211/4043
f 1177/4176/4084 1161/5217/4065 1159/4163/4063
f 1180/4159/4066 1164/4158/4069 1162/4160/4067
f 1201/5218/4088 1167/4152/4052 1183/5213/4089
f 1168/4167/4074 1188/5219/4093 1170/5220/4055
f 1189/4169/4076 1173/4159/4059 1171/4164/4077
f 1174/5216/4061 1194/4173/4081 1176/4174/4082
f 1195/4175/4083 1179/5221/4064 1177/4176/4084
f 1198/4170/4101 1182/4164/4068 1180/4159/4066
f 1219/5222/4104 1185/4165/4072 1201/5218/4088
f 1204/5223/4108 1188/5219/4093 1186/4179/4091
f 1207/4181/4094 1191/4170/4078 1189/4169/4076
f 1192/5224/4096 1212/5225/4116 1194/4173/4081
f 1213/5226/4118 1197/5227/4099 1195/4175/4083
f 1198/4170/4101 1218/4181/4102 1200/4169/4103
f 1219/5228/4104 1221/4114/4105 1203/4187/4106
f 1222/4104/4126 1206/5229/4092 1204/4188/4108
f 1225/4191/4111 1209/4192/4112 1207/4181/4094
f 1228/5203/4132 1212/4121/4116 1210/5230/4114
f 1213/4195/4118 1233/5200/4136 1215/5231/4119
f 1216/4192/4121 1236/4191/4122 1218/4181/4102
f 1237/5197/4124 1239/4204/4143 1221/4114/4105
f 1240/4205/4145 1224/5198/4109 1222/4104/4126
f 1225/4191/4111 1245/4210/4150 1227/4200/4130
f 1246/5199/4152 1230/4122/4115 1228/5203/4132
f 1231/4124/4134 1251/5201/4135 1233/5200/4136
f 1252/4210/4158 1236/4191/4122 1234/4200/4138
f 1273/5193/4175 1239/4204/4143 1255/5232/4141
f 1240/4205/4145 1260/5189/4164 1242/5233/4127
f 1243/4199/4129 1263/4209/4149 1245/4210/4150
f 1264/5189/4151 1248/4098/4154 1246/5199/4152
f 1249/4099/4155 1269/5193/4156 1251/5201/4135
f 1270/4209/4172 1254/4199/4139 1252/4210/4158
f 1291/5234/4174 1257/4084/4142 1273/5193/4175
f 1276/4225/4177 1260/5189/4164 1258/4087/4144
f 1279/4217/4165 1263/4209/4149 1261/4208/4148
f 1264/5189/4151 1284/4231/4184 1266/4087/4153
f 1267/4084/4170 1287/5235/4187 1269/5193/4156
f 1270/4209/4172 1290/4217/4191 1272/4208/4159
f 1309/5236/4192 1275/4213/4162 1291/5234/4174
f 1276/4225/4177 1296/5237/4178 1278/5238/4163
f 1297/4235/4197 1281/4218/4166 1279/4217/4165
f 1282/5239/4183 1302/4241/4200 1284/4231/4184
f 1303/4233/4185 1287/5235/4187 1285/4221/4169
f 1288/4218/4189 1308/4235/4190 1290/4217/4191
f 1327/5240/4224 1293/4223/4176 1309/5236/4192
f 1294/4237/4194 1314/5241/4211 1296/5237/4178
f 1297/4235/4197 1317/4243/4213 1299/4234/4198
f 1300/5242/4182 1320/5243/4216 1302/4241/4200
f 1321/5244/4217 1305/5245/4186 1303/4233/4185
f 1324/4243/4203 1308/4235/4190 1306/4234/4188
f 1345/5246/4239 1311/4245/4207 1327/5247/4224
f 1312/4246/4209 1332/5219/4210 1314/5248/4211
f 1333/4256/4227 1317/4243/4213 1315/4239/4196
f 1336/5224/4230 1320/4252/4216 1318/5249/4215
f 1339/4175/4234 1323/5250/4218 1321/4254/4217
f 1324/4243/4203 1344/4256/4221 1326/4239/4222
f 1345/5246/4239 1347/4257/4225 1329/4165/4206
f 1330/4179/4208 1350/5251/4243 1332/5219/4210
f 1333/4256/4227 1353/4271/4247 1335/4255/4228
f 1354/5252/4249 1338/4173/4232 1336/5224/4230
f 1357/4263/4233 1341/5253/4235 1339/4175/4234
f 1360/4271/4254 1344/4256/4221 1342/4255/4220
f 1363/5254/4238 1365/4143/4240 1347/4257/4225
f 1366/4277/4259 1350/5251/4243 1348/4267/4241
f 1369/4276/4262 1353/4271/4247 1351/4264/4245
f 1372/5211/4264 1356/4262/4231 1354/5252/4249
f 1375/4163/4267 1359/5255/4252 1357/4263/4233
f 1360/4271/4254 1380/4276/4255 1362/4264/4237
f 1399/5256/4287 1365/4143/4240 1381/5257/4273
f 1384/4128/4258 1368/5215/4242 1366/4277/4259
f 1387/4282/4276 1371/4270/4246 1369/4276/4262
f 1390/5206/4280 1374/4149/4250 1372/5211/4264
f 1393/4151/4266 1377/5258/4251 1375/4163/4267
f 1378/4270/4270 1398/4282/4271 1380/4276/4255
f 1417/5259/4286 1383/4125/4274 1399/5256/4287
f 1402/5260/4289 1386/5210/4260 1384/4128/4258
f 1387/4282/4276 1407/4284/4277 1389/4285/4278
f 1390/5206/4280 1410/4137/4281 1392/4135/4265
f 1411/4139/4282 1395/5261/4268 1393/4151/4266
f 1414/4284/4302 1398/4282/4271 1396/4285/4284
f 1435/5236/4321 1401/4289/4288 1417/5262/4286
f 1420/4304/4309 1404/5263/4291 1402/4291/4289
f 1423/4300/4312 1407/4284/4277 1405/4294/4293
f 1426/5242/4316 1410/4297/4281 1408/5264/4279
f 1411/4298/4282 1431/5245/4299 1413/5265/4300
f 1414/4284/4302 1434/4300/4303 1416/4294/4304
f 1435/5236/4321 1437/4301/4306 1419/4302/4307
f 1438/4303/4308 1422/5237/4290 1420/4304/4309
f 1441/4314/4322 1425/4308/4314 1423/4300/4312
f 1426/5242/4316 1446/4316/4325 1428/4241/4296
f 1429/4233/4298 1449/5196/4317 1431/5245/4299
f 1432/4308/4319 1452/4314/5261 1434/4300/4303
f 1455/4320/4330 1764/5266/4625 1762/4437/4610
f 1455/4320/4330 1476/5267/4331 1459/5268/4333
f 1489/5269/4373 1456/4317/4328 1470/5270/4352
f 1777/5271/4624 1456/4317/4328 1761/4434/4608
f 1458/4325/4335 1479/4340/4361 1462/4326/4336
f 1458/4325/4335 1767/4495/5262 1765/4490/4613
f 1461/5268/4339 1482/4330/4340 1465/4320/4341
f 1768/5272/5263 1465/4320/4341 1770/4430/4627
f 1483/4331/4342 1468/5270/4344 1464/4317/4343
f 1771/4431/4626 1468/5270/4344 1773/5273/5264
f 1486/4340/4370 1471/4325/4350 1467/4326/4347
f 1774/4495/4628 1471/4325/4350 1776/4490/5265
f 1507/5274/4372 1473/4333/4353 1489/5269/4373
f 1474/4336/4356 1494/5275/4357 1476/5267/4331
f 1495/4347/4379 1479/4340/4361 1477/4324/4334
f 1480/5276/4363 1500/4343/4364 1482/4330/4340
f 1501/4345/4366 1485/5277/4368 1483/4331/4342
f 1486/4340/4370 1506/4347/4371 1488/4324/4348
f 1525/5278/4409 1491/4350/4375 1507/5279/4372
f 1492/4352/4355 1512/5280/4395 1494/5281/4357
f 1513/4354/4378 1497/4339/4360 1495/4347/4379
f 1516/5282/4381 1500/4359/4364 1498/5283/4382
f 1519/4360/4385 1503/5284/4367 1501/4361/4366
f 1504/4339/4387 1524/4354/4388 1506/4347/4371
f 1543/5285/4426 1509/4348/4374 1525/5278/4409
f 1510/4351/4376 1530/5286/4394 1512/5280/4395
f 1531/4375/4414 1515/4368/4397 1513/4354/4378
f 1516/5282/4381 1536/4371/4400 1518/4357/4383
f 1519/4360/4385 1539/5287/4422 1521/5288/4403
f 1522/4368/4406 1542/4375/4407 1524/4354/4388
f 1561/5289/4444 1527/4362/4391 1543/5285/4426
f 1546/4378/4412 1530/5286/4394 1528/4364/4393
f 1549/4386/4433 1533/4374/4416 1531/4375/4414
f 1552/5290/4436 1536/4371/4400 1534/5291/4399
f 1537/4373/4402 1557/5292/4421 1539/5287/4422
f 1540/4374/4405 1560/4386/4424 1542/4375/4407
f 1579/5293/4443 1545/4388/4428 1561/5289/4444
f 1564/4389/4429 1548/5294/4430 1546/4378/4412
f 1567/4392/4432 1551/4380/4415 1549/4386/4433
f 1570/5295/4435 1554/4382/4418 1552/5290/4436
f 1573/4408/4456 1557/5292/4421 1555/4396/4438
f 1576/4393/4459 1560/4386/4424 1558/4380/4441
f 1597/5296/4480 1563/4387/4427 1579/5293/4443
f 1564/4389/4429 1584/5297/4466 1566/5298/4447
f 1567/4392/4432 1587/4403/4450 1569/4393/4434
f 1570/5295/4435 1590/4405/4453 1572/4406/4454
f 1591/4407/4455 1575/5299/4439 1573/4408/4456
f 1594/4403/4458 1578/4392/4460 1576/4393/4459
f 1597/5300/4480 1599/4333/4462 1581/4409/4463
f 1582/4335/4465 1602/5267/4485 1584/5301/4466
f 1603/4412/4468 1587/4403/4450 1585/4402/4449
f 1606/5276/4470 1590/4343/4453 1588/5302/4471
f 1591/4345/4455 1611/5277/4474 1593/5303/4475
f 1594/4403/4458 1614/4412/4477 1596/4402/4478
f 1615/5269/4479 1617/4317/4481 1599/4333/4462
f 1618/4320/4482 1602/5267/4485 1600/4336/4483
f 1621/4420/4486 1605/4413/4469 1603/4412/4468
f 1606/5276/4470 1626/4320/4505 1608/4330/4490
f 1609/4331/4491 1629/5270/4492 1611/5277/4474
f 1630/4428/4510 1614/4412/4477 1612/4413/4494
f 1651/5271/4512 1617/4317/4481 1633/5270/4513
f 1618/4320/4482 1638/5266/4517 1620/5268/4484
f 1621/4420/4486 1641/4427/4501 1623/4428/4502
f 1624/5268/4489 1644/4430/4504 1626/4320/4505
f 1627/4317/4507 1647/5273/4508 1629/5270/4492
f 1648/4427/4509 1632/4420/4495 1630/4428/4510
f 1669/5304/4528 1635/4434/4514 1651/5271/4512
f 1636/4437/4516 1656/5305/4531 1638/5266/4517
f 1657/4450/4533 1641/4427/4501 1639/4426/4500
f 1642/5272/4520 1662/4440/4521 1644/4430/4504
f 1663/4442/4522 1647/5273/4508 1645/4431/4506
f 1648/4427/4509 1668/4450/4542 1650/4426/4511
f 1669/5306/4528 1671/4387/4544 1653/4445/4529
f 1672/4389/4545 1656/5307/4531 1654/4447/4515
f 1675/4449/4532 1659/4443/4534 1657/4450/4533
f 1678/5295/4536 1662/4454/4521 1660/5308/4537
f 1663/4456/4522 1683/5299/4556 1665/5309/4539
f 1666/4443/4525 1686/4449/4541 1668/4450/4542
f 1687/5293/4543 1689/4464/4563 1671/4387/4544
f 1672/4389/4545 1692/5294/4546 1674/5298/4530
f 1693/4459/4548 1677/4461/4550 1675/4449/4532
f 1678/5295/4536 1698/4382/4552 1680/4406/4553
f 1699/4396/4554 1683/5299/4556 1681/4408/4538
f 1684/4461/4558 1704/4459/4559 1686/4449/4541
f 1723/5285/4576 1689/4464/4563 1705/5289/4561
f 1708/4473/4579 1692/5294/4546 1690/4378/4564
f 1711/4471/4583 1695/4460/4549 1693/4459/4548
f 1714/5291/4586 1698/4382/4552 1696/5290/4551
f 1717/4479/4587 1701/5292/4555 1699/4396/4554
f 1720/4467/4590 1704/4459/4559 1702/4460/4557
f 1741/5278/4607 1707/4463/4562 1723/5285/4576
f 1708/4473/4579 1728/5280/4580 1710/5286/4581
f 1711/4471/4583 1731/4476/4584 1713/4467/4567
f 1732/5282/4597 1716/4470/4570 1714/5291/4586
f 1717/4479/4587 1737/5288/4601 1719/5287/4588
f 1738/4476/4603 1722/4471/4574 1720/4467/4590
f 1741/5278/4607 1743/4350/4609 1725/4348/4577
f 1744/4352/4611 1728/5280/4580 1726/4351/4578
f 1729/4482/4595 1749/4486/4615 1731/4476/4584
f 1732/5282/4597 1752/4359/4618 1734/4357/4598
f 1753/4361/4619 1737/5288/4601 1735/4360/4599
f 1756/4486/4602 1740/4482/4604 1738/4476/4603
f 1759/5304/4606 1761/4434/4608 1743/4487/4609
f 1762/4437/4610 1746/5305/4593 1744/4488/4611
f 1747/4491/4614 1767/4495/5262 1749/4486/4615
f 1768/5272/5263 1752/4440/4618 1750/5310/4617
f 1753/4442/4619 1773/5273/5264 1755/5311/4600
f 1774/4495/4628 1758/4491/4622 1756/4486/4602
f 1821/1010/1027 1779/970/973 1793/986/991
f 1788/983/988 1794/989/994 1781/976/979
f 1815/1006/1021 1780/973/976 1809/1002/1015
f 1800/986/1000 1814/998/1018 1828/1010/1036
f 1801/979/1003 1822/1002/1030 1795/973/997
f 1829/995/1039 1808/976/1012 1823/989/1033
f 1877/1060/1099 1835/1018/1045 1849/1032/1063
f 1844/1030/1060 1850/4496/1066 1837/1024/1051
f 1871/1055/1093 1836/4506/1048 1865/1052/1087
f 1884/1060/1108 1843/1018/1057 1870/1046/1090
f 1857/1041/1075 1878/4500/1102 1851/1038/1069
f 1885/1069/1111 1864/4502/1084 1879/1066/1105
f 1905/1081/1135 1919/1096/1153 1891/1074/1117
f 1900/4511/1132 1906/1084/1138 1893/5312/1123
f 1927/4501/1165 1892/1038/1120 1921/4500/1159
f 1912/1081/1144 1926/1096/1162 1940/1111/1180
f 1913/4513/1147 1934/1052/1174 1907/4506/1141
f 1941/4517/1183 1920/1099/1156 1935/4515/1177
f 1989/1144/973 1947/1118/1027 1961/1128/1009
f 1956/995/1039 1962/976/1012 1949/989/1033
f 1983/1141/1003 1948/1121/1030 1977/1137/997
f 1968/1128/1018 1982/1134/1000 1996/1144/985
f 1969/1124/1021 1990/1137/976 1963/1121/1015
f 1997/983/988 1976/989/994 1991/976/979
f 2045/1184/1045 2003/1150/1099 2017/1156/1081
f 2012/1094/1111 2018/4519/1084 2005/1084/1105
f 2039/1179/1075 2004/4526/1102 2033/1176/1069
f 2052/1184/1057 2011/1150/1108 2038/1170/1072
f 2025/1165/1093 2046/4520/1048 2019/1162/1087
f 2053/1109/1060 2032/4523/1066 2047/1099/1051
f 2073/1197/1153 2087/1205/1135 2059/1191/1171
f 2068/4498/1183 2074/1024/1156 2061/4496/1177
f 2095/4532/1147 2060/1162/1174 2089/4520/1141
f 2080/1197/1162 2094/1205/1219 2108/1211/1129
f 2081/4530/1165 2102/1176/1120 2075/4526/1159
f 2109/4504/1132 2088/1066/1138 2103/4502/1123
f 2829/2026/2038 2857/5322/2074 2871/4710/2092
f 2823/2022/2032 2830/5323/2041 2817/2017/2026
f 2879/2082/2104 2816/2014/2023 2873/5324/2098
f 2878/2079/2101 2864/2065/2083 2850/2049/2065
f 2831/2031/2044 2852/2054/2071 2844/2044/2059
f 2851/4699/2068 2858/2060/2077 2845/2047/2062
f 2865/5325/2086 2872/2075/2095 2859/2062/2080
f 2983/4741/2236 2997/5327/2254 3011/4755/2272
f 2963/2182/2212 2970/5328/2221 2957/4738/2206
f 3013/5329/2278 2964/2184/2215 2956/4736/2203
f 2962/5330/2209 3004/2225/2263 2990/2209/2245
f 2971/2191/2224 2992/2214/2251 2984/2204/2239
f 2985/2207/2242 3006/4748/2269 2998/2220/2257
f 3005/5331/2266 3012/2235/2275 2999/2222/2260
f 3109/2346/2218 3137/5332/2254 3151/4802/2327
f 3097/4785/2206 3118/4781/2233 3110/5333/2314
f 3153/5334/2330 3104/2344/2215 3096/4783/2203
f 3102/5335/2209 3158/2399/2281 3144/2385/2263
f 3111/2351/2317 3132/2374/2251 3124/2364/2239
f 3125/2367/2321 3146/4795/2269 3138/2380/2257
f 3139/2382/2260 3160/4800/2287 3152/2395/2275
f 3249/2507/2357 3263/5337/2363 3277/5338/2074
f 3243/2503/2032 3250/5339/2041 3237/2498/2351
f 3293/5340/2098 3244/2505/2035 3236/2495/2023
f 3298/2560/2374 3284/2546/2083 3270/2530/2065
f 3251/2512/2044 3272/2535/2071 3264/2525/2059
f 3271/4835/2367 3278/2541/2077 3265/2528/2062
f 3285/5341/2086 3292/2556/2095 3279/2543/2080
f 3388/2660/2477 3387/2659/2478 3377/5347/2469
f 3/10/5266 3376/2650/2470 3380/4874/4990
f 6/11/13 3377/5347/2469 3376/5348/2470
f 3375/2647/2467 3391/5349/4993 3379/4873/4989
f 3/10/5266 3382/2651/2471 4/5/8
f 3383/2654/2474 3391/5349/4993 3393/5350/2479
f 7/11/12 3382/5348/2471 3384/5347/2473
f 3395/2660/2481 9/12/15 3384/5347/2473
f 10/13/16 3386/5351/2475 8/12/14
f 3386/2655/2475 12/18/5267 3390/4876/4992
f 3394/2662/2482 12/18/5267 13/19/23
f 3394/5351/2482 13/21/23 14/13/17
f 3410/2677/2493 3409/2676/2494 3399/5352/2485
f 22/25/5268 3398/2667/2486 3402/4881/4996
f 26/29/30 3399/5352/2485 3398/5353/2486
f 3401/4880/4995 3409/5354/2494 3413/5355/4999
f 22/25/5268 3404/2668/2487 23/26/29
f 3401/4880/4995 3415/5356/2495 3405/2671/2490
f 27/29/31 3404/5353/2487 3406/5352/2489
f 3417/2677/2497 30/30/33 3406/5352/2489
f 31/31/34 3408/5357/2491 29/30/32
f 3408/2672/2491 33/37/5269 3412/4883/4998
f 3416/2679/2498 33/37/5269 34/32/36
f 3416/5357/2498 34/35/36 35/31/35
f 41/40/40 43/41/44 44/46/49
f 3496/4899/2576 3423/2687/2503 3500/2764/2580
f 3419/2681/2499 45/43/46 3424/2690/2506
f 3420/2685/2502 73/38/39 3421/2686/2501
f 3510/5358/2592 3425/2692/2508 3430/5359/2510
f 3431/2695/2513 45/43/46 46/45/48
f 3430/2685/2510 3432/2686/2512 74/38/41
f 46/46/48 42/40/42 3431/5360/2513
f 3436/2699/2516 53/50/54 55/51/55
f 50/5361/52 3435/2701/2517 3440/2708/2523
f 53/50/54 3436/2699/2516 3435/5362/2517
f 3438/2703/2518 3450/4892/2532 3456/2726/2540
f 50/5361/52 3445/2710/2525 51/5363/47
f 3439/2706/2521 3462/5364/2542 3446/5365/2528
f 3445/5362/2525 3447/2699/2527 54/50/53
f 3464/2716/2544 56/51/56 3446/2697/2528
f 3467/2732/2549 55/51/55 3468/2733/2548
f 3449/4890/2529 3472/2739/2555 3453/2718/2533
f 3463/5366/2545 3471/2737/2553 3477/5367/2557
f 3477/2732/2557 3479/2733/2559 56/51/56
f 57/52/57 60/53/59 61/61/68
f 3466/2728/2546 62/56/63 3470/2734/2550
f 3478/2742/2560 62/56/63 63/60/67
f 63/61/67 58/52/58 3478/5368/2560
f 3483/2746/2563 71/62/69 73/38/39
f 68/5369/65 3482/2748/2564 3487/2755/2570
f 71/62/69 3483/2746/2563 3482/5370/2564
f 3485/2750/2565 3497/4901/2579 3503/2772/2587
f 68/5369/65 3492/2757/2572 69/5371/61
f 3486/2753/2568 3509/5372/2589 3493/5373/2575
f 3492/5370/2572 3494/2746/2574 72/62/70
f 3511/2762/2591 74/38/41 3493/2744/2575
f 3555/2822/2647 3513/2774/2593 3527/2790/2611
f 3515/2780/2599 3536/5374/2626 3528/4907/2614
f 3549/2817/2641 3514/4922/2596 3543/2812/2635
f 3534/2798/2620 3548/2814/2638 3562/2830/2656
f 3529/2796/2617 3564/5375/2662 3556/4913/2650
f 3563/2833/2659 3542/5376/2632 3557/2828/2653
f 4011/3081/2929 3969/3039/2875 3983/3053/2893
f 3978/3051/2890 3984/5025/2896 3971/3045/2881
f 4005/3076/2923 3970/5034/2878 3999/3073/2917
f 4018/3081/2938 3977/3039/2887 4004/3067/2920
f 3991/3062/2905 4012/5028/2932 3985/3059/2899
f 4019/3090/2941 3998/5031/2914 4013/3087/2935
f 4039/3109/2893 4053/3123/2911 4025/3095/2875
f 4034/3107/2890 4040/5038/2896 4027/3101/2881
f 4061/3132/2923 4026/5049/2948 4055/3129/2917
f 4046/3109/2902 4060/3123/2920 4074/3137/2938
f 4047/3118/2905 4068/5042/2932 4041/3115/2899
f 4075/3146/2941 4054/5046/2914 4069/3143/2935
f 38/4/7 3/10/7 4/5/8
f 37/7/10 36/1/1 1/3/3
f 39/7/9 4/8/8 5/3/6
f 38/4/7 37/5402/10 2/9/11
f 14/13/17 13/21/23 18/14/18
f 11/16/20 16/5403/24 17/17/21
f 13/19/23 12/18/21 17/17/21
f 10/13/16 15/15/22 16/14/24
f 18/14/18 23/28/29 24/22/25
f 17/23/26 16/5404/24 21/24/27
f 17/23/26 22/25/26 23/26/29
f 16/14/24 15/15/22 20/22/28
f 34/32/36 33/37/37 38/33/37
f 31/31/34 36/1/1 37/7/10
f 35/31/35 34/35/36 39/7/9
f 32/36/38 37/5405/10 38/33/37
f 45/43/46 50/49/52 51/44/47
f 44/46/49 43/41/44 48/42/50
f 46/46/48 51/47/47 52/42/45
f 45/43/46 44/5406/49 49/48/51
f 64/53/60 63/61/67 69/54/61
f 62/56/63 61/5407/68 67/57/64
f 62/56/63 68/58/65 69/59/61
f 61/61/68 60/53/59 66/55/66
f 1779/970/973 1782/982/4648 1783/971/974
f 1780/973/976 1784/992/4631 1783/974/977
f 1781/976/979 1785/1001/4630 1783/977/980
f 1786/979/982 1789/994/4651 1790/980/983
f 1787/970/985 1791/972/4632 1790/971/986
f 1788/983/988 1792/1009/4687 1790/984/989
f 1793/986/991 1796/993/4629 1797/987/992
f 1794/989/994 1798/1014/4635 1797/990/995
f 1795/973/997 1799/975/4637 1797/974/998
f 1800/986/1000 1803/988/4638 1804/987/1001
f 1801/979/1003 1805/981/4634 1804/980/1004
f 1802/995/1006 1806/1016/4633 1804/996/1007
f 1807/998/1009 1810/1005/4642 1811/999/1010
f 1808/976/1012 1812/978/4647 1811/977/1013
f 1809/1002/1015 1813/1013/4649 1811/1003/1016
f 1814/998/1018 1817/1000/4650 1818/999/1019
f 1815/1006/1021 1819/1017/4646 1818/1007/1022
f 1816/983/1024 1820/985/4645 1818/984/1025
f 1821/1010/1027 1824/1015/4636 1825/1011/1028
f 1822/1002/1030 1826/1004/4641 1825/1003/1031
f 1823/989/1033 1827/991/4643 1825/990/1034
f 1828/1010/1036 1831/1012/4644 1832/1011/1037
f 1829/995/1039 1833/997/4640 1832/996/1040
f 1830/1006/1042 1834/1008/4639 1832/1007/1043
f 1835/1018/1045 1838/1029/4667 1839/1019/1046
f 1836/1021/1048 1840/1025/4654 1839/1022/1049
f 1837/1024/1051 1841/1200/4653 1839/1022/1052
f 1842/1026/1054 1845/1204/4669 1846/1027/1055
f 1843/1018/1057 1847/1020/4655 1846/1019/1058
f 1844/1030/1060 1848/1028/4691 1846/1027/1061
f 1849/1032/1063 1852/1040/4652 1853/1033/1064
f 1850/1035/1066 1854/1039/4657 1853/1036/1067
f 1851/1038/1069 1855/1077/4695 1853/1036/1070
f 1856/1032/1072 1859/1034/4659 1860/1033/1073
f 1857/1041/1075 1861/1045/4656 1860/1042/1076
f 1858/1044/1078 1862/1080/5322 1860/1042/1079
f 1863/1046/1081 1866/1054/4662 1867/1047/1082
f 1864/1049/1084 1868/1053/4666 1867/1050/1085
f 1865/1052/1087 1869/1114/4690 1867/1050/1088
f 1870/1046/1090 1873/1048/4668 1874/1047/1091
f 1871/1055/1093 1875/1059/4665 1874/1056/1094
f 1872/1058/1096 1876/1117/5323 1874/1056/1097
f 1877/1060/1099 1880/1068/4658 1881/1061/1100
f 1878/1063/1102 1882/1067/4661 1881/1064/1103
f 1879/1066/1105 1883/1208/4663 1881/1064/1106
f 1884/1060/1108 1887/1062/4664 1888/1061/1109
f 1885/1069/1111 1889/1073/4660 1888/1070/1112
f 1886/1072/1114 1890/1210/4696 1888/1070/1115
f 1891/1074/1117 1894/1079/4684 1895/1075/1118
f 1892/1038/1120 1896/1039/4672 1895/1036/1121
f 1893/1035/1123 1897/1037/4671 1895/1036/1124
f 1898/1041/1126 1901/1043/4686 1902/1042/1127
f 1899/1074/1129 1903/1076/4673 1902/1078/1130
f 1900/1044/1132 1904/1045/5324 1902/1042/1133
f 1905/1081/1135 1908/4508/4670 1909/1082/1136
f 1906/1084/1138 1910/1088/5325 1909/1085/1139
f 1907/1087/1141 1911/1153/5326 1909/1085/1142
f 1912/1081/1144 1915/4512/4676 1916/1089/1145
f 1913/1091/1147 1917/1095/4674 1916/1092/1148
f 1914/1094/1150 1918/1155/4700 1916/1092/1151
f 1919/1096/1153 1922/4514/4680 1923/1097/1154
f 1920/1099/1156 1924/1103/4683 1923/1100/1157
f 1921/1102/1159 1925/1187/5327 1923/1100/1160
f 1926/1096/1162 1929/1098/4685 1930/1104/1163
f 1927/1106/1165 1931/1110/4682 1930/1107/1166
f 1928/1109/1168 1932/5486/5328 1930/1107/1169
f 1933/1111/1171 1936/1116/4675 1937/1112/1172
f 1934/1052/1174 1938/1053/4679 1937/1050/1175
f 1935/1049/1177 1939/1051/5329 1937/1050/1178
f 1940/1111/1180 1943/1113/4681 1944/1115/1181
f 1941/1058/1183 1945/1059/4678 1944/1056/1184
f 1942/1055/1186 1946/1057/4677 1944/1056/1187
f 1947/1118/1027 1950/1127/4636 1951/1119/1028
f 1948/1121/1030 1952/1131/4641 1951/1122/1031
f 1949/989/1033 1953/991/4643 1951/990/1034
f 1954/1124/1042 1957/1133/4639 1958/1125/1043
f 1955/1118/1036 1959/1120/4644 1958/1119/1037
f 1956/995/1039 1960/997/4640 1958/996/1040
f 1961/1128/1009 1964/1132/4642 1965/1129/1010
f 1962/976/1012 1966/978/4647 1965/977/1013
f 1963/1121/1015 1967/1123/4649 1965/1122/1016
f 1968/1128/1018 1971/1130/4650 1972/1129/1019
f 1969/1124/1021 1973/1126/4646 1972/1125/1022
f 1970/983/1024 1974/985/4645 1972/984/1025
f 1975/1134/991 1978/1140/4629 1979/1135/992
f 1976/989/994 1980/1014/4635 1979/990/995
f 1977/1137/997 1981/1147/4637 1979/1138/998
f 1982/1134/1000 1985/1136/4638 1986/1135/1001
f 1983/1141/1003 1987/1149/4634 1986/1142/1004
f 1984/995/1006 1988/1016/4633 1986/996/1007
f 1989/1144/973 1992/1148/4648 1993/1145/974
f 1990/1137/976 1994/1139/4631 1993/1138/977
f 1991/976/979 1995/1001/4630 1993/977/980
f 1996/1144/985 1999/1146/4632 2000/1145/986
f 1997/983/988 2001/1009/4687 2000/984/989
f 1998/1141/982 2002/1143/4651 2000/1142/983
f 2003/1150/1099 2006/1154/4658 2007/1151/1100
f 2004/1087/1102 2008/1088/4661 2007/1085/1189
f 2005/1084/1105 2009/1086/4663 2007/1085/1190
f 2010/1091/1114 2013/1093/4696 2014/1092/1191
f 2011/1150/1108 2015/1152/4664 2014/1151/1193
f 2012/1094/1111 2016/1095/4660 2014/1092/1194
f 2017/1156/1081 2020/1164/4688 2021/1157/1082
f 2018/1159/1084 2022/1163/4689 2021/1160/1085
f 2019/1162/1087 2023/1194/4690 2021/1160/1088
f 2024/1156/1090 2027/1158/4668 2028/1157/1091
f 2025/1165/1093 2029/1169/4665 2028/1166/1094
f 2026/1168/1096 2030/1196/5330 2028/1166/1197
f 2031/1170/1063 2034/1178/4652 2035/1171/1064
f 2032/1173/1066 2036/1177/4694 2035/1174/1198
f 2033/1176/1069 2037/1214/4695 2035/1174/1070
f 2038/1170/1072 2041/1172/4659 2042/1171/1073
f 2039/1179/1075 2043/1183/4656 2042/1180/1076
f 2040/1182/1078 2044/1216/5331 2042/1180/1199
f 2045/1184/1045 2048/1188/4667 2049/1185/1046
f 2046/1102/1048 2050/1103/4692 2049/1100/1201
f 2047/1099/1051 2051/1101/4693 2049/1100/1052
f 2052/1184/1057 2055/1186/4655 2056/1185/1202
f 2053/1109/1060 2057/1110/4691 2056/1189/1203
f 2054/1106/1054 2058/1108/4669 2056/1189/1055
f 2059/1191/1171 2062/1195/4675 2063/1192/1172
f 2060/1162/1174 2064/1163/4679 2063/1160/1175
f 2061/1159/1177 2065/1161/5332 2063/1160/1178
f 2066/1165/1186 2069/1167/4677 2070/1166/1207
f 2067/1191/1180 2071/1193/4681 2070/1192/1181
f 2068/1168/1183 2072/1169/5333 2070/1166/1208
f 2073/1197/1153 2076/1202/4680 2077/1198/1154
f 2074/1024/1156 2078/1025/4683 2077/1022/1210
f 2075/1201/1159 2079/1023/5327 2077/1022/1211
f 2080/1197/1162 2083/1199/4685 2084/1198/1163
f 2081/1203/1165 2085/1028/4698 2084/1027/1212
f 2082/1030/1168 2086/1031/4697 2084/1027/1213
f 2087/1205/1135 2090/1209/4670 2091/1206/1136
f 2088/1066/1138 2092/1067/4702 2091/1064/1215
f 2089/1063/1141 2093/1065/5334 2091/1064/1217
f 2094/1205/1219 2097/1207/4676 2098/1206/1145
f 2095/1072/1147 2099/1073/4701 2098/1070/1148
f 2096/1069/1150 2100/1071/4700 2098/1070/1220
f 2101/1211/1117 2104/1215/4684 2105/1212/1118
f 2102/1176/1120 2106/1177/4672 2105/1174/1121
f 2103/1173/1123 2107/1175/4671 2105/1174/1222
f 2108/1211/1129 2111/1213/4673 2112/1212/1130
f 2109/1182/1132 2113/1183/4699 2112/1180/1224
f 2110/1179/1126 2114/1181/4686 2112/1180/1127
f 2815/2011/2020 2818/5578/5400 2819/2012/2021
f 2816/2014/2023 2820/2018/4873 2819/2015/2024
f 2817/4689/2026 2821/2013/4869 2819/2012/2027
f 2822/2019/2029 2825/2023/4872 2826/2020/2030
f 2823/2022/2032 2827/2025/4874 2826/2020/2033
f 2824/2024/2035 2828/2021/4890 2826/2020/2036
f 2829/2026/2038 2832/2030/4870 2833/2027/2039
f 2830/2029/2041 2834/5579/5401 2833/2027/2042
f 2831/2031/2044 2835/4694/4876 2833/2032/2045
f 2836/2034/2047 2839/2038/4879 2840/2035/2048
f 2837/2037/2050 2841/2040/4875 2840/2035/2051
f 2838/4690/2053 2842/4691/4871 2840/5580/2054
f 2843/2041/2056 2846/5581/4877 2847/2042/2057
f 2844/2044/2059 2848/5582/5402 2847/2045/2060
f 2845/2047/2062 2849/2043/4881 2847/2042/2063
f 2850/2049/2065 2853/2053/4883 2854/2050/2066
f 2851/5583/2068 2855/2056/4880 2854/2055/2069
f 2852/2054/2071 2856/4696/4878 2854/2055/2072
f 2857/2057/2074 2860/2061/5403 2861/2058/2075
f 2858/2060/2077 2862/5584/5404 2861/2058/2078
f 2859/2062/2080 2863/4703/4885 2861/2063/2081
f 2864/2065/2083 2867/2069/4887 2868/2066/2084
f 2865/2068/2086 2869/2071/4884 2868/2066/2087
f 2866/2070/2089 2870/2067/4882 2868/2066/2090
f 2871/2072/2092 2874/2076/5405 2875/2073/2093
f 2872/2075/2095 2876/2078/5406 2875/2073/2096
f 2873/2077/2098 2877/2074/4889 2875/2073/2099
f 2878/2079/2101 2881/5585/5407 2882/2080/2102
f 2879/2082/2104 2883/5586/4888 2882/2083/2105
f 2880/2085/2107 2884/2081/4886 2882/2080/2108
f 2955/2171/2200 2958/5598/5414 2959/2172/2201
f 2956/4736/2203 2960/4737/4914 2959/5599/2204
f 2957/2177/2206 2961/2173/4911 2959/2172/2207
f 2962/2179/2209 2965/2183/4913 2966/2180/2210
f 2963/2182/2212 2967/2185/4915 2966/2180/2213
f 2964/2184/2215 2968/2181/4930 2966/2180/2216
f 2969/2186/2218 2972/2190/5415 2973/2187/2219
f 2970/2189/2221 2974/5600/5416 2973/2187/2222
f 2971/2191/2224 2975/4740/4917 2973/2192/2225
f 2976/2194/2227 2979/2198/4919 2980/2195/2228
f 2977/2197/2230 2981/2200/4916 2980/2195/2231
f 2978/4733/2233 2982/4734/4912 2980/5601/2234
f 2983/2201/2236 2986/5602/5417 2987/2202/2237
f 2984/2204/2239 2988/5603/5418 2987/2205/2240
f 2985/2207/2242 2989/2203/4921 2987/2202/2243
f 2990/2209/2245 2993/2213/4948 2994/2210/2246
f 2991/5604/2248 2995/2216/4920 2994/2215/2249
f 2992/2214/2251 2996/4742/4918 2994/2215/2252
f 2997/2217/2254 3000/2221/4946 3001/2218/2255
f 2998/2220/2257 3002/5605/5419 3001/2218/2258
f 2999/2222/2260 3003/4749/4924 3001/2223/2261
f 3004/2225/2263 3007/2229/4927 3008/2226/2264
f 3005/2228/2266 3009/2231/4923 3008/2226/2267
f 3006/2230/2269 3010/2227/4922 3008/2226/2270
f 3011/2232/2272 3014/2236/4925 3015/2233/2273
f 3012/2235/2275 3016/2238/5420 3015/2233/2276
f 3013/2237/2278 3017/2234/4929 3015/2233/2279
f 3018/2239/2281 3021/5606/4931 3022/2240/2282
f 3019/2242/2284 3023/5607/4928 3022/2243/2285
f 3020/2245/2287 3024/2241/4926 3022/2240/2288
f 3095/2331/2200 3098/5616/5423 3099/2332/2201
f 3096/4783/2203 3100/4784/4942 3099/5617/2310
f 3097/2337/2206 3101/2333/4911 3099/2332/2312
f 3102/2339/2209 3105/2343/4913 3106/2340/2210
f 3103/2342/2212 3107/2345/4943 3106/2340/2213
f 3104/2344/2215 3108/2341/4930 3106/2340/2216
f 3109/2346/2218 3112/2350/5415 3113/2347/2219
f 3110/2349/2314 3114/5618/5416 3113/2347/2315
f 3111/2351/2317 3115/4787/4944 3113/2352/2225
f 3116/2354/2318 3119/2358/4919 3120/2355/2228
f 3117/2357/2230 3121/2360/4916 3120/2355/2231
f 3118/4781/2233 3122/4780/4941 3120/5619/2320
f 3123/2361/2236 3126/5620/4945 3127/2362/2237
f 3124/2364/2239 3128/5621/5418 3127/2365/2240
f 3125/2367/2321 3129/2363/4921 3127/2362/2322
f 3130/2369/2323 3133/2373/4948 3134/2370/2246
f 3131/5622/2248 3135/2376/4920 3134/2375/2249
f 3132/2374/2251 3136/4789/4918 3134/2375/2252
f 3137/2377/2254 3140/2381/4946 3141/2378/2255
f 3138/2380/2257 3142/5623/5419 3141/2378/2258
f 3139/2382/2260 3143/4796/4924 3141/2383/2261
f 3144/2385/2263 3147/2389/5424 3148/2386/2264
f 3145/2388/2326 3149/2391/4949 3148/2386/2267
f 3146/2390/2269 3150/2387/4947 3148/2386/2270
f 3151/2392/2327 3154/2396/4950 3155/2393/2273
f 3152/2395/2275 3156/2398/5420 3155/2393/2276
f 3153/2397/2330 3157/2394/4929 3155/2393/2331
f 3158/2399/2281 3161/5624/4951 3162/2400/2282
f 3159/2402/2284 3163/5625/4928 3162/2403/2285
f 3160/2405/2287 3164/2401/4926 3162/2400/2288
f 3235/2492/2020 3238/5635/5428 3239/2493/2348
f 3236/2495/2023 3240/2499/4958 3239/2496/2024
f 3237/4825/2351 3241/2494/4957 3239/2493/2352
f 3242/2500/2353 3245/2504/4872 3246/2501/2354
f 3243/2503/2032 3247/2506/4874 3246/2501/2033
f 3244/2505/2035 3248/2502/4965 3246/2501/2036
f 3249/2507/2357 3252/2511/4870 3253/2508/2358
f 3250/2510/2041 3254/5636/5401 3253/2508/2042
f 3251/2512/2044 3255/4830/4959 3253/2513/2045
f 3256/2515/2047 3259/2519/4879 3260/2516/2048
f 3257/2518/2050 3261/2521/4875 3260/2516/2361
f 3258/4826/2053 3262/4827/4871 3260/5637/2054
f 3263/2522/2363 3266/5638/4877 3267/2523/2364
f 3264/2525/2059 3268/5639/5402 3267/2526/2060
f 3265/2528/2062 3269/2524/4881 3267/2523/2063
f 3270/2530/2065 3273/2534/4883 3274/2531/2066
f 3271/5640/2367 3275/2537/4880 3274/2536/2069
f 3272/2535/2071 3276/4832/4960 3274/2536/2369
f 3277/2538/2074 3280/2542/5403 3281/2539/2075
f 3278/2541/2077 3282/5641/5404 3281/2539/2370
f 3279/2543/2080 3283/4839/4962 3281/2544/2371
f 3284/2546/2083 3287/2550/4887 3288/2547/2084
f 3285/2549/2086 3289/2552/4884 3288/2547/2087
f 3286/2551/2373 3290/2548/4961 3288/2547/2090
f 3291/2553/2092 3294/2557/5405 3295/2554/2093
f 3292/2556/2095 3296/2559/5406 3295/2554/2096
f 3293/2558/2098 3297/2555/4889 3295/2554/2099
f 3298/2560/2374 3301/5642/5407 3302/2561/2375
f 3299/2563/2376 3303/5643/4964 3302/2564/2105
f 3300/2566/2107 3304/2562/4963 3302/2561/2108
f 3423/2687/2503 3426/2691/2507 3427/2688/2504
f 3424/2690/2506 3428/2693/2509 3427/2688/2504
f 3425/2692/2508 3429/2689/2505 3427/2688/2504
f 3438/2703/2518 3441/2707/2522 3442/2704/2519
f 3439/2706/2521 3443/2709/2524 3442/2704/2519
f 3440/2708/2523 3444/2705/2520 3442/2704/2519
f 3453/2718/2533 3457/2722/2537 3458/2719/2534
f 3454/2721/2536 3459/4894/2539 3458/2719/2534
f 3455/2723/2538 3460/2727/2541 3458/2724/2534
f 3456/2726/2540 3461/5650/2535 3458/2724/2534
f 3470/2734/2550 3473/2738/2554 3474/2735/2551
f 3471/2737/2553 3475/2740/2556 3474/2735/2551
f 3472/2739/2555 3476/2736/2552 3474/2735/2551
f 3485/2750/2565 3488/2754/2569 3489/2751/2566
f 3486/2753/2568 3490/2756/2571 3489/2751/2566
f 3487/2755/2570 3491/2752/2567 3489/2751/2566
f 3500/2764/2580 3504/2768/2584 3505/2765/2581
f 3501/2767/2583 3506/4903/2586 3505/2765/2581
f 3502/2769/2585 3507/2773/2588 3505/2770/2581
f 3503/2772/2587 3508/5651/2582 3505/2770/2581
f 3513/2774/2593 3516/4920/5016 3517/2775/2594
f 3514/2777/2596 3518/2781/5002 3517/2778/2597
f 3515/2780/2599 3519/5652/5436 3517/2778/2600
f 3520/2782/2602 3523/5653/5019 3524/2783/2603
f 3521/2785/2605 3525/4908/5003 3524/2786/2606
f 3522/2788/2608 3526/2784/5437 3524/2783/2609
f 3527/2790/2611 3530/4905/5001 3531/2791/2612
f 3528/2793/2614 3532/2797/5005 3531/2794/2615
f 3529/2796/2617 3533/5654/5438 3531/2794/2618
f 3534/2798/2620 3537/4914/5007 3538/2799/2621
f 3535/2801/2623 3539/2805/5004 3538/2802/2624
f 3536/2804/2626 3540/5655/5439 3538/2802/2627
f 3541/2806/2629 3544/4916/5010 3545/2807/2630
f 3542/2809/2632 3546/2813/5015 3545/2810/2633
f 3543/2812/2635 3547/4921/5017 3545/2810/2636
f 3548/2814/2638 3551/4924/5018 3552/2815/2639
f 3549/2817/2641 3553/2821/5014 3552/2818/2642
f 3550/2820/2644 3554/5656/5013 3552/2818/2645
f 3555/2822/2647 3558/4911/5006 3559/2823/2648
f 3556/2825/2650 3560/2829/5440 3559/2826/2651
f 3557/2828/2653 3561/5657/5011 3559/2826/2654
f 3562/2830/2656 3565/4918/5012 3566/2831/2657
f 3563/2833/2659 3567/2837/5009 3566/2834/2660
f 3564/2836/2662 3568/5658/5008 3566/2834/2663
f 3969/3039/2875 3972/3050/5119 3973/3040/2876
f 3970/3042/2878 3974/3046/5104 3973/3043/2879
f 3971/3045/2881 3975/5673/5123 3973/3043/2882
f 3976/3047/2884 3979/5674/5122 3980/3048/2885
f 3977/3039/2887 3981/3041/5105 3980/3040/2888
f 3978/3051/2890 3982/3049/5125 3980/3048/2891
f 3983/3053/2893 3986/3061/5103 3987/3054/2894
f 3984/3056/2896 3988/3060/5108 3987/3057/2897
f 3985/3059/2899 3989/5675/5129 3987/3057/2900
f 3990/3053/2902 3993/3055/5110 3994/3054/2903
f 3991/3062/2905 3995/3066/5107 3994/3063/2906
f 3992/3065/2908 3996/5676/5106 3994/3063/2909
f 3997/3067/2911 4000/3075/5114 4001/3068/2912
f 3998/3070/2914 4002/3074/5118 4001/3071/2915
f 3999/3073/2917 4003/5033/5120 4001/3071/2918
f 4004/3067/2920 4007/3069/5121 4008/3068/2921
f 4005/3076/2923 4009/3080/5117 4008/3077/2924
f 4006/3079/2926 4010/5677/5116 4008/3077/2927
f 4011/3081/2929 4014/3089/5109 4015/3082/2930
f 4012/3084/2932 4016/3088/5113 4015/3085/2933
f 4013/3087/2935 4017/5678/5441 4015/3085/2936
f 4018/3081/2938 4021/3083/5115 4022/3082/2939
f 4019/3090/2941 4023/3094/5112 4022/3091/2942
f 4020/3093/2944 4024/5679/5111 4022/3091/2945
f 4025/3095/2875 4028/3106/5119 4029/3096/2876
f 4026/3098/2948 4030/3102/5124 4029/3099/2879
f 4027/3101/2881 4031/5037/5123 4029/3099/2882
f 4032/3103/2884 4035/5680/5122 4036/3104/2885
f 4033/3095/2887 4037/3097/5126 4036/3096/2888
f 4034/3107/2890 4038/3105/5125 4036/3104/2949
f 4039/3109/2893 4042/3117/5103 4043/3110/2894
f 4040/3112/2896 4044/3116/5128 4043/3113/2897
f 4041/3115/2899 4045/5041/5129 4043/3113/2950
f 4046/3109/2902 4049/3111/5130 4050/3110/2903
f 4047/3118/2905 4051/3122/5127 4050/3119/2952
f 4048/3121/2953 4052/5681/5106 4050/3119/2954
f 4053/3123/2911 4056/3131/5114 4057/3124/2912
f 4054/3126/2914 4058/3130/5118 4057/3127/2956
f 4055/3129/2917 4059/5048/5120 4057/3127/2918
f 4060/3123/2920 4063/3125/5121 4064/3124/2921
f 4061/3132/2923 4065/3136/5117 4064/3133/2924
f 4062/3135/2926 4066/5682/5116 4064/3133/2958
f 4067/3137/2929 4070/3145/5109 4071/3138/2930
f 4068/3140/2932 4072/3144/5113 4071/3141/2933
f 4069/3143/2935 4073/5683/5441 4071/3141/2960
f 4074/3137/2938 4077/3139/5132 4078/3138/2939
f 4075/3146/2941 4079/3150/5131 4078/3147/2961
f 4076/3149/2944 4080/5684/5111 4078/3147/2945
f 1060/4084/3953 1077/4102/3982 1079/4085/3954
f 1079/4085/3954 1078/4105/3985 1059/4087/3956
f 1080/4088/3957 1082/4101/3987 1064/4089/3958
f 1064/4089/3958 1082/4101/3987 1081/4091/3960
f 1083/4093/3962 1085/4096/3965 1067/4094/3963
f 1085/4096/3965 1084/4100/3991 1065/4097/3966
f 1086/4098/3967 1088/4111/3993 1070/4086/3968
f 1070/4086/3968 1088/4111/3993 1087/4099/3970
f 1089/4100/3972 1091/4096/3975 1073/4094/3973
f 1091/4096/3975 1090/4093/3995 1071/4095/3976
f 1092/4091/3977 1094/4101/3980 1076/4089/3978
f 1094/4101/3980 1093/4088/3998 1074/4090/3981
f 1077/4102/3982 1095/4114/4000 1097/4103/3983
f 1079/4085/3954 1097/4103/3983 1096/4104/3984
f 1098/4106/3986 1100/4107/3988 1082/4101/3987
f 1100/4107/3988 1099/4112/4004 1081/4091/3960
f 1083/4093/3962 1101/4119/4006 1103/4108/3989
f 1085/4096/3965 1103/4108/3989 1102/4109/3990
f 1086/4098/3967 1104/4122/4009 1106/4110/3992
f 1106/4110/3992 1105/4124/4011 1087/4099/3970
f 1089/4100/3972 1107/4109/4013 1109/4108/3994
f 1109/4108/3994 1108/4119/4015 1090/4093/3995
f 1110/4112/3996 1112/4107/3997 1094/4101/3980
f 1112/4107/3997 1111/4106/4018 1093/4088/3998
f 1113/4113/3999 1115/4115/4001 1097/4103/3983
f 1115/4115/4001 1114/5744/4021 1096/4104/3984
f 1116/4116/4002 1118/4117/4003 1100/4107/3988
f 1118/4117/4003 1117/4132/4024 1099/4112/4004
f 1119/4118/4005 1121/4134/4026 1103/4108/3989
f 1103/4108/3989 1121/4134/4026 1120/4120/4007
f 1122/4121/4008 1124/4123/4010 1106/4110/3992
f 1124/4123/4010 1123/4195/4029 1105/4124/4011
f 1125/4120/4012 1127/4134/4031 1109/4108/3994
f 1109/4108/3994 1127/4134/4031 1126/4118/4014
f 1110/4112/3996 1128/4132/4033 1130/4117/4016
f 1112/4107/3997 1130/4117/4016 1129/4116/4017
f 1131/4125/4019 1133/4144/4037 1115/4126/4001
f 1115/4126/4001 1133/4144/4037 1132/4128/4020
f 1134/4130/4022 1136/4142/4040 1118/4117/4003
f 1118/4117/4003 1136/4142/4040 1135/4131/4023
f 1119/4118/4005 1137/4141/4041 1139/4133/4025
f 1139/4133/4025 1138/4140/4044 1120/4120/4007
f 1140/4135/4027 1142/4138/4028 1124/4136/4010
f 1142/4138/4028 1141/4151/4047 1123/4139/4029
f 1143/4140/4030 1145/4133/4049 1127/4134/4031
f 1127/4134/4031 1145/4133/4049 1144/4141/4032
f 1128/4132/4033 1146/4131/4050 1148/4142/4034
f 1130/4117/4016 1148/4142/4034 1147/4130/4035
f 1149/4143/4036 1151/4145/4038 1133/4144/4037
f 1151/4145/4038 1150/4154/4054 1132/4128/4020
f 1134/4130/4022 1152/4156/4056 1154/4146/4039
f 1154/4146/4039 1153/4158/4058 1135/4131/4023
f 1137/4141/4041 1155/4160/4060 1157/4147/4042
f 1139/4133/4025 1157/4147/4042 1156/4148/4043
f 1158/4149/4045 1160/4150/4046 1142/4138/4028
f 1160/4150/4046 1159/4163/4063 1141/4151/4047
f 1143/4140/4030 1161/4148/4065 1163/4147/4048
f 1163/4147/4048 1162/4160/4067 1144/4141/4032
f 1146/4131/4050 1164/4158/4069 1166/4146/4051
f 1166/4146/4051 1165/4156/4071 1147/4130/4035
f 1167/4152/4052 1169/4153/4053 1151/4145/4038
f 1169/4153/4053 1168/4167/4074 1150/4154/4054
f 1170/4155/4055 1172/4157/4057 1154/4146/4039
f 1172/4157/4057 1171/4164/4077 1153/4158/4058
f 1173/4159/4059 1175/4171/4079 1157/4147/4042
f 1157/4147/4042 1175/4171/4079 1174/4161/4061
f 1158/4149/4045 1176/4174/4082 1178/4162/4062
f 1178/4162/4062 1177/4176/4084 1159/4163/4063
f 1179/4161/4064 1181/4171/4086 1163/4147/4048
f 1163/4147/4048 1181/4171/4086 1180/4159/4066
f 1182/4164/4068 1184/4157/4070 1166/4146/4051
f 1184/4157/4070 1183/4155/4089 1165/4156/4071
f 1185/4165/4072 1187/4166/4073 1169/4153/4053
f 1187/4166/4073 1186/4179/4091 1168/4167/4074
f 1170/4155/4055 1188/4177/4093 1190/4168/4075
f 1172/4157/4057 1190/4168/4075 1189/4169/4076
f 1191/4170/4078 1193/4172/4080 1175/4171/4079
f 1193/4172/4080 1192/4183/4096 1174/4161/4061
f 1194/4173/4081 1196/4185/4098 1178/4162/4062
f 1178/4162/4062 1196/4185/4098 1195/4175/4083
f 1179/4161/4064 1197/4183/4099 1199/4172/4085
f 1199/4172/4085 1198/4170/4101 1180/4159/4066
f 1182/4164/4068 1200/4169/4103 1202/4168/4087
f 1184/4157/4070 1202/4168/4087 1201/4177/4088
f 1185/4165/4072 1203/5745/4106 1205/4178/4090
f 1205/4178/4090 1204/5223/4108 1186/4179/4091
f 1206/4180/4092 1208/4190/4110 1190/4168/4075
f 1190/4168/4075 1208/4190/4110 1207/4181/4094
f 1191/4170/4078 1209/4192/4112 1211/4182/4095
f 1211/4182/4095 1210/4194/4114 1192/4183/4096
f 1194/4173/4081 1212/5225/4116 1214/4184/4097
f 1214/4184/4097 1213/5226/4118 1195/4175/4083
f 1197/4183/4099 1215/4194/4119 1217/4182/4100
f 1217/4182/4100 1216/4192/4121 1198/4170/4101
f 1218/4181/4102 1220/4190/4123 1202/4168/4087
f 1202/4168/4087 1220/4190/4123 1219/4180/4104
f 1221/4114/4105 1223/4103/4107 1205/4186/4090
f 1223/4103/4107 1222/4104/4126 1204/4188/4108
f 1224/4189/4109 1226/4198/4128 1208/4190/4110
f 1208/4190/4110 1226/4198/4128 1225/4191/4111
f 1209/4192/4112 1227/4200/4130 1229/4193/4113
f 1229/4193/4113 1228/4202/4132 1210/4194/4114
f 1230/4122/4115 1232/4110/4117 1214/4123/4097
f 1232/4110/4117 1231/4124/4134 1213/4195/4118
f 1215/4194/4119 1233/4202/4136 1235/4193/4120
f 1235/4193/4120 1234/4200/4138 1216/4192/4121
f 1236/4191/4122 1238/4198/4140 1220/4190/4123
f 1220/4190/4123 1238/4198/4140 1237/4189/4124
f 1221/4114/4105 1239/4204/4143 1241/4196/4125
f 1241/4196/4125 1240/4205/4145 1222/4104/4126
f 1242/4197/4127 1244/4207/4147 1226/4198/4128
f 1226/4198/4128 1244/4207/4147 1243/4199/4129
f 1227/4200/4130 1245/4210/4150 1247/4201/4131
f 1247/4201/4131 1246/4203/4152 1228/4202/4132
f 1230/4122/4115 1248/4098/4154 1250/4111/4133
f 1250/4111/4133 1249/4099/4155 1231/4124/4134
f 1251/4203/4135 1253/4201/4137 1235/4193/4120
f 1253/4201/4137 1252/4210/4158 1234/4200/4138
f 1254/4199/4139 1256/4207/4160 1238/4198/4140
f 1238/4198/4140 1256/4207/4160 1255/4197/4141
f 1257/4084/4142 1259/4086/3968 1241/4196/4125
f 1241/4196/4125 1259/4086/3968 1258/4087/4144
f 1242/4197/4127 1260/4216/4164 1262/4206/4146
f 1244/4207/4147 1262/4206/4146 1261/4208/4148
f 1263/4209/4149 1265/4212/4167 1247/4201/4131
f 1247/4201/4131 1265/4212/4167 1264/4211/4151
f 1266/4087/4153 1268/4086/3955 1250/4111/4133
f 1268/4086/3955 1267/4084/4170 1249/4099/4155
f 1269/4211/4156 1271/4212/4157 1253/4201/4137
f 1271/4212/4157 1270/4209/4172 1252/4210/4158
f 1272/4208/4159 1274/4206/4161 1256/4207/4160
f 1274/4206/4161 1273/4216/4175 1255/4197/4141
f 1275/4213/4162 1277/4214/3993 1259/4086/3968
f 1277/4214/3993 1276/4225/4177 1258/4087/4144
f 1278/4215/4163 1280/4222/4179 1262/4206/4146
f 1262/4206/4146 1280/4222/4179 1279/4217/4165
f 1281/4218/4166 1283/4219/4168 1265/4212/4167
f 1283/4219/4168 1282/4230/4183 1264/4211/4151
f 1266/4087/4153 1284/4231/4184 1286/4220/3954
f 1268/4086/3955 1286/4220/3954 1285/4221/4169
f 1269/4211/4156 1287/4230/4187 1289/4219/4171
f 1289/4219/4171 1288/4218/4189 1270/4209/4172
f 1272/4208/4159 1290/4217/4191 1292/4222/4173
f 1274/4206/4161 1292/4222/4173 1291/4215/4174
f 1293/4223/4176 1295/4224/3992 1277/4214/3993
f 1295/4224/3992 1294/4237/4194 1276/4225/4177
f 1296/4226/4178 1298/4227/4180 1280/4222/4179
f 1298/4227/4180 1297/4235/4197 1279/4217/4165
f 1281/4218/4166 1299/4234/4198 1301/4228/4181
f 1283/4219/4168 1301/4228/4181 1300/4229/4182
f 1284/4231/4184 1302/4241/4200 1304/4232/3983
f 1286/4220/3954 1304/4232/3983 1303/4233/4185
f 1305/4229/4186 1307/4228/4202 1289/4219/4171
f 1289/4219/4171 1307/4228/4202 1306/4234/4188
f 1308/4235/4190 1310/4227/4205 1292/4222/4173
f 1292/4222/4173 1310/4227/4205 1309/4226/4192
f 1293/4223/4176 1311/4289/4207 1313/4236/4193
f 1313/4236/4193 1312/4291/4209 1294/4237/4194
f 1296/4226/4178 1314/4248/4211 1316/4238/4195
f 1298/4227/4180 1316/4238/4195 1315/4239/4196
f 1299/4234/4198 1317/4243/4213 1319/4240/4199
f 1319/4240/4199 1318/4251/4215 1300/4229/4182
f 1302/4241/4200 1320/5243/4216 1322/4242/4001
f 1322/4242/4001 1321/5244/4217 1303/4233/4185
f 1305/4229/4186 1323/4251/4218 1325/4240/4201
f 1307/4228/4202 1325/4240/4201 1324/4243/4203
f 1308/4235/4190 1326/4239/4222 1328/4238/4204
f 1328/4238/4204 1327/4248/4224 1309/4226/4192
f 1329/4165/4206 1331/4166/4028 1313/4244/4193
f 1313/4244/4193 1331/4166/4028 1330/4179/4208
f 1332/4247/4210 1334/4249/4212 1316/4238/4195
f 1334/4249/4212 1333/4256/4227 1315/4239/4196
f 1317/4243/4213 1335/4255/4228 1337/4250/4214
f 1337/4250/4214 1336/4261/4230 1318/4251/4215
f 1320/4252/4216 1338/4173/4232 1340/4185/4037
f 1340/4185/4037 1339/4175/4234 1321/4254/4217
f 1323/4251/4218 1341/4261/4235 1343/4250/4219
f 1325/4240/4201 1343/4250/4219 1342/4255/4220
f 1344/4256/4221 1346/4249/4223 1328/4238/4204
f 1346/4249/4223 1345/4247/4239 1327/4248/4224
f 1347/4257/4225 1349/4258/4046 1331/4166/4028
f 1349/4258/4046 1348/4267/4241 1330/4179/4208
f 1332/4247/4210 1350/4265/4243 1352/4259/4226
f 1352/4259/4226 1351/4264/4245 1333/4256/4227
f 1335/4255/4228 1353/4271/4247 1355/4260/4229
f 1355/4260/4229 1354/4273/4249 1336/4261/4230
f 1356/4262/4231 1358/4274/4038 1340/4185/4037
f 1340/4185/4037 1358/4274/4038 1357/4263/4233
f 1341/4261/4235 1359/4273/4252 1361/4260/4236
f 1361/4260/4236 1360/4271/4254 1342/4255/4220
f 1362/4264/4237 1364/4259/4256 1346/4249/4223
f 1346/4249/4223 1364/4259/4256 1363/4265/4238
f 1365/4143/4240 1367/4266/4062 1349/4258/4046
f 1367/4266/4062 1366/4277/4259 1348/4267/4241
f 1368/4268/4242 1370/4269/4244 1352/4259/4226
f 1370/4269/4244 1369/4276/4262 1351/4264/4245
f 1371/4270/4246 1373/4272/4248 1355/4260/4229
f 1373/4272/4248 1372/4275/4264 1354/4273/4249
f 1374/4149/4250 1376/4150/4053 1358/4274/4038
f 1376/4150/4053 1375/4163/4267 1357/4263/4233
f 1377/4275/4251 1379/4272/4253 1361/4260/4236
f 1379/4272/4253 1378/4270/4270 1360/4271/4254
f 1380/4276/4255 1382/4269/4257 1364/4259/4256
f 1382/4269/4257 1381/4268/4273 1363/4265/4238
f 1365/4143/4240 1383/4125/4274 1385/4144/4098
f 1367/4266/4062 1385/4144/4098 1384/4128/4258
f 1386/4278/4260 1388/4279/4261 1370/4269/4244
f 1388/4279/4261 1387/4282/4276 1369/4276/4262
f 1371/4270/4246 1389/4285/4278 1391/4280/4263
f 1391/4280/4263 1390/4281/4280 1372/4275/4264
f 1392/4135/4265 1394/4138/4073 1376/4150/4053
f 1376/4150/4053 1394/4138/4073 1393/4151/4266
f 1395/4281/4268 1397/4280/4269 1379/4272/4253
f 1397/4280/4269 1396/4285/4284 1378/4270/4270
f 1398/4282/4271 1400/4279/4272 1382/4269/4257
f 1400/4279/4272 1399/4278/4287 1381/4268/4273
f 1383/4125/4274 1401/5746/4288 1403/4126/4097
f 1403/4126/4097 1402/5260/4289 1384/4128/4258
f 1386/4278/4260 1404/4288/4291 1406/4283/4275
f 1406/4283/4275 1405/4294/4293 1387/4282/4276
f 1407/4284/4277 1409/4287/4295 1391/4280/4263
f 1391/4280/4263 1409/4287/4295 1408/4286/4279
f 1410/4137/4281 1412/5747/4297 1394/4138/4073
f 1394/4138/4073 1412/5747/4297 1411/4139/4282
f 1395/4281/4268 1413/4286/4300 1415/4287/4283
f 1415/4287/4283 1414/4284/4302 1396/4285/4284
f 1398/4282/4271 1416/4294/4304 1418/4283/4285
f 1400/4279/4272 1418/4283/4285 1417/4288/4286
f 1401/4289/4288 1419/4302/4307 1421/4290/4117
f 1421/4290/4117 1420/4304/4309 1402/4291/4289
f 1422/4292/4290 1424/4293/4292 1406/4283/4275
f 1424/4293/4292 1423/4300/4312 1405/4294/4293
f 1407/4284/4277 1425/4308/4314 1427/4295/4294
f 1427/4295/4294 1426/4299/4316 1408/4286/4279
f 1428/4241/4296 1430/4311/4107 1412/4296/4297
f 1412/4296/4297 1430/4311/4107 1429/4233/4298
f 1431/4299/4299 1433/4295/4301 1415/4287/4283
f 1433/4295/4301 1432/4308/4319 1414/4284/4302
f 1434/4300/4303 1436/4293/4305 1418/4283/4285
f 1436/4293/4305 1435/4292/4321 1417/4288/4286
f 1437/4301/4306 1439/4313/4133 1421/4290/4117
f 1421/4290/4117 1439/4313/4133 1438/4303/4308
f 1440/4305/4310 1442/4306/4311 1424/4293/4292
f 1442/4306/4311 1441/4314/4322 1423/4300/4312
f 1443/4307/4313 1445/4312/4323 1427/4295/4294
f 1427/4295/4294 1445/4312/4323 1444/4309/4315
f 1428/4241/4296 1446/4316/4325 1448/4310/4125
f 1448/4310/4125 1447/4315/4324 1429/4233/4298
f 1449/4309/4317 1451/4312/4318 1433/4295/4301
f 1451/4312/4318 1450/4307/4326 1432/4308/4319
f 1434/4300/4303 1452/4314/5261 1454/4306/4320
f 1454/4306/4320 1453/4305/4327 1435/4292/4321
f 1059/4087/3956 1438/4303/4308 1439/4313/4133
f 1061/4086/3955 1439/4313/4133 1437/4301/4306
f 1441/4314/4322 1442/4306/4311 1064/4089/3958
f 1064/4089/3958 1442/4306/4311 1440/4305/4310
f 1065/4097/3966 1444/4309/4315 1445/4312/4323
f 1445/4312/4323 1443/4307/4313 1066/4095/3964
f 1447/4315/4324 1448/4310/4125 1070/4086/3968
f 1070/4086/3968 1448/4310/4125 1446/4316/4325
f 1450/4307/4326 1451/4312/4318 1073/4094/3973
f 1073/4094/3973 1451/4312/4318 1449/4309/4317
f 1453/4305/4327 1454/4306/4320 1076/4089/3978
f 1454/4306/4320 1452/4314/5261 1075/4092/3979
f 1456/4317/4328 1473/4333/4353 1475/4318/4329
f 1475/4318/4329 1474/4336/4356 1455/4320/4330
f 1476/4321/4331 1478/4332/4358 1460/4322/4332
f 1460/4322/4332 1478/4332/4358 1477/4324/4334
f 1462/4326/4336 1479/4340/4361 1481/4327/4337
f 1481/4327/4337 1480/4342/4363 1461/4329/4339
f 1482/4330/4340 1484/4344/4365 1466/4319/3968
f 1466/4319/3968 1484/4344/4365 1483/4331/4342
f 1468/4329/4344 1485/4342/4368 1487/4327/4345
f 1487/4327/4345 1486/4340/4370 1467/4326/4347
f 1488/4324/4348 1490/4332/4351 1472/4322/4349
f 1490/4332/4351 1489/4321/4373 1470/4323/4352
f 1473/4333/4353 1491/4409/4375 1493/4334/4354
f 1475/4318/4329 1493/4334/4354 1492/4335/4355
f 1494/4337/4357 1496/4338/4359 1478/4332/4358
f 1496/4338/4359 1495/4347/4379 1477/4324/4334
f 1497/4339/4360 1499/4341/4362 1481/4327/4337
f 1499/4341/4362 1498/4346/4382 1480/4342/4363
f 1500/4343/4364 1502/4416/4384 1484/4344/4365
f 1484/4344/4365 1502/4416/4384 1501/4345/4366
f 1503/4346/4367 1505/4341/4369 1487/4327/4345
f 1505/4341/4369 1504/4339/4387 1486/4340/4370
f 1506/4347/4371 1508/4338/4389 1490/4332/4351
f 1490/4332/4351 1508/4338/4389 1507/4337/4372
f 1509/4348/4374 1511/4363/4392 1493/4349/4354
f 1493/4349/4354 1511/4363/4392 1510/4351/4376
f 1494/4337/4357 1512/4366/4395 1514/4353/4377
f 1496/4338/4359 1514/4353/4377 1513/4354/4378
f 1497/4339/4360 1515/4368/4397 1517/4355/4380
f 1499/4341/4362 1517/4355/4380 1516/4356/4381
f 1518/4357/4383 1520/4372/4401 1502/4358/4384
f 1502/4358/4384 1520/4372/4401 1519/4360/4385
f 1503/4346/4367 1521/4356/4403 1523/4355/4386
f 1523/4355/4386 1522/4368/4406 1504/4339/4387
f 1524/4354/4388 1526/4353/4390 1508/4338/4389
f 1526/4353/4390 1525/4366/4409 1507/4337/4372
f 1527/4362/4391 1529/4377/4411 1511/4363/4392
f 1511/4363/4392 1529/4377/4411 1528/4364/4393
f 1530/4365/4394 1532/4367/4396 1514/4353/4377
f 1532/4367/4396 1531/4375/4414 1513/4354/4378
f 1515/4368/4397 1533/4374/4416 1535/4369/4398
f 1517/4355/4380 1535/4369/4398 1534/4370/4399
f 1536/4371/4400 1538/4383/4419 1520/4372/4401
f 1520/4372/4401 1538/4383/4419 1537/4373/4402
f 1521/4356/4403 1539/4370/4422 1541/4369/4404
f 1523/4355/4386 1541/4369/4404 1540/4374/4405
f 1542/4375/4407 1544/4367/4408 1526/4353/4390
f 1544/4367/4408 1543/4365/4426 1525/4366/4409
f 1527/4362/4391 1545/4388/4428 1547/4376/4410
f 1529/4377/4411 1547/4376/4410 1546/4378/4412
f 1530/4365/4394 1548/4390/4430 1550/4379/4413
f 1550/4379/4413 1549/4386/4433 1531/4375/4414
f 1551/4380/4415 1553/4381/4417 1535/4369/4398
f 1553/4381/4417 1552/4385/4436 1534/4370/4399
f 1554/4382/4418 1556/4384/4420 1538/4383/4419
f 1556/4384/4420 1555/4396/4438 1537/4373/4402
f 1557/4385/4421 1559/4381/4423 1541/4369/4404
f 1559/4381/4423 1558/4380/4441 1540/4374/4405
f 1560/4386/4424 1562/4379/4425 1544/4367/4408
f 1562/4379/4425 1561/4390/4444 1543/4365/4426
f 1563/4387/4427 1565/4400/4446 1547/4376/4410
f 1547/4376/4410 1565/4400/4446 1564/4389/4429
f 1548/4390/4430 1566/4398/4447 1568/4391/4431
f 1550/4379/4413 1568/4391/4431 1567/4392/4432
f 1569/4393/4434 1571/4397/4451 1553/4381/4417
f 1553/4381/4417 1571/4397/4451 1570/4394/4435
f 1554/4382/4418 1572/4406/4454 1574/4395/4437
f 1574/4395/4437 1573/4408/4456 1555/4396/4438
f 1575/4394/4439 1577/4397/4440 1559/4381/4423
f 1577/4397/4440 1576/4393/4459 1558/4380/4441
f 1560/4386/4424 1578/4392/4460 1580/4391/4442
f 1562/4379/4425 1580/4391/4442 1579/4398/4443
f 1563/4387/4427 1581/5748/4463 1583/4399/4445
f 1583/4399/4445 1582/5749/4465 1564/4389/4429
f 1566/4398/4447 1584/4410/4466 1586/4401/4448
f 1568/4391/4431 1586/4401/4448 1585/4402/4449
f 1587/4403/4450 1589/4404/4452 1571/4397/4451
f 1589/4404/4452 1588/4415/4471 1570/4394/4435
f 1590/4405/4453 1592/5750/4473 1574/4395/4437
f 1574/4395/4437 1592/5750/4473 1591/4407/4455
f 1575/4394/4439 1593/4415/4475 1595/4404/4457
f 1577/4397/4440 1595/4404/4457 1594/4403/4458
f 1578/4392/4460 1596/4402/4478 1598/4401/4461
f 1598/4401/4461 1597/4410/4480 1579/4398/4443
f 1599/4333/4462 1601/4318/4464 1583/4334/4445
f 1601/4318/4464 1600/4336/4483 1582/4335/4465
f 1584/4410/4466 1602/4418/4485 1604/4411/4467
f 1586/4401/4448 1604/4411/4467 1603/4412/4468
f 1605/4413/4469 1607/4417/4488 1589/4404/4452
f 1589/4404/4452 1607/4417/4488 1606/4414/4470
f 1590/4343/4453 1608/4330/4490 1610/4344/4472
f 1610/4344/4472 1609/4331/4491 1591/4345/4455
f 1611/4414/4474 1613/4417/4476 1595/4404/4457
f 1613/4417/4476 1612/4413/4494 1594/4403/4458
f 1614/4412/4477 1616/4411/4496 1598/4401/4461
f 1598/4401/4461 1616/4411/4496 1615/4418/4479
f 1617/4317/4481 1619/4319/3968 1601/4318/4464
f 1601/4318/4464 1619/4319/3968 1618/4320/4482
f 1620/4419/4484 1622/4423/4499 1604/4411/4467
f 1604/4411/4467 1622/4423/4499 1621/4420/4486
f 1605/4413/4469 1623/4428/4502 1625/4421/4487
f 1607/4417/4488 1625/4421/4487 1624/4422/4489
f 1608/4330/4490 1626/4320/4505 1628/4319/3955
f 1628/4319/3955 1627/4317/4507 1609/4331/4491
f 1629/4422/4492 1631/4421/4493 1613/4417/4476
f 1631/4421/4493 1630/4428/4510 1612/4413/4494
f 1632/4420/4495 1634/4423/4497 1616/4411/4496
f 1634/4423/4497 1633/4419/4513 1615/4418/4479
f 1617/4317/4481 1635/4434/4514 1637/4424/4365
f 1637/4424/4365 1636/4437/4516 1618/4320/4482
f 1620/4419/4484 1638/4433/4517 1640/4425/4498
f 1622/4423/4499 1640/4425/4498 1639/4426/4500
f 1641/4427/4501 1643/4429/4503 1625/4421/4487
f 1643/4429/4503 1642/4432/4520 1624/4422/4489
f 1644/4430/4504 1646/4441/4329 1628/4319/3955
f 1628/4319/3955 1646/4441/4329 1645/4431/4506
f 1647/4432/4508 1649/4429/4524 1631/4421/4493
f 1631/4421/4493 1649/4429/4524 1648/4427/4509
f 1650/4426/4511 1652/4425/4527 1634/4423/4497
f 1634/4423/4497 1652/4425/4527 1651/4433/4512
f 1635/4434/4514 1653/5751/4529 1655/4435/4384
f 1637/4424/4365 1655/4435/4384 1654/4436/4515
f 1638/4433/4517 1656/4444/4531 1658/4438/4518
f 1658/4438/4518 1657/4450/4533 1639/4426/4500
f 1641/4427/4501 1659/4443/4534 1661/4439/4519
f 1661/4439/4519 1660/4453/4537 1642/4432/4520
f 1662/4440/4521 1664/4493/4354 1646/4441/4329
f 1646/4441/4329 1664/4493/4354 1663/4442/4522
f 1647/4432/4508 1665/4453/4539 1667/4439/4523
f 1649/4429/4524 1667/4439/4523 1666/4443/4525
f 1650/4426/4511 1668/4450/4542 1670/4438/4526
f 1652/4425/4527 1670/4438/4526 1669/4444/4528
f 1653/4445/4529 1671/4387/4544 1673/4400/4401
f 1673/4400/4401 1672/4389/4545 1654/4447/4515
f 1674/4448/4530 1676/4458/4547 1658/4438/4518
f 1658/4438/4518 1676/4458/4547 1675/4449/4532
f 1659/4443/4534 1677/4461/4550 1679/4451/4535
f 1661/4439/4519 1679/4451/4535 1678/4452/4536
f 1662/4454/4521 1680/4406/4553 1682/4395/4392
f 1664/4455/4354 1682/4395/4392 1681/4408/4538
f 1665/4453/4539 1683/4452/4556 1685/4451/4540
f 1685/4451/4540 1684/4461/4558 1666/4443/4525
f 1686/4449/4541 1688/4458/4560 1670/4438/4526
f 1670/4438/4526 1688/4458/4560 1687/4448/4543
f 1671/4387/4544 1689/4464/4563 1691/4376/4419
f 1691/4376/4419 1690/4378/4564 1672/4389/4545
f 1692/4457/4546 1694/4466/4566 1676/4458/4547
f 1676/4458/4547 1694/4466/4566 1693/4459/4548
f 1695/4460/4549 1697/4468/4568 1679/4451/4535
f 1679/4451/4535 1697/4468/4568 1696/4462/4551
f 1698/4382/4552 1700/4384/4411 1682/4395/4392
f 1682/4395/4392 1700/4384/4411 1699/4396/4554
f 1701/4462/4555 1703/4468/4573 1685/4451/4540
f 1685/4451/4540 1703/4468/4573 1702/4460/4557
f 1704/4459/4559 1706/4466/4575 1688/4458/4560
f 1688/4458/4560 1706/4466/4575 1705/4457/4561
f 1707/4463/4562 1709/4377/4420 1691/4376/4419
f 1709/4377/4420 1708/4473/4579 1690/4378/4564
f 1692/4457/4546 1710/4472/4581 1712/4465/4565
f 1712/4465/4565 1711/4471/4583 1693/4459/4548
f 1713/4467/4567 1715/4469/4569 1697/4468/4568
f 1715/4469/4569 1714/4478/4586 1696/4462/4551
f 1716/4470/4570 1718/4383/4571 1700/4384/4411
f 1718/4383/4571 1717/4479/4587 1699/4396/4554
f 1701/4462/4555 1719/4478/4588 1721/4469/4572
f 1721/4469/4572 1720/4467/4590 1702/4460/4557
f 1722/4471/4574 1724/4465/4592 1706/4466/4575
f 1706/4466/4575 1724/4465/4592 1723/4472/4576
f 1725/4348/4577 1727/4363/4437 1709/4377/4420
f 1709/4377/4420 1727/4363/4437 1726/4351/4578
f 1728/4474/4580 1730/4475/4582 1712/4465/4565
f 1730/4475/4582 1729/4482/4595 1711/4471/4583
f 1731/4476/4584 1733/4477/4585 1715/4469/4569
f 1733/4477/4585 1732/4484/4597 1714/4478/4586
f 1716/4470/4570 1734/4357/4598 1736/4372/4446
f 1736/4372/4446 1735/4360/4599 1717/4479/4587
f 1719/4478/4588 1737/4484/4601 1739/4477/4589
f 1739/4477/4589 1738/4476/4603 1720/4467/4590
f 1722/4471/4574 1740/4482/4604 1742/4475/4591
f 1742/4475/4591 1741/4474/4607 1723/4472/4576
f 1725/4348/4577 1743/4350/4609 1745/4349/4473
f 1745/4349/4473 1744/4352/4611 1726/4351/4578
f 1746/4480/4593 1748/4481/4594 1730/4475/4582
f 1748/4481/4594 1747/4491/4614 1729/4482/4595
f 1731/4476/4584 1749/4486/4615 1751/4483/4596
f 1751/4483/4596 1750/4485/4617 1732/4484/4597
f 1734/4357/4598 1752/4359/4618 1754/4358/4445
f 1754/4358/4445 1753/4361/4619 1735/4360/4599
f 1755/4485/4600 1757/4483/4621 1739/4477/4589
f 1739/4477/4589 1757/4483/4621 1756/4486/4602
f 1740/4482/4604 1758/4491/4622 1760/4481/4605
f 1742/4475/4591 1760/4481/4605 1759/4480/4606
f 1761/4434/4608 1763/4424/4472 1745/4435/4473
f 1745/4435/4473 1763/4424/4472 1762/4437/4610
f 1746/4480/4593 1764/4494/4625 1766/4489/4612
f 1748/4481/4594 1766/4489/4612 1765/4490/4613
f 1749/4486/4615 1767/4495/5262 1769/4492/4616
f 1769/4492/4616 1768/5752/5263 1750/4485/4617
f 1752/4440/4618 1770/4430/4627 1772/4441/4464
f 1772/4441/4464 1771/4431/4626 1753/4442/4619
f 1755/4485/4600 1773/5752/5264 1775/4492/4620
f 1775/4492/4620 1774/4495/4628 1756/4486/4602
f 1758/4491/4622 1776/4490/5265 1778/4489/4623
f 1760/4481/4605 1778/4489/4623 1777/4494/4624
f 1762/4437/4610 1763/4424/4472 1457/4319/3955
f 1763/4424/4472 1761/4434/4608 1456/4317/4328
f 1765/4490/4613 1766/4489/4612 1460/4322/4332
f 1460/4322/4332 1766/4489/4612 1764/4494/4625
f 1461/4329/4339 1768/5752/5263 1769/4492/4616
f 1769/4492/4616 1767/4495/5262 1462/4326/4336
f 1771/4431/4626 1772/4441/4464 1466/4319/3968
f 1466/4319/3968 1772/4441/4464 1770/4430/4627
f 1774/4495/4628 1775/4492/4620 1469/4328/4346
f 1775/4492/4620 1773/5752/5264 1468/4329/4344
f 1777/4494/4624 1778/4489/4623 1472/4322/4349
f 1778/4489/4623 1776/4490/5265 1471/4325/4350
f 1779/970/973 1785/972/975 1796/993/4629
f 1785/1001/4630 1781/976/979 1794/989/994
f 1786/979/982 1792/981/984 1784/992/4631
f 1784/978/981 1792/1009/4687 1788/983/988
f 1800/986/1000 1806/993/1002 1791/972/4632
f 1806/1016/4633 1802/995/1006 1788/983/988
f 1801/979/1003 1795/973/997 1798/992/999
f 1798/1014/4635 1794/989/994 1802/995/1006
f 1793/986/991 1799/988/993 1824/1015/4636
f 1799/975/4637 1795/973/997 1822/1002/1030
f 1828/1010/1036 1834/1015/1038 1803/988/4638
f 1834/1008/4639 1830/1006/1042 1801/979/1003
f 1829/995/1039 1823/989/1033 1826/1014/1035
f 1826/1004/4641 1822/1002/1030 1830/1006/1042
f 1821/1010/1027 1827/1012/1029 1810/1005/4642
f 1827/991/4643 1823/989/1033 1808/976/1012
f 1814/998/1018 1820/1005/1020 1831/1012/4644
f 1820/985/4645 1816/983/1024 1829/995/1039
f 1815/1006/1021 1809/1002/1015 1812/1004/1017
f 1812/978/4647 1808/976/1012 1816/983/1024
f 1807/998/1009 1813/1000/1011 1782/982/4648
f 1813/1013/4649 1809/1002/1015 1780/973/976
f 1787/970/985 1789/982/987 1817/1000/4650
f 1789/994/4651 1786/979/982 1815/1006/1021
f 1849/1032/1063 1835/1018/1045 1841/1020/1047
f 1841/1200/4653 1837/1024/1051 1850/4496/1066
f 1842/1026/1054 1848/1028/1056 1840/1025/4654
f 1840/1025/1053 1848/1028/4691 1844/1030/1060
f 1856/1032/1072 1862/1040/1074 1847/1020/4655
f 1847/1031/1062 1862/4529/5322 1858/4498/1078
f 1857/1041/1075 1851/1038/1069 1854/1039/1071
f 1854/1039/4657 1850/1035/1066 1858/1044/1078
f 1877/1060/1099 1849/1032/1063 1855/1034/1065
f 1880/4499/1104 1855/1077/4695 1851/1038/1069
f 1856/1032/1072 1884/1060/1108 1890/1068/1110
f 1859/1043/1077 1890/4518/4696 1886/4501/1114
f 1885/1069/1111 1879/1066/1105 1882/1067/1107
f 1882/1067/4661 1878/1063/1102 1886/1072/1114
f 1863/1046/1081 1877/1060/1099 1883/1062/1101
f 1883/1208/4663 1879/1066/1105 1864/4502/1084
f 1884/1060/1108 1870/1046/1090 1876/1054/1092
f 1887/1071/1113 1876/4531/5323 1872/4504/1096
f 1871/1055/1093 1865/1052/1087 1868/1053/1089
f 1868/1053/4666 1864/1049/1084 1872/1058/1096
f 1835/1018/1045 1863/1046/1081 1869/1048/1083
f 1838/4505/1050 1869/1114/4690 1865/1052/1087
f 1843/1018/1057 1845/1029/1059 1873/1048/4668
f 1845/4507/4669 1842/4513/1054 1871/1055/1093
f 1905/1081/1135 1891/1074/1117 1897/1076/1119
f 1897/4509/4671 1893/5312/1123 1906/1084/1138
f 1898/1041/1126 1904/1045/1128 1896/1039/4672
f 1896/1039/1125 1904/1045/5324 1900/1044/1132
f 1912/1081/1144 1918/1090/1146 1903/1076/4673
f 1903/4510/1134 1918/1155/4700 1914/1094/1150
f 1907/1087/1141 1910/1088/1143 1917/1095/4674
f 1917/1095/1152 1910/1088/5325 1906/1084/1138
f 1905/1081/1135 1911/1083/1137 1936/1116/4675
f 1936/1114/1176 1911/5753/5326 1907/4506/1141
f 1912/1081/1144 1940/1111/1180 1946/1116/1182
f 1946/1057/4677 1942/1055/1186 1913/4513/1147
f 1941/1058/1183 1935/1049/1177 1938/1053/1179
f 1938/1053/4679 1934/1052/1174 1942/1055/1186
f 1919/1096/1153 1933/1111/1171 1939/1113/1173
f 1922/1101/1158 1939/4524/5329 1935/4515/1177
f 1926/1096/1162 1932/1105/1164 1943/1113/4681
f 1943/4516/1185 1932/5486/5328 1928/1109/1168
f 1927/1106/1165 1921/1102/1159 1924/1103/1161
f 1924/1103/4683 1920/1099/1156 1928/1109/1168
f 1919/1096/1153 1925/1098/1155 1894/1079/4684
f 1894/1077/1122 1925/4499/5327 1921/4500/1159
f 1926/1096/1162 1899/1074/1129 1901/1079/1131
f 1901/1043/4686 1898/1041/1126 1927/4501/1165
f 1947/1118/1027 1953/1120/1029 1964/1132/4642
f 1953/991/4643 1949/989/1033 1962/976/1012
f 1954/1124/1042 1960/1126/1044 1952/1131/4641
f 1952/1014/1035 1960/997/4640 1956/995/1039
f 1968/1128/1018 1974/1132/1020 1959/1120/4644
f 1974/985/4645 1970/983/1024 1956/995/1039
f 1969/1124/1021 1963/1121/1015 1966/1131/1017
f 1966/978/4647 1962/976/1012 1970/983/1024
f 1961/1128/1009 1967/1130/1011 1992/1148/4648
f 1967/1123/4649 1963/1121/1015 1990/1137/976
f 1996/1144/985 2002/1148/987 1971/1130/4650
f 2002/1143/4651 1998/1141/982 1969/1124/1021
f 1997/983/988 1991/976/979 1994/978/981
f 1994/1139/4631 1990/1137/976 1998/1141/982
f 1989/1144/973 1995/1146/975 1978/1140/4629
f 1995/1001/4630 1991/976/979 1976/989/994
f 1982/1134/1000 1988/1140/1002 1999/1146/4632
f 1988/1016/4633 1984/995/1006 1997/983/988
f 1983/1141/1003 1977/1137/997 1980/1139/999
f 1980/1014/4635 1976/989/994 1984/995/1006
f 1975/1134/991 1981/1136/993 1950/1127/4636
f 1981/1147/4637 1977/1137/997 1948/1121/1030
f 1955/1118/1036 1957/1127/1038 1985/1136/4638
f 1957/1133/4639 1954/1124/1042 1983/1141/1003
f 2003/1150/1099 2009/1152/1101 2020/1164/4688
f 2020/4509/1196 2009/1086/4663 2005/1084/1105
f 2010/1091/1114 2016/1095/1192 2008/1088/4661
f 2008/1088/1107 2016/1095/4660 2012/1094/1111
f 2011/1150/1108 2024/1156/1090 2030/1164/1092
f 2015/1155/1195 2030/4510/5330 2026/4511/1096
f 2025/1165/1093 2019/1162/1087 2022/1163/1089
f 2022/1163/4689 2018/1159/1084 2026/1168/1096
f 2045/1184/1045 2017/1156/1081 2023/1158/1083
f 2023/1194/4690 2019/1162/1087 2046/4520/1048
f 2052/1184/1057 2058/1188/1059 2027/1158/4668
f 2058/4522/4669 2054/4532/1054 2025/1165/1093
f 2053/1109/1060 2047/1099/1051 2050/1103/1053
f 2050/1103/4692 2046/1102/1048 2054/1106/1054
f 2031/1170/1063 2045/1184/1045 2051/1186/1047
f 2051/1101/4693 2047/1099/1051 2032/4523/1066
f 2038/1170/1072 2044/1178/1074 2055/1186/4655
f 2055/1190/1062 2044/4516/5331 2040/4525/1078
f 2039/1179/1075 2033/1176/1069 2036/1177/1071
f 2036/1177/4694 2032/1173/1066 2040/1182/1078
f 2031/1170/1063 2037/1172/1065 2006/1154/4658
f 2037/1214/4695 2033/1176/1069 2004/4526/1102
f 2011/1150/1108 2013/1154/1110 2041/1172/4659
f 2013/4528/4696 2010/4530/1114 2039/1179/1075
f 2059/1191/1171 2065/1193/1205 2076/1202/4680
f 2076/1200/1158 2065/4497/5332 2061/4496/1177
f 2066/1165/1186 2072/1169/1188 2064/1163/4679
f 2064/1163/1206 2072/1169/5333 2068/1168/1183
f 2067/1191/1180 2080/1197/1162 2086/1202/1164
f 2086/1031/4697 2082/1030/1168 2068/4498/1183
f 2081/1203/1165 2075/1201/1159 2078/1025/1161
f 2078/1025/4683 2074/1024/1156 2082/1030/1168
f 2101/1211/1117 2073/1197/1153 2079/1199/1155
f 2104/1214/1122 2079/4527/5327 2075/4526/1159
f 2080/1197/1162 2108/1211/1129 2114/1215/1131
f 2114/1181/4686 2110/1179/1126 2081/4530/1165
f 2109/1182/1132 2103/1173/1123 2106/1177/1223
f 2106/1177/4672 2102/1176/1120 2110/1179/1126
f 2101/1211/1117 2107/1213/1119 2090/1209/4670
f 2090/1208/1216 2107/4503/4671 2103/4502/1123
f 2108/1211/1129 2094/1205/1219 2100/1209/1146
f 2100/1071/4700 2096/1069/1150 2109/4504/1132
f 2095/1072/1147 2089/1063/1141 2092/1067/1218
f 2092/1067/4702 2088/1066/1138 2096/1069/1150
f 2059/1191/1171 2087/1205/1135 2093/1207/1214
f 2062/1194/1176 2093/4521/5334 2089/4520/1141
f 2094/1205/1219 2067/1191/1180 2069/1195/1182
f 2069/1167/4677 2066/1165/1186 2095/4532/1147
f 2817/4689/2026 2830/2029/2041 2832/2030/2043
f 2832/2030/4870 2829/2026/2038 2815/2011/2020
f 2838/4690/2053 2823/2022/2032 2825/2023/2034
f 2825/2023/4872 2822/2019/2029 2836/4692/2047
f 2816/2014/2023 2824/2024/2035 2827/2025/2037
f 2827/2025/4874 2823/2022/2032 2817/2017/2026
f 2831/2031/2044 2834/2033/2046 2841/2040/4875
f 2841/2040/2055 2834/2033/5401 2830/4693/2041
f 2831/2031/2044 2844/2044/2059 2846/2046/2061
f 2846/4695/4877 2843/5761/2056 2829/2026/2038
f 2852/2054/2071 2837/2037/2050 2839/2038/2052
f 2839/2038/4879 2836/2034/2047 2850/4697/2065
f 2845/2047/2062 2848/2048/2064 2855/4698/4880
f 2855/2056/2073 2848/5582/5402 2844/2044/2059
f 2858/2060/2077 2860/2061/2079 2849/2043/4881
f 2849/2043/2058 2860/2061/5403 2857/2057/2074
f 2851/2052/2068 2853/2053/2070 2870/2067/4882
f 2853/2053/4883 2850/2049/2065 2864/2065/2083
f 2859/4700/2080 2862/5762/2082 2869/2071/4884
f 2869/4701/2091 2862/5584/5404 2858/2060/2077
f 2859/2062/2080 2872/2075/2095 2874/2076/2097
f 2863/4703/2076 2874/2076/5405 2871/2072/2092
f 2880/2085/2107 2865/2068/2086 2867/2069/2088
f 2867/2069/4887 2864/2065/2083 2878/2079/2101
f 2873/2077/2098 2876/2078/2100 2883/4705/4888
f 2883/4705/2109 2876/2078/5406 2872/2075/2095
f 2816/4708/2023 2818/5763/2025 2877/2074/4889
f 2877/4709/2094 2818/5578/5400 2815/2011/2020
f 2879/2082/2104 2881/2084/2106 2828/2021/4890
f 2828/2021/2031 2881/2084/5407 2878/4711/2101
f 2957/2177/2206 2970/2189/2221 2972/2190/2223
f 2961/2173/2202 2972/2190/5415 2969/2186/2218
f 2978/4733/2233 2963/2182/2212 2965/2183/2214
f 2965/2183/4913 2962/2179/2209 2976/4735/2227
f 2956/4736/2203 2964/2184/2215 2967/2185/2217
f 2967/2185/4915 2963/2182/2212 2957/4738/2206
f 2971/2191/2224 2974/2193/2226 2981/2200/4916
f 2981/2200/2235 2974/2193/5416 2970/4739/2221
f 2971/2191/2224 2984/2204/2239 2986/2206/2241
f 2975/2188/2220 2986/5765/5417 2983/4741/2236
f 2992/2214/2251 2977/2197/2230 2979/2198/2232
f 2979/2198/4919 2976/2194/2227 2990/4743/2245
f 2985/2207/2242 2988/2208/2244 2995/4744/4920
f 2995/2216/2253 2988/5603/5418 2984/2204/2239
f 2998/2220/2257 3000/2221/2259 2989/2203/4921
f 2989/2203/2238 3000/2221/4946 2997/2217/2254
f 2991/2212/2248 2993/2213/2250 3010/2227/4922
f 3010/2227/2265 2993/2213/4948 2990/2209/2245
f 2999/4746/2260 3002/5766/2262 3009/2231/4923
f 3009/4747/2271 3002/5605/5419 2998/2220/2257
f 2999/2222/2260 3012/2235/2275 3014/2236/2277
f 3014/2236/4925 3011/2232/2272 2997/4750/2254
f 3020/2245/2287 3005/2228/2266 3007/2229/2268
f 3007/2229/4927 3004/2225/2263 3018/2239/2281
f 3013/2237/2278 3016/2238/2280 3023/4751/4928
f 3023/4751/2289 3016/2238/5420 3012/2235/2275
f 3013/2237/2278 2956/2174/2203 2958/2176/2205
f 3017/4754/2274 2958/5598/5414 2955/2171/2200
f 2964/2184/2215 3019/2242/2284 3021/2244/2286
f 3021/2244/4931 3018/5767/2281 2962/2179/2209
f 3097/2337/2206 3110/2349/2314 3112/2350/2316
f 3101/2333/2309 3112/2350/5415 3109/2346/2218
f 3103/2342/2212 3105/2343/2313 3122/4780/4941
f 3122/4780/2319 3105/2343/4913 3102/2339/2209
f 3096/4783/2203 3104/2344/2215 3107/2345/2217
f 3107/2345/4943 3103/2342/2212 3097/4785/2206
f 3111/2351/2317 3114/2353/2226 3121/2360/4916
f 3121/2360/2235 3114/2353/5416 3110/4786/2314
f 3111/2351/2317 3124/2364/2239 3126/2366/2241
f 3126/4788/4945 3123/5769/2236 3109/2346/2218
f 3132/2374/2251 3117/2357/2230 3119/2358/2232
f 3119/2358/4919 3116/2354/2318 3130/4790/2323
f 3125/2367/2321 3128/2368/2244 3135/4791/4920
f 3135/2376/2253 3128/5621/5418 3124/2364/2239
f 3125/2367/2321 3138/2380/2257 3140/2381/2259
f 3140/2381/4946 3137/2377/2254 3123/2361/2236
f 3131/2372/2248 3133/2373/2324 3150/2387/4947
f 3133/2373/4948 3130/2369/2323 3144/2385/2263
f 3139/4793/2260 3142/5770/2262 3149/2391/4949
f 3149/4794/2271 3142/5623/5419 3138/2380/2257
f 3139/2382/2260 3152/2395/2275 3154/2396/2329
f 3154/2396/4950 3151/2392/2327 3137/4797/2254
f 3145/2388/2326 3147/2389/2268 3164/2401/4926
f 3164/2401/2283 3147/2389/5424 3144/2385/2263
f 3153/2397/2330 3156/2398/2332 3163/4798/4928
f 3163/4798/2289 3156/2398/5420 3152/2395/2275
f 3096/2334/2203 3098/2336/2311 3157/2394/4929
f 3157/4801/2328 3098/5616/5423 3095/2331/2200
f 3104/2344/2215 3159/2402/2284 3161/2404/2286
f 3161/2404/4951 3158/5771/2281 3102/2339/2209
f 3237/4825/2351 3250/2510/2041 3252/2511/2043
f 3252/2511/4870 3249/2507/2357 3235/2492/2020
f 3258/4826/2053 3243/2503/2032 3245/2504/2356
f 3245/2504/4872 3242/2500/2353 3256/4828/2047
f 3236/2495/2023 3244/2505/2035 3247/2506/2037
f 3247/2506/4874 3243/2503/2032 3237/2498/2351
f 3251/2512/2044 3254/2514/2360 3261/2521/4875
f 3261/2521/2362 3254/2514/5401 3250/4829/2041
f 3251/2512/2044 3264/2525/2059 3266/2527/2366
f 3266/4831/4877 3263/5337/2363 3249/2507/2357
f 3272/2535/2071 3257/2518/2050 3259/2519/2052
f 3259/2519/4879 3256/2515/2047 3270/4833/2065
f 3265/2528/2062 3268/2529/2064 3275/4834/4880
f 3275/2537/2073 3268/5639/5402 3264/2525/2059
f 3265/2528/2062 3278/2541/2077 3280/2542/2079
f 3269/2524/2365 3280/2542/5403 3277/2538/2074
f 3271/2533/2367 3273/2534/2368 3290/2548/4961
f 3273/2534/4883 3270/2530/2065 3284/2546/2083
f 3279/4836/2080 3282/5774/2082 3289/2552/4884
f 3289/4837/2091 3282/5641/5404 3278/2541/2077
f 3292/2556/2095 3294/2557/2097 3283/4839/4962
f 3283/4839/2076 3294/2557/5405 3291/2553/2092
f 3300/2566/2107 3285/2549/2086 3287/2550/2372
f 3287/2550/4887 3284/2546/2083 3298/2560/2374
f 3293/2558/2098 3296/2559/2100 3303/4841/4964
f 3303/4841/2109 3296/2559/5406 3292/2556/2095
f 3236/4844/2023 3238/5775/2350 3297/2555/4889
f 3297/4845/2094 3238/5635/5428 3235/2492/2020
f 3244/2505/2035 3299/2563/2376 3301/2565/2106
f 3248/2502/2355 3301/2565/5407 3298/4847/2374
f 3379/4873/4989 3381/4875/5482 3378/2648/2468
f 3378/2648/2468 3381/4875/5482 3380/4874/4990
f 3379/4873/4989 3383/2654/2474 3385/2652/2472
f 3385/2652/2472 3382/2651/2471 3380/4874/4990
f 3390/4876/4992 3392/4879/5483 3389/2656/2476
f 3389/2656/2476 3392/4879/5483 3391/4877/4993
f 3390/4876/4992 3394/2662/2482 3396/2661/2480
f 3396/2661/2480 3393/5778/2479 3391/4877/4993
f 3401/4880/4995 3403/4882/5484 3400/2665/2484
f 3400/2665/2484 3403/4882/5484 3402/4881/4996
f 3401/4880/4995 3405/2671/2490 3407/2669/2488
f 3407/2669/2488 3404/2668/2487 3402/4881/4996
f 3412/4883/4998 3414/4886/5485 3411/2673/2492
f 3411/2673/2492 3414/4886/5485 3413/4884/4999
f 3412/4883/4998 3416/2679/2498 3418/2678/2496
f 3418/2678/2496 3415/5779/2495 3413/4884/4999
f 3419/2681/2499 3424/2690/2506 3426/2691/2507
f 3422/2682/2500 3426/2691/2507 3423/2687/2503
f 3431/2695/2513 3433/2694/2511 3428/2693/2509
f 3433/2694/2511 3430/5359/2510 3425/2692/2508
f 3438/2703/2518 3444/2705/2520 3437/2700/2515
f 3444/2705/2520 3440/2708/2523 3435/2701/2517
f 3439/2706/2521 3446/5365/2528 3448/2711/2526
f 3443/2709/2524 3448/2711/2526 3445/2710/2525
f 3453/2718/2533 3461/2720/2535 3452/4889/2530
f 3452/4891/2530 3461/5650/2535 3456/2726/2540
f 3454/2721/2536 3463/5366/2545 3465/4893/2543
f 3465/4895/2543 3462/5364/2542 3455/2723/2538
f 3456/2726/2540 3460/2727/2541 3441/2707/2522
f 3460/2727/2541 3455/2723/2538 3439/2706/2521
f 3466/2728/2546 3470/2734/2550 3476/2736/2552
f 3469/2729/2547 3476/2736/2552 3472/2739/2555
f 3478/2742/2560 3480/2741/2558 3473/2738/2554
f 3480/2741/2558 3477/5367/2557 3471/2737/2553
f 3454/2721/2536 3457/2722/2537 3475/2740/2556
f 3457/2722/2537 3453/2718/2533 3472/2739/2555
f 3485/2750/2565 3491/2752/2567 3484/2747/2562
f 3491/2752/2567 3487/2755/2570 3482/2748/2564
f 3486/2753/2568 3493/5373/2575 3495/2758/2573
f 3490/2756/2571 3495/2758/2573 3492/2757/2572
f 3500/2764/2580 3508/2766/2582 3499/4898/2577
f 3499/4900/2577 3508/5651/2582 3503/2772/2587
f 3501/2767/2583 3510/5358/2592 3512/4902/2590
f 3512/4904/2590 3509/5372/2589 3502/2769/2585
f 3486/2753/2568 3488/2754/2569 3507/2773/2588
f 3488/2754/2569 3485/2750/2565 3503/2772/2587
f 3501/2767/2583 3504/2768/2584 3429/2689/2505
f 3504/2768/2584 3500/2764/2580 3423/2687/2503
f 3527/2790/2611 3513/2774/2593 3519/2776/2595
f 3530/4906/2616 3519/5652/5436 3515/2780/2599
f 3520/2782/2602 3526/2784/2604 3518/2781/5002
f 3518/2781/2601 3526/2784/5437 3522/2788/2608
f 3534/2798/2620 3540/2800/2622 3525/4908/5003
f 3525/4909/2610 3540/5655/5439 3536/2804/2626
f 3535/2801/2623 3529/2796/2617 3532/2797/2619
f 3532/2797/5005 3528/2793/2614 3536/2804/2626
f 3527/2790/2611 3533/2792/2613 3558/4911/5006
f 3558/4912/2652 3533/5654/5438 3529/2796/2617
f 3534/2798/2620 3562/2830/2656 3568/2832/2658
f 3568/4915/5008 3564/5375/2662 3535/2801/2623
f 3563/2833/2659 3557/2828/2653 3560/2829/2655
f 3567/2837/2664 3560/2829/5440 3556/2825/2650
f 3555/2822/2647 3561/2824/2649 3544/4916/5010
f 3561/4917/5011 3557/5780/2653 3542/2809/2632
f 3562/2830/2656 3548/2814/2638 3554/2816/2640
f 3554/4919/5013 3550/5781/2644 3563/2833/2659
f 3543/2812/2635 3546/2813/2637 3553/2821/5014
f 3546/2813/5015 3542/2809/2632 3550/2820/2644
f 3541/2806/2629 3547/2808/2631 3516/4920/5016
f 3547/4921/5017 3543/2812/2635 3514/4922/2596
f 3521/2785/2605 3523/2787/2607 3551/4924/5018
f 3523/4925/5019 3520/5782/2602 3549/2817/2641
f 3969/3039/2875 3975/3041/2877 3986/3061/5103
f 3986/5024/2898 3975/5673/5123 3971/3045/2881
f 3976/3047/2884 3982/3049/2886 3974/3046/5104
f 3974/3046/2883 3982/3049/5125 3978/3051/2890
f 3977/3039/2887 3990/3053/2902 3996/3061/2904
f 3996/5026/5106 3992/5792/2908 3978/3051/2890
f 3991/3062/2905 3985/3059/2899 3988/3060/2901
f 3988/3060/5108 3984/3056/2896 3992/3065/2908
f 4011/3081/2929 3983/3053/2893 3989/3055/2895
f 4014/5027/2934 3989/5675/5129 3985/3059/2899
f 4018/3081/2938 4024/3089/2940 3993/3055/5110
f 4024/5029/5111 4020/5793/2944 3991/3062/2905
f 4019/3090/2941 4013/3087/2935 4016/3088/2937
f 4016/3088/5113 4012/3084/2932 4020/3093/2944
f 4011/3081/2929 4017/3083/2931 4000/3075/5114
f 4000/5030/2916 4017/5678/5441 4013/3087/2935
f 4004/3067/2920 4010/3075/2922 4021/3083/5115
f 4010/5032/5116 4006/5794/2926 4019/3090/2941
f 4005/3076/2923 3999/3073/2917 4002/3074/2919
f 4002/3074/5118 3998/3070/2914 4006/3079/2926
f 3969/3039/2875 3997/3067/2911 4003/3069/2913
f 4003/5033/5120 3999/3073/2917 3970/5034/2878
f 3977/3039/2887 3979/3050/2889 4007/3069/5121
f 3979/5036/5122 3976/5795/2884 4005/3076/2923
f 4025/3095/2875 4031/3097/2947 4042/3117/5103
f 4031/5037/5123 4027/3101/2881 4040/5038/2896
f 4032/3103/2884 4038/3105/2886 4030/3102/5124
f 4038/3105/5125 4034/3107/2890 4027/3101/2881
f 4033/3095/2887 4046/3109/2902 4052/3117/2904
f 4037/3108/2892 4052/5796/5106 4048/5040/2953
f 4041/3115/2899 4044/3116/2951 4051/3122/5127
f 4044/3116/5128 4040/3112/2896 4048/3121/2953
f 4067/3137/2929 4039/3109/2893 4045/3111/2895
f 4045/5041/5129 4041/3115/2899 4068/5042/2932
f 4074/3137/2938 4080/3145/2940 4049/3111/5130
f 4080/5044/5111 4076/5797/2944 4047/3118/2905
f 4069/3143/2935 4072/3144/2937 4079/3150/5131
f 4072/3144/5113 4068/3140/2932 4076/3149/2944
f 4067/3137/2929 4073/3139/2931 4056/3131/5114
f 4056/5045/2916 4073/5683/5441 4069/3143/2935
f 4060/3123/2920 4066/3131/2922 4077/3139/5132
f 4066/5047/5116 4062/5798/2926 4075/3146/2941
f 4055/3129/2917 4058/3130/2957 4065/3136/5117
f 4058/3130/5118 4054/3126/2914 4062/3135/2926
f 4053/3123/2911 4059/3125/2913 4028/3106/5119
f 4059/5048/5120 4055/3129/2917 4026/5049/2948
f 4033/3095/2887 4035/3106/2889 4063/3125/5121
f 4035/5051/5122 4032/5799/2884 4061/3132/2923
f 1438/4303/4308 1059/4087/3956 1063/5189/3959
f 1059/4087/3956 1078/4105/3985 1080/5191/3957
f 1093/5192/3998 1077/4102/3982 1060/4084/3953
f 1074/5193/3981 1060/4084/3953 1437/4301/4306
f 1062/4092/3961 1081/4091/3960 1083/4093/3962
f 1062/4092/3961 1066/4095/3964 1443/4307/4313
f 1065/5189/3966 1084/5199/3991 1086/4098/3967
f 1065/5189/3966 1069/4087/3969 1446/4316/4325
f 1087/4099/3970 1089/5201/3972 1072/5193/3974
f 1068/4084/3971 1072/5193/3974 1449/5196/4317
f 1090/4093/3995 1092/4091/3977 1075/4092/3979
f 1071/4095/3976 1075/4092/3979 1452/4314/5261
f 1111/5197/4018 1095/4114/4000 1077/4102/3982
f 1078/4105/3985 1096/4104/3984 1098/5198/3986
f 1081/4091/3960 1099/4112/4004 1101/4119/4006
f 1084/5199/3991 1102/5203/3990 1104/4122/4009
f 1087/4099/3970 1105/4124/4011 1107/5200/4013
f 1108/4119/4015 1110/4112/3996 1092/4091/3977
f 1111/5197/4018 1129/5801/4017 1113/4113/3999
f 1096/4104/3984 1114/5744/4021 1116/5202/4002
f 1099/4112/4004 1117/4132/4024 1119/4118/4005
f 1102/5203/3990 1120/5230/4007 1122/4121/4008
f 1123/4195/4029 1125/5231/4012 1107/5200/4013
f 1126/4118/4014 1128/4132/4033 1110/4112/3996
f 1129/5204/4017 1147/5209/4035 1131/4125/4019
f 1132/4128/4020 1134/5210/4022 1116/5205/4002
f 1117/4132/4024 1135/4131/4023 1137/4141/4041
f 1138/5206/4044 1140/4135/4027 1122/4137/4008
f 1141/4151/4047 1143/5212/4030 1125/5208/4012
f 1144/4141/4032 1146/4131/4050 1128/4132/4033
f 1147/5209/4035 1165/5214/4071 1149/4143/4036
f 1150/4154/4054 1152/5215/4056 1134/5210/4022
f 1153/4158/4058 1155/4160/4060 1137/4141/4041
f 1156/5211/4043 1158/4149/4045 1140/4135/4027
f 1159/4163/4063 1161/5217/4065 1143/5212/4030
f 1144/4141/4032 1162/4160/4067 1164/4158/4069
f 1183/5213/4089 1167/4152/4052 1149/4143/4036
f 1168/4167/4074 1170/5220/4055 1152/5215/4056
f 1153/4158/4058 1171/4164/4077 1173/4159/4059
f 1174/5216/4061 1176/4174/4082 1158/4149/4045
f 1177/4176/4084 1179/5221/4064 1161/5217/4065
f 1180/4159/4066 1182/4164/4068 1164/4158/4069
f 1201/5218/4088 1185/4165/4072 1167/4152/4052
f 1168/4167/4074 1186/4179/4091 1188/5219/4093
f 1189/4169/4076 1191/4170/4078 1173/4159/4059
f 1174/5216/4061 1192/5224/4096 1194/4173/4081
f 1195/4175/4083 1197/5227/4099 1179/5221/4064
f 1198/4170/4101 1200/4169/4103 1182/4164/4068
f 1219/5222/4104 1203/5745/4106 1185/4165/4072
f 1204/5223/4108 1206/5802/4092 1188/5219/4093
f 1207/4181/4094 1209/4192/4112 1191/4170/4078
f 1192/5224/4096 1210/5803/4114 1212/5225/4116
f 1213/5226/4118 1215/5804/4119 1197/5227/4099
f 1198/4170/4101 1216/4192/4121 1218/4181/4102
f 1219/5228/4104 1237/5197/4124 1221/4114/4105
f 1222/4104/4126 1224/5198/4109 1206/5229/4092
f 1225/4191/4111 1227/4200/4130 1209/4192/4112
f 1228/5203/4132 1230/4122/4115 1212/4121/4116
f 1213/4195/4118 1231/4124/4134 1233/5200/4136
f 1216/4192/4121 1234/4200/4138 1236/4191/4122
f 1237/5197/4124 1255/5232/4141 1239/4204/4143
f 1240/4205/4145 1242/5233/4127 1224/5198/4109
f 1225/4191/4111 1243/4199/4129 1245/4210/4150
f 1246/5199/4152 1248/4098/4154 1230/4122/4115
f 1231/4124/4134 1249/4099/4155 1251/5201/4135
f 1252/4210/4158 1254/4199/4139 1236/4191/4122
f 1273/5193/4175 1257/4084/4142 1239/4204/4143
f 1240/4205/4145 1258/4087/4144 1260/5189/4164
f 1243/4199/4129 1261/4208/4148 1263/4209/4149
f 1264/5189/4151 1266/4087/4153 1248/4098/4154
f 1249/4099/4155 1267/4084/4170 1269/5193/4156
f 1270/4209/4172 1272/4208/4159 1254/4199/4139
f 1291/5234/4174 1275/4213/4162 1257/4084/4142
f 1276/4225/4177 1278/5238/4163 1260/5189/4164
f 1279/4217/4165 1281/4218/4166 1263/4209/4149
f 1264/5189/4151 1282/5239/4183 1284/4231/4184
f 1267/4084/4170 1285/4221/4169 1287/5235/4187
f 1270/4209/4172 1288/4218/4189 1290/4217/4191
f 1309/5236/4192 1293/4223/4176 1275/4213/4162
f 1276/4225/4177 1294/4237/4194 1296/5237/4178
f 1297/4235/4197 1299/4234/4198 1281/4218/4166
f 1282/5239/4183 1300/5242/4182 1302/4241/4200
f 1303/4233/4185 1305/5245/4186 1287/5235/4187
f 1288/4218/4189 1306/4234/4188 1308/4235/4190
f 1327/5240/4224 1311/4289/4207 1293/4223/4176
f 1294/4237/4194 1312/4291/4209 1314/5241/4211
f 1297/4235/4197 1315/4239/4196 1317/4243/4213
f 1300/5242/4182 1318/5805/4215 1320/5243/4216
f 1321/5244/4217 1323/5806/4218 1305/5245/4186
f 1324/4243/4203 1326/4239/4222 1308/4235/4190
f 1345/5246/4239 1329/4165/4206 1311/4245/4207
f 1312/4246/4209 1330/4179/4208 1332/5219/4210
f 1333/4256/4227 1335/4255/4228 1317/4243/4213
f 1336/5224/4230 1338/4173/4232 1320/4252/4216
f 1339/4175/4234 1341/5253/4235 1323/5250/4218
f 1324/4243/4203 1342/4255/4220 1344/4256/4221
f 1345/5246/4239 1363/5254/4238 1347/4257/4225
f 1330/4179/4208 1348/4267/4241 1350/5251/4243
f 1333/4256/4227 1351/4264/4245 1353/4271/4247
f 1354/5252/4249 1356/4262/4231 1338/4173/4232
f 1357/4263/4233 1359/5255/4252 1341/5253/4235
f 1360/4271/4254 1362/4264/4237 1344/4256/4221
f 1363/5254/4238 1381/5257/4273 1365/4143/4240
f 1366/4277/4259 1368/5215/4242 1350/5251/4243
f 1369/4276/4262 1371/4270/4246 1353/4271/4247
f 1372/5211/4264 1374/4149/4250 1356/4262/4231
f 1375/4163/4267 1377/5258/4251 1359/5255/4252
f 1360/4271/4254 1378/4270/4270 1380/4276/4255
f 1399/5256/4287 1383/4125/4274 1365/4143/4240
f 1384/4128/4258 1386/5210/4260 1368/5215/4242
f 1387/4282/4276 1389/4285/4278 1371/4270/4246
f 1390/5206/4280 1392/4135/4265 1374/4149/4250
f 1393/4151/4266 1395/5261/4268 1377/5258/4251
f 1378/4270/4270 1396/4285/4284 1398/4282/4271
f 1417/5259/4286 1401/5746/4288 1383/4125/4274
f 1402/5260/4289 1404/5807/4291 1386/5210/4260
f 1387/4282/4276 1405/4294/4293 1407/4284/4277
f 1390/5206/4280 1408/5207/4279 1410/4137/4281
f 1411/4139/4282 1413/5808/4300 1395/5261/4268
f 1414/4284/4302 1416/4294/4304 1398/4282/4271
f 1435/5236/4321 1419/4302/4307 1401/4289/4288
f 1420/4304/4309 1422/5237/4290 1404/5263/4291
f 1423/4300/4312 1425/4308/4314 1407/4284/4277
f 1426/5242/4316 1428/4241/4296 1410/4297/4281
f 1411/4298/4282 1429/4233/4298 1431/5245/4299
f 1414/4284/4302 1432/4308/4319 1434/4300/4303
f 1435/5236/4321 1453/5194/4327 1437/4301/4306
f 1438/4303/4308 1440/5190/4310 1422/5237/4290
f 1441/4314/4322 1443/4307/4313 1425/4308/4314
f 1426/5242/4316 1444/5195/4315 1446/4316/4325
f 1429/4233/4298 1447/4315/4324 1449/5196/4317
f 1432/4308/4319 1450/4307/4326 1452/4314/5261
f 1455/4320/4330 1459/5268/4333 1764/5266/4625
f 1455/4320/4330 1474/4336/4356 1476/5267/4331
f 1489/5269/4373 1473/4333/4353 1456/4317/4328
f 1777/5271/4624 1470/5270/4352 1456/4317/4328
f 1458/4325/4335 1477/4324/4334 1479/4340/4361
f 1458/4325/4335 1462/4326/4336 1767/4495/5262
f 1461/5268/4339 1480/5276/4363 1482/4330/4340
f 1768/5272/5263 1461/5268/4339 1465/4320/4341
f 1483/4331/4342 1485/5277/4368 1468/5270/4344
f 1771/4431/4626 1464/4317/4343 1468/5270/4344
f 1486/4340/4370 1488/4324/4348 1471/4325/4350
f 1774/4495/4628 1467/4326/4347 1471/4325/4350
f 1507/5274/4372 1491/4409/4375 1473/4333/4353
f 1474/4336/4356 1492/4335/4355 1494/5275/4357
f 1495/4347/4379 1497/4339/4360 1479/4340/4361
f 1480/5276/4363 1498/5302/4382 1500/4343/4364
f 1501/4345/4366 1503/5303/4367 1485/5277/4368
f 1486/4340/4370 1504/4339/4387 1506/4347/4371
f 1525/5278/4409 1509/4348/4374 1491/4350/4375
f 1492/4352/4355 1510/4351/4376 1512/5280/4395
f 1513/4354/4378 1515/4368/4397 1497/4339/4360
f 1516/5282/4381 1518/4357/4383 1500/4359/4364
f 1519/4360/4385 1521/5288/4403 1503/5284/4367
f 1504/4339/4387 1522/4368/4406 1524/4354/4388
f 1543/5285/4426 1527/4362/4391 1509/4348/4374
f 1510/4351/4376 1528/4364/4393 1530/5286/4394
f 1531/4375/4414 1533/4374/4416 1515/4368/4397
f 1516/5282/4381 1534/5291/4399 1536/4371/4400
f 1519/4360/4385 1537/4373/4402 1539/5287/4422
f 1522/4368/4406 1540/4374/4405 1542/4375/4407
f 1561/5289/4444 1545/4388/4428 1527/4362/4391
f 1546/4378/4412 1548/5294/4430 1530/5286/4394
f 1549/4386/4433 1551/4380/4415 1533/4374/4416
f 1552/5290/4436 1554/4382/4418 1536/4371/4400
f 1537/4373/4402 1555/4396/4438 1557/5292/4421
f 1540/4374/4405 1558/4380/4441 1560/4386/4424
f 1579/5293/4443 1563/4387/4427 1545/4388/4428
f 1564/4389/4429 1566/5298/4447 1548/5294/4430
f 1567/4392/4432 1569/4393/4434 1551/4380/4415
f 1570/5295/4435 1572/4406/4454 1554/4382/4418
f 1573/4408/4456 1575/5299/4439 1557/5292/4421
f 1576/4393/4459 1578/4392/4460 1560/4386/4424
f 1597/5296/4480 1581/5748/4463 1563/4387/4427
f 1564/4389/4429 1582/5749/4465 1584/5297/4466
f 1567/4392/4432 1585/4402/4449 1587/4403/4450
f 1570/5295/4435 1588/5809/4471 1590/4405/4453
f 1591/4407/4455 1593/5810/4475 1575/5299/4439
f 1594/4403/4458 1596/4402/4478 1578/4392/4460
f 1597/5300/4480 1615/5269/4479 1599/4333/4462
f 1582/4335/4465 1600/4336/4483 1602/5267/4485
f 1603/4412/4468 1605/4413/4469 1587/4403/4450
f 1606/5276/4470 1608/4330/4490 1590/4343/4453
f 1591/4345/4455 1609/4331/4491 1611/5277/4474
f 1594/4403/4458 1612/4413/4494 1614/4412/4477
f 1615/5269/4479 1633/5270/4513 1617/4317/4481
f 1618/4320/4482 1620/5268/4484 1602/5267/4485
f 1621/4420/4486 1623/4428/4502 1605/4413/4469
f 1606/5276/4470 1624/5268/4489 1626/4320/4505
f 1609/4331/4491 1627/4317/4507 1629/5270/4492
f 1630/4428/4510 1632/4420/4495 1614/4412/4477
f 1651/5271/4512 1635/4434/4514 1617/4317/4481
f 1618/4320/4482 1636/4437/4516 1638/5266/4517
f 1621/4420/4486 1639/4426/4500 1641/4427/4501
f 1624/5268/4489 1642/5272/4520 1644/4430/4504
f 1627/4317/4507 1645/4431/4506 1647/5273/4508
f 1648/4427/4509 1650/4426/4511 1632/4420/4495
f 1669/5304/4528 1653/5751/4529 1635/4434/4514
f 1636/4437/4516 1654/4436/4515 1656/5305/4531
f 1657/4450/4533 1659/4443/4534 1641/4427/4501
f 1642/5272/4520 1660/5310/4537 1662/4440/4521
f 1663/4442/4522 1665/5311/4539 1647/5273/4508
f 1648/4427/4509 1666/4443/4525 1668/4450/4542
f 1669/5306/4528 1687/5293/4543 1671/4387/4544
f 1672/4389/4545 1674/5298/4530 1656/5307/4531
f 1675/4449/4532 1677/4461/4550 1659/4443/4534
f 1678/5295/4536 1680/4406/4553 1662/4454/4521
f 1663/4456/4522 1681/4408/4538 1683/5299/4556
f 1666/4443/4525 1684/4461/4558 1686/4449/4541
f 1687/5293/4543 1705/5289/4561 1689/4464/4563
f 1672/4389/4545 1690/4378/4564 1692/5294/4546
f 1693/4459/4548 1695/4460/4549 1677/4461/4550
f 1678/5295/4536 1696/5290/4551 1698/4382/4552
f 1699/4396/4554 1701/5292/4555 1683/5299/4556
f 1684/4461/4558 1702/4460/4557 1704/4459/4559
f 1723/5285/4576 1707/4463/4562 1689/4464/4563
f 1708/4473/4579 1710/5286/4581 1692/5294/4546
f 1711/4471/4583 1713/4467/4567 1695/4460/4549
f 1714/5291/4586 1716/4470/4570 1698/4382/4552
f 1717/4479/4587 1719/5287/4588 1701/5292/4555
f 1720/4467/4590 1722/4471/4574 1704/4459/4559
f 1741/5278/4607 1725/4348/4577 1707/4463/4562
f 1708/4473/4579 1726/4351/4578 1728/5280/4580
f 1711/4471/4583 1729/4482/4595 1731/4476/4584
f 1732/5282/4597 1734/4357/4598 1716/4470/4570
f 1717/4479/4587 1735/4360/4599 1737/5288/4601
f 1738/4476/4603 1740/4482/4604 1722/4471/4574
f 1741/5278/4607 1759/5279/4606 1743/4350/4609
f 1744/4352/4611 1746/5281/4593 1728/5280/4580
f 1729/4482/4595 1747/4491/4614 1749/4486/4615
f 1732/5282/4597 1750/5283/4617 1752/4359/4618
f 1753/4361/4619 1755/5284/4600 1737/5288/4601
f 1756/4486/4602 1758/4491/4622 1740/4482/4604
f 1759/5304/4606 1777/5271/4624 1761/4434/4608
f 1762/4437/4610 1764/5266/4625 1746/5305/4593
f 1747/4491/4614 1765/4490/4613 1767/4495/5262
f 1768/5272/5263 1770/4430/4627 1752/4440/4618
f 1753/4442/4619 1771/4431/4626 1773/5273/5264
f 1774/4495/4628 1776/4490/5265 1758/4491/4622
f 1821/1010/1027 1807/998/1009 1779/970/973
f 1788/983/988 1802/995/1006 1794/989/994
f 1815/1006/1021 1786/979/982 1780/973/976
f 1800/986/1000 1787/970/985 1814/998/1018
f 1801/979/1003 1830/1006/1042 1822/1002/1030
f 1829/995/1039 1816/983/1024 1808/976/1012
f 1877/1060/1099 1863/1046/1081 1835/1018/1045
f 1844/1030/1060 1858/4498/1078 1850/4496/1066
f 1871/1055/1093 1842/4513/1054 1836/4506/1048
f 1884/1060/1108 1856/1032/1072 1843/1018/1057
f 1857/1041/1075 1886/4501/1114 1878/4500/1102
f 1885/1069/1111 1872/4504/1096 1864/4502/1084
f 1905/1081/1135 1933/1111/1171 1919/1096/1153
f 1900/4511/1132 1914/1094/1150 1906/1084/1138
f 1927/4501/1165 1898/1041/1126 1892/1038/1120
f 1912/1081/1144 1899/1074/1129 1926/1096/1162
f 1913/4513/1147 1942/1055/1186 1934/1052/1174
f 1941/4517/1183 1928/1109/1168 1920/1099/1156
f 1989/1144/973 1975/1134/991 1947/1118/1027
f 1956/995/1039 1970/983/1024 1962/976/1012
f 1983/1141/1003 1954/1124/1042 1948/1121/1030
f 1968/1128/1018 1955/1118/1036 1982/1134/1000
f 1969/1124/1021 1998/1141/982 1990/1137/976
f 1997/983/988 1984/995/1006 1976/989/994
f 2045/1184/1045 2031/1170/1063 2003/1150/1099
f 2012/1094/1111 2026/4511/1096 2018/4519/1084
f 2039/1179/1075 2010/4530/1114 2004/4526/1102
f 2052/1184/1057 2024/1156/1090 2011/1150/1108
f 2025/1165/1093 2054/4532/1054 2046/4520/1048
f 2053/1109/1060 2040/4525/1078 2032/4523/1066
f 2073/1197/1153 2101/1211/1117 2087/1205/1135
f 2068/4498/1183 2082/1030/1168 2074/1024/1156
f 2095/4532/1147 2066/1165/1186 2060/1162/1174
f 2080/1197/1162 2067/1191/1180 2094/1205/1219
f 2081/4530/1165 2110/1179/1126 2102/1176/1120
f 2109/4504/1132 2096/1069/1150 2088/1066/1138
f 2871/4710/2092 2815/2011/2020 2829/2026/2038
f 2829/2026/2038 2843/5761/2056 2857/5322/2074
f 2823/2022/2032 2838/4690/2053 2830/5323/2041
f 2879/2082/2104 2824/2024/2035 2816/2014/2023
f 2850/2049/2065 2836/5811/2047 2822/5812/2029
f 2822/5812/2029 2878/2079/2101 2850/2049/2065
f 2831/2031/2044 2837/2037/2050 2852/2054/2071
f 2851/4699/2068 2866/4702/2089 2858/2060/2077
f 2865/5325/2086 2880/4707/2107 2872/2075/2095
f 3011/4755/2272 2955/2171/2200 2969/2186/2218
f 2969/2186/2218 2983/4741/2236 3011/4755/2272
f 2963/2182/2212 2978/4733/2233 2970/5328/2221
f 3013/5329/2278 3019/2242/2284 2964/2184/2215
f 2990/2209/2245 2976/5813/2227 2962/5330/2209
f 2962/5330/2209 3018/2239/2281 3004/2225/2263
f 2971/2191/2224 2977/2197/2230 2992/2214/2251
f 2985/2207/2242 2991/4745/2248 3006/4748/2269
f 3005/5331/2266 3020/4753/2287 3012/2235/2275
f 3151/4802/2327 3095/2331/2200 3109/2346/2218
f 3109/2346/2218 3123/5769/2236 3137/5332/2254
f 3097/4785/2206 3103/2342/2212 3118/4781/2233
f 3153/5334/2330 3159/2402/2284 3104/2344/2215
f 3130/2369/2323 3116/5815/2318 3144/2385/2263
f 3116/5815/2318 3102/5335/2209 3144/2385/2263
f 3111/2351/2317 3117/2357/2230 3132/2374/2251
f 3125/2367/2321 3131/4792/2248 3146/4795/2269
f 3139/2382/2260 3145/5816/2326 3160/4800/2287
f 3291/4846/2092 3235/2492/2020 3277/5338/2074
f 3235/2492/2020 3249/2507/2357 3277/5338/2074
f 3243/2503/2032 3258/4826/2053 3250/5339/2041
f 3293/5340/2098 3299/2563/2376 3244/2505/2035
f 3270/2530/2065 3256/5817/2047 3242/5818/2353
f 3242/5818/2353 3298/2560/2374 3270/2530/2065
f 3251/2512/2044 3257/2518/2050 3272/2535/2071
f 3271/4835/2367 3286/4838/2373 3278/2541/2077
f 3285/5341/2086 3300/4843/2107 3292/2556/2095
f 3387/2659/2478 3375/5819/2467 3377/5347/2469
f 3377/5347/2469 6/11/13 8/12/14
f 8/12/14 3388/2660/2477 3377/5347/2469
f 3/10/5266 2/9/11 3376/2650/2470
f 3376/5348/2470 2/8/11 1/3/3
f 1/3/3 6/11/13 3376/5348/2470
f 3375/2647/2467 3387/5820/2478 3391/5349/4993
f 3/10/5266 3380/4874/4990 3382/2651/2471
f 3383/2654/2474 3379/4873/4989 3391/5349/4993
f 7/11/12 5/3/6 3382/5348/2471
f 5/3/6 4/8/8 3382/5348/2471
f 9/12/15 7/11/12 3384/5347/2473
f 3384/5347/2473 3383/5821/2474 3393/2659/2479
f 3393/2659/2479 3395/2660/2481 3384/5347/2473
f 11/21/20 3386/5351/2475 10/13/16
f 3386/5351/2475 3388/2660/2477 8/12/14
f 3386/2655/2475 11/16/20 12/18/5267
f 3394/2662/2482 3390/4876/4992 12/18/5267
f 14/13/17 9/12/15 3394/5351/2482
f 9/12/15 3395/2660/2481 3394/5351/2482
f 3409/2676/2494 3397/5822/2483 3399/5352/2485
f 3399/5352/2485 26/29/30 29/30/32
f 29/30/32 3410/2677/2493 3399/5352/2485
f 22/25/5268 21/24/27 3398/2667/2486
f 3398/5353/2486 21/28/27 20/22/28
f 20/22/28 26/29/30 3398/5353/2486
f 3401/4880/4995 3397/2664/2483 3409/5354/2494
f 22/25/5268 3402/4881/4996 3404/2668/2487
f 3401/4880/4995 3413/5355/4999 3415/5356/2495
f 27/29/31 24/22/25 3404/5353/2487
f 24/22/25 23/28/29 3404/5353/2487
f 30/30/33 27/29/31 3406/5352/2489
f 3406/5352/2489 3405/5822/2490 3415/2676/2495
f 3415/2676/2495 3417/2677/2497 3406/5352/2489
f 32/35/38 3408/5357/2491 31/31/34
f 3408/5357/2491 3410/2677/2493 29/30/32
f 3408/2672/2491 32/36/38 33/37/5269
f 3416/2679/2498 3412/4883/4998 33/37/5269
f 35/31/35 30/30/33 3416/5357/2498
f 30/30/33 3417/2677/2497 3416/5357/2498
f 44/46/49 3419/5360/2499 41/40/40
f 3419/5360/2499 3421/2686/2501 41/40/40
f 3496/4899/2576 3420/4887/2502 3423/2687/2503
f 3419/2681/2499 44/5406/49 45/43/46
f 3420/2685/2502 3496/2760/2576 3498/2762/2578
f 3498/2762/2578 73/38/39 3420/2685/2502
f 73/38/39 41/40/40 3421/2686/2501
f 3510/5358/2592 3501/2767/2583 3425/2692/2508
f 3431/2695/2513 3424/2690/2506 45/43/46
f 42/40/42 74/38/41 3432/2686/2512
f 74/38/41 3511/2762/2591 3430/2685/2510
f 3511/2762/2591 3510/2760/2592 3430/2685/2510
f 47/41/43 42/40/42 46/46/48
f 42/40/42 3432/2686/2512 3431/5360/2513
f 3450/2717/2532 3434/2697/2514 3451/2716/2531
f 3434/2697/2514 3436/2699/2516 55/51/55
f 3451/2716/2531 3434/2697/2514 55/51/55
f 50/5361/52 49/5823/51 3435/2701/2517
f 3435/5362/2517 49/47/51 53/50/54
f 49/47/51 48/42/50 53/50/54
f 3438/2703/2518 3434/4888/2514 3450/4892/2532
f 50/5361/52 3440/2708/2523 3445/2710/2525
f 3439/2706/2521 3455/2723/2538 3462/5364/2542
f 54/50/53 52/42/45 51/47/47
f 51/47/47 3445/5362/2525 54/50/53
f 56/51/56 54/50/53 3447/2699/2527
f 3447/2699/2527 3446/2697/2528 56/51/56
f 3446/2697/2528 3462/2717/2542 3464/2716/2544
f 3467/2732/2549 3449/2714/2529 3451/2716/2531
f 3451/2716/2531 55/51/55 3467/2732/2549
f 55/51/55 57/52/57 3468/2733/2548
f 3449/4890/2529 3467/4896/2549 3472/2739/2555
f 3463/5366/2545 3454/2721/2536 3471/2737/2553
f 58/52/58 56/51/56 3479/2733/2559
f 56/51/56 3464/2716/2544 3477/2732/2557
f 3464/2716/2544 3463/2714/2545 3477/2732/2557
f 61/61/68 3466/5368/2546 57/52/57
f 3466/5368/2546 3468/2733/2548 57/52/57
f 3466/2728/2546 61/5407/68 62/56/63
f 3478/2742/2560 3470/2734/2550 62/56/63
f 64/53/60 58/52/58 63/61/67
f 58/52/58 3479/2733/2559 3478/5368/2560
f 3497/2763/2579 3481/2744/2561 3498/2762/2578
f 3481/2744/2561 3483/2746/2563 73/38/39
f 3498/2762/2578 3481/2744/2561 73/38/39
f 68/5369/65 67/5824/64 3482/2748/2564
f 3482/5370/2564 67/54/64 71/62/69
f 67/54/64 66/55/66 71/62/69
f 3485/2750/2565 3481/4897/2561 3497/4901/2579
f 68/5369/65 3487/2755/2570 3492/2757/2572
f 3486/2753/2568 3502/2769/2585 3509/5372/2589
f 72/62/70 70/55/62 69/54/61
f 69/54/61 3492/5370/2572 72/62/70
f 74/38/41 72/62/70 3494/2746/2574
f 3494/2746/2574 3493/2744/2575 74/38/41
f 3493/2744/2575 3509/2763/2589 3511/2762/2591
f 3555/2822/2647 3541/2806/2629 3513/2774/2593
f 3515/2780/2599 3522/2788/2608 3536/5374/2626
f 3549/2817/2641 3520/5782/2602 3514/4922/2596
f 3534/2798/2620 3521/2785/2605 3548/2814/2638
f 3529/2796/2617 3535/2801/2623 3564/5375/2662
f 3563/2833/2659 3550/5781/2644 3542/5376/2632
f 4011/3081/2929 3997/3067/2911 3969/3039/2875
f 3978/3051/2890 3992/5792/2908 3984/5025/2896
f 4005/3076/2923 3976/5795/2884 3970/5034/2878
f 4018/3081/2938 3990/3053/2902 3977/3039/2887
f 3991/3062/2905 4020/5793/2944 4012/5028/2932
f 4019/3090/2941 4006/5794/2926 3998/5031/2914
f 4039/3109/2893 4067/3137/2929 4053/3123/2911
f 4034/3107/2890 4048/5040/2953 4040/5038/2896
f 4061/3132/2923 4032/5799/2884 4026/5049/2948
f 4046/3109/2902 4033/3095/2887 4060/3123/2920
f 4047/3118/2905 4076/5797/2944 4068/5042/2932
f 4075/3146/2941 4062/5798/2926 4054/5046/2914
usemtl flesh
f 2255/1385/1405 2259/1386/1406 2261/1387/1407
f 2256/1388/1408 2259/1389/1409 2258/1390/1410
f 2257/1391/1411 2259/1392/1409 2260/1393/1412
f 2262/1394/1413 2266/1395/1414 2268/1396/1415
f 2263/1397/1416 2266/1398/1417 2265/1399/1418
f 2264/1400/1419 2266/1401/1417 2267/1402/1420
f 2269/1403/1421 2273/1404/1422 2275/1405/1423
f 2270/1406/1424 2273/1407/1425 2272/1408/1426
f 2271/1409/1427 2273/1407/1425 2274/1410/1428
f 2276/1411/1429 2280/1412/1430 2282/1413/1431
f 2277/1414/1432 2280/1415/1433 2279/1416/1434
f 2278/1417/1435 2280/1415/1433 2281/1418/1436
f 2283/1419/1437 2287/1420/1438 2289/1421/1439
f 2284/1422/1440 2287/1423/1441 2286/1424/1442
f 2285/1425/1443 2287/1423/1441 2288/1426/1444
f 2290/1427/1445 2294/1428/1446 2296/1429/1447
f 2291/1430/1448 2294/1431/1449 2293/1432/1450
f 2292/1433/1451 2294/1431/1449 2295/1434/1452
f 2297/1435/1453 2301/1436/1454 2303/1437/1455
f 2298/1438/1456 2301/1439/1457 2300/1440/1458
f 2299/1441/1459 2301/1442/1457 2302/1443/1460
f 2304/1444/1461 2308/1445/1462 2310/1446/1463
f 2305/1447/1464 2308/1448/1465 2307/1449/1466
f 2306/1450/1467 2308/1451/1465 2309/1452/1468
f 2311/1453/1469 2315/1454/1470 2317/1455/1471
f 2312/1456/1472 2315/1457/1473 2314/1458/1474
f 2313/1459/1475 2315/1457/1473 2316/1460/1476
f 2318/1461/1477 2322/1462/1478 2324/1463/1479
f 2319/1464/1480 2322/1465/1481 2321/1466/1482
f 2320/1467/1483 2322/1465/1481 2323/1468/1484
f 2325/1469/1485 2329/1470/1486 2331/1471/1487
f 2326/1472/1488 2329/1473/1489 2328/1474/1490
f 2327/1475/1491 2329/1476/1489 2330/1477/1492
f 2332/1478/1493 2336/1479/1494 2338/1480/1495
f 2333/1481/1496 2336/1482/1497 2335/1483/1498
f 2334/1484/1499 2336/1485/1497 2337/1486/1500
f 2339/1487/1501 2343/1488/1502 2345/1489/1503
f 2340/1490/1504 2343/1491/1505 2342/1492/1506
f 2341/1493/1507 2343/1491/1505 2344/1494/1508
f 2346/1495/1509 2350/1496/1510 2352/1497/1511
f 2347/1498/1512 2350/1499/1513 2349/1500/1514
f 2348/1501/1515 2350/1499/1513 2351/1502/1516
f 2633/1806/1845 2637/1807/1846 2639/1808/1847
f 2634/1809/1848 2637/1810/1849 2636/1811/1850
f 2635/1812/1851 2637/1810/1852 2638/1813/1853
f 2640/1814/1854 2644/1815/1855 2646/1816/1856
f 2641/1806/1857 2644/1807/1858 2643/1817/1859
f 2642/1818/1860 2644/1819/1861 2645/1820/1862
f 2647/1821/1863 2651/1822/1864 2653/1823/1865
f 2648/1824/1866 2651/1825/1867 2650/1826/1868
f 2649/1827/1869 2651/1825/1870 2652/1828/1871
f 2654/1821/1872 2658/1822/1873 2660/1829/1874
f 2655/1830/1875 2658/1831/1876 2657/1832/1877
f 2656/1833/1878 2658/1834/1879 2659/1835/1880
f 2661/1836/1881 2665/1837/1882 2667/1838/1883
f 2662/1839/1884 2665/1840/1885 2664/1841/1886
f 2663/1842/1887 2665/1840/1888 2666/1843/1889
f 2668/1836/1890 2672/1837/1891 2674/1844/1892
f 2669/1845/1893 2672/1846/1894 2671/1847/1895
f 2670/1848/1896 2672/1849/1897 2673/1850/1898
f 2675/1851/1899 2679/1852/1900 2681/1853/1901
f 2676/1854/1902 2679/1855/1903 2678/1856/1904
f 2677/1857/1905 2679/1855/1906 2680/1858/1907
f 2682/1851/1908 2686/1852/1909 2688/1859/1910
f 2683/1860/1911 2686/1861/1912 2685/1862/1913
f 2684/1863/1914 2686/1864/1915 2687/1865/1916
f 2689/1866/1845 2693/1867/1846 2695/1868/1847
f 2690/1869/1848 2693/1870/1849 2692/1871/1850
f 2691/1872/1851 2693/1870/1917 2694/1873/1918
f 2696/1874/1854 2700/1875/1855 2702/1876/1856
f 2697/1866/1857 2700/1867/1919 2699/1877/1859
f 2698/1878/1920 2700/1879/1921 2701/1880/1862
f 2703/1881/1863 2707/1882/1864 2709/1883/1865
f 2704/1884/1866 2707/1885/1922 2706/1886/1868
f 2705/1887/1869 2707/1885/1870 2708/1888/1871
f 2710/1881/1872 2714/1882/1923 2716/1889/1874
f 2711/1890/1875 2714/1891/1876 2713/1892/1877
f 2712/1893/1878 2714/1894/1879 2715/1895/1880
f 2717/1896/1881 2721/1897/1924 2723/1898/1883
f 2718/1899/1884 2721/1900/1925 2720/1901/1886
f 2719/1902/1887 2721/1900/1888 2722/1903/1889
f 2724/1896/1890 2728/1897/1891 2730/1904/1892
f 2725/1905/1893 2728/1906/1894 2727/1907/1895
f 2726/1908/1896 2728/1909/1926 2729/1910/1927
f 2731/1911/1899 2735/1912/1900 2737/1913/1901
f 2732/1914/1902 2735/1915/1903 2734/1916/1904
f 2733/1917/1928 2735/1915/1906 2736/1918/1929
f 2738/1911/1908 2742/1912/1909 2744/1919/1910
f 2739/1920/1911 2742/1921/1912 2741/1922/1913
f 2740/1923/1914 2742/1924/1915 2743/1925/1916
f 2745/1926/1930 2749/1927/1931 2751/1928/1932
f 2746/1929/1933 2749/1930/1934 2748/1931/1935
f 2747/1932/1936 2749/1933/1937 2750/1934/1938
f 2752/1935/1939 2756/1936/1940 2758/1937/1941
f 2753/1938/1942 2756/1939/1943 2755/1940/1944
f 2754/1941/1945 2756/1942/1946 2757/1943/1947
f 2759/1944/1948 2763/1945/1949 2765/1946/1950
f 2760/1947/1951 2763/1948/1952 2762/1949/1953
f 2761/1950/1954 2763/1951/1955 2764/1952/1956
f 2766/1953/1957 2770/1954/1958 2772/1955/1959
f 2767/1956/1960 2770/1957/1961 2769/1958/1962
f 2768/1959/1963 2770/1960/1964 2771/1961/1965
f 2773/1962/1966 2777/1963/1967 2779/1964/1968
f 2774/1965/1969 2777/1966/1970 2776/1967/1971
f 2775/1968/1972 2777/1966/1973 2778/1969/1974
f 2780/1970/1975 2784/1971/1976 2786/1972/1977
f 2781/1973/1978 2784/1974/1979 2783/1975/1980
f 2782/1976/1981 2784/1977/1982 2785/1978/1983
f 2787/1979/1984 2791/1980/1985 2793/1981/1986
f 2788/1982/1987 2791/1983/1988 2790/1984/1989
f 2789/1985/1990 2791/1983/1991 2792/1986/1992
f 2794/1987/1993 2798/1988/1994 2800/1989/1995
f 2795/1990/1996 2798/1991/1997 2797/1992/1998
f 2796/1993/1999 2798/1991/2000 2799/1994/2001
f 2801/1995/2002 2805/1996/2003 2807/1997/2004
f 2802/1998/2005 2805/1999/2006 2804/2000/2007
f 2803/2001/2008 2805/1999/2009 2806/2002/2010
f 2808/2003/2011 2812/2004/2012 2814/2005/2013
f 2809/2006/2014 2812/2007/2015 2811/2008/2016
f 2810/2009/2017 2812/2007/2018 2813/2010/2019
f 2885/2087/2110 2889/2088/2111 2891/2089/2112
f 2886/2090/2113 2889/2091/2114 2888/2092/2115
f 2887/2093/2116 2889/2094/2117 2890/2095/2118
f 2892/2096/2119 2896/2097/2120 2898/2098/2121
f 2893/2099/2122 2896/2100/2123 2895/2101/2124
f 2894/2102/2125 2896/2100/2126 2897/2103/2127
f 2899/2104/2128 2903/2105/2129 2905/2106/2130
f 2900/2107/2131 2903/2108/2132 2902/2109/2133
f 2901/2110/2134 2903/2111/2135 2904/2112/2136
f 2906/2113/2137 2910/2114/2138 2912/2115/2139
f 2907/2116/2140 2910/2117/2141 2909/2118/2142
f 2908/2119/2143 2910/2120/2144 2911/2121/2145
f 2913/2122/2146 2917/2123/2147 2919/2124/2148
f 2914/2125/2149 2917/2126/2150 2916/2127/2151
f 2915/2128/2152 2917/2126/2153 2918/2129/2154
f 2920/2130/2155 2924/2131/2156 2926/2132/2157
f 2921/2133/2158 2924/2134/2159 2923/2135/2160
f 2922/2136/2161 2924/2137/2162 2925/2138/2163
f 2927/2139/2164 2931/2140/2165 2933/2141/2166
f 2928/2142/2167 2931/2143/2168 2930/2144/2169
f 2929/2145/2170 2931/2143/2171 2932/2146/2172
f 2934/2147/2173 2938/2148/2174 2940/2149/2175
f 2935/2150/2176 2938/2151/2177 2937/2152/2178
f 2936/2153/2179 2938/2151/2180 2939/2154/2181
f 2941/2155/2182 2945/2156/2183 2947/2157/2184
f 2942/2158/2185 2945/2159/2186 2944/2160/2187
f 2943/2161/2188 2945/2159/2189 2946/2162/2190
f 2948/2163/2191 2952/2164/2192 2954/2165/2193
f 2949/2166/2194 2952/2167/2195 2951/2168/2196
f 2950/2169/2197 2952/2167/2198 2953/2170/2199
f 3025/2247/2110 3029/2248/2111 3031/2249/2112
f 3026/2250/2113 3029/2251/2114 3028/2252/2115
f 3027/2253/2116 3029/2254/2117 3030/2255/2118
f 3032/2256/2119 3036/2257/2290 3038/2258/2121
f 3033/2259/2122 3036/2260/2291 3035/2261/2124
f 3034/2262/2125 3036/2260/2126 3037/2263/2127
f 3039/2264/2128 3043/2265/2129 3045/2266/2292
f 3040/2267/2293 3043/2268/2132 3042/2269/2133
f 3041/2270/2134 3043/2271/2135 3044/2272/2136
f 3046/2273/2137 3050/2274/2294 3052/2275/2139
f 3047/2276/2140 3050/2277/2141 3049/2278/2295
f 3048/2279/2143 3050/2280/2144 3051/2281/2296
f 3053/2282/2146 3057/2283/2297 3059/2284/2298
f 3054/2285/2299 3057/2286/2150 3056/2287/2151
f 3055/2288/2300 3057/2286/2301 3058/2289/2302
f 3060/2290/2155 3064/2291/2156 3066/2292/2303
f 3061/2293/2158 3064/2294/2159 3063/2295/2160
f 3062/2296/2161 3064/2297/2304 3065/2298/2163
f 3067/2299/2164 3071/2300/2165 3073/2301/2305
f 3068/2302/2167 3071/2303/2168 3070/2304/2306
f 3069/2305/2170 3071/2303/2171 3072/2306/2172
f 3074/2307/2173 3078/2308/2174 3080/2309/2175
f 3075/2310/2176 3078/2311/2177 3077/2312/2178
f 3076/2313/2179 3078/2311/2307 3079/2314/2181
f 3081/2315/2182 3085/2316/2183 3087/2317/2184
f 3082/2318/2185 3085/2319/2186 3084/2320/2187
f 3083/2321/2188 3085/2319/2189 3086/2322/2190
f 3088/2323/2191 3092/2324/2192 3094/2325/2193
f 3089/2326/2194 3092/2327/2195 3091/2328/2196
f 3090/2329/2197 3092/2327/2198 3093/2330/2308
f 3165/2407/1930 3169/2408/1931 3171/2409/2333
f 3166/2410/2334 3169/2411/1934 3168/2412/2335
f 3167/2413/1936 3169/2414/1937 3170/2415/1938
f 3172/2416/1939 3176/2417/1940 3178/2418/1941
f 3173/2419/1942 3176/2420/1943 3175/2421/2336
f 3174/2422/1945 3176/2423/1946 3177/2424/1947
f 3179/2425/2337 3183/2426/1949 3185/2427/2338
f 3180/2428/1951 3183/2429/1952 3182/2430/1953
f 3181/2431/1954 3183/2432/1955 3184/2433/1956
f 3186/2434/1957 3190/2435/1958 3192/2436/1959
f 3187/2437/1960 3190/2438/1961 3189/2439/1962
f 3188/2440/1963 3190/2441/2339 3191/2442/2340
f 3193/2443/1966 3197/2444/2341 3199/2445/1968
f 3194/2446/1969 3197/2447/1970 3196/2448/1971
f 3195/2449/1972 3197/2447/1973 3198/2450/1974
f 3200/2451/1975 3204/2452/1976 3206/2453/1977
f 3201/2454/1978 3204/2455/2342 3203/2456/1980
f 3202/2457/1981 3204/2458/1982 3205/2459/1983
f 3207/2460/1984 3211/2461/1985 3213/2462/1986
f 3208/2463/1987 3211/2464/1988 3210/2465/1989
f 3209/2466/1990 3211/2464/1991 3212/2467/1992
f 3214/2468/1993 3218/2469/1994 3220/2470/1995
f 3215/2471/1996 3218/2472/2343 3217/2473/2344
f 3216/2474/2345 3218/2472/2000 3219/2475/2001
f 3221/2476/2002 3225/2477/2003 3227/2478/2004
f 3222/2479/2005 3225/2480/2006 3224/2481/2007
f 3223/2482/2008 3225/2480/2346 3226/2483/2010
f 3228/2484/2011 3232/2485/2347 3234/2486/2013
f 3229/2487/2014 3232/2488/2015 3231/2489/2016
f 3230/2490/2017 3232/2488/2018 3233/2491/2019
f 3305/2568/2377 3309/2569/2378 3311/2570/2379
f 3306/2571/2380 3309/2569/2381 3308/2572/2382
f 3307/2573/2383 3309/2574/2384 3310/2575/2385
f 3312/2576/2386 3316/2577/2387 3318/2578/2388
f 3313/2579/2389 3316/2577/2390 3315/2580/2391
f 3314/2581/2392 3316/2577/2393 3317/2582/2394
f 3319/2583/2395 3323/2584/2396 3325/2585/2397
f 3320/2586/2398 3323/2587/2399 3322/2588/2400
f 3321/2589/2401 3323/2587/2402 3324/2590/2403
f 3326/2591/2404 3330/2592/2405 3332/2593/2406
f 3327/2594/2407 3330/2595/2408 3329/2596/2409
f 3328/2597/2410 3330/2598/2411 3331/2599/2412
f 3333/2600/2413 3337/2601/2414 3339/2602/2415
f 3334/2603/2416 3337/2604/2417 3336/2605/2418
f 3335/2606/2419 3337/2604/2420 3338/2607/2421
f 3340/2608/2422 3344/2609/2423 3346/2610/2424
f 3341/2611/2425 3344/2609/2426 3343/2612/2427
f 3342/2613/2428 3344/2609/2429 3345/2614/2430
f 3347/2615/2431 3351/2616/2432 3353/2617/2433
f 3348/2618/2434 3351/2616/2435 3350/2619/2436
f 3349/2620/2437 3351/2621/2438 3352/2622/2439
f 3354/2623/2440 3358/2624/2441 3360/2625/2442
f 3355/2626/2443 3358/2624/2444 3357/2627/2445
f 3356/2628/2446 3358/2624/2447 3359/2629/2448
f 3361/2630/2449 3365/2631/2450 3367/2632/2451
f 3362/2633/2452 3365/2634/2453 3364/2635/2454
f 3363/2636/2455 3365/2631/2456 3366/2637/2457
f 3368/2638/2458 3372/2639/2459 3374/2640/2460
f 3369/2641/2461 3372/2642/2462 3371/2643/2463
f 3370/2644/2464 3372/2645/2465 3373/2646/2466
f 2270/1406/1424 2261/4579/4751 2257/1391/1411
f 2261/1387/1407 2269/1403/1421 2255/1385/1405
f 2278/1417/1435 2265/1399/1418 2282/4580/4752
f 2265/4581/4753 2276/1411/1429 2282/1413/1431
f 2256/1388/1408 2267/1402/1420 2260/4582/1412
f 2267/4583/1420 2257/1391/1411 2260/1393/1412
f 2277/1414/1432 2274/1410/1428 2281/1418/1436
f 2281/1418/1436 2270/1406/1424 2278/1417/1435
f 2271/1409/1427 2286/4584/1442 2275/4585/4754
f 2286/4586/4755 2269/1403/1421 2275/1405/1423
f 2277/4587/1432 2296/4588/4756 2292/1433/1451
f 2296/1429/1447 2276/1411/1429 2290/1427/1445
f 2285/1425/1443 2295/1434/1452 2291/1430/1448
f 2295/1434/1452 2284/1422/1440 2292/1433/1451
f 2298/1438/1456 2289/4589/4757 2285/1425/1443
f 2289/1421/1439 2297/1435/1453 2283/1419/1437
f 2291/1430/1448 2310/4590/4758 2306/1450/1467
f 2293/4591/4759 2304/1444/1461 2310/1446/1463
f 2305/1447/1464 2302/1443/1460 2309/4592/1468
f 2309/1452/1468 2298/1438/1456 2306/1450/1467
f 2312/1456/1472 2303/4593/4760 2299/1441/1459
f 2314/4594/4761 2297/1435/1453 2303/1437/1455
f 2320/1467/1483 2307/1449/1466 2324/4595/4762
f 2307/4596/4763 2318/1461/1477 2324/1463/1479
f 2319/1464/1480 2316/1460/1476 2323/1468/1484
f 2323/1468/1484 2312/1456/1472 2320/1467/1483
f 2313/1459/1475 2328/1474/1490 2317/4597/4764
f 2328/4598/4765 2311/1453/1469 2317/1455/1471
f 2319/1464/1480 2338/4599/4766 2334/1484/1499
f 2321/4600/4767 2332/1478/1493 2338/1480/1495
f 2327/1475/1491 2337/4601/1500 2333/1481/1496
f 2330/4602/1492 2334/1484/1499 2337/1486/1500
f 2340/1490/1504 2331/4603/4768 2327/1475/1491
f 2331/1471/1487 2339/1487/1501 2325/1469/1485
f 2348/1501/1515 2335/1483/1498 2352/4604/4769
f 2352/1497/1511 2332/1478/1493 2346/1495/1509
f 2347/1498/1512 2344/1494/1508 2351/1502/1516
f 2351/1502/1516 2340/1490/1504 2348/1501/1515
f 2256/1388/1408 2345/4605/4770 2341/1493/1507
f 2258/4606/4771 2339/1487/1501 2345/1489/1503
f 2264/1400/1419 2349/1500/1514 2268/4607/4772
f 2349/4608/4773 2262/1394/1413 2268/1396/1415
f 2633/1806/1845 2650/1829/4821 2647/1821/1863
f 2639/4645/4822 2648/1824/1866 2650/1826/1868
f 2640/1814/1854 2638/1813/4823 2634/1809/1848
f 2646/1816/4824 2635/1812/1851 2638/1813/1853
f 2654/1821/1872 2645/1808/4825 2641/1806/1857
f 2660/4646/4826 2642/1818/1860 2645/1820/1862
f 2649/1827/1869 2659/1835/4827 2655/4647/1875
f 2652/1828/4828 2656/1833/1878 2659/1835/1880
f 2675/1851/1899 2653/1823/1865 2678/1859/4829
f 2653/4648/4830 2676/1854/1902 2678/1856/1904
f 2682/1851/1908 2657/1823/4831 2654/1821/1872
f 2688/4649/4832 2655/1830/1875 2657/1832/1877
f 2677/1857/1905 2687/1865/4833 2683/4650/1911
f 2680/1858/4834 2684/1863/1914 2687/1865/1916
f 2675/1851/1899 2664/1844/4835 2661/1836/1881
f 2681/4651/4836 2662/1839/1884 2664/1841/1886
f 2668/1836/1890 2685/1853/4837 2682/1851/1908
f 2685/1862/1913 2670/1848/1896 2683/1860/1911
f 2663/1842/1887 2673/1850/4838 2669/4652/1893
f 2666/1843/4839 2670/1848/1896 2673/1850/1898
f 2661/1836/1881 2636/1817/4840 2633/1806/1845
f 2667/4653/4841 2634/1809/1848 2636/1811/1850
f 2641/1806/1857 2671/1838/4842 2668/1836/1890
f 2643/4654/4843 2669/1845/1893 2671/1847/1895
f 2689/1866/1845 2706/1889/4821 2703/1881/1863
f 2695/4655/4822 2704/1884/1866 2706/1886/1868
f 2696/1874/1854 2694/1873/4823 2690/1869/1848
f 2702/1876/4844 2691/1872/1851 2694/1873/1918
f 2697/1866/1857 2716/1889/1874 2701/1868/4825
f 2716/4656/4826 2698/1878/1920 2701/1880/1862
f 2705/1887/1869 2715/1895/4827 2711/4657/1875
f 2708/1888/4828 2712/1893/1878 2715/1895/1880
f 2703/1881/1863 2734/1919/4829 2731/1911/1899
f 2709/4658/4830 2732/1914/1902 2734/1916/1904
f 2710/1881/1872 2744/1919/1910 2713/1883/4831
f 2744/4659/4832 2711/1890/1875 2713/1892/1877
f 2733/1917/1928 2743/1925/4833 2739/4660/1911
f 2736/1918/4845 2740/1923/1914 2743/1925/1916
f 2731/1911/1899 2720/1904/4835 2717/1896/1881
f 2720/1901/1886 2733/4661/1928 2718/1899/1884
f 2738/1911/1908 2730/1904/1892 2741/1913/4837
f 2730/4662/4846 2739/1920/1911 2741/1922/1913
f 2719/1902/1887 2729/1910/4838 2725/4663/1893
f 2722/1903/4839 2726/1908/1896 2729/1910/1927
f 2717/1896/1881 2692/1877/4840 2689/1866/1845
f 2692/1871/1850 2719/4664/1887 2690/1869/1848
f 2697/1866/1857 2727/1898/4842 2724/1896/1890
f 2699/4665/4843 2725/1905/1893 2727/1907/1895
f 2760/1947/1951 2751/4666/4847 2747/1932/1936
f 2751/1928/1932 2759/1944/1948 2745/1926/1930
f 2768/1959/1963 2755/1940/1944 2772/4667/4848
f 2755/4668/4849 2766/1953/1957 2772/1955/1959
f 2746/4669/1933 2757/4670/1947 2750/1934/4850
f 2757/4670/4851 2747/1932/1936 2750/1934/1938
f 2761/1950/1954 2771/4671/4852 2767/1956/1960
f 2771/1961/1965 2760/1947/1951 2768/1959/1963
f 2761/1950/1954 2776/1967/1971 2765/4672/4853
f 2776/4673/4854 2759/1944/1948 2765/1946/1950
f 2782/1976/1981 2769/1958/1962 2786/4674/4855
f 2769/4675/4856 2780/1970/1975 2786/1972/1977
f 2775/4676/1972 2785/4677/4857 2781/1973/1978
f 2785/1978/1983 2774/1965/1969 2782/1976/1981
f 2775/4676/1972 2790/1984/1989 2779/4678/4858
f 2779/1964/1968 2787/1979/1984 2773/1962/1966
f 2796/1993/1999 2783/1975/1980 2800/4679/4859
f 2783/4680/4860 2794/1987/1993 2800/1989/1995
f 2789/1985/1990 2799/1994/4861 2795/1990/1996
f 2799/1994/2001 2788/1982/1987 2796/1993/1999
f 2789/4681/1990 2804/2000/2007 2793/4682/4862
f 2793/1981/1986 2801/1995/2002 2787/1979/1984
f 2795/1990/1996 2814/4683/4863 2810/4684/2017
f 2814/2005/2013 2794/1987/1993 2808/2003/2011
f 2803/2001/2008 2813/2010/4864 2809/2006/2014
f 2813/2010/2019 2802/1998/2005 2810/2009/2017
f 2803/2001/2008 2748/1931/1935 2807/4685/4865
f 2748/4686/4866 2801/1995/2002 2807/1997/2004
f 2754/1941/1945 2811/2008/2016 2758/4687/4867
f 2811/4688/4868 2752/1935/1939 2758/1937/1941
f 2900/2107/2131 2891/4712/4891 2887/2093/2116
f 2902/4713/4892 2885/2087/2110 2891/2089/2112
f 2908/2119/2143 2895/2101/2124 2912/4714/4893
f 2912/2115/2139 2892/2096/2119 2906/2113/2137
f 2886/4715/2113 2897/2103/2127 2890/2095/4894
f 2897/2103/4895 2887/2093/2116 2890/2095/2118
f 2901/2110/2134 2911/4716/4896 2907/2116/2140
f 2911/2121/2145 2900/2107/2131 2908/2119/2143
f 2914/2125/2149 2905/4717/4897 2901/2110/2134
f 2905/2106/2130 2913/2122/2146 2899/2104/2128
f 2907/2116/2140 2926/4718/4898 2922/2136/2161
f 2926/2132/2157 2906/2113/2137 2920/2130/2155
f 2915/4719/2152 2925/4720/4899 2921/2133/2158
f 2925/2138/2163 2914/2125/2149 2922/2136/2161
f 2915/4719/2152 2930/2144/2169 2919/4721/4900
f 2919/2124/2148 2927/2139/2164 2913/2122/2146
f 2921/2133/2158 2940/4722/4901 2936/2153/2179
f 2940/2149/2175 2920/2130/2155 2934/2147/2173
f 2929/2145/2170 2939/2154/4902 2935/2150/2176
f 2939/2154/2181 2928/2142/2167 2936/2153/2179
f 2929/4723/2170 2944/2160/2187 2933/4724/4903
f 2944/4725/4904 2927/2139/2164 2933/2141/2166
f 2950/4726/2197 2937/2152/2178 2954/4727/4905
f 2937/4728/4906 2948/2163/2191 2954/2165/2193
f 2943/2161/2188 2953/2170/4907 2949/2166/2194
f 2953/2170/2199 2942/2158/2185 2950/2169/2197
f 2943/2161/2188 2888/2092/2115 2947/4729/4908
f 2888/4730/4909 2941/2155/2182 2947/2157/2184
f 2949/2166/2194 2898/4731/4910 2894/4732/2125
f 2898/2098/2121 2948/2163/2191 2892/2096/2119
f 3040/2267/2293 3031/4756/4932 3027/2253/2116
f 3031/2249/2112 3039/2264/2128 3025/2247/2110
f 3033/2259/2122 3052/4757/4893 3048/2279/2143
f 3052/2275/2139 3032/2256/2119 3046/2273/2137
f 3026/4758/2113 3037/2263/2127 3030/2255/4894
f 3037/2263/4895 3027/2253/2116 3030/2255/2118
f 3041/2270/2134 3051/4759/4896 3047/2276/2140
f 3051/2281/2296 3040/2267/2293 3048/2279/2143
f 3041/2270/2134 3056/2287/2151 3045/4760/4897
f 3056/4761/4933 3039/2264/2128 3045/2266/2292
f 3047/2276/2140 3066/4762/4898 3062/2296/2161
f 3066/2292/2303 3046/2273/2137 3060/2290/2155
f 3055/4763/2300 3065/4764/4934 3061/2293/2158
f 3065/2298/2163 3054/2285/2299 3062/2296/2161
f 3055/4763/2300 3070/2304/2306 3059/4765/4900
f 3070/4766/4935 3053/2282/2146 3059/2284/2298
f 3076/2313/2179 3063/2295/2160 3080/4767/4936
f 3063/4768/4937 3074/2307/2173 3080/2309/2175
f 3069/2305/2170 3079/2314/4902 3075/2310/2176
f 3079/2314/2181 3068/2302/2167 3076/2313/2179
f 3082/2318/2185 3073/4769/4938 3069/4770/2170
f 3084/4771/4939 3067/2299/2164 3073/2301/2305
f 3090/4772/2197 3077/2312/2178 3094/4773/4905
f 3077/4774/4906 3088/2323/2191 3094/2325/2193
f 3083/2321/2188 3093/2330/4907 3089/2326/2194
f 3093/2330/2308 3082/2318/2185 3090/2329/2197
f 3083/2321/2188 3028/2252/2115 3087/4775/4908
f 3028/4776/4909 3081/2315/2182 3087/2317/2184
f 3034/4777/2125 3091/2328/2196 3038/4778/4910
f 3091/4779/4940 3032/2256/2119 3038/2258/2121
f 3180/2428/1951 3171/4803/4952 3167/2413/1936
f 3182/4804/4953 3165/2407/1930 3171/2409/2333
f 3173/2419/1942 3192/4805/4848 3188/2440/1963
f 3192/2436/1959 3172/2416/1939 3186/2434/1957
f 3166/4806/2334 3177/4807/1947 3170/2415/4850
f 3177/4807/4851 3167/2413/1936 3170/2415/1938
f 3181/2431/1954 3191/4808/4852 3187/2437/1960
f 3191/2442/2340 3180/2428/1951 3188/2440/1963
f 3194/2446/1969 3185/4809/4853 3181/2431/1954
f 3185/2427/2338 3193/2443/1966 3179/2425/2337
f 3187/2437/1960 3206/4810/4855 3202/2457/1981
f 3206/2453/1977 3186/2434/1957 3200/2451/1975
f 3195/4811/1972 3205/4812/4857 3201/2454/1978
f 3205/2459/1983 3194/2446/1969 3202/2457/1981
f 3195/4811/1972 3210/2465/1989 3199/4813/4858
f 3199/2445/1968 3207/2460/1984 3193/2443/1966
f 3201/2454/1978 3220/4814/4859 3216/2474/2345
f 3203/4815/4860 3214/2468/1993 3220/2470/1995
f 3209/2466/1990 3219/2475/4861 3215/2471/1996
f 3219/2475/2001 3208/2463/1987 3216/2474/2345
f 3209/4816/1990 3224/2481/2007 3213/4817/4862
f 3224/4818/4954 3207/2460/1984 3213/2462/1986
f 3230/4819/2017 3217/2473/2344 3234/4820/4863
f 3234/2486/2013 3214/2468/1993 3228/2484/2011
f 3223/2482/2008 3233/2491/4864 3229/2487/2014
f 3233/2491/2019 3222/2479/2005 3230/2490/2017
f 3223/2482/2008 3168/2412/2335 3227/4821/4865
f 3168/4822/4955 3221/2476/2002 3227/2478/2004
f 3174/2422/1945 3231/2489/2016 3178/4823/4956
f 3231/4824/4868 3172/2416/1939 3178/2418/1941
f 3320/2586/2398 3311/4848/4966 3307/2573/2383
f 3322/4849/4967 3305/4850/2377 3311/4851/2379
f 3313/2579/2389 3332/2593/4968 3328/4852/2410
f 3315/2580/4969 3326/2591/2404 3332/2593/2406
f 3306/2571/2380 3317/4853/2394 3310/4854/4970
f 3317/4855/4971 3307/2573/2383 3310/2575/2385
f 3321/2589/2401 3331/2599/4972 3327/4856/2407
f 3331/2599/2412 3320/2586/2398 3328/2597/2410
f 3321/2589/2401 3336/4857/2418 3325/4858/4973
f 3325/2585/2397 3333/2600/2413 3319/2583/2395
f 3342/2613/2428 3329/2596/2409 3346/2610/4974
f 3329/4859/4975 3340/4860/2422 3346/4861/2424
f 3335/2606/2419 3345/2614/4976 3341/2611/2425
f 3345/2614/2430 3334/2603/2416 3342/2613/2428
f 3335/4862/2419 3350/2619/2436 3339/2602/4977
f 3350/2619/4978 3333/2600/2413 3339/2602/2415
f 3341/2611/2425 3360/4863/4979 3356/4864/2446
f 3343/2612/4980 3354/4865/2440 3360/4863/2442
f 3349/2620/2437 3359/2629/4981 3355/2626/2443
f 3359/2629/2448 3348/4866/2434 3356/2628/2446
f 3349/2620/2437 3364/2635/2454 3353/4867/4982
f 3353/2617/2433 3361/4868/2449 3347/2615/2431
f 3370/2644/2464 3357/2627/2445 3374/4869/4983
f 3357/4870/4984 3368/2638/2458 3374/2640/2460
f 3363/2636/2455 3373/4871/4985 3369/2641/2461
f 3373/2646/2466 3362/2633/2452 3370/2644/2464
f 3306/2571/2380 3367/2632/4986 3363/2636/2455
f 3367/2632/2451 3305/2568/2377 3361/2630/2449
f 3314/2581/2392 3371/4872/2463 3318/2578/4987
f 3371/4872/4988 3312/2576/2386 3318/2578/2388
f 2339/1487/1501 2269/1403/1421 2297/1435/1453
f 2257/1391/1411 2278/1417/1435 2270/1406/1424
f 2347/1498/1512 2256/1388/1408 2341/1493/1507
f 2262/1394/1413 2332/1478/1493 2304/1444/1461
f 2277/4587/1432 2284/1422/1440 2271/5314/1427
f 2291/1430/1448 2298/1438/1456 2285/1425/1443
f 2305/1447/1464 2312/1456/1472 2299/1441/1459
f 2313/1459/1475 2334/1484/1499 2326/1472/1488
f 2327/1475/1491 2348/1501/1515 2340/1490/1504
f 2675/1851/1899 2633/1806/1845 2647/1821/1863
f 2642/1818/1860 2648/1824/1866 2635/5315/1851
f 2669/1845/1893 2634/1809/1848 2663/5316/1887
f 2654/1821/1872 2668/1836/1890 2682/1851/1908
f 2655/1830/1875 2676/1854/1902 2649/5317/1869
f 2683/1860/1911 2662/1839/1884 2677/5318/1905
f 2731/1911/1899 2689/1866/1845 2703/1881/1863
f 2698/1878/1920 2704/1884/1866 2691/5319/1851
f 2725/1905/1893 2690/1869/1848 2719/4664/1887
f 2710/1881/1872 2724/1896/1890 2738/1911/1908
f 2711/1890/1875 2732/1914/1902 2705/5320/1869
f 2739/1920/1911 2718/1899/1884 2733/4661/1928
f 2759/1944/1948 2773/1962/1966 2787/1979/1984
f 2753/1938/1942 2760/1947/1951 2747/1932/1936
f 2803/2001/2008 2754/1941/1945 2746/1929/1933
f 2752/1935/1939 2808/2003/2011 2794/1987/1993
f 2767/1956/1960 2774/1965/1969 2761/1950/1954
f 2781/1973/1978 2788/1982/1987 2775/4676/1972
f 2795/5321/1996 2802/1998/2005 2789/4681/1990
f 2899/2104/2128 2927/2139/2164 2941/2155/2182
f 2893/2099/2122 2900/2107/2131 2887/2093/2116
f 2943/2161/2188 2894/4732/2125 2886/2090/2113
f 2892/2096/2119 2948/2163/2191 2934/2147/2173
f 2907/2116/2140 2914/2125/2149 2901/2110/2134
f 2921/2133/2158 2928/2142/2167 2915/4719/2152
f 2935/5326/2176 2942/2158/2185 2929/4723/2170
f 3039/2264/2128 3067/2299/2164 3081/2315/2182
f 3033/2259/2122 3040/2267/2293 3027/2253/2116
f 3083/2321/2188 3034/4777/2125 3026/2250/2113
f 3032/2256/2119 3074/2307/2173 3060/2290/2155
f 3047/2276/2140 3054/2285/2299 3041/2270/2134
f 3061/2293/2158 3068/2302/2167 3055/4763/2300
f 3069/4770/2170 3090/2329/2197 3082/2318/2185
f 3179/2425/2337 3193/2443/1966 3207/2460/1984
f 3173/2419/1942 3180/2428/1951 3167/2413/1936
f 3229/2487/2014 3166/2410/2334 3223/2482/2008
f 3172/2416/1939 3214/2468/1993 3200/2451/1975
f 3181/2431/1954 3202/2457/1981 3194/2446/1969
f 3201/2454/1978 3208/2463/1987 3195/4811/1972
f 3215/5336/1996 3222/2479/2005 3209/4816/1990
f 3319/2583/2395 3333/2600/2413 3347/2615/2431
f 3313/5342/2389 3320/2586/2398 3307/2573/2383
f 3363/2636/2455 3314/5343/2392 3306/2571/2380
f 3312/2576/2386 3368/2638/2458 3354/5344/2440
f 3327/2594/2407 3334/2603/2416 3321/5345/2401
f 3341/2611/2425 3348/5346/2434 3335/2606/2419
f 3349/2620/2437 3370/2644/2464 3362/2633/2452
f 2255/1385/1405 2258/4606/4771 2259/1386/1406
f 2256/1388/1408 2260/4582/1412 2259/1389/1409
f 2257/1391/1411 2261/4579/4751 2259/1392/1409
f 2262/1394/1413 2265/4581/4753 2266/1395/1414
f 2263/1397/1416 2267/4583/1420 2266/1398/1417
f 2264/1400/1419 2268/4607/4772 2266/1401/1417
f 2269/1403/1421 2272/5501/5347 2273/1404/1422
f 2270/1406/1424 2274/1410/1428 2273/1407/1425
f 2271/1409/1427 2275/4585/4754 2273/1407/1425
f 2276/1411/1429 2279/5502/5348 2280/1412/1430
f 2277/1414/1432 2281/1418/1436 2280/1415/1433
f 2278/1417/1435 2282/4580/4752 2280/1415/1433
f 2283/1419/1437 2286/4586/4755 2287/1420/1438
f 2284/1422/1440 2288/1426/1444 2287/1423/1441
f 2285/1425/1443 2289/4589/4757 2287/1423/1441
f 2290/1427/1445 2293/4591/4759 2294/1428/1446
f 2291/1430/1448 2295/1434/1452 2294/1431/1449
f 2292/1433/1451 2296/4588/4756 2294/1431/1449
f 2297/1435/1453 2300/5503/5349 2301/1436/1454
f 2298/1438/1456 2302/5504/1460 2301/1439/1457
f 2299/5505/1459 2303/1437/4760 2301/1436/1457
f 2304/1444/1461 2307/4596/4763 2308/1445/1462
f 2305/1447/1464 2309/4592/1468 2308/1448/1465
f 2306/1450/1467 2310/4590/4758 2308/1451/1465
f 2311/1453/1469 2314/4594/4761 2315/1454/1470
f 2312/1456/1472 2316/1460/1476 2315/1457/1473
f 2313/1459/1475 2317/4597/4764 2315/1457/1473
f 2318/1461/1477 2321/4600/4767 2322/1462/1478
f 2319/1464/1480 2323/1468/1484 2322/1465/1481
f 2320/1467/1483 2324/4595/4762 2322/1465/1481
f 2325/1469/1485 2328/4598/4765 2329/1470/1486
f 2326/1472/1488 2330/4602/1492 2329/1473/1489
f 2327/1475/1491 2331/4603/4768 2329/1476/1489
f 2332/1478/1493 2335/5506/5350 2336/1479/1494
f 2333/1481/1496 2337/4601/1500 2336/1482/1497
f 2334/1484/1499 2338/4599/4766 2336/1485/1497
f 2339/1487/1501 2342/5507/5351 2343/1488/1502
f 2340/1490/1504 2344/1494/1508 2343/1491/1505
f 2341/1493/1507 2345/4605/4770 2343/1491/1505
f 2346/1495/1509 2349/4608/4773 2350/1496/1510
f 2347/1498/1512 2351/1502/1516 2350/1499/1513
f 2348/1501/1515 2352/4604/4769 2350/1499/1513
f 2633/1806/1845 2636/1817/4840 2637/1807/1846
f 2634/1809/1848 2638/1813/4823 2637/1810/1849
f 2635/5315/1851 2639/4645/4822 2637/5557/1852
f 2640/1814/1854 2643/4654/4843 2644/1815/1855
f 2641/1806/1857 2645/1808/4825 2644/1807/1858
f 2642/5558/1860 2646/1816/4824 2644/1815/1861
f 2647/1821/1863 2650/1829/4821 2651/1822/1864
f 2648/1824/1866 2652/1828/4828 2651/1825/1867
f 2649/5317/1869 2653/4648/4830 2651/5559/1870
f 2654/1821/1872 2657/1823/4831 2658/1822/1873
f 2655/4647/1875 2659/1835/4827 2658/1834/1876
f 2656/1833/1878 2660/4646/4826 2658/1834/1879
f 2661/1836/1881 2664/1844/4835 2665/1837/1882
f 2662/1839/1884 2666/1843/4839 2665/1840/1885
f 2663/5316/1887 2667/4653/4841 2665/5560/1888
f 2668/1836/1890 2671/1838/4842 2672/1837/1891
f 2669/4652/1893 2673/1850/4838 2672/1849/1894
f 2670/1848/1896 2674/5561/4846 2672/1849/1897
f 2675/1851/1899 2678/1859/4829 2679/1852/1900
f 2676/1854/1902 2680/1858/4834 2679/1855/1903
f 2677/5318/1905 2681/4651/4836 2679/5562/1906
f 2682/1851/1908 2685/1853/4837 2686/1852/1909
f 2683/4650/1911 2687/1865/4833 2686/1864/1912
f 2684/1863/1914 2688/4649/4832 2686/1864/1915
f 2689/1866/1845 2692/1877/4840 2693/1867/1846
f 2690/1869/1848 2694/1873/4823 2693/1870/1849
f 2691/5319/1851 2695/4655/4822 2693/5563/1917
f 2696/1874/1854 2699/4665/4843 2700/1875/1855
f 2697/1866/1857 2701/1868/4825 2700/1867/1919
f 2698/5564/1920 2702/1876/4844 2700/1875/1921
f 2703/1881/1863 2706/1889/4821 2707/1882/1864
f 2704/1884/1866 2708/1888/4828 2707/1885/1922
f 2705/5320/1869 2709/4658/4830 2707/5565/1870
f 2710/1881/1872 2713/1883/4831 2714/1882/1923
f 2711/4657/1875 2715/1895/4827 2714/1894/1876
f 2712/1893/1878 2716/4656/4826 2714/1894/1879
f 2717/1896/1881 2720/1904/4835 2721/1897/1924
f 2718/1899/1884 2722/1903/4839 2721/1900/1925
f 2719/4664/1887 2723/5566/4841 2721/5567/1888
f 2724/1896/1890 2727/1898/4842 2728/1897/1891
f 2725/4663/1893 2729/1910/4838 2728/1909/1894
f 2726/1908/1896 2730/4662/4846 2728/1909/1926
f 2731/1911/1899 2734/1919/4829 2735/1912/1900
f 2732/1914/1902 2736/1918/4845 2735/1915/1903
f 2733/4661/1928 2737/5568/4836 2735/5569/1906
f 2738/1911/1908 2741/1913/4837 2742/1912/1909
f 2739/4660/1911 2743/1925/4833 2742/1924/1912
f 2740/1923/1914 2744/4659/4832 2742/1924/1915
f 2745/1926/1930 2748/4686/4866 2749/1927/1931
f 2746/4669/1933 2750/1934/4850 2749/1933/1934
f 2747/1932/1936 2751/4666/4847 2749/1933/1937
f 2752/1935/1939 2755/4668/4849 2756/1936/1940
f 2753/1938/1942 2757/4670/4851 2756/1939/1943
f 2754/1941/1945 2758/4687/4867 2756/1942/1946
f 2759/1944/1948 2762/5570/4953 2763/1945/1949
f 2760/1947/1951 2764/5571/5393 2763/1948/1952
f 2761/1950/1954 2765/4672/4853 2763/1951/1955
f 2766/1953/1957 2769/4675/4856 2770/1954/1958
f 2767/1956/1960 2771/4671/4852 2770/1957/1961
f 2768/1959/1963 2772/4667/4848 2770/1960/1964
f 2773/1962/1966 2776/4673/4854 2777/1963/1967
f 2774/1965/1969 2778/1969/5394 2777/1966/1970
f 2775/4676/1972 2779/4678/4858 2777/5572/1973
f 2780/1970/1975 2783/4680/4860 2784/1971/1976
f 2781/1973/1978 2785/4677/4857 2784/1974/1979
f 2782/1976/1981 2786/4674/4855 2784/1977/1982
f 2787/1979/1984 2790/5573/5395 2791/1980/1985
f 2788/1982/1987 2792/1986/5396 2791/1983/1988
f 2789/1985/1990 2793/5574/4862 2791/1983/1991
f 2794/1987/1993 2797/5575/5397 2798/1988/1994
f 2795/1990/1996 2799/1994/4861 2798/1991/1997
f 2796/1993/1999 2800/4679/4859 2798/1991/2000
f 2801/1995/2002 2804/5576/5398 2805/1996/2003
f 2802/1998/2005 2806/2002/5399 2805/1999/2006
f 2803/2001/2008 2807/4685/4865 2805/1999/2009
f 2808/2003/2011 2811/4688/4868 2812/2004/2012
f 2809/2006/2014 2813/2010/4864 2812/2007/2015
f 2810/2009/2017 2814/5577/4863 2812/2007/2018
f 2885/2087/2110 2888/4730/4909 2889/2088/2111
f 2886/4715/2113 2890/2095/4894 2889/2094/2114
f 2887/2093/2116 2891/4712/4891 2889/2094/2117
f 2892/2096/2119 2895/5587/5408 2896/2097/2120
f 2893/2099/2122 2897/2103/4895 2896/2100/2123
f 2894/4732/2125 2898/4731/4910 2896/5588/2126
f 2899/2104/2128 2902/4713/4892 2903/2105/2129
f 2900/2107/2131 2904/5589/5409 2903/2108/2132
f 2901/2110/2134 2905/4717/4897 2903/2111/2135
f 2906/2113/2137 2909/5590/5410 2910/2114/2138
f 2907/2116/2140 2911/4716/4896 2910/2117/2141
f 2908/2119/2143 2912/4714/4893 2910/2120/2144
f 2913/2122/2146 2916/5591/4933 2917/2123/2147
f 2914/2125/2149 2918/2129/5411 2917/2126/2150
f 2915/4719/2152 2919/4721/4900 2917/5592/2153
f 2920/2130/2155 2923/5593/4937 2924/2131/2156
f 2921/2133/2158 2925/4720/4899 2924/2134/2159
f 2922/2136/2161 2926/4718/4898 2924/2137/2162
f 2927/2139/2164 2930/5594/4935 2931/2140/2165
f 2928/2142/2167 2932/2146/5412 2931/2143/2168
f 2929/2145/2170 2933/5595/4903 2931/2143/2171
f 2934/2147/2173 2937/4728/4906 2938/2148/2174
f 2935/2150/2176 2939/2154/4902 2938/2151/2177
f 2936/2153/2179 2940/4722/4901 2938/2151/2180
f 2941/2155/2182 2944/4725/4904 2945/2156/2183
f 2942/2158/2185 2946/2162/5413 2945/2159/2186
f 2943/2161/2188 2947/4729/4908 2945/2159/2189
f 2948/2163/2191 2951/5596/4940 2952/2164/2192
f 2949/2166/2194 2953/2170/4907 2952/2167/2195
f 2950/2169/2197 2954/5597/4905 2952/2167/2198
f 3025/2247/2110 3028/4776/4909 3029/2248/2111
f 3026/4758/2113 3030/2255/4894 3029/2254/2114
f 3027/2253/2116 3031/4756/4932 3029/2254/2117
f 3032/2256/2119 3035/5608/5408 3036/2257/2290
f 3033/2259/2122 3037/2263/4895 3036/2260/2291
f 3034/4777/2125 3038/4778/4910 3036/5609/2126
f 3039/2264/2128 3042/5610/5421 3043/2265/2129
f 3040/2267/2293 3044/5611/5409 3043/2268/2132
f 3041/2270/2134 3045/4760/4897 3043/2271/2135
f 3046/2273/2137 3049/5612/5410 3050/2274/2294
f 3047/2276/2140 3051/4759/4896 3050/2277/2141
f 3048/2279/2143 3052/4757/4893 3050/2280/2144
f 3053/2282/2146 3056/4761/4933 3057/2283/2297
f 3054/2285/2299 3058/2289/5411 3057/2286/2150
f 3055/4763/2300 3059/4765/4900 3057/5613/2301
f 3060/2290/2155 3063/4768/4937 3064/2291/2156
f 3061/2293/2158 3065/4764/4934 3064/2294/2159
f 3062/2296/2161 3066/4762/4898 3064/2297/2304
f 3067/2299/2164 3070/4766/4935 3071/2300/2165
f 3068/2302/2167 3072/2306/5422 3071/2303/2168
f 3069/2305/2170 3073/5614/4938 3071/2303/2171
f 3074/2307/2173 3077/4774/4906 3078/2308/2174
f 3075/2310/2176 3079/2314/4902 3078/2311/2177
f 3076/2313/2179 3080/4767/4936 3078/2311/2307
f 3081/2315/2182 3084/4771/4939 3085/2316/2183
f 3082/2318/2185 3086/2322/5413 3085/2319/2186
f 3083/2321/2188 3087/4775/4908 3085/2319/2189
f 3088/2323/2191 3091/4779/4940 3092/2324/2192
f 3089/2326/2194 3093/2330/4907 3092/2327/2195
f 3090/2329/2197 3094/5615/4905 3092/2327/2198
f 3165/2407/1930 3168/4822/4955 3169/2408/1931
f 3166/4806/2334 3170/2415/4850 3169/2414/1934
f 3167/2413/1936 3171/4803/4952 3169/2414/1937
f 3172/2416/1939 3175/5626/4849 3176/2417/1940
f 3173/2419/1942 3177/4807/4851 3176/2420/1943
f 3174/2422/1945 3178/4823/4956 3176/2423/1946
f 3179/2425/2337 3182/4804/4953 3183/2426/1949
f 3180/2428/1951 3184/5627/5425 3183/2429/1952
f 3181/2431/1954 3185/4809/4853 3183/2432/1955
f 3186/2434/1957 3189/5628/4856 3190/2435/1958
f 3187/2437/1960 3191/4808/4852 3190/2438/1961
f 3188/2440/1963 3192/4805/4848 3190/2441/2339
f 3193/2443/1966 3196/5629/5426 3197/2444/2341
f 3194/2446/1969 3198/2450/5394 3197/2447/1970
f 3195/4811/1972 3199/4813/4858 3197/5630/1973
f 3200/2451/1975 3203/4815/4860 3204/2452/1976
f 3201/2454/1978 3205/4812/4857 3204/2455/2342
f 3202/2457/1981 3206/4810/4855 3204/2458/1982
f 3207/2460/1984 3210/5631/5395 3211/2461/1985
f 3208/2463/1987 3212/2467/5427 3211/2464/1988
f 3209/2466/1990 3213/5632/4862 3211/2464/1991
f 3214/2468/1993 3217/5633/5397 3218/2469/1994
f 3215/2471/1996 3219/2475/4861 3218/2472/2343
f 3216/2474/2345 3220/4814/4859 3218/2472/2000
f 3221/2476/2002 3224/4818/4954 3225/2477/2003
f 3222/2479/2005 3226/2483/5399 3225/2480/2006
f 3223/2482/2008 3227/4821/4865 3225/2480/2346
f 3228/2484/2011 3231/4824/4868 3232/2485/2347
f 3229/2487/2014 3233/2491/4864 3232/2488/2015
f 3230/2490/2017 3234/5634/4863 3232/2488/2018
f 3305/2568/2377 3308/2572/5429 3309/2569/2378
f 3306/2571/2380 3310/4854/4970 3309/2569/2381
f 3307/2573/2383 3311/4848/4966 3309/2574/2384
f 3312/2576/2386 3315/2580/4969 3316/2577/2387
f 3313/2579/2389 3317/2582/4971 3316/2577/2390
f 3314/2581/2392 3318/2578/4987 3316/2577/2393
f 3319/5644/2395 3322/2588/4967 3323/2587/2396
f 3320/2586/2398 3324/2590/5430 3323/2587/2399
f 3321/2589/2401 3325/4858/4973 3323/2587/2402
f 3326/2591/2404 3329/4859/4975 3330/2592/2405
f 3327/4856/2407 3331/2599/4972 3330/2598/2408
f 3328/2597/2410 3332/5645/4968 3330/2598/2411
f 3333/2600/2413 3336/5646/5431 3337/2601/2414
f 3334/2603/2416 3338/2607/5432 3337/2604/2417
f 3335/4862/2419 3339/2602/4977 3337/2601/2420
f 3340/2608/2422 3343/2612/4980 3344/2609/2423
f 3341/2611/2425 3345/2614/4976 3344/2609/2426
f 3342/2613/2428 3346/2610/4974 3344/2609/2429
f 3347/2615/2431 3350/2619/4978 3351/2616/2432
f 3348/4866/2434 3352/2622/5433 3351/2621/2435
f 3349/2620/2437 3353/4867/4982 3351/2621/2438
f 3354/2623/2440 3357/2627/4984 3358/2624/2441
f 3355/2626/2443 3359/2629/4981 3358/2624/2444
f 3356/2628/2446 3360/2625/4979 3358/2624/2447
f 3361/4868/2449 3364/5647/5434 3365/5648/2450
f 3362/2633/2452 3366/5649/5435 3365/2634/2453
f 3363/2636/2455 3367/2632/4986 3365/2631/2456
f 3368/2638/2458 3371/4872/4988 3372/2639/2459
f 3369/2641/2461 3373/4871/4985 3372/2642/2462
f 3370/2644/2464 3374/4869/4983 3372/2645/2465
f 2270/1406/1424 2272/1408/1426 2261/4579/4751
f 2261/1387/1407 2272/5501/5347 2269/1403/1421
f 2278/1417/1435 2263/1397/1416 2265/1399/1418
f 2265/4581/4753 2262/1394/1413 2276/1411/1429
f 2256/1388/1408 2264/1400/1419 2267/1402/1420
f 2267/4583/1420 2263/1397/1416 2257/1391/1411
f 2277/1414/1432 2271/1409/1427 2274/1410/1428
f 2281/1418/1436 2274/1410/1428 2270/1406/1424
f 2271/1409/1427 2284/5757/1440 2286/4584/1442
f 2286/4586/4755 2283/1419/1437 2269/1403/1421
f 2277/4587/1432 2279/5758/1434 2296/4588/4756
f 2296/1429/1447 2279/5502/5348 2276/1411/1429
f 2285/1425/1443 2288/1426/1444 2295/1434/1452
f 2295/1434/1452 2288/1426/1444 2284/1422/1440
f 2298/1438/1456 2300/1440/1458 2289/4589/4757
f 2289/1421/1439 2300/5503/5349 2297/1435/1453
f 2291/1430/1448 2293/1432/1450 2310/4590/4758
f 2293/4591/4759 2290/1427/1445 2304/1444/1461
f 2305/1447/1464 2299/1441/1459 2302/1443/1460
f 2309/1452/1468 2302/5504/1460 2298/1438/1456
f 2312/1456/1472 2314/1458/1474 2303/4593/4760
f 2314/4594/4761 2311/1453/1469 2297/1435/1453
f 2320/1467/1483 2305/1447/1464 2307/1449/1466
f 2307/4596/4763 2304/1444/1461 2318/1461/1477
f 2319/1464/1480 2313/1459/1475 2316/1460/1476
f 2323/1468/1484 2316/1460/1476 2312/1456/1472
f 2313/1459/1475 2326/1472/1488 2328/1474/1490
f 2328/4598/4765 2325/1469/1485 2311/1453/1469
f 2319/1464/1480 2321/1466/1482 2338/4599/4766
f 2321/4600/4767 2318/1461/1477 2332/1478/1493
f 2327/1475/1491 2330/1477/1492 2337/4601/1500
f 2330/4602/1492 2326/1472/1488 2334/1484/1499
f 2340/1490/1504 2342/1492/1506 2331/4603/4768
f 2331/1471/1487 2342/5507/5351 2339/1487/1501
f 2348/1501/1515 2333/1481/1496 2335/1483/1498
f 2352/1497/1511 2335/5506/5350 2332/1478/1493
f 2347/1498/1512 2341/1493/1507 2344/1494/1508
f 2351/1502/1516 2344/1494/1508 2340/1490/1504
f 2256/1388/1408 2258/1390/1410 2345/4605/4770
f 2258/4606/4771 2255/1385/1405 2339/1487/1501
f 2264/1400/1419 2347/1498/1512 2349/1500/1514
f 2349/4608/4773 2346/1495/1509 2262/1394/1413
f 2633/1806/1845 2639/1808/1847 2650/1829/4821
f 2639/4645/4822 2635/5315/1851 2648/1824/1866
f 2640/1814/1854 2646/1816/1856 2638/1813/4823
f 2646/1816/4824 2642/5558/1860 2635/1812/1851
f 2654/1821/1872 2660/1829/1874 2645/1808/4825
f 2660/4646/4826 2656/1833/1878 2642/1818/1860
f 2649/1827/1869 2652/1828/1871 2659/1835/4827
f 2652/1828/4828 2648/1824/1866 2656/1833/1878
f 2675/1851/1899 2647/1821/1863 2653/1823/1865
f 2653/4648/4830 2649/5317/1869 2676/1854/1902
f 2682/1851/1908 2688/1859/1910 2657/1823/4831
f 2688/4649/4832 2684/1863/1914 2655/1830/1875
f 2677/1857/1905 2680/1858/1907 2687/1865/4833
f 2680/1858/4834 2676/1854/1902 2684/1863/1914
f 2675/1851/1899 2681/1853/1901 2664/1844/4835
f 2681/4651/4836 2677/5318/1905 2662/1839/1884
f 2668/1836/1890 2674/1844/1892 2685/1853/4837
f 2685/1862/1913 2674/5561/4846 2670/1848/1896
f 2663/1842/1887 2666/1843/1889 2673/1850/4838
f 2666/1843/4839 2662/1839/1884 2670/1848/1896
f 2661/1836/1881 2667/1838/1883 2636/1817/4840
f 2667/4653/4841 2663/5316/1887 2634/1809/1848
f 2641/1806/1857 2643/1817/1859 2671/1838/4842
f 2643/4654/4843 2640/1814/1854 2669/1845/1893
f 2689/1866/1845 2695/1868/1847 2706/1889/4821
f 2695/4655/4822 2691/5319/1851 2704/1884/1866
f 2696/1874/1854 2702/1876/1856 2694/1873/4823
f 2702/1876/4844 2698/5564/1920 2691/1872/1851
f 2697/1866/1857 2710/1881/1872 2716/1889/1874
f 2716/4656/4826 2712/1893/1878 2698/1878/1920
f 2705/1887/1869 2708/1888/1871 2715/1895/4827
f 2708/1888/4828 2704/1884/1866 2712/1893/1878
f 2703/1881/1863 2709/1883/1865 2734/1919/4829
f 2709/4658/4830 2705/5320/1869 2732/1914/1902
f 2710/1881/1872 2738/1911/1908 2744/1919/1910
f 2744/4659/4832 2740/1923/1914 2711/1890/1875
f 2733/1917/1928 2736/1918/1929 2743/1925/4833
f 2736/1918/4845 2732/1914/1902 2740/1923/1914
f 2731/1911/1899 2737/1913/1901 2720/1904/4835
f 2720/1901/1886 2737/5568/4836 2733/4661/1928
f 2738/1911/1908 2724/1896/1890 2730/1904/1892
f 2730/4662/4846 2726/1908/1896 2739/1920/1911
f 2719/1902/1887 2722/1903/1889 2729/1910/4838
f 2722/1903/4839 2718/1899/1884 2726/1908/1896
f 2717/1896/1881 2723/1898/1883 2692/1877/4840
f 2692/1871/1850 2723/5566/4841 2719/4664/1887
f 2697/1866/1857 2699/1877/1859 2727/1898/4842
f 2699/4665/4843 2696/1874/1854 2725/1905/1893
f 2760/1947/1951 2762/1949/1953 2751/4666/4847
f 2751/1928/1932 2762/5570/4953 2759/1944/1948
f 2768/1959/1963 2753/1938/1942 2755/1940/1944
f 2755/4668/4849 2752/1935/1939 2766/1953/1957
f 2746/4669/1933 2754/5759/1945 2757/4670/1947
f 2757/4670/4851 2753/1938/1942 2747/1932/1936
f 2761/1950/1954 2764/1952/1956 2771/4671/4852
f 2771/1961/1965 2764/5571/5393 2760/1947/1951
f 2761/1950/1954 2774/1965/1969 2776/1967/1971
f 2776/4673/4854 2773/1962/1966 2759/1944/1948
f 2782/1976/1981 2767/1956/1960 2769/1958/1962
f 2769/4675/4856 2766/1953/1957 2780/1970/1975
f 2775/4676/1972 2778/5760/1974 2785/4677/4857
f 2785/1978/1983 2778/1969/5394 2774/1965/1969
f 2775/4676/1972 2788/1982/1987 2790/1984/1989
f 2779/1964/1968 2790/5573/5395 2787/1979/1984
f 2796/1993/1999 2781/1973/1978 2783/1975/1980
f 2783/4680/4860 2780/1970/1975 2794/1987/1993
f 2789/1985/1990 2792/1986/1992 2799/1994/4861
f 2799/1994/2001 2792/1986/5396 2788/1982/1987
f 2789/4681/1990 2802/1998/2005 2804/2000/2007
f 2793/1981/1986 2804/5576/5398 2801/1995/2002
f 2795/1990/1996 2797/1992/1998 2814/4683/4863
f 2814/2005/2013 2797/5575/5397 2794/1987/1993
f 2803/2001/2008 2806/2002/2010 2813/2010/4864
f 2813/2010/2019 2806/2002/5399 2802/1998/2005
f 2803/2001/2008 2746/1929/1933 2748/1931/1935
f 2748/4686/4866 2745/1926/1930 2801/1995/2002
f 2754/1941/1945 2809/2006/2014 2811/2008/2016
f 2811/4688/4868 2808/2003/2011 2752/1935/1939
f 2900/2107/2131 2902/2109/2133 2891/4712/4891
f 2902/4713/4892 2899/2104/2128 2885/2087/2110
f 2908/2119/2143 2893/2099/2122 2895/2101/2124
f 2912/2115/2139 2895/5587/5408 2892/2096/2119
f 2886/4715/2113 2894/2102/2125 2897/2103/2127
f 2897/2103/4895 2893/2099/2122 2887/2093/2116
f 2901/2110/2134 2904/2112/2136 2911/4716/4896
f 2911/2121/2145 2904/5589/5409 2900/2107/2131
f 2914/2125/2149 2916/2127/2151 2905/4717/4897
f 2905/2106/2130 2916/5591/4933 2913/2122/2146
f 2907/2116/2140 2909/2118/2142 2926/4718/4898
f 2926/2132/2157 2909/5590/5410 2906/2113/2137
f 2915/4719/2152 2918/5764/2154 2925/4720/4899
f 2925/2138/2163 2918/2129/5411 2914/2125/2149
f 2915/4719/2152 2928/2142/2167 2930/2144/2169
f 2919/2124/2148 2930/5594/4935 2927/2139/2164
f 2921/2133/2158 2923/2135/2160 2940/4722/4901
f 2940/2149/2175 2923/5593/4937 2920/2130/2155
f 2929/2145/2170 2932/2146/2172 2939/2154/4902
f 2939/2154/2181 2932/2146/5412 2928/2142/2167
f 2929/4723/2170 2942/2158/2185 2944/2160/2187
f 2944/4725/4904 2941/2155/2182 2927/2139/2164
f 2950/4726/2197 2935/2150/2176 2937/2152/2178
f 2937/4728/4906 2934/2147/2173 2948/2163/2191
f 2943/2161/2188 2946/2162/2190 2953/2170/4907
f 2953/2170/2199 2946/2162/5413 2942/2158/2185
f 2943/2161/2188 2886/2090/2113 2888/2092/2115
f 2888/4730/4909 2885/2087/2110 2941/2155/2182
f 2949/2166/2194 2951/2168/2196 2898/4731/4910
f 2898/2098/2121 2951/5596/4940 2948/2163/2191
f 3040/2267/2293 3042/2269/2133 3031/4756/4932
f 3031/2249/2112 3042/5610/5421 3039/2264/2128
f 3033/2259/2122 3035/2261/2124 3052/4757/4893
f 3052/2275/2139 3035/5608/5408 3032/2256/2119
f 3026/4758/2113 3034/2262/2125 3037/2263/2127
f 3037/2263/4895 3033/2259/2122 3027/2253/2116
f 3041/2270/2134 3044/2272/2136 3051/4759/4896
f 3051/2281/2296 3044/5611/5409 3040/2267/2293
f 3041/2270/2134 3054/2285/2299 3056/2287/2151
f 3056/4761/4933 3053/2282/2146 3039/2264/2128
f 3047/2276/2140 3049/2278/2295 3066/4762/4898
f 3066/2292/2303 3049/5612/5410 3046/2273/2137
f 3055/4763/2300 3058/5768/2302 3065/4764/4934
f 3065/2298/2163 3058/2289/5411 3054/2285/2299
f 3055/4763/2300 3068/2302/2167 3070/2304/2306
f 3070/4766/4935 3067/2299/2164 3053/2282/2146
f 3076/2313/2179 3061/2293/2158 3063/2295/2160
f 3063/4768/4937 3060/2290/2155 3074/2307/2173
f 3069/2305/2170 3072/2306/2172 3079/2314/4902
f 3079/2314/2181 3072/2306/5422 3068/2302/2167
f 3082/2318/2185 3084/2320/2187 3073/4769/4938
f 3084/4771/4939 3081/2315/2182 3067/2299/2164
f 3090/4772/2197 3075/2310/2176 3077/2312/2178
f 3077/4774/4906 3074/2307/2173 3088/2323/2191
f 3083/2321/2188 3086/2322/2190 3093/2330/4907
f 3093/2330/2308 3086/2322/5413 3082/2318/2185
f 3083/2321/2188 3026/2250/2113 3028/2252/2115
f 3028/4776/4909 3025/2247/2110 3081/2315/2182
f 3034/4777/2125 3089/2326/2194 3091/2328/2196
f 3091/4779/4940 3088/2323/2191 3032/2256/2119
f 3180/2428/1951 3182/2430/1953 3171/4803/4952
f 3182/4804/4953 3179/2425/2337 3165/2407/1930
f 3173/2419/1942 3175/2421/2336 3192/4805/4848
f 3192/2436/1959 3175/5626/4849 3172/2416/1939
f 3166/4806/2334 3174/5772/1945 3177/4807/1947
f 3177/4807/4851 3173/2419/1942 3167/2413/1936
f 3181/2431/1954 3184/2433/1956 3191/4808/4852
f 3191/2442/2340 3184/5627/5425 3180/2428/1951
f 3194/2446/1969 3196/2448/1971 3185/4809/4853
f 3185/2427/2338 3196/5629/5426 3193/2443/1966
f 3187/2437/1960 3189/2439/1962 3206/4810/4855
f 3206/2453/1977 3189/5628/4856 3186/2434/1957
f 3195/4811/1972 3198/5773/1974 3205/4812/4857
f 3205/2459/1983 3198/2450/5394 3194/2446/1969
f 3195/4811/1972 3208/2463/1987 3210/2465/1989
f 3199/2445/1968 3210/5631/5395 3207/2460/1984
f 3201/2454/1978 3203/2456/1980 3220/4814/4859
f 3203/4815/4860 3200/2451/1975 3214/2468/1993
f 3209/2466/1990 3212/2467/1992 3219/2475/4861
f 3219/2475/2001 3212/2467/5427 3208/2463/1987
f 3209/4816/1990 3222/2479/2005 3224/2481/2007
f 3224/4818/4954 3221/2476/2002 3207/2460/1984
f 3230/4819/2017 3215/2471/1996 3217/2473/2344
f 3234/2486/2013 3217/5633/5397 3214/2468/1993
f 3223/2482/2008 3226/2483/2010 3233/2491/4864
f 3233/2491/2019 3226/2483/5399 3222/2479/2005
f 3223/2482/2008 3166/2410/2334 3168/2412/2335
f 3168/4822/4955 3165/2407/1930 3221/2476/2002
f 3174/2422/1945 3229/2487/2014 3231/2489/2016
f 3231/4824/4868 3228/2484/2011 3172/2416/1939
f 3320/2586/2398 3322/2588/2400 3311/4848/4966
f 3322/4849/4967 3319/2583/2395 3305/4850/2377
f 3313/2579/2389 3315/2580/2391 3332/2593/4968
f 3315/2580/4969 3312/2576/2386 3326/2591/2404
f 3306/2571/2380 3314/5343/2392 3317/4853/2394
f 3317/4855/4971 3313/5342/2389 3307/2573/2383
f 3321/2589/2401 3324/2590/2403 3331/2599/4972
f 3331/2599/2412 3324/2590/5430 3320/2586/2398
f 3321/2589/2401 3334/5776/2416 3336/4857/2418
f 3325/2585/2397 3336/5646/5431 3333/2600/2413
f 3342/2613/2428 3327/2594/2407 3329/2596/2409
f 3329/4859/4975 3326/2591/2404 3340/4860/2422
f 3335/2606/2419 3338/2607/2421 3345/2614/4976
f 3345/2614/2430 3338/2607/5432 3334/2603/2416
f 3335/4862/2419 3348/2618/2434 3350/2619/2436
f 3350/2619/4978 3347/2615/2431 3333/2600/2413
f 3341/2611/2425 3343/2612/2427 3360/4863/4979
f 3343/2612/4980 3340/2608/2422 3354/4865/2440
f 3349/2620/2437 3352/2622/2439 3359/2629/4981
f 3359/2629/2448 3352/2622/5433 3348/4866/2434
f 3349/2620/2437 3362/2633/2452 3364/2635/2454
f 3353/2617/2433 3364/5647/5434 3361/4868/2449
f 3370/2644/2464 3355/2626/2443 3357/2627/2445
f 3357/4870/4984 3354/5344/2440 3368/2638/2458
f 3363/2636/2455 3366/2637/2457 3373/4871/4985
f 3373/2646/2466 3366/5649/5435 3362/2633/2452
f 3306/2571/2380 3308/2572/2382 3367/2632/4986
f 3367/2632/2451 3308/2572/5429 3305/2568/2377
f 3314/2581/2392 3369/5777/2461 3371/4872/2463
f 3371/4872/4988 3368/2638/2458 3312/2576/2386
f 2339/1487/1501 2255/1385/1405 2269/1403/1421
f 2269/1403/1421 2283/1419/1437 2297/1435/1453
f 2297/1435/1453 2311/1453/1469 2325/1469/1485
f 2325/1469/1485 2339/1487/1501 2297/1435/1453
f 2257/1391/1411 2263/1397/1416 2278/1417/1435
f 2347/1498/1512 2264/1400/1419 2256/1388/1408
f 2290/1427/1445 2276/1411/1429 2304/1444/1461
f 2276/1411/1429 2262/1394/1413 2304/1444/1461
f 2262/1394/1413 2346/1495/1509 2332/1478/1493
f 2332/1478/1493 2318/1461/1477 2304/1444/1461
f 2277/4587/1432 2292/1433/1451 2284/1422/1440
f 2291/1430/1448 2306/1450/1467 2298/1438/1456
f 2305/1447/1464 2320/1467/1483 2312/1456/1472
f 2313/1459/1475 2319/1464/1480 2334/1484/1499
f 2327/1475/1491 2333/1481/1496 2348/1501/1515
f 2675/1851/1899 2661/1836/1881 2633/1806/1845
f 2642/1818/1860 2656/1833/1878 2648/1824/1866
f 2669/1845/1893 2640/1814/1854 2634/1809/1848
f 2654/1821/1872 2641/1806/1857 2668/1836/1890
f 2655/1830/1875 2684/1863/1914 2676/1854/1902
f 2683/1860/1911 2670/1848/1896 2662/1839/1884
f 2731/1911/1899 2717/1896/1881 2689/1866/1845
f 2698/1878/1920 2712/1893/1878 2704/1884/1866
f 2725/1905/1893 2696/1874/1854 2690/1869/1848
f 2710/1881/1872 2697/1866/1857 2724/1896/1890
f 2711/1890/1875 2740/1923/1914 2732/1914/1902
f 2739/1920/1911 2726/1908/1896 2718/1899/1884
f 2801/1995/2002 2745/1926/1930 2787/1979/1984
f 2745/1926/1930 2759/1944/1948 2787/1979/1984
f 2753/1938/1942 2768/1959/1963 2760/1947/1951
f 2803/2001/2008 2809/2006/2014 2754/1941/1945
f 2780/1970/1975 2766/1953/1957 2794/1987/1993
f 2766/1953/1957 2752/1935/1939 2794/1987/1993
f 2767/1956/1960 2782/1976/1981 2774/1965/1969
f 2781/1973/1978 2796/1993/1999 2788/1982/1987
f 2795/5321/1996 2810/2009/2017 2802/1998/2005
f 2941/2155/2182 2885/2087/2110 2899/2104/2128
f 2899/2104/2128 2913/2122/2146 2927/2139/2164
f 2893/2099/2122 2908/2119/2143 2900/2107/2131
f 2943/2161/2188 2949/2166/2194 2894/4732/2125
f 2920/2130/2155 2906/2113/2137 2934/2147/2173
f 2906/2113/2137 2892/2096/2119 2934/2147/2173
f 2907/2116/2140 2922/2136/2161 2914/2125/2149
f 2921/2133/2158 2936/2153/2179 2928/2142/2167
f 2935/5326/2176 2950/2169/2197 2942/2158/2185
f 3081/2315/2182 3025/2247/2110 3039/2264/2128
f 3039/2264/2128 3053/2282/2146 3067/2299/2164
f 3033/2259/2122 3048/2279/2143 3040/2267/2293
f 3083/2321/2188 3089/2326/2194 3034/4777/2125
f 3060/2290/2155 3046/2273/2137 3032/2256/2119
f 3032/2256/2119 3088/2323/2191 3074/2307/2173
f 3047/2276/2140 3062/2296/2161 3054/2285/2299
f 3061/2293/2158 3076/2313/2179 3068/2302/2167
f 3069/4770/2170 3075/5814/2176 3090/2329/2197
f 3221/2476/2002 3165/2407/1930 3207/2460/1984
f 3165/2407/1930 3179/2425/2337 3207/2460/1984
f 3173/2419/1942 3188/2440/1963 3180/2428/1951
f 3229/2487/2014 3174/2422/1945 3166/2410/2334
f 3200/2451/1975 3186/2434/1957 3172/2416/1939
f 3172/2416/1939 3228/2484/2011 3214/2468/1993
f 3181/2431/1954 3187/2437/1960 3202/2457/1981
f 3201/2454/1978 3216/2474/2345 3208/2463/1987
f 3215/5336/1996 3230/2490/2017 3222/2479/2005
f 3361/4868/2449 3305/4850/2377 3347/2615/2431
f 3305/4850/2377 3319/2583/2395 3347/2615/2431
f 3313/5342/2389 3328/2597/2410 3320/2586/2398
f 3363/2636/2455 3369/2641/2461 3314/5343/2392
f 3340/4860/2422 3326/2591/2404 3354/5344/2440
f 3326/2591/2404 3312/2576/2386 3354/5344/2440
f 3327/2594/2407 3342/2613/2428 3334/2603/2416
f 3341/2611/2425 3356/4864/2446 3348/5346/2434
f 3349/2620/2437 3355/2626/2443 3370/2644/2464
usemtl rag
f 2353/1503/1517 2357/1504/1518 2359/1505/1519
f 2354/1506/1520 2357/1507/1521 2356/1508/1522
f 2355/1509/1523 2357/1507/1521 2358/1510/1524
f 2360/1511/1525 2364/1512/1526 2366/1513/1527
f 2361/1514/1528 2364/1515/1529 2363/1516/1530
f 2362/1517/1531 2364/1515/1529 2365/1518/1532
f 2367/1519/1533 2371/1520/1534 2373/1521/1535
f 2372/1522/1536 2370/1523/1537 2368/1524/1538
f 2373/1525/1539 2372/1526/1536 2369/1527/1540
f 2374/1528/1541 2378/1529/1542 2380/1530/1543
f 2379/1531/1544 2377/1532/1545 2375/1533/1546
f 2380/1534/1547 2379/1535/1544 2376/1536/1548
f 2381/1537/1549 2385/1538/1550 2387/1539/1551
f 2386/1540/1552 2384/1541/1553 2382/1542/1554
f 2387/1543/1555 2386/1540/1552 2383/1544/1556
f 2388/1545/1557 2392/1546/1558 2394/1547/1559
f 2389/1548/1560 2392/1549/1561 2391/1550/1562
f 2390/1551/1563 2392/1549/1561 2393/1552/1564
f 2395/1553/1565 2399/1554/1566 2401/1555/1567
f 2400/1556/1568 2398/1557/1569 2396/1558/1570
f 2401/1559/1571 2400/1560/1568 2397/1561/1572
f 2402/1562/1573 2406/1563/1574 2408/1564/1575
f 2407/1565/1576 2405/1566/1577 2403/1567/1578
f 2408/1568/1579 2407/1569/1576 2404/1570/1580
f 2409/1571/1581 2413/1572/1582 2415/1573/1583
f 2414/1574/1584 2412/1575/1585 2410/1576/1586
f 2415/1577/1587 2414/1574/1584 2411/1578/1588
f 2416/1579/1589 2420/1580/1590 2422/1581/1591
f 2417/1582/1592 2420/1583/1593 2419/1584/1594
f 2418/1585/1595 2420/1583/1593 2421/1586/1596
f 2423/1587/1597 2427/1588/1598 2429/1589/1599
f 2428/1590/1600 2426/1591/1601 2424/1592/1602
f 2429/1557/1603 2428/1593/1600 2425/1558/1604
f 2430/1594/1605 2434/1595/1606 2436/1596/1607
f 2435/1569/1608 2433/1568/1609 2431/1570/1610
f 2436/1597/1611 2435/1598/1608 2432/1599/1612
f 2437/1600/1613 2441/1601/1614 2443/1602/1615
f 2438/1544/1616 2441/1603/1617 2440/1604/1618
f 2439/1542/1619 2441/1603/1617 2442/1605/1620
f 2444/1606/1621 2448/1607/1622 2450/1608/1623
f 2445/1551/1624 2448/1549/1625 2447/1609/1626
f 2446/1548/1627 2448/1549/1625 2449/1552/1628
f 2451/1610/1629 2455/1611/1630 2457/1612/1631
f 2456/1526/1632 2454/1613/1633 2452/1527/1634
f 2457/1614/1635 2456/1615/1632 2453/1616/1636
f 2458/1617/1637 2462/1618/1638 2464/1619/1639
f 2463/1620/1640 2461/1621/1641 2459/1622/1642
f 2464/1532/1643 2463/1531/1640 2460/1533/1644
f 2465/1623/1645 2469/1624/1646 2471/1625/1647
f 2470/1626/1648 2468/1627/1649 2466/1628/1650
f 2471/1629/1651 2470/1626/1648 2467/1630/1652
f 2472/1631/1653 2476/1632/1654 2478/1633/1655
f 2477/1634/1656 2475/1635/1657 2473/1636/1658
f 2478/1637/1659 2477/1634/1656 2474/1638/1660
f 2479/1639/1661 2483/1640/1662 2485/1641/1663
f 2484/1642/1664 2482/1643/1665 2480/1644/1666
f 2485/1645/1667 2484/1646/1664 2481/1647/1668
f 2486/1648/1669 2490/1649/1670 2492/1650/1671
f 2487/1651/1672 2490/1652/1673 2489/1653/1674
f 2488/1654/1675 2490/1655/1673 2491/1656/1676
f 2493/1657/1677 2497/1658/1678 2499/1659/1679
f 2494/1660/1680 2497/1661/1681 2496/1662/1682
f 2495/1663/1683 2497/1661/1681 2498/1664/1684
f 2500/1665/1685 2504/1666/1686 2506/1667/1687
f 2501/1668/1688 2504/1669/1689 2503/1670/1690
f 2502/1671/1691 2504/1669/1689 2505/1672/1692
f 2507/1673/1693 2511/1674/1694 2513/1675/1695
f 2512/1676/1696 2510/1677/1697 2508/1678/1698
f 2513/1679/1699 2512/1680/1696 2509/1681/1700
f 2514/1682/1701 2518/1683/1702 2520/1684/1703
f 2519/1685/1704 2517/1686/1705 2515/1687/1706
f 2520/1688/1707 2519/1689/1704 2516/1690/1708
f 2521/1691/1709 2525/1692/1710 2527/1693/1711
f 2526/1694/1712 2524/1695/1713 2522/1696/1714
f 2527/1697/1715 2526/1694/1712 2523/1698/1716
f 2528/1699/1717 2532/1700/1718 2534/1701/1719
f 2533/1702/1720 2531/1703/1721 2529/1704/1722
f 2534/1705/1723 2533/1702/1720 2530/1706/1724
f 2535/1707/1725 2539/1708/1726 2541/1709/1727
f 2540/1710/1728 2538/1711/1729 2536/1712/1730
f 2541/1677/1731 2540/1676/1728 2537/1678/1732
f 2542/1713/1733 2546/1714/1734 2548/1715/1735
f 2547/1689/1736 2545/1688/1737 2543/1690/1738
f 2548/1716/1739 2547/1717/1736 2544/1718/1740
f 2549/1719/1741 2553/1720/1742 2555/1721/1743
f 2550/1663/1744 2553/1661/1745 2552/1722/1746
f 2551/1660/1747 2553/1661/1745 2554/1664/1748
f 2556/1723/1749 2560/1724/1750 2562/1725/1751
f 2557/1671/1752 2560/1669/1753 2559/1726/1754
f 2558/1668/1755 2560/1669/1753 2561/1672/1756
f 2563/1727/1757 2567/1728/1758 2569/1729/1759
f 2568/1646/1760 2566/1730/1761 2564/1647/1762
f 2569/1731/1763 2568/1732/1760 2565/1733/1764
f 2570/1734/1765 2574/1735/1766 2576/1736/1767
f 2575/1737/1768 2573/1738/1769 2571/1739/1770
f 2576/1740/1771 2575/1741/1768 2572/1651/1772
f 2577/1742/1773 2581/1743/1774 2583/1744/1775
f 2578/1745/1776 2581/1746/1777 2580/1747/1778
f 2579/1748/1779 2581/1749/1780 2582/1750/1781
f 2584/1751/1782 2588/1752/1783 2590/1753/1784
f 2585/1754/1785 2588/1755/1786 2587/1756/1787
f 2586/1757/1788 2588/1758/1789 2589/1759/1790
f 2591/1760/1791 2595/1761/1792 2597/1762/1793
f 2592/1763/1794 2595/1764/1795 2594/1765/1796
f 2593/1745/1797 2595/1746/1798 2596/1766/1799
f 2598/1767/1800 2602/1768/1801 2604/1769/1802
f 2599/1751/1803 2602/1752/1804 2601/1770/1805
f 2600/1771/1806 2602/1772/1807 2603/1773/1808
f 2605/1774/1809 2609/1775/1810 2611/1776/1811
f 2606/1777/1812 2609/1778/1813 2608/1779/1814
f 2607/1780/1815 2609/1781/1816 2610/1782/1817
f 2612/1783/1818 2616/1784/1819 2618/1785/1820
f 2613/1786/1821 2616/1787/1822 2615/1788/1823
f 2614/1789/1824 2616/1790/1825 2617/1791/1826
f 2619/1792/1827 2623/1793/1828 2625/1794/1829
f 2620/1780/1830 2623/1781/1831 2622/1795/1832
f 2621/1796/1833 2623/1797/1834 2624/1798/1835
f 2626/1799/1836 2630/1800/1837 2632/1801/1838
f 2627/1802/1839 2630/1803/1840 2629/1804/1841
f 2628/1786/1842 2630/1787/1843 2631/1805/1844
f 4081/3151/2962 4085/3152/2963 4087/3153/2964
f 4082/3154/2965 4085/3155/2966 4084/3156/2967
f 4083/3157/2968 4085/3158/2969 4086/3159/2970
f 4088/3160/2971 4092/3161/2972 4094/3162/2973
f 4089/3163/2974 4092/3164/2975 4091/3165/2976
f 4090/3166/2977 4092/3167/2978 4093/3168/2979
f 4095/3169/2980 4099/3170/2981 4101/3171/2982
f 4096/3172/2983 4099/3173/2984 4098/3174/2985
f 4097/3175/2986 4099/3176/2987 4100/3177/2988
f 4102/3178/2989 4106/3179/2990 4108/3180/2991
f 4103/3181/2992 4106/3182/2993 4105/3183/2994
f 4104/3184/2995 4106/3185/2996 4107/3186/2997
f 4109/3187/2998 4113/3188/2999 4115/3189/3000
f 4110/3190/3001 4113/3191/3002 4112/3192/3003
f 4111/3193/3004 4113/3194/3005 4114/3195/3006
f 4116/3196/3007 4120/3197/3008 4122/3198/3009
f 4117/3199/3010 4120/3200/3011 4119/3201/3012
f 4118/3202/3013 4120/3203/3014 4121/3204/3015
f 4123/3205/3016 4127/3206/3017 4129/3207/3018
f 4124/3208/3019 4127/3209/3020 4126/3210/3021
f 4125/3211/3022 4127/3212/3023 4128/3213/3024
f 4130/3214/3025 4134/3215/3026 4136/3216/3027
f 4131/3217/3028 4134/3218/3029 4133/3219/3030
f 4132/3220/3031 4134/3221/3032 4135/3222/3033
f 4137/3223/3034 4141/3224/3035 4143/3225/3036
f 4138/3226/3037 4141/3227/3038 4140/3228/3039
f 4139/3229/3040 4141/3230/3041 4142/3231/3042
f 4144/3232/3043 4148/3233/3044 4150/3234/3045
f 4145/3223/3046 4148/3224/3047 4147/3235/3048
f 4146/3236/3049 4148/3237/3050 4149/3238/3051
f 4151/3239/3052 4155/3240/3053 4157/3241/3054
f 4152/3242/3055 4155/3243/3056 4154/3244/3057
f 4153/3245/3058 4155/3246/3059 4156/3247/3060
f 4158/3239/3061 4162/3240/3062 4164/3248/3063
f 4159/3249/3064 4162/3250/3065 4161/3251/3066
f 4160/3252/3067 4162/3253/3068 4163/3254/3069
f 4165/3255/3070 4169/3256/3071 4171/3257/3072
f 4166/3258/3073 4169/3259/3074 4168/3260/3075
f 4167/3261/3076 4169/3262/3077 4170/3263/3078
f 4172/3255/3079 4176/3264/3080 4178/3265/3081
f 4173/3266/3082 4176/3267/3083 4175/3268/3084
f 4174/3269/3085 4176/3270/3086 4177/3271/3087
f 4179/3272/3088 4183/3273/3089 4185/3274/3090
f 4180/3275/3091 4183/3276/3092 4182/3277/3093
f 4181/3278/3094 4183/3279/3095 4184/3280/3096
f 4186/3272/3097 4190/3281/3098 4192/3282/3099
f 4187/3283/3100 4190/3284/3101 4189/3285/3102
f 4188/3286/3103 4190/3287/3104 4191/3288/3105
f 4193/3289/3106 4197/3290/3107 4199/3291/3108
f 4194/3292/3109 4197/3293/3110 4196/3294/3111
f 4195/3295/3112 4197/3296/3113 4198/3297/3114
f 4200/3298/3115 4204/3299/3116 4206/3300/3117
f 4201/3301/3118 4204/3302/3119 4203/3303/3120
f 4202/3304/3121 4204/3305/3122 4205/3306/3123
f 4207/3307/3124 4211/3308/3125 4213/3309/3126
f 4208/3310/3127 4211/3311/3128 4210/3312/3129
f 4209/3313/3130 4211/3314/3131 4212/3315/3132
f 4214/3316/3133 4218/3317/3134 4220/3318/3135
f 4215/3319/3136 4218/3320/3137 4217/3321/3138
f 4216/3322/3139 4218/3323/3140 4219/3324/3141
f 4221/3325/3142 4225/3326/3143 4227/3327/3144
f 4222/3328/3145 4225/3329/3146 4224/3330/3147
f 4223/3331/3148 4225/3332/3149 4226/3333/3150
f 4228/3334/3151 4232/3335/3152 4234/3336/3153
f 4229/3337/3154 4232/3338/3155 4231/3339/3156
f 4230/3340/3157 4232/3341/3158 4233/3342/3159
f 4235/3343/3160 4239/3344/3161 4241/3345/3162
f 4236/3346/3163 4239/3347/3164 4238/3348/3165
f 4237/3349/3166 4239/3350/3167 4240/3351/3168
f 4242/3352/3169 4246/3353/3170 4248/3354/3171
f 4243/3355/3172 4246/3356/3173 4245/3357/3174
f 4244/3358/3175 4246/3359/3176 4247/3360/3177
f 4249/3361/3178 4253/3362/3179 4255/3363/3180
f 4250/3364/3181 4253/3365/3182 4252/3366/3183
f 4251/3367/3184 4253/3368/3185 4254/3369/3186
f 4256/3370/3187 4260/3371/3188 4262/3372/3189
f 4257/3361/3190 4260/3362/3191 4259/3373/3192
f 4258/3374/3193 4260/3375/3194 4261/3376/3195
f 4263/3377/3196 4267/3378/3197 4269/3379/3198
f 4264/3380/3199 4267/3381/3200 4266/3382/3201
f 4265/3383/3202 4267/3384/3203 4268/3385/3204
f 4270/3377/3205 4274/3386/3206 4276/3387/3207
f 4271/3388/3208 4274/3389/3209 4273/3390/3210
f 4272/3391/3211 4274/3392/3212 4275/3393/3213
f 4277/3394/3214 4281/3395/3215 4283/3396/3216
f 4278/3397/3217 4281/3398/3218 4280/3399/3219
f 4279/3400/3220 4281/3401/3221 4282/3402/3222
f 4284/3394/3223 4288/3395/3224 4290/3403/3225
f 4285/3404/3226 4288/3405/3227 4287/3406/3228
f 4286/3407/3229 4288/3408/3230 4289/3409/3231
f 4291/3410/3232 4295/3411/3233 4297/3412/3234
f 4292/3413/3235 4295/3414/3236 4294/3415/3237
f 4293/3416/3238 4295/3417/3239 4296/3418/3240
f 4298/3410/3241 4302/3411/3242 4304/3419/3243
f 4299/3420/3244 4302/3421/3245 4301/3422/3246
f 4300/3423/3247 4302/3424/3248 4303/3425/3249
f 2368/1524/1538 2359/4609/4774 2355/1509/1523
f 2359/1505/1519 2367/1519/1533 2353/1503/1517
f 2376/1536/1548 2363/1516/1530 2380/1534/1547
f 2363/4610/4775 2374/1528/1541 2380/1530/1543
f 2354/1506/1520 2365/1518/1532 2358/1510/1524
f 2365/1518/1532 2355/1509/1523 2358/1510/1524
f 2369/1527/1540 2379/1531/1544 2375/1533/1546
f 2372/1522/1536 2376/1536/1548 2379/1535/1544
f 2369/1527/1540 2384/1541/1553 2373/1525/1539
f 2373/1521/1535 2381/1537/1549 2367/1519/1533
f 2375/1533/1546 2394/1609/4776 2390/1551/1563
f 2394/1547/1559 2374/1528/1541 2388/1545/1557
f 2389/1548/1560 2386/1540/1552 2393/1552/1564
f 2386/1540/1552 2390/1551/1563 2393/1552/1564
f 2383/1544/1556 2398/1557/1569 2387/1543/1555
f 2387/1539/1551 2395/1553/1565 2381/1537/1549
f 2404/1570/1580 2391/1550/1562 2408/1568/1579
f 2391/4611/4777 2402/1562/1573 2408/1564/1575
f 2397/1561/1572 2407/1565/1576 2403/1567/1578
f 2400/1556/1568 2404/1570/1580 2407/1569/1576
f 2410/1576/1586 2401/1559/1571 2397/1561/1572
f 2401/1555/1567 2409/1571/1581 2395/1553/1565
f 2403/1567/1578 2422/4612/4778 2418/1585/1595
f 2422/1581/1591 2402/1562/1573 2416/1579/1589
f 2417/1582/1592 2414/1574/1584 2421/1586/1596
f 2414/1574/1584 2418/1585/1595 2421/1586/1596
f 2411/1578/1588 2426/1591/1601 2415/1577/1587
f 2415/1573/1583 2423/1587/1597 2409/1571/1581
f 2432/1599/1612 2419/1584/1594 2436/1597/1611
f 2419/4613/4779 2430/1594/1605 2436/1596/1607
f 2431/1570/1610 2428/1593/1600 2435/1569/1608
f 2428/1590/1600 2432/1599/1612 2435/1598/1608
f 2425/1558/1604 2440/1604/1618 2429/1557/1603
f 2440/4614/4780 2423/1587/1597 2429/1589/1599
f 2431/1570/1610 2450/1550/4781 2446/1548/1627
f 2450/1608/1623 2430/1594/1605 2444/1606/1621
f 2439/1542/1619 2449/1552/1628 2445/1551/1624
f 2442/1605/1620 2446/1548/1627 2449/1552/1628
f 2452/1527/1634 2443/4615/4782 2439/1542/1619
f 2443/1602/1615 2451/1610/1629 2437/1600/1613
f 2460/1533/1644 2447/1609/1626 2464/1532/1643
f 2447/4616/4783 2458/1617/1637 2464/1619/1639
f 2453/1616/1636 2463/1620/1640 2459/1622/1642
f 2463/1531/1640 2452/1527/1634 2460/1533/1644
f 2453/1616/1636 2356/1508/1522 2457/1614/1635
f 2356/4617/4784 2451/1610/1629 2457/1612/1631
f 2459/1622/1642 2366/4618/4785 2362/1517/1531
f 2366/1513/1527 2458/1617/1637 2360/1511/1525
f 2467/1630/1652 2482/1643/1665 2471/1629/1651
f 2482/4619/4786 2465/1623/1645 2471/1625/1647
f 2473/1636/1658 2492/4620/4787 2488/1654/1675
f 2492/1650/1671 2472/1631/1653 2486/1648/1669
f 2474/1638/1660 2470/1626/1648 2466/1628/1650
f 2470/1626/1648 2473/1636/1658 2467/1630/1652
f 2487/1651/1672 2484/1646/1664 2491/4621/1676
f 2484/1642/1664 2488/1654/1675 2491/1656/1676
f 2481/1647/1668 2496/1662/1682 2485/1645/1667
f 2496/4622/4788 2479/1639/1661 2485/1641/1663
f 2502/1671/1691 2489/1653/1674 2506/1726/4789
f 2489/4623/4790 2500/1665/1685 2506/1667/1687
f 2495/1663/1683 2505/1672/1692 2501/1668/1688
f 2505/1672/1692 2494/1660/1680 2502/1671/1691
f 2508/1678/1698 2499/1722/4791 2495/1663/1683
f 2499/1659/1679 2507/1673/1693 2493/1657/1677
f 2516/1690/1708 2503/1670/1690 2520/1688/1707
f 2503/4624/4792 2514/1682/1701 2520/1684/1703
f 2515/1687/1706 2512/1680/1696 2519/1685/1704
f 2519/1689/1704 2508/1678/1698 2516/1690/1708
f 2522/1696/1714 2513/1679/1699 2509/1681/1700
f 2524/4625/4793 2507/1673/1693 2513/1675/1695
f 2515/1687/1706 2534/1705/1723 2530/1706/1724
f 2534/1701/1719 2514/1682/1701 2528/1699/1717
f 2523/1698/1716 2533/1702/1720 2529/1704/1722
f 2526/1694/1712 2530/1706/1724 2533/1702/1720
f 2536/1712/1730 2527/1697/1715 2523/1698/1716
f 2538/4626/4794 2521/1691/1709 2527/1693/1711
f 2544/1718/1740 2531/1703/1721 2548/1716/1739
f 2548/1715/1735 2528/1699/1717 2542/1713/1733
f 2537/1678/1732 2547/1689/1736 2543/1690/1738
f 2540/1710/1728 2544/1718/1740 2547/1717/1736
f 2537/1678/1732 2552/1722/1746 2541/1677/1731
f 2552/4627/4795 2535/1707/1725 2541/1709/1727
f 2543/1690/1738 2562/1670/4796 2558/1668/1755
f 2562/1725/1751 2542/1713/1733 2556/1723/1749
f 2551/1660/1747 2561/1672/1756 2557/1671/1752
f 2561/1672/1756 2550/1663/1744 2558/1668/1755
f 2564/1647/1762 2555/1662/4797 2551/1660/1747
f 2555/1721/1743 2563/1727/1757 2549/1719/1741
f 2572/1651/1772 2559/1726/1754 2576/1740/1771
f 2559/4628/4798 2570/1734/1765 2576/1736/1767
f 2565/1733/1764 2575/1737/1768 2571/1739/1770
f 2575/1741/1768 2564/1647/1762 2572/1651/1772
f 2466/1628/1650 2569/1731/1763 2565/1733/1764
f 2468/4629/4799 2563/1727/1757 2569/1729/1759
f 2474/1638/1660 2573/1738/1769 2478/1637/1659
f 2478/1633/1655 2570/1734/1765 2472/1631/1653
f 2577/1742/1773 2594/4630/4800 2591/1760/1791
f 2583/4631/4801 2592/1763/1794 2594/1765/1796
f 2584/1751/1782 2582/1766/4802 2578/1745/1776
f 2582/1750/1781 2586/1757/1788 2579/1748/1779
f 2598/1767/1800 2589/4632/4803 2585/1754/1785
f 2604/4633/4804 2586/1757/1788 2589/1759/1790
f 2593/1745/1797 2603/1753/4805 2599/1751/1803
f 2596/4634/4806 2600/1771/1806 2603/1773/1808
f 2591/1760/1791 2622/4635/4807 2619/1792/1827
f 2622/1795/1832 2593/1745/1797 2620/1780/1830
f 2626/1799/1836 2601/4636/4808 2598/1767/1800
f 2601/1770/1805 2628/1786/1842 2599/1751/1803
f 2627/1802/1839 2624/1798/1835 2631/4637/4809
f 2624/1782/4810 2628/1786/1842 2631/1805/1844
f 2619/1792/1827 2608/4638/4811 2605/1774/1809
f 2625/4639/4812 2606/1777/1812 2608/1779/1814
f 2612/1783/1818 2629/4640/4813 2626/1799/1836
f 2618/4641/4814 2627/1802/1839 2629/1804/1841
f 2607/1780/1815 2617/1805/4815 2613/1786/1821
f 2610/4642/4816 2614/1789/1824 2617/1791/1826
f 2577/1742/1773 2611/1776/1811 2580/4643/4817
f 2611/1795/4818 2578/1745/1776 2580/1747/1778
f 2612/1783/1818 2587/1756/1787 2615/4644/4819
f 2587/1770/4820 2613/1786/1821 2615/1788/1823
f 4081/3151/2962 4098/5052/5133 4095/3169/2980
f 4098/3174/2985 4083/3157/2968 4096/3172/2983
f 4088/3160/2971 4086/5053/5134 4082/3154/2965
f 4086/3159/2970 4090/3166/2977 4083/3157/2968
f 4089/3163/2974 4108/3180/2991 4093/5054/5135
f 4093/3168/2979 4104/3184/2995 4090/3166/2977
f 4097/3175/2986 4107/5055/5136 4103/3181/2992
f 4100/5056/5137 4104/3184/2995 4107/3186/2997
f 4123/3205/3016 4101/3171/2982 4126/5057/5138
f 4126/3210/3021 4097/3175/2986 4124/3208/3019
f 4102/3178/2989 4136/3216/3027 4105/5058/5139
f 4136/5059/5140 4103/3181/2992 4105/3183/2994
f 4131/3217/3028 4128/3213/3024 4135/5060/5141
f 4135/3222/3033 4124/3208/3019 4132/3220/3031
f 4123/3205/3016 4112/5061/5142 4109/3187/2998
f 4129/5062/5143 4110/3190/3001 4112/3192/3003
f 4130/3214/3025 4122/3198/3009 4133/5063/5144
f 4122/5064/5145 4131/3217/3028 4133/3219/3030
f 4111/3193/3004 4121/5065/5146 4117/3199/3010
f 4121/3204/3015 4110/3190/3001 4118/3202/3013
f 4081/3151/2962 4115/3189/3000 4084/5066/5147
f 4084/3156/2967 4111/3193/3004 4082/3154/2965
f 4089/3163/2974 4119/5067/5148 4116/3196/3007
f 4091/5068/5149 4117/3199/3010 4119/3201/3012
f 4151/3239/3052 4143/3225/3036 4154/3248/5150
f 4143/5069/5151 4152/3242/3055 4154/3244/3057
f 4144/3232/3043 4142/5070/5152 4138/3226/3037
f 4150/5071/5153 4139/3229/3040 4142/3231/3042
f 4158/3239/3061 4149/3225/5154 4145/3223/3046
f 4149/3238/3051 4160/3252/3067 4146/3236/3049
f 4159/3249/3064 4156/3247/3060 4163/5072/5155
f 4156/5073/5156 4160/3252/3067 4163/3254/3069
f 4151/3239/3052 4182/5074/5157 4179/3272/3088
f 4157/5075/5158 4180/3275/3091 4182/3277/3093
f 4186/3272/3097 4161/3241/5159 4158/3239/3061
f 4161/3251/3066 4188/3286/3103 4159/3249/3064
f 4187/3283/3100 4184/3280/3096 4191/5076/5160
f 4184/5077/5161 4188/3286/3103 4191/3288/3105
f 4165/3255/3070 4185/3274/3090 4168/5078/5162
f 4185/5079/5163 4166/3258/3073 4168/3260/3075
f 4172/3255/3079 4189/5080/5164 4186/3272/3097
f 4189/3285/3102 4174/3269/3085 4187/3283/3100
f 4167/3261/3076 4177/5081/5165 4173/3266/3082
f 4170/5082/5166 4174/3269/3085 4177/3271/3087
f 4165/3255/3070 4140/3235/5167 4137/3223/3034
f 4140/3228/3039 4167/3261/3076 4138/3226/3037
f 4145/3223/3046 4175/5083/5168 4172/3255/3079
f 4147/5084/5169 4173/3266/3082 4175/3268/3084
f 4193/3289/3106 4210/5085/5170 4207/3307/3124
f 4210/3312/3129 4195/3295/3112 4208/3310/3127
f 4200/3298/3115 4198/5086/5171 4194/3292/3109
f 4198/3297/3114 4202/3304/3121 4195/3295/3112
f 4214/3316/3133 4205/5087/5172 4201/3301/3118
f 4220/5088/5173 4202/3304/3121 4205/3306/3123
f 4215/3319/3136 4212/3315/3132 4219/5089/5174
f 4212/5090/5175 4216/3322/3139 4219/3324/3141
f 4207/3307/3124 4238/5091/5176 4235/3343/3160
f 4238/3348/3165 4209/3313/3130 4236/3346/3163
f 4214/3316/3133 4248/3354/3171 4217/5092/5177
f 4217/3321/3138 4244/3358/3175 4215/3319/3136
f 4237/3349/3166 4247/5093/5178 4243/3355/3172
f 4240/5094/5179 4244/3358/3175 4247/3360/3177
f 4235/3343/3160 4224/5095/5180 4221/3325/3142
f 4224/3330/3147 4237/3349/3166 4222/3328/3145
f 4242/3352/3169 4234/3336/3153 4245/5096/5181
f 4234/5097/5182 4243/3355/3172 4245/3357/3174
f 4223/3331/3148 4233/5098/5183 4229/3337/3154
f 4226/5099/5184 4230/3340/3157 4233/3342/3159
f 4221/3325/3142 4196/5100/5185 4193/3289/3106
f 4227/5101/5186 4194/3292/3109 4196/3294/3111
f 4228/3334/3151 4203/3303/3120 4231/5102/5187
f 4203/5103/5188 4229/3337/3154 4231/3339/3156
f 4263/3377/3196 4255/3363/3180 4266/5104/5189
f 4255/5105/5190 4264/3380/3199 4266/3382/3201
f 4256/3370/3187 4254/5106/5191 4250/3364/3181
f 4262/5107/5192 4251/3367/3184 4254/3369/3186
f 4270/3377/3205 4261/3363/5193 4257/3361/3190
f 4276/5108/5194 4258/3374/3193 4261/3376/3195
f 4265/3383/3202 4275/5109/5195 4271/3388/3208
f 4268/5110/5196 4272/3391/3211 4275/3393/3213
f 4263/3377/3196 4294/3419/5197 4291/3410/3232
f 4294/3415/3237 4265/3383/3202 4292/3413/3235
f 4298/3410/3241 4273/5111/5198 4270/3377/3205
f 4304/5112/5199 4271/3388/3208 4273/3390/3210
f 4293/3416/3238 4303/5113/5200 4299/3420/3244
f 4296/5114/5201 4300/3423/3247 4303/3425/3249
f 4277/3394/3214 4297/3412/3234 4280/3403/5202
f 4297/5115/5203 4278/3397/3217 4280/3399/3219
f 4284/3394/3223 4301/3412/5204 4298/3410/3241
f 4301/3422/3246 4286/3407/3229 4299/3420/3244
f 4279/3400/3220 4289/5116/5205 4285/3404/3226
f 4282/5117/5206 4286/3407/3229 4289/3409/3231
f 4249/3361/3178 4283/3396/3216 4252/3373/5207
f 4283/5118/5208 4250/3364/3181 4252/3366/3183
f 4257/3361/3190 4287/3396/5209 4284/3394/3223
f 4287/3406/3228 4256/3370/3187 4285/3404/3226
f 2367/1519/1533 2395/1553/1565 2423/1587/1597
f 2355/1509/1523 2376/1536/1548 2368/1524/1538
f 2459/1622/1642 2354/1506/1520 2453/1616/1636
f 2402/1562/1573 2388/1545/1557 2444/1606/1621
f 2369/1527/1540 2390/1551/1563 2382/1542/1554
f 2383/1544/1556 2404/1570/1580 2396/1558/1570
f 2397/1561/1572 2418/1585/1595 2410/1576/1586
f 2417/1582/1592 2424/1592/1602 2411/1578/1588
f 2431/1570/1610 2438/1544/1616 2425/1558/1604
f 2445/1551/1624 2452/1527/1634 2439/1542/1619
f 2535/1707/1725 2549/1719/1741 2563/1727/1757
f 2473/1636/1658 2480/1644/1666 2467/1630/1652
f 2565/1733/1764 2474/1638/1660 2466/1628/1650
f 2556/1723/1749 2528/1699/1717 2500/1665/1685
f 2487/1651/1672 2494/1660/1680 2481/1647/1668
f 2495/1663/1683 2516/1690/1708 2508/1678/1698
f 2515/1687/1706 2522/1696/1714 2509/1681/1700
f 2529/1704/1722 2536/1712/1730 2523/1698/1716
f 2543/1690/1738 2550/1663/1744 2537/1678/1732
f 2557/1671/1752 2564/1647/1762 2551/1660/1747
f 2619/1792/1827 2577/1742/1773 2591/1760/1791
f 2586/1757/1788 2592/1763/1794 2579/1748/1779
f 2607/1780/1815 2584/1751/1782 2578/1745/1776
f 2598/1767/1800 2612/1783/1818 2626/1799/1836
f 2599/1751/1803 2620/1780/1830 2593/1745/1797
f 2627/1802/1839 2606/1777/1812 2621/1796/1833
f 4123/3205/3016 4081/3151/2962 4095/3169/2980
f 4090/3166/2977 4096/3172/2983 4083/3157/2968
f 4117/3199/3010 4082/3154/2965 4111/3193/3004
f 4130/3214/3025 4089/3163/2974 4116/3196/3007
f 4097/3175/2986 4132/3220/3031 4124/3208/3019
f 4131/3217/3028 4110/3190/3001 4125/3211/3022
f 4151/3239/3052 4165/3255/3070 4137/3223/3034
f 4146/3236/3049 4152/3242/3055 4139/3229/3040
f 4173/3266/3082 4138/3226/3037 4167/3261/3076
f 4158/3239/3061 4172/3255/3079 4186/3272/3097
f 4159/3249/3064 4180/3275/3091 4153/3245/3058
f 4187/3283/3100 4166/3258/3073 4181/3278/3094
f 4207/3307/3124 4221/3325/3142 4193/3289/3106
f 4202/3304/3121 4208/3310/3127 4195/3295/3112
f 4229/3337/3154 4194/3292/3109 4223/3331/3148
f 4214/3316/3133 4228/3334/3151 4242/3352/3169
f 4215/3319/3136 4236/3346/3163 4209/3313/3130
f 4243/3355/3172 4222/3328/3145 4237/3349/3166
f 4291/3410/3232 4249/3361/3178 4263/3377/3196
f 4258/3374/3193 4264/3380/3199 4251/3367/3184
f 4285/3404/3226 4250/3364/3181 4279/3400/3220
f 4298/3410/3241 4257/3361/3190 4284/3394/3223
f 4271/3388/3208 4292/3413/3235 4265/3383/3202
f 4299/3420/3244 4278/3397/3217 4293/3416/3238
f 2353/1503/1517 2356/4617/4784 2357/1504/1518
f 2354/1506/1520 2358/1510/1524 2357/1507/1521
f 2355/1509/1523 2359/4609/4774 2357/1507/1521
f 2360/1511/1525 2363/4610/4775 2364/1512/1526
f 2361/1514/1528 2365/1518/1532 2364/1515/1529
f 2362/1517/1531 2366/4618/4785 2364/1515/1529
f 2367/1519/1533 2370/5508/5352 2371/1520/1534
f 2372/1522/1536 2371/5509/5353 2370/1523/1537
f 2373/1525/1539 2371/5510/5353 2372/1526/1536
f 2374/1528/1541 2377/5511/5354 2378/1529/1542
f 2379/1531/1544 2378/5512/5355 2377/1532/1545
f 2380/1534/1547 2378/5513/5355 2379/1535/1544
f 2381/1537/1549 2384/5514/5356 2385/1538/1550
f 2386/1540/1552 2385/1603/5357 2384/1541/1553
f 2387/1543/1555 2385/1603/5357 2386/1540/1552
f 2388/1545/1557 2391/4611/4777 2392/1546/1558
f 2389/1548/1560 2393/1552/1564 2392/1549/1561
f 2390/1551/1563 2394/1609/4776 2392/1549/1561
f 2395/1553/1565 2398/5515/5358 2399/1554/1566
f 2400/1556/1568 2399/5516/5359 2398/1557/1569
f 2401/1559/1571 2399/5517/5359 2400/1560/1568
f 2402/1562/1573 2405/5518/5360 2406/1563/1574
f 2407/1565/1576 2406/5519/5361 2405/1566/1577
f 2408/1568/1579 2406/5520/5361 2407/1569/1576
f 2409/1571/1581 2412/5521/5362 2413/1572/1582
f 2414/1574/1584 2413/5522/5363 2412/1575/1585
f 2415/1577/1587 2413/5522/5363 2414/1574/1584
f 2416/1579/1589 2419/4613/4779 2420/1580/1590
f 2417/1582/1592 2421/1586/1596 2420/1583/1593
f 2418/1585/1595 2422/4612/4778 2420/1583/1593
f 2423/1587/1597 2426/5523/5364 2427/1588/1598
f 2428/1590/1600 2427/5524/5365 2426/1591/1601
f 2429/1557/1603 2427/5516/5365 2428/1593/1600
f 2430/1594/1605 2433/5525/5366 2434/1595/1606
f 2435/1569/1608 2434/5526/5367 2433/1568/1609
f 2436/1597/1611 2434/5527/5367 2435/1598/1608
f 2437/1600/1613 2440/4614/4780 2441/1601/1614
f 2438/1544/1616 2442/1605/1620 2441/1603/1617
f 2439/1542/1619 2443/4615/4782 2441/1603/1617
f 2444/1606/1621 2447/4616/4783 2448/1607/1622
f 2445/1551/1624 2449/1552/1628 2448/1549/1625
f 2446/1548/1627 2450/1550/4781 2448/1549/1625
f 2451/1610/1629 2454/5528/5368 2455/1611/1630
f 2456/1526/1632 2455/5510/5369 2454/1613/1633
f 2457/1614/1635 2455/5529/5369 2456/1615/1632
f 2458/1617/1637 2461/5530/5370 2462/1618/1638
f 2463/1620/1640 2462/5531/5371 2461/1621/1641
f 2464/1532/1643 2462/5512/5371 2463/1531/1640
f 2465/1623/1645 2468/4629/4799 2469/1624/1646
f 2470/1626/1648 2469/5532/5372 2468/1627/1649
f 2471/1629/1651 2469/5532/5372 2470/1626/1648
f 2472/1631/1653 2475/5533/5373 2476/1632/1654
f 2477/1634/1656 2476/5534/5374 2475/1635/1657
f 2478/1637/1659 2476/5534/5374 2477/1634/1656
f 2479/1639/1661 2482/4619/4786 2483/1640/1662
f 2484/1642/1664 2483/5535/5375 2482/1643/1665
f 2485/1645/1667 2483/5536/5375 2484/1646/1664
f 2486/1648/1669 2489/4623/4790 2490/1649/1670
f 2487/1651/1672 2491/4621/1676 2490/1652/1673
f 2488/1654/1675 2492/4620/4787 2490/1655/1673
f 2493/1657/1677 2496/4622/4788 2497/1658/1678
f 2494/1660/1680 2498/1664/1684 2497/1661/1681
f 2495/1663/1683 2499/1722/4791 2497/1661/1681
f 2500/1665/1685 2503/4624/4792 2504/1666/1686
f 2501/1668/1688 2505/1672/1692 2504/1669/1689
f 2502/1671/1691 2506/1726/4789 2504/1669/1689
f 2507/1673/1693 2510/5537/5376 2511/1674/1694
f 2512/1676/1696 2511/5538/5377 2510/1677/1697
f 2513/1679/1699 2511/5539/5377 2512/1680/1696
f 2514/1682/1701 2517/5540/5378 2518/1683/1702
f 2519/1685/1704 2518/5541/5379 2517/1686/1705
f 2520/1688/1707 2518/5542/5379 2519/1689/1704
f 2521/1691/1709 2524/4625/4793 2525/1692/1710
f 2526/1694/1712 2525/5543/5380 2524/1695/1713
f 2527/1697/1715 2525/5543/5380 2526/1694/1712
f 2528/1699/1717 2531/5544/5381 2532/1700/1718
f 2533/1702/1720 2532/5545/5382 2531/1703/1721
f 2534/1705/1723 2532/5545/5382 2533/1702/1720
f 2535/1707/1725 2538/4626/4794 2539/1708/1726
f 2540/1710/1728 2539/5546/5383 2538/1711/1729
f 2541/1677/1731 2539/5538/5383 2540/1676/1728
f 2542/1713/1733 2545/5547/5384 2546/1714/1734
f 2547/1689/1736 2546/5548/5385 2545/1688/1737
f 2548/1716/1739 2546/5549/5385 2547/1717/1736
f 2549/1719/1741 2552/4627/4795 2553/1720/1742
f 2550/1663/1744 2554/1664/1748 2553/1661/1745
f 2551/1660/1747 2555/1662/4797 2553/1661/1745
f 2556/1723/1749 2559/4628/4798 2560/1724/1750
f 2557/1671/1752 2561/1672/1756 2560/1669/1753
f 2558/1668/1755 2562/1670/4796 2560/1669/1753
f 2563/1727/1757 2566/5550/5386 2567/1728/1758
f 2568/1646/1760 2567/5551/5387 2566/1730/1761
f 2569/1731/1763 2567/5552/5387 2568/1732/1760
f 2570/1734/1765 2573/5553/5388 2574/1735/1766
f 2575/1737/1768 2574/5554/5389 2573/1738/1769
f 2576/1740/1771 2574/5555/5389 2575/1741/1768
f 2577/1742/1773 2580/4643/4817 2581/1743/1774
f 2578/1745/1776 2582/1766/4802 2581/1746/1777
f 2579/1748/1779 2583/4631/4801 2581/1749/1780
f 2584/1751/1782 2587/1770/4820 2588/1752/1783
f 2585/1754/1785 2589/4632/4803 2588/1755/1786
f 2586/1757/1788 2590/5556/5390 2588/1758/1789
f 2591/1760/1791 2594/4630/4800 2595/1761/1792
f 2592/1763/1794 2596/4634/4806 2595/1764/1795
f 2593/1745/1797 2597/1747/5391 2595/1746/1798
f 2598/1767/1800 2601/4636/4808 2602/1768/1801
f 2599/1751/1803 2603/1753/4805 2602/1752/1804
f 2600/1771/1806 2604/4633/4804 2602/1772/1807
f 2605/1774/1809 2608/4638/4811 2609/1775/1810
f 2606/1777/1812 2610/4642/4816 2609/1778/1813
f 2607/1780/1815 2611/1795/4818 2609/1781/1816
f 2612/1783/1818 2615/4644/4819 2616/1784/1819
f 2613/1786/1821 2617/1805/4815 2616/1787/1822
f 2614/1789/1824 2618/4641/4814 2616/1790/1825
f 2619/1792/1827 2622/4635/4807 2623/1793/1828
f 2620/1780/1830 2624/1782/4810 2623/1781/1831
f 2621/1796/1833 2625/4639/4812 2623/1797/1834
f 2626/1799/1836 2629/4640/4813 2630/1800/1837
f 2627/1802/1839 2631/4637/4809 2630/1803/1840
f 2628/1786/1842 2632/1788/5392 2630/1787/1843
f 4081/3151/2962 4084/5066/5147 4085/3152/2963
f 4082/3154/2965 4086/5053/5134 4085/3155/2966
f 4083/3157/2968 4087/5685/5442 4085/3158/2969
f 4088/3160/2971 4091/5068/5149 4092/3161/2972
f 4089/3163/2974 4093/5054/5135 4092/3164/2975
f 4090/3166/2977 4094/5686/5443 4092/3167/2978
f 4095/3169/2980 4098/5052/5133 4099/3170/2981
f 4096/3172/2983 4100/5056/5137 4099/3173/2984
f 4097/3175/2986 4101/5687/5444 4099/3176/2987
f 4102/3178/2989 4105/5058/5139 4106/3179/2990
f 4103/3181/2992 4107/5055/5136 4106/3182/2993
f 4104/3184/2995 4108/5688/5445 4106/3185/2996
f 4109/3187/2998 4112/5061/5142 4113/3188/2999
f 4110/3190/3001 4114/5689/5446 4113/3191/3002
f 4111/3193/3004 4115/5690/5447 4113/3194/3005
f 4116/3196/3007 4119/5067/5148 4120/3197/3008
f 4117/3199/3010 4121/5065/5146 4120/3200/3011
f 4118/3202/3013 4122/5064/5145 4120/3203/3014
f 4123/3205/3016 4126/5057/5138 4127/3206/3017
f 4124/3208/3019 4128/5691/5448 4127/3209/3020
f 4125/3211/3022 4129/5062/5143 4127/3212/3023
f 4130/3214/3025 4133/5063/5144 4134/3215/3026
f 4131/3217/3028 4135/5060/5141 4134/3218/3029
f 4132/3220/3031 4136/5059/5140 4134/3221/3032
f 4137/3223/3034 4140/3235/5167 4141/3224/3035
f 4138/3226/3037 4142/5070/5152 4141/3227/3038
f 4139/3229/3040 4143/5069/5151 4141/3230/3041
f 4144/3232/3043 4147/5084/5169 4148/3233/3044
f 4145/3223/3046 4149/3225/5154 4148/3224/3047
f 4146/3236/3049 4150/5071/5153 4148/3237/3050
f 4151/3239/3052 4154/3248/5150 4155/3240/3053
f 4152/3242/3055 4156/5073/5156 4155/3243/3056
f 4153/3245/3058 4157/5075/5158 4155/3246/3059
f 4158/3239/3061 4161/3241/5159 4162/3240/3062
f 4159/3249/3064 4163/5072/5155 4162/3250/3065
f 4160/3252/3067 4164/5692/5449 4162/3253/3068
f 4165/3255/3070 4168/5078/5162 4169/3256/3071
f 4166/3258/3073 4170/5082/5166 4169/3259/3074
f 4167/3261/3076 4171/5693/5450 4169/3262/3077
f 4172/3255/3079 4175/5083/5168 4176/3264/3080
f 4173/3266/3082 4177/5081/5165 4176/3267/3083
f 4174/3269/3085 4178/5694/5451 4176/3270/3086
f 4179/3272/3088 4182/5074/5157 4183/3273/3089
f 4180/3275/3091 4184/5077/5161 4183/3276/3092
f 4181/3278/3094 4185/5079/5163 4183/3279/3095
f 4186/3272/3097 4189/5080/5164 4190/3281/3098
f 4187/3283/3100 4191/5076/5160 4190/3284/3101
f 4188/3286/3103 4192/5695/5452 4190/3287/3104
f 4193/3289/3106 4196/5100/5185 4197/3290/3107
f 4194/3292/3109 4198/5086/5171 4197/3293/3110
f 4195/3295/3112 4199/5696/5453 4197/3296/3113
f 4200/3298/3115 4203/5103/5188 4204/3299/3116
f 4201/3301/3118 4205/5087/5172 4204/3302/3119
f 4202/3304/3121 4206/5697/5454 4204/3305/3122
f 4207/3307/3124 4210/5085/5170 4211/3308/3125
f 4208/3310/3127 4212/5090/5175 4211/3311/3128
f 4209/3313/3130 4213/5698/5455 4211/3314/3131
f 4214/3316/3133 4217/5092/5177 4218/3317/3134
f 4215/3319/3136 4219/5089/5174 4218/3320/3137
f 4216/3322/3139 4220/5088/5173 4218/3323/3140
f 4221/3325/3142 4224/5095/5180 4225/3326/3143
f 4222/3328/3145 4226/5099/5184 4225/3329/3146
f 4223/3331/3148 4227/5101/5186 4225/3332/3149
f 4228/3334/3151 4231/5102/5187 4232/3335/3152
f 4229/3337/3154 4233/5098/5183 4232/3338/3155
f 4230/3340/3157 4234/5097/5182 4232/3341/3158
f 4235/3343/3160 4238/5091/5176 4239/3344/3161
f 4236/3346/3163 4240/5094/5179 4239/3347/3164
f 4237/3349/3166 4241/5699/5456 4239/3350/3167
f 4242/3352/3169 4245/5096/5181 4246/3353/3170
f 4243/3355/3172 4247/5093/5178 4246/3356/3173
f 4244/3358/3175 4248/5700/5457 4246/3359/3176
f 4249/3361/3178 4252/3373/5207 4253/3362/3179
f 4250/3364/3181 4254/5106/5191 4253/3365/3182
f 4251/3367/3184 4255/5105/5190 4253/3368/3185
f 4256/3370/3187 4259/5701/5458 4260/3371/3188
f 4257/3361/3190 4261/3363/5193 4260/3362/3191
f 4258/3374/3193 4262/5107/5192 4260/3375/3194
f 4263/3377/3196 4266/5104/5189 4267/3378/3197
f 4264/3380/3199 4268/5110/5196 4267/3381/3200
f 4265/3383/3202 4269/5702/5459 4267/3384/3203
f 4270/3377/3205 4273/5111/5198 4274/3386/3206
f 4271/3388/3208 4275/5109/5195 4274/3389/3209
f 4272/3391/3211 4276/5108/5194 4274/3392/3212
f 4277/3394/3214 4280/3403/5202 4281/3395/3215
f 4278/3397/3217 4282/5117/5206 4281/3398/3218
f 4279/3400/3220 4283/5118/5208 4281/3401/3221
f 4284/3394/3223 4287/3396/5209 4288/3395/3224
f 4285/3404/3226 4289/5116/5205 4288/3405/3227
f 4286/3407/3229 4290/5703/5460 4288/3408/3230
f 4291/3410/3232 4294/3419/5197 4295/3411/3233
f 4292/3413/3235 4296/5114/5201 4295/3414/3236
f 4293/3416/3238 4297/5115/5203 4295/3417/3239
f 4298/3410/3241 4301/3412/5204 4302/3411/3242
f 4299/3420/3244 4303/5113/5200 4302/3421/3245
f 4300/3423/3247 4304/5112/5199 4302/3424/3248
f 2368/1524/1538 2370/1523/1537 2359/4609/4774
f 2359/1505/1519 2370/5508/5352 2367/1519/1533
f 2376/1536/1548 2361/1514/1528 2363/1516/1530
f 2363/4610/4775 2360/1511/1525 2374/1528/1541
f 2354/1506/1520 2362/1517/1531 2365/1518/1532
f 2365/1518/1532 2361/1514/1528 2355/1509/1523
f 2369/1527/1540 2372/1526/1536 2379/1531/1544
f 2372/1522/1536 2368/1524/1538 2376/1536/1548
f 2369/1527/1540 2382/1542/1554 2384/1541/1553
f 2373/1521/1535 2384/5514/5356 2381/1537/1549
f 2375/1533/1546 2377/1532/1545 2394/1609/4776
f 2394/1547/1559 2377/5511/5354 2374/1528/1541
f 2389/1548/1560 2383/1544/1556 2386/1540/1552
f 2386/1540/1552 2382/1542/1554 2390/1551/1563
f 2383/1544/1556 2396/1558/1570 2398/1557/1569
f 2387/1539/1551 2398/5515/5358 2395/1553/1565
f 2404/1570/1580 2389/1548/1560 2391/1550/1562
f 2391/4611/4777 2388/1545/1557 2402/1562/1573
f 2397/1561/1572 2400/1560/1568 2407/1565/1576
f 2400/1556/1568 2396/1558/1570 2404/1570/1580
f 2410/1576/1586 2412/1575/1585 2401/1559/1571
f 2401/1555/1567 2412/5521/5362 2409/1571/1581
f 2403/1567/1578 2405/1566/1577 2422/4612/4778
f 2422/1581/1591 2405/5518/5360 2402/1562/1573
f 2417/1582/1592 2411/1578/1588 2414/1574/1584
f 2414/1574/1584 2410/1576/1586 2418/1585/1595
f 2411/1578/1588 2424/1592/1602 2426/1591/1601
f 2415/1573/1583 2426/5523/5364 2423/1587/1597
f 2432/1599/1612 2417/1582/1592 2419/1584/1594
f 2419/4613/4779 2416/1579/1589 2430/1594/1605
f 2431/1570/1610 2425/1558/1604 2428/1593/1600
f 2428/1590/1600 2424/1592/1602 2432/1599/1612
f 2425/1558/1604 2438/1544/1616 2440/1604/1618
f 2440/4614/4780 2437/1600/1613 2423/1587/1597
f 2431/1570/1610 2433/1568/1609 2450/1550/4781
f 2450/1608/1623 2433/5525/5366 2430/1594/1605
f 2439/1542/1619 2442/1605/1620 2449/1552/1628
f 2442/1605/1620 2438/1544/1616 2446/1548/1627
f 2452/1527/1634 2454/1613/1633 2443/4615/4782
f 2443/1602/1615 2454/5528/5368 2451/1610/1629
f 2460/1533/1644 2445/1551/1624 2447/1609/1626
f 2447/4616/4783 2444/1606/1621 2458/1617/1637
f 2453/1616/1636 2456/1615/1632 2463/1620/1640
f 2463/1531/1640 2456/1526/1632 2452/1527/1634
f 2453/1616/1636 2354/1506/1520 2356/1508/1522
f 2356/4617/4784 2353/1503/1517 2451/1610/1629
f 2459/1622/1642 2461/1621/1641 2366/4618/4785
f 2366/1513/1527 2461/5530/5370 2458/1617/1637
f 2467/1630/1652 2480/1644/1666 2482/1643/1665
f 2482/4619/4786 2479/1639/1661 2465/1623/1645
f 2473/1636/1658 2475/1635/1657 2492/4620/4787
f 2492/1650/1671 2475/5533/5373 2472/1631/1653
f 2474/1638/1660 2477/1634/1656 2470/1626/1648
f 2470/1626/1648 2477/1634/1656 2473/1636/1658
f 2487/1651/1672 2481/1647/1668 2484/1646/1664
f 2484/1642/1664 2480/1644/1666 2488/1654/1675
f 2481/1647/1668 2494/1660/1680 2496/1662/1682
f 2496/4622/4788 2493/1657/1677 2479/1639/1661
f 2502/1671/1691 2487/1651/1672 2489/1653/1674
f 2489/4623/4790 2486/1648/1669 2500/1665/1685
f 2495/1663/1683 2498/1664/1684 2505/1672/1692
f 2505/1672/1692 2498/1664/1684 2494/1660/1680
f 2508/1678/1698 2510/1677/1697 2499/1722/4791
f 2499/1659/1679 2510/5537/5376 2507/1673/1693
f 2516/1690/1708 2501/1668/1688 2503/1670/1690
f 2503/4624/4792 2500/1665/1685 2514/1682/1701
f 2515/1687/1706 2509/1681/1700 2512/1680/1696
f 2519/1689/1704 2512/1676/1696 2508/1678/1698
f 2522/1696/1714 2524/1695/1713 2513/1679/1699
f 2524/4625/4793 2521/1691/1709 2507/1673/1693
f 2515/1687/1706 2517/1686/1705 2534/1705/1723
f 2534/1701/1719 2517/5540/5378 2514/1682/1701
f 2523/1698/1716 2526/1694/1712 2533/1702/1720
f 2526/1694/1712 2522/1696/1714 2530/1706/1724
f 2536/1712/1730 2538/1711/1729 2527/1697/1715
f 2538/4626/4794 2535/1707/1725 2521/1691/1709
f 2544/1718/1740 2529/1704/1722 2531/1703/1721
f 2548/1715/1735 2531/5544/5381 2528/1699/1717
f 2537/1678/1732 2540/1676/1728 2547/1689/1736
f 2540/1710/1728 2536/1712/1730 2544/1718/1740
f 2537/1678/1732 2550/1663/1744 2552/1722/1746
f 2552/4627/4795 2549/1719/1741 2535/1707/1725
f 2543/1690/1738 2545/1688/1737 2562/1670/4796
f 2562/1725/1751 2545/5547/5384 2542/1713/1733
f 2551/1660/1747 2554/1664/1748 2561/1672/1756
f 2561/1672/1756 2554/1664/1748 2550/1663/1744
f 2564/1647/1762 2566/1730/1761 2555/1662/4797
f 2555/1721/1743 2566/5550/5386 2563/1727/1757
f 2572/1651/1772 2557/1671/1752 2559/1726/1754
f 2559/4628/4798 2556/1723/1749 2570/1734/1765
f 2565/1733/1764 2568/1732/1760 2575/1737/1768
f 2575/1741/1768 2568/1646/1760 2564/1647/1762
f 2466/1628/1650 2468/1627/1649 2569/1731/1763
f 2468/4629/4799 2465/1623/1645 2563/1727/1757
f 2474/1638/1660 2571/1739/1770 2573/1738/1769
f 2478/1633/1655 2573/5553/5388 2570/1734/1765
f 2577/1742/1773 2583/1744/1775 2594/4630/4800
f 2583/4631/4801 2579/1748/1779 2592/1763/1794
f 2584/1751/1782 2590/1753/1784 2582/1766/4802
f 2582/1750/1781 2590/5556/5390 2586/1757/1788
f 2598/1767/1800 2604/1769/1802 2589/4632/4803
f 2604/4633/4804 2600/1771/1806 2586/1757/1788
f 2593/1745/1797 2596/1766/1799 2603/1753/4805
f 2596/4634/4806 2592/1763/1794 2600/1771/1806
f 2591/1760/1791 2597/1762/1793 2622/4635/4807
f 2622/1795/1832 2597/1747/5391 2593/1745/1797
f 2626/1799/1836 2632/1801/1838 2601/4636/4808
f 2601/1770/1805 2632/1788/5392 2628/1786/1842
f 2627/1802/1839 2621/1796/1833 2624/1798/1835
f 2624/1782/4810 2620/1780/1830 2628/1786/1842
f 2619/1792/1827 2625/1794/1829 2608/4638/4811
f 2625/4639/4812 2621/1796/1833 2606/1777/1812
f 2612/1783/1818 2618/1785/1820 2629/4640/4813
f 2618/4641/4814 2614/1789/1824 2627/1802/1839
f 2607/1780/1815 2610/1782/1817 2617/1805/4815
f 2610/4642/4816 2606/1777/1812 2614/1789/1824
f 2577/1742/1773 2605/1774/1809 2611/1776/1811
f 2611/1795/4818 2607/1780/1815 2578/1745/1776
f 2612/1783/1818 2585/1754/1785 2587/1756/1787
f 2587/1770/4820 2584/1751/1782 2613/1786/1821
f 4081/3151/2962 4087/3153/2964 4098/5052/5133
f 4098/3174/2985 4087/5685/5442 4083/3157/2968
f 4088/3160/2971 4094/3162/2973 4086/5053/5134
f 4086/3159/2970 4094/5686/5443 4090/3166/2977
f 4089/3163/2974 4102/3178/2989 4108/3180/2991
f 4093/3168/2979 4108/5688/5445 4104/3184/2995
f 4097/3175/2986 4100/3177/2988 4107/5055/5136
f 4100/5056/5137 4096/3172/2983 4104/3184/2995
f 4123/3205/3016 4095/3169/2980 4101/3171/2982
f 4126/3210/3021 4101/5687/5444 4097/3175/2986
f 4102/3178/2989 4130/3214/3025 4136/3216/3027
f 4136/5059/5140 4132/3220/3031 4103/3181/2992
f 4131/3217/3028 4125/3211/3022 4128/3213/3024
f 4135/3222/3033 4128/5691/5448 4124/3208/3019
f 4123/3205/3016 4129/3207/3018 4112/5061/5142
f 4129/5062/5143 4125/3211/3022 4110/3190/3001
f 4130/3214/3025 4116/3196/3007 4122/3198/3009
f 4122/5064/5145 4118/3202/3013 4131/3217/3028
f 4111/3193/3004 4114/3195/3006 4121/5065/5146
f 4121/3204/3015 4114/5689/5446 4110/3190/3001
f 4081/3151/2962 4109/3187/2998 4115/3189/3000
f 4084/3156/2967 4115/5690/5447 4111/3193/3004
f 4089/3163/2974 4091/3165/2976 4119/5067/5148
f 4091/5068/5149 4088/3160/2971 4117/3199/3010
f 4151/3239/3052 4137/3223/3034 4143/3225/3036
f 4143/5069/5151 4139/3229/3040 4152/3242/3055
f 4144/3232/3043 4150/3234/3045 4142/5070/5152
f 4150/5071/5153 4146/3236/3049 4139/3229/3040
f 4158/3239/3061 4164/3248/3063 4149/3225/5154
f 4149/3238/3051 4164/5692/5449 4160/3252/3067
f 4159/3249/3064 4153/3245/3058 4156/3247/3060
f 4156/5073/5156 4152/3242/3055 4160/3252/3067
f 4151/3239/3052 4157/3241/3054 4182/5074/5157
f 4157/5075/5158 4153/3245/3058 4180/3275/3091
f 4186/3272/3097 4192/3282/3099 4161/3241/5159
f 4161/3251/3066 4192/5695/5452 4188/3286/3103
f 4187/3283/3100 4181/3278/3094 4184/3280/3096
f 4184/5077/5161 4180/3275/3091 4188/3286/3103
f 4165/3255/3070 4179/3272/3088 4185/3274/3090
f 4185/5079/5163 4181/3278/3094 4166/3258/3073
f 4172/3255/3079 4178/3265/3081 4189/5080/5164
f 4189/3285/3102 4178/5694/5451 4174/3269/3085
f 4167/3261/3076 4170/3263/3078 4177/5081/5165
f 4170/5082/5166 4166/3258/3073 4174/3269/3085
f 4165/3255/3070 4171/3257/3072 4140/3235/5167
f 4140/3228/3039 4171/5693/5450 4167/3261/3076
f 4145/3223/3046 4147/3235/3048 4175/5083/5168
f 4147/5084/5169 4144/3232/3043 4173/3266/3082
f 4193/3289/3106 4199/3291/3108 4210/5085/5170
f 4210/3312/3129 4199/5696/5453 4195/3295/3112
f 4200/3298/3115 4206/3300/3117 4198/5086/5171
f 4198/3297/3114 4206/5697/5454 4202/3304/3121
f 4214/3316/3133 4220/3318/3135 4205/5087/5172
f 4220/5088/5173 4216/3322/3139 4202/3304/3121
f 4215/3319/3136 4209/3313/3130 4212/3315/3132
f 4212/5090/5175 4208/3310/3127 4216/3322/3139
f 4207/3307/3124 4213/3309/3126 4238/5091/5176
f 4238/3348/3165 4213/5698/5455 4209/3313/3130
f 4214/3316/3133 4242/3352/3169 4248/3354/3171
f 4217/3321/3138 4248/5700/5457 4244/3358/3175
f 4237/3349/3166 4240/3351/3168 4247/5093/5178
f 4240/5094/5179 4236/3346/3163 4244/3358/3175
f 4235/3343/3160 4241/3345/3162 4224/5095/5180
f 4224/3330/3147 4241/5699/5456 4237/3349/3166
f 4242/3352/3169 4228/3334/3151 4234/3336/3153
f 4234/5097/5182 4230/3340/3157 4243/3355/3172
f 4223/3331/3148 4226/3333/3150 4233/5098/5183
f 4226/5099/5184 4222/3328/3145 4230/3340/3157
f 4221/3325/3142 4227/3327/3144 4196/5100/5185
f 4227/5101/5186 4223/3331/3148 4194/3292/3109
f 4228/3334/3151 4201/3301/3118 4203/3303/3120
f 4203/5103/5188 4200/3298/3115 4229/3337/3154
f 4263/3377/3196 4249/3361/3178 4255/3363/3180
f 4255/5105/5190 4251/3367/3184 4264/3380/3199
f 4256/3370/3187 4262/3372/3189 4254/5106/5191
f 4262/5107/5192 4258/3374/3193 4251/3367/3184
f 4270/3377/3205 4276/3387/3207 4261/3363/5193
f 4276/5108/5194 4272/3391/3211 4258/3374/3193
f 4265/3383/3202 4268/3385/3204 4275/5109/5195
f 4268/5110/5196 4264/3380/3199 4272/3391/3211
f 4263/3377/3196 4269/3379/3198 4294/3419/5197
f 4294/3415/3237 4269/5702/5459 4265/3383/3202
f 4298/3410/3241 4304/3419/3243 4273/5111/5198
f 4304/5112/5199 4300/3423/3247 4271/3388/3208
f 4293/3416/3238 4296/3418/3240 4303/5113/5200
f 4296/5114/5201 4292/3413/3235 4300/3423/3247
f 4277/3394/3214 4291/3410/3232 4297/3412/3234
f 4297/5115/5203 4293/3416/3238 4278/3397/3217
f 4284/3394/3223 4290/3403/3225 4301/3412/5204
f 4301/3422/3246 4290/5703/5460 4286/3407/3229
f 4279/3400/3220 4282/3402/3222 4289/5116/5205
f 4282/5117/5206 4278/3397/3217 4286/3407/3229
f 4249/3361/3178 4277/3394/3214 4283/3396/3216
f 4283/5118/5208 4279/3400/3220 4250/3364/3181
f 4257/3361/3190 4259/3373/3192 4287/3396/5209
f 4287/3406/3228 4259/5701/5458 4256/3370/3187
f 2451/1610/1629 2353/1503/1517 2367/1519/1533
f 2367/1519/1533 2381/1537/1549 2395/1553/1565
f 2395/1553/1565 2409/1571/1581 2423/1587/1597
f 2423/1587/1597 2437/1600/1613 2451/1610/1629
f 2451/1610/1629 2367/1519/1533 2423/1587/1597
f 2355/1509/1523 2361/1514/1528 2376/1536/1548
f 2459/1622/1642 2362/1517/1531 2354/1506/1520
f 2388/1545/1557 2374/1528/1541 2444/1606/1621
f 2374/1528/1541 2360/1511/1525 2444/1606/1621
f 2360/1511/1525 2458/1617/1637 2444/1606/1621
f 2444/1606/1621 2430/1594/1605 2416/1579/1589
f 2416/1579/1589 2402/1562/1573 2444/1606/1621
f 2369/1527/1540 2375/1533/1546 2390/1551/1563
f 2383/1544/1556 2389/1548/1560 2404/1570/1580
f 2397/1561/1572 2403/1567/1578 2418/1585/1595
f 2417/1582/1592 2432/1599/1612 2424/1592/1602
f 2431/1570/1610 2446/1548/1627 2438/1544/1616
f 2445/1551/1624 2460/1533/1644 2452/1527/1634
f 2563/1727/1757 2465/1623/1645 2479/1639/1661
f 2479/1639/1661 2493/1657/1677 2563/1727/1757
f 2493/1657/1677 2507/1673/1693 2563/1727/1757
f 2507/1673/1693 2521/1691/1709 2563/1727/1757
f 2521/1691/1709 2535/1707/1725 2563/1727/1757
f 2473/1636/1658 2488/1654/1675 2480/1644/1666
f 2565/1733/1764 2571/1739/1770 2474/1638/1660
f 2500/1665/1685 2486/1648/1669 2472/1631/1653
f 2472/1631/1653 2570/1734/1765 2500/1665/1685
f 2570/1734/1765 2556/1723/1749 2500/1665/1685
f 2556/1723/1749 2542/1713/1733 2528/1699/1717
f 2528/1699/1717 2514/1682/1701 2500/1665/1685
f 2487/1651/1672 2502/1671/1691 2494/1660/1680
f 2495/1663/1683 2501/1668/1688 2516/1690/1708
f 2515/1687/1706 2530/1706/1724 2522/1696/1714
f 2529/1704/1722 2544/1718/1740 2536/1712/1730
f 2543/1690/1738 2558/1668/1755 2550/1663/1744
f 2557/1671/1752 2572/1651/1772 2564/1647/1762
f 2619/1792/1827 2605/1774/1809 2577/1742/1773
f 2586/1757/1788 2600/1771/1806 2592/1763/1794
f 2607/1780/1815 2613/1786/1821 2584/1751/1782
f 2598/1767/1800 2585/1754/1785 2612/1783/1818
f 2599/1751/1803 2628/1786/1842 2620/1780/1830
f 2627/1802/1839 2614/1789/1824 2606/1777/1812
f 4123/3205/3016 4109/3187/2998 4081/3151/2962
f 4090/3166/2977 4104/3184/2995 4096/3172/2983
f 4117/3199/3010 4088/3160/2971 4082/3154/2965
f 4130/3214/3025 4102/3178/2989 4089/3163/2974
f 4097/3175/2986 4103/3181/2992 4132/3220/3031
f 4131/3217/3028 4118/3202/3013 4110/3190/3001
f 4151/3239/3052 4179/3272/3088 4165/3255/3070
f 4146/3236/3049 4160/3252/3067 4152/3242/3055
f 4173/3266/3082 4144/3232/3043 4138/3226/3037
f 4158/3239/3061 4145/3223/3046 4172/3255/3079
f 4159/3249/3064 4188/3286/3103 4180/3275/3091
f 4187/3283/3100 4174/3269/3085 4166/3258/3073
f 4207/3307/3124 4235/3343/3160 4221/3325/3142
f 4202/3304/3121 4216/3322/3139 4208/3310/3127
f 4229/3337/3154 4200/3298/3115 4194/3292/3109
f 4214/3316/3133 4201/3301/3118 4228/3334/3151
f 4215/3319/3136 4244/3358/3175 4236/3346/3163
f 4243/3355/3172 4230/3340/3157 4222/3328/3145
f 4291/3410/3232 4277/3394/3214 4249/3361/3178
f 4258/3374/3193 4272/3391/3211 4264/3380/3199
f 4285/3404/3226 4256/3370/3187 4250/3364/3181
f 4298/3410/3241 4270/3377/3205 4257/3361/3190
f 4271/3388/3208 4300/3423/3247 4292/3413/3235
f 4299/3420/3244 4286/3407/3229 4278/3397/3217
usemtl pitch
f 3569/2838/2665 3573/2839/2666 3575/2840/2667
f 3570/2841/2668 3573/2842/2666 3572/2843/2669
f 3575/2840/2667 3574/2844/2670 3571/2845/2671
f 3582/2846/2672 3586/2847/2673 3588/2848/2674
f 3587/2849/2675 3585/2850/2676 3583/2851/2677
f 3584/2841/2678 3586/2852/2673 3587/2853/2675
f 3589/2854/2679 3593/2855/2680 3595/2856/2681
f 3590/2857/2682 3593/2855/2680 3592/2858/2683
f 3595/2856/2681 3594/2859/2684 3591/2860/2685
f 3602/2854/2686 3606/2855/2687 3608/2861/2688
f 3607/2862/2689 3605/2863/2690 3603/2860/2691
f 3604/2857/2692 3606/2855/2687 3607/2862/2689
f 3609/2838/2693 3613/2839/2694 3615/2864/2695
f 3614/2844/2696 3612/2840/2697 3610/2845/2698
f 3611/2865/2699 3613/2866/2694 3614/2867/2696
f 3622/2846/2700 3626/2868/2701 3628/2850/2702
f 3623/2865/2703 3626/2866/2701 3625/2869/2704
f 3628/2850/2702 3627/2849/2705 3624/2851/2706
f 3638/2870/2707 3641/2871/2708 3635/2872/2709
f 3636/2873/2710 3639/2874/2711 3638/2870/2707
f 3637/2875/2712 3639/2876/2711 3640/2877/2713
f 3651/2878/2714 3654/2879/2715 3648/2880/2716
f 3649/2875/2717 3652/2876/2718 3651/2881/2714
f 3650/2882/2719 3652/2883/2718 3653/2884/2720
f 3655/2885/2721 3659/2886/2722 3661/2887/2723
f 3656/2888/2724 3659/2886/2722 3658/2889/2725
f 3661/2887/2723 3660/2890/2726 3657/2891/2727
f 3668/2885/2728 3672/2886/2729 3674/2889/2730
f 3673/2890/2731 3671/2887/2732 3669/2891/2733
f 3670/2892/2734 3672/2886/2729 3673/2890/2731
f 3675/2873/2735 3679/2874/2736 3681/2893/2737
f 3680/2871/2738 3678/2894/2739 3676/2872/2740
f 3677/2895/2741 3679/2896/2736 3680/2897/2738
f 3688/2882/2742 3692/2883/2743 3694/2879/2744
f 3689/2895/2745 3692/2898/2743 3691/2899/2746
f 3694/2879/2744 3693/2878/2747 3690/2880/2748
f 3701/2900/2665 3705/2901/2749 3707/2902/2667
f 3702/2903/2668 3705/2904/2749 3704/2905/2669
f 3707/2902/2667 3706/2906/2670 3703/2907/2750
f 3714/2908/2672 3718/2909/2751 3720/2910/2674
f 3719/2911/2675 3717/2912/2676 3715/2913/2752
f 3716/2903/2678 3718/2904/2751 3719/2914/2675
f 3721/2915/2679 3725/2916/2680 3727/2917/2681
f 3722/2918/2682 3725/2916/2680 3724/2919/2753
f 3727/2917/2681 3726/2920/2684 3723/2921/2685
f 3734/2915/2686 3738/2916/2687 3740/2919/2688
f 3739/2920/2689 3737/2922/2690 3735/2921/2691
f 3736/2918/2692 3738/2916/2687 3739/2920/2689
f 3741/2900/2693 3745/2901/2694 3747/2923/2695
f 3746/2924/2696 3744/2902/2697 3742/2907/2754
f 3743/2925/2699 3745/2926/2694 3746/2927/2696
f 3754/2908/2700 3758/2909/2755 3760/2912/2702
f 3755/2925/2703 3758/2926/2755 3757/2928/2704
f 3760/2912/2702 3759/2911/2705 3756/2913/2706
f 3770/2929/2707 3773/2930/2708 3767/2931/2709
f 3768/2932/2710 3771/2933/2756 3770/2929/2707
f 3769/2934/2712 3771/2935/2756 3772/2936/2713
f 3783/2937/2714 3786/2938/2715 3780/2939/2716
f 3781/2934/2717 3784/2935/2718 3783/2940/2714
f 3782/2941/2719 3784/2942/2718 3785/2943/2720
f 3787/2944/2721 3791/2945/2757 3793/2946/2723
f 3788/2947/2724 3791/2945/2757 3790/2948/2725
f 3793/2946/2723 3792/2949/2726 3789/2950/2727
f 3800/2944/2728 3804/2945/2729 3806/2948/2730
f 3805/2949/2731 3803/2946/2732 3801/2950/2733
f 3802/2947/2734 3804/2945/2729 3805/2949/2731
f 3807/2932/2735 3811/2951/2736 3813/2952/2737
f 3812/2953/2738 3810/2929/2739 3808/2931/2740
f 3809/2954/2741 3811/2955/2736 3812/2956/2738
f 3820/2941/2742 3824/2957/2758 3826/2938/2744
f 3821/2954/2745 3824/2958/2758 3823/2959/2746
f 3826/2938/2744 3825/2937/2747 3822/2939/2748
f 3833/2960/2759 3837/2961/2760 3839/2962/2761
f 3834/2963/2762 3837/2961/2760 3836/2964/2763
f 3835/2965/2764 3837/2961/2760 3838/2966/2765
f 3843/2967/2766 3847/2968/2767 3849/2969/2768
f 3844/2970/2769 3847/2968/2767 3846/2971/2770
f 3845/2972/2771 3847/2968/2767 3848/2973/2772
f 3854/2974/2773 3858/2975/2774 3850/2976/2775
f 3851/2977/2776 3855/2978/2777 3854/2979/2773
f 3857/2980/2778 3856/2981/2779 3852/2982/2780
f 3853/2983/2781 3855/2984/2777 3857/2980/2778
f 3866/2985/2782 3870/2986/2783 3862/2987/2784
f 3863/2983/2785 3867/2984/2786 3866/2988/2782
f 3869/2981/2787 3868/2980/2788 3864/2982/2789
f 3865/2989/2790 3867/2990/2786 3869/2991/2787
f 3871/2977/2791 3876/2978/2792 3879/2992/2793
f 3877/2993/2794 3875/2994/2795 3872/2995/2796
f 3873/2983/2797 3876/2996/2792 3877/2997/2794
f 3879/2998/2793 3878/2999/2798 3874/3000/2799
f 3883/2989/2800 3888/2990/2801 3891/3001/2802
f 3889/2999/2803 3887/2998/2804 3884/3000/2805
f 3885/2983/2806 3888/2996/2801 3889/2999/2803
f 3891/3002/2802 3890/3003/2807 3886/3004/2808
f 3892/2960/2809 3896/2961/2810 3898/2964/2811
f 3893/2965/2812 3896/2961/2810 3895/2962/2813
f 3894/2963/2814 3896/2961/2810 3897/2966/2815
f 3902/2967/2816 3906/2968/2817 3908/2971/2818
f 3903/2972/2819 3906/2968/2817 3905/2969/2820
f 3904/2970/2821 3906/2968/2817 3907/2973/2822
f 3913/3005/2823 3917/3006/2824 3909/2983/2825
f 3910/3007/2826 3914/3008/4 3913/3005/2823
f 3916/3009/2827 3915/3010/2828 3911/3011/2829
f 3912/3012/2830 3914/3008/4 3916/3009/2827
f 3922/3010/2831 3926/3009/2832 3918/3011/2833
f 3919/3007/2834 3923/3008/2 3922/3010/2831
f 3925/3006/2835 3924/3005/2836 3920/2983/2837
f 3921/3012/2838 3923/3008/2 3925/3006/2835
f 3927/3011/2839 3932/3013/2840 3935/3014/2841
f 3933/3015/2842 3931/2993/2843 3928/2995/2844
f 3929/3016/2845 3932/3017/2840 3933/3018/2842
f 3935/3014/2841 3934/3019/2846 3930/3020/2847
f 3943/3003/2848 3947/3021/2849 3939/3004/2850
f 3940/3011/2851 3944/3022/2852 3943/3023/2848
f 3946/3024/2853 3945/3014/2854 3941/3020/2855
f 3942/3025/2856 3944/3026/2852 3946/3027/2853
f 3948/3016/2857 3953/3017/2858 3956/3028/2859
f 3954/3029/2860 3952/3030/2861 3949/2976/2862
f 3950/3011/2863 3953/3031/2858 3954/3032/2860
f 3956/3033/2859 3955/3034/2864 3951/3035/2865
f 3960/3025/2866 3965/3026/2867 3968/3036/2868
f 3966/3034/2869 3964/3033/2870 3961/3035/2871
f 3962/3011/2872 3965/3031/2867 3966/3034/2869
f 3968/3037/2868 3967/3038/2873 3963/2987/2874
f 3571/2845/2671 3578/4926/5020 3575/2840/2667
f 3575/2840/2667 3577/4927/5021 3569/2838/2665
f 3579/4928/5022 3578/4926/5020 3576/4929/5023
f 3581/4930/5024 3577/4927/5021 3578/4926/5020
f 3583/2851/2677 3581/4930/5024 3579/4928/5022
f 3585/2850/2676 3580/4931/5025 3581/4930/5024
f 3596/4932/5026 3592/4933/2683 3589/4934/2679
f 3592/4933/2683 3597/4935/5027 3590/4936/2682
f 3599/4937/5028 3598/4938/5029 3596/4932/5028
f 3601/4939/5030 3597/4935/5031 3598/4938/5032
f 3599/4937/5033 3608/4940/2688 3601/4939/5034
f 3608/4940/2688 3600/4941/5035 3601/4939/5034
f 3603/2860/2691 3587/2853/2675 3607/2862/2689
f 3607/2862/2689 3583/4942/2677 3604/2857/2692
f 3591/2860/2685 3574/2853/2670 3570/2841/2668
f 3594/2859/2684 3571/4942/2671 3574/2853/2670
f 3616/4927/5036 3612/2840/2697 3609/2838/2693
f 3618/4926/5037 3610/2845/2698 3612/2840/2697
f 3619/4931/5038 3618/4926/5037 3616/4927/5036
f 3621/4930/5039 3617/4929/5040 3618/4926/5037
f 3619/4931/5038 3628/2850/2702 3621/4930/5039
f 3621/4930/5039 3624/2851/2706 3620/4928/5041
f 3603/2860/2691 3627/2867/2705 3623/2865/2703
f 3605/2863/2690 3624/4943/2706 3627/2867/2705
f 3591/2860/2685 3614/2867/2696 3595/2856/2681
f 3595/2856/2681 3610/4943/2698 3589/2854/2679
f 3633/4944/5042 3625/2869/2704 3634/4945/5043
f 3625/2848/2704 3632/4946/5044 3634/4947/5043
f 3629/4944/5045 3615/2869/2695 3611/2865/2699
f 3615/2864/2695 3630/4948/5046 3609/2838/2693
f 3635/2872/2709 3644/4949/5047 3638/2870/2707
f 3638/2870/2707 3643/4950/5048 3636/2873/2710
f 3645/4951/5049 3644/4949/5047 3642/4952/5050
f 3647/4953/5051 3643/4950/5048 3644/4949/5047
f 3648/2880/2716 3647/4953/5051 3645/4951/5049
f 3654/2879/2715 3646/4954/5052 3647/4953/5051
f 3633/4944/5042 3653/4955/2720 3649/2875/2717
f 3653/2884/2720 3632/4946/5044 3650/2882/2719
f 3629/4944/5045 3640/2877/2713 3631/4945/5053
f 3640/4956/2713 3630/4948/5046 3631/4957/5053
f 3662/4935/5054 3658/4933/2725 3655/4936/2721
f 3658/4933/2725 3663/4932/5055 3656/4934/2724
f 3665/4941/5056 3664/4938/5057 3662/4935/5056
f 3667/4939/5058 3663/4932/5059 3664/4938/5060
f 3665/4941/5061 3674/4940/2730 3667/4939/5062
f 3674/4940/2730 3666/4937/5063 3667/4939/5062
f 3669/2891/2733 3651/2881/2714 3673/2890/2731
f 3673/2890/2731 3648/4958/2716 3670/2892/2734
f 3657/2891/2727 3641/2881/2708 3637/2875/2712
f 3660/2890/2726 3635/4958/2709 3641/2881/2708
f 3682/4950/5064 3678/2894/2739 3675/2873/2735
f 3684/4949/5065 3676/2872/2740 3678/2894/2739
f 3685/4954/5066 3684/4949/5065 3682/4950/5064
f 3687/4953/5067 3683/4952/5068 3684/4949/5065
f 3685/4954/5066 3694/2879/2744 3687/4953/5067
f 3687/4953/5067 3690/2880/2748 3686/4951/5069
f 3669/2891/2733 3693/2897/2747 3689/2895/2745
f 3671/2887/2732 3690/4959/2748 3693/2897/2747
f 3657/2891/2727 3680/2897/2738 3661/2887/2723
f 3661/2887/2723 3676/4959/2740 3655/2885/2721
f 3699/4960/5070 3691/2899/2746 3700/4961/5071
f 3691/2884/2746 3698/4946/5072 3700/4947/5071
f 3695/4960/5073 3681/2899/2737 3677/2895/2741
f 3681/2893/2737 3696/4948/5074 3675/2873/2735
f 3698/4946/5072 3588/2848/2674 3700/4947/5071
f 3588/4962/2674 3699/4960/5070 3700/4961/5071
f 3696/4948/5074 3572/2864/2669 3569/2838/2665
f 3572/2843/2669 3695/4960/5073 3570/2841/2668
f 3703/2907/2750 3710/4963/5020 3707/2902/2667
f 3707/2902/2667 3709/4964/5021 3701/2900/2665
f 3711/4965/5022 3710/4963/5020 3708/4966/5023
f 3713/4967/5024 3709/4964/5021 3710/4963/5020
f 3715/2913/2752 3713/4967/5024 3711/4965/5022
f 3717/2912/2676 3712/4968/5025 3713/4967/5024
f 3728/4932/5026 3724/4969/2753 3721/4934/2679
f 3724/4969/2753 3729/4935/5027 3722/4936/2682
f 3731/4937/5028 3730/4938/5075 3728/4932/5076
f 3733/4939/5032 3729/4935/5031 3730/4938/5030
f 3731/4937/5033 3740/4940/2688 3733/4939/5034
f 3740/4940/2688 3732/4941/5035 3733/4939/5034
f 3715/4970/2752 3739/2920/2689 3719/2914/2675
f 3719/2914/2675 3735/2921/2691 3716/2903/2678
f 3703/4970/2750 3726/2920/2684 3722/2918/2682
f 3706/4971/2670 3723/2921/2685 3726/2920/2684
f 3748/4964/5036 3744/2902/2697 3741/2900/2693
f 3750/4963/5037 3742/2907/2754 3744/2902/2697
f 3751/4968/5038 3750/4963/5037 3748/4964/5036
f 3753/4967/5039 3749/4966/5040 3750/4963/5037
f 3751/4968/5038 3760/2912/2702 3753/4967/5039
f 3753/4967/5039 3756/2913/2706 3752/4965/5041
f 3756/4972/2706 3737/2922/2690 3734/2915/2686
f 3759/4973/2705 3735/2921/2691 3737/2922/2690
f 3742/4972/2754 3727/2917/2681 3746/2927/2696
f 3746/2927/2696 3723/2921/2685 3743/2925/2699
f 3764/4974/5044 3757/2910/2704 3754/2908/2700
f 3757/2928/2704 3765/4975/5042 3755/2925/2703
f 3762/4976/5046 3747/2923/2695 3763/4977/5053
f 3747/4978/2695 3761/4975/5045 3763/4979/5053
f 3767/2931/2709 3776/4980/5047 3770/2929/2707
f 3770/2929/2707 3775/4981/5048 3768/2932/2710
f 3777/4982/5049 3776/4980/5047 3774/4983/5050
f 3779/4984/5051 3775/4981/5048 3776/4980/5047
f 3780/2939/2716 3779/4984/5051 3777/4982/5049
f 3786/2938/2715 3778/4985/5052 3779/4984/5051
f 3764/4974/5044 3785/2943/2720 3766/4986/5043
f 3785/2936/2720 3765/4975/5042 3766/4979/5043
f 3762/4976/5046 3772/2952/2713 3768/2932/2710
f 3772/2936/2713 3761/4975/5045 3769/2934/2712
f 3794/4935/5054 3790/4969/2725 3787/4936/2721
f 3790/4969/2725 3795/4932/5055 3788/4934/2724
f 3797/4941/5077 3796/4938/5057 3794/4935/5056
f 3799/4939/5058 3795/4932/5078 3796/4938/5060
f 3797/4941/5079 3806/4940/2730 3799/4939/5062
f 3806/4940/2730 3798/4937/5080 3799/4939/5062
f 3780/4987/2716 3805/2949/2731 3783/2940/2714
f 3783/2940/2714 3801/2950/2733 3781/2934/2717
f 3767/4987/2709 3792/2949/2726 3788/2947/2724
f 3773/4988/2708 3789/2950/2727 3792/2949/2726
f 3814/4981/5064 3810/2929/2739 3807/2932/2735
f 3816/4980/5065 3808/2931/2740 3810/2929/2739
f 3817/4985/5066 3816/4980/5065 3814/4981/5064
f 3819/4984/5067 3815/4983/5068 3816/4980/5065
f 3817/4985/5066 3826/2938/2744 3819/4984/5067
f 3819/4984/5067 3822/2939/2748 3818/4982/5069
f 3822/4989/2748 3803/2946/2732 3800/2944/2728
f 3825/2956/2747 3801/2950/2733 3803/2946/2732
f 3808/4989/2740 3793/2946/2723 3812/2956/2738
f 3812/2956/2738 3789/2950/2727 3809/2954/2741
f 3830/4974/5072 3823/2943/2746 3820/2941/2742
f 3823/2959/2746 3831/4990/5070 3821/2954/2745
f 3828/4976/5074 3813/2952/2737 3829/4977/5081
f 3813/4991/2737 3827/4990/5073 3829/4992/5081
f 3828/4976/5074 3704/4993/2669 3701/2900/2665
f 3704/2905/2669 3827/4990/5073 3702/2903/2668
f 3831/4990/5070 3720/4994/2674 3716/2903/2678
f 3720/2910/2674 3830/4974/5072 3714/2908/2672
f 3840/4995/5082 3839/2962/2761 3835/2965/2764
f 3839/2962/2761 3841/4996/5083 3833/2960/2759
f 3840/4995/5082 3846/2971/2770 3842/4997/5084
f 3846/2971/2770 3841/4996/5083 3842/4997/5084
f 3850/2976/2775 3861/4998/5085 3854/2974/2773
f 3854/2979/2773 3860/4999/5086 3851/2977/2776
f 3862/2987/2784 3861/4998/5085 3859/5000/5087
f 3870/3001/2783 3860/4999/5086 3861/5001/5085
f 3844/2970/2769 3869/2991/2787 3848/2973/2772
f 3848/2973/2772 3864/5002/2789 3845/2972/2771
f 3852/5003/2780 3838/2966/2765 3834/2963/2762
f 3856/2992/2779 3835/2965/2764 3838/2966/2765
f 3880/4999/5088 3875/2979/2795 3871/2977/2791
f 3882/5004/5089 3872/2995/2796 3875/2994/2795
f 3880/4999/5088 3891/3001/2802 3882/5001/5089
f 3882/5004/5089 3886/3004/2808 3881/5005/5090
f 3885/5006/2806 3866/2985/2782 3890/3003/2807
f 3866/2985/2782 3886/3004/2808 3890/3003/2807
f 3850/2976/2775 3877/2993/2794 3872/2995/2796
f 3877/5007/5091 3853/5008/5091 3873/5009/5091
f 3899/4996/5092 3895/2962/2813 3892/2960/2809
f 3895/2962/2813 3900/4995/5093 3893/2965/2812
f 3899/4996/5092 3908/2971/2818 3901/4997/5094
f 3908/2971/2818 3900/4995/5093 3901/4997/5094
f 3874/5003/2799 3897/2966/2815 3879/2992/2793
f 3879/2992/2793 3893/2965/2812 3871/2977/2791
f 3884/5002/2805 3907/2973/2822 3903/2972/2819
f 3887/2991/2804 3904/2970/2821 3907/2973/2822
f 3918/3011/2833 3935/3014/2841 3922/3010/2831
f 3922/3010/2831 3930/3020/2847 3919/3007/2834
f 3928/2995/2844 3938/5004/5095 3933/3015/2842
f 3933/3018/2842 3937/5010/5096 3929/3016/2845
f 3939/3004/2850 3938/5004/5095 3936/5005/5097
f 3947/3036/2849 3937/5010/5096 3938/5011/5095
f 3902/2967/2816 3946/3027/2853 3905/2969/2820
f 3905/2969/2820 3941/5012/2855 3903/2972/2819
f 3930/5013/2847 3898/2964/2811 3894/2963/2814
f 3934/3028/2846 3892/2960/2809 3898/2964/2811
f 3957/5010/5098 3952/5014/2861 3948/3016/2857
f 3959/4998/5099 3949/2976/2862 3952/3030/2861
f 3957/5010/5098 3968/3036/2868 3959/5011/5099
f 3959/4998/5099 3963/2987/2874 3958/5000/5100
f 3963/2987/2874 3943/3003/2848 3939/3004/2850
f 3943/3023/2 3962/3011/2 3940/3011/2
f 3927/5015/2839 3954/3029/2860 3931/2993/2843
f 3954/3029/2860 3928/2995/2844 3931/2993/2843
f 3920/2983/2837 3857/2980/2778 3925/3006/2835
f 3925/3006/2835 3852/2982/2780 3921/3012/2838
f 3863/2983/2785 3917/3006/2824 3868/2980/2788
f 3917/3006/2824 3864/2982/2789 3868/2980/2788
f 3874/3000/2799 3924/3005/2836 3919/3007/2834
f 3924/3005/2836 3873/2983/2797 3920/2983/2837
f 3884/3000/2805 3913/3005/2823 3889/2999/2803
f 3889/5016/5101 3909/5017/5101 3885/5006/5101
f 3940/3011/2851 3915/3010/2828 3945/3014/2854
f 3915/3010/2828 3941/3020/2855 3945/3014/2854
f 3951/3035/2865 3926/3009/2832 3921/3012/2838
f 3926/5018/5101 3950/5019/5101 3918/5020/5101
f 3961/3035/2871 3916/3009/2827 3966/3034/2869
f 3966/5021/5102 3911/5006/5102 3962/5017/5102
f 3843/2967/2766 3964/3027/2870 3960/3025/2866
f 3849/2969/2768 3961/5022/2871 3964/3027/2870
f 3951/5023/2865 3836/2964/2763 3956/3028/2859
f 3956/3028/2859 3833/2960/2759 3948/3016/2857
f 3576/5377/5023 3590/4936/2682 3597/4935/5027
f 3570/2841/2668 78/5378/2 3591/2860/2685
f 3695/4960/5073 78/5378/2 3570/2841/2668
f 79/5379/5270 3569/2838/2665 3577/4927/5021
f 79/5379/5270 3580/4931/5025 80/5380/5271
f 3576/5377/5023 3600/4941/5031 3579/5381/5022
f 80/5380/5271 3582/2846/2672 3698/4946/5072
f 3579/5381/5022 3604/5382/2692 3583/5383/2677
f 77/5378/4 3584/2841/2678 3603/2860/2691
f 77/5378/4 3699/4960/5070 3584/2841/2678
f 3589/4934/2679 3617/5384/5040 3596/4932/5026
f 3591/2860/2685 78/5378/2 3611/2865/2699
f 3596/4932/5028 3620/5385/5041 3599/4937/5028
f 3602/5386/2686 3620/5385/5041 3624/5387/2706
f 77/5378/4 3603/2860/2691 3623/2865/2703
f 3609/2838/2693 75/5379/5272 3616/4927/5036
f 3611/2865/2699 78/5378/2 3629/4944/5045
f 3616/4927/5036 76/5380/5273 3619/4931/5038
f 3622/2846/2700 76/5380/5273 3632/4946/5044
f 77/5378/4 3623/2865/2703 3633/4944/5042
f 75/5379/5272 3636/2873/2710 3643/4950/5048
f 3629/4944/5045 78/5378/2 3637/2875/2712
f 76/5380/5273 3650/2882/2719 3632/4946/5044
f 77/5378/4 3633/4944/5042 3649/2875/2717
f 3642/5384/5050 3656/4934/2724 3663/4932/5055
f 3637/2875/2712 78/5378/2 3657/2891/2727
f 75/5379/5272 3646/4954/5052 76/5380/5273
f 3642/5384/5050 3666/4937/5059 3645/5385/5049
f 3645/5385/5049 3670/5386/2734 3648/5387/2716
f 77/5378/4 3649/2875/2717 3669/2891/2733
f 3657/2891/2727 78/5378/2 3677/2895/2741
f 3655/4936/2721 3683/5377/5068 3662/4935/5054
f 3662/4935/5056 3686/5381/5069 3665/4941/5056
f 3668/5382/2728 3686/5381/5069 3690/5383/2748
f 77/5378/4 3669/2891/2733 3689/2895/2745
f 3675/2873/2735 79/5379/5270 3682/4950/5064
f 3677/2895/2741 78/5378/2 3695/4960/5073
f 3682/4950/5064 80/5380/5271 3685/4954/5066
f 3688/2882/2742 80/5380/5271 3698/4946/5072
f 77/5378/4 3689/2895/2745 3699/4960/5070
f 3708/5377/5023 3722/4936/2682 3729/4935/5027
f 3702/2903/2668 84/5388/2 3723/2921/2685
f 3827/4990/5073 84/5388/2 3702/2903/2668
f 85/5389/5270 3701/2900/2665 3709/4964/5021
f 85/5389/5270 3712/4968/5025 86/5390/5271
f 3708/5377/5023 3732/4941/5274 3711/5381/5022
f 86/5390/5271 3714/2908/2672 3830/4974/5072
f 3711/5381/5022 3736/5382/2692 3715/5383/2752
f 83/5388/4 3716/2903/2678 3735/2921/2691
f 83/5388/4 3831/4990/5070 3716/2903/2678
f 3721/4934/2679 3749/5384/5040 3728/4932/5026
f 3723/2921/2685 84/5388/2 3743/2925/2699
f 3728/4932/5076 3752/5385/5041 3731/4937/5028
f 3734/5386/2686 3752/5385/5041 3756/5387/2706
f 83/5388/4 3735/2921/2691 3755/2925/2703
f 3741/2900/2693 81/5389/5272 3748/4964/5036
f 3743/2925/2699 84/5388/2 3761/4975/5045
f 3748/4964/5036 82/5390/5273 3751/4968/5038
f 3754/2908/2700 82/5390/5273 3764/4974/5044
f 83/5388/4 3755/2925/2703 3765/4975/5042
f 81/5389/5272 3768/2932/2710 3775/4981/5048
f 3761/4975/5045 84/5388/2 3769/2934/2712
f 82/5390/5273 3782/2941/2719 3764/4974/5044
f 83/5388/4 3765/4975/5042 3781/2934/2717
f 3774/5384/5050 3788/4934/2724 3795/4932/5055
f 3769/2934/2712 84/5388/2 3789/2950/2727
f 81/5389/5272 3778/4985/5052 82/5390/5273
f 3774/5384/5050 3798/4937/5059 3777/5385/5049
f 3777/5385/5049 3802/5386/2734 3780/5387/2716
f 83/5388/4 3781/2934/2717 3801/2950/2733
f 3789/2950/2727 84/5388/2 3809/2954/2741
f 3787/4936/2721 3815/5377/5068 3794/4935/5054
f 3794/4935/5056 3818/5381/5069 3797/4941/5077
f 3800/5382/2728 3818/5381/5069 3822/5383/2748
f 83/5388/4 3801/2950/2733 3821/2954/2745
f 3807/2932/2735 85/5389/5270 3814/4981/5064
f 3809/2954/2741 84/5388/2 3827/4990/5073
f 3814/4981/5064 86/5390/5271 3817/4985/5066
f 3820/2941/2742 86/5390/5271 3830/4974/5072
f 83/5388/4 3821/2954/2745 3831/4990/5070
f 3948/3016/2857 3841/4996/5083 3957/5010/5098
f 3840/4995/5082 3851/2977/2776 3860/4999/5086
f 3834/5391/2762 3921/3012/2838 3852/2982/2780
f 3951/3035/2865 3921/3012/2838 3834/5391/2762
f 3960/3025/2866 3841/4996/5083 3843/2967/2766
f 3840/4995/5082 3865/2989/2790 3844/2970/2769
f 3912/3012/2830 3845/5391/2771 3864/2982/2789
f 3912/3012/2830 3961/3035/2871 3845/5391/2771
f 3850/2976/2775 3881/5005/5090 3859/5000/5087
f 3853/2983/2 3920/2983/2837 3873/2983/2797
f 3859/5000/5087 3886/3004/2808 3862/2987/2784
f 3909/2983/2 3863/2983/2 3885/2983/2
f 3871/2977/2791 3900/4995/5093 3880/4999/5088
f 3874/3000/2799 3919/3007/2834 3894/5392/2814
f 3883/2989/2800 3900/4995/5093 3904/2970/2821
f 3910/3007/2826 3884/3000/2805 3903/5392/2819
f 3899/4996/5092 3929/3016/2845 3937/5010/5096
f 3894/5392/2814 3919/3007/2834 3930/3020/2847
f 3899/4996/5092 3942/3025/2856 3902/2967/2816
f 3910/3007/2826 3903/5392/2819 3941/3020/2855
f 3911/3011/2 3940/3011/2 3962/3011/2
f 3927/3011/2 3918/3011/2 3950/3011/2
f 3928/2995/2844 3958/5000/5100 3936/5005/5097
f 3936/5005/5097 3963/2987/2874 3939/3004/2850
f 3569/2838/2665 3572/2864/2669 3573/2839/2666
f 3570/2841/2668 3574/2853/2670 3573/2842/2666
f 3575/5659/2667 3573/2842/2666 3574/2853/2670
f 3582/2846/2672 3585/2850/2676 3586/2847/2673
f 3587/2853/2675 3586/2852/2673 3585/5659/2676
f 3584/2841/2678 3588/4962/2674 3586/2852/2673
f 3589/2854/2679 3592/2858/2683 3593/2855/2680
f 3590/2857/2682 3594/2859/2684 3593/2855/2680
f 3595/2856/2681 3593/2855/2680 3594/2859/2684
f 3602/2854/2686 3605/2863/2690 3606/2855/2687
f 3607/2862/2689 3606/2855/2687 3605/2863/2690
f 3604/2857/2692 3608/2861/2688 3606/2855/2687
f 3609/2838/2693 3612/2840/2697 3613/2839/2694
f 3614/2867/2696 3613/2866/2694 3612/5660/2697
f 3611/2865/2699 3615/2869/2695 3613/2866/2694
f 3622/2846/2700 3625/2848/2704 3626/2868/2701
f 3623/2865/2703 3627/2867/2705 3626/2866/2701
f 3628/5660/2702 3626/2866/2701 3627/2867/2705
f 3638/5661/2707 3639/2876/2711 3641/2881/2708
f 3636/2873/2710 3640/4956/2713 3639/2874/2711
f 3637/2875/2712 3641/2881/2708 3639/2876/2711
f 3651/2881/2714 3652/2876/2718 3654/5661/2715
f 3649/2875/2717 3653/4955/2720 3652/2876/2718
f 3650/2882/2719 3654/2879/2715 3652/2883/2718
f 3655/2885/2721 3658/2889/2725 3659/2886/2722
f 3656/2888/2724 3660/2890/2726 3659/2886/2722
f 3661/2887/2723 3659/2886/2722 3660/2890/2726
f 3668/2885/2728 3671/2887/2732 3672/2886/2729
f 3673/2890/2731 3672/2886/2729 3671/2887/2732
f 3670/2892/2734 3674/2889/2730 3672/2886/2729
f 3675/2873/2735 3678/2894/2739 3679/2874/2736
f 3680/2897/2738 3679/2896/2736 3678/5662/2739
f 3677/2895/2741 3681/2899/2737 3679/2896/2736
f 3688/2882/2742 3691/2884/2746 3692/2883/2743
f 3689/2895/2745 3693/2897/2747 3692/2898/2743
f 3694/5663/2744 3692/2898/2743 3693/2897/2747
f 3701/2900/2665 3704/4993/2669 3705/2901/2749
f 3702/2903/2668 3706/4971/2670 3705/2904/2749
f 3707/5664/2667 3705/2904/2749 3706/4971/2670
f 3714/2908/2672 3717/2912/2676 3718/2909/2751
f 3719/2914/2675 3718/2904/2751 3717/5664/2676
f 3716/2903/2678 3720/4994/2674 3718/2904/2751
f 3721/2915/2679 3724/2919/2753 3725/2916/2680
f 3722/2918/2682 3726/2920/2684 3725/2916/2680
f 3727/2917/2681 3725/2916/2680 3726/2920/2684
f 3734/2915/2686 3737/2922/2690 3738/2916/2687
f 3739/2920/2689 3738/2916/2687 3737/2922/2690
f 3736/2918/2692 3740/2919/2688 3738/2916/2687
f 3741/2900/2693 3744/2902/2697 3745/2901/2694
f 3746/2927/2696 3745/2926/2694 3744/5665/2697
f 3743/2925/2699 3747/4978/2695 3745/2926/2694
f 3754/2908/2700 3757/2910/2704 3758/2909/2755
f 3755/2925/2703 3759/4973/2705 3758/2926/2755
f 3760/5665/2702 3758/2926/2755 3759/4973/2705
f 3770/5666/2707 3771/2935/2756 3773/4988/2708
f 3768/2932/2710 3772/2952/2713 3771/2933/2756
f 3769/2934/2712 3773/4988/2708 3771/2935/2756
f 3783/2940/2714 3784/2935/2718 3786/5666/2715
f 3781/2934/2717 3785/2936/2720 3784/2935/2718
f 3782/2941/2719 3786/2938/2715 3784/2942/2718
f 3787/2944/2721 3790/2948/2725 3791/2945/2757
f 3788/2947/2724 3792/2949/2726 3791/2945/2757
f 3793/2946/2723 3791/2945/2757 3792/2949/2726
f 3800/2944/2728 3803/2946/2732 3804/2945/2729
f 3805/2949/2731 3804/2945/2729 3803/2946/2732
f 3802/2947/2734 3806/2948/2730 3804/2945/2729
f 3807/2932/2735 3810/2929/2739 3811/2951/2736
f 3812/2956/2738 3811/2955/2736 3810/5667/2739
f 3809/2954/2741 3813/4991/2737 3811/2955/2736
f 3820/2941/2742 3823/2943/2746 3824/2957/2758
f 3821/2954/2745 3825/2956/2747 3824/2958/2758
f 3826/5667/2744 3824/2958/2758 3825/2956/2747
f 3833/2960/2759 3836/2964/2763 3837/2961/2760
f 3834/2963/2762 3838/2966/2765 3837/2961/2760
f 3835/2965/2764 3839/2962/2761 3837/2961/2760
f 3843/2967/2766 3846/2971/2770 3847/2968/2767
f 3844/2970/2769 3848/2973/2772 3847/2968/2767
f 3845/2972/2771 3849/2969/2768 3847/2968/2767
f 3854/2974/2773 3855/5668/2777 3858/2975/2774
f 3851/2977/2776 3856/2992/2779 3855/2978/2777
f 3857/2980/2778 3855/2984/2777 3856/2981/2779
f 3853/2983/2781 3858/2988/2774 3855/2984/2777
f 3866/2985/2782 3867/5669/2786 3870/2986/2783
f 3863/2983/2785 3868/2980/2788 3867/2984/2786
f 3869/2981/2787 3867/2984/2786 3868/2980/2788
f 3865/2989/2790 3870/3001/2783 3867/2990/2786
f 3871/2977/2791 3875/2979/2795 3876/2978/2792
f 3877/2993/2794 3876/5670/2792 3875/2994/2795
f 3873/2983/2797 3878/2999/2798 3876/2996/2792
f 3879/2998/2793 3876/2996/2792 3878/2999/2798
f 3883/2989/2800 3887/2991/2804 3888/2990/2801
f 3889/2999/2803 3888/2996/2801 3887/2998/2804
f 3885/2983/2806 3890/2997/2807 3888/2996/2801
f 3891/3002/2802 3888/5671/2801 3890/3003/2807
f 3892/2960/2809 3895/2962/2813 3896/2961/2810
f 3893/2965/2812 3897/2966/2815 3896/2961/2810
f 3894/2963/2814 3898/2964/2811 3896/2961/2810
f 3902/2967/2816 3905/2969/2820 3906/2968/2817
f 3903/2972/2819 3907/2973/2822 3906/2968/2817
f 3904/2970/2821 3908/2971/2818 3906/2968/2817
f 3913/3005/2823 3914/3008/4 3917/3006/2824
f 3910/3007/2826 3915/3010/2828 3914/3008/4
f 3916/3009/2827 3914/3008/4 3915/3010/2828
f 3912/3012/2830 3917/3006/2824 3914/3008/4
f 3922/3010/2831 3923/3008/2 3926/3009/2832
f 3919/3007/2834 3924/3005/2836 3923/3008/2
f 3925/3006/2835 3923/3008/2 3924/3005/2836
f 3921/3012/2838 3926/3009/2832 3923/3008/2
f 3927/3011/2839 3931/3023/2843 3932/3013/2840
f 3933/3015/2842 3932/5672/2840 3931/2993/2843
f 3929/3016/2845 3934/3028/2846 3932/3017/2840
f 3935/3014/2841 3932/3013/2840 3934/3019/2846
f 3943/3003/2848 3944/5671/2852 3947/3021/2849
f 3940/3011/2851 3945/3014/2854 3944/3022/2852
f 3946/3024/2853 3944/3022/2852 3945/3014/2854
f 3942/3025/2856 3947/3036/2849 3944/3026/2852
f 3948/3016/2857 3952/5014/2861 3953/3017/2858
f 3954/3029/2860 3953/5668/2858 3952/3030/2861
f 3950/3011/2863 3955/3034/2864 3953/3031/2858
f 3956/3033/2859 3953/3031/2858 3955/3034/2864
f 3960/3025/2866 3964/3027/2870 3965/3026/2867
f 3966/3034/2869 3965/3031/2867 3964/3033/2870
f 3962/3011/2872 3967/3032/2873 3965/3031/2867
f 3968/3037/2868 3965/5669/2867 3967/3038/2873
f 3571/2845/2671 3576/4929/5023 3578/4926/5020
f 3575/2840/2667 3578/4926/5020 3577/4927/5021
f 3579/4928/5022 3581/4930/5024 3578/4926/5020
f 3581/4930/5024 3580/4931/5025 3577/4927/5021
f 3583/2851/2677 3585/2850/2676 3581/4930/5024
f 3585/2850/2676 3582/2846/2672 3580/4931/5025
f 3596/4932/5026 3598/4938/5486 3592/4933/2683
f 3592/4933/2683 3598/4938/5486 3597/4935/5027
f 3599/4937/5028 3601/4939/5075 3598/4938/5029
f 3601/4939/5030 3600/4941/5031 3597/4935/5031
f 3599/4937/5033 3602/5386/2686 3608/4940/2688
f 3608/4940/2688 3604/5382/2692 3600/4941/5035
f 3603/2860/2691 3584/2841/2678 3587/2853/2675
f 3607/2862/2689 3587/2853/2675 3583/4942/2677
f 3591/2860/2685 3594/2859/2684 3574/2853/2670
f 3594/2859/2684 3590/2857/2682 3571/4942/2671
f 3616/4927/5036 3618/4926/5037 3612/2840/2697
f 3618/4926/5037 3617/4929/5040 3610/2845/2698
f 3619/4931/5038 3621/4930/5039 3618/4926/5037
f 3621/4930/5039 3620/4928/5041 3617/4929/5040
f 3619/4931/5038 3622/2846/2700 3628/2850/2702
f 3621/4930/5039 3628/2850/2702 3624/2851/2706
f 3603/2860/2691 3605/2863/2690 3627/2867/2705
f 3605/2863/2690 3602/2854/2686 3624/4943/2706
f 3591/2860/2685 3611/2865/2699 3614/2867/2696
f 3595/2856/2681 3614/2867/2696 3610/4943/2698
f 3633/4944/5042 3623/2865/2703 3625/2869/2704
f 3625/2848/2704 3622/2846/2700 3632/4946/5044
f 3629/4944/5045 3631/4945/5053 3615/2869/2695
f 3615/2864/2695 3631/4957/5053 3630/4948/5046
f 3635/2872/2709 3642/4952/5050 3644/4949/5047
f 3638/2870/2707 3644/4949/5047 3643/4950/5048
f 3645/4951/5049 3647/4953/5051 3644/4949/5047
f 3647/4953/5051 3646/4954/5052 3643/4950/5048
f 3648/2880/2716 3654/2879/2715 3647/4953/5051
f 3654/2879/2715 3650/2882/2719 3646/4954/5052
f 3633/4944/5042 3634/4945/5043 3653/4955/2720
f 3653/2884/2720 3634/4947/5043 3632/4946/5044
f 3629/4944/5045 3637/2875/2712 3640/2877/2713
f 3640/4956/2713 3636/2873/2710 3630/4948/5046
f 3662/4935/5054 3664/4938/5487 3658/4933/2725
f 3658/4933/2725 3664/4938/5487 3663/4932/5055
f 3665/4941/5056 3667/4939/5488 3664/4938/5057
f 3667/4939/5058 3666/4937/5059 3663/4932/5059
f 3665/4941/5061 3668/5382/2728 3674/4940/2730
f 3674/4940/2730 3670/5386/2734 3666/4937/5063
f 3669/2891/2733 3649/2875/2717 3651/2881/2714
f 3673/2890/2731 3651/2881/2714 3648/4958/2716
f 3657/2891/2727 3660/2890/2726 3641/2881/2708
f 3660/2890/2726 3656/2888/2724 3635/4958/2709
f 3682/4950/5064 3684/4949/5065 3678/2894/2739
f 3684/4949/5065 3683/4952/5068 3676/2872/2740
f 3685/4954/5066 3687/4953/5067 3684/4949/5065
f 3687/4953/5067 3686/4951/5069 3683/4952/5068
f 3685/4954/5066 3688/2882/2742 3694/2879/2744
f 3687/4953/5067 3694/2879/2744 3690/2880/2748
f 3669/2891/2733 3671/2887/2732 3693/2897/2747
f 3671/2887/2732 3668/2885/2728 3690/4959/2748
f 3657/2891/2727 3677/2895/2741 3680/2897/2738
f 3661/2887/2723 3680/2897/2738 3676/4959/2740
f 3699/4960/5070 3689/2895/2745 3691/2899/2746
f 3691/2884/2746 3688/2882/2742 3698/4946/5072
f 3695/4960/5073 3697/4961/5081 3681/2899/2737
f 3681/2893/2737 3697/4957/5081 3696/4948/5074
f 3698/4946/5072 3582/2846/2672 3588/2848/2674
f 3588/4962/2674 3584/2841/2678 3699/4960/5070
f 3696/4948/5074 3697/4957/5081 3572/2864/2669
f 3572/2843/2669 3697/4961/5081 3695/4960/5073
f 3703/2907/2750 3708/4966/5023 3710/4963/5020
f 3707/2902/2667 3710/4963/5020 3709/4964/5021
f 3711/4965/5022 3713/4967/5024 3710/4963/5020
f 3713/4967/5024 3712/4968/5025 3709/4964/5021
f 3715/2913/2752 3717/2912/2676 3713/4967/5024
f 3717/2912/2676 3714/2908/2672 3712/4968/5025
f 3728/4932/5026 3730/4938/5486 3724/4969/2753
f 3724/4969/2753 3730/4938/5486 3729/4935/5027
f 3731/4937/5028 3733/4939/5029 3730/4938/5075
f 3733/4939/5032 3732/4941/5274 3729/4935/5031
f 3731/4937/5033 3734/5386/2686 3740/4940/2688
f 3740/4940/2688 3736/5382/2692 3732/4941/5035
f 3715/4970/2752 3736/2918/2692 3739/2920/2689
f 3719/2914/2675 3739/2920/2689 3735/2921/2691
f 3703/4970/2750 3706/4971/2670 3726/2920/2684
f 3706/4971/2670 3702/2903/2668 3723/2921/2685
f 3748/4964/5036 3750/4963/5037 3744/2902/2697
f 3750/4963/5037 3749/4966/5040 3742/2907/2754
f 3751/4968/5038 3753/4967/5039 3750/4963/5037
f 3753/4967/5039 3752/4965/5041 3749/4966/5040
f 3751/4968/5038 3754/2908/2700 3760/2912/2702
f 3753/4967/5039 3760/2912/2702 3756/2913/2706
f 3756/4972/2706 3759/4973/2705 3737/2922/2690
f 3759/4973/2705 3755/2925/2703 3735/2921/2691
f 3742/4972/2754 3721/2915/2679 3727/2917/2681
f 3746/2927/2696 3727/2917/2681 3723/2921/2685
f 3764/4974/5044 3766/4986/5043 3757/2910/2704
f 3757/2928/2704 3766/4979/5043 3765/4975/5042
f 3762/4976/5046 3741/2900/2693 3747/2923/2695
f 3747/4978/2695 3743/2925/2699 3761/4975/5045
f 3767/2931/2709 3774/4983/5050 3776/4980/5047
f 3770/2929/2707 3776/4980/5047 3775/4981/5048
f 3777/4982/5049 3779/4984/5051 3776/4980/5047
f 3779/4984/5051 3778/4985/5052 3775/4981/5048
f 3780/2939/2716 3786/2938/2715 3779/4984/5051
f 3786/2938/2715 3782/2941/2719 3778/4985/5052
f 3764/4974/5044 3782/2941/2719 3785/2943/2720
f 3785/2936/2720 3781/2934/2717 3765/4975/5042
f 3762/4976/5046 3763/4977/5053 3772/2952/2713
f 3772/2936/2713 3763/4979/5053 3761/4975/5045
f 3794/4935/5054 3796/4938/5487 3790/4969/2725
f 3790/4969/2725 3796/4938/5487 3795/4932/5055
f 3797/4941/5077 3799/4939/5488 3796/4938/5057
f 3799/4939/5058 3798/4937/5059 3795/4932/5078
f 3797/4941/5079 3800/5382/2728 3806/4940/2730
f 3806/4940/2730 3802/5386/2734 3798/4937/5080
f 3780/4987/2716 3802/2947/2734 3805/2949/2731
f 3783/2940/2714 3805/2949/2731 3801/2950/2733
f 3767/4987/2709 3773/4988/2708 3792/2949/2726
f 3773/4988/2708 3769/2934/2712 3789/2950/2727
f 3814/4981/5064 3816/4980/5065 3810/2929/2739
f 3816/4980/5065 3815/4983/5068 3808/2931/2740
f 3817/4985/5066 3819/4984/5067 3816/4980/5065
f 3819/4984/5067 3818/4982/5069 3815/4983/5068
f 3817/4985/5066 3820/2941/2742 3826/2938/2744
f 3819/4984/5067 3826/2938/2744 3822/2939/2748
f 3822/4989/2748 3825/2956/2747 3803/2946/2732
f 3825/2956/2747 3821/2954/2745 3801/2950/2733
f 3808/4989/2740 3787/2944/2721 3793/2946/2723
f 3812/2956/2738 3793/2946/2723 3789/2950/2727
f 3830/4974/5072 3832/4986/5071 3823/2943/2746
f 3823/2959/2746 3832/4992/5071 3831/4990/5070
f 3828/4976/5074 3807/2932/2735 3813/2952/2737
f 3813/4991/2737 3809/2954/2741 3827/4990/5073
f 3828/4976/5074 3829/4977/5081 3704/4993/2669
f 3704/2905/2669 3829/4992/5081 3827/4990/5073
f 3831/4990/5070 3832/4992/5071 3720/4994/2674
f 3720/2910/2674 3832/4986/5071 3830/4974/5072
f 3840/4995/5082 3842/4997/5084 3839/2962/2761
f 3839/2962/2761 3842/4997/5084 3841/4996/5083
f 3840/4995/5082 3844/2970/2769 3846/2971/2770
f 3846/2971/2770 3843/2967/2766 3841/4996/5083
f 3850/2976/2775 3859/5000/5087 3861/4998/5085
f 3854/2979/2773 3861/5001/5085 3860/4999/5086
f 3862/2987/2784 3870/2986/2783 3861/4998/5085
f 3870/3001/2783 3865/2989/2790 3860/4999/5086
f 3844/2970/2769 3865/2989/2790 3869/2991/2787
f 3848/2973/2772 3869/2991/2787 3864/5002/2789
f 3852/5003/2780 3856/2992/2779 3838/2966/2765
f 3856/2992/2779 3851/2977/2776 3835/2965/2764
f 3880/4999/5088 3882/5001/5089 3875/2979/2795
f 3882/5004/5089 3881/5005/5090 3872/2995/2796
f 3880/4999/5088 3883/2989/2800 3891/3001/2802
f 3882/5004/5089 3891/3002/2802 3886/3004/2808
f 3885/5783/3955 3863/5784/3955 3866/5785/3955
f 3866/2985/2782 3862/2987/2784 3886/3004/2808
f 3850/2976/2775 3858/2975/2774 3877/2993/2794
f 3877/2993/2794 3858/2975/2774 3853/5786/2781
f 3899/4996/5092 3901/4997/5094 3895/2962/2813
f 3895/2962/2813 3901/4997/5094 3900/4995/5093
f 3899/4996/5092 3902/2967/2816 3908/2971/2818
f 3908/2971/2818 3904/2970/2821 3900/4995/5093
f 3874/5003/2799 3894/2963/2814 3897/2966/2815
f 3879/2992/2793 3897/2966/2815 3893/2965/2812
f 3884/5002/2805 3887/2991/2804 3907/2973/2822
f 3887/2991/2804 3883/2989/2800 3904/2970/2821
f 3918/5786/3955 3927/5015/3955 3935/5787/3955
f 3922/3010/2831 3935/3014/2841 3930/3020/2847
f 3928/2995/2844 3936/5005/5097 3938/5004/5095
f 3933/3018/2842 3938/5011/5095 3937/5010/5096
f 3939/3004/2850 3947/3021/2849 3938/5004/5095
f 3947/3036/2849 3942/3025/2856 3937/5010/5096
f 3902/2967/2816 3942/3025/2856 3946/3027/2853
f 3905/2969/2820 3946/3027/2853 3941/5012/2855
f 3930/5013/2847 3934/3028/2846 3898/2964/2811
f 3934/3028/2846 3929/3016/2845 3892/2960/2809
f 3957/5010/5098 3959/5011/5099 3952/5014/2861
f 3959/4998/5099 3958/5000/5100 3949/2976/2862
f 3957/5010/5098 3960/3025/2866 3968/3036/2868
f 3959/4998/5099 3968/3037/2868 3963/2987/2874
f 3963/2987/2874 3967/3038/2873 3943/3003/2848
f 3943/3003/2848 3967/3038/2873 3962/5017/2872
f 3927/3011/2 3950/3011/2 3954/3032/2
f 3954/3029/2860 3949/2976/2862 3928/2995/2844
f 3920/5015/3955 3853/5786/3955 3857/5788/3955
f 3925/3006/2835 3857/2980/2778 3852/2982/2780
f 3863/2983/2 3909/2983/2 3917/3006/2
f 3917/3006/2824 3912/3012/2830 3864/2982/2789
f 3874/3000/2799 3878/2999/2798 3924/3005/2836
f 3924/3005/2836 3878/2999/2798 3873/2983/2797
f 3884/3000/2805 3910/3007/2826 3913/3005/2823
f 3889/2999/2803 3913/3005/2823 3909/2983/2825
f 3940/5789/2 3911/5790/2 3915/5791/2
f 3915/3010/2828 3910/3007/2826 3941/3020/2855
f 3951/3035/2865 3955/3034/2864 3926/3009/2832
f 3926/3009/2832 3955/3034/2864 3950/3011/2863
f 3961/3035/2871 3912/3012/2830 3916/3009/2827
f 3966/3034/2869 3916/3009/2827 3911/3011/2829
f 3843/2967/2766 3849/2969/2768 3964/3027/2870
f 3849/2969/2768 3845/2972/2771 3961/5022/2871
f 3951/5023/2865 3834/2963/2762 3836/2964/2763
f 3956/3028/2859 3836/2964/2763 3833/2960/2759
f 3576/5377/5023 3571/5825/2671 3590/4936/2682
f 79/5379/5270 3696/4948/5074 3569/2838/2665
f 79/5379/5270 3577/4927/5021 3580/4931/5025
f 3576/5377/5023 3597/4935/5031 3600/4941/5031
f 80/5380/5271 3580/4931/5025 3582/2846/2672
f 3579/5381/5022 3600/4941/5035 3604/5382/2692
f 3589/4934/2679 3610/5826/2698 3617/5384/5040
f 3596/4932/5028 3617/5384/5040 3620/5385/5041
f 3602/5386/2686 3599/4937/5033 3620/5385/5041
f 3609/2838/2693 3630/4948/5046 75/5379/5272
f 3616/4927/5036 75/5379/5272 76/5380/5273
f 3622/2846/2700 3619/4931/5038 76/5380/5273
f 75/5379/5272 3630/4948/5046 3636/2873/2710
f 76/5380/5273 3646/4954/5052 3650/2882/2719
f 3642/5384/5050 3635/5826/2709 3656/4934/2724
f 75/5379/5272 3643/4950/5048 3646/4954/5052
f 3642/5384/5050 3663/4932/5059 3666/4937/5059
f 3645/5385/5049 3666/4937/5063 3670/5386/2734
f 3655/4936/2721 3676/5825/2740 3683/5377/5068
f 3662/4935/5056 3683/5377/5068 3686/5381/5069
f 3668/5382/2728 3665/4941/5061 3686/5381/5069
f 3675/2873/2735 3696/4948/5074 79/5379/5270
f 3682/4950/5064 79/5379/5270 80/5380/5271
f 3688/2882/2742 3685/4954/5066 80/5380/5271
f 3708/5377/5023 3703/5825/2750 3722/4936/2682
f 85/5389/5270 3828/4976/5074 3701/2900/2665
f 85/5389/5270 3709/4964/5021 3712/4968/5025
f 3708/5377/5023 3729/4935/5031 3732/4941/5274
f 86/5390/5271 3712/4968/5025 3714/2908/2672
f 3711/5381/5022 3732/4941/5035 3736/5382/2692
f 3721/4934/2679 3742/5826/2754 3749/5384/5040
f 3728/4932/5076 3749/5384/5040 3752/5385/5041
f 3734/5386/2686 3731/4937/5033 3752/5385/5041
f 3741/2900/2693 3762/4976/5046 81/5389/5272
f 3748/4964/5036 81/5389/5272 82/5390/5273
f 3754/2908/2700 3751/4968/5038 82/5390/5273
f 81/5389/5272 3762/4976/5046 3768/2932/2710
f 82/5390/5273 3778/4985/5052 3782/2941/2719
f 3774/5384/5050 3767/5826/2709 3788/4934/2724
f 81/5389/5272 3775/4981/5048 3778/4985/5052
f 3774/5384/5050 3795/4932/5078 3798/4937/5059
f 3777/5385/5049 3798/4937/5080 3802/5386/2734
f 3787/4936/2721 3808/5825/2740 3815/5377/5068
f 3794/4935/5056 3815/5377/5068 3818/5381/5069
f 3800/5382/2728 3797/4941/5079 3818/5381/5069
f 3807/2932/2735 3828/4976/5074 85/5389/5270
f 3814/4981/5064 85/5389/5270 86/5390/5271
f 3820/2941/2742 3817/4985/5066 86/5390/5271
f 3948/3016/2857 3833/2960/2759 3841/4996/5083
f 3840/4995/5082 3835/2965/2764 3851/2977/2776
f 3960/3025/2866 3957/5010/5098 3841/4996/5083
f 3840/4995/5082 3860/4999/5086 3865/2989/2790
f 3850/2976/2775 3872/2995/2796 3881/5005/5090
f 3859/5000/5087 3881/5005/5090 3886/3004/2808
f 3871/2977/2791 3893/2965/2812 3900/4995/5093
f 3883/2989/2800 3880/4999/5088 3900/4995/5093
f 3899/4996/5092 3892/2960/2809 3929/3016/2845
f 3899/4996/5092 3937/5010/5096 3942/3025/2856
f 3928/2995/2844 3949/2976/2862 3958/5000/5100
f 3936/5005/5097 3958/5000/5100 3963/2987/2874
usemtl rust
f 4389/3526/3346 4393/3527/3347 4395/3528/3348
f 4390/3529/3349 4393/3530/3350 4392/3531/3351
f 4391/3532/3352 4393/3533/3353 4394/3534/3354
f 4396/3535/3355 4400/3536/3356 4402/3537/3357
f 4397/3538/3358 4400/3539/3359 4399/3540/3360
f 4398/3541/3361 4400/3542/3362 4401/3543/3363
f 4403/3544/3364 4407/3545/3365 4409/3546/3366
f 4404/3547/3367 4407/3548/3368 4406/3549/3369
f 4405/3550/3370 4407/3551/3371 4408/3552/3372
f 4410/3553/3373 4414/3554/3374 4416/3555/3375
f 4411/3556/3376 4414/3557/3377 4413/3558/3378
f 4412/3559/3379 4414/3560/3380 4415/3561/3381
f 4417/3562/3382 4421/3563/3383 4423/3564/3384
f 4418/3565/3385 4421/3566/3386 4420/3567/3387
f 4419/3568/3388 4421/3569/3389 4422/3570/3390
f 4424/3571/3391 4428/3572/3392 4430/3573/3393
f 4425/3574/3394 4428/3575/3395 4427/3576/3396
f 4426/3577/3397 4428/3578/3398 4429/3579/3399
f 4431/3580/3400 4435/3581/3401 4437/3582/3402
f 4432/3583/3403 4435/3584/3404 4434/3585/3405
f 4433/3586/3406 4435/3587/3407 4436/3588/3408
f 4438/3589/3409 4442/3590/3410 4444/3591/3411
f 4439/3592/3412 4442/3593/3413 4441/3594/3414
f 4440/3595/3415 4442/3596/3416 4443/3597/3417
f 4445/3598/3418 4449/3599/3419 4451/3600/3420
f 4450/3601/3421 4448/3602/3422 4446/3603/3423
f 4451/3604/3424 4450/3601/3425 4447/3605/3426
f 4455/3606/3427 4458/3607/3428 4452/3608/3429
f 4453/3609/3430 4456/3610/3431 4455/3611/3432
f 4454/3612/3433 4456/3610/3434 4457/3613/3435
f 4459/3614/3436 4463/3615/3437 4465/3616/3438
f 4464/3617/3439 4462/3618/3440 4460/3619/3441
f 4465/3620/3442 4464/3617/3443 4461/3621/3444
f 4469/3622/3445 4472/3623/3446 4466/3624/3447
f 4467/3625/3448 4470/3626/3449 4469/3622/3450
f 4468/3627/3451 4470/3628/3452 4471/3629/3453
f 4473/3630/3454 4477/3631/3455 4479/3632/3456
f 4478/3633/3457 4476/3634/3458 4474/3635/3459
f 4479/3632/3460 4478/3633/3461 4475/3636/3462
f 4483/3637/3463 4486/3638/3464 4480/3639/3465
f 4481/3640/3466 4484/3641/3467 4483/3637/3468
f 4482/3642/3469 4484/3641/3470 4485/3643/3471
f 4487/3644/3472 4491/3645/3473 4493/3646/3474
f 4492/3617/3475 4490/3620/3476 4488/3621/3477
f 4493/3647/3478 4492/3617/3479 4489/3619/3480
f 4497/3648/3481 4500/3649/3482 4494/3650/3483
f 4495/3627/3484 4498/3628/3485 4497/3651/3486
f 4496/3652/3487 4498/3628/3488 4499/3629/3489
f 4389/3526/3346 4406/5148/5231 4403/3544/3364
f 4406/3549/3369 4391/3532/3352 4404/3547/3367
f 4396/3535/3355 4394/5149/5232 4390/3529/3349
f 4402/5150/5233 4391/3532/3352 4394/3534/3354
f 4397/3538/3358 4416/3555/3375 4401/5151/5234
f 4416/5152/5235 4398/3541/3361 4401/3543/3363
f 4405/3550/3370 4415/5153/5236 4411/3556/3376
f 4408/5154/5237 4412/3559/3379 4415/3561/3381
f 4431/3580/3400 4409/3546/3366 4434/5155/5238
f 4409/5156/5239 4432/3583/3403 4434/3585/3405
f 4438/3589/3409 4413/5157/5240 4410/3553/3373
f 4413/3558/3378 4440/3595/3415 4411/3556/3376
f 4433/3586/3406 4443/5158/5241 4439/3592/3412
f 4436/5159/5242 4440/3595/3415 4443/3597/3417
f 4431/3580/3400 4420/5160/5243 4417/3562/3382
f 4437/5161/5244 4418/3565/3385 4420/3567/3387
f 4424/3571/3391 4441/5162/5245 4438/3589/3409
f 4441/3594/3414 4426/3577/3397 4439/3592/3412
f 4419/3568/3388 4429/5163/5246 4425/3574/3394
f 4422/5164/5247 4426/3577/3397 4429/3579/3399
f 4389/3526/3346 4423/3564/3384 4392/5165/5248
f 4392/3531/3351 4419/3568/3388 4390/3529/3349
f 4424/3571/3391 4399/3540/3360 4427/5166/5249
f 4427/3576/3396 4396/3535/3355 4425/3574/3394
f 4460/3619/3441 4451/5167/3424 4447/5168/3426
f 4451/3600/3420 4459/3614/3436 4445/3598/3418
f 4453/3609/3430 4472/5169/5250 4468/5170/3451
f 4455/3606/3427 4466/3624/3447 4472/3623/3446
f 4446/3603/3423 4457/3613/3435 4450/3601/3421
f 4457/3613/5251 4447/3605/3426 4450/3601/3425
f 4461/3621/3444 4471/3629/5252 4467/3652/3448
f 4471/3629/3453 4460/3619/3441 4468/3627/3451
f 4461/3621/3444 4476/5171/3458 4465/3620/3442
f 4476/5172/5253 4459/3614/3436 4465/3616/3438
f 4467/3625/3448 4486/3638/5254 4482/3642/3469
f 4486/3638/3464 4466/3624/3447 4480/3639/3465
f 4475/3636/3462 4485/5173/5255 4481/5174/3466
f 4485/5173/3471 4474/3635/3459 4482/5175/3469
f 4488/3621/3477 4479/5171/3460 4475/5176/3462
f 4490/5177/5256 4473/5178/3454 4479/5179/3456
f 4496/5180/3487 4483/3637/3468 4500/3649/5257
f 4500/3649/3482 4480/3639/3465 4494/3650/3483
f 4489/3619/3480 4499/3629/5258 4495/3627/3484
f 4499/3629/3489 4488/3621/3477 4496/3652/3487
f 4446/5168/3423 4493/3647/3478 4489/3619/3480
f 4448/5181/5259 4487/3644/3472 4493/3646/3474
f 4454/3612/3433 4497/5182/3486 4458/5183/5260
f 4497/3648/3481 4452/3608/3429 4458/3607/3428
f 4431/3580/3400 4389/3526/3346 4403/3544/3364
f 4398/3541/3361 4404/3547/3367 4391/3532/3352
f 4425/3574/3394 4390/3529/3349 4419/3568/3388
f 4410/3553/3373 4424/3571/3391 4438/3589/3409
f 4411/3556/3376 4432/3583/3403 4405/3550/3370
f 4439/3592/3412 4418/3565/3385 4433/3586/3406
f 4459/3614/3436 4487/3644/3472 4445/3598/3418
f 4447/3605/3426 4468/5170/3451 4460/5396/3441
f 4495/5397/3484 4446/3603/3423 4489/5398/3480
f 4466/3624/3447 4494/3650/3483 4480/3639/3465
f 4461/3621/3444 4482/5399/3469 4474/5400/3459
f 4481/5401/3466 4488/3621/3477 4475/5176/3462
f 4389/3526/3346 4392/5165/5248 4393/3527/3347
f 4390/3529/3349 4394/5149/5232 4393/3530/3350
f 4391/3532/3352 4395/5709/5464 4393/3533/3353
f 4396/3535/3355 4399/5710/5465 4400/3536/3356
f 4397/3538/3358 4401/5151/5234 4400/3539/3359
f 4398/3541/3361 4402/5150/5233 4400/3542/3362
f 4403/3544/3364 4406/5148/5231 4407/3545/3365
f 4404/3547/3367 4408/5154/5237 4407/3548/3368
f 4405/3550/3370 4409/5156/5239 4407/3551/3371
f 4410/3553/3373 4413/5157/5240 4414/3554/3374
f 4411/3556/3376 4415/5153/5236 4414/3557/3377
f 4412/3559/3379 4416/5152/5235 4414/3560/3380
f 4417/3562/3382 4420/5160/5243 4421/3563/3383
f 4418/3565/3385 4422/5164/5247 4421/3566/3386
f 4419/3568/3388 4423/5711/5466 4421/3569/3389
f 4424/3571/3391 4427/5166/5249 4428/3572/3392
f 4425/3574/3394 4429/5163/5246 4428/3575/3395
f 4426/3577/3397 4430/5712/5467 4428/3578/3398
f 4431/3580/3400 4434/5155/5238 4435/3581/3401
f 4432/3583/3403 4436/5159/5242 4435/3584/3404
f 4433/3586/3406 4437/5161/5244 4435/3587/3407
f 4438/3589/3409 4441/5162/5245 4442/3590/3410
f 4439/3592/3412 4443/5158/5241 4442/3593/3413
f 4440/3595/3415 4444/5713/5468 4442/3596/3416
f 4445/3598/3418 4448/5181/5259 4449/3599/3419
f 4450/3601/3421 4449/5714/5469 4448/3602/3422
f 4451/3604/3424 4449/5714/5470 4450/3601/3425
f 4455/3606/3427 4456/5715/5471 4458/3607/3428
f 4453/3609/3430 4457/3613/5251 4456/3610/3431
f 4454/3612/3433 4458/5183/5260 4456/3610/3434
f 4459/3614/3436 4462/5716/5472 4463/3615/3437
f 4464/3617/3439 4463/5717/5473 4462/3618/3440
f 4465/3620/3442 4463/5717/5474 4464/3617/3443
f 4469/3622/3445 4470/3626/5475 4472/3623/3446
f 4467/3652/3448 4471/3629/5252 4470/3628/3449
f 4468/3627/3451 4472/3651/5250 4470/3628/3452
f 4473/3630/3454 4476/3634/5253 4477/3631/3455
f 4478/3633/3457 4477/3631/5476 4476/3634/3458
f 4479/3632/3460 4477/3631/5477 4478/3633/3461
f 4483/3637/3463 4484/3641/5478 4486/3638/3464
f 4481/3640/3466 4485/3643/5255 4484/3641/3467
f 4482/3642/3469 4486/3638/5254 4484/3641/3470
f 4487/3644/3472 4490/5177/5256 4491/3645/3473
f 4492/3617/3475 4491/5717/5479 4490/3620/3476
f 4493/3647/3478 4491/5717/5480 4492/3617/3479
f 4497/3648/3481 4498/5718/5481 4500/3649/3482
f 4495/3627/3484 4499/3629/5258 4498/3628/3485
f 4496/5180/3487 4500/3649/5257 4498/5718/3488
f 4389/3526/3346 4395/3528/3348 4406/5148/5231
f 4406/3549/3369 4395/5709/5464 4391/3532/3352
f 4396/3535/3355 4402/3537/3357 4394/5149/5232
f 4402/5150/5233 4398/3541/3361 4391/3532/3352
f 4397/3538/3358 4410/3553/3373 4416/3555/3375
f 4416/5152/5235 4412/3559/3379 4398/3541/3361
f 4405/3550/3370 4408/3552/3372 4415/5153/5236
f 4408/5154/5237 4404/3547/3367 4412/3559/3379
f 4431/3580/3400 4403/3544/3364 4409/3546/3366
f 4409/5156/5239 4405/3550/3370 4432/3583/3403
f 4438/3589/3409 4444/3591/3411 4413/5157/5240
f 4413/3558/3378 4444/5713/5468 4440/3595/3415
f 4433/3586/3406 4436/3588/3408 4443/5158/5241
f 4436/5159/5242 4432/3583/3403 4440/3595/3415
f 4431/3580/3400 4437/3582/3402 4420/5160/5243
f 4437/5161/5244 4433/3586/3406 4418/3565/3385
f 4424/3571/3391 4430/3573/3393 4441/5162/5245
f 4441/3594/3414 4430/5712/5467 4426/3577/3397
f 4419/3568/3388 4422/3570/3390 4429/5163/5246
f 4422/5164/5247 4418/3565/3385 4426/3577/3397
f 4389/3526/3346 4417/3562/3382 4423/3564/3384
f 4392/3531/3351 4423/5711/5466 4419/3568/3388
f 4424/3571/3391 4397/3538/3358 4399/3540/3360
f 4427/3576/3396 4399/5710/5465 4396/3535/3355
f 4460/3619/3441 4462/3618/3440 4451/5167/3424
f 4451/3600/3420 4462/5716/5472 4459/3614/3436
f 4453/3609/3430 4455/3611/3432 4472/5169/5250
f 4455/3606/3427 4452/3608/3429 4466/3624/3447
f 4446/3603/3423 4454/3612/3433 4457/3613/3435
f 4457/3613/5251 4453/3609/3430 4447/3605/3426
f 4461/3621/3444 4464/3617/3443 4471/3629/5252
f 4471/3629/3453 4464/3617/3439 4460/3619/3441
f 4461/3621/3444 4474/5400/3459 4476/5171/3458
f 4476/5172/5253 4473/5178/3454 4459/3614/3436
f 4467/3625/3448 4469/3622/3450 4486/3638/5254
f 4486/3638/3464 4469/3622/3445 4466/3624/3447
f 4475/3636/3462 4478/3633/3461 4485/5173/5255
f 4485/5173/3471 4478/3633/3457 4474/3635/3459
f 4488/3621/3477 4490/3620/3476 4479/5171/3460
f 4490/5177/5256 4487/3644/3472 4473/5178/3454
f 4496/5180/3487 4481/3640/3466 4483/3637/3468
f 4500/3649/3482 4483/3637/3463 4480/3639/3465
f 4489/3619/3480 4492/3617/3479 4499/3629/5258
f 4499/3629/3489 4492/3617/3475 4488/3621/3477
f 4446/5168/3423 4448/5167/3422 4493/3647/3478
f 4448/5181/5259 4445/3598/3418 4487/3644/3472
f 4454/3612/3433 4495/5397/3484 4497/5182/3486
f 4497/3648/3481 4494/3650/3483 4452/3608/3429
f 4431/3580/3400 4417/3562/3382 4389/3526/3346
f 4398/3541/3361 4412/3559/3379 4404/3547/3367
f 4425/3574/3394 4396/3535/3355 4390/3529/3349
f 4410/3553/3373 4397/3538/3358 4424/3571/3391
f 4411/3556/3376 4440/3595/3415 4432/3583/3403
f 4439/3592/3412 4426/3577/3397 4418/3565/3385
f 4459/3614/3436 4473/5178/3454 4487/3644/3472
f 4447/3605/3426 4453/3609/3430 4468/5170/3451
f 4495/5397/3484 4454/3612/3433 4446/3603/3423
f 4466/3624/3447 4452/3608/3429 4494/3650/3483
f 4461/3621/3444 4467/3652/3448 4482/5399/3469
f 4481/5401/3466 4496/3652/3487 4488/3621/3477
