# Blender 4.5.10 LTS
# www.blender.org
mtllib thrall_depot.mtl
o depot
v -0.658301 1.831923 -0.034817 0.9148 0.9148 0.9148
v -0.715622 1.788000 -0.060304 0.9802 0.9802 0.9802
v -0.715622 1.668000 -0.060304 0.9902 0.9902 0.9902
v -0.658301 1.624077 -0.034817 0.9902 0.9902 0.9902
v -0.631799 1.831923 -0.080670 0.9378 0.9378 0.9378
v -0.631799 1.624077 -0.080670 0.9902 0.9902 0.9902
v -0.585510 1.831923 -0.095709 0.9148 0.9148 0.9148
v -0.585510 1.624077 -0.095709 0.9902 0.9902 0.9902
v -0.537118 1.831923 -0.074192 0.8777 0.8777 0.8777
v -0.505725 1.788000 -0.128504 0.9802 0.9802 0.9802
v -0.505725 1.668000 -0.128504 0.9700 0.9700 0.9700
v -0.537118 1.624077 -0.074192 0.9802 0.9802 0.9802
v -0.505104 1.831923 -0.024335 0.6181 0.6181 0.6181
v -0.450277 1.788000 -0.042150 0.9265 0.9265 0.9265
v -0.450277 1.668000 -0.042150 0.9378 0.9378 0.9378
v -0.505104 1.624077 -0.024335 0.9700 0.9700 0.9700
v -0.501699 1.831923 0.034817 0.6181 0.6181 0.6181
v -0.444378 1.788000 0.060304 0.9378 0.9378 0.9378
v -0.444378 1.668000 0.060304 0.9378 0.9378 0.9378
v -0.501699 1.624077 0.034817 0.9488 0.9488 0.9488
v -0.580000 1.848000 0.000000 0.6181 0.6181 0.6181
v -0.528201 1.831923 0.080670 0.6181 0.6181 0.6181
v -0.528201 1.624077 0.080670 0.9488 0.9488 0.9488
v -0.580000 1.608000 0.000000 0.9902 0.9902 0.9902
v -0.574489 1.831923 0.095710 0.6181 0.6181 0.6181
v -0.574489 1.624077 0.095710 0.9700 0.9700 0.9700
v -0.622882 1.831923 0.074192 0.6181 0.6181 0.6181
v -0.654274 1.788000 0.128504 0.9802 0.9802 0.9802
v -0.654274 1.668000 0.128504 1.0000 1.0000 1.0000
v -0.622882 1.624077 0.074192 0.9700 0.9700 0.9700
v -0.654896 1.831923 0.024335 0.6181 0.6181 0.6181
v -0.709723 1.788000 0.042150 0.9802 0.9802 0.9802
v -0.709723 1.668000 0.042150 0.9902 0.9902 0.9902
v -0.654896 1.624077 0.024335 0.9802 0.9802 0.9802
v -0.619457 1.934540 0.039573 0.9378 0.9378 0.9378
v -0.663272 1.900500 0.022591 0.9378 0.9378 0.9378
v -0.663272 1.807500 0.022591 0.6181 0.6181 0.6181
v -0.619457 1.773459 0.039573 0.6181 0.6181 0.6181
v -0.597958 1.934540 0.006231 0.9595 0.9595 0.9595
v -0.597958 1.773459 0.006231 0.6181 0.6181 0.6181
v -0.561809 1.934540 -0.005514 0.9488 0.9488 0.9488
v -0.561809 1.773459 -0.005514 0.6181 0.6181 0.6181
v -0.524818 1.934540 0.008823 0.9595 0.9595 0.9595
v -0.499353 1.900500 -0.030669 0.9488 0.9488 0.9488
v -0.499353 1.807500 -0.030669 0.6181 0.6181 0.6181
v -0.524818 1.773459 0.008823 0.6181 0.6181 0.6181
v -0.501115 1.934540 0.043765 0.9378 0.9378 0.9378
v -0.458297 1.900500 0.029853 0.9148 0.9148 0.9148
v -0.458297 1.807500 0.029853 0.8777 0.8777 0.8777
v -0.501115 1.773459 0.043765 0.6181 0.6181 0.6181
v -0.499753 1.934540 0.085967 0.9595 0.9595 0.9595
v -0.455938 1.900500 0.102948 0.9378 0.9378 0.9378
v -0.455938 1.807500 0.102948 0.9488 0.9488 0.9488
v -0.499753 1.773459 0.085967 0.6181 0.6181 0.6181
v -0.559605 1.947000 0.062770 0.9595 0.9595 0.9595
v -0.521252 1.934540 0.119308 0.9488 0.9488 0.9488
v -0.521252 1.773459 0.119308 0.6181 0.6181 0.6181
v -0.559605 1.761000 0.062770 0.6181 0.6181 0.6181
v -0.557401 1.934540 0.131054 0.9700 0.9700 0.9700
v -0.557401 1.773459 0.131054 0.6181 0.6181 0.6181
v -0.594391 1.934540 0.116717 0.9802 0.9802 0.9802
v -0.619857 1.900500 0.156209 0.9802 0.9802 0.9802
v -0.619857 1.807500 0.156209 0.9802 0.9802 0.9802
v -0.594391 1.773459 0.116717 0.6181 0.6181 0.6181
v -0.618095 1.934540 0.081774 0.9802 0.9802 0.9802
v -0.660912 1.900500 0.095687 0.9595 0.9595 0.9595
v -0.660912 1.807500 0.095687 0.9488 0.9488 0.9488
v -0.618095 1.773459 0.081774 0.6181 0.6181 0.6181
v 0.274633 0.623667 0.009801 0.8508 0.8508 0.8508
v 0.256063 0.585600 0.060898 0.8645 0.8645 0.8645
v 0.256063 0.481600 0.060898 0.7536 0.7536 0.7536
v 0.274633 0.443533 0.009801 0.6591 0.6591 0.6591
v 0.233388 0.623667 -0.010340 0.8905 0.8905 0.8905
v 0.233388 0.443533 -0.010340 0.6591 0.6591 0.6591
v 0.217587 0.623667 -0.049450 0.9265 0.9265 0.9265
v 0.217587 0.443533 -0.049450 0.6875 0.6875 0.6875
v 0.233265 0.623667 -0.092589 0.8645 0.8645 0.8645
v 0.184411 0.585600 -0.116446 0.8508 0.8508 0.8508
v 0.184411 0.481600 -0.116446 0.7536 0.7536 0.7536
v 0.233265 0.443533 -0.092589 0.6875 0.6875 0.6875
v 0.274433 0.623667 -0.123280 0.6181 0.6181 0.6181
v 0.255717 0.585600 -0.169605 0.8508 0.8508 0.8508
v 0.255717 0.481600 -0.169605 0.7721 0.7721 0.7721
v 0.274433 0.443533 -0.123280 0.6591 0.6591 0.6591
v 0.325367 0.623667 -0.129801 0.6181 0.6181 0.6181
v 0.343937 0.585600 -0.180898 0.8777 0.8777 0.8777
v 0.343937 0.481600 -0.180898 0.7721 0.7721 0.7721
v 0.325367 0.443533 -0.129801 0.6591 0.6591 0.6591
v 0.300000 0.637600 -0.060000 0.6181 0.6181 0.6181
v 0.366612 0.623667 -0.109660 0.6181 0.6181 0.6181
v 0.366612 0.443533 -0.109660 0.6591 0.6591 0.6591
v 0.300000 0.429600 -0.060000 0.6181 0.6181 0.6181
v 0.382413 0.623667 -0.070550 0.6181 0.6181 0.6181
v 0.382413 0.443533 -0.070550 0.6591 0.6591 0.6591
v 0.366735 0.623667 -0.027411 0.6181 0.6181 0.6181
v 0.415589 0.585600 -0.003554 0.8508 0.8508 0.8508
v 0.415589 0.481600 -0.003554 0.6875 0.6875 0.6875
v 0.366735 0.443533 -0.027411 0.6591 0.6591 0.6591
v 0.325567 0.623667 0.003280 0.6181 0.6181 0.6181
v 0.344283 0.585600 0.049605 0.8905 0.8905 0.8905
v 0.344283 0.481600 0.049605 0.7536 0.7536 0.7536
v 0.325567 0.443533 0.003280 0.6591 0.6591 0.6591
v 0.336598 0.712602 -0.028280 0.9378 0.9378 0.9378
v 0.324565 0.683100 0.010628 0.8905 0.8905 0.8905
v 0.324565 0.602500 0.010628 0.6181 0.6181 0.6181
v 0.336598 0.572998 -0.028280 0.6181 0.6181 0.6181
v 0.306473 0.712602 -0.044851 0.9378 0.9378 0.9378
v 0.306473 0.572998 -0.044851 0.6181 0.6181 0.6181
v 0.294133 0.712602 -0.075394 0.9378 0.9378 0.9378
v 0.294133 0.572998 -0.075394 0.6181 0.6181 0.6181
v 0.304292 0.712602 -0.108241 0.9148 0.9148 0.9148
v 0.268609 0.683100 -0.127870 0.8777 0.8777 0.8777
v 0.268609 0.602500 -0.127870 0.6181 0.6181 0.6181
v 0.304292 0.572998 -0.108241 0.6181 0.6181 0.6181
v 0.333068 0.712602 -0.130846 0.9378 0.9378 0.9378
v 0.318452 0.683100 -0.167023 0.9029 0.9029 0.9029
v 0.318452 0.602500 -0.167023 0.8216 0.8216 0.8216
v 0.333068 0.572998 -0.130846 0.6181 0.6181 0.6181
v 0.369472 0.712602 -0.134576 0.9595 0.9595 0.9595
v 0.381504 0.683100 -0.173482 0.9378 0.9378 0.9378
v 0.381504 0.602500 -0.173482 0.8508 0.8508 0.8508
v 0.369472 0.572998 -0.134576 0.6181 0.6181 0.6181
v 0.353035 0.723400 -0.081427 0.9488 0.9488 0.9488
v 0.399597 0.712602 -0.118004 0.9595 0.9595 0.9595
v 0.399597 0.572998 -0.118004 0.6181 0.6181 0.6181
v 0.353035 0.562200 -0.081427 0.6181 0.6181 0.6181
v 0.411937 0.712602 -0.087461 0.9595 0.9595 0.9595
v 0.411937 0.572998 -0.087461 0.6181 0.6181 0.6181
v 0.401778 0.712602 -0.054614 0.9595 0.9595 0.9595
v 0.437461 0.683100 -0.034985 0.9378 0.9378 0.9378
v 0.437461 0.602500 -0.034985 0.8365 0.8365 0.8365
v 0.401778 0.572998 -0.054614 0.6181 0.6181 0.6181
v 0.373001 0.712602 -0.032009 0.9700 0.9700 0.9700
v 0.387618 0.683100 0.004169 0.9148 0.9148 0.9148
v 0.387618 0.602500 0.004169 0.8060 0.8060 0.8060
v 0.373001 0.572998 -0.032009 0.6181 0.6181 0.6181
v -0.203355 -0.010000 -0.054456 0.9902 0.9902 0.9902
v -0.207899 -0.002947 -0.059851 0.8905 0.8905 0.8905
v -0.197960 -0.002947 -0.059000 0.8508 0.8508 0.8508
v -0.206568 -0.007934 -0.058271 0.9488 0.9488 0.9488
v -0.202864 -0.007019 -0.060195 0.9148 0.9148 0.9148
v -0.202753 -0.002947 -0.061484 0.8905 0.8905 0.8905
v -0.199540 -0.007934 -0.057670 0.9148 0.9148 0.9148
v -0.207899 0.222947 -0.059851 0.7721 0.7721 0.7721
v -0.203355 0.230000 -0.054456 0.6591 0.6591 0.6591
v -0.197960 0.222947 -0.059000 0.7118 0.7118 0.7118
v -0.206568 0.227934 -0.058271 0.7536 0.7536 0.7536
v -0.202864 0.227019 -0.060195 0.7336 0.7336 0.7336
v -0.199540 0.227934 -0.057670 0.6875 0.6875 0.6875
v -0.202753 0.222947 -0.061484 0.7336 0.7336 0.7336
v -0.006293 -0.010000 0.179504 0.9902 0.9902 0.9902
v -0.000899 -0.002947 0.174960 0.8508 0.8508 0.8508
v -0.001749 -0.002947 0.184898 0.9488 0.9488 0.9488
v -0.002479 -0.007934 0.176290 0.9265 0.9265 0.9265
v -0.000555 -0.007019 0.179995 0.9378 0.9378 0.9378
v 0.000734 -0.002947 0.180105 0.9148 0.9148 0.9148
v -0.003080 -0.007934 0.183318 0.9595 0.9595 0.9595
v -0.006293 0.230000 0.179504 0.6591 0.6591 0.6591
v -0.001749 0.222947 0.184898 0.7536 0.7536 0.7536
v -0.000899 0.222947 0.174960 0.7118 0.7118 0.7118
v -0.003080 0.227934 0.183318 0.6875 0.6875 0.6875
v -0.000555 0.227019 0.179995 0.6875 0.6875 0.6875
v 0.000734 0.222947 0.180105 0.7336 0.7336 0.7336
v -0.002479 0.227934 0.176290 0.6591 0.6591 0.6591
v -0.513799 -0.010000 0.207027 1.0000 1.0000 1.0000
v -0.519194 -0.002947 0.211571 0.9700 0.9700 0.9700
v -0.518343 -0.002947 0.201632 0.9148 0.9148 0.9148
v -0.517614 -0.007934 0.210240 0.9902 0.9902 0.9902
v -0.519537 -0.007019 0.206536 0.9902 0.9902 0.9902
v -0.520827 -0.002947 0.206425 0.9700 0.9700 0.9700
v -0.517012 -0.007934 0.203212 0.9802 0.9802 0.9802
v -0.513799 0.230000 0.207027 0.6591 0.6591 0.6591
v -0.518343 0.222947 0.201632 0.6591 0.6591 0.6591
v -0.519194 0.222947 0.211571 0.6875 0.6875 0.6875
v -0.517012 0.227934 0.203212 0.6591 0.6591 0.6591
v -0.519537 0.227019 0.206536 0.6591 0.6591 0.6591
v -0.520827 0.222947 0.206425 0.6591 0.6591 0.6591
v -0.517614 0.227934 0.210240 0.6591 0.6591 0.6591
v -0.316738 -0.010000 0.440987 1.0000 1.0000 1.0000
v -0.312194 -0.002947 0.446382 0.9700 0.9700 0.9700
v -0.322132 -0.002947 0.445531 1.0000 1.0000 1.0000
v -0.313525 -0.007934 0.444802 0.9802 0.9802 0.9802
v -0.317229 -0.007019 0.446725 1.0000 1.0000 1.0000
v -0.317339 -0.002947 0.448015 1.0000 1.0000 1.0000
v -0.320552 -0.007934 0.444200 1.0000 1.0000 1.0000
v -0.316738 0.230000 0.440987 0.6181 0.6181 0.6181
v -0.322132 0.222947 0.445531 0.6181 0.6181 0.6181
v -0.312194 0.222947 0.446382 0.6181 0.6181 0.6181
v -0.320552 0.227934 0.444200 0.6181 0.6181 0.6181
v -0.317229 0.227019 0.446725 0.6181 0.6181 0.6181
v -0.317339 0.222947 0.448015 0.6181 0.6181 0.6181
v -0.313525 0.227934 0.444802 0.6181 0.6181 0.6181
v 0.076833 -0.010000 0.176844 0.9902 0.9902 0.9902
v 0.074433 -0.002947 0.183477 0.9378 0.9378 0.9378
v 0.070201 -0.002947 0.174444 0.8905 0.8905 0.8905
v 0.075136 -0.007934 0.181534 0.9700 0.9700 0.9700
v 0.071618 -0.007019 0.179288 0.9595 0.9595 0.9595
v 0.070446 -0.002947 0.179837 0.9378 0.9378 0.9378
v 0.072143 -0.007934 0.175147 0.9488 0.9488 0.9488
v 0.074433 0.222947 0.183477 0.7336 0.7336 0.7336
v 0.076833 0.230000 0.176844 0.6591 0.6591 0.6591
v 0.070201 0.222947 0.174444 0.6591 0.6591 0.6591
v 0.075136 0.227934 0.181534 0.7118 0.7118 0.7118
v 0.071618 0.227019 0.179288 0.6591 0.6591 0.6591
v 0.072143 0.227934 0.175147 0.6591 0.6591 0.6591
v 0.070446 0.222947 0.179837 0.7118 0.7118 0.7118
v 0.180918 -0.010000 -0.110796 0.9902 0.9902 0.9902
v 0.174285 -0.002947 -0.113196 0.8508 0.8508 0.8508
v 0.183318 -0.002947 -0.117429 0.8905 0.8905 0.8905
v 0.176228 -0.007934 -0.112494 0.9378 0.9378 0.9378
v 0.178474 -0.007019 -0.116011 0.9378 0.9378 0.9378
v 0.177925 -0.002947 -0.117183 0.8905 0.8905 0.8905
v 0.182615 -0.007934 -0.115486 0.9378 0.9378 0.9378
v 0.180918 0.230000 -0.110796 0.6591 0.6591 0.6591
v 0.183318 0.222947 -0.117429 0.7336 0.7336 0.7336
v 0.174285 0.222947 -0.113196 0.6591 0.6591 0.6591
v 0.182615 0.227934 -0.115486 0.6591 0.6591 0.6591
v 0.178474 0.227019 -0.116011 0.6591 0.6591 0.6591
v 0.177925 0.222947 -0.117183 0.6875 0.6875 0.6875
v 0.176228 0.227934 -0.112494 0.6591 0.6591 0.6591
v 0.458507 -0.010000 0.314955 1.0000 1.0000 1.0000
v 0.465139 -0.002947 0.317355 0.9902 0.9902 0.9902
v 0.456107 -0.002947 0.321587 0.9700 0.9700 0.9700
v 0.463197 -0.007934 0.316652 1.0000 1.0000 1.0000
v 0.460950 -0.007019 0.320170 1.0000 1.0000 1.0000
v 0.461500 -0.002947 0.321342 0.9802 0.9802 0.9802
v 0.456810 -0.007934 0.319645 1.0000 1.0000 1.0000
v 0.458507 0.230000 0.314955 0.6591 0.6591 0.6591
v 0.456107 0.222947 0.321587 0.7118 0.7118 0.7118
v 0.465139 0.222947 0.317355 0.6875 0.6875 0.6875
v 0.456810 0.227934 0.319645 0.6591 0.6591 0.6591
v 0.460950 0.227019 0.320170 0.6591 0.6591 0.6591
v 0.461500 0.222947 0.321342 0.6875 0.6875 0.6875
v 0.463197 0.227934 0.316652 0.6875 0.6875 0.6875
v 0.562591 -0.010000 0.027314 1.0000 1.0000 1.0000
v 0.564991 -0.002947 0.020682 0.9488 0.9488 0.9488
v 0.569224 -0.002947 0.029714 1.0000 1.0000 1.0000
v 0.564288 -0.007934 0.022624 0.9700 0.9700 0.9700
v 0.567806 -0.007019 0.024871 0.9902 0.9902 0.9902
v 0.568978 -0.002947 0.024321 0.9700 0.9700 0.9700
v 0.567281 -0.007934 0.029011 1.0000 1.0000 1.0000
v 0.562591 0.230000 0.027314 0.6181 0.6181 0.6181
v 0.569224 0.222947 0.029714 0.6181 0.6181 0.6181
v 0.564991 0.222947 0.020682 0.6181 0.6181 0.6181
v 0.567281 0.227934 0.029011 0.6181 0.6181 0.6181
v 0.567806 0.227019 0.024871 0.6181 0.6181 0.6181
v 0.568978 0.222947 0.024321 0.6181 0.6181 0.6181
v 0.564288 0.227934 0.022624 0.6181 0.6181 0.6181
v 0.126522 -0.010000 -0.122388 0.9802 0.9802 0.9802
v 0.133466 -0.002947 -0.123625 0.8905 0.8905 0.8905
v 0.127760 -0.002947 -0.115444 0.8777 0.8777 0.8777
v 0.131432 -0.007934 -0.123263 0.9378 0.9378 0.9378
v 0.131246 -0.007019 -0.119093 0.9148 0.9148 0.9148
v 0.132307 -0.002947 -0.118353 0.9148 0.9148 0.9148
v 0.127397 -0.007934 -0.117477 0.9378 0.9378 0.9378
v 0.133466 0.222947 -0.123625 0.7336 0.7336 0.7336
v 0.126522 0.230000 -0.122388 0.6875 0.6875 0.6875
v 0.127760 0.222947 -0.115444 0.6591 0.6591 0.6591
v 0.131432 0.227934 -0.123263 0.7336 0.7336 0.7336
v 0.131246 0.227019 -0.119093 0.7118 0.7118 0.7118
v 0.127397 0.227934 -0.117477 0.6875 0.6875 0.6875
v 0.132307 0.222947 -0.118353 0.7336 0.7336 0.7336
v -0.174624 -0.010000 -0.068707 0.9802 0.9802 0.9802
v -0.173387 -0.002947 -0.061763 0.8777 0.8777 0.8777
v -0.181568 -0.002947 -0.067469 0.9029 0.9029 0.9029
v -0.173749 -0.007934 -0.063797 0.9265 0.9265 0.9265
v -0.177919 -0.007019 -0.063983 0.9265 0.9265 0.9265
v -0.178659 -0.002947 -0.062922 0.8777 0.8777 0.8777
v -0.179534 -0.007934 -0.067832 0.9488 0.9488 0.9488
v -0.174624 0.230000 -0.068707 0.6591 0.6591 0.6591
v -0.181568 0.222947 -0.067469 0.7336 0.7336 0.7336
v -0.173387 0.222947 -0.061763 0.6591 0.6591 0.6591
v -0.179534 0.227934 -0.067832 0.7118 0.7118 0.7118
v -0.177919 0.227019 -0.063983 0.6591 0.6591 0.6591
v -0.178659 0.222947 -0.062922 0.6181 0.6181 0.6181
v -0.173749 0.227934 -0.063797 0.6591 0.6591 0.6591
v 0.055293 -0.010000 -0.521982 1.0000 1.0000 1.0000
v 0.054055 -0.002947 -0.528926 1.0000 1.0000 1.0000
v 0.062237 -0.002947 -0.523220 0.9700 0.9700 0.9700
v 0.054417 -0.007934 -0.526892 1.0000 1.0000 1.0000
v 0.058587 -0.007019 -0.526706 1.0000 1.0000 1.0000
v 0.059327 -0.002947 -0.527767 1.0000 1.0000 1.0000
v 0.060203 -0.007934 -0.522857 0.9902 0.9902 0.9902
v 0.055293 0.230000 -0.521982 0.9148 0.9148 0.9148
v 0.062237 0.222947 -0.523220 0.9148 0.9148 0.9148
v 0.054055 0.222947 -0.528926 1.0000 1.0000 1.0000
v 0.060203 0.227934 -0.522857 0.9488 0.9488 0.9488
v 0.058587 0.227019 -0.526706 0.9700 0.9700 0.9700
v 0.059327 0.222947 -0.527767 0.9802 0.9802 0.9802
v 0.054417 0.227934 -0.526892 0.9700 0.9700 0.9700
v -0.245854 -0.010000 -0.468301 1.0000 1.0000 1.0000
v -0.252798 -0.002947 -0.467064 0.9700 0.9700 0.9700
v -0.247091 -0.002947 -0.475245 1.0000 1.0000 1.0000
v -0.250764 -0.007934 -0.467426 0.9802 0.9802 0.9802
v -0.250577 -0.007019 -0.471596 0.9902 0.9902 0.9902
v -0.251639 -0.002947 -0.472336 0.9700 0.9700 0.9700
v -0.246729 -0.007934 -0.473212 1.0000 1.0000 1.0000
v -0.245854 0.230000 -0.468301 0.6181 0.6181 0.6181
v -0.247091 0.222947 -0.475245 0.6181 0.6181 0.6181
v -0.252798 0.222947 -0.467064 0.6181 0.6181 0.6181
v -0.246729 0.227934 -0.473211 0.6181 0.6181 0.6181
v -0.250577 0.227019 -0.471596 0.6181 0.6181 0.6181
v -0.251639 0.222947 -0.472336 0.6181 0.6181 0.6181
v -0.250764 0.227934 -0.467426 0.6181 0.6181 0.6181
v 0.076967 0.107558 -0.097947 0.8060 0.8060 0.8060
v 0.077164 0.114608 -0.105000 0.6181 0.6181 0.6181
v 0.084215 0.114411 -0.097947 0.7118 0.7118 0.7118
v 0.077025 0.109623 -0.102934 0.6875 0.6875 0.6875
v 0.081121 0.110424 -0.102019 0.6591 0.6591 0.6591
v 0.082150 0.114469 -0.102934 0.6591 0.6591 0.6591
v 0.082010 0.109483 -0.097947 0.7536 0.7536 0.7536
v 0.118653 1.599922 -0.105000 0.9595 0.9595 0.9595
v 0.118850 1.606973 -0.097947 0.8645 0.8645 0.8645
v 0.125703 1.599725 -0.097947 0.8645 0.8645 0.8645
v 0.118792 1.604908 -0.102934 0.9148 0.9148 0.9148
v 0.122837 1.603879 -0.102019 0.9265 0.9265 0.9265
v 0.123778 1.604768 -0.097947 0.9029 0.9029 0.9029
v 0.123638 1.599783 -0.102934 0.9378 0.9378 0.9378
v 0.076967 0.107558 0.097947 0.7721 0.7721 0.7721
v 0.084215 0.114411 0.097947 0.6591 0.6591 0.6591
v 0.077164 0.114608 0.105000 0.7336 0.7336 0.7336
v 0.082010 0.109483 0.097947 0.7336 0.7336 0.7336
v 0.081121 0.110424 0.102019 0.7336 0.7336 0.7336
v 0.082150 0.114469 0.102934 0.7118 0.7118 0.7118
v 0.077025 0.109623 0.102934 0.7536 0.7536 0.7536
v 0.118850 1.606973 0.097947 0.6181 0.6181 0.6181
v 0.118653 1.599922 0.105000 0.9488 0.9488 0.9488
v 0.125703 1.599725 0.097947 0.6181 0.6181 0.6181
v 0.118792 1.604908 0.102934 0.9265 0.9265 0.9265
v 0.122837 1.603879 0.102019 0.9265 0.9265 0.9265
v 0.123638 1.599783 0.102934 0.9029 0.9029 0.9029
v 0.123778 1.604768 0.097947 0.6181 0.6181 0.6181
v -0.118850 0.113027 -0.097947 0.6181 0.6181 0.6181
v -0.125703 0.120275 -0.097947 0.6181 0.6181 0.6181
v -0.118653 0.120078 -0.105000 0.6181 0.6181 0.6181
v -0.123778 0.115232 -0.097947 0.6181 0.6181 0.6181
v -0.122837 0.116121 -0.102019 0.6181 0.6181 0.6181
v -0.123638 0.120217 -0.102934 0.6181 0.6181 0.6181
v -0.118792 0.115092 -0.102934 0.6181 0.6181 0.6181
v -0.076967 1.612442 -0.097947 0.8905 0.8905 0.8905
v -0.077164 1.605392 -0.105000 0.9802 0.9802 0.9802
v -0.084215 1.605589 -0.097947 0.9595 0.9595 0.9595
v -0.077025 1.610377 -0.102934 0.9378 0.9378 0.9378
v -0.081121 1.609576 -0.102019 0.9595 0.9595 0.9595
v -0.082150 1.605531 -0.102934 0.9700 0.9700 0.9700
v -0.082010 1.610516 -0.097947 0.9595 0.9595 0.9595
v -0.118850 0.113027 0.097947 0.6181 0.6181 0.6181
v -0.118653 0.120078 0.105000 0.6181 0.6181 0.6181
v -0.125703 0.120275 0.097947 0.6181 0.6181 0.6181
v -0.118792 0.115092 0.102934 0.6181 0.6181 0.6181
v -0.122837 0.116121 0.102019 0.6181 0.6181 0.6181
v -0.123638 0.120217 0.102934 0.6181 0.6181 0.6181
v -0.123778 0.115232 0.097947 0.6181 0.6181 0.6181
v -0.076967 1.612442 0.097947 0.9029 0.9029 0.9029
v -0.084215 1.605589 0.097947 0.9378 0.9378 0.9378
v -0.077164 1.605392 0.105000 0.9902 0.9902 0.9902
v -0.082010 1.610516 0.097947 0.9378 0.9378 0.9378
v -0.081121 1.609576 0.102019 0.9802 0.9802 0.9802
v -0.082150 1.605531 0.102934 0.9902 0.9902 0.9902
v -0.077025 1.610377 0.102934 0.9700 0.9700 0.9700
v 0.157999 1.524000 -0.072947 0.9265 0.9265 0.9265
v 0.157704 1.531047 -0.080000 0.9595 0.9595 0.9595
v 0.164751 1.531342 -0.072947 0.9265 0.9265 0.9265
v 0.157913 1.526064 -0.077934 0.9378 0.9378 0.9378
v 0.161943 1.527149 -0.077019 0.9488 0.9488 0.9488
v 0.162687 1.531256 -0.077934 0.9378 0.9378 0.9378
v 0.162896 1.526273 -0.072947 0.9148 0.9148 0.9148
v 0.108044 2.715900 -0.080000 1.0000 1.0000 1.0000
v 0.107748 2.722947 -0.072947 1.0000 1.0000 1.0000
v 0.115091 2.716195 -0.072947 0.9902 0.9902 0.9902
v 0.107835 2.720883 -0.077934 1.0000 1.0000 1.0000
v 0.111942 2.720139 -0.077019 1.0000 1.0000 1.0000
v 0.112818 2.721092 -0.072947 1.0000 1.0000 1.0000
v 0.113027 2.716109 -0.077934 1.0000 1.0000 1.0000
v 0.157999 1.524000 0.092947 0.9029 0.9029 0.9029
v 0.164751 1.531342 0.092947 0.9488 0.9488 0.9488
v 0.157704 1.531047 0.100000 0.9378 0.9378 0.9378
v 0.162896 1.526273 0.092947 0.9488 0.9488 0.9488
v 0.161943 1.527149 0.097019 0.9488 0.9488 0.9488
v 0.162687 1.531256 0.097934 0.9488 0.9488 0.9488
v 0.157913 1.526064 0.097934 0.9595 0.9595 0.9595
v 0.107748 2.722947 0.092947 1.0000 1.0000 1.0000
v 0.108044 2.715900 0.100000 1.0000 1.0000 1.0000
v 0.115091 2.716195 0.092947 0.9802 0.9802 0.9802
v 0.107835 2.720883 0.097934 1.0000 1.0000 1.0000
v 0.111942 2.720139 0.097019 1.0000 1.0000 1.0000
v 0.113027 2.716109 0.097934 0.9802 0.9802 0.9802
v 0.112818 2.721092 0.092947 0.9902 0.9902 0.9902
v -0.007748 1.517053 -0.072947 0.6181 0.6181 0.6181
v -0.015091 1.523804 -0.072947 0.6181 0.6181 0.6181
v -0.008044 1.524100 -0.080000 0.6181 0.6181 0.6181
v -0.012818 1.518908 -0.072947 0.6181 0.6181 0.6181
v -0.011942 1.519861 -0.077019 0.6181 0.6181 0.6181
v -0.013027 1.523891 -0.077934 0.6181 0.6181 0.6181
v -0.007835 1.519117 -0.077934 0.6181 0.6181 0.6181
v -0.057999 2.716000 -0.072947 1.0000 1.0000 1.0000
v -0.057704 2.708953 -0.080000 1.0000 1.0000 1.0000
v -0.064751 2.708657 -0.072947 1.0000 1.0000 1.0000
v -0.057913 2.713936 -0.077934 1.0000 1.0000 1.0000
v -0.061943 2.712851 -0.077019 1.0000 1.0000 1.0000
v -0.062687 2.708744 -0.077934 1.0000 1.0000 1.0000
v -0.062896 2.713727 -0.072947 1.0000 1.0000 1.0000
v -0.007748 1.517053 0.092947 0.6181 0.6181 0.6181
v -0.008044 1.524100 0.100000 0.9488 0.9488 0.9488
v -0.015091 1.523804 0.092947 0.6181 0.6181 0.6181
v -0.007835 1.519117 0.097934 0.6181 0.6181 0.6181
v -0.011942 1.519861 0.097019 0.6181 0.6181 0.6181
v -0.013027 1.523891 0.097934 0.6181 0.6181 0.6181
v -0.012818 1.518908 0.092947 0.6181 0.6181 0.6181
v -0.057999 2.716000 0.092947 1.0000 1.0000 1.0000
v -0.064751 2.708657 0.092947 0.9802 0.9802 0.9802
v -0.057704 2.708953 0.100000 0.9902 0.9902 0.9902
v -0.062896 2.713727 0.092947 0.9902 0.9902 0.9902
v -0.061943 2.712851 0.097019 0.9902 0.9902 0.9902
v -0.062687 2.708744 0.097934 0.9902 0.9902 0.9902
v -0.057913 2.713936 0.097934 1.0000 1.0000 1.0000
v 0.162947 1.537500 -0.015447 0.6875 0.6875 0.6875
v 0.162947 1.544553 -0.022500 0.7721 0.7721 0.7721
v 0.170000 1.544553 -0.015447 0.9378 0.9378 0.9378
v 0.162947 1.539566 -0.020434 0.6591 0.6591 0.6591
v 0.167019 1.540481 -0.019519 0.8645 0.8645 0.8645
v 0.167934 1.544553 -0.020434 0.8645 0.8645 0.8645
v 0.167934 1.539566 -0.015447 0.9148 0.9148 0.9148
v 0.162947 1.615447 -0.022500 0.8365 0.8365 0.8365
v 0.162947 1.622500 -0.015447 0.8508 0.8508 0.8508
v 0.170000 1.615447 -0.015447 0.9265 0.9265 0.9265
v 0.162947 1.620434 -0.020434 0.7895 0.7895 0.7895
v 0.167019 1.619519 -0.019519 0.8645 0.8645 0.8645
v 0.167934 1.620434 -0.015447 0.8777 0.8777 0.8777
v 0.167934 1.615447 -0.020434 0.8645 0.8645 0.8645
v 0.162947 1.537500 0.015447 0.6875 0.6875 0.6875
v 0.170000 1.544553 0.015447 0.9378 0.9378 0.9378
v 0.162947 1.544553 0.022500 0.7536 0.7536 0.7536
v 0.167934 1.539566 0.015447 0.9148 0.9148 0.9148
v 0.167019 1.540481 0.019519 0.9029 0.9029 0.9029
v 0.167934 1.544553 0.020434 0.9029 0.9029 0.9029
v 0.162946 1.539566 0.020434 0.6591 0.6591 0.6591
v 0.162947 1.622500 0.015447 0.8645 0.8645 0.8645
v 0.162947 1.615447 0.022500 0.8365 0.8365 0.8365
v 0.170000 1.615447 0.015447 0.9378 0.9378 0.9378
v 0.162947 1.620434 0.020434 0.8365 0.8365 0.8365
v 0.167019 1.619519 0.019519 0.8905 0.8905 0.8905
v 0.167934 1.615447 0.020434 0.9265 0.9265 0.9265
v 0.167934 1.620434 0.015447 0.9148 0.9148 0.9148
v -0.122947 1.537500 -0.015447 0.9148 0.9148 0.9148
v -0.130000 1.544553 -0.015447 0.9488 0.9488 0.9488
v -0.122947 1.544553 -0.022500 0.9265 0.9265 0.9265
v -0.127934 1.539566 -0.015447 0.9488 0.9488 0.9488
v -0.127019 1.540481 -0.019519 0.9488 0.9488 0.9488
v -0.127934 1.544553 -0.020434 0.9488 0.9488 0.9488
v -0.122947 1.539566 -0.020434 0.9378 0.9378 0.9378
v -0.122947 1.622500 -0.015447 0.8905 0.8905 0.8905
v -0.122947 1.615447 -0.022500 0.9265 0.9265 0.9265
v -0.130000 1.615447 -0.015447 0.9700 0.9700 0.9700
v -0.122947 1.620434 -0.020434 0.9029 0.9029 0.9029
v -0.127019 1.619519 -0.019519 0.9378 0.9378 0.9378
v -0.127934 1.615447 -0.020434 0.9595 0.9595 0.9595
v -0.127934 1.620434 -0.015447 0.9488 0.9488 0.9488
v -0.122947 1.537500 0.015447 0.9378 0.9378 0.9378
v -0.122947 1.544553 0.022500 0.9265 0.9265 0.9265
v -0.130000 1.544553 0.015447 0.9700 0.9700 0.9700
v -0.122947 1.539566 0.020434 0.8905 0.8905 0.8905
v -0.127019 1.540481 0.019519 0.9595 0.9595 0.9595
v -0.127934 1.544553 0.020434 0.9595 0.9595 0.9595
v -0.127934 1.539566 0.015447 0.9488 0.9488 0.9488
v -0.122947 1.622500 0.015447 0.9148 0.9148 0.9148
v -0.130000 1.615447 0.015447 0.9488 0.9488 0.9488
v -0.122947 1.615447 0.022500 0.9378 0.9378 0.9378
v -0.127934 1.620434 0.015447 0.9378 0.9378 0.9378
v -0.127019 1.619519 0.019519 0.9595 0.9595 0.9595
v -0.127934 1.615447 0.020434 0.9700 0.9700 0.9700
v -0.122947 1.620434 0.020434 0.9265 0.9265 0.9265
v 0.035447 1.577500 -0.142947 0.8905 0.8905 0.8905
v 0.035447 1.584553 -0.150000 0.9700 0.9700 0.9700
v 0.042500 1.584553 -0.142947 0.8508 0.8508 0.8508
v 0.035447 1.579566 -0.147934 0.9700 0.9700 0.9700
v 0.039519 1.580481 -0.147019 0.9488 0.9488 0.9488
v 0.040434 1.584553 -0.147934 0.9378 0.9378 0.9378
v 0.040434 1.579566 -0.142947 0.8365 0.8365 0.8365
v 0.035447 1.655447 -0.150000 0.9595 0.9595 0.9595
v 0.035447 1.662500 -0.142947 0.8645 0.8645 0.8645
v 0.042500 1.655447 -0.142947 0.8508 0.8508 0.8508
v 0.035447 1.660434 -0.147934 0.9265 0.9265 0.9265
v 0.039519 1.659519 -0.147019 0.9265 0.9265 0.9265
v 0.040434 1.660434 -0.142947 0.8905 0.8905 0.8905
v 0.040434 1.655447 -0.147934 0.9265 0.9265 0.9265
v 0.035447 1.577500 0.142947 0.9148 0.9148 0.9148
v 0.042500 1.584553 0.142947 0.9148 0.9148 0.9148
v 0.035447 1.584553 0.150000 0.9595 0.9595 0.9595
v 0.040434 1.579566 0.142947 0.9488 0.9488 0.9488
v 0.039519 1.580481 0.147019 0.9488 0.9488 0.9488
v 0.040434 1.584553 0.147934 0.9378 0.9378 0.9378
v 0.035447 1.579566 0.147934 0.9802 0.9802 0.9802
v 0.035447 1.662500 0.142947 0.8777 0.8777 0.8777
v 0.035447 1.655447 0.150000 0.9802 0.9802 0.9802
v 0.042500 1.655447 0.142947 0.9029 0.9029 0.9029
v 0.035447 1.660434 0.147934 0.9595 0.9595 0.9595
v 0.039519 1.659519 0.147019 0.9488 0.9488 0.9488
v 0.040434 1.655447 0.147934 0.9378 0.9378 0.9378
v 0.040434 1.660434 0.142947 0.8905 0.8905 0.8905
v 0.004553 1.577500 -0.142947 0.8905 0.8905 0.8905
v -0.002500 1.584553 -0.142947 0.9378 0.9378 0.9378
v 0.004553 1.584553 -0.150000 0.9902 0.9902 0.9902
v -0.000434 1.579566 -0.142947 0.8905 0.8905 0.8905
v 0.000481 1.580481 -0.147019 0.9488 0.9488 0.9488
v -0.000434 1.584553 -0.147934 0.9488 0.9488 0.9488
v 0.004553 1.579566 -0.147934 0.9700 0.9700 0.9700
v 0.004553 1.662500 -0.142947 0.8777 0.8777 0.8777
v 0.004553 1.655447 -0.150000 0.9902 0.9902 0.9902
v -0.002500 1.655447 -0.142947 0.9378 0.9378 0.9378
v 0.004553 1.660434 -0.147934 0.9378 0.9378 0.9378
v 0.000481 1.659519 -0.147019 0.9488 0.9488 0.9488
v -0.000434 1.655447 -0.147934 0.9595 0.9595 0.9595
v -0.000434 1.660434 -0.142946 0.9488 0.9488 0.9488
v 0.004553 1.577500 0.142947 0.9148 0.9148 0.9148
v 0.004553 1.584553 0.150000 0.9902 0.9902 0.9902
v -0.002500 1.584553 0.142947 0.9029 0.9029 0.9029
v 0.004553 1.579566 0.147934 0.9700 0.9700 0.9700
v 0.000481 1.580481 0.147019 0.9700 0.9700 0.9700
v -0.000434 1.584553 0.147934 0.9700 0.9700 0.9700
v -0.000434 1.579566 0.142947 0.9265 0.9265 0.9265
v 0.004553 1.662500 0.142947 0.8905 0.8905 0.8905
v -0.002500 1.655447 0.142947 0.9595 0.9595 0.9595
v 0.004553 1.655447 0.150000 1.0000 1.0000 1.0000
v -0.000434 1.660434 0.142947 0.9265 0.9265 0.9265
v 0.000481 1.659519 0.147019 0.9802 0.9802 0.9802
v -0.000434 1.655447 0.147934 0.9902 0.9902 0.9902
v 0.004553 1.660434 0.147934 0.9802 0.9802 0.9802
v 0.839476 2.234232 -0.067947 0.9378 0.9378 0.9378
v 0.839746 2.241280 -0.075000 0.9802 0.9802 0.9802
v 0.846795 2.241009 -0.067947 0.9802 0.9802 0.9802
v 0.839555 2.236296 -0.072934 0.9595 0.9595 0.9595
v 0.843659 2.237054 -0.072019 0.9802 0.9802 0.9802
v 0.844730 2.241088 -0.072934 0.9902 0.9902 0.9902
v 0.844539 2.236104 -0.067947 0.9595 0.9595 0.9595
v 0.844963 2.377073 -0.075000 1.0000 1.0000 1.0000
v 0.845234 2.384121 -0.067947 1.0000 1.0000 1.0000
v 0.852011 2.376802 -0.067947 1.0000 1.0000 1.0000
v 0.845155 2.382057 -0.072934 1.0000 1.0000 1.0000
v 0.849189 2.380986 -0.072019 1.0000 1.0000 1.0000
v 0.850138 2.381865 -0.067947 1.0000 1.0000 1.0000
v 0.849947 2.376882 -0.072934 1.0000 1.0000 1.0000
v 0.839476 2.234232 0.067947 0.9378 0.9378 0.9378
v 0.846795 2.241009 0.067947 0.9902 0.9902 0.9902
v 0.839746 2.241280 0.075000 0.9802 0.9802 0.9802
v 0.844539 2.236104 0.067947 0.9700 0.9700 0.9700
v 0.843659 2.237054 0.072019 0.9700 0.9700 0.9700
v 0.844730 2.241088 0.072934 0.9802 0.9802 0.9802
v 0.839555 2.236296 0.072934 0.9595 0.9595 0.9595
v 0.845234 2.384121 0.067947 1.0000 1.0000 1.0000
v 0.844963 2.377073 0.075000 1.0000 1.0000 1.0000
v 0.852011 2.376802 0.067947 1.0000 1.0000 1.0000
v 0.845154 2.382057 0.072934 1.0000 1.0000 1.0000
v 0.849189 2.380986 0.072019 1.0000 1.0000 1.0000
v 0.849947 2.376882 0.072934 1.0000 1.0000 1.0000
v 0.850138 2.381865 0.067947 1.0000 1.0000 1.0000
v -0.765234 2.295878 -0.067947 0.9802 0.9802 0.9802
v -0.772011 2.303197 -0.067947 0.9902 0.9902 0.9902
v -0.764963 2.302927 -0.075000 0.9902 0.9902 0.9902
v -0.770138 2.298134 -0.067947 0.9802 0.9802 0.9802
v -0.769189 2.299013 -0.072019 0.9802 0.9802 0.9802
v -0.769947 2.303118 -0.072934 0.9902 0.9902 0.9902
v -0.765155 2.297943 -0.072934 0.9802 0.9802 0.9802
v -0.759476 2.445768 -0.067947 1.0000 1.0000 1.0000
v -0.759746 2.438720 -0.075000 1.0000 1.0000 1.0000
v -0.766795 2.438990 -0.067947 1.0000 1.0000 1.0000
v -0.759555 2.443703 -0.072934 1.0000 1.0000 1.0000
v -0.763659 2.442945 -0.072019 1.0000 1.0000 1.0000
v -0.764730 2.438911 -0.072934 1.0000 1.0000 1.0000
v -0.764539 2.443895 -0.067947 1.0000 1.0000 1.0000
v -0.765234 2.295878 0.067947 0.9902 0.9902 0.9902
v -0.764963 2.302927 0.075000 1.0000 1.0000 1.0000
v -0.772011 2.303197 0.067947 1.0000 1.0000 1.0000
v -0.765154 2.297943 0.072934 0.9902 0.9902 0.9902
v -0.769189 2.299013 0.072019 1.0000 1.0000 1.0000
v -0.769947 2.303118 0.072934 1.0000 1.0000 1.0000
v -0.770138 2.298134 0.067947 1.0000 1.0000 1.0000
v -0.759476 2.445768 0.067947 0.9902 0.9902 0.9902
v -0.766795 2.438990 0.067947 1.0000 1.0000 1.0000
v -0.759746 2.438720 0.075000 1.0000 1.0000 1.0000
v -0.764539 2.443895 0.067947 1.0000 1.0000 1.0000
v -0.763659 2.442945 0.072019 1.0000 1.0000 1.0000
v -0.764730 2.438911 0.072934 1.0000 1.0000 1.0000
v -0.759555 2.443703 0.072934 1.0000 1.0000 1.0000
v 0.139047 1.792354 -0.037947 0.6181 0.6181 0.6181
v 0.143390 1.797913 -0.045000 0.6181 0.6181 0.6181
v 0.148948 1.793570 -0.037947 0.6181 0.6181 0.6181
v 0.140319 1.793982 -0.042934 0.6181 0.6181 0.6181
v 0.144092 1.792196 -0.042019 0.6181 0.6181 0.6181
v 0.147320 1.794842 -0.042934 0.6181 0.6181 0.6181
v 0.144249 1.790912 -0.037947 0.6181 0.6181 0.6181
v 0.516415 2.275363 -0.045000 0.6181 0.6181 0.6181
v 0.520757 2.280921 -0.037947 0.6181 0.6181 0.6181
v 0.521973 2.271020 -0.037947 0.6181 0.6181 0.6181
v 0.519485 2.279293 -0.042934 0.6181 0.6181 0.6181
v 0.522131 2.276065 -0.042019 0.6181 0.6181 0.6181
v 0.523416 2.276222 -0.037947 0.6181 0.6181 0.6181
v 0.520345 2.272292 -0.042934 0.6181 0.6181 0.6181
v 0.139047 1.792354 0.037947 0.6181 0.6181 0.6181
v 0.148948 1.793570 0.037947 0.6181 0.6181 0.6181
v 0.143390 1.797913 0.045000 0.6181 0.6181 0.6181
v 0.144249 1.790912 0.037947 0.6181 0.6181 0.6181
v 0.144092 1.792196 0.042019 0.6181 0.6181 0.6181
v 0.147320 1.794842 0.042934 0.6181 0.6181 0.6181
v 0.140319 1.793982 0.042934 0.6181 0.6181 0.6181
v 0.520757 2.280921 0.037947 0.6181 0.6181 0.6181
v 0.516415 2.275363 0.045000 0.6181 0.6181 0.6181
v 0.521973 2.271020 0.037947 0.6181 0.6181 0.6181
v 0.519485 2.279293 0.042934 0.6181 0.6181 0.6181
v 0.522131 2.276065 0.042019 0.6181 0.6181 0.6181
v 0.520345 2.272292 0.042934 0.6181 0.6181 0.6181
v 0.523416 2.276222 0.037947 0.6181 0.6181 0.6181
v 0.079243 1.839079 -0.037947 0.6181 0.6181 0.6181
v 0.078027 1.848980 -0.037947 0.6181 0.6181 0.6181
v 0.083585 1.844637 -0.045000 0.6181 0.6181 0.6181
v 0.076584 1.843778 -0.037947 0.6181 0.6181 0.6181
v 0.077869 1.843935 -0.042019 0.6181 0.6181 0.6181
v 0.079655 1.847708 -0.042934 0.6181 0.6181 0.6181
v 0.080515 1.840707 -0.042934 0.6181 0.6181 0.6181
v 0.460953 2.327645 -0.037947 0.6181 0.6181 0.6181
v 0.456610 2.322087 -0.045000 0.6181 0.6181 0.6181
v 0.451052 2.326430 -0.037947 0.6181 0.6181 0.6181
v 0.459681 2.326017 -0.042934 0.6181 0.6181 0.6181
v 0.455908 2.327803 -0.042019 0.6181 0.6181 0.6181
v 0.452680 2.325158 -0.042934 0.6181 0.6181 0.6181
v 0.455751 2.329088 -0.037947 0.6181 0.6181 0.6181
v 0.079243 1.839079 0.037947 0.6181 0.6181 0.6181
v 0.083585 1.844637 0.045000 0.6181 0.6181 0.6181
v 0.078027 1.848980 0.037947 0.6181 0.6181 0.6181
v 0.080514 1.840707 0.042934 0.6181 0.6181 0.6181
v 0.077869 1.843935 0.042019 0.6181 0.6181 0.6181
v 0.079655 1.847708 0.042934 0.6181 0.6181 0.6181
v 0.076584 1.843778 0.037947 0.6181 0.6181 0.6181
v 0.460953 2.327645 0.037947 0.6181 0.6181 0.6181
v 0.451052 2.326430 0.037947 0.6181 0.6181 0.6181
v 0.456610 2.322087 0.045000 0.6181 0.6181 0.6181
v 0.455751 2.329088 0.037947 0.6181 0.6181 0.6181
v 0.455908 2.327803 0.042019 0.6181 0.6181 0.6181
v 0.452680 2.325158 0.042934 0.6181 0.6181 0.6181
v 0.459681 2.326017 0.042934 0.6181 0.6181 0.6181
v -0.079243 1.839079 -0.037947 0.8365 0.8365 0.8365
v -0.083585 1.844637 -0.045000 0.9148 0.9148 0.9148
v -0.078027 1.848980 -0.037947 0.8365 0.8365 0.8365
v -0.080515 1.840707 -0.042934 0.8905 0.8905 0.8905
v -0.077869 1.843935 -0.042019 0.8645 0.8645 0.8645
v -0.079655 1.847708 -0.042934 0.8905 0.8905 0.8905
v -0.076584 1.843778 -0.037947 0.8060 0.8060 0.8060
v -0.456610 2.322087 -0.045000 0.6181 0.6181 0.6181
v -0.460953 2.327645 -0.037947 0.6181 0.6181 0.6181
v -0.451052 2.326430 -0.037947 0.6181 0.6181 0.6181
v -0.459681 2.326017 -0.042934 0.6181 0.6181 0.6181
v -0.455908 2.327803 -0.042019 0.6181 0.6181 0.6181
v -0.455751 2.329088 -0.037947 0.6181 0.6181 0.6181
v -0.452680 2.325158 -0.042934 0.6181 0.6181 0.6181
v -0.079243 1.839079 0.037947 0.8645 0.8645 0.8645
v -0.078027 1.848980 0.037947 0.8508 0.8508 0.8508
v -0.083585 1.844637 0.045000 0.9265 0.9265 0.9265
v -0.076584 1.843778 0.037947 0.8365 0.8365 0.8365
v -0.077869 1.843935 0.042019 0.8645 0.8645 0.8645
v -0.079655 1.847708 0.042934 0.8777 0.8777 0.8777
v -0.080515 1.840707 0.042934 0.8645 0.8645 0.8645
v -0.460953 2.327645 0.037947 0.6181 0.6181 0.6181
v -0.456610 2.322087 0.045000 0.6181 0.6181 0.6181
v -0.451052 2.326430 0.037947 0.6181 0.6181 0.6181
v -0.459681 2.326017 0.042934 0.6181 0.6181 0.6181
v -0.455908 2.327803 0.042019 0.6181 0.6181 0.6181
v -0.452680 2.325158 0.042934 0.6181 0.6181 0.6181
v -0.455751 2.329088 0.037947 0.6181 0.6181 0.6181
v -0.139047 1.792354 -0.037947 0.8365 0.8365 0.8365
v -0.148948 1.793570 -0.037947 0.8645 0.8645 0.8645
v -0.143390 1.797913 -0.045000 0.8060 0.8060 0.8060
v -0.144249 1.790912 -0.037947 0.8645 0.8645 0.8645
v -0.144092 1.792196 -0.042019 0.7895 0.7895 0.7895
v -0.147320 1.794842 -0.042934 0.7721 0.7721 0.7721
v -0.140319 1.793982 -0.042934 0.7895 0.7895 0.7895
v -0.520757 2.280921 -0.037947 0.7895 0.7895 0.7895
v -0.516415 2.275363 -0.045000 0.9265 0.9265 0.9265
v -0.521973 2.271020 -0.037947 0.9148 0.9148 0.9148
v -0.519485 2.279293 -0.042934 0.8365 0.8365 0.8365
v -0.522131 2.276065 -0.042019 0.8645 0.8645 0.8645
v -0.520345 2.272292 -0.042934 0.9265 0.9265 0.9265
v -0.523416 2.276222 -0.037947 0.8645 0.8645 0.8645
v -0.139047 1.792354 0.037947 0.9148 0.9148 0.9148
v -0.143390 1.797913 0.045000 0.9595 0.9595 0.9595
v -0.148948 1.793570 0.037947 0.9265 0.9265 0.9265
v -0.140319 1.793982 0.042934 0.9148 0.9148 0.9148
v -0.144092 1.792196 0.042019 0.9265 0.9265 0.9265
v -0.147320 1.794842 0.042934 0.9595 0.9595 0.9595
v -0.144249 1.790912 0.037947 0.9029 0.9029 0.9029
v -0.520757 2.280921 0.037947 0.7895 0.7895 0.7895
v -0.521973 2.271020 0.037947 0.9029 0.9029 0.9029
v -0.516415 2.275363 0.045000 0.9378 0.9378 0.9378
v -0.523416 2.276222 0.037947 0.8905 0.8905 0.8905
v -0.522131 2.276065 0.042019 0.9029 0.9029 0.9029
v -0.520345 2.272292 0.042934 0.9378 0.9378 0.9378
v -0.519485 2.279293 0.042934 0.8508 0.8508 0.8508
v 0.620000 2.070000 0.007281 0.6181 0.6181 0.6181
v 0.625706 2.077053 0.011854 0.6875 0.6875 0.6875
v 0.614294 2.077053 0.011854 0.6181 0.6181 0.6181
v 0.624035 2.072066 0.010426 0.6181 0.6181 0.6181
v 0.620000 2.072981 0.012405 0.6181 0.6181 0.6181
v 0.620000 2.077053 0.013660 0.6181 0.6181 0.6181
v 0.615965 2.072066 0.010426 0.6181 0.6181 0.6181
v 0.620000 2.330000 0.007281 0.6181 0.6181 0.6181
v 0.614294 2.322947 0.011854 0.6181 0.6181 0.6181
v 0.625706 2.322947 0.011854 0.6181 0.6181 0.6181
v 0.615965 2.327934 0.010426 0.6181 0.6181 0.6181
v 0.620000 2.327019 0.012405 0.6181 0.6181 0.6181
v 0.620000 2.322947 0.013660 0.6181 0.6181 0.6181
v 0.624035 2.327934 0.010426 0.6181 0.6181 0.6181
v 0.613075 2.070000 0.002250 0.6181 0.6181 0.6181
v 0.610489 2.077053 0.009090 0.6181 0.6181 0.6181
v 0.606963 2.077053 -0.001764 0.6181 0.6181 0.6181
v 0.611331 2.072066 0.007059 0.6181 0.6181 0.6181
v 0.608202 2.072981 0.003833 0.6181 0.6181 0.6181
v 0.607009 2.077053 0.004221 0.6181 0.6181 0.6181
v 0.608837 2.072066 -0.000616 0.6181 0.6181 0.6181
v 0.613075 2.330000 0.002250 0.6181 0.6181 0.6181
v 0.606963 2.322947 -0.001764 0.6181 0.6181 0.6181
v 0.610489 2.322947 0.009090 0.6181 0.6181 0.6181
v 0.608837 2.327934 -0.000616 0.6181 0.6181 0.6181
v 0.608202 2.327019 0.003833 0.6181 0.6181 0.6181
v 0.607009 2.322947 0.004221 0.6181 0.6181 0.6181
v 0.611331 2.327934 0.007059 0.6181 0.6181 0.6181
v 0.615720 2.070000 -0.005891 0.6181 0.6181 0.6181
v 0.608416 2.077053 -0.006236 0.6181 0.6181 0.6181
v 0.617649 2.077053 -0.012944 0.6875 0.6875 0.6875
v 0.610607 2.072066 -0.006064 0.6181 0.6181 0.6181
v 0.612708 2.072981 -0.010036 0.6181 0.6181 0.6181
v 0.611971 2.077053 -0.011051 0.6181 0.6181 0.6181
v 0.617136 2.072066 -0.010807 0.6181 0.6181 0.6181
v 0.615720 2.330000 -0.005891 0.6181 0.6181 0.6181
v 0.617649 2.322947 -0.012944 0.6181 0.6181 0.6181
v 0.608416 2.322947 -0.006236 0.6181 0.6181 0.6181
v 0.617136 2.327934 -0.010807 0.6181 0.6181 0.6181
v 0.612708 2.327019 -0.010036 0.6181 0.6181 0.6181
v 0.611971 2.322947 -0.011051 0.6181 0.6181 0.6181
v 0.610607 2.327934 -0.006063 0.6181 0.6181 0.6181
v 0.624280 2.070000 -0.005891 0.6181 0.6181 0.6181
v 0.622351 2.077053 -0.012944 0.6875 0.6875 0.6875
v 0.631584 2.077053 -0.006236 0.6875 0.6875 0.6875
v 0.622864 2.072066 -0.010807 0.6181 0.6181 0.6181
v 0.627291 2.072981 -0.010036 0.6591 0.6591 0.6591
v 0.628029 2.077053 -0.011051 0.6875 0.6875 0.6875
v 0.629393 2.072066 -0.006063 0.6181 0.6181 0.6181
v 0.624280 2.330000 -0.005891 0.6181 0.6181 0.6181
v 0.631584 2.322947 -0.006236 0.6181 0.6181 0.6181
v 0.622351 2.322947 -0.012944 0.6181 0.6181 0.6181
v 0.629393 2.327934 -0.006064 0.6181 0.6181 0.6181
v 0.627292 2.327019 -0.010036 0.6181 0.6181 0.6181
v 0.628029 2.322947 -0.011051 0.6181 0.6181 0.6181
v 0.622864 2.327934 -0.010807 0.6181 0.6181 0.6181
v 0.626925 2.070000 0.002250 0.6181 0.6181 0.6181
v 0.633037 2.077053 -0.001764 0.7118 0.7118 0.7118
v 0.629511 2.077053 0.009090 0.6875 0.6875 0.6875
v 0.631163 2.072066 -0.000616 0.6181 0.6181 0.6181
v 0.631798 2.072981 0.003833 0.7118 0.7118 0.7118
v 0.632991 2.077053 0.004221 0.7336 0.7336 0.7336
v 0.628669 2.072066 0.007059 0.6181 0.6181 0.6181
v 0.626925 2.330000 0.002250 0.6181 0.6181 0.6181
v 0.629511 2.322947 0.009090 0.6181 0.6181 0.6181
v 0.633037 2.322947 -0.001764 0.6181 0.6181 0.6181
v 0.628669 2.327934 0.007059 0.6181 0.6181 0.6181
v 0.631798 2.327019 0.003833 0.6181 0.6181 0.6181
v 0.632991 2.322947 0.004221 0.6181 0.6181 0.6181
v 0.631163 2.327934 -0.000616 0.6181 0.6181 0.6181
v 0.620000 1.650000 0.262735 0.9802 0.9802 0.9802
v 0.620000 1.657053 0.270000 0.9700 0.9700 0.9700
v 0.620000 1.652066 0.267872 0.9802 0.9802 0.9802
v 0.620000 2.070000 0.262735 0.9265 0.9265 0.9265
v 0.620000 2.062946 0.270000 0.9902 0.9902 0.9902
v 0.620000 2.067934 0.267872 0.9902 0.9902 0.9902
v 0.497901 1.650000 0.232641 0.9595 0.9595 0.9595
v 0.494525 1.657053 0.239073 0.9802 0.9802 0.9802
v 0.495514 1.652066 0.237189 0.9595 0.9595 0.9595
v 0.497901 2.070000 0.232641 0.9029 0.9029 0.9029
v 0.494525 2.062946 0.239073 0.9902 0.9902 0.9902
v 0.495514 2.067934 0.237189 0.9802 0.9802 0.9802
v 0.403773 1.650000 0.149251 0.9595 0.9595 0.9595
v 0.397794 1.657053 0.153377 0.9595 0.9595 0.9595
v 0.399545 1.652066 0.152169 0.9595 0.9595 0.9595
v 0.403773 2.070000 0.149251 0.8645 0.8645 0.8645
v 0.397794 2.062946 0.153377 0.9488 0.9488 0.9488
v 0.399545 2.067934 0.152169 0.9488 0.9488 0.9488
v 0.359180 1.650000 0.031669 0.9488 0.9488 0.9488
v 0.351969 1.657053 0.032545 0.9265 0.9265 0.9265
v 0.354081 1.652066 0.032288 0.9378 0.9378 0.9378
v 0.359180 2.070000 0.031669 0.6181 0.6181 0.6181
v 0.351969 2.062946 0.032545 0.6181 0.6181 0.6181
v 0.354081 2.067934 0.032288 0.6181 0.6181 0.6181
v 0.374338 1.650000 -0.093167 0.9595 0.9595 0.9595
v 0.367546 1.657053 -0.095743 0.9265 0.9265 0.9265
v 0.369535 1.652066 -0.094989 0.9488 0.9488 0.9488
v 0.374338 2.070000 -0.093167 0.8777 0.8777 0.8777
v 0.367546 2.062946 -0.095743 0.9378 0.9378 0.9378
v 0.369535 2.067934 -0.094989 0.9378 0.9378 0.9378
v 0.445774 1.650000 -0.196660 0.9902 0.9902 0.9902
v 0.440957 1.657053 -0.202098 0.9595 0.9595 0.9595
v 0.442368 1.652066 -0.200505 0.9802 0.9802 0.9802
v 0.445774 2.070000 -0.196660 0.9148 0.9148 0.9148
v 0.440957 2.062946 -0.202098 0.9488 0.9488 0.9488
v 0.442368 2.067934 -0.200505 0.9488 0.9488 0.9488
v 0.557123 1.650000 -0.255101 1.0000 1.0000 1.0000
v 0.555385 1.657053 -0.262154 0.9902 0.9902 0.9902
v 0.555894 1.652066 -0.260089 1.0000 1.0000 1.0000
v 0.557123 2.070000 -0.255101 0.9148 0.9148 0.9148
v 0.555385 2.062946 -0.262154 0.9595 0.9595 0.9595
v 0.555894 2.067934 -0.260089 0.9700 0.9700 0.9700
v 0.682877 1.650000 -0.255101 0.9902 0.9902 0.9902
v 0.684615 1.657053 -0.262154 0.9802 0.9802 0.9802
v 0.684106 1.652066 -0.260088 0.9902 0.9902 0.9902
v 0.682877 2.070000 -0.255101 0.9378 0.9378 0.9378
v 0.684615 2.062946 -0.262154 1.0000 1.0000 1.0000
v 0.684106 2.067934 -0.260088 0.9700 0.9700 0.9700
v 0.794226 1.650000 -0.196660 1.0000 1.0000 1.0000
v 0.799043 1.657053 -0.202098 1.0000 1.0000 1.0000
v 0.797632 1.652066 -0.200505 1.0000 1.0000 1.0000
v 0.794226 2.070000 -0.196660 0.9700 0.9700 0.9700
v 0.799043 2.062946 -0.202098 1.0000 1.0000 1.0000
v 0.797632 2.067934 -0.200505 0.9902 0.9902 0.9902
v 0.865662 1.650000 -0.093167 0.9902 0.9902 0.9902
v 0.872454 1.657053 -0.095743 1.0000 1.0000 1.0000
v 0.870465 1.652066 -0.094989 0.9902 0.9902 0.9902
v 0.865662 2.070000 -0.093167 0.9700 0.9700 0.9700
v 0.872454 2.062946 -0.095743 0.9902 0.9902 0.9902
v 0.870465 2.067934 -0.094989 1.0000 1.0000 1.0000
v 0.880820 1.650000 0.031669 0.9802 0.9802 0.9802
v 0.888031 1.657053 0.032545 1.0000 1.0000 1.0000
v 0.885919 1.652066 0.032288 0.9902 0.9902 0.9902
v 0.880820 2.070000 0.031669 0.9902 0.9902 0.9902
v 0.888031 2.062946 0.032545 0.9802 0.9802 0.9802
v 0.885919 2.067934 0.032288 0.9902 0.9902 0.9902
v 0.836227 1.650000 0.149251 0.9802 0.9802 0.9802
v 0.842206 1.657053 0.153377 1.0000 1.0000 1.0000
v 0.840454 1.652066 0.152169 0.9902 0.9902 0.9902
v 0.836227 2.070000 0.149251 0.9488 0.9488 0.9488
v 0.842206 2.062946 0.153377 1.0000 1.0000 1.0000
v 0.840455 2.067934 0.152169 0.9802 0.9802 0.9802
v 0.742099 1.650000 0.232641 0.9902 0.9902 0.9902
v 0.745475 1.657053 0.239073 1.0000 1.0000 1.0000
v 0.744486 1.652066 0.237189 0.9902 0.9902 0.9902
v 0.742099 2.070000 0.232641 0.9488 0.9488 0.9488
v 0.745475 2.062946 0.239073 0.9902 0.9902 0.9902
v 0.744486 2.067934 0.237189 1.0000 1.0000 1.0000
v 0.321552 1.706153 -0.000000 0.9265 0.9265 0.9265
v 0.321552 1.693847 -0.000000 0.9265 0.9265 0.9265
v 0.320081 1.700000 -0.000000 0.9265 0.9265 0.9265
v 0.336265 1.719053 -0.000000 0.8645 0.8645 0.8645
v 0.325448 1.712900 -0.000000 0.9148 0.9148 0.9148
v 0.330087 1.717250 -0.000000 0.8905 0.8905 0.8905
v 0.354552 1.712900 -0.000000 0.6181 0.6181 0.6181
v 0.343735 1.719053 -0.000000 0.8508 0.8508 0.8508
v 0.349913 1.717250 -0.000000 0.8060 0.8060 0.8060
v 0.358448 1.693847 -0.000000 0.6181 0.6181 0.6181
v 0.358448 1.706153 -0.000000 0.6181 0.6181 0.6181
v 0.359919 1.700000 -0.000000 0.6181 0.6181 0.6181
v 0.343735 1.680947 -0.000000 0.8645 0.8645 0.8645
v 0.354552 1.687100 -0.000000 0.6181 0.6181 0.6181
v 0.349913 1.682750 -0.000000 0.8216 0.8216 0.8216
v 0.325448 1.687100 -0.000000 0.9265 0.9265 0.9265
v 0.336265 1.680947 -0.000000 0.9148 0.9148 0.9148
v 0.330087 1.682750 -0.000000 0.9378 0.9378 0.9378
v 0.355738 1.693847 0.138696 0.9595 0.9595 0.9595
v 0.355738 1.706153 0.138696 0.9595 0.9595 0.9595
v 0.354435 1.700000 0.139379 0.9488 0.9488 0.9488
v 0.359187 1.712900 0.136885 0.9378 0.9378 0.9378
v 0.368765 1.719053 0.131858 0.8508 0.8508 0.8508
v 0.363295 1.717250 0.134729 0.9148 0.9148 0.9148
v 0.375380 1.719053 0.128386 0.8216 0.8216 0.8216
v 0.384958 1.712900 0.123360 0.6181 0.6181 0.6181
v 0.380849 1.717250 0.125516 0.7721 0.7721 0.7721
v 0.388407 1.706153 0.121549 0.6181 0.6181 0.6181
v 0.388407 1.693847 0.121549 0.6181 0.6181 0.6181
v 0.389710 1.700000 0.120866 0.6181 0.6181 0.6181
v 0.384958 1.687100 0.123360 0.6181 0.6181 0.6181
v 0.375380 1.680947 0.128386 0.8905 0.8905 0.8905
v 0.380849 1.682750 0.125516 0.8216 0.8216 0.8216
v 0.368765 1.680947 0.131858 0.9029 0.9029 0.9029
v 0.359187 1.687100 0.136885 0.9595 0.9595 0.9595
v 0.363295 1.682750 0.134729 0.9378 0.9378 0.9378
v 0.450462 1.693847 0.245618 0.9595 0.9595 0.9595
v 0.450462 1.706153 0.245618 0.9700 0.9700 0.9700
v 0.449627 1.700000 0.246829 0.9802 0.9802 0.9802
v 0.452675 1.712900 0.242412 0.9595 0.9595 0.9595
v 0.458820 1.719053 0.233510 0.8508 0.8508 0.8508
v 0.455311 1.717250 0.238593 0.9148 0.9148 0.9148
v 0.463064 1.719053 0.227361 0.8216 0.8216 0.8216
v 0.469208 1.712900 0.218459 0.6181 0.6181 0.6181
v 0.466573 1.717250 0.222277 0.7895 0.7895 0.7895
v 0.471421 1.706153 0.215253 0.6181 0.6181 0.6181
v 0.471421 1.693847 0.215253 0.6181 0.6181 0.6181
v 0.472257 1.700000 0.214042 0.6181 0.6181 0.6181
v 0.469208 1.687100 0.218459 0.6181 0.6181 0.6181
v 0.463064 1.680947 0.227361 0.8777 0.8777 0.8777
v 0.466573 1.682750 0.222277 0.7895 0.7895 0.7895
v 0.458820 1.680947 0.233510 0.8777 0.8777 0.8777
v 0.452675 1.687100 0.242412 0.9488 0.9488 0.9488
v 0.455311 1.682750 0.238593 0.9148 0.9148 0.9148
v 0.584026 1.693847 0.296272 0.9802 0.9802 0.9802
v 0.584026 1.706153 0.296272 0.9902 0.9902 0.9902
v 0.583849 1.700000 0.297732 0.9902 0.9902 0.9902
v 0.584496 1.712900 0.292405 0.9902 0.9902 0.9902
v 0.585799 1.719053 0.281667 0.8905 0.8905 0.8905
v 0.585055 1.717250 0.287799 0.9488 0.9488 0.9488
v 0.586700 1.719053 0.274250 0.8508 0.8508 0.8508
v 0.588004 1.712900 0.263512 0.6181 0.6181 0.6181
v 0.587445 1.717250 0.268118 0.7536 0.7536 0.7536
v 0.588473 1.706153 0.259645 0.6181 0.6181 0.6181
v 0.588473 1.693847 0.259645 0.6181 0.6181 0.6181
v 0.588651 1.700000 0.258184 0.6181 0.6181 0.6181
v 0.588004 1.687100 0.263512 0.6181 0.6181 0.6181
v 0.586700 1.680947 0.274250 0.8508 0.8508 0.8508
v 0.587445 1.682750 0.268118 0.7895 0.7895 0.7895
v 0.585799 1.680947 0.281667 0.9148 0.9148 0.9148
v 0.584496 1.687100 0.292405 0.9802 0.9802 0.9802
v 0.585055 1.682750 0.287799 0.9595 0.9595 0.9595
v 0.725831 1.693847 0.279053 0.9802 0.9802 0.9802
v 0.725831 1.706153 0.279053 1.0000 1.0000 1.0000
v 0.726353 1.700000 0.280429 1.0000 1.0000 1.0000
v 0.724450 1.712900 0.275411 0.9802 0.9802 0.9802
v 0.720614 1.719053 0.265297 0.8905 0.8905 0.8905
v 0.722804 1.717250 0.271073 0.9488 0.9488 0.9488
v 0.717965 1.719053 0.258312 0.8508 0.8508 0.8508
v 0.714129 1.712900 0.248198 0.6181 0.6181 0.6181
v 0.715774 1.717250 0.252536 0.7895 0.7895 0.7895
v 0.712748 1.706153 0.244556 0.6181 0.6181 0.6181
v 0.712748 1.693847 0.244556 0.6181 0.6181 0.6181
v 0.712226 1.700000 0.243180 0.6181 0.6181 0.6181
v 0.714129 1.687100 0.248198 0.6181 0.6181 0.6181
v 0.717965 1.680947 0.258312 0.8777 0.8777 0.8777
v 0.715774 1.682750 0.252536 0.7895 0.7895 0.7895
v 0.720614 1.680947 0.265297 0.9378 0.9378 0.9378
v 0.724450 1.687100 0.275411 0.9802 0.9802 0.9802
v 0.722804 1.682750 0.271073 0.9802 0.9802 0.9802
v 0.843391 1.693847 0.197907 1.0000 1.0000 1.0000
v 0.843391 1.706153 0.197907 0.9902 0.9902 0.9902
v 0.844493 1.700000 0.198883 1.0000 1.0000 1.0000
v 0.840475 1.712900 0.195324 0.9700 0.9700 0.9700
v 0.832379 1.719053 0.188151 0.8645 0.8645 0.8645
v 0.837003 1.717250 0.192248 0.9378 0.9378 0.9378
v 0.826787 1.719053 0.183197 0.8060 0.8060 0.8060
v 0.818690 1.712900 0.176024 0.6181 0.6181 0.6181
v 0.822163 1.717250 0.179101 0.6875 0.6875 0.6875
v 0.815775 1.706153 0.173441 0.6181 0.6181 0.6181
v 0.815775 1.693847 0.173441 0.6181 0.6181 0.6181
v 0.814673 1.700000 0.172465 0.6181 0.6181 0.6181
v 0.818690 1.687100 0.176024 0.6181 0.6181 0.6181
v 0.826787 1.680947 0.183197 0.8905 0.8905 0.8905
v 0.822163 1.682750 0.179101 0.8508 0.8508 0.8508
v 0.832379 1.680947 0.188151 0.9265 0.9265 0.9265
v 0.840475 1.687100 0.195324 0.9902 0.9902 0.9902
v 0.837003 1.682750 0.192248 0.9902 0.9902 0.9902
v 0.909775 1.693847 0.071423 1.0000 1.0000 1.0000
v 0.909775 1.706153 0.071423 1.0000 1.0000 1.0000
v 0.911204 1.700000 0.071775 1.0000 1.0000 1.0000
v 0.905993 1.712900 0.070491 0.9802 0.9802 0.9802
v 0.895491 1.719053 0.067902 0.8905 0.8905 0.8905
v 0.901488 1.717250 0.069381 0.9378 0.9378 0.9378
v 0.888237 1.719053 0.066114 0.8508 0.8508 0.8508
v 0.877734 1.712900 0.063526 0.6181 0.6181 0.6181
v 0.882239 1.717250 0.064636 0.7336 0.7336 0.7336
v 0.873952 1.706153 0.062593 0.6181 0.6181 0.6181
v 0.873952 1.693847 0.062593 0.6181 0.6181 0.6181
v 0.872523 1.700000 0.062241 0.6181 0.6181 0.6181
v 0.877734 1.687100 0.063526 0.6181 0.6181 0.6181
v 0.888237 1.680947 0.066114 0.9029 0.9029 0.9029
v 0.882239 1.682750 0.064636 0.8508 0.8508 0.8508
v 0.895491 1.680947 0.067902 0.9265 0.9265 0.9265
v 0.905993 1.687100 0.070491 1.0000 1.0000 1.0000
v 0.901488 1.682750 0.069381 0.9802 0.9802 0.9802
v 0.909775 1.693847 -0.071423 1.0000 1.0000 1.0000
v 0.909775 1.706153 -0.071423 0.9902 0.9902 0.9902
v 0.911204 1.700000 -0.071775 1.0000 1.0000 1.0000
v 0.905993 1.712900 -0.070491 0.9902 0.9902 0.9902
v 0.895491 1.719053 -0.067902 0.9378 0.9378 0.9378
v 0.901488 1.717250 -0.069381 0.9488 0.9488 0.9488
v 0.888237 1.719053 -0.066114 0.9148 0.9148 0.9148
v 0.877734 1.712900 -0.063526 0.6181 0.6181 0.6181
v 0.882239 1.717250 -0.064636 0.8508 0.8508 0.8508
v 0.873952 1.706153 -0.062593 0.6181 0.6181 0.6181
v 0.873952 1.693847 -0.062593 0.6181 0.6181 0.6181
v 0.872523 1.700000 -0.062241 0.6181 0.6181 0.6181
v 0.877734 1.687100 -0.063526 0.6181 0.6181 0.6181
v 0.888237 1.680947 -0.066114 0.8905 0.8905 0.8905
v 0.882239 1.682750 -0.064636 0.8365 0.8365 0.8365
v 0.895491 1.680947 -0.067902 0.9265 0.9265 0.9265
v 0.905993 1.687100 -0.070491 1.0000 1.0000 1.0000
v 0.901488 1.682750 -0.069381 0.9700 0.9700 0.9700
v 0.843391 1.693847 -0.197907 1.0000 1.0000 1.0000
v 0.843391 1.706153 -0.197907 1.0000 1.0000 1.0000
v 0.844493 1.700000 -0.198883 1.0000 1.0000 1.0000
v 0.840475 1.712900 -0.195324 1.0000 1.0000 1.0000
v 0.832379 1.719053 -0.188151 0.9378 0.9378 0.9378
v 0.837003 1.717250 -0.192248 0.9378 0.9378 0.9378
v 0.826787 1.719053 -0.183197 0.9029 0.9029 0.9029
v 0.818690 1.712900 -0.176024 0.6181 0.6181 0.6181
v 0.822163 1.717250 -0.179101 0.8216 0.8216 0.8216
v 0.815775 1.706153 -0.173441 0.6181 0.6181 0.6181
v 0.815775 1.693847 -0.173441 0.6181 0.6181 0.6181
v 0.814673 1.700000 -0.172465 0.6181 0.6181 0.6181
v 0.818690 1.687100 -0.176024 0.6181 0.6181 0.6181
v 0.826787 1.680947 -0.183197 0.8508 0.8508 0.8508
v 0.822163 1.682750 -0.179101 0.8060 0.8060 0.8060
v 0.832379 1.680947 -0.188151 0.9265 0.9265 0.9265
v 0.840475 1.687100 -0.195324 1.0000 1.0000 1.0000
v 0.837003 1.682750 -0.192248 0.9902 0.9902 0.9902
v 0.725831 1.693847 -0.279054 0.9902 0.9902 0.9902
v 0.725831 1.706153 -0.279054 0.9902 0.9902 0.9902
v 0.726353 1.700000 -0.280429 0.9902 0.9902 0.9902
v 0.724450 1.712900 -0.275411 0.9802 0.9802 0.9802
v 0.720614 1.719053 -0.265297 0.9148 0.9148 0.9148
v 0.722804 1.717250 -0.271073 0.9488 0.9488 0.9488
v 0.717965 1.719053 -0.258312 0.8777 0.8777 0.8777
v 0.714129 1.712900 -0.248198 0.6181 0.6181 0.6181
v 0.715774 1.717250 -0.252536 0.8060 0.8060 0.8060
v 0.712748 1.706153 -0.244556 0.6181 0.6181 0.6181
v 0.712748 1.693847 -0.244556 0.6181 0.6181 0.6181
v 0.712226 1.700000 -0.243180 0.6181 0.6181 0.6181
v 0.714129 1.687100 -0.248198 0.6181 0.6181 0.6181
v 0.717965 1.680947 -0.258312 0.8508 0.8508 0.8508
v 0.715774 1.682750 -0.252536 0.7721 0.7721 0.7721
v 0.720614 1.680947 -0.265297 0.9029 0.9029 0.9029
v 0.724450 1.687100 -0.275411 0.9902 0.9902 0.9902
v 0.722804 1.682750 -0.271073 0.9802 0.9802 0.9802
v 0.584026 1.693847 -0.296272 0.9802 0.9802 0.9802
v 0.584026 1.706153 -0.296272 0.9700 0.9700 0.9700
v 0.583849 1.700000 -0.297732 0.9802 0.9802 0.9802
v 0.584496 1.712900 -0.292405 0.9595 0.9595 0.9595
v 0.585799 1.719053 -0.281667 0.8905 0.8905 0.8905
v 0.585055 1.717250 -0.287799 0.9488 0.9488 0.9488
v 0.586700 1.719053 -0.274250 0.8508 0.8508 0.8508
v 0.588004 1.712900 -0.263512 0.6181 0.6181 0.6181
v 0.587445 1.717250 -0.268118 0.7721 0.7721 0.7721
v 0.588473 1.706153 -0.259645 0.6181 0.6181 0.6181
v 0.588473 1.693847 -0.259645 0.6181 0.6181 0.6181
v 0.588651 1.700000 -0.258185 0.6181 0.6181 0.6181
v 0.588004 1.687100 -0.263512 0.6181 0.6181 0.6181
v 0.586700 1.680947 -0.274250 0.8645 0.8645 0.8645
v 0.587445 1.682750 -0.268118 0.7895 0.7895 0.7895
v 0.585799 1.680947 -0.281667 0.9148 0.9148 0.9148
v 0.584496 1.687100 -0.292405 0.9802 0.9802 0.9802
v 0.585055 1.682750 -0.287799 0.9700 0.9700 0.9700
v 0.450462 1.693847 -0.245618 0.9700 0.9700 0.9700
v 0.450462 1.706153 -0.245618 0.9378 0.9378 0.9378
v 0.449627 1.700000 -0.246829 0.9488 0.9488 0.9488
v 0.452675 1.712900 -0.242412 0.9378 0.9378 0.9378
v 0.458820 1.719053 -0.233510 0.8645 0.8645 0.8645
v 0.455311 1.717250 -0.238594 0.9265 0.9265 0.9265
v 0.463064 1.719053 -0.227361 0.8216 0.8216 0.8216
v 0.469209 1.712900 -0.218459 0.6181 0.6181 0.6181
v 0.466573 1.717250 -0.222278 0.7721 0.7721 0.7721
v 0.471422 1.706153 -0.215253 0.6181 0.6181 0.6181
v 0.471422 1.693847 -0.215253 0.6181 0.6181 0.6181
v 0.472257 1.700000 -0.214042 0.6181 0.6181 0.6181
v 0.469209 1.687100 -0.218459 0.6181 0.6181 0.6181
v 0.463064 1.680947 -0.227361 0.8777 0.8777 0.8777
v 0.466573 1.682750 -0.222278 0.7536 0.7536 0.7536
v 0.458820 1.680947 -0.233510 0.9148 0.9148 0.9148
v 0.452675 1.687100 -0.242412 0.9802 0.9802 0.9802
v 0.455311 1.682750 -0.238594 0.9802 0.9802 0.9802
v 0.355738 1.693847 -0.138696 0.9488 0.9488 0.9488
v 0.355738 1.706153 -0.138696 0.9378 0.9378 0.9378
v 0.354435 1.700000 -0.139380 0.9488 0.9488 0.9488
v 0.359187 1.712900 -0.136885 0.9378 0.9378 0.9378
v 0.368765 1.719053 -0.131859 0.8508 0.8508 0.8508
v 0.363295 1.717250 -0.134729 0.9265 0.9265 0.9265
v 0.375380 1.719053 -0.128387 0.8216 0.8216 0.8216
v 0.384958 1.712900 -0.123360 0.6181 0.6181 0.6181
v 0.380850 1.717250 -0.125516 0.7895 0.7895 0.7895
v 0.388407 1.706153 -0.121550 0.6181 0.6181 0.6181
v 0.388407 1.693847 -0.121550 0.6181 0.6181 0.6181
v 0.389710 1.700000 -0.120866 0.6181 0.6181 0.6181
v 0.384958 1.687100 -0.123360 0.6181 0.6181 0.6181
v 0.375380 1.680947 -0.128387 0.8645 0.8645 0.8645
v 0.380850 1.682750 -0.125516 0.7118 0.7118 0.7118
v 0.368765 1.680947 -0.131859 0.9378 0.9378 0.9378
v 0.359187 1.687100 -0.136885 0.9700 0.9700 0.9700
v 0.363295 1.682750 -0.134729 0.9700 0.9700 0.9700
v 0.321552 1.866153 -0.000000 0.9148 0.9148 0.9148
v 0.321552 1.853847 -0.000000 0.9148 0.9148 0.9148
v 0.320081 1.860000 -0.000000 0.9148 0.9148 0.9148
v 0.336265 1.879053 -0.000000 0.8508 0.8508 0.8508
v 0.325448 1.872900 -0.000000 0.8905 0.8905 0.8905
v 0.330087 1.877250 -0.000000 0.8777 0.8777 0.8777
v 0.354552 1.872900 -0.000000 0.6181 0.6181 0.6181
v 0.343735 1.879053 -0.000000 0.8216 0.8216 0.8216
v 0.349913 1.877250 -0.000000 0.7721 0.7721 0.7721
v 0.358448 1.853847 -0.000000 0.6181 0.6181 0.6181
v 0.358448 1.866153 -0.000000 0.6181 0.6181 0.6181
v 0.359919 1.860000 -0.000000 0.6181 0.6181 0.6181
v 0.343735 1.840947 -0.000000 0.8508 0.8508 0.8508
v 0.354552 1.847100 -0.000000 0.6181 0.6181 0.6181
v 0.349913 1.842749 -0.000000 0.8060 0.8060 0.8060
v 0.325448 1.847100 -0.000000 0.9148 0.9148 0.9148
v 0.336265 1.840947 -0.000000 0.8777 0.8777 0.8777
v 0.330087 1.842749 -0.000000 0.8905 0.8905 0.8905
v 0.355738 1.853847 0.138696 0.9488 0.9488 0.9488
v 0.355738 1.866153 0.138696 0.9488 0.9488 0.9488
v 0.354435 1.860000 0.139379 0.9378 0.9378 0.9378
v 0.359187 1.872900 0.136885 0.9265 0.9265 0.9265
v 0.368765 1.879053 0.131858 0.8365 0.8365 0.8365
v 0.363295 1.877250 0.134729 0.9029 0.9029 0.9029
v 0.375380 1.879053 0.128386 0.8060 0.8060 0.8060
v 0.384958 1.872900 0.123360 0.6181 0.6181 0.6181
v 0.380849 1.877250 0.125516 0.7536 0.7536 0.7536
v 0.388407 1.866153 0.121549 0.6181 0.6181 0.6181
v 0.388407 1.853847 0.121549 0.6181 0.6181 0.6181
v 0.389710 1.860000 0.120866 0.6181 0.6181 0.6181
v 0.384958 1.847100 0.123360 0.6181 0.6181 0.6181
v 0.375380 1.840947 0.128386 0.8777 0.8777 0.8777
v 0.380849 1.842749 0.125516 0.8060 0.8060 0.8060
v 0.368765 1.840947 0.131858 0.9029 0.9029 0.9029
v 0.359187 1.847100 0.136885 0.9488 0.9488 0.9488
v 0.363295 1.842749 0.134729 0.9148 0.9148 0.9148
v 0.450462 1.853847 0.245618 0.9802 0.9802 0.9802
v 0.450462 1.866153 0.245618 0.9802 0.9802 0.9802
v 0.449627 1.860000 0.246829 0.9902 0.9902 0.9902
v 0.452675 1.872900 0.242412 0.9700 0.9700 0.9700
v 0.458820 1.879053 0.233510 0.8508 0.8508 0.8508
v 0.455311 1.877250 0.238593 0.9148 0.9148 0.9148
v 0.463064 1.879053 0.227361 0.8216 0.8216 0.8216
v 0.469208 1.872900 0.218459 0.6181 0.6181 0.6181
v 0.466573 1.877250 0.222277 0.7895 0.7895 0.7895
v 0.471421 1.866153 0.215253 0.6181 0.6181 0.6181
v 0.471421 1.853847 0.215253 0.6181 0.6181 0.6181
v 0.472257 1.860000 0.214042 0.6181 0.6181 0.6181
v 0.469208 1.847100 0.218459 0.6181 0.6181 0.6181
v 0.463064 1.840947 0.227361 0.8645 0.8645 0.8645
v 0.466573 1.842749 0.222277 0.7721 0.7721 0.7721
v 0.458820 1.840947 0.233510 0.8905 0.8905 0.8905
v 0.452675 1.847100 0.242412 0.9595 0.9595 0.9595
v 0.455311 1.842749 0.238593 0.9148 0.9148 0.9148
v 0.584026 1.853847 0.296272 0.9902 0.9902 0.9902
v 0.584026 1.866153 0.296272 0.9902 0.9902 0.9902
v 0.583849 1.860000 0.297732 1.0000 1.0000 1.0000
v 0.584496 1.872900 0.292405 0.9902 0.9902 0.9902
v 0.585799 1.879053 0.281667 0.8905 0.8905 0.8905
v 0.585055 1.877250 0.287799 0.9488 0.9488 0.9488
v 0.586700 1.879053 0.274250 0.8508 0.8508 0.8508
v 0.588004 1.872900 0.263512 0.6181 0.6181 0.6181
v 0.587445 1.877250 0.268118 0.7536 0.7536 0.7536
v 0.588473 1.866153 0.259645 0.6181 0.6181 0.6181
v 0.588473 1.853847 0.259645 0.6181 0.6181 0.6181
v 0.588651 1.860000 0.258184 0.6181 0.6181 0.6181
v 0.588004 1.847100 0.263512 0.6181 0.6181 0.6181
v 0.586700 1.840947 0.274250 0.8645 0.8645 0.8645
v 0.587445 1.842749 0.268118 0.8060 0.8060 0.8060
v 0.585799 1.840947 0.281667 0.8905 0.8905 0.8905
v 0.584496 1.847100 0.292405 0.9802 0.9802 0.9802
v 0.585055 1.842749 0.287799 0.9378 0.9378 0.9378
v 0.725831 1.853847 0.279053 0.9802 0.9802 0.9802
v 0.725831 1.866153 0.279053 1.0000 1.0000 1.0000
v 0.726353 1.860000 0.280429 1.0000 1.0000 1.0000
v 0.724450 1.872900 0.275411 0.9802 0.9802 0.9802
v 0.720614 1.879053 0.265297 0.8905 0.8905 0.8905
v 0.722804 1.877250 0.271073 0.9488 0.9488 0.9488
v 0.717965 1.879053 0.258312 0.8508 0.8508 0.8508
v 0.714129 1.872900 0.248198 0.6181 0.6181 0.6181
v 0.715774 1.877250 0.252536 0.7895 0.7895 0.7895
v 0.712748 1.866153 0.244556 0.6181 0.6181 0.6181
v 0.712748 1.853847 0.244556 0.6181 0.6181 0.6181
v 0.712226 1.860000 0.243180 0.6181 0.6181 0.6181
v 0.714129 1.847100 0.248198 0.6181 0.6181 0.6181
v 0.717965 1.840947 0.258312 0.8508 0.8508 0.8508
v 0.715774 1.842749 0.252536 0.7895 0.7895 0.7895
v 0.720614 1.840947 0.265297 0.9148 0.9148 0.9148
v 0.724450 1.847100 0.275411 0.9802 0.9802 0.9802
v 0.722804 1.842749 0.271073 0.9700 0.9700 0.9700
v 0.843391 1.853847 0.197907 0.9902 0.9902 0.9902
v 0.843391 1.866153 0.197907 0.9902 0.9902 0.9902
v 0.844493 1.860000 0.198883 1.0000 1.0000 1.0000
v 0.840475 1.872900 0.195324 0.9700 0.9700 0.9700
v 0.832379 1.879053 0.188151 0.8645 0.8645 0.8645
v 0.837003 1.877250 0.192248 0.9378 0.9378 0.9378
v 0.826787 1.879053 0.183197 0.8060 0.8060 0.8060
v 0.818690 1.872900 0.176024 0.6181 0.6181 0.6181
v 0.822163 1.877250 0.179101 0.6875 0.6875 0.6875
v 0.815775 1.866153 0.173441 0.6181 0.6181 0.6181
v 0.815775 1.853847 0.173441 0.6181 0.6181 0.6181
v 0.814673 1.860000 0.172465 0.6181 0.6181 0.6181
v 0.818690 1.847100 0.176024 0.6181 0.6181 0.6181
v 0.826787 1.840947 0.183197 0.8777 0.8777 0.8777
v 0.822163 1.842749 0.179101 0.8365 0.8365 0.8365
v 0.832379 1.840947 0.188151 0.9148 0.9148 0.9148
v 0.840475 1.847100 0.195324 0.9802 0.9802 0.9802
v 0.837003 1.842749 0.192248 0.9802 0.9802 0.9802
v 0.909775 1.853847 0.071423 0.9902 0.9902 0.9902
v 0.909775 1.866153 0.071423 1.0000 1.0000 1.0000
v 0.911204 1.860000 0.071775 1.0000 1.0000 1.0000
v 0.905993 1.872900 0.070491 0.9802 0.9802 0.9802
v 0.895491 1.879053 0.067902 0.8905 0.8905 0.8905
v 0.901488 1.877250 0.069381 0.9378 0.9378 0.9378
v 0.888237 1.879053 0.066114 0.8508 0.8508 0.8508
v 0.877734 1.872900 0.063526 0.6181 0.6181 0.6181
v 0.882239 1.877250 0.064636 0.7336 0.7336 0.7336
v 0.873952 1.866153 0.062593 0.6181 0.6181 0.6181
v 0.873952 1.853847 0.062593 0.6181 0.6181 0.6181
v 0.872523 1.860000 0.062241 0.6181 0.6181 0.6181
v 0.877734 1.847100 0.063526 0.6181 0.6181 0.6181
v 0.888237 1.840947 0.066114 0.8777 0.8777 0.8777
v 0.882239 1.842749 0.064636 0.8216 0.8216 0.8216
v 0.895491 1.840947 0.067902 0.9029 0.9029 0.9029
v 0.905993 1.847100 0.070491 0.9802 0.9802 0.9802
v 0.901488 1.842749 0.069381 0.9595 0.9595 0.9595
v 0.909775 1.853847 -0.071423 0.9902 0.9902 0.9902
v 0.909775 1.866153 -0.071423 0.9902 0.9902 0.9902
v 0.911204 1.860000 -0.071775 1.0000 1.0000 1.0000
v 0.905993 1.872900 -0.070491 0.9902 0.9902 0.9902
v 0.895491 1.879053 -0.067902 0.9378 0.9378 0.9378
v 0.901488 1.877250 -0.069381 0.9488 0.9488 0.9488
v 0.888237 1.879053 -0.066114 0.9148 0.9148 0.9148
v 0.877734 1.872900 -0.063526 0.6181 0.6181 0.6181
v 0.882239 1.877250 -0.064636 0.8508 0.8508 0.8508
v 0.873952 1.866153 -0.062593 0.6181 0.6181 0.6181
v 0.873952 1.853847 -0.062593 0.6181 0.6181 0.6181
v 0.872523 1.860000 -0.062241 0.6181 0.6181 0.6181
v 0.877734 1.847100 -0.063526 0.6181 0.6181 0.6181
v 0.888237 1.840947 -0.066114 0.8508 0.8508 0.8508
v 0.882239 1.842749 -0.064636 0.7895 0.7895 0.7895
v 0.895491 1.840947 -0.067902 0.8905 0.8905 0.8905
v 0.905993 1.847100 -0.070491 0.9902 0.9902 0.9902
v 0.901488 1.842749 -0.069381 0.9265 0.9265 0.9265
v 0.843391 1.853847 -0.197907 1.0000 1.0000 1.0000
v 0.843391 1.866153 -0.197907 1.0000 1.0000 1.0000
v 0.844493 1.860000 -0.198883 1.0000 1.0000 1.0000
v 0.840475 1.872900 -0.195324 1.0000 1.0000 1.0000
v 0.832379 1.879053 -0.188151 0.9378 0.9378 0.9378
v 0.837003 1.877250 -0.192248 0.9378 0.9378 0.9378
v 0.826787 1.879053 -0.183197 0.9029 0.9029 0.9029
v 0.818690 1.872900 -0.176024 0.6181 0.6181 0.6181
v 0.822163 1.877250 -0.179101 0.8216 0.8216 0.8216
v 0.815775 1.866153 -0.173441 0.6181 0.6181 0.6181
v 0.815775 1.853847 -0.173441 0.6181 0.6181 0.6181
v 0.814673 1.860000 -0.172465 0.6181 0.6181 0.6181
v 0.818690 1.847100 -0.176024 0.6181 0.6181 0.6181
v 0.826787 1.840947 -0.183197 0.8365 0.8365 0.8365
v 0.822163 1.842749 -0.179101 0.7721 0.7721 0.7721
v 0.832379 1.840947 -0.188151 0.8777 0.8777 0.8777
v 0.840475 1.847100 -0.195324 0.9802 0.9802 0.9802
v 0.837003 1.842749 -0.192248 0.9378 0.9378 0.9378
v 0.725831 1.853847 -0.279054 0.9700 0.9700 0.9700
v 0.725831 1.866153 -0.279054 0.9902 0.9902 0.9902
v 0.726353 1.860000 -0.280429 0.9902 0.9902 0.9902
v 0.724450 1.872900 -0.275411 0.9802 0.9802 0.9802
v 0.720614 1.879053 -0.265297 0.9148 0.9148 0.9148
v 0.722804 1.877250 -0.271073 0.9488 0.9488 0.9488
v 0.717965 1.879053 -0.258312 0.8777 0.8777 0.8777
v 0.714129 1.872900 -0.248198 0.6181 0.6181 0.6181
v 0.715774 1.877250 -0.252536 0.8060 0.8060 0.8060
v 0.712748 1.866153 -0.244556 0.6181 0.6181 0.6181
v 0.712748 1.853847 -0.244556 0.6181 0.6181 0.6181
v 0.712226 1.860000 -0.243180 0.6181 0.6181 0.6181
v 0.714129 1.847100 -0.248198 0.6181 0.6181 0.6181
v 0.717965 1.840947 -0.258312 0.8216 0.8216 0.8216
v 0.715774 1.842749 -0.252536 0.7536 0.7536 0.7536
v 0.720614 1.840947 -0.265297 0.8645 0.8645 0.8645
v 0.724450 1.847100 -0.275411 0.9700 0.9700 0.9700
v 0.722804 1.842749 -0.271073 0.9265 0.9265 0.9265
v 0.584026 1.853847 -0.296272 0.9802 0.9802 0.9802
v 0.584026 1.866153 -0.296272 0.9700 0.9700 0.9700
v 0.583849 1.860000 -0.297732 0.9902 0.9902 0.9902
v 0.584496 1.872900 -0.292405 0.9595 0.9595 0.9595
v 0.585799 1.879053 -0.281667 0.8905 0.8905 0.8905
v 0.585055 1.877250 -0.287799 0.9488 0.9488 0.9488
v 0.586700 1.879053 -0.274250 0.8508 0.8508 0.8508
v 0.588004 1.872900 -0.263512 0.6181 0.6181 0.6181
v 0.587445 1.877250 -0.268118 0.7721 0.7721 0.7721
v 0.588473 1.866153 -0.259645 0.6181 0.6181 0.6181
v 0.588473 1.853847 -0.259645 0.6181 0.6181 0.6181
v 0.588651 1.860000 -0.258185 0.6181 0.6181 0.6181
v 0.588004 1.847100 -0.263512 0.6181 0.6181 0.6181
v 0.586700 1.840947 -0.274250 0.8508 0.8508 0.8508
v 0.587445 1.842749 -0.268118 0.7895 0.7895 0.7895
v 0.585799 1.840947 -0.281667 0.8905 0.8905 0.8905
v 0.584496 1.847100 -0.292405 0.9802 0.9802 0.9802
v 0.585055 1.842749 -0.287799 0.9378 0.9378 0.9378
v 0.450462 1.853847 -0.245618 0.9802 0.9802 0.9802
v 0.450462 1.866153 -0.245618 0.9488 0.9488 0.9488
v 0.449627 1.860000 -0.246829 0.9595 0.9595 0.9595
v 0.452675 1.872900 -0.242412 0.9378 0.9378 0.9378
v 0.458820 1.879053 -0.233510 0.8645 0.8645 0.8645
v 0.455311 1.877250 -0.238594 0.9148 0.9148 0.9148
v 0.463064 1.879053 -0.227361 0.8216 0.8216 0.8216
v 0.469209 1.872900 -0.218459 0.6181 0.6181 0.6181
v 0.466573 1.877250 -0.222278 0.7721 0.7721 0.7721
v 0.471422 1.866153 -0.215253 0.6181 0.6181 0.6181
v 0.471422 1.853847 -0.215253 0.6181 0.6181 0.6181
v 0.472257 1.860000 -0.214042 0.6181 0.6181 0.6181
v 0.469209 1.847100 -0.218459 0.6181 0.6181 0.6181
v 0.463064 1.840947 -0.227361 0.8216 0.8216 0.8216
v 0.466573 1.842749 -0.222278 0.7336 0.7336 0.7336
v 0.458820 1.840947 -0.233510 0.8905 0.8905 0.8905
v 0.452675 1.847100 -0.242412 0.9700 0.9700 0.9700
v 0.455311 1.842749 -0.238594 0.9488 0.9488 0.9488
v 0.355738 1.853847 -0.138696 0.9488 0.9488 0.9488
v 0.355738 1.866153 -0.138696 0.9378 0.9378 0.9378
v 0.354435 1.860000 -0.139380 0.9488 0.9488 0.9488
v 0.359187 1.872900 -0.136885 0.9378 0.9378 0.9378
v 0.368765 1.879053 -0.131859 0.8508 0.8508 0.8508
v 0.363295 1.877250 -0.134729 0.9265 0.9265 0.9265
v 0.375380 1.879053 -0.128387 0.8216 0.8216 0.8216
v 0.384958 1.872900 -0.123360 0.6181 0.6181 0.6181
v 0.380850 1.877250 -0.125516 0.7895 0.7895 0.7895
v 0.388407 1.866153 -0.121550 0.6181 0.6181 0.6181
v 0.388407 1.853847 -0.121550 0.6181 0.6181 0.6181
v 0.389710 1.860000 -0.120866 0.6181 0.6181 0.6181
v 0.384958 1.847100 -0.123360 0.6181 0.6181 0.6181
v 0.375380 1.840947 -0.128387 0.8060 0.8060 0.8060
v 0.380850 1.842749 -0.125516 0.6875 0.6875 0.6875
v 0.368765 1.840947 -0.131859 0.8645 0.8645 0.8645
v 0.359187 1.847100 -0.136885 0.9148 0.9148 0.9148
v 0.363295 1.842749 -0.134729 0.8905 0.8905 0.8905
v 0.321552 2.026152 -0.000000 0.6181 0.6181 0.6181
v 0.321552 2.013847 -0.000000 0.6181 0.6181 0.6181
v 0.320081 2.020000 -0.000000 0.6181 0.6181 0.6181
v 0.336265 2.039052 -0.000000 0.6181 0.6181 0.6181
v 0.325448 2.032900 -0.000000 0.6181 0.6181 0.6181
v 0.330087 2.037250 -0.000000 0.6181 0.6181 0.6181
v 0.354552 2.032900 -0.000000 0.6181 0.6181 0.6181
v 0.343735 2.039052 -0.000000 0.6181 0.6181 0.6181
v 0.349913 2.037250 -0.000000 0.6591 0.6591 0.6591
v 0.358448 2.013847 -0.000000 0.6181 0.6181 0.6181
v 0.358448 2.026152 -0.000000 0.6181 0.6181 0.6181
v 0.359919 2.020000 -0.000000 0.6181 0.6181 0.6181
v 0.343735 2.000947 -0.000000 0.8508 0.8508 0.8508
v 0.354552 2.007100 -0.000000 0.6181 0.6181 0.6181
v 0.349913 2.002749 -0.000000 0.8060 0.8060 0.8060
v 0.325448 2.007100 -0.000000 0.8060 0.8060 0.8060
v 0.336265 2.000947 -0.000000 0.8645 0.8645 0.8645
v 0.330087 2.002749 -0.000000 0.8508 0.8508 0.8508
v 0.355738 2.013847 0.138696 0.9265 0.9265 0.9265
v 0.355738 2.026152 0.138696 0.9378 0.9378 0.9378
v 0.354435 2.020000 0.139379 0.9265 0.9265 0.9265
v 0.359187 2.032900 0.136885 0.9265 0.9265 0.9265
v 0.368765 2.039052 0.131858 0.8508 0.8508 0.8508
v 0.363295 2.037250 0.134729 0.9148 0.9148 0.9148
v 0.375380 2.039052 0.128386 0.7895 0.7895 0.7895
v 0.384958 2.032900 0.123360 0.6181 0.6181 0.6181
v 0.380849 2.037250 0.125516 0.7536 0.7536 0.7536
v 0.388407 2.026152 0.121549 0.6181 0.6181 0.6181
v 0.388407 2.013847 0.121549 0.6181 0.6181 0.6181
v 0.389710 2.020000 0.120866 0.6181 0.6181 0.6181
v 0.384958 2.007100 0.123360 0.6181 0.6181 0.6181
v 0.375380 2.000947 0.128386 0.8777 0.8777 0.8777
v 0.380849 2.002749 0.125516 0.7895 0.7895 0.7895
v 0.368765 2.000947 0.131858 0.9029 0.9029 0.9029
v 0.359187 2.007100 0.136885 0.9265 0.9265 0.9265
v 0.363295 2.002749 0.134729 0.9029 0.9029 0.9029
v 0.450462 2.013847 0.245618 0.9802 0.9802 0.9802
v 0.450462 2.026152 0.245618 0.9902 0.9902 0.9902
v 0.449627 2.020000 0.246829 0.9902 0.9902 0.9902
v 0.452675 2.032900 0.242412 0.9802 0.9802 0.9802
v 0.458820 2.039052 0.233510 0.8905 0.8905 0.8905
v 0.455311 2.037250 0.238593 0.9488 0.9488 0.9488
v 0.463064 2.039052 0.227361 0.8645 0.8645 0.8645
v 0.469208 2.032900 0.218459 0.6181 0.6181 0.6181
v 0.466573 2.037250 0.222277 0.8216 0.8216 0.8216
v 0.471421 2.026152 0.215253 0.6181 0.6181 0.6181
v 0.471421 2.013847 0.215253 0.6181 0.6181 0.6181
v 0.472257 2.020000 0.214042 0.6181 0.6181 0.6181
v 0.469208 2.007100 0.218459 0.6181 0.6181 0.6181
v 0.463064 2.000947 0.227361 0.8777 0.8777 0.8777
v 0.466573 2.002749 0.222277 0.7721 0.7721 0.7721
v 0.458820 2.000947 0.233510 0.8905 0.8905 0.8905
v 0.452675 2.007100 0.242412 0.9595 0.9595 0.9595
v 0.455311 2.002749 0.238593 0.9148 0.9148 0.9148
v 0.584026 2.013847 0.296272 0.9902 0.9902 0.9902
v 0.584026 2.026152 0.296272 1.0000 1.0000 1.0000
v 0.583849 2.020000 0.297732 1.0000 1.0000 1.0000
v 0.584496 2.032900 0.292405 1.0000 1.0000 1.0000
v 0.585799 2.039052 0.281667 0.9148 0.9148 0.9148
v 0.585055 2.037250 0.287799 0.9595 0.9595 0.9595
v 0.586700 2.039052 0.274250 0.8905 0.8905 0.8905
v 0.588004 2.032900 0.263512 0.6181 0.6181 0.6181
v 0.587445 2.037250 0.268118 0.7895 0.7895 0.7895
v 0.588473 2.026152 0.259645 0.6181 0.6181 0.6181
v 0.588473 2.013847 0.259645 0.6181 0.6181 0.6181
v 0.588651 2.020000 0.258184 0.6181 0.6181 0.6181
v 0.588004 2.007100 0.263512 0.6181 0.6181 0.6181
v 0.586700 2.000947 0.274250 0.8645 0.8645 0.8645
v 0.587445 2.002749 0.268118 0.8060 0.8060 0.8060
v 0.585799 2.000947 0.281667 0.8905 0.8905 0.8905
v 0.584496 2.007100 0.292405 0.9802 0.9802 0.9802
v 0.585055 2.002749 0.287799 0.9378 0.9378 0.9378
v 0.725831 2.013847 0.279053 0.9802 0.9802 0.9802
v 0.725831 2.026152 0.279053 1.0000 1.0000 1.0000
v 0.726353 2.020000 0.280429 1.0000 1.0000 1.0000
v 0.724450 2.032900 0.275411 1.0000 1.0000 1.0000
v 0.720614 2.039052 0.265297 0.9265 0.9265 0.9265
v 0.722804 2.037250 0.271073 0.9700 0.9700 0.9700
v 0.717965 2.039052 0.258312 0.8777 0.8777 0.8777
v 0.714129 2.032900 0.248198 0.6181 0.6181 0.6181
v 0.715774 2.037250 0.252536 0.8060 0.8060 0.8060
v 0.712748 2.026152 0.244556 0.6181 0.6181 0.6181
v 0.712748 2.013847 0.244556 0.6181 0.6181 0.6181
v 0.712226 2.020000 0.243180 0.6181 0.6181 0.6181
v 0.714129 2.007100 0.248198 0.6181 0.6181 0.6181
v 0.717965 2.000947 0.258312 0.8508 0.8508 0.8508
v 0.715774 2.002749 0.252536 0.7895 0.7895 0.7895
v 0.720614 2.000947 0.265297 0.9148 0.9148 0.9148
v 0.724450 2.007100 0.275411 0.9802 0.9802 0.9802
v 0.722804 2.002749 0.271073 0.9700 0.9700 0.9700
v 0.843391 2.013847 0.197907 0.9902 0.9902 0.9902
v 0.843391 2.026152 0.197907 1.0000 1.0000 1.0000
v 0.844493 2.020000 0.198883 1.0000 1.0000 1.0000
v 0.840475 2.032900 0.195324 0.9902 0.9902 0.9902
v 0.832379 2.039052 0.188151 0.9265 0.9265 0.9265
v 0.837003 2.037250 0.192248 0.9700 0.9700 0.9700
v 0.826787 2.039052 0.183197 0.8508 0.8508 0.8508
v 0.818690 2.032900 0.176024 0.6181 0.6181 0.6181
v 0.822163 2.037250 0.179101 0.7336 0.7336 0.7336
v 0.815775 2.026152 0.173441 0.6181 0.6181 0.6181
v 0.815775 2.013847 0.173441 0.6181 0.6181 0.6181
v 0.814673 2.020000 0.172465 0.6181 0.6181 0.6181
v 0.818690 2.007100 0.176024 0.6181 0.6181 0.6181
v 0.826787 2.000947 0.183197 0.8777 0.8777 0.8777
v 0.822163 2.002749 0.179101 0.8365 0.8365 0.8365
v 0.832379 2.000947 0.188151 0.9148 0.9148 0.9148
v 0.840475 2.007100 0.195324 0.9802 0.9802 0.9802
v 0.837003 2.002749 0.192248 0.9802 0.9802 0.9802
v 0.909775 2.013847 0.071423 0.9902 0.9902 0.9902
v 0.909775 2.026152 0.071423 1.0000 1.0000 1.0000
v 0.911204 2.020000 0.071775 1.0000 1.0000 1.0000
v 0.905993 2.032900 0.070491 0.9902 0.9902 0.9902
v 0.895491 2.039052 0.067902 0.9378 0.9378 0.9378
v 0.901488 2.037250 0.069381 0.9700 0.9700 0.9700
v 0.888237 2.039052 0.066114 0.8777 0.8777 0.8777
v 0.877734 2.032900 0.063526 0.6181 0.6181 0.6181
v 0.882239 2.037250 0.064636 0.7536 0.7536 0.7536
v 0.873952 2.026152 0.062593 0.6181 0.6181 0.6181
v 0.873952 2.013847 0.062593 0.6181 0.6181 0.6181
v 0.872523 2.020000 0.062241 0.6181 0.6181 0.6181
v 0.877734 2.007100 0.063526 0.6181 0.6181 0.6181
v 0.888237 2.000947 0.066114 0.8777 0.8777 0.8777
v 0.882239 2.002749 0.064636 0.8216 0.8216 0.8216
v 0.895491 2.000947 0.067902 0.9029 0.9029 0.9029
v 0.905993 2.007100 0.070491 0.9802 0.9802 0.9802
v 0.901488 2.002749 0.069381 0.9595 0.9595 0.9595
v 0.909775 2.013847 -0.071423 0.9902 0.9902 0.9902
v 0.909775 2.026152 -0.071423 1.0000 1.0000 1.0000
v 0.911204 2.020000 -0.071775 1.0000 1.0000 1.0000
v 0.905993 2.032900 -0.070491 1.0000 1.0000 1.0000
v 0.895491 2.039052 -0.067902 0.9700 0.9700 0.9700
v 0.901488 2.037250 -0.069381 0.9700 0.9700 0.9700
v 0.888237 2.039052 -0.066114 0.9378 0.9378 0.9378
v 0.877734 2.032900 -0.063526 0.6181 0.6181 0.6181
v 0.882239 2.037250 -0.064636 0.8645 0.8645 0.8645
v 0.873952 2.026152 -0.062593 0.6181 0.6181 0.6181
v 0.873952 2.013847 -0.062593 0.6181 0.6181 0.6181
v 0.872523 2.020000 -0.062241 0.6181 0.6181 0.6181
v 0.877734 2.007100 -0.063526 0.6181 0.6181 0.6181
v 0.888237 2.000947 -0.066114 0.8508 0.8508 0.8508
v 0.882239 2.002749 -0.064636 0.7895 0.7895 0.7895
v 0.895491 2.000947 -0.067902 0.8905 0.8905 0.8905
v 0.905993 2.007100 -0.070491 0.9902 0.9902 0.9902
v 0.901488 2.002749 -0.069381 0.9265 0.9265 0.9265
v 0.843391 2.013847 -0.197907 1.0000 1.0000 1.0000
v 0.843391 2.026152 -0.197907 1.0000 1.0000 1.0000
v 0.844493 2.020000 -0.198883 1.0000 1.0000 1.0000
v 0.840475 2.032900 -0.195324 1.0000 1.0000 1.0000
v 0.832379 2.039052 -0.188151 0.9700 0.9700 0.9700
v 0.837003 2.037250 -0.192248 0.9700 0.9700 0.9700
v 0.826787 2.039052 -0.183197 0.9378 0.9378 0.9378
v 0.818690 2.032900 -0.176024 0.6181 0.6181 0.6181
v 0.822163 2.037250 -0.179101 0.8508 0.8508 0.8508
v 0.815775 2.026152 -0.173441 0.6181 0.6181 0.6181
v 0.815775 2.013847 -0.173441 0.6181 0.6181 0.6181
v 0.814673 2.020000 -0.172465 0.6181 0.6181 0.6181
v 0.818690 2.007100 -0.176024 0.6181 0.6181 0.6181
v 0.826787 2.000947 -0.183197 0.8365 0.8365 0.8365
v 0.822163 2.002749 -0.179101 0.7721 0.7721 0.7721
v 0.832379 2.000947 -0.188151 0.8777 0.8777 0.8777
v 0.840475 2.007100 -0.195324 0.9802 0.9802 0.9802
v 0.837003 2.002749 -0.192248 0.9378 0.9378 0.9378
v 0.725831 2.013847 -0.279054 0.9802 0.9802 0.9802
v 0.725831 2.026152 -0.279054 1.0000 1.0000 1.0000
v 0.726353 2.020000 -0.280429 1.0000 1.0000 1.0000
v 0.724450 2.032900 -0.275411 0.9902 0.9902 0.9902
v 0.720614 2.039052 -0.265297 0.9378 0.9378 0.9378
v 0.722804 2.037250 -0.271073 0.9700 0.9700 0.9700
v 0.717965 2.039052 -0.258312 0.9029 0.9029 0.9029
v 0.714129 2.032900 -0.248198 0.6181 0.6181 0.6181
v 0.715774 2.037250 -0.252536 0.8216 0.8216 0.8216
v 0.712748 2.026152 -0.244556 0.6181 0.6181 0.6181
v 0.712748 2.013847 -0.244556 0.6181 0.6181 0.6181
v 0.712226 2.020000 -0.243180 0.6181 0.6181 0.6181
v 0.714129 2.007100 -0.248198 0.6181 0.6181 0.6181
v 0.717965 2.000947 -0.258312 0.8216 0.8216 0.8216
v 0.715774 2.002749 -0.252536 0.7536 0.7536 0.7536
v 0.720614 2.000947 -0.265297 0.8645 0.8645 0.8645
v 0.724450 2.007100 -0.275411 0.9802 0.9802 0.9802
v 0.722804 2.002749 -0.271073 0.9378 0.9378 0.9378
v 0.584026 2.013847 -0.296272 0.9802 0.9802 0.9802
v 0.584026 2.026152 -0.296272 0.9902 0.9902 0.9902
v 0.583849 2.020000 -0.297732 0.9902 0.9902 0.9902
v 0.584496 2.032900 -0.292405 0.9802 0.9802 0.9802
v 0.585799 2.039052 -0.281667 0.9265 0.9265 0.9265
v 0.585055 2.037250 -0.287799 0.9700 0.9700 0.9700
v 0.586700 2.039052 -0.274250 0.8777 0.8777 0.8777
v 0.588004 2.032900 -0.263512 0.6181 0.6181 0.6181
v 0.587445 2.037250 -0.268118 0.8216 0.8216 0.8216
v 0.588473 2.026152 -0.259645 0.6181 0.6181 0.6181
v 0.588473 2.013847 -0.259645 0.6181 0.6181 0.6181
v 0.588651 2.020000 -0.258185 0.6181 0.6181 0.6181
v 0.588004 2.007100 -0.263512 0.6181 0.6181 0.6181
v 0.586700 2.000947 -0.274250 0.8365 0.8365 0.8365
v 0.587445 2.002749 -0.268118 0.7721 0.7721 0.7721
v 0.585799 2.000947 -0.281667 0.8777 0.8777 0.8777
v 0.584496 2.007100 -0.292405 0.9802 0.9802 0.9802
v 0.585055 2.002749 -0.287799 0.9378 0.9378 0.9378
v 0.450462 2.013847 -0.245618 0.9700 0.9700 0.9700
v 0.450462 2.026152 -0.245618 0.9595 0.9595 0.9595
v 0.449627 2.020000 -0.246829 0.9488 0.9488 0.9488
v 0.452675 2.032900 -0.242412 0.9595 0.9595 0.9595
v 0.458820 2.039052 -0.233510 0.8777 0.8777 0.8777
v 0.455311 2.037250 -0.238594 0.9595 0.9595 0.9595
v 0.463064 2.039052 -0.227361 0.8365 0.8365 0.8365
v 0.469209 2.032900 -0.218459 0.6181 0.6181 0.6181
v 0.466573 2.037250 -0.222278 0.7895 0.7895 0.7895
v 0.471422 2.026152 -0.215253 0.6181 0.6181 0.6181
v 0.471422 2.013847 -0.215253 0.6181 0.6181 0.6181
v 0.472257 2.020000 -0.214042 0.6181 0.6181 0.6181
v 0.469209 2.007100 -0.218459 0.6181 0.6181 0.6181
v 0.463064 2.000947 -0.227361 0.8060 0.8060 0.8060
v 0.466573 2.002749 -0.222278 0.7336 0.7336 0.7336
v 0.458820 2.000947 -0.233510 0.8777 0.8777 0.8777
v 0.452675 2.007100 -0.242412 0.9595 0.9595 0.9595
v 0.455311 2.002749 -0.238594 0.9378 0.9378 0.9378
v 0.355738 2.013847 -0.138696 0.9488 0.9488 0.9488
v 0.355738 2.026152 -0.138696 0.9488 0.9488 0.9488
v 0.354435 2.020000 -0.139380 0.9488 0.9488 0.9488
v 0.359187 2.032900 -0.136885 0.9488 0.9488 0.9488
v 0.368765 2.039052 -0.131859 0.8905 0.8905 0.8905
v 0.363295 2.037250 -0.134729 0.9488 0.9488 0.9488
v 0.375380 2.039052 -0.128387 0.8508 0.8508 0.8508
v 0.384958 2.032900 -0.123360 0.6181 0.6181 0.6181
v 0.380850 2.037250 -0.125516 0.8216 0.8216 0.8216
v 0.388407 2.026152 -0.121550 0.6181 0.6181 0.6181
v 0.388407 2.013847 -0.121550 0.6181 0.6181 0.6181
v 0.389710 2.020000 -0.120866 0.6181 0.6181 0.6181
v 0.384958 2.007100 -0.123360 0.6181 0.6181 0.6181
v 0.375380 2.000947 -0.128387 0.7895 0.7895 0.7895
v 0.380850 2.002749 -0.125516 0.6591 0.6591 0.6591
v 0.368765 2.000947 -0.131859 0.8645 0.8645 0.8645
v 0.359187 2.007100 -0.136885 0.9148 0.9148 0.9148
v 0.363295 2.002749 -0.134729 0.8905 0.8905 0.8905
v 0.561594 2.030998 -0.150836 0.6181 0.6181 0.6181
v 0.556025 2.037397 -0.145589 0.6181 0.6181 0.6181
v 0.554529 2.036362 -0.155396 0.6181 0.6181 0.6181
v 0.558278 2.032675 -0.146920 0.6181 0.6181 0.6181
v 0.555399 2.032758 -0.150076 0.6181 0.6181 0.6181
v 0.553282 2.036469 -0.150145 0.6181 0.6181 0.6181
v 0.557220 2.031944 -0.153855 0.6181 0.6181 0.6181
v 0.528299 2.164248 -0.154744 0.8060 0.8060 0.8060
v 0.530864 2.171597 -0.160983 0.9029 0.9029 0.9029
v 0.526803 2.163213 -0.164551 0.9029 0.9029 0.9029
v 0.528428 2.169248 -0.156776 0.8365 0.8365 0.8365
v 0.525939 2.167546 -0.159804 0.9029 0.9029 0.9029
v 0.527370 2.168516 -0.163712 0.9378 0.9378 0.9378
v 0.525557 2.163320 -0.159300 0.8508 0.8508 0.8508
v 0.607896 2.036399 -0.216218 0.6181 0.6181 0.6181
v 0.600830 2.041763 -0.220779 0.6181 0.6181 0.6181
v 0.610461 2.043747 -0.222457 0.6181 0.6181 0.6181
v 0.603522 2.037345 -0.219238 0.6181 0.6181 0.6181
v 0.606397 2.038707 -0.222090 0.6181 0.6181 0.6181
v 0.605336 2.042541 -0.223649 0.6181 0.6181 0.6181
v 0.610332 2.038748 -0.220425 0.6181 0.6181 0.6181
v 0.577166 2.176998 -0.226365 0.9378 0.9378 0.9378
v 0.582735 2.170599 -0.231612 1.0000 1.0000 1.0000
v 0.573105 2.168615 -0.229934 0.9378 0.9378 0.9378
v 0.580482 2.175320 -0.230281 0.9700 0.9700 0.9700
v 0.576937 2.173496 -0.231818 0.9595 0.9595 0.9595
v 0.577610 2.169393 -0.232804 0.9802 0.9802 0.9802
v 0.573672 2.173918 -0.229094 0.9488 0.9488 0.9488
v 0.695325 2.067277 -0.053135 0.6181 0.6181 0.6181
v 0.699387 2.075660 -0.049567 0.6181 0.6181 0.6181
v 0.689756 2.073677 -0.047888 0.6181 0.6181 0.6181
v 0.698819 2.070358 -0.050406 0.6181 0.6181 0.6181
v 0.695554 2.070780 -0.047682 0.6181 0.6181 0.6181
v 0.694881 2.074883 -0.046696 0.6181 0.6181 0.6181
v 0.692010 2.068955 -0.049219 0.6181 0.6181 0.6181
v 0.664595 2.207876 -0.063282 0.8645 0.8645 0.8645
v 0.662030 2.200528 -0.057043 0.7536 0.7536 0.7536
v 0.671661 2.202512 -0.058721 0.7895 0.7895 0.7895
v 0.662159 2.205528 -0.059076 0.7895 0.7895 0.7895
v 0.666094 2.205569 -0.057410 0.7536 0.7536 0.7536
v 0.667156 2.201735 -0.055851 0.7536 0.7536 0.7536
v 0.668969 2.206930 -0.060263 0.8216 0.8216 0.8216
v 0.741627 2.072679 -0.118517 0.6181 0.6181 0.6181
v 0.744192 2.080027 -0.124757 0.8365 0.8365 0.8365
v 0.745688 2.081062 -0.114949 0.6181 0.6181 0.6181
v 0.744063 2.075027 -0.122724 0.6181 0.6181 0.6181
v 0.746552 2.076729 -0.119696 0.6181 0.6181 0.6181
v 0.746934 2.080955 -0.120200 0.6181 0.6181 0.6181
v 0.745121 2.075759 -0.115789 0.6181 0.6181 0.6181
v 0.710897 2.213278 -0.128664 0.9148 0.9148 0.9148
v 0.717963 2.207914 -0.124104 0.9029 0.9029 0.9029
v 0.716466 2.206879 -0.133911 0.9802 0.9802 0.9802
v 0.715271 2.212332 -0.125645 0.9265 0.9265 0.9265
v 0.717092 2.211518 -0.129424 0.9488 0.9488 0.9488
v 0.719209 2.207807 -0.129355 0.9488 0.9488 0.9488
v 0.714213 2.211600 -0.132580 0.9595 0.9595 0.9595
v 0.786045 2.069954 -0.129268 0.6181 0.6181 0.6181
v 0.783776 2.077996 -0.134716 0.9029 0.9029 0.9029
v 0.791740 2.078125 -0.128711 0.9265 0.9265 0.9265
v 0.784927 2.072820 -0.133705 0.8365 0.8365 0.8365
v 0.788882 2.074329 -0.133124 0.8905 0.8905 0.8905
v 0.788954 2.078597 -0.133311 0.9378 0.9378 0.9378
v 0.790558 2.072911 -0.129458 0.8645 0.8645 0.8645
v 0.771847 2.147224 -0.120381 0.9802 0.9802 0.9802
v 0.771769 2.152803 -0.112113 0.9595 0.9595 0.9595
v 0.779811 2.147352 -0.114376 0.9902 0.9902 0.9902
v 0.771338 2.151679 -0.117376 0.9488 0.9488 0.9488
v 0.775598 2.151420 -0.117161 0.9802 0.9802 0.9802
v 0.776970 2.151770 -0.113129 0.9802 0.9802 0.9802
v 0.777025 2.147825 -0.118976 1.0000 1.0000 1.0000
v 0.800947 2.053202 -0.035965 0.6181 0.6181 0.6181
v 0.806642 2.061372 -0.035407 0.6181 0.6181 0.6181
v 0.800869 2.058781 -0.027696 0.6181 0.6181 0.6181
v 0.805460 2.056158 -0.036155 0.6181 0.6181 0.6181
v 0.805049 2.056154 -0.031901 0.6181 0.6181 0.6181
v 0.805405 2.060103 -0.030308 0.6181 0.6181 0.6181
v 0.801378 2.054326 -0.030702 0.6181 0.6181 0.6181
v 0.786671 2.136051 -0.018809 0.9265 0.9265 0.9265
v 0.788940 2.128009 -0.013361 0.8645 0.8645 0.8645
v 0.794713 2.130600 -0.021072 0.9488 0.9488 0.9488
v 0.787789 2.133185 -0.014373 0.8645 0.8645 0.8645
v 0.791765 2.133247 -0.015938 0.9029 0.9029 0.9029
v 0.793476 2.129331 -0.015973 0.9029 0.9029 0.9029
v 0.791872 2.135018 -0.019825 0.9488 0.9488 0.9488
v 0.684023 2.049752 -0.116601 0.6181 0.6181 0.6181
v 0.675981 2.055202 -0.114338 0.6181 0.6181 0.6181
v 0.681754 2.057794 -0.122049 0.6181 0.6181 0.6181
v 0.678823 2.050785 -0.115585 0.6181 0.6181 0.6181
v 0.678929 2.052556 -0.119472 0.6181 0.6181 0.6181
v 0.677218 2.056471 -0.119437 0.6181 0.6181 0.6181
v 0.682905 2.052617 -0.121038 0.6181 0.6181 0.6181
v 0.669747 2.132601 -0.099446 0.6181 0.6181 0.6181
v 0.669826 2.127022 -0.107714 0.6181 0.6181 0.6181
v 0.664053 2.124430 -0.100003 0.6181 0.6181 0.6181
v 0.669317 2.131476 -0.104708 0.6181 0.6181 0.6181
v 0.665645 2.129648 -0.103509 0.6181 0.6181 0.6181
v 0.665290 2.125699 -0.105103 0.6181 0.6181 0.6181
v 0.665234 2.129644 -0.099256 0.6181 0.6181 0.6181
v 0.698925 2.032999 -0.023298 0.6181 0.6181 0.6181
v 0.698847 2.038579 -0.015029 0.6181 0.6181 0.6181
v 0.690883 2.038450 -0.021035 0.6181 0.6181 0.6181
v 0.699356 2.034123 -0.018035 0.6181 0.6181 0.6181
v 0.695096 2.034381 -0.018250 0.6181 0.6181 0.6181
v 0.693670 2.037977 -0.016435 0.6181 0.6181 0.6181
v 0.693725 2.034032 -0.022281 0.6181 0.6181 0.6181
v 0.684649 2.115848 -0.006142 0.7721 0.7721 0.7721
v 0.678955 2.107677 -0.006700 0.6181 0.6181 0.6181
v 0.686918 2.107806 -0.000694 0.7336 0.7336 0.7336
v 0.680137 2.112891 -0.005952 0.7118 0.7118 0.7118
v 0.681813 2.111473 -0.002286 0.7118 0.7118 0.7118
v 0.681741 2.107205 -0.002100 0.6875 0.6875 0.6875
v 0.685768 2.112983 -0.001706 0.7536 0.7536 0.7536
v 0.574382 2.071338 0.004817 0.6181 0.6181 0.6181
v 0.567199 2.078174 0.003734 0.6591 0.6591 0.6591
v 0.576221 2.079751 -0.000217 0.6591 0.6591 0.6591
v 0.569546 2.073319 0.003467 0.6181 0.6181 0.6181
v 0.571726 2.075101 0.000252 0.6591 0.6591 0.6591
v 0.570846 2.079268 -0.000093 0.6591 0.6591 0.6591
v 0.575925 2.074435 0.000673 0.6181 0.6181 0.6181
v 0.559568 2.167894 0.022121 0.8645 0.8645 0.8645
v 0.565580 2.174830 0.026026 0.8777 0.8777 0.8777
v 0.568590 2.169471 0.018170 0.8365 0.8365 0.8365
v 0.561086 2.172778 0.023849 0.8645 0.8645 0.8645
v 0.563418 2.172773 0.020269 0.8645 0.8645 0.8645
v 0.567466 2.173893 0.021056 0.8645 0.8645 0.8645
v 0.563215 2.168989 0.018294 0.8508 0.8508 0.8508
v 0.706433 2.072340 0.054734 0.6181 0.6181 0.6181
v 0.708272 2.080752 0.049701 0.7895 0.7895 0.7895
v 0.712445 2.079275 0.058640 0.8365 0.8365 0.8365
v 0.707976 2.075436 0.050590 0.7336 0.7336 0.7336
v 0.711394 2.076160 0.053050 0.8060 0.8060 0.8060
v 0.712227 2.080341 0.053352 0.8216 0.8216 0.8216
v 0.710926 2.074392 0.056911 0.8060 0.8060 0.8060
v 0.697630 2.175832 0.075944 0.9378 0.9378 0.9378
v 0.704813 2.168996 0.077027 0.9148 0.9148 0.9148
v 0.700640 2.170473 0.068088 0.8060 0.8060 0.8060
v 0.702467 2.173851 0.077294 0.9378 0.9378 0.9378
v 0.703086 2.173832 0.073066 0.8777 0.8777 0.8777
v 0.704595 2.170061 0.071739 0.8905 0.8905 0.8905
v 0.699516 2.174895 0.070973 0.8777 0.8777 0.8777
v 0.509025 2.030177 0.178539 0.6181 0.6181 0.6181
v 0.506014 2.035536 0.186395 0.6181 0.6181 0.6181
v 0.501841 2.037013 0.177456 0.6181 0.6181 0.6181
v 0.507138 2.031114 0.183509 0.6181 0.6181 0.6181
v 0.503568 2.032177 0.181416 0.6181 0.6181 0.6181
v 0.502059 2.035948 0.182744 0.6181 0.6181 0.6181
v 0.504188 2.032158 0.177188 0.6181 0.6181 0.6181
v 0.500222 2.133670 0.199748 0.9378 0.9378 0.9378
v 0.494210 2.126734 0.195843 0.8777 0.8777 0.8777
v 0.498383 2.125257 0.204782 0.9700 0.9700 0.9700
v 0.495728 2.131617 0.197571 0.8905 0.8905 0.8905
v 0.495260 2.129849 0.201433 0.9488 0.9488 0.9488
v 0.494428 2.125668 0.201131 0.9378 0.9378 0.9378
v 0.498679 2.130573 0.203892 0.9902 0.9902 0.9902
v 0.641075 2.031179 0.228456 0.6181 0.6181 0.6181
v 0.647087 2.038115 0.232361 0.6181 0.6181 0.6181
v 0.638064 2.036537 0.236312 0.6181 0.6181 0.6181
v 0.645568 2.033231 0.230633 0.6181 0.6181 0.6181
v 0.643236 2.033236 0.234213 0.6181 0.6181 0.6181
v 0.643440 2.037020 0.236188 0.6181 0.6181 0.6181
v 0.639189 2.032116 0.233427 0.6181 0.6181 0.6181
v 0.632272 2.134671 0.249665 0.9488 0.9488 0.9488
v 0.630433 2.126258 0.254699 0.9902 0.9902 0.9902
v 0.639455 2.127835 0.250748 0.9595 0.9595 0.9595
v 0.630729 2.131575 0.253809 1.0000 1.0000 1.0000
v 0.634929 2.130908 0.254230 1.0000 1.0000 1.0000
v 0.635808 2.126741 0.254575 0.9902 0.9902 0.9902
v 0.637109 2.132690 0.251016 0.9700 0.9700 0.9700
v 0.425304 2.032621 -0.106381 0.6181 0.6181 0.6181
v 0.417384 2.038298 -0.108513 0.6181 0.6181 0.6181
v 0.425714 2.039116 -0.113940 0.6181 0.6181 0.6181
v 0.420172 2.033766 -0.107603 0.6181 0.6181 0.6181
v 0.421795 2.034577 -0.111471 0.6181 0.6181 0.6181
v 0.420462 2.038359 -0.112948 0.6181 0.6181 0.6181
v 0.426062 2.034344 -0.111440 0.6181 0.6181 0.6181
v 0.408938 2.090097 -0.113667 0.9029 0.9029 0.9029
v 0.414598 2.098276 -0.112914 0.9488 0.9488 0.9488
v 0.417268 2.090915 -0.119094 0.9488 0.9488 0.9488
v 0.410128 2.095362 -0.113732 0.9378 0.9378 0.9378
v 0.412045 2.094376 -0.117422 0.9378 0.9378 0.9378
v 0.416018 2.095941 -0.117570 0.9378 0.9378 0.9378
v 0.412016 2.090158 -0.118102 0.9265 0.9265 0.9265
v 0.572213 2.059683 -0.075161 0.6181 0.6181 0.6181
v 0.572623 2.066178 -0.082720 0.6181 0.6181 0.6181
v 0.577873 2.067861 -0.074407 0.6181 0.6181 0.6181
v 0.572970 2.061406 -0.080221 0.6181 0.6181 0.6181
v 0.576544 2.063083 -0.078586 0.6181 0.6181 0.6181
v 0.576973 2.067189 -0.079688 0.6181 0.6181 0.6181
v 0.576683 2.062596 -0.074343 0.6181 0.6181 0.6181
v 0.561507 2.125337 -0.081694 0.7536 0.7536 0.7536
v 0.569427 2.119660 -0.079562 0.7118 0.7118 0.7118
v 0.564176 2.117976 -0.087875 0.7336 0.7336 0.7336
v 0.566639 2.124192 -0.080472 0.7336 0.7336 0.7336
v 0.566793 2.122881 -0.084536 0.7336 0.7336 0.7336
v 0.568527 2.118988 -0.084842 0.7721 0.7721 0.7721
v 0.562927 2.123002 -0.086350 0.7336 0.7336 0.7336
v 0.393686 2.041505 0.034700 0.6181 0.6181 0.6181
v 0.391017 2.048865 0.040881 0.6181 0.6181 0.6181
v 0.385767 2.047182 0.032568 0.6181 0.6181 0.6181
v 0.392267 2.043840 0.039356 0.6181 0.6181 0.6181
v 0.388400 2.043960 0.037542 0.6181 0.6181 0.6181
v 0.386667 2.047854 0.037848 0.6181 0.6181 0.6181
v 0.388554 2.042649 0.033478 0.6181 0.6181 0.6181
v 0.382981 2.107159 0.028167 0.6181 0.6181 0.6181
v 0.377320 2.098980 0.027414 0.6181 0.6181 0.6181
v 0.382571 2.100664 0.035726 0.6181 0.6181 0.6181
v 0.378510 2.104246 0.027349 0.6181 0.6181 0.6181
v 0.378649 2.103759 0.031592 0.6181 0.6181 0.6181
v 0.378221 2.099653 0.032694 0.6181 0.6181 0.6181
v 0.382223 2.105436 0.033227 0.6181 0.6181 0.6181
v 0.540595 2.068566 0.065920 0.6181 0.6181 0.6181
v 0.546255 2.076745 0.066674 0.6181 0.6181 0.6181
v 0.537926 2.075927 0.072100 0.7336 0.7336 0.7336
v 0.545065 2.071480 0.066738 0.6181 0.6181 0.6181
v 0.543149 2.072466 0.070428 0.6181 0.6181 0.6181
v 0.543178 2.076685 0.071109 0.6181 0.6181 0.6181
v 0.539176 2.070901 0.070576 0.6181 0.6181 0.6181
v 0.529889 2.134221 0.059387 0.8060 0.8060 0.8060
v 0.529480 2.127725 0.066946 0.7536 0.7536 0.7536
v 0.537809 2.128543 0.061519 0.6181 0.6181 0.6181
v 0.529132 2.132498 0.064446 0.7721 0.7721 0.7721
v 0.533398 2.132264 0.064477 0.7536 0.7536 0.7536
v 0.534732 2.128483 0.065954 0.7118 0.7118 0.7118
v 0.535022 2.133076 0.060609 0.7721 0.7721 0.7721
v -0.580000 2.010000 0.007282 0.9265 0.9265 0.9265
v -0.574294 2.017053 0.011854 0.9029 0.9029 0.9029
v -0.585706 2.017053 0.011854 0.9595 0.9595 0.9595
v -0.575965 2.012066 0.010426 0.9029 0.9029 0.9029
v -0.580000 2.012981 0.012405 0.9378 0.9378 0.9378
v -0.580000 2.017053 0.013660 0.9488 0.9488 0.9488
v -0.584035 2.012066 0.010426 0.9265 0.9265 0.9265
v -0.580000 2.310000 0.007282 0.6181 0.6181 0.6181
v -0.585706 2.302947 0.011854 0.6181 0.6181 0.6181
v -0.574294 2.302947 0.011854 0.6181 0.6181 0.6181
v -0.584035 2.307934 0.010427 0.6181 0.6181 0.6181
v -0.580000 2.307019 0.012405 0.6181 0.6181 0.6181
v -0.580000 2.302947 0.013660 0.6181 0.6181 0.6181
v -0.575965 2.307934 0.010426 0.6181 0.6181 0.6181
v -0.586925 2.010000 0.002250 0.9148 0.9148 0.9148
v -0.589511 2.017053 0.009090 0.9378 0.9378 0.9378
v -0.593037 2.017053 -0.001764 0.9595 0.9595 0.9595
v -0.588669 2.012066 0.007059 0.9378 0.9378 0.9378
v -0.591798 2.012981 0.003833 0.9378 0.9378 0.9378
v -0.592991 2.017053 0.004221 0.9595 0.9595 0.9595
v -0.591163 2.012066 -0.000616 0.9378 0.9378 0.9378
v -0.586925 2.310000 0.002250 0.6181 0.6181 0.6181
v -0.593037 2.302947 -0.001764 0.6181 0.6181 0.6181
v -0.589511 2.302947 0.009090 0.6181 0.6181 0.6181
v -0.591163 2.307934 -0.000616 0.6181 0.6181 0.6181
v -0.591798 2.307019 0.003833 0.6181 0.6181 0.6181
v -0.592991 2.302947 0.004221 0.6181 0.6181 0.6181
v -0.588669 2.307934 0.007059 0.6181 0.6181 0.6181
v -0.584280 2.010000 -0.005891 0.9148 0.9148 0.9148
v -0.591584 2.017053 -0.006236 0.9802 0.9802 0.9802
v -0.582351 2.017053 -0.012944 0.9802 0.9802 0.9802
v -0.589393 2.012066 -0.006063 0.9488 0.9488 0.9488
v -0.587292 2.012981 -0.010036 0.9488 0.9488 0.9488
v -0.588029 2.017053 -0.011051 0.9802 0.9802 0.9802
v -0.582864 2.012066 -0.010807 0.9595 0.9595 0.9595
v -0.584280 2.310000 -0.005891 0.6181 0.6181 0.6181
v -0.582351 2.302947 -0.012944 0.6181 0.6181 0.6181
v -0.591584 2.302947 -0.006236 0.6181 0.6181 0.6181
v -0.582864 2.307934 -0.010807 0.6181 0.6181 0.6181
v -0.587292 2.307019 -0.010036 0.6181 0.6181 0.6181
v -0.588029 2.302947 -0.011051 0.6181 0.6181 0.6181
v -0.589393 2.307934 -0.006063 0.6181 0.6181 0.6181
v -0.575720 2.010000 -0.005891 0.9148 0.9148 0.9148
v -0.577649 2.017053 -0.012944 0.9700 0.9700 0.9700
v -0.568416 2.017053 -0.006236 0.9265 0.9265 0.9265
v -0.577136 2.012066 -0.010807 0.9595 0.9595 0.9595
v -0.572708 2.012981 -0.010036 0.9378 0.9378 0.9378
v -0.571971 2.017053 -0.011051 0.9488 0.9488 0.9488
v -0.570607 2.012066 -0.006063 0.9148 0.9148 0.9148
v -0.575720 2.310000 -0.005891 0.6181 0.6181 0.6181
v -0.568416 2.302947 -0.006236 0.6181 0.6181 0.6181
v -0.577649 2.302947 -0.012944 0.6181 0.6181 0.6181
v -0.570607 2.307934 -0.006063 0.6181 0.6181 0.6181
v -0.572708 2.307019 -0.010036 0.6181 0.6181 0.6181
v -0.571971 2.302947 -0.011051 0.6181 0.6181 0.6181
v -0.577136 2.307934 -0.010807 0.6181 0.6181 0.6181
v -0.573075 2.010000 0.002250 0.9148 0.9148 0.9148
v -0.566963 2.017053 -0.001764 0.9265 0.9265 0.9265
v -0.570489 2.017053 0.009090 0.8905 0.8905 0.8905
v -0.568837 2.012066 -0.000615 0.9029 0.9029 0.9029
v -0.568202 2.012981 0.003834 0.8905 0.8905 0.8905
v -0.567009 2.017053 0.004221 0.9029 0.9029 0.9029
v -0.571331 2.012066 0.007060 0.9029 0.9029 0.9029
v -0.573075 2.310000 0.002250 0.6181 0.6181 0.6181
v -0.570489 2.302947 0.009090 0.6181 0.6181 0.6181
v -0.566963 2.302947 -0.001764 0.6181 0.6181 0.6181
v -0.571331 2.307934 0.007060 0.6181 0.6181 0.6181
v -0.568202 2.307019 0.003834 0.6181 0.6181 0.6181
v -0.567009 2.302947 0.004221 0.6181 0.6181 0.6181
v -0.568837 2.307934 -0.000615 0.6181 0.6181 0.6181
v -0.734283 1.721366 -0.068602 0.9902 0.9902 0.9902
v -0.734283 1.734634 -0.068602 0.9802 0.9802 0.9802
v -0.735244 1.728000 -0.069029 0.9902 0.9902 0.9902
v -0.662976 1.788000 -0.141914 0.9595 0.9595 0.9595
v -0.673306 1.788000 -0.133515 0.9595 0.9595 0.9595
v -0.666487 1.791742 -0.134693 0.9488 0.9488 0.9488
v -0.668794 1.788000 -0.138547 0.9595 0.9595 0.9595
v -0.675348 1.734517 -0.161182 0.9700 0.9700 0.9700
v -0.675348 1.721483 -0.161182 1.0000 1.0000 1.0000
v -0.685651 1.721367 -0.152741 0.9700 0.9700 0.9700
v -0.685651 1.734633 -0.152741 0.9700 0.9700 0.9700
v -0.675693 1.728000 -0.162245 0.9902 0.9902 0.9902
v -0.681771 1.728000 -0.158710 0.9700 0.9700 0.9700
v -0.681064 1.721044 -0.157657 0.9902 0.9902 0.9902
v -0.686556 1.728000 -0.153264 0.9700 0.9700 0.9700
v -0.681064 1.734956 -0.157657 0.9700 0.9700 0.9700
v -0.673306 1.668000 -0.133515 0.9802 0.9802 0.9802
v -0.662976 1.668000 -0.141914 0.9902 0.9902 0.9902
v -0.666487 1.664258 -0.134693 0.9902 0.9902 0.9902
v -0.668794 1.668000 -0.138547 0.9902 0.9902 0.9902
v -0.582992 1.788000 -0.162860 0.9802 0.9802 0.9802
v -0.596286 1.788000 -0.163583 0.9595 0.9595 0.9595
v -0.589201 1.791742 -0.159805 0.9595 0.9595 0.9595
v -0.589600 1.788000 -0.164279 0.9700 0.9700 0.9700
v -0.584305 1.734633 -0.185671 1.0000 1.0000 1.0000
v -0.584305 1.721367 -0.185671 0.9902 0.9902 0.9902
v -0.597602 1.721483 -0.186443 1.0000 1.0000 1.0000
v -0.597602 1.734517 -0.186443 0.9802 0.9802 0.9802
v -0.583880 1.728000 -0.186626 1.0000 1.0000 1.0000
v -0.590953 1.728000 -0.188219 1.0000 1.0000 1.0000
v -0.590905 1.721044 -0.186951 1.0000 1.0000 1.0000
v -0.597948 1.728000 -0.187506 1.0000 1.0000 1.0000
v -0.590905 1.734956 -0.186951 1.0000 1.0000 1.0000
v -0.596286 1.668000 -0.163583 0.9902 0.9902 0.9902
v -0.582992 1.668000 -0.162860 0.9902 0.9902 0.9902
v -0.589201 1.664258 -0.159805 0.9902 0.9902 0.9902
v -0.589600 1.668000 -0.164279 0.9902 0.9902 0.9902
v -0.495506 1.734634 -0.146185 0.9802 0.9802 0.9802
v -0.495506 1.721366 -0.146185 0.9595 0.9595 0.9595
v -0.494979 1.728000 -0.147096 0.9595 0.9595 0.9595
v -0.432428 1.734636 -0.047949 0.9265 0.9265 0.9265
v -0.432428 1.721364 -0.047949 0.9378 0.9378 0.9378
v -0.431509 1.728000 -0.048248 0.9265 0.9265 0.9265
v -0.425717 1.734634 0.068602 0.9378 0.9378 0.9378
v -0.425717 1.721366 0.068602 0.9265 0.9265 0.9265
v -0.424756 1.728000 0.069029 0.9265 0.9265 0.9265
v -0.497024 1.788000 0.141914 0.9265 0.9265 0.9265
v -0.486694 1.788000 0.133515 0.9029 0.9029 0.9029
v -0.493513 1.791742 0.134693 0.8777 0.8777 0.8777
v -0.491206 1.788000 0.138547 0.9265 0.9265 0.9265
v -0.484652 1.734517 0.161182 0.9802 0.9802 0.9802
v -0.484652 1.721483 0.161182 0.9378 0.9378 0.9378
v -0.474349 1.721367 0.152741 0.9488 0.9488 0.9488
v -0.474349 1.734633 0.152741 0.9595 0.9595 0.9595
v -0.484307 1.728000 0.162245 0.9700 0.9700 0.9700
v -0.478229 1.728000 0.158710 0.9378 0.9378 0.9378
v -0.478935 1.721044 0.157657 0.9378 0.9378 0.9378
v -0.473443 1.728000 0.153265 0.9488 0.9488 0.9488
v -0.478935 1.734956 0.157657 0.9595 0.9595 0.9595
v -0.486694 1.668000 0.133515 0.9488 0.9488 0.9488
v -0.497024 1.668000 0.141915 0.9488 0.9488 0.9488
v -0.493513 1.664258 0.134693 0.9488 0.9488 0.9488
v -0.491206 1.668000 0.138547 0.9488 0.9488 0.9488
v -0.577008 1.788000 0.162860 0.9595 0.9595 0.9595
v -0.563714 1.788000 0.163583 0.9378 0.9378 0.9378
v -0.570799 1.791742 0.159805 0.8905 0.8905 0.8905
v -0.570400 1.788000 0.164279 0.9488 0.9488 0.9488
v -0.575695 1.734633 0.185671 0.9802 0.9802 0.9802
v -0.575695 1.721367 0.185671 1.0000 1.0000 1.0000
v -0.562397 1.721483 0.186443 0.9700 0.9700 0.9700
v -0.562397 1.734517 0.186443 0.9802 0.9802 0.9802
v -0.576119 1.728000 0.186626 0.9902 0.9902 0.9902
v -0.569047 1.728000 0.188219 0.9902 0.9902 0.9902
v -0.569095 1.721044 0.186951 1.0000 1.0000 1.0000
v -0.562052 1.728000 0.187506 0.9802 0.9802 0.9802
v -0.569095 1.734956 0.186951 0.9902 0.9902 0.9902
v -0.563714 1.668000 0.163583 0.9802 0.9802 0.9802
v -0.577008 1.668000 0.162860 0.9902 0.9902 0.9902
v -0.570799 1.664258 0.159805 0.9802 0.9802 0.9802
v -0.570400 1.668000 0.164279 0.9802 0.9802 0.9802
v -0.664494 1.734634 0.146185 1.0000 1.0000 1.0000
v -0.664494 1.721366 0.146185 1.0000 1.0000 1.0000
v -0.665021 1.728000 0.147096 1.0000 1.0000 1.0000
v -0.727572 1.734636 0.047949 0.9902 0.9902 0.9902
v -0.727572 1.721364 0.047949 0.9902 0.9902 0.9902
v -0.728491 1.728000 0.048248 0.9902 0.9902 0.9902
v -0.677014 1.847346 0.017265 0.9488 0.9488 0.9488
v -0.677014 1.860654 0.017265 0.9488 0.9488 0.9488
v -0.677965 1.854000 0.016896 0.9488 0.9488 0.9488
v -0.619291 1.900500 -0.037349 0.9700 0.9700 0.9700
v -0.629897 1.900500 -0.029168 0.9802 0.9802 0.9802
v -0.622761 1.904469 -0.030332 0.9700 0.9700 0.9700
v -0.625190 1.900500 -0.034045 0.9700 0.9700 0.9700
v -0.628109 1.860597 -0.050349 0.9802 0.9802 0.9802
v -0.628109 1.847402 -0.050349 0.9488 0.9488 0.9488
v -0.638703 1.847347 -0.042150 0.9700 0.9700 0.9700
v -0.638703 1.860653 -0.042150 0.9802 0.9802 0.9802
v -0.628429 1.854000 -0.051331 0.9595 0.9595 0.9595
v -0.634595 1.854000 -0.047885 0.9802 0.9802 0.9802
v -0.633929 1.847038 -0.046926 0.9488 0.9488 0.9488
v -0.639542 1.854000 -0.042691 0.9802 0.9802 0.9802
v -0.633929 1.860961 -0.046926 0.9802 0.9802 0.9802
v -0.629897 1.807500 -0.029168 0.6181 0.6181 0.6181
v -0.619291 1.807500 -0.037349 0.6181 0.6181 0.6181
v -0.622761 1.803531 -0.030332 0.6181 0.6181 0.6181
v -0.625190 1.807500 -0.034045 0.6181 0.6181 0.6181
v -0.556777 1.900500 -0.052926 0.9595 0.9595 0.9595
v -0.570166 1.900500 -0.053310 0.9488 0.9488 0.9488
v -0.563235 1.904469 -0.049673 0.9595 0.9595 0.9595
v -0.563451 1.900500 -0.054105 0.9488 0.9488 0.9488
v -0.557283 1.860653 -0.068604 0.9595 0.9595 0.9595
v -0.557283 1.847347 -0.068604 0.9265 0.9265 0.9265
v -0.570673 1.847402 -0.069011 0.9265 0.9265 0.9265
v -0.570673 1.860597 -0.069011 0.9700 0.9700 0.9700
v -0.556923 1.854000 -0.069535 0.9488 0.9488 0.9488
v -0.563978 1.854000 -0.070830 0.9488 0.9488 0.9488
v -0.563954 1.847038 -0.069663 0.9265 0.9265 0.9265
v -0.570992 1.854000 -0.069994 0.9488 0.9488 0.9488
v -0.563954 1.860961 -0.069663 0.9488 0.9488 0.9488
v -0.570166 1.807500 -0.053310 0.6181 0.6181 0.6181
v -0.556777 1.807500 -0.052926 0.6181 0.6181 0.6181
v -0.563235 1.803531 -0.049673 0.6181 0.6181 0.6181
v -0.563451 1.807500 -0.054105 0.6181 0.6181 0.6181
v -0.491366 1.860654 -0.043056 0.9488 0.9488 0.9488
v -0.491366 1.847346 -0.043056 0.9148 0.9148 0.9148
v -0.490813 1.854000 -0.043913 0.9378 0.9378 0.9378
v -0.444868 1.860655 0.025489 0.9148 0.9148 0.9148
v -0.444868 1.847345 0.025489 0.9148 0.9148 0.9148
v -0.443939 1.854000 0.025188 0.9148 0.9148 0.9148
v -0.442195 1.860654 0.108275 0.9488 0.9488 0.9488
v -0.442195 1.847346 0.108275 0.9378 0.9378 0.9378
v -0.441245 1.854000 0.108643 0.9488 0.9488 0.9488
v -0.499919 1.900500 0.162888 0.6181 0.6181 0.6181
v -0.489313 1.900500 0.154707 0.7895 0.7895 0.7895
v -0.496449 1.904469 0.155872 0.6181 0.6181 0.6181
v -0.494019 1.900500 0.159584 0.6181 0.6181 0.6181
v -0.491100 1.860597 0.175888 0.6181 0.6181 0.6181
v -0.491100 1.847402 0.175888 0.6181 0.6181 0.6181
v -0.480507 1.847347 0.167689 0.6181 0.6181 0.6181
v -0.480507 1.860653 0.167689 0.6181 0.6181 0.6181
v -0.490781 1.854000 0.176871 0.6181 0.6181 0.6181
v -0.484615 1.854000 0.173424 0.6181 0.6181 0.6181
v -0.485281 1.847038 0.172466 0.6181 0.6181 0.6181
v -0.479668 1.854000 0.168230 0.6181 0.6181 0.6181
v -0.485281 1.860961 0.172466 0.6181 0.6181 0.6181
v -0.489313 1.807500 0.154707 0.9488 0.9488 0.9488
v -0.499919 1.807500 0.162888 0.9378 0.9378 0.9378
v -0.496449 1.803531 0.155872 0.9378 0.9378 0.9378
v -0.494019 1.807500 0.159584 0.9378 0.9378 0.9378
v -0.562432 1.900500 0.178465 0.8216 0.8216 0.8216
v -0.549044 1.900500 0.178850 0.6181 0.6181 0.6181
v -0.555975 1.904469 0.175213 0.6181 0.6181 0.6181
v -0.555758 1.900500 0.179645 0.6181 0.6181 0.6181
v -0.561926 1.860653 0.194144 0.6181 0.6181 0.6181
v -0.561926 1.847347 0.194144 0.6181 0.6181 0.6181
v -0.548537 1.847402 0.194550 0.6181 0.6181 0.6181
v -0.548537 1.860597 0.194550 0.6181 0.6181 0.6181
v -0.562287 1.854000 0.195075 0.6181 0.6181 0.6181
v -0.555232 1.854000 0.196369 0.6181 0.6181 0.6181
v -0.555256 1.847038 0.195202 0.6181 0.6181 0.6181
v -0.548218 1.854000 0.195533 0.6181 0.6181 0.6181
v -0.555256 1.860961 0.195202 0.6181 0.6181 0.6181
v -0.549044 1.807500 0.178850 0.9595 0.9595 0.9595
v -0.562432 1.807500 0.178465 0.9802 0.9802 0.9802
v -0.555975 1.803531 0.175213 0.9488 0.9488 0.9488
v -0.555758 1.807500 0.179645 0.9700 0.9700 0.9700
v -0.627844 1.860654 0.168596 0.9902 0.9902 0.9902
v -0.627844 1.847346 0.168596 1.0000 1.0000 1.0000
v -0.628397 1.854000 0.169452 1.0000 1.0000 1.0000
v -0.674342 1.860655 0.100050 0.9802 0.9802 0.9802
v -0.674342 1.847345 0.100050 0.9700 0.9700 0.9700
v -0.675271 1.854000 0.100352 0.9700 0.9700 0.9700
v -0.533669 1.870908 0.208033 0.6181 0.6181 0.6181
v -0.532788 1.880547 0.213127 0.6181 0.6181 0.6181
v -0.543234 1.872385 0.213127 0.6181 0.6181 0.6181
v -0.531936 1.874884 0.211953 0.6181 0.6181 0.6181
v -0.535504 1.873257 0.213181 0.9029 0.9029 0.9029
v -0.538011 1.876466 0.214126 0.6181 0.6181 0.6181
v -0.537946 1.870188 0.211953 0.9378 0.9378 0.9378
v -0.544751 1.885092 0.208033 0.6181 0.6181 0.6181
v -0.545631 1.875453 0.213127 0.6181 0.6181 0.6181
v -0.535185 1.883615 0.213127 0.6181 0.6181 0.6181
v -0.546484 1.881116 0.211953 0.6181 0.6181 0.6181
v -0.542915 1.882743 0.213181 0.6181 0.6181 0.6181
v -0.540408 1.879534 0.214126 0.6181 0.6181 0.6181
v -0.540474 1.885812 0.211953 0.6181 0.6181 0.6181
v -0.575454 1.838262 0.188734 0.8905 0.8905 0.8905
v -0.578375 1.844930 0.196896 0.9902 0.9902 0.9902
v -0.586378 1.838678 0.188375 0.9902 0.9902 0.9902
v -0.576409 1.840137 0.194187 0.9700 0.9700 0.9700
v -0.579897 1.838574 0.192677 0.9700 0.9700 0.9700
v -0.582883 1.841409 0.193401 1.0000 1.0000 1.0000
v -0.581013 1.836540 0.189285 0.9595 0.9595 0.9595
v -0.586536 1.852446 0.188733 0.8645 0.8645 0.8645
v -0.588774 1.841746 0.188375 1.0000 1.0000 1.0000
v -0.580772 1.847998 0.196896 0.9700 0.9700 0.9700
v -0.589551 1.847468 0.189285 0.9802 0.9802 0.9802
v -0.587308 1.848060 0.192677 1.0000 1.0000 1.0000
v -0.585280 1.844476 0.193401 1.0000 1.0000 1.0000
v -0.584947 1.851065 0.194187 0.9595 0.9595 0.9595
v -0.597687 1.820891 0.139864 0.6181 0.6181 0.6181
v -0.605076 1.824069 0.147276 0.6181 0.6181 0.6181
v -0.606890 1.822652 0.134222 0.6181 0.6181 0.6181
v -0.601479 1.820550 0.144301 0.6181 0.6181 0.6181
v -0.603518 1.820119 0.140758 0.6181 0.6181 0.6181
v -0.606758 1.822755 0.140922 0.6181 0.6181 0.6181
v -0.602523 1.819735 0.136789 0.6181 0.6181 0.6181
v -0.608769 1.835075 0.139864 0.6181 0.6181 0.6181
v -0.609287 1.825720 0.134222 0.6181 0.6181 0.6181
v -0.607473 1.827137 0.147276 0.6181 0.6181 0.6181
v -0.611061 1.830663 0.136789 0.6181 0.6181 0.6181
v -0.610929 1.829605 0.140758 0.6181 0.6181 0.6181
v -0.609155 1.825823 0.140922 0.6181 0.6181 0.6181
v -0.610017 1.831479 0.144301 0.6181 0.6181 0.6181
v -0.589966 1.826924 0.084293 0.6181 0.6181 0.6181
v -0.600396 1.827726 0.087486 0.6181 0.6181 0.6181
v -0.595173 1.831806 0.076006 0.6181 0.6181 0.6181
v -0.595415 1.825288 0.085635 0.6181 0.6181 0.6181
v -0.595314 1.826528 0.081719 0.6181 0.6181 0.6181
v -0.598466 1.829233 0.081246 0.6181 0.6181 0.6181
v -0.592410 1.827636 0.079030 0.6181 0.6181 0.6181
v -0.601048 1.841108 0.084293 0.6181 0.6181 0.6181
v -0.597570 1.834874 0.076006 0.6181 0.6181 0.6181
v -0.602793 1.830794 0.087486 0.6181 0.6181 0.6181
v -0.600948 1.838564 0.079030 0.6181 0.6181 0.6181
v -0.602725 1.836014 0.081719 0.6181 0.6181 0.6181
v -0.600863 1.832301 0.081246 0.6181 0.6181 0.6181
v -0.603953 1.836216 0.085636 0.6181 0.6181 0.6181
v -0.555902 1.853537 0.048021 0.6181 0.6181 0.6181
v -0.566526 1.854188 0.045501 0.6181 0.6181 0.6181
v -0.556710 1.861857 0.040967 0.6181 0.6181 0.6181
v -0.561054 1.852133 0.045642 0.6181 0.6181 0.6181
v -0.559125 1.854802 0.043183 0.6181 0.6181 0.6181
v -0.561887 1.857812 0.042295 0.6181 0.6181 0.6181
v -0.555406 1.856546 0.043033 0.6181 0.6181 0.6181
v -0.566984 1.867721 0.048021 0.6181 0.6181 0.6181
v -0.559106 1.864925 0.040967 0.6181 0.6181 0.6181
v -0.568922 1.857256 0.045501 0.6181 0.6181 0.6181
v -0.563945 1.867475 0.043033 0.6181 0.6181 0.6181
v -0.566536 1.864288 0.043183 0.6181 0.6181 0.6181
v -0.564284 1.860880 0.042295 0.6181 0.6181 0.6181
v -0.569593 1.863062 0.045642 0.6181 0.6181 0.6181
v -0.511435 1.888278 0.048021 0.6181 0.6181 0.6181
v -0.519313 1.891075 0.040967 0.6181 0.6181 0.6181
v -0.509497 1.898744 0.045501 0.6181 0.6181 0.6181
v -0.514475 1.888525 0.043033 0.6181 0.6181 0.6181
v -0.511883 1.891712 0.043183 0.6181 0.6181 0.6181
v -0.514136 1.895119 0.042295 0.6181 0.6181 0.6181
v -0.508827 1.892938 0.045642 0.6181 0.6181 0.6181
v -0.522517 1.902463 0.048021 0.6181 0.6181 0.6181
v -0.511894 1.901812 0.045501 0.6181 0.6181 0.6181
v -0.521710 1.894143 0.040967 0.6181 0.6181 0.6181
v -0.517365 1.903866 0.045642 0.6181 0.6181 0.6181
v -0.519295 1.901197 0.043183 0.6181 0.6181 0.6181
v -0.516533 1.898187 0.042295 0.6181 0.6181 0.6181
v -0.523013 1.899454 0.043033 0.6181 0.6181 0.6181
v -0.477372 1.914892 0.084293 0.6181 0.6181 0.6181
v -0.480850 1.921125 0.076006 0.9148 0.9148 0.9148
v -0.475627 1.925206 0.087486 0.9488 0.9488 0.9488
v -0.477472 1.917436 0.079030 0.8777 0.8777 0.8777
v -0.475694 1.919985 0.081719 0.9488 0.9488 0.9488
v -0.477556 1.923698 0.081246 0.9488 0.9488 0.9488
v -0.474466 1.919783 0.085635 0.9378 0.9378 0.9378
v -0.488454 1.929076 0.084293 0.9378 0.9378 0.9378
v -0.478024 1.928274 0.087486 0.9488 0.9488 0.9488
v -0.483247 1.924193 0.076006 0.9265 0.9265 0.9265
v -0.483004 1.930712 0.085635 0.9700 0.9700 0.9700
v -0.483106 1.929472 0.081719 0.9700 0.9700 0.9700
v -0.479953 1.926766 0.081246 0.9488 0.9488 0.9488
v -0.486010 1.928364 0.079030 0.9488 0.9488 0.9488
v -0.469650 1.920925 0.139864 0.8905 0.8905 0.8905
v -0.469133 1.930280 0.134222 0.9378 0.9378 0.9378
v -0.470947 1.928862 0.147276 0.9029 0.9029 0.9029
v -0.467359 1.925337 0.136789 0.9148 0.9148 0.9148
v -0.467491 1.926395 0.140758 0.9148 0.9148 0.9148
v -0.469265 1.930177 0.140922 0.9378 0.9378 0.9378
v -0.468402 1.924521 0.144301 0.8905 0.8905 0.8905
v -0.480732 1.935109 0.139864 0.9488 0.9488 0.9488
v -0.473344 1.931930 0.147276 0.9265 0.9265 0.9265
v -0.471530 1.933347 0.134222 0.9378 0.9378 0.9378
v -0.476940 1.935449 0.144301 0.9488 0.9488 0.9488
v -0.474902 1.935881 0.140758 0.9488 0.9488 0.9488
v -0.471661 1.933245 0.140922 0.9488 0.9488 0.9488
v -0.475897 1.936265 0.136789 0.9488 0.9488 0.9488
v -0.491884 1.903554 0.188733 0.6181 0.6181 0.6181
v -0.489645 1.914254 0.188375 0.6181 0.6181 0.6181
v -0.497647 1.908002 0.196896 0.6181 0.6181 0.6181
v -0.488868 1.908532 0.189285 0.6181 0.6181 0.6181
v -0.491112 1.907940 0.192677 0.6181 0.6181 0.6181
v -0.493140 1.911523 0.193401 0.6181 0.6181 0.6181
v -0.493472 1.904935 0.194187 0.6181 0.6181 0.6181
v -0.502966 1.917738 0.188733 0.6181 0.6181 0.6181
v -0.500044 1.911070 0.196896 0.6181 0.6181 0.6181
v -0.492042 1.917322 0.188375 0.8777 0.8777 0.8777
v -0.502011 1.915863 0.194187 0.6181 0.6181 0.6181
v -0.498523 1.917426 0.192677 0.6181 0.6181 0.6181
v -0.495537 1.914591 0.193401 0.6181 0.6181 0.6181
v -0.497406 1.919460 0.189285 0.6181 0.6181 0.6181
v -0.573719 1.866448 0.226993 0.9802 0.9802 0.9802
v -0.575292 1.875480 0.226435 0.9700 0.9700 0.9700
v -0.577761 1.865250 0.218834 0.9148 0.9148 0.9148
v -0.575210 1.871212 0.228905 1.0000 1.0000 1.0000
v -0.577631 1.868104 0.226036 1.0000 1.0000 1.0000
v -0.578068 1.870365 0.223135 0.9029 0.9029 0.9029
v -0.576957 1.863979 0.223530 0.9902 0.9902 0.9902
v -0.548592 1.925552 0.139287 0.6181 0.6181 0.6181
v -0.555965 1.916520 0.142752 0.6181 0.6181 0.6181
v -0.553495 1.926749 0.150353 0.8777 0.8777 0.8777
v -0.553379 1.921563 0.140052 0.6181 0.6181 0.6181
v -0.554134 1.923965 0.143223 0.7336 0.7336 0.7336
v -0.555821 1.921965 0.146463 0.8216 0.8216 0.8216
v -0.552007 1.927245 0.144275 0.8645 0.8645 0.8645
v -0.560285 1.826913 0.190151 0.9595 0.9595 0.9595
v -0.566872 1.833204 0.188970 0.8060 0.8060 0.8060
v -0.558760 1.826826 0.181094 0.6181 0.6181 0.6181
v -0.565098 1.829077 0.191006 0.9488 0.9488 0.9488
v -0.563480 1.826458 0.187227 0.8777 0.8777 0.8777
v -0.564019 1.829016 0.184602 0.6181 0.6181 0.6181
v -0.559361 1.824567 0.185437 0.8905 0.8905 0.8905
v -0.545835 1.917437 0.131725 0.6181 0.6181 0.6181
v -0.546224 1.905351 0.130412 0.6181 0.6181 0.6181
v -0.554337 1.911729 0.138288 0.6181 0.6181 0.6181
v -0.546680 1.911567 0.129664 0.6181 0.6181 0.6181
v -0.550019 1.911853 0.131937 0.6181 0.6181 0.6181
v -0.551160 1.908248 0.133680 0.6181 0.6181 0.6181
v -0.551187 1.915110 0.134039 0.6181 0.6181 0.6181
v -0.511010 1.817148 0.166119 0.9265 0.9265 0.9265
v -0.518818 1.818911 0.161614 0.6181 0.6181 0.6181
v -0.506232 1.821187 0.159395 0.6181 0.6181 0.6181
v -0.515862 1.815947 0.164222 0.6181 0.6181 0.6181
v -0.511576 1.816173 0.161913 0.6181 0.6181 0.6181
v -0.512483 1.818803 0.159467 0.6181 0.6181 0.6181
v -0.506962 1.817557 0.162653 0.6181 0.6181 0.6181
v -0.535721 1.915433 0.126792 0.6181 0.6181 0.6181
v -0.527667 1.906444 0.125281 0.6181 0.6181 0.6181
v -0.540253 1.904168 0.127501 0.6181 0.6181 0.6181
v -0.531646 1.911238 0.124509 0.6181 0.6181 0.6181
v -0.534924 1.908862 0.124575 0.6181 0.6181 0.6181
v -0.534065 1.904860 0.125343 0.6181 0.6181 0.6181
v -0.538638 1.909974 0.125742 0.6181 0.6181 0.6181
v -0.462999 1.844508 0.172994 0.9265 0.9265 0.9265
v -0.467315 1.843364 0.164968 0.7118 0.7118 0.7118
v -0.459733 1.852581 0.170076 0.8365 0.8365 0.8365
v -0.464578 1.841709 0.168722 0.8645 0.8645 0.8645
v -0.461002 1.844992 0.169156 0.8508 0.8508 0.8508
v -0.462268 1.847418 0.166659 0.7721 0.7721 0.7721
v -0.459217 1.848227 0.172334 0.9148 0.9148 0.9148
v -0.525867 1.921048 0.128204 0.6181 0.6181 0.6181
v -0.514267 1.918976 0.131222 0.6181 0.6181 0.6181
v -0.521850 1.909759 0.126114 0.6181 0.6181 0.6181
v -0.519598 1.920823 0.128469 0.6181 0.6181 0.6181
v -0.520216 1.917243 0.126681 0.6181 0.6181 0.6181
v -0.517407 1.914353 0.127728 0.6181 0.6181 0.6181
v -0.523810 1.915703 0.125631 0.6181 0.6181 0.6181
v -0.452405 1.888389 0.205600 0.9378 0.9378 0.9378
v -0.451145 1.888149 0.196505 0.8905 0.8905 0.8905
v -0.454277 1.897366 0.205094 0.9378 0.9378 0.9378
v -0.449864 1.886964 0.201118 0.9265 0.9265 0.9265
v -0.449842 1.891215 0.203501 0.9378 0.9378 0.9378
v -0.451188 1.893312 0.200760 0.8905 0.8905 0.8905
v -0.452079 1.893481 0.207191 0.9378 0.9378 0.9378
v -0.523692 1.930055 0.134896 0.8777 0.8777 0.8777
v -0.516115 1.933510 0.143762 0.9378 0.9378 0.9378
v -0.512984 1.924293 0.135173 0.8508 0.8508 0.8508
v -0.519609 1.933105 0.138561 0.9265 0.9265 0.9265
v -0.516970 1.930686 0.136670 0.8905 0.8905 0.8905
v -0.513732 1.929577 0.139041 0.9029 0.9029 0.9029
v -0.517869 1.927985 0.133790 0.8365 0.8365 0.8365
v -0.487205 1.915748 0.239383 0.9488 0.9488 0.9488
v -0.482486 1.919543 0.232478 0.9488 0.9488 0.9488
v -0.493973 1.921819 0.238080 0.9700 0.9700 0.9700
v -0.482800 1.917634 0.237014 0.9488 0.9488 0.9488
v -0.486500 1.920035 0.239087 0.9700 0.9700 0.9700
v -0.487585 1.921927 0.236093 0.9595 0.9595 0.9595
v -0.490923 1.919243 0.240976 0.9902 0.9902 0.9902
v -0.530835 1.935670 0.141830 0.8905 0.8905 0.8905
v -0.531819 1.939101 0.153458 0.9700 0.9700 0.9700
v -0.520332 1.936825 0.147855 0.9488 0.9488 0.9488
v -0.531670 1.938835 0.147187 0.9488 0.9488 0.9488
v -0.527631 1.939067 0.147019 0.9488 0.9488 0.9488
v -0.525806 1.939069 0.150761 0.9595 0.9595 0.9595
v -0.525289 1.937570 0.144075 0.9265 0.9265 0.9265
v -0.541195 1.905983 0.248904 0.9802 0.9802 0.9802
v -0.537736 1.913905 0.245798 0.9902 0.9902 0.9902
v -0.548929 1.907526 0.244195 0.9902 0.9902 0.9902
v -0.538584 1.910623 0.249381 1.0000 1.0000 1.0000
v -0.543371 1.909749 0.249116 1.0000 1.0000 1.0000
v -0.544053 1.911714 0.246051 0.9802 0.9802 0.9802
v -0.546499 1.906113 0.248247 1.0000 1.0000 1.0000
v -0.541916 1.933666 0.143784 0.8905 0.8905 0.8905
v -0.549554 1.931540 0.153008 0.9029 0.9029 0.9029
v -0.538362 1.937918 0.154611 0.9700 0.9700 0.9700
v -0.546699 1.933698 0.147851 0.9029 0.9029 0.9029
v -0.544171 1.936076 0.149936 0.9148 0.9148 0.9148
v -0.544537 1.935681 0.154065 0.9700 0.9700 0.9700
v -0.540482 1.937241 0.148741 0.9378 0.9378 0.9378
v -1.076448 1.981279 -0.056018 1.0000 1.0000 1.0000
v -1.076448 1.978721 -0.043982 1.0000 1.0000 1.0000
v -1.077919 1.980000 -0.050000 1.0000 1.0000 1.0000
v -1.052735 1.987202 -0.083884 0.9902 0.9902 0.9902
v -1.063552 1.985923 -0.077866 1.0000 1.0000 1.0000
v -1.058913 1.986827 -0.082121 1.0000 1.0000 1.0000
v -1.016448 1.985923 -0.077866 0.9802 0.9802 0.9802
v -1.027264 1.987202 -0.083884 0.9802 0.9802 0.9802
v -1.021087 1.986827 -0.082121 0.9802 0.9802 0.9802
v -1.003552 1.978721 -0.043982 0.9265 0.9265 0.9265
v -1.003552 1.981279 -0.056018 0.9488 0.9488 0.9488
v -1.002081 1.980000 -0.050000 0.9265 0.9265 0.9265
v -1.027264 1.972798 -0.016116 0.9802 0.9802 0.9802
v -1.016448 1.974077 -0.022134 0.9265 0.9265 0.9265
v -1.021087 1.973172 -0.017879 0.9265 0.9265 0.9265
v -1.063552 1.974077 -0.022134 0.9902 0.9902 0.9902
v -1.052735 1.972798 -0.016116 0.9902 0.9902 0.9902
v -1.058913 1.973172 -0.017879 0.9902 0.9902 0.9902
v -1.053946 2.068020 -0.025001 1.0000 1.0000 1.0000
v -1.053946 2.070578 -0.037037 1.0000 1.0000 1.0000
v -1.055249 2.069968 -0.030877 1.0000 1.0000 1.0000
v -1.042527 2.069360 -0.060131 1.0000 1.0000 1.0000
v -1.032950 2.065722 -0.067194 0.9902 0.9902 0.9902
v -1.038419 2.068155 -0.064835 1.0000 1.0000 1.0000
v -1.010396 2.054144 -0.069655 0.9802 0.9802 0.9802
v -1.000818 2.047948 -0.064682 0.9700 0.9700 0.9700
v -1.004927 2.050961 -0.068489 0.9700 0.9700 0.9700
v -0.989400 2.037442 -0.044080 0.9700 0.9700 0.9700
v -0.989400 2.034883 -0.032044 0.9488 0.9488 0.9488
v -0.988097 2.035494 -0.038204 0.9488 0.9488 0.9488
v -1.000818 2.036102 -0.008950 0.9488 0.9488 0.9488
v -1.010396 2.039739 -0.001887 0.9902 0.9902 0.9902
v -1.004927 2.037306 -0.004247 0.9488 0.9488 0.9488
v -1.032950 2.051318 0.000574 1.0000 1.0000 1.0000
v -1.042527 2.057514 -0.004399 1.0000 1.0000 1.0000
v -1.038419 2.054500 -0.000592 1.0000 1.0000 1.0000
v -0.991595 2.136861 -0.010368 0.9902 0.9902 0.9902
v -0.991595 2.139420 -0.022404 0.9902 0.9902 0.9902
v -0.992431 2.139325 -0.016134 0.9902 0.9902 0.9902
v -0.984269 2.133682 -0.046459 0.9902 0.9902 0.9902
v -0.978125 2.126254 -0.054328 0.9802 0.9802 0.9802
v -0.981634 2.130852 -0.051508 0.9902 0.9902 0.9902
v -0.963656 2.105750 -0.058686 0.9802 0.9802 0.9802
v -0.957511 2.095763 -0.054519 0.9700 0.9700 0.9700
v -0.960147 2.100403 -0.057980 0.9700 0.9700 0.9700
v -0.950186 2.080739 -0.034877 0.9595 0.9595 0.9595
v -0.950186 2.078180 -0.022841 0.9595 0.9595 0.9595
v -0.949350 2.078275 -0.029111 0.9595 0.9595 0.9595
v -0.957511 2.083917 0.001213 0.9595 0.9595 0.9595
v -0.963656 2.091346 0.009082 1.0000 1.0000 1.0000
v -0.960147 2.086747 0.006263 0.9595 0.9595 0.9595
v -0.978125 2.111850 0.013440 1.0000 1.0000 1.0000
v -0.984269 2.121836 0.009273 0.9902 0.9902 0.9902
v -0.981634 2.117197 0.012735 0.9902 0.9902 0.9902
v -0.903679 2.169474 -0.003436 0.9700 0.9700 0.9700
v -0.903679 2.172033 -0.015472 0.9700 0.9700 0.9700
v -0.903857 2.172183 -0.009150 0.9700 0.9700 0.9700
v -0.902125 2.164155 -0.039981 0.9802 0.9802 0.9802
v -0.900821 2.154931 -0.048232 0.9802 0.9802 0.9802
v -0.901565 2.160555 -0.045194 0.9802 0.9802 0.9802
v -0.897751 2.130198 -0.053489 0.9802 0.9802 0.9802
v -0.896447 2.118416 -0.049704 0.9700 0.9700 0.9700
v -0.897006 2.123825 -0.053002 0.9700 0.9700 0.9700
v -0.894893 2.101250 -0.030518 0.9595 0.9595 0.9595
v -0.894893 2.098692 -0.018481 0.9488 0.9488 0.9488
v -0.894715 2.098542 -0.024803 0.9595 0.9595 0.9595
v -0.896447 2.106570 0.006028 0.9700 0.9700 0.9700
v -0.897751 2.115794 0.014279 1.0000 1.0000 1.0000
v -0.897006 2.110170 0.011241 0.9802 0.9802 0.9802
v -0.900821 2.140527 0.019536 0.9902 0.9902 0.9902
v -0.902125 2.152309 0.015750 0.9802 0.9802 0.9802
v -0.901566 2.146899 0.019048 0.9802 0.9802 0.9802
v -0.810339 2.158389 -0.005792 0.9700 0.9700 0.9700
v -0.810339 2.160947 -0.017829 0.9700 0.9700 0.9700
v -0.809817 2.161013 -0.011524 0.9700 0.9700 0.9700
v -0.814911 2.153797 -0.042183 0.9802 0.9802 0.9802
v -0.818747 2.145183 -0.050304 0.9802 0.9802 0.9802
v -0.816557 2.150458 -0.047341 0.9802 0.9802 0.9802
v -0.827779 2.121888 -0.055256 0.9802 0.9802 0.9802
v -0.831615 2.110716 -0.051340 0.9488 0.9488 0.9488
v -0.829970 2.115863 -0.054694 0.9595 0.9595 0.9595
v -0.836188 2.094278 -0.032000 0.9378 0.9378 0.9378
v -0.836188 2.091720 -0.019963 0.9488 0.9488 0.9488
v -0.836709 2.091653 -0.026267 0.9265 0.9265 0.9265
v -0.831615 2.098870 0.004391 0.9700 0.9700 0.9700
v -0.827779 2.107483 0.012512 1.0000 1.0000 1.0000
v -0.829970 2.102208 0.009549 0.9902 0.9902 0.9902
v -0.818747 2.130779 0.017464 0.9802 0.9802 0.9802
v -0.814911 2.141951 0.013549 0.9700 0.9700 0.9700
v -0.816557 2.136803 0.016902 0.9700 0.9700 0.9700
v -0.732957 2.106143 -0.016897 0.9488 0.9488 0.9488
v -0.732957 2.108701 -0.028934 0.9595 0.9595 0.9595
v -0.731855 2.108377 -0.022713 0.9595 0.9595 0.9595
v -0.742609 2.104981 -0.052559 0.9700 0.9700 0.9700
v -0.750706 2.099244 -0.060069 0.9700 0.9700 0.9700
v -0.746082 2.102876 -0.057454 0.9700 0.9700 0.9700
v -0.769771 2.082723 -0.063580 0.9700 0.9700 0.9700
v -0.777867 2.074427 -0.059054 0.9488 0.9488 0.9488
v -0.774395 2.078341 -0.062669 0.9595 0.9595 0.9595
v -0.787520 2.061419 -0.038984 0.9148 0.9148 0.9148
v -0.787520 2.058861 -0.026948 0.9488 0.9488 0.9488
v -0.788621 2.059185 -0.033169 0.9148 0.9148 0.9148
v -0.777867 2.062581 -0.003322 0.9902 0.9902 0.9902
v -0.769771 2.068318 0.004188 0.9902 0.9902 0.9902
v -0.774395 2.064686 0.001573 0.9902 0.9902 0.9902
v -0.750706 2.084839 0.007699 0.9595 0.9595 0.9595
v -0.742609 2.093135 0.003172 0.9488 0.9488 0.9488
v -0.746082 2.089221 0.006788 0.9488 0.9488 0.9488
v -0.689261 2.024706 -0.034207 0.9378 0.9378 0.9378
v -0.689261 2.027265 -0.046244 0.9378 0.9378 0.9378
v -0.687832 2.026330 -0.040152 0.9378 0.9378 0.9378
v -0.701781 2.028890 -0.068733 0.9595 0.9595 0.9595
v -0.712284 2.027637 -0.075289 0.9700 0.9700 0.9700
v -0.706286 2.028708 -0.073219 0.9595 0.9595 0.9595
v -0.737015 2.021675 -0.076557 0.9700 0.9700 0.9700
v -0.747517 2.017864 -0.071077 0.9265 0.9265 0.9265
v -0.743012 2.019854 -0.075101 0.9378 0.9378 0.9378
v -0.760038 2.010201 -0.049871 0.9378 0.9378 0.9378
v -0.760038 2.007643 -0.037834 0.9488 0.9488 0.9488
v -0.761467 2.008577 -0.043926 0.9378 0.9378 0.9378
v -0.747517 2.006017 -0.015345 0.9802 0.9802 0.9802
v -0.737015 2.007270 -0.008789 0.9802 0.9802 0.9802
v -0.743012 2.006199 -0.010859 0.9802 0.9802 0.9802
v -0.712284 2.013232 -0.007521 0.9378 0.9378 0.9378
v -0.701781 2.017044 -0.013001 0.9378 0.9378 0.9378
v -0.706286 2.015053 -0.008977 0.9265 0.9265 0.9265
v -0.689261 1.932735 -0.053756 0.9265 0.9265 0.9265
v -0.689261 1.935294 -0.065793 0.9265 0.9265 0.9265
v -0.687832 1.933670 -0.059848 0.9265 0.9265 0.9265
v -0.701781 1.942956 -0.086999 0.9488 0.9488 0.9488
v -0.712284 1.946767 -0.092479 0.9700 0.9700 0.9700
v -0.706286 1.944947 -0.091023 0.9700 0.9700 0.9700
v -0.737015 1.952730 -0.091211 0.9700 0.9700 0.9700
v -0.747517 1.953983 -0.084655 0.9378 0.9378 0.9378
v -0.743012 1.953801 -0.089141 0.9378 0.9378 0.9378
v -0.760038 1.952357 -0.062166 0.9378 0.9378 0.9378
v -0.760038 1.949799 -0.050129 0.9700 0.9700 0.9700
v -0.761467 1.951423 -0.056074 0.9595 0.9595 0.9595
v -0.747517 1.942136 -0.028923 0.9802 0.9802 0.9802
v -0.737015 1.938325 -0.023443 0.9802 0.9802 0.9802
v -0.743012 1.940146 -0.024899 0.9802 0.9802 0.9802
v -0.712284 1.932363 -0.024711 0.9265 0.9265 0.9265
v -0.701781 1.931110 -0.031267 0.8905 0.8905 0.8905
v -0.706286 1.931291 -0.026781 0.8905 0.8905 0.8905
v -0.732957 1.851298 -0.071066 0.8645 0.8645 0.8645
v -0.732957 1.853857 -0.083103 0.8905 0.8905 0.8905
v -0.731855 1.851623 -0.077287 0.8508 0.8508 0.8508
v -0.742609 1.866865 -0.103172 0.9148 0.9148 0.9148
v -0.750706 1.875160 -0.107699 0.9488 0.9488 0.9488
v -0.746082 1.870779 -0.106788 0.9378 0.9378 0.9378
v -0.769771 1.891682 -0.104188 0.9595 0.9595 0.9595
v -0.777867 1.897419 -0.096678 0.9378 0.9378 0.9378
v -0.774395 1.895314 -0.101573 0.9378 0.9378 0.9378
v -0.787520 1.901139 -0.073052 0.9488 0.9488 0.9488
v -0.787520 1.898581 -0.061016 0.9595 0.9595 0.9595
v -0.788621 1.900814 -0.066831 0.9595 0.9595 0.9595
v -0.777867 1.885573 -0.040946 0.9802 0.9802 0.9802
v -0.769771 1.877277 -0.036419 0.9700 0.9700 0.9700
v -0.774395 1.881659 -0.037330 0.9595 0.9595 0.9595
v -0.750706 1.860756 -0.039931 0.9488 0.9488 0.9488
v -0.742609 1.855019 -0.047441 0.8905 0.8905 0.8905
v -0.746082 1.857124 -0.042545 0.8905 0.8905 0.8905
v -0.810339 1.799053 -0.082171 0.9488 0.9488 0.9488
v -0.810339 1.801611 -0.094208 0.9595 0.9595 0.9595
v -0.809817 1.798986 -0.088476 0.9488 0.9488 0.9488
v -0.814911 1.818049 -0.113549 0.9802 0.9802 0.9802
v -0.818747 1.829221 -0.117464 0.9802 0.9802 0.9802
v -0.816557 1.823197 -0.116902 0.9902 0.9902 0.9902
v -0.827779 1.852517 -0.112512 0.9802 0.9802 0.9802
v -0.831615 1.861130 -0.104391 0.9595 0.9595 0.9595
v -0.829970 1.857791 -0.109549 0.9595 0.9595 0.9595
v -0.836188 1.868280 -0.080037 0.9595 0.9595 0.9595
v -0.836188 1.865722 -0.068000 0.9488 0.9488 0.9488
v -0.836709 1.868347 -0.073733 0.9488 0.9488 0.9488
v -0.831615 1.849284 -0.048660 0.9595 0.9595 0.9595
v -0.827779 1.838112 -0.044744 0.9802 0.9802 0.9802
v -0.829970 1.844136 -0.045306 0.9488 0.9488 0.9488
v -0.818747 1.814817 -0.049696 0.9700 0.9700 0.9700
v -0.814911 1.806203 -0.057817 0.9265 0.9265 0.9265
v -0.816557 1.809542 -0.052659 0.9595 0.9595 0.9595
v -0.903679 1.787967 -0.084528 0.9902 0.9902 0.9902
v -0.903679 1.790525 -0.096564 0.9902 0.9902 0.9902
v -0.903857 1.787817 -0.090850 0.9902 0.9902 0.9902
v -0.902125 1.807691 -0.115750 0.9902 0.9902 0.9902
v -0.900821 1.819473 -0.119536 1.0000 1.0000 1.0000
v -0.901565 1.813101 -0.119048 1.0000 1.0000 1.0000
v -0.897751 1.844206 -0.114279 0.9902 0.9902 0.9902
v -0.896447 1.853430 -0.106028 0.9595 0.9595 0.9595
v -0.897006 1.849829 -0.111241 0.9595 0.9595 0.9595
v -0.894893 1.861308 -0.081519 0.9265 0.9265 0.9265
v -0.894893 1.858750 -0.069482 0.9378 0.9378 0.9378
v -0.894715 1.861458 -0.075197 0.9378 0.9378 0.9378
v -0.896447 1.841584 -0.050296 0.9488 0.9488 0.9488
v -0.897751 1.829802 -0.046511 0.9700 0.9700 0.9700
v -0.897006 1.836174 -0.046998 0.9378 0.9378 0.9378
v -0.900821 1.805069 -0.051768 0.9802 0.9802 0.9802
v -0.902125 1.795845 -0.060019 0.9802 0.9802 0.9802
v -0.901565 1.799446 -0.054805 0.9802 0.9802 0.9802
v -0.991595 1.820580 -0.077596 0.9902 0.9902 0.9902
v -0.991595 1.823139 -0.089632 0.9902 0.9902 0.9902
v -0.992431 1.820675 -0.083866 0.9902 0.9902 0.9902
v -0.984269 1.838163 -0.109273 0.9902 0.9902 0.9902
v -0.978125 1.848150 -0.113440 1.0000 1.0000 1.0000
v -0.981634 1.842803 -0.112735 1.0000 1.0000 1.0000
v -0.963656 1.868654 -0.109082 0.9902 0.9902 0.9902
v -0.957511 1.876083 -0.101213 0.9595 0.9595 0.9595
v -0.960147 1.873252 -0.106262 0.9902 0.9902 0.9902
v -0.950186 1.881819 -0.077159 0.9265 0.9265 0.9265
v -0.950186 1.879261 -0.065123 0.9265 0.9265 0.9265
v -0.949350 1.881725 -0.070889 0.9148 0.9148 0.9148
v -0.957511 1.864236 -0.045481 0.9488 0.9488 0.9488
v -0.963656 1.854250 -0.041314 0.9595 0.9595 0.9595
v -0.960147 1.859597 -0.042020 0.9378 0.9378 0.9378
v -0.978125 1.833746 -0.045672 0.9802 0.9802 0.9802
v -0.984269 1.826317 -0.053541 0.9902 0.9902 0.9902
v -0.981634 1.829148 -0.048492 0.9802 0.9802 0.9802
v -1.053946 1.889422 -0.062963 0.9902 0.9902 0.9902
v -1.053946 1.891980 -0.074999 1.0000 1.0000 1.0000
v -1.055249 1.890032 -0.069123 0.9902 0.9902 0.9902
v -1.042527 1.902486 -0.095601 1.0000 1.0000 1.0000
v -1.032950 1.908682 -0.100574 1.0000 1.0000 1.0000
v -1.038419 1.905499 -0.099408 1.0000 1.0000 1.0000
v -1.010396 1.920260 -0.098113 0.9802 0.9802 0.9802
v -1.000818 1.923898 -0.091050 0.9802 0.9802 0.9802
v -1.004927 1.922694 -0.095753 0.9802 0.9802 0.9802
v -0.989400 1.925116 -0.067956 0.9488 0.9488 0.9488
v -0.989400 1.922558 -0.055920 0.9148 0.9148 0.9148
v -0.988097 1.924506 -0.061796 0.9378 0.9378 0.9378
v -1.000818 1.912052 -0.035318 0.9148 0.9148 0.9148
v -1.010396 1.905856 -0.030345 0.9802 0.9802 0.9802
v -1.004927 1.909039 -0.031511 0.9378 0.9378 0.9378
v -1.032950 1.894278 -0.032806 0.9902 0.9902 0.9902
v -1.042527 1.890640 -0.039869 0.9902 0.9902 0.9902
v -1.038419 1.891844 -0.035165 0.9902 0.9902 0.9902
v -0.240000 1.820000 -0.076718 0.8645 0.8645 0.8645
v -0.234294 1.827053 -0.072146 0.8777 0.8777 0.8777
v -0.245706 1.827053 -0.072146 0.9029 0.9029 0.9029
v -0.235965 1.822066 -0.073573 0.8508 0.8508 0.8508
v -0.240000 1.822981 -0.071595 0.8777 0.8777 0.8777
v -0.240000 1.827053 -0.070340 0.9029 0.9029 0.9029
v -0.244035 1.822066 -0.073573 0.8905 0.8905 0.8905
v -0.240000 2.240000 -0.076718 0.8645 0.8645 0.8645
v -0.245706 2.232946 -0.072146 0.8508 0.8508 0.8508
v -0.234294 2.232946 -0.072146 0.8645 0.8645 0.8645
v -0.244035 2.237934 -0.073573 0.8365 0.8365 0.8365
v -0.240000 2.237018 -0.071595 0.8508 0.8508 0.8508
v -0.240000 2.232946 -0.070340 0.8216 0.8216 0.8216
v -0.235965 2.237934 -0.073573 0.8645 0.8645 0.8645
v -0.243121 1.820000 -0.078986 0.8645 0.8645 0.8645
v -0.245706 1.827053 -0.072146 0.8777 0.8777 0.8777
v -0.249233 1.827053 -0.083000 0.9148 0.9148 0.9148
v -0.244865 1.822066 -0.074177 0.9029 0.9029 0.9029
v -0.247994 1.822981 -0.077403 0.8905 0.8905 0.8905
v -0.249187 1.827053 -0.077015 0.9148 0.9148 0.9148
v -0.247359 1.822066 -0.081852 0.8905 0.8905 0.8905
v -0.243121 2.240000 -0.078986 0.8645 0.8645 0.8645
v -0.249233 2.232946 -0.083000 0.9265 0.9265 0.9265
v -0.245706 2.232946 -0.072146 0.8777 0.8777 0.8777
v -0.247359 2.237934 -0.081852 0.9265 0.9265 0.9265
v -0.247994 2.237018 -0.077403 0.8905 0.8905 0.8905
v -0.249187 2.232946 -0.077015 0.9029 0.9029 0.9029
v -0.244865 2.237934 -0.074177 0.8645 0.8645 0.8645
v -0.241929 1.820000 -0.082655 0.9029 0.9029 0.9029
v -0.249233 1.827053 -0.083000 0.9378 0.9378 0.9378
v -0.240000 1.827053 -0.089708 0.9595 0.9595 0.9595
v -0.247042 1.822066 -0.082827 0.9029 0.9029 0.9029
v -0.244941 1.822981 -0.086800 0.9378 0.9378 0.9378
v -0.245678 1.827053 -0.087815 0.9378 0.9378 0.9378
v -0.240513 1.822066 -0.087571 0.9378 0.9378 0.9378
v -0.241929 2.240000 -0.082655 0.8777 0.8777 0.8777
v -0.240000 2.232946 -0.089708 0.9802 0.9802 0.9802
v -0.249233 2.232946 -0.083000 0.9488 0.9488 0.9488
v -0.240513 2.237934 -0.087571 0.9488 0.9488 0.9488
v -0.244941 2.237018 -0.086800 0.9378 0.9378 0.9378
v -0.245678 2.232946 -0.087815 0.9378 0.9378 0.9378
v -0.247042 2.237934 -0.082827 0.9265 0.9265 0.9265
v -0.238071 1.820000 -0.082655 0.9029 0.9029 0.9029
v -0.240000 1.827053 -0.089708 0.9595 0.9595 0.9595
v -0.230767 1.827053 -0.083000 0.8508 0.8508 0.8508
v -0.239487 1.822066 -0.087571 0.9378 0.9378 0.9378
v -0.235059 1.822981 -0.086800 0.9029 0.9029 0.9029
v -0.234322 1.827053 -0.087815 0.9265 0.9265 0.9265
v -0.232958 1.822066 -0.082827 0.8905 0.8905 0.8905
v -0.238071 2.240000 -0.082655 0.8777 0.8777 0.8777
v -0.230767 2.232946 -0.083000 0.9488 0.9488 0.9488
v -0.240000 2.232946 -0.089708 0.9802 0.9802 0.9802
v -0.232958 2.237934 -0.082827 0.9148 0.9148 0.9148
v -0.235059 2.237018 -0.086800 0.9488 0.9488 0.9488
v -0.234322 2.232946 -0.087815 0.9595 0.9595 0.9595
v -0.239487 2.237934 -0.087571 0.9488 0.9488 0.9488
v -0.236879 1.820000 -0.078986 0.8905 0.8905 0.8905
v -0.230767 1.827053 -0.083000 0.8508 0.8508 0.8508
v -0.234294 1.827053 -0.072146 0.8508 0.8508 0.8508
v -0.232641 1.822066 -0.081852 0.8508 0.8508 0.8508
v -0.232006 1.822981 -0.077403 0.8365 0.8365 0.8365
v -0.230813 1.827053 -0.077015 0.8365 0.8365 0.8365
v -0.235135 1.822066 -0.074177 0.8508 0.8508 0.8508
v -0.236879 2.240000 -0.078986 0.8777 0.8777 0.8777
v -0.234294 2.232946 -0.072146 0.8777 0.8777 0.8777
v -0.230767 2.232946 -0.083000 0.9148 0.9148 0.9148
v -0.235135 2.237934 -0.074177 0.8777 0.8777 0.8777
v -0.232006 2.237018 -0.077403 0.9148 0.9148 0.9148
v -0.230813 2.232946 -0.077015 0.9029 0.9029 0.9029
v -0.232641 2.237934 -0.081852 0.9029 0.9029 0.9029
v -0.161516 1.639553 -0.093482 0.9595 0.9595 0.9595
v -0.159592 1.646529 -0.100348 0.9595 0.9595 0.9595
v -0.153563 1.645489 -0.092469 0.8905 0.8905 0.8905
v -0.160583 1.641596 -0.098391 0.9700 0.9700 0.9700
v -0.156569 1.641901 -0.096957 0.9378 0.9378 0.9378
v -0.154960 1.645793 -0.097674 0.9029 0.9029 0.9029
v -0.156320 1.640860 -0.092820 0.9029 0.9029 0.9029
v -0.132381 1.830387 -0.096879 0.9595 0.9595 0.9595
v -0.132240 1.837364 -0.089751 0.8777 0.8777 0.8777
v -0.126352 1.829347 -0.089000 0.8508 0.8508 0.8508
v -0.131912 1.835320 -0.094737 0.9148 0.9148 0.9148
v -0.128166 1.833814 -0.093337 0.9148 0.9148 0.9148
v -0.127649 1.834584 -0.089166 0.8508 0.8508 0.8508
v -0.127749 1.829651 -0.094206 0.9148 0.9148 0.9148
v -0.162261 1.639553 -0.087636 0.9488 0.9488 0.9488
v -0.154309 1.645489 -0.086623 0.8905 0.8905 0.8905
v -0.162121 1.646529 -0.080508 0.9029 0.9029 0.9029
v -0.157066 1.640860 -0.086974 0.9029 0.9029 0.9029
v -0.158344 1.641901 -0.083032 0.8905 0.8905 0.8905
v -0.156966 1.645793 -0.081934 0.8777 0.8777 0.8777
v -0.162589 1.641596 -0.082650 0.9148 0.9148 0.9148
v -0.132985 1.837364 -0.083905 0.8365 0.8365 0.8365
v -0.134910 1.830387 -0.077040 0.6875 0.6875 0.6875
v -0.127098 1.829347 -0.083154 0.8216 0.8216 0.8216
v -0.133918 1.835320 -0.078996 0.7118 0.7118 0.7118
v -0.129941 1.833814 -0.079412 0.7336 0.7336 0.7336
v -0.129755 1.829651 -0.078465 0.7721 0.7721 0.7721
v -0.128394 1.834584 -0.083320 0.8365 0.8365 0.8365
v -0.182015 1.642636 -0.096095 0.9700 0.9700 0.9700
v -0.187902 1.650653 -0.096845 0.9488 0.9488 0.9488
v -0.180090 1.649613 -0.102960 0.9902 0.9902 0.9902
v -0.186606 1.645416 -0.096680 0.9595 0.9595 0.9595
v -0.185059 1.646186 -0.100588 0.9700 0.9700 0.9700
v -0.185245 1.650349 -0.101535 0.9595 0.9595 0.9595
v -0.181082 1.644680 -0.101004 0.9902 0.9902 0.9902
v -0.152739 1.840447 -0.092364 0.8777 0.8777 0.8777
v -0.152879 1.833470 -0.099492 0.9595 0.9595 0.9595
v -0.160691 1.834511 -0.093377 0.9265 0.9265 0.9265
v -0.152411 1.838403 -0.097350 0.9265 0.9265 0.9265
v -0.156656 1.838099 -0.096968 0.9148 0.9148 0.9148
v -0.158034 1.834206 -0.098066 0.9378 0.9378 0.9378
v -0.157934 1.839139 -0.093026 0.9265 0.9265 0.9265
v -0.182760 1.642636 -0.090249 0.9700 0.9700 0.9700
v -0.182619 1.649613 -0.083121 0.9029 0.9029 0.9029
v -0.188648 1.650653 -0.091000 0.9378 0.9378 0.9378
v -0.183088 1.644680 -0.085263 0.9378 0.9378 0.9378
v -0.186834 1.646186 -0.086663 0.9488 0.9488 0.9488
v -0.187251 1.650349 -0.085794 0.9265 0.9265 0.9265
v -0.187351 1.645416 -0.090834 0.9595 0.9595 0.9595
v -0.153484 1.840447 -0.086518 0.8365 0.8365 0.8365
v -0.161437 1.834511 -0.087531 0.9265 0.9265 0.9265
v -0.155408 1.833470 -0.079652 0.7536 0.7536 0.7536
v -0.158680 1.839139 -0.087180 0.8777 0.8777 0.8777
v -0.158431 1.838099 -0.083043 0.7895 0.7895 0.7895
v -0.160040 1.834207 -0.082325 0.7895 0.7895 0.7895
v -0.154417 1.838404 -0.081609 0.7336 0.7336 0.7336
v -0.217587 1.639571 -0.092440 0.9802 0.9802 0.9802
v -0.217244 1.646543 -0.099566 0.9902 0.9902 0.9902
v -0.209589 1.645475 -0.093261 0.9148 0.9148 0.9148
v -0.217785 1.641613 -0.097434 0.9902 0.9902 0.9902
v -0.213549 1.641901 -0.096948 0.9488 0.9488 0.9488
v -0.212129 1.645788 -0.098014 0.9488 0.9488 0.9488
v -0.212371 1.640858 -0.092975 0.9488 0.9488 0.9488
v -0.189252 1.830294 -0.102437 0.9700 0.9700 0.9700
v -0.187470 1.837266 -0.095529 0.8905 0.8905 0.8905
v -0.181596 1.829226 -0.096132 0.8645 0.8645 0.8645
v -0.188290 1.835224 -0.100459 0.9378 0.9378 0.9378
v -0.184330 1.833703 -0.099945 0.9265 0.9265 0.9265
v -0.182877 1.834469 -0.096001 0.9029 0.9029 0.9029
v -0.184137 1.829539 -0.100885 0.9378 0.9378 0.9378
v -0.216986 1.639571 -0.086578 0.9700 0.9700 0.9700
v -0.208988 1.645475 -0.087398 0.9148 0.9148 0.9148
v -0.215204 1.646543 -0.079670 0.9029 0.9029 0.9029
v -0.211770 1.640858 -0.087113 0.9265 0.9265 0.9265
v -0.212117 1.641901 -0.082984 0.9378 0.9378 0.9378
v -0.210510 1.645788 -0.082228 0.9265 0.9265 0.9265
v -0.216166 1.641613 -0.081648 0.9488 0.9488 0.9488
v -0.186869 1.837266 -0.089667 0.8508 0.8508 0.8508
v -0.187211 1.830294 -0.082541 0.8216 0.8216 0.8216
v -0.180995 1.829226 -0.090269 0.7895 0.7895 0.7895
v -0.186671 1.835224 -0.084674 0.8365 0.8365 0.8365
v -0.182898 1.833703 -0.085981 0.8216 0.8216 0.8216
v -0.182518 1.829539 -0.085100 0.7721 0.7721 0.7721
v -0.182275 1.834469 -0.090138 0.8365 0.8365 0.8365
v -0.238131 1.642734 -0.090333 0.9700 0.9700 0.9700
v -0.244005 1.650774 -0.089730 0.6181 0.6181 0.6181
v -0.237789 1.649706 -0.097458 0.9902 0.9902 0.9902
v -0.242725 1.645531 -0.089862 0.7336 0.7336 0.7336
v -0.242102 1.646297 -0.094019 0.9595 0.9595 0.9595
v -0.242483 1.650461 -0.094900 0.9265 0.9265 0.9265
v -0.238329 1.644776 -0.095326 0.9802 0.9802 0.9802
v -0.208015 1.840429 -0.093422 0.8645 0.8645 0.8645
v -0.209796 1.833457 -0.100330 0.9595 0.9595 0.9595
v -0.216012 1.834525 -0.092602 0.9148 0.9148 0.9148
v -0.208835 1.838387 -0.098352 0.9378 0.9378 0.9378
v -0.212883 1.838099 -0.097016 0.9265 0.9265 0.9265
v -0.214490 1.834212 -0.097772 0.9265 0.9265 0.9265
v -0.213230 1.839142 -0.092887 0.9029 0.9029 0.9029
v -0.237530 1.642734 -0.084470 0.9700 0.9700 0.9700
v -0.235748 1.649706 -0.077563 0.9148 0.9148 0.9148
v -0.243404 1.650774 -0.083868 0.6181 0.6181 0.6181
v -0.236710 1.644776 -0.079541 0.9378 0.9378 0.9378
v -0.240670 1.646297 -0.080055 0.9265 0.9265 0.9265
v -0.240863 1.650461 -0.079115 0.9148 0.9148 0.9148
v -0.242123 1.645531 -0.083999 0.9265 0.9265 0.9265
v -0.207413 1.840429 -0.087560 0.8508 0.8508 0.8508
v -0.215411 1.834525 -0.086739 0.9029 0.9029 0.9029
v -0.207756 1.833457 -0.080434 0.8777 0.8777 0.8777
v -0.212629 1.839142 -0.087025 0.8645 0.8645 0.8645
v -0.211451 1.838099 -0.083052 0.8905 0.8905 0.8905
v -0.212871 1.834212 -0.081986 0.8905 0.8905 0.8905
v -0.207215 1.838387 -0.082566 0.8645 0.8645 0.8645
v -0.241146 1.642928 -0.089414 0.9595 0.9595 0.9595
v -0.241312 1.649892 -0.096553 0.9595 0.9595 0.9595
v -0.235355 1.651012 -0.088631 0.6181 0.6181 0.6181
v -0.240804 1.644968 -0.094400 0.9700 0.9700 0.9700
v -0.237086 1.646518 -0.092974 0.8777 0.8777 0.8777
v -0.236709 1.650684 -0.093847 0.6181 0.6181 0.6181
v -0.236591 1.645760 -0.088798 0.6181 0.6181 0.6181
v -0.270568 1.833426 -0.100505 0.9595 0.9595 0.9595
v -0.272623 1.840390 -0.093665 0.8905 0.8905 0.8905
v -0.264611 1.834546 -0.092583 0.8777 0.8777 0.8777
v -0.271630 1.838350 -0.098564 0.9488 0.9488 0.9488
v -0.267624 1.838093 -0.097099 0.9148 0.9148 0.9148
v -0.267418 1.839142 -0.092962 0.9029 0.9029 0.9029
v -0.265965 1.834218 -0.097799 0.9265 0.9265 0.9265
v -0.241935 1.642928 -0.083573 0.9595 0.9595 0.9595
v -0.236144 1.651012 -0.082791 0.6181 0.6181 0.6181
v -0.243989 1.649892 -0.076733 0.9148 0.9148 0.9148
v -0.237380 1.645760 -0.082958 0.9148 0.9148 0.9148
v -0.238965 1.646518 -0.079063 0.9148 0.9148 0.9148
v -0.238833 1.650684 -0.078121 0.9148 0.9148 0.9148
v -0.242928 1.644968 -0.078675 0.9488 0.9488 0.9488
v -0.273411 1.840390 -0.087825 0.8905 0.8905 0.8905
v -0.273246 1.833426 -0.080685 0.9029 0.9029 0.9029
v -0.265400 1.834546 -0.086743 0.8905 0.8905 0.8905
v -0.273754 1.838350 -0.082839 0.9029 0.9029 0.9029
v -0.269503 1.838093 -0.083188 0.9029 0.9029 0.9029
v -0.268089 1.834218 -0.082073 0.8777 0.8777 0.8777
v -0.268206 1.839142 -0.087122 0.9029 0.9029 0.9029
v -0.261589 1.639610 -0.092175 0.9802 0.9802 0.9802
v -0.269600 1.645454 -0.093257 0.9488 0.9488 0.9488
v -0.261754 1.646574 -0.099315 0.9802 0.9802 0.9802
v -0.266794 1.640858 -0.092878 0.9700 0.9700 0.9700
v -0.265497 1.641907 -0.096812 0.9802 0.9802 0.9802
v -0.266911 1.645782 -0.097927 0.9700 0.9700 0.9700
v -0.261246 1.641650 -0.097161 0.9802 0.9802 0.9802
v -0.293065 1.837072 -0.096427 0.9148 0.9148 0.9148
v -0.291011 1.830108 -0.103267 0.9700 0.9700 0.9700
v -0.298856 1.828988 -0.097209 0.8905 0.8905 0.8905
v -0.292072 1.835032 -0.101325 0.9595 0.9595 0.9595
v -0.296035 1.833482 -0.100937 0.9595 0.9595 0.9595
v -0.296167 1.829316 -0.101878 0.9595 0.9595 0.9595
v -0.297620 1.834240 -0.097042 0.9378 0.9378 0.9378
v -0.262377 1.639610 -0.086335 0.9802 0.9802 0.9802
v -0.264432 1.646574 -0.079495 0.9265 0.9265 0.9265
v -0.270389 1.645454 -0.087417 0.9488 0.9488 0.9488
v -0.263370 1.641650 -0.081436 0.9595 0.9595 0.9595
v -0.267376 1.641907 -0.082901 0.9378 0.9378 0.9378
v -0.269035 1.645782 -0.082201 0.9378 0.9378 0.9378
v -0.267583 1.640858 -0.087038 0.9595 0.9595 0.9595
v -0.293854 1.837072 -0.090586 0.9148 0.9148 0.9148
v -0.299645 1.828988 -0.091369 0.6181 0.6181 0.6181
v -0.293688 1.830108 -0.083447 0.8905 0.8905 0.8905
v -0.298409 1.834240 -0.091202 0.6875 0.6875 0.6875
v -0.297914 1.833482 -0.087026 0.6591 0.6591 0.6591
v -0.298291 1.829316 -0.086153 0.6181 0.6181 0.6181
v -0.294196 1.835032 -0.085600 0.9029 0.9029 0.9029
v -0.318820 1.639518 -0.092758 0.9802 0.9802 0.9802
v -0.317966 1.646554 -0.099776 0.9700 0.9700 0.9700
v -0.311307 1.646068 -0.092365 0.9378 0.9378 0.9378
v -0.318417 1.641579 -0.097731 0.9700 0.9700 0.9700
v -0.314344 1.642211 -0.096601 0.9488 0.9488 0.9488
v -0.313105 1.646211 -0.097453 0.9378 0.9378 0.9378
v -0.313709 1.641235 -0.092490 0.9488 0.9488 0.9488
v -0.305174 1.832006 -0.099107 0.9595 0.9595 0.9595
v -0.305057 1.839042 -0.092037 0.9148 0.9148 0.9148
v -0.298516 1.831520 -0.091695 0.6181 0.6181 0.6181
v -0.304939 1.836981 -0.097026 0.9488 0.9488 0.9488
v -0.300992 1.835788 -0.095903 0.9029 0.9029 0.9029
v -0.300231 1.836638 -0.091785 0.8905 0.8905 0.8905
v -0.300313 1.831662 -0.096783 0.8645 0.8645 0.8645
v -0.319128 1.639518 -0.086873 0.9700 0.9700 0.9700
v -0.311615 1.646068 -0.086480 0.9378 0.9378 0.9378
v -0.319011 1.646554 -0.079804 0.9148 0.9148 0.9148
v -0.314017 1.641235 -0.086605 0.9488 0.9488 0.9488
v -0.315078 1.642211 -0.082583 0.9488 0.9488 0.9488
v -0.313934 1.646211 -0.081607 0.9378 0.9378 0.9378
v -0.319246 1.641579 -0.081885 0.9595 0.9595 0.9595
v -0.305365 1.839042 -0.086152 0.9029 0.9029 0.9029
v -0.306219 1.832006 -0.079134 0.9029 0.9029 0.9029
v -0.298824 1.831520 -0.085810 0.8365 0.8365 0.8365
v -0.305768 1.836981 -0.081179 0.9029 0.9029 0.9029
v -0.301726 1.835788 -0.081884 0.9029 0.9029 0.9029
v -0.301143 1.831662 -0.080937 0.8645 0.8645 0.8645
v -0.300539 1.836638 -0.085900 0.9029 0.9029 0.9029
v -0.339635 1.640957 -0.093848 0.9802 0.9802 0.9802
v -0.346176 1.648480 -0.094190 0.9488 0.9488 0.9488
v -0.338780 1.647994 -0.100866 0.9902 0.9902 0.9902
v -0.344461 1.643362 -0.094100 0.9595 0.9595 0.9595
v -0.343274 1.644212 -0.098116 0.9595 0.9595 0.9595
v -0.343857 1.648338 -0.099063 0.9488 0.9488 0.9488
v -0.339232 1.643018 -0.098821 0.9802 0.9802 0.9802
v -0.325872 1.840482 -0.093127 0.9265 0.9265 0.9265
v -0.325989 1.833445 -0.100196 0.9595 0.9595 0.9595
v -0.333385 1.833931 -0.093520 0.9488 0.9488 0.9488
v -0.325754 1.838421 -0.098115 0.9595 0.9595 0.9595
v -0.329922 1.837788 -0.097417 0.9488 0.9488 0.9488
v -0.331066 1.833789 -0.098393 0.9595 0.9595 0.9595
v -0.330983 1.838765 -0.093395 0.9488 0.9488 0.9488
v -0.339943 1.640957 -0.087962 0.9700 0.9700 0.9700
v -0.339826 1.647994 -0.080893 0.9378 0.9378 0.9378
v -0.346484 1.648480 -0.088305 0.9488 0.9488 0.9488
v -0.340061 1.643018 -0.082974 0.9488 0.9488 0.9488
v -0.344007 1.644212 -0.084097 0.9378 0.9378 0.9378
v -0.344687 1.648338 -0.083216 0.9378 0.9378 0.9378
v -0.344769 1.643362 -0.088215 0.9378 0.9378 0.9378
v -0.326180 1.840482 -0.087242 0.9029 0.9029 0.9029
v -0.333693 1.833931 -0.087635 0.9378 0.9378 0.9378
v -0.327034 1.833445 -0.080224 0.9029 0.9029 0.9029
v -0.331291 1.838765 -0.087510 0.9488 0.9488 0.9488
v -0.330655 1.837789 -0.083398 0.9148 0.9148 0.9148
v -0.331895 1.833789 -0.082547 0.9265 0.9265 0.9265
v -0.326583 1.838421 -0.082269 0.9148 0.9148 0.9148
v 0.568830 0.116847 -0.491409 1.0000 1.0000 1.0000
v 0.568800 0.124488 -0.497821 1.0000 1.0000 1.0000
v 0.575856 0.123902 -0.490794 0.9265 0.9265 0.9265
v 0.568820 0.119340 -0.496198 1.0000 1.0000 1.0000
v 0.572889 0.120188 -0.495206 1.0000 1.0000 1.0000
v 0.573788 0.124328 -0.495763 0.9902 0.9902 0.9902
v 0.573810 0.118925 -0.491229 0.9595 0.9595 0.9595
v 0.567043 0.568681 -0.458959 1.0000 1.0000 1.0000
v 0.567017 0.575093 -0.451317 0.9802 0.9802 0.9802
v 0.574098 0.568094 -0.451932 0.6181 0.6181 0.6181
v 0.567024 0.573470 -0.456466 0.9802 0.9802 0.9802
v 0.571100 0.572494 -0.455634 1.0000 1.0000 1.0000
v 0.572013 0.573055 -0.451497 0.9488 0.9488 0.9488
v 0.572031 0.568521 -0.456901 0.9700 0.9700 0.9700
v 0.568860 0.109361 -0.405843 0.9700 0.9700 0.9700
v 0.575885 0.116416 -0.405228 0.6181 0.6181 0.6181
v 0.568834 0.115773 -0.398201 0.6181 0.6181 0.6181
v 0.573839 0.111439 -0.405663 0.9148 0.9148 0.9148
v 0.572922 0.111992 -0.401526 0.9148 0.9148 0.9148
v 0.573821 0.115973 -0.400259 0.6181 0.6181 0.6181
v 0.568853 0.110984 -0.400694 0.9148 0.9148 0.9148
v 0.567047 0.567607 -0.365751 0.9265 0.9265 0.9265
v 0.567077 0.559966 -0.359339 0.6181 0.6181 0.6181
v 0.574128 0.560608 -0.366366 0.6181 0.6181 0.6181
v 0.567057 0.565114 -0.360963 0.6181 0.6181 0.6181
v 0.571132 0.564298 -0.361954 0.6181 0.6181 0.6181
v 0.572064 0.560166 -0.361397 0.6181 0.6181 0.6181
v 0.572042 0.565569 -0.365931 0.6181 0.6181 0.6181
v -0.557054 0.112393 -0.491409 0.9029 0.9029 0.9029
v -0.564135 0.119392 -0.490794 0.8508 0.8508 0.8508
v -0.557084 0.120034 -0.497821 0.9148 0.9148 0.9148
v -0.562050 0.114431 -0.491229 0.8777 0.8777 0.8777
v -0.561139 0.115702 -0.495206 0.8905 0.8905 0.8905
v -0.562071 0.119834 -0.495763 0.8777 0.8777 0.8777
v -0.557064 0.114886 -0.496198 0.9029 0.9029 0.9029
v -0.558867 0.570639 -0.451317 0.9802 0.9802 0.9802
v -0.558841 0.564227 -0.458959 0.6181 0.6181 0.6181
v -0.565892 0.563585 -0.451932 0.6181 0.6181 0.6181
v -0.558860 0.569016 -0.456466 0.9802 0.9802 0.9802
v -0.562929 0.568008 -0.455634 0.9265 0.9265 0.9265
v -0.563828 0.564027 -0.456901 0.6181 0.6181 0.6181
v -0.563846 0.568561 -0.451497 0.9265 0.9265 0.9265
v -0.557024 0.104907 -0.405843 0.9378 0.9378 0.9378
v -0.557050 0.111319 -0.398201 0.6181 0.6181 0.6181
v -0.564106 0.111906 -0.405228 0.6181 0.6181 0.6181
v -0.557031 0.106530 -0.400694 0.9265 0.9265 0.9265
v -0.561107 0.107506 -0.401526 0.8905 0.8905 0.8905
v -0.562038 0.111479 -0.400259 0.6181 0.6181 0.6181
v -0.562020 0.106945 -0.405663 0.8905 0.8905 0.8905
v -0.558837 0.563153 -0.365751 0.6181 0.6181 0.6181
v -0.565863 0.556098 -0.366366 0.6181 0.6181 0.6181
v -0.558807 0.555512 -0.359339 0.6181 0.6181 0.6181
v -0.563817 0.561075 -0.365931 0.6181 0.6181 0.6181
v -0.562896 0.559812 -0.361954 0.6181 0.6181 0.6181
v -0.563795 0.555672 -0.361397 0.6181 0.6181 0.6181
v -0.558827 0.560660 -0.360963 0.6181 0.6181 0.6181
v 0.567462 0.116624 0.403567 0.6181 0.6181 0.6181
v 0.567354 0.123035 0.395926 0.6181 0.6181 0.6181
v 0.574396 0.123768 0.402952 0.6181 0.6181 0.6181
v 0.567435 0.118247 0.398418 0.6181 0.6181 0.6181
v 0.571490 0.119307 0.399250 0.6181 0.6181 0.6181
v 0.572338 0.123299 0.397984 0.6181 0.6181 0.6181
v 0.572414 0.118766 0.403387 0.6181 0.6181 0.6181
v 0.559891 0.567169 0.357063 0.6181 0.6181 0.6181
v 0.559762 0.574809 0.363475 0.9488 0.9488 0.9488
v 0.566933 0.567902 0.364090 0.6181 0.6181 0.6181
v 0.559804 0.572316 0.358687 0.8777 0.8777 0.8777
v 0.563890 0.571553 0.359678 0.8905 0.8905 0.8905
v 0.564784 0.572835 0.363655 0.9148 0.9148 0.9148
v 0.564874 0.567432 0.359121 0.6181 0.6181 0.6181
v 0.567336 0.124109 0.489133 0.9700 0.9700 0.9700
v 0.574270 0.131253 0.488518 0.9700 0.9700 0.9700
v 0.567208 0.131749 0.495545 1.0000 1.0000 1.0000
v 0.572288 0.126251 0.488953 0.9902 0.9902 0.9902
v 0.571352 0.127502 0.492930 0.9902 0.9902 0.9902
v 0.572198 0.131653 0.493487 0.9902 0.9902 0.9902
v 0.567294 0.126601 0.493922 1.0000 1.0000 1.0000
v 0.559636 0.582294 0.449042 0.9902 0.9902 0.9902
v 0.559744 0.575883 0.456683 0.9595 0.9595 0.9595
v 0.566807 0.575387 0.449656 0.9148 0.9148 0.9148
v 0.559664 0.580671 0.454190 0.9902 0.9902 0.9902
v 0.563752 0.579748 0.453358 0.9802 0.9802 0.9802
v 0.564734 0.575787 0.454625 0.9148 0.9148 0.9148
v 0.564658 0.580320 0.449222 0.9700 0.9700 0.9700
v -0.558272 0.097706 0.403567 0.9700 0.9700 0.9700
v -0.565443 0.104613 0.402952 0.8777 0.8777 0.8777
v -0.558380 0.104117 0.395926 0.8508 0.8508 0.8508
v -0.563294 0.099680 0.403387 0.9488 0.9488 0.9488
v -0.562388 0.100252 0.399250 0.9148 0.9148 0.9148
v -0.563370 0.104213 0.397984 0.8365 0.8365 0.8365
v -0.558300 0.099329 0.398418 0.8905 0.8905 0.8905
v -0.565972 0.555891 0.363475 0.6181 0.6181 0.6181
v -0.565844 0.548251 0.357063 0.6181 0.6181 0.6181
v -0.572906 0.548747 0.364090 0.6181 0.6181 0.6181
v -0.565930 0.553399 0.358687 0.6181 0.6181 0.6181
v -0.569988 0.552498 0.359678 0.6181 0.6181 0.6181
v -0.570833 0.548347 0.359122 0.6181 0.6181 0.6181
v -0.570924 0.553750 0.363655 0.6181 0.6181 0.6181
v -0.558398 0.105191 0.489133 1.0000 1.0000 1.0000
v -0.558526 0.112831 0.495545 1.0000 1.0000 1.0000
v -0.565568 0.112098 0.488518 0.9595 0.9595 0.9595
v -0.558440 0.107684 0.493922 1.0000 1.0000 1.0000
v -0.562526 0.108447 0.492930 1.0000 1.0000 1.0000
v -0.563510 0.112568 0.493487 1.0000 1.0000 1.0000
v -0.563419 0.107165 0.488953 1.0000 1.0000 1.0000
v -0.566098 0.563376 0.449042 0.6181 0.6181 0.6181
v -0.573032 0.556232 0.449656 0.6181 0.6181 0.6181
v -0.565990 0.556965 0.456683 0.6181 0.6181 0.6181
v -0.571050 0.561234 0.449222 0.6181 0.6181 0.6181
v -0.570125 0.560693 0.453358 0.6181 0.6181 0.6181
v -0.570974 0.556701 0.454625 0.6181 0.6181 0.6181
v -0.566070 0.561753 0.454190 0.6181 0.6181 0.6181
v 0.638217 0.113735 -0.455967 1.0000 1.0000 1.0000
v 0.637704 0.120770 -0.463021 1.0000 1.0000 1.0000
v 0.644739 0.121283 -0.455967 1.0000 1.0000 1.0000
v 0.638067 0.115795 -0.460955 1.0000 1.0000 1.0000
v 0.642062 0.117005 -0.460040 1.0000 1.0000 1.0000
v 0.642678 0.121133 -0.460955 1.0000 1.0000 1.0000
v 0.643041 0.116158 -0.455967 1.0000 1.0000 1.0000
v 0.605256 0.565481 -0.463021 1.0000 1.0000 1.0000
v 0.604743 0.572515 -0.455967 0.9802 0.9802 0.9802
v 0.612291 0.565994 -0.455967 1.0000 1.0000 1.0000
v 0.604893 0.570455 -0.460955 0.9902 0.9902 0.9902
v 0.609021 0.569839 -0.460040 1.0000 1.0000 1.0000
v 0.609868 0.570818 -0.455967 0.9902 0.9902 0.9902
v 0.610231 0.565844 -0.460955 1.0000 1.0000 1.0000
v 0.638217 0.113735 0.469926 0.9700 0.9700 0.9700
v 0.644739 0.121283 0.469926 1.0000 1.0000 1.0000
v 0.637704 0.120770 0.476979 1.0000 1.0000 1.0000
v 0.643041 0.116158 0.469926 1.0000 1.0000 1.0000
v 0.642062 0.117005 0.473998 1.0000 1.0000 1.0000
v 0.642678 0.121133 0.474913 1.0000 1.0000 1.0000
v 0.638067 0.115795 0.474913 1.0000 1.0000 1.0000
v 0.604743 0.572515 0.469926 0.9902 0.9902 0.9902
v 0.605256 0.565481 0.476979 1.0000 1.0000 1.0000
v 0.612291 0.565994 0.469926 1.0000 1.0000 1.0000
v 0.604893 0.570455 0.474913 0.9902 0.9902 0.9902
v 0.609021 0.569839 0.473998 0.9902 0.9902 0.9902
v 0.610231 0.565844 0.474913 1.0000 1.0000 1.0000
v 0.609868 0.570818 0.469926 0.9902 0.9902 0.9902
v 0.552552 0.107485 -0.455967 0.9802 0.9802 0.9802
v 0.545004 0.114006 -0.455967 0.8777 0.8777 0.8777
v 0.552039 0.114519 -0.463021 0.8905 0.8905 0.8905
v 0.547427 0.109182 -0.455967 0.9488 0.9488 0.9488
v 0.548273 0.110161 -0.460040 0.9265 0.9265 0.9265
v 0.547064 0.114156 -0.460955 0.8508 0.8508 0.8508
v 0.552401 0.109545 -0.460955 0.9488 0.9488 0.9488
v 0.519078 0.566265 -0.455967 0.8365 0.8365 0.8365
v 0.519591 0.559230 -0.463021 0.9700 0.9700 0.9700
v 0.512556 0.558717 -0.455967 0.6181 0.6181 0.6181
v 0.519228 0.564205 -0.460955 0.9802 0.9802 0.9802
v 0.515233 0.562995 -0.460040 0.9378 0.9378 0.9378
v 0.514617 0.558867 -0.460955 0.9378 0.9378 0.9378
v 0.514254 0.563842 -0.455967 0.6181 0.6181 0.6181
v 0.552552 0.107485 0.469926 0.9595 0.9595 0.9595
v 0.552039 0.114519 0.476979 0.9700 0.9700 0.9700
v 0.545004 0.114006 0.469926 0.8777 0.8777 0.8777
v 0.552401 0.109545 0.474913 1.0000 1.0000 1.0000
v 0.548273 0.110161 0.473998 0.9488 0.9488 0.9488
v 0.547064 0.114156 0.474913 0.9488 0.9488 0.9488
v 0.547427 0.109182 0.469926 0.9378 0.9378 0.9378
v 0.519078 0.566265 0.469926 0.9378 0.9378 0.9378
v 0.512556 0.558717 0.469926 0.8777 0.8777 0.8777
v 0.519591 0.559230 0.476979 0.9902 0.9902 0.9902
v 0.514254 0.563842 0.469926 0.8645 0.8645 0.8645
v 0.515233 0.562995 0.473998 0.9595 0.9595 0.9595
v 0.514617 0.558867 0.474913 0.9488 0.9488 0.9488
v 0.519228 0.564205 0.474913 0.9902 0.9902 0.9902
v -0.553200 0.107481 -0.464976 0.9265 0.9265 0.9265
v -0.552686 0.114516 -0.472029 0.6181 0.6181 0.6181
v -0.545651 0.114002 -0.464976 0.6181 0.6181 0.6181
v -0.553049 0.109542 -0.469963 0.8508 0.8508 0.8508
v -0.548921 0.110158 -0.469048 0.8365 0.8365 0.8365
v -0.547711 0.114153 -0.469963 0.6181 0.6181 0.6181
v -0.548075 0.109178 -0.464976 0.8905 0.8905 0.8905
v -0.520185 0.559223 -0.472029 1.0000 1.0000 1.0000
v -0.519670 0.566258 -0.464976 0.9700 0.9700 0.9700
v -0.513150 0.558709 -0.464976 0.9029 0.9029 0.9029
v -0.519821 0.564197 -0.469963 0.9902 0.9902 0.9902
v -0.515826 0.562988 -0.469048 0.9700 0.9700 0.9700
v -0.514847 0.563834 -0.464976 0.9595 0.9595 0.9595
v -0.515210 0.558860 -0.469963 0.9700 0.9700 0.9700
v -0.553200 0.107481 0.460917 0.9802 0.9802 0.9802
v -0.545651 0.114002 0.460917 0.6181 0.6181 0.6181
v -0.552686 0.114516 0.467971 0.6181 0.6181 0.6181
v -0.548075 0.109178 0.460917 0.6181 0.6181 0.6181
v -0.548921 0.110158 0.464990 0.6181 0.6181 0.6181
v -0.547711 0.114153 0.465905 0.6181 0.6181 0.6181
v -0.553049 0.109542 0.465905 0.6181 0.6181 0.6181
v -0.519670 0.566258 0.460917 0.9802 0.9802 0.9802
v -0.520185 0.559223 0.467971 1.0000 1.0000 1.0000
v -0.513150 0.558709 0.460917 0.9378 0.9378 0.9378
v -0.519821 0.564197 0.465905 0.9902 0.9902 0.9902
v -0.515826 0.562988 0.464990 0.9700 0.9700 0.9700
v -0.515210 0.558860 0.465905 0.9595 0.9595 0.9595
v -0.514847 0.563834 0.460917 0.9595 0.9595 0.9595
v -0.638865 0.113742 -0.464976 0.9378 0.9378 0.9378
v -0.645385 0.121291 -0.464976 0.9378 0.9378 0.9378
v -0.638350 0.120777 -0.472029 0.9378 0.9378 0.9378
v -0.643688 0.116166 -0.464976 0.9378 0.9378 0.9378
v -0.642709 0.117012 -0.469048 0.9378 0.9378 0.9378
v -0.643325 0.121140 -0.469963 0.9378 0.9378 0.9378
v -0.638714 0.115803 -0.469963 0.9378 0.9378 0.9378
v -0.605335 0.572519 -0.464976 0.9802 0.9802 0.9802
v -0.605849 0.565484 -0.472029 1.0000 1.0000 1.0000
v -0.612884 0.565998 -0.464976 1.0000 1.0000 1.0000
v -0.605486 0.570458 -0.469963 1.0000 1.0000 1.0000
v -0.609614 0.569842 -0.469048 1.0000 1.0000 1.0000
v -0.610824 0.565847 -0.469963 1.0000 1.0000 1.0000
v -0.610460 0.570822 -0.464976 1.0000 1.0000 1.0000
v -0.638865 0.113742 0.460917 1.0000 1.0000 1.0000
v -0.638350 0.120777 0.467971 1.0000 1.0000 1.0000
v -0.645385 0.121291 0.460917 1.0000 1.0000 1.0000
v -0.638714 0.115803 0.465905 1.0000 1.0000 1.0000
v -0.642709 0.117012 0.464990 1.0000 1.0000 1.0000
v -0.643325 0.121140 0.465905 1.0000 1.0000 1.0000
v -0.643688 0.116166 0.460917 1.0000 1.0000 1.0000
v -0.605335 0.572519 0.460917 1.0000 1.0000 1.0000
v -0.612884 0.565998 0.460917 0.9902 0.9902 0.9902
v -0.605849 0.565484 0.467971 1.0000 1.0000 1.0000
v -0.610460 0.570822 0.460917 1.0000 1.0000 1.0000
v -0.609614 0.569842 0.464990 1.0000 1.0000 1.0000
v -0.610824 0.565847 0.465905 1.0000 1.0000 1.0000
v -0.605486 0.570458 0.465905 1.0000 1.0000 1.0000
v 0.602947 0.397500 -0.455447 0.6181 0.6181 0.6181
v 0.602947 0.404553 -0.462500 0.9902 0.9902 0.9902
v 0.610000 0.404553 -0.455447 0.6181 0.6181 0.6181
v 0.602947 0.399566 -0.460434 0.9700 0.9700 0.9700
v 0.607019 0.400481 -0.459519 0.8508 0.8508 0.8508
v 0.607934 0.404553 -0.460434 0.9700 0.9700 0.9700
v 0.607934 0.399566 -0.455447 0.6181 0.6181 0.6181
v 0.602947 0.475447 -0.462500 0.9902 0.9902 0.9902
v 0.602947 0.482500 -0.455447 0.6181 0.6181 0.6181
v 0.610000 0.475447 -0.455447 0.6181 0.6181 0.6181
v 0.602947 0.480434 -0.460434 0.9595 0.9595 0.9595
v 0.607019 0.479519 -0.459519 0.8508 0.8508 0.8508
v 0.607934 0.480434 -0.455447 0.6181 0.6181 0.6181
v 0.607934 0.475447 -0.460434 0.9802 0.9802 0.9802
v 0.602947 0.397500 -0.424553 0.6181 0.6181 0.6181
v 0.610000 0.404553 -0.424553 0.6181 0.6181 0.6181
v 0.602947 0.404553 -0.417500 0.6181 0.6181 0.6181
v 0.607934 0.399566 -0.424553 0.6181 0.6181 0.6181
v 0.607019 0.400481 -0.420481 0.6181 0.6181 0.6181
v 0.607934 0.404553 -0.419566 0.6181 0.6181 0.6181
v 0.602947 0.399566 -0.419566 0.6181 0.6181 0.6181
v 0.602947 0.482500 -0.424553 0.6181 0.6181 0.6181
v 0.602947 0.475447 -0.417500 0.6181 0.6181 0.6181
v 0.610000 0.475447 -0.424553 0.6181 0.6181 0.6181
v 0.602947 0.480434 -0.419566 0.6181 0.6181 0.6181
v 0.607019 0.479519 -0.420481 0.6181 0.6181 0.6181
v 0.607934 0.475447 -0.419566 0.6181 0.6181 0.6181
v 0.607934 0.480434 -0.424553 0.6181 0.6181 0.6181
v -0.602947 0.397500 -0.455446 0.6181 0.6181 0.6181
v -0.610000 0.404553 -0.455446 0.6181 0.6181 0.6181
v -0.602947 0.404553 -0.462500 0.6181 0.6181 0.6181
v -0.607934 0.399566 -0.455446 0.6181 0.6181 0.6181
v -0.607019 0.400481 -0.459519 0.6181 0.6181 0.6181
v -0.607934 0.404553 -0.460434 0.6181 0.6181 0.6181
v -0.602947 0.399566 -0.460434 0.6181 0.6181 0.6181
v -0.602947 0.482500 -0.455446 0.6181 0.6181 0.6181
v -0.602947 0.475447 -0.462500 0.6181 0.6181 0.6181
v -0.610000 0.475447 -0.455446 0.6181 0.6181 0.6181
v -0.602947 0.480434 -0.460434 0.6181 0.6181 0.6181
v -0.607019 0.479519 -0.459519 0.6181 0.6181 0.6181
v -0.607934 0.475447 -0.460434 0.6181 0.6181 0.6181
v -0.607934 0.480434 -0.455446 0.6181 0.6181 0.6181
v -0.602947 0.397500 -0.424553 0.6181 0.6181 0.6181
v -0.602947 0.404553 -0.417500 0.6181 0.6181 0.6181
v -0.610000 0.404553 -0.424553 0.6181 0.6181 0.6181
v -0.602947 0.399566 -0.419566 0.6181 0.6181 0.6181
v -0.607019 0.400481 -0.420481 0.6181 0.6181 0.6181
v -0.607934 0.404553 -0.419566 0.6181 0.6181 0.6181
v -0.607934 0.399566 -0.424553 0.6181 0.6181 0.6181
v -0.602947 0.482500 -0.424553 0.6181 0.6181 0.6181
v -0.610000 0.475447 -0.424553 0.6181 0.6181 0.6181
v -0.602947 0.475447 -0.417500 0.6181 0.6181 0.6181
v -0.607934 0.480434 -0.424553 0.6181 0.6181 0.6181
v -0.607019 0.479519 -0.420481 0.6181 0.6181 0.6181
v -0.607934 0.475447 -0.419566 0.6181 0.6181 0.6181
v -0.602947 0.480434 -0.419566 0.6181 0.6181 0.6181
v 0.250133 0.526966 0.077215 0.7536 0.7536 0.7536
v 0.250133 0.540234 0.077215 0.8216 0.8216 0.8216
v 0.249774 0.533600 0.078204 0.7721 0.7721 0.7721
v 0.181969 0.585600 0.019440 0.8216 0.8216 0.8216
v 0.191069 0.585600 0.029160 0.8060 0.8060 0.8060
v 0.189418 0.589342 0.022440 0.8645 0.8645 0.8645
v 0.185734 0.585600 0.025010 0.7895 0.7895 0.7895
v 0.166358 0.540117 0.031079 0.7118 0.7118 0.7118
v 0.166358 0.527083 0.031079 0.6875 0.6875 0.6875
v 0.175497 0.526967 0.040769 0.7118 0.7118 0.7118
v 0.175497 0.540233 0.040769 0.7536 0.7536 0.7536
v 0.165321 0.533600 0.031498 0.6875 0.6875 0.6875
v 0.169272 0.533600 0.037314 0.7118 0.7118 0.7118
v 0.170273 0.526644 0.036536 0.6875 0.6875 0.6875
v 0.175038 0.533600 0.041708 0.7536 0.7536 0.7536
v 0.170273 0.540556 0.036536 0.7336 0.7336 0.7336
v 0.191069 0.481600 0.029160 0.7118 0.7118 0.7118
v 0.181969 0.481600 0.019440 0.6591 0.6591 0.6591
v 0.189418 0.477858 0.022440 0.6875 0.6875 0.6875
v 0.185734 0.481600 0.025010 0.7118 0.7118 0.7118
v 0.159706 0.585600 -0.048466 0.8508 0.8508 0.8508
v 0.159912 0.585600 -0.035154 0.8060 0.8060 0.8060
v 0.163187 0.589342 -0.042486 0.8777 0.8777 0.8777
v 0.158752 0.585600 -0.041775 0.8216 0.8216 0.8216
v 0.140440 0.540233 -0.046000 0.7895 0.7895 0.7895
v 0.140440 0.526967 -0.046000 0.7336 0.7336 0.7336
v 0.140597 0.527083 -0.032681 0.6875 0.6875 0.6875
v 0.140597 0.540117 -0.032681 0.7336 0.7336 0.7336
v 0.139457 0.533600 -0.046357 0.7721 0.7721 0.7721
v 0.138362 0.533600 -0.039190 0.7118 0.7118 0.7118
v 0.139623 0.526644 -0.039326 0.6875 0.6875 0.6875
v 0.139560 0.533600 -0.032262 0.6875 0.6875 0.6875
v 0.139623 0.540556 -0.039326 0.7721 0.7721 0.7721
v 0.159912 0.481600 -0.035154 0.6875 0.6875 0.6875
v 0.159706 0.481600 -0.048466 0.7536 0.7536 0.7536
v 0.163187 0.477858 -0.042486 0.7336 0.7336 0.7336
v 0.158752 0.481600 -0.041775 0.7336 0.7336 0.7336
v 0.168811 0.540234 -0.124064 0.8216 0.8216 0.8216
v 0.168811 0.526966 -0.124064 0.8216 0.8216 0.8216
v 0.167866 0.533600 -0.124525 0.8216 0.8216 0.8216
v 0.249740 0.540236 -0.184397 0.8216 0.8216 0.8216
v 0.249740 0.526964 -0.184397 0.8216 0.8216 0.8216
v 0.249378 0.533600 -0.185293 0.8365 0.8365 0.8365
v 0.349867 0.540234 -0.197215 0.8645 0.8645 0.8645
v 0.349867 0.526966 -0.197215 0.8365 0.8365 0.8365
v 0.350226 0.533600 -0.198204 0.8777 0.8777 0.8777
v 0.418031 0.585600 -0.139440 0.9029 0.9029 0.9029
v 0.408931 0.585600 -0.149160 0.8905 0.8905 0.8905
v 0.410582 0.589342 -0.142439 0.8216 0.8216 0.8216
v 0.414265 0.585600 -0.145010 0.9029 0.9029 0.9029
v 0.433642 0.540117 -0.151079 0.8905 0.8905 0.8905
v 0.433642 0.527083 -0.151079 0.8508 0.8508 0.8508
v 0.424503 0.526967 -0.160769 0.8508 0.8508 0.8508
v 0.424503 0.540233 -0.160769 0.8645 0.8645 0.8645
v 0.434679 0.533600 -0.151498 0.8508 0.8508 0.8508
v 0.430728 0.533600 -0.157314 0.8777 0.8777 0.8777
v 0.429727 0.526644 -0.156536 0.8508 0.8508 0.8508
v 0.424962 0.533600 -0.161708 0.8645 0.8645 0.8645
v 0.429727 0.540556 -0.156536 0.8777 0.8777 0.8777
v 0.408931 0.481600 -0.149160 0.7536 0.7536 0.7536
v 0.418031 0.481600 -0.139440 0.7118 0.7118 0.7118
v 0.410581 0.477858 -0.142439 0.6875 0.6875 0.6875
v 0.414265 0.481600 -0.145010 0.7536 0.7536 0.7536
v 0.440294 0.585600 -0.071534 0.8645 0.8645 0.8645
v 0.440088 0.585600 -0.084846 0.8905 0.8905 0.8905
v 0.436813 0.589342 -0.077514 0.8060 0.8060 0.8060
v 0.441248 0.585600 -0.078225 0.8777 0.8777 0.8777
v 0.459560 0.540233 -0.074000 0.8365 0.8365 0.8365
v 0.459560 0.526967 -0.074000 0.7536 0.7536 0.7536
v 0.459403 0.527083 -0.087319 0.8060 0.8060 0.8060
v 0.459403 0.540117 -0.087319 0.8777 0.8777 0.8777
v 0.460543 0.533600 -0.073643 0.7536 0.7536 0.7536
v 0.461638 0.533600 -0.080809 0.8060 0.8060 0.8060
v 0.460377 0.526644 -0.080674 0.7721 0.7721 0.7721
v 0.460440 0.533600 -0.087738 0.8216 0.8216 0.8216
v 0.460377 0.540556 -0.080674 0.8645 0.8645 0.8645
v 0.440088 0.481600 -0.084846 0.7118 0.7118 0.7118
v 0.440294 0.481600 -0.071534 0.6591 0.6591 0.6591
v 0.436813 0.477858 -0.077514 0.6591 0.6591 0.6591
v 0.441248 0.481600 -0.078225 0.6591 0.6591 0.6591
v 0.431189 0.540234 0.004064 0.7895 0.7895 0.7895
v 0.431189 0.526966 0.004064 0.7721 0.7721 0.7721
v 0.432134 0.533600 0.004525 0.7895 0.7895 0.7895
v 0.350260 0.540236 0.064397 0.8365 0.8365 0.8365
v 0.350260 0.526964 0.064397 0.7895 0.7895 0.7895
v 0.350622 0.533600 0.065293 0.8216 0.8216 0.8216
v 0.320888 0.636146 0.022517 0.8365 0.8365 0.8365
v 0.320888 0.649454 0.022517 0.8645 0.8645 0.8645
v 0.320587 0.642800 0.023491 0.8365 0.8365 0.8365
v 0.269731 0.683100 -0.024649 0.8508 0.8508 0.8508
v 0.278632 0.683100 -0.014640 0.8645 0.8645 0.8645
v 0.276973 0.687069 -0.021677 0.9029 0.9029 0.9029
v 0.273438 0.683100 -0.018995 0.8508 0.8508 0.8508
v 0.259298 0.649397 -0.016453 0.7895 0.7895 0.7895
v 0.259298 0.636203 -0.016453 0.7336 0.7336 0.7336
v 0.268215 0.636147 -0.006458 0.7721 0.7721 0.7721
v 0.268215 0.649453 -0.006458 0.8060 0.8060 0.8060
v 0.258339 0.642800 -0.016066 0.7721 0.7721 0.7721
v 0.262208 0.642800 -0.010156 0.7536 0.7536 0.7536
v 0.263117 0.635838 -0.010887 0.7336 0.7336 0.7336
v 0.267734 0.642800 -0.005583 0.7895 0.7895 0.7895
v 0.263117 0.649761 -0.010887 0.7895 0.7895 0.7895
v 0.278632 0.602500 -0.014640 0.6181 0.6181 0.6181
v 0.269731 0.602500 -0.024649 0.6181 0.6181 0.6181
v 0.276973 0.598531 -0.021677 0.6181 0.6181 0.6181
v 0.273438 0.602500 -0.018995 0.6181 0.6181 0.6181
v 0.253119 0.683100 -0.077785 0.8645 0.8645 0.8645
v 0.253670 0.683100 -0.064403 0.8508 0.8508 0.8508
v 0.256814 0.687069 -0.071571 0.8905 0.8905 0.8905
v 0.252408 0.683100 -0.071045 0.8216 0.8216 0.8216
v 0.239942 0.649453 -0.076436 0.8365 0.8365 0.8365
v 0.239942 0.636147 -0.076436 0.8060 0.8060 0.8060
v 0.240471 0.636203 -0.063051 0.7721 0.7721 0.7721
v 0.240471 0.649397 -0.063051 0.7895 0.7895 0.7895
v 0.238989 0.642800 -0.076731 0.8365 0.8365 0.8365
v 0.238190 0.642800 -0.069602 0.7721 0.7721 0.7721
v 0.239352 0.635838 -0.069708 0.7721 0.7721 0.7721
v 0.239513 0.642800 -0.062663 0.7721 0.7721 0.7721
v 0.239352 0.649761 -0.069708 0.8216 0.8216 0.8216
v 0.253670 0.602500 -0.064403 0.6181 0.6181 0.6181
v 0.253119 0.602500 -0.077786 0.6181 0.6181 0.6181
v 0.256814 0.598531 -0.071571 0.6181 0.6181 0.6181
v 0.252408 0.602500 -0.071045 0.6181 0.6181 0.6181
v 0.257705 0.649454 -0.133868 0.8645 0.8645 0.8645
v 0.257705 0.636146 -0.133868 0.8508 0.8508 0.8508
v 0.256811 0.642800 -0.134359 0.8508 0.8508 0.8508
v 0.313985 0.649455 -0.178079 0.8777 0.8777 0.8777
v 0.313985 0.636145 -0.178079 0.8777 0.8777 0.8777
v 0.313619 0.642800 -0.178984 0.8777 0.8777 0.8777
v 0.385181 0.649454 -0.185372 0.9148 0.9148 0.9148
v 0.385181 0.636146 -0.185372 0.9029 0.9029 0.9029
v 0.385483 0.642800 -0.186346 0.9265 0.9265 0.9265
v 0.436339 0.683100 -0.138206 0.6181 0.6181 0.6181
v 0.427438 0.683100 -0.148215 0.6181 0.6181 0.6181
v 0.429097 0.687069 -0.141178 0.6181 0.6181 0.6181
v 0.432631 0.683100 -0.143860 0.6181 0.6181 0.6181
v 0.446772 0.649397 -0.146402 0.6181 0.6181 0.6181
v 0.446772 0.636203 -0.146402 0.6591 0.6591 0.6591
v 0.437854 0.636147 -0.156397 0.6181 0.6181 0.6181
v 0.437854 0.649453 -0.156397 0.6181 0.6181 0.6181
v 0.447730 0.642800 -0.146789 0.6181 0.6181 0.6181
v 0.443862 0.642800 -0.152699 0.6181 0.6181 0.6181
v 0.442952 0.635839 -0.151968 0.6181 0.6181 0.6181
v 0.438336 0.642800 -0.157272 0.6181 0.6181 0.6181
v 0.442952 0.649761 -0.151968 0.6181 0.6181 0.6181
v 0.427438 0.602500 -0.148215 0.8645 0.8645 0.8645
v 0.436338 0.602500 -0.138206 0.8645 0.8645 0.8645
v 0.429097 0.598531 -0.141178 0.8060 0.8060 0.8060
v 0.432631 0.602500 -0.143860 0.8645 0.8645 0.8645
v 0.452950 0.683100 -0.085069 0.8645 0.8645 0.8645
v 0.452400 0.683100 -0.098452 0.6181 0.6181 0.6181
v 0.449255 0.687069 -0.091284 0.6181 0.6181 0.6181
v 0.453661 0.683100 -0.091810 0.6181 0.6181 0.6181
v 0.466127 0.649453 -0.086419 0.6181 0.6181 0.6181
v 0.466127 0.636147 -0.086419 0.6181 0.6181 0.6181
v 0.465599 0.636203 -0.099804 0.6591 0.6591 0.6591
v 0.465599 0.649397 -0.099804 0.6181 0.6181 0.6181
v 0.467081 0.642800 -0.086124 0.6181 0.6181 0.6181
v 0.467880 0.642800 -0.093253 0.6181 0.6181 0.6181
v 0.466718 0.635838 -0.093147 0.6181 0.6181 0.6181
v 0.466557 0.642800 -0.100192 0.6181 0.6181 0.6181
v 0.466718 0.649761 -0.093147 0.6181 0.6181 0.6181
v 0.452400 0.602500 -0.098452 0.8645 0.8645 0.8645
v 0.452950 0.602500 -0.085069 0.8365 0.8365 0.8365
v 0.449255 0.598531 -0.091284 0.7895 0.7895 0.7895
v 0.453661 0.602500 -0.091809 0.8777 0.8777 0.8777
v 0.448365 0.649454 -0.028987 0.8645 0.8645 0.8645
v 0.448365 0.636146 -0.028987 0.8645 0.8645 0.8645
v 0.449258 0.642800 -0.028495 0.8645 0.8645 0.8645
v 0.392084 0.649455 0.015224 0.8905 0.8905 0.8905
v 0.392084 0.636145 0.015224 0.8645 0.8645 0.8645
v 0.392450 0.642800 0.016129 0.8777 0.8777 0.8777
v 0.410872 0.657454 -0.032361 0.6181 0.6181 0.6181
v 0.411752 0.667092 -0.027267 0.6181 0.6181 0.6181
v 0.401306 0.658931 -0.027267 0.6181 0.6181 0.6181
v 0.412605 0.661429 -0.028442 0.6181 0.6181 0.6181
v 0.409037 0.659803 -0.027213 0.6181 0.6181 0.6181
v 0.406529 0.663012 -0.026268 0.6181 0.6181 0.6181
v 0.406595 0.656734 -0.028442 0.6181 0.6181 0.6181
v 0.401268 0.669747 -0.032361 0.6181 0.6181 0.6181
v 0.400387 0.660108 -0.027267 0.6181 0.6181 0.6181
v 0.410833 0.668269 -0.027267 0.6181 0.6181 0.6181
v 0.399534 0.665771 -0.028442 0.6181 0.6181 0.6181
v 0.403103 0.667397 -0.027213 0.6181 0.6181 0.6181
v 0.405610 0.664188 -0.026268 0.6181 0.6181 0.6181
v 0.405545 0.670467 -0.028442 0.6181 0.6181 0.6181
v 0.375165 0.629556 -0.048854 0.6181 0.6181 0.6181
v 0.372244 0.636225 -0.040691 0.6181 0.6181 0.6181
v 0.364242 0.629973 -0.049212 0.6181 0.6181 0.6181
v 0.374210 0.631432 -0.043400 0.6181 0.6181 0.6181
v 0.370722 0.629868 -0.044910 0.6181 0.6181 0.6181
v 0.367736 0.632703 -0.044186 0.6181 0.6181 0.6181
v 0.369606 0.627835 -0.048302 0.6181 0.6181 0.6181
v 0.365561 0.641849 -0.048854 0.6181 0.6181 0.6181
v 0.363322 0.631149 -0.049212 0.6181 0.6181 0.6181
v 0.371324 0.637401 -0.040691 0.6181 0.6181 0.6181
v 0.362545 0.636872 -0.048302 0.6181 0.6181 0.6181
v 0.364789 0.637463 -0.044910 0.6181 0.6181 0.6181
v 0.366817 0.633880 -0.044186 0.6181 0.6181 0.6181
v 0.367149 0.640469 -0.043400 0.6181 0.6181 0.6181
v 0.356166 0.614713 -0.090614 0.6181 0.6181 0.6181
v 0.348777 0.617891 -0.083202 0.6181 0.6181 0.6181
v 0.346964 0.616474 -0.096257 0.6181 0.6181 0.6181
v 0.352374 0.614372 -0.086178 0.6181 0.6181 0.6181
v 0.350336 0.613941 -0.089720 0.6181 0.6181 0.6181
v 0.347095 0.616576 -0.089556 0.6181 0.6181 0.6181
v 0.351331 0.613556 -0.093689 0.6181 0.6181 0.6181
v 0.346562 0.627006 -0.090614 0.6181 0.6181 0.6181
v 0.346044 0.617650 -0.096257 0.6181 0.6181 0.6181
v 0.347858 0.619068 -0.083202 0.6181 0.6181 0.6181
v 0.344270 0.622593 -0.093689 0.6181 0.6181 0.6181
v 0.344402 0.621535 -0.089720 0.6181 0.6181 0.6181
v 0.346176 0.617753 -0.089556 0.6181 0.6181 0.6181
v 0.345314 0.623409 -0.086177 0.6181 0.6181 0.6181
v 0.362764 0.619868 -0.138102 0.6181 0.6181 0.6181
v 0.352334 0.620670 -0.134909 0.6181 0.6181 0.6181
v 0.357557 0.624750 -0.146389 0.6181 0.6181 0.6181
v 0.357315 0.618232 -0.136759 0.6181 0.6181 0.6181
v 0.357416 0.619472 -0.140676 0.6181 0.6181 0.6181
v 0.354264 0.622177 -0.141148 0.6181 0.6181 0.6181
v 0.360320 0.620580 -0.143364 0.6181 0.6181 0.6181
v 0.353160 0.632161 -0.138102 0.6181 0.6181 0.6181
v 0.356638 0.625927 -0.146389 0.6181 0.6181 0.6181
v 0.351415 0.621846 -0.134909 0.6181 0.6181 0.6181
v 0.353260 0.629617 -0.143364 0.6181 0.6181 0.6181
v 0.351482 0.627067 -0.140676 0.6181 0.6181 0.6181
v 0.353344 0.623354 -0.141148 0.6181 0.6181 0.6181
v 0.350254 0.627269 -0.136759 0.6181 0.6181 0.6181
v 0.391873 0.642610 -0.169098 0.6181 0.6181 0.6181
v 0.381249 0.643261 -0.171617 0.6181 0.6181 0.6181
v 0.391065 0.650930 -0.176151 0.8365 0.8365 0.8365
v 0.386721 0.641206 -0.171476 0.6181 0.6181 0.6181
v 0.388650 0.643875 -0.173935 0.6181 0.6181 0.6181
v 0.385888 0.646885 -0.174823 0.6181 0.6181 0.6181
v 0.392368 0.645619 -0.174085 0.6181 0.6181 0.6181
v 0.382268 0.654903 -0.169098 0.6181 0.6181 0.6181
v 0.390146 0.652107 -0.176151 0.8216 0.8216 0.8216
v 0.380330 0.644437 -0.171617 0.6181 0.6181 0.6181
v 0.385308 0.654656 -0.174085 0.6181 0.6181 0.6181
v 0.382716 0.651470 -0.173935 0.6181 0.6181 0.6181
v 0.384969 0.648062 -0.174823 0.6181 0.6181 0.6181
v 0.379660 0.650243 -0.171476 0.6181 0.6181 0.6181
v 0.429871 0.672297 -0.169098 0.7721 0.7721 0.7721
v 0.421993 0.675094 -0.176151 0.9378 0.9378 0.9378
v 0.431809 0.682763 -0.171617 0.9488 0.9488 0.9488
v 0.426832 0.672544 -0.174085 0.8777 0.8777 0.8777
v 0.429423 0.675731 -0.173935 0.9148 0.9148 0.9148
v 0.427171 0.679139 -0.174823 0.9378 0.9378 0.9378
v 0.432480 0.676957 -0.171476 0.8905 0.8905 0.8905
v 0.420267 0.684590 -0.169098 0.9029 0.9029 0.9029
v 0.430890 0.683939 -0.171617 0.9488 0.9488 0.9488
v 0.421074 0.676270 -0.176151 0.9148 0.9148 0.9148
v 0.425419 0.685994 -0.171476 0.9378 0.9378 0.9378
v 0.423490 0.683325 -0.173935 0.9378 0.9378 0.9378
v 0.426251 0.680315 -0.174823 0.9378 0.9378 0.9378
v 0.419771 0.681581 -0.174085 0.9029 0.9029 0.9029
v 0.458980 0.695039 -0.138102 0.6181 0.6181 0.6181
v 0.455502 0.701273 -0.146389 0.9488 0.9488 0.9488
v 0.460725 0.705354 -0.134909 0.7336 0.7336 0.7336
v 0.458880 0.697583 -0.143364 0.6181 0.6181 0.6181
v 0.460657 0.700133 -0.140676 0.6181 0.6181 0.6181
v 0.458795 0.703846 -0.141148 0.9488 0.9488 0.9488
v 0.461885 0.699931 -0.136759 0.6181 0.6181 0.6181
v 0.449375 0.707332 -0.138102 0.9148 0.9148 0.9148
v 0.459805 0.706530 -0.134909 0.9595 0.9595 0.9595
v 0.454582 0.702450 -0.146389 0.9488 0.9488 0.9488
v 0.454825 0.708968 -0.136759 0.9595 0.9595 0.9595
v 0.454724 0.707728 -0.140676 0.9595 0.9595 0.9595
v 0.457876 0.705023 -0.141148 0.9595 0.9595 0.9595
v 0.451819 0.706620 -0.143364 0.9595 0.9595 0.9595
v 0.465578 0.700195 -0.090614 0.8777 0.8777 0.8777
v 0.466095 0.709550 -0.096257 0.9595 0.9595 0.9595
v 0.464281 0.708133 -0.083202 0.9148 0.9148 0.9148
v 0.467870 0.704607 -0.093689 0.9148 0.9148 0.9148
v 0.467738 0.705665 -0.089720 0.9029 0.9029 0.9029
v 0.465964 0.709447 -0.089556 0.9595 0.9595 0.9595
v 0.466826 0.703791 -0.086177 0.9148 0.9148 0.9148
v 0.455974 0.712488 -0.090614 0.9378 0.9378 0.9378
v 0.463362 0.709309 -0.083202 0.9595 0.9595 0.9595
v 0.465176 0.710726 -0.096257 0.9700 0.9700 0.9700
v 0.459765 0.712828 -0.086178 0.9595 0.9595 0.9595
v 0.461804 0.713260 -0.089720 0.9700 0.9700 0.9700
v 0.465044 0.710624 -0.089556 0.9802 0.9802 0.9802
v 0.460809 0.713644 -0.093689 0.9700 0.9700 0.9700
v 0.446579 0.685351 -0.048854 0.8777 0.8777 0.8777
v 0.448817 0.696051 -0.049212 0.9029 0.9029 0.9029
v 0.440815 0.689799 -0.040691 0.9148 0.9148 0.9148
v 0.449594 0.690329 -0.048302 0.9029 0.9029 0.9029
v 0.447351 0.689737 -0.044910 0.8905 0.8905 0.8905
v 0.445322 0.693320 -0.044186 0.9265 0.9265 0.9265
v 0.444990 0.686731 -0.043400 0.8905 0.8905 0.8905
v 0.436974 0.697644 -0.048854 0.9265 0.9265 0.9265
v 0.439896 0.690975 -0.040691 0.9148 0.9148 0.9148
v 0.447898 0.697227 -0.049212 0.9378 0.9378 0.9378
v 0.437930 0.695768 -0.043400 0.9378 0.9378 0.9378
v 0.441417 0.697332 -0.044910 0.9378 0.9378 0.9378
v 0.444403 0.694497 -0.044186 0.9265 0.9265 0.9265
v 0.442534 0.699365 -0.048302 0.9595 0.9595 0.9595
v 0.495478 0.653588 -0.080121 0.9148 0.9148 0.9148
v 0.495030 0.662620 -0.078513 0.8777 0.8777 0.8777
v 0.487620 0.652391 -0.075519 0.8508 0.8508 0.8508
v 0.497489 0.658353 -0.078767 0.8905 0.8905 0.8905
v 0.494796 0.655244 -0.076152 0.9029 0.9029 0.9029
v 0.491932 0.657506 -0.075513 0.8777 0.8777 0.8777
v 0.492249 0.651119 -0.076650 0.8905 0.8905 0.8905
v 0.418132 0.704812 -0.096542 0.6591 0.6591 0.6591
v 0.422103 0.695780 -0.089429 0.6181 0.6181 0.6181
v 0.429513 0.706009 -0.092423 0.8777 0.8777 0.8777
v 0.419229 0.700823 -0.091820 0.6181 0.6181 0.6181
v 0.422445 0.703225 -0.091288 0.7721 0.7721 0.7721
v 0.425794 0.701225 -0.089832 0.8365 0.8365 0.8365
v 0.423345 0.706505 -0.093483 0.8645 0.8645 0.8645
v 0.463426 0.619968 -0.089332 0.8216 0.8216 0.8216
v 0.462707 0.626258 -0.082678 0.7895 0.7895 0.7895
v 0.454285 0.619880 -0.090222 0.6181 0.6181 0.6181
v 0.464615 0.622132 -0.084591 0.8365 0.8365 0.8365
v 0.460733 0.619513 -0.085941 0.7721 0.7721 0.7721
v 0.458151 0.622071 -0.085220 0.6181 0.6181 0.6181
v 0.458659 0.617622 -0.089925 0.7118 0.7118 0.7118
v 0.412040 0.698422 -0.098293 0.6181 0.6181 0.6181
v 0.410758 0.686336 -0.097813 0.6181 0.6181 0.6181
v 0.419180 0.692714 -0.090269 0.6181 0.6181 0.6181
v 0.410044 0.692553 -0.097306 0.6181 0.6181 0.6181
v 0.412543 0.692838 -0.094134 0.6181 0.6181 0.6181
v 0.414362 0.689233 -0.093117 0.6181 0.6181 0.6181
v 0.414722 0.696095 -0.093116 0.6181 0.6181 0.6181
v 0.440116 0.611664 -0.129707 0.8060 0.8060 0.8060
v 0.436167 0.613426 -0.121604 0.6181 0.6181 0.6181
v 0.433075 0.615703 -0.134005 0.6181 0.6181 0.6181
v 0.438562 0.610463 -0.124736 0.6181 0.6181 0.6181
v 0.435960 0.610688 -0.128850 0.6181 0.6181 0.6181
v 0.433583 0.613319 -0.127775 0.6181 0.6181 0.6181
v 0.436376 0.612073 -0.133505 0.6181 0.6181 0.6181
v 0.407610 0.696844 -0.105966 0.6181 0.6181 0.6181
v 0.405540 0.687855 -0.113895 0.6181 0.6181 0.6181
v 0.408633 0.685579 -0.101494 0.6181 0.6181 0.6181
v 0.405048 0.692649 -0.109872 0.6181 0.6181 0.6181
v 0.405342 0.690273 -0.106607 0.6181 0.6181 0.6181
v 0.406048 0.686272 -0.107518 0.6181 0.6181 0.6181
v 0.406766 0.691385 -0.102983 0.6181 0.6181 0.6181
v 0.443101 0.634930 -0.170845 0.8777 0.8777 0.8777
v 0.435395 0.633787 -0.165980 0.8508 0.8508 0.8508
v 0.439961 0.643003 -0.173899 0.8777 0.8777 0.8777
v 0.438949 0.632132 -0.168972 0.8508 0.8508 0.8508
v 0.439132 0.635415 -0.172569 0.8645 0.8645 0.8645
v 0.436729 0.637841 -0.171132 0.8645 0.8645 0.8645
v 0.442178 0.638649 -0.174572 0.8777 0.8777 0.8777
v 0.408177 0.701266 -0.113785 0.6181 0.6181 0.6181
v 0.410379 0.699193 -0.125566 0.6181 0.6181 0.6181
v 0.405813 0.689977 -0.117646 0.6181 0.6181 0.6181
v 0.408004 0.701041 -0.120056 0.6181 0.6181 0.6181
v 0.406264 0.697461 -0.119315 0.6181 0.6181 0.6181
v 0.407113 0.694570 -0.122190 0.6181 0.6181 0.6181
v 0.405468 0.695921 -0.115656 0.6181 0.6181 0.6181
v 0.470132 0.672247 -0.181766 0.9265 0.9265 0.9265
v 0.460972 0.672008 -0.182388 0.8777 0.8777 0.8777
v 0.469758 0.681224 -0.179863 0.9378 0.9378 0.9378
v 0.465484 0.670822 -0.183988 0.9265 0.9265 0.9265
v 0.467860 0.675073 -0.184176 0.9488 0.9488 0.9488
v 0.465220 0.677170 -0.182643 0.9148 0.9148 0.9148
v 0.471697 0.677339 -0.182203 0.9488 0.9488 0.9488
v 0.413315 0.708358 -0.115860 0.8645 0.8645 0.8645
v 0.421630 0.711812 -0.124037 0.9148 0.9148 0.9148
v 0.412844 0.702596 -0.126562 0.8905 0.8905 0.8905
v 0.416686 0.711408 -0.120189 0.9029 0.9029 0.9029
v 0.414615 0.708989 -0.122689 0.9029 0.9029 0.9029
v 0.416754 0.707880 -0.126085 0.9029 0.9029 0.9029
v 0.411806 0.706288 -0.121592 0.8905 0.8905 0.8905
v 0.500856 0.695513 -0.154248 0.9902 0.9902 0.9902
v 0.493638 0.699308 -0.158474 0.9488 0.9488 0.9488
v 0.500028 0.701585 -0.147406 0.9700 0.9700 0.9700
v 0.498186 0.697399 -0.158477 0.9902 0.9902 0.9902
v 0.500512 0.699800 -0.154931 0.9902 0.9902 0.9902
v 0.497601 0.701692 -0.153639 0.9700 0.9700 0.9700
v 0.502704 0.699008 -0.150651 0.9902 0.9902 0.9902
v 0.419154 0.712779 -0.110630 0.8905 0.8905 0.8905
v 0.430822 0.716210 -0.110459 0.9595 0.9595 0.9595
v 0.424432 0.713934 -0.121528 0.9378 0.9378 0.9378
v 0.424556 0.715944 -0.110171 0.9488 0.9488 0.9488
v 0.424106 0.716176 -0.114188 0.9378 0.9378 0.9378
v 0.427712 0.716178 -0.116270 0.9488 0.9488 0.9488
v 0.421007 0.714679 -0.116320 0.9029 0.9029 0.9029
v 0.512136 0.687209 -0.109012 0.9700 0.9700 0.9700
v 0.508796 0.695131 -0.112246 0.9700 0.9700 0.9700
v 0.507977 0.688752 -0.100969 0.9148 0.9148 0.9148
v 0.512429 0.691849 -0.111649 0.9802 0.9802 0.9802
v 0.512499 0.690975 -0.106856 0.9488 0.9488 0.9488
v 0.509489 0.692940 -0.105962 0.9488 0.9488 0.9488
v 0.511850 0.687339 -0.103675 0.9378 0.9378 0.9378
v 0.421297 0.711201 -0.102033 0.8905 0.8905 0.8905
v 0.431032 0.709075 -0.095058 0.9029 0.9029 0.9029
v 0.431850 0.715453 -0.106335 0.9595 0.9595 0.9595
v 0.425688 0.711233 -0.097546 0.9148 0.9148 0.9148
v 0.427591 0.713611 -0.100214 0.9378 0.9378 0.9378
v 0.431736 0.713216 -0.100136 0.9378 0.9378 0.9378
v 0.426142 0.714776 -0.103810 0.9488 0.9488 0.9488
v -0.259722 0.582494 0.356648 0.8905 0.8905 0.8905
v -0.252116 0.587588 0.350661 0.9378 0.9378 0.9378
v -0.265224 0.587588 0.348685 0.9378 0.9378 0.9378
v -0.255643 0.586413 0.355174 0.9148 0.9148 0.9148
v -0.259277 0.587642 0.353700 0.9488 0.9488 0.9488
v -0.258670 0.588587 0.349673 0.9595 0.9595 0.9595
v -0.263185 0.586413 0.354037 0.9265 0.9265 0.9265
v -0.170278 0.582494 -0.236648 0.8905 0.8905 0.8905
v -0.177884 0.587588 -0.230661 0.9265 0.9265 0.9265
v -0.164776 0.587588 -0.228685 0.9265 0.9265 0.9265
v -0.174357 0.586413 -0.235174 0.9265 0.9265 0.9265
v -0.170723 0.587642 -0.233700 0.9265 0.9265 0.9265
v -0.171330 0.588587 -0.229673 0.9378 0.9378 0.9378
v -0.166815 0.586413 -0.234037 0.9029 0.9029 0.9029
v -0.302621 0.566703 0.350180 0.8508 0.8508 0.8508
v -0.299787 0.574866 0.343475 0.9265 0.9265 0.9265
v -0.309828 0.566345 0.341961 0.8645 0.8645 0.8645
v -0.301916 0.572157 0.348198 0.8645 0.8645 0.8645
v -0.305449 0.570647 0.346739 0.9029 0.9029 0.9029
v -0.305443 0.571371 0.342622 0.8777 0.8777 0.8777
v -0.307693 0.567255 0.347327 0.8508 0.8508 0.8508
v -0.213178 0.566703 -0.243115 0.8777 0.8777 0.8777
v -0.222487 0.566345 -0.237386 0.9029 0.9029 0.9029
v -0.212446 0.574866 -0.235872 0.9265 0.9265 0.9265
v -0.218866 0.567254 -0.241884 0.9029 0.9029 0.9029
v -0.216894 0.570647 -0.240661 0.9029 0.9029 0.9029
v -0.218102 0.571371 -0.236725 0.9029 0.9029 0.9029
v -0.213088 0.572157 -0.241013 0.9029 0.9029 0.9029
v -0.325448 0.526720 0.346739 0.6591 0.6591 0.6591
v -0.328218 0.534132 0.339188 0.7536 0.7536 0.7536
v -0.330494 0.521077 0.338845 0.6181 0.6181 0.6181
v -0.328302 0.531157 0.344220 0.6875 0.6875 0.6875
v -0.330016 0.527614 0.343036 0.6591 0.6591 0.6591
v -0.330329 0.527778 0.338870 0.7118 0.7118 0.7118
v -0.329611 0.523645 0.344022 0.6181 0.6181 0.6181
v -0.236004 0.526720 -0.246556 0.8060 0.8060 0.8060
v -0.243154 0.521077 -0.240501 0.8216 0.8216 0.8216
v -0.240878 0.534132 -0.240158 0.8645 0.8645 0.8645
v -0.240784 0.523645 -0.245188 0.8365 0.8365 0.8365
v -0.241461 0.527614 -0.244364 0.8365 0.8365 0.8365
v -0.242989 0.527778 -0.240476 0.8216 0.8216 0.8216
v -0.239474 0.531156 -0.244990 0.8645 0.8645 0.8645
v -0.317520 0.481253 0.347934 0.6181 0.6181 0.6181
v -0.324108 0.484446 0.339808 0.6181 0.6181 0.6181
v -0.317554 0.472966 0.340796 0.6181 0.6181 0.6181
v -0.322454 0.482596 0.345101 0.6181 0.6181 0.6181
v -0.321484 0.478679 0.344322 0.6181 0.6181 0.6181
v -0.321686 0.478207 0.340173 0.6181 0.6181 0.6181
v -0.318683 0.475991 0.345670 0.6181 0.6181 0.6181
v -0.228077 0.481253 -0.245361 0.7536 0.7536 0.7536
v -0.230213 0.472966 -0.238550 0.7118 0.7118 0.7118
v -0.236767 0.484446 -0.239538 0.7721 0.7721 0.7721
v -0.229855 0.475991 -0.243540 0.7118 0.7118 0.7118
v -0.232929 0.478679 -0.243078 0.7536 0.7536 0.7536
v -0.234346 0.478207 -0.239173 0.7118 0.7118 0.7118
v -0.233626 0.482596 -0.244109 0.7536 0.7536 0.7536
v -0.282548 0.451576 0.353207 0.6181 0.6181 0.6181
v -0.289378 0.449057 0.345044 0.6181 0.6181 0.6181
v -0.277061 0.444523 0.346901 0.6181 0.6181 0.6181
v -0.287109 0.449198 0.350430 0.6181 0.6181 0.6181
v -0.283845 0.446739 0.349996 0.6181 0.6181 0.6181
v -0.283557 0.445851 0.345921 0.6181 0.6181 0.6181
v -0.280022 0.446589 0.351498 0.6181 0.6181 0.6181
v -0.193105 0.451576 -0.240089 0.7336 0.7336 0.7336
v -0.189720 0.444523 -0.232446 0.7118 0.7118 0.7118
v -0.202037 0.449057 -0.234303 0.7336 0.7336 0.7336
v -0.191195 0.446589 -0.237712 0.6875 0.6875 0.6875
v -0.195290 0.446739 -0.237404 0.6875 0.6875 0.6875
v -0.196217 0.445851 -0.233425 0.7118 0.7118 0.7118
v -0.198282 0.449198 -0.238780 0.6875 0.6875 0.6875
v -0.236895 0.451576 0.360089 0.6591 0.6591 0.6591
v -0.240280 0.444523 0.352446 0.6591 0.6591 0.6591
v -0.227963 0.449057 0.354303 0.6875 0.6875 0.6875
v -0.238806 0.446589 0.357712 0.6591 0.6591 0.6591
v -0.234710 0.446739 0.357404 0.6591 0.6591 0.6591
v -0.233783 0.445851 0.353425 0.6875 0.6875 0.6875
v -0.231718 0.449198 0.358780 0.6875 0.6875 0.6875
v -0.147452 0.451576 -0.233207 0.7536 0.7536 0.7536
v -0.140622 0.449057 -0.225044 0.7336 0.7336 0.7336
v -0.152939 0.444523 -0.226901 0.6875 0.6875 0.6875
v -0.142891 0.449198 -0.230430 0.7721 0.7721 0.7721
v -0.146155 0.446739 -0.229996 0.7118 0.7118 0.7118
v -0.146443 0.445851 -0.225921 0.7118 0.7118 0.7118
v -0.149978 0.446589 -0.231498 0.7118 0.7118 0.7118
v -0.201923 0.481253 0.365361 0.6181 0.6181 0.6181
v -0.199787 0.472966 0.358550 0.6875 0.6875 0.6875
v -0.193233 0.484446 0.359538 0.6591 0.6591 0.6591
v -0.200145 0.475991 0.363540 0.6181 0.6181 0.6181
v -0.197071 0.478679 0.363078 0.6181 0.6181 0.6181
v -0.195654 0.478207 0.359173 0.6591 0.6591 0.6591
v -0.196373 0.482596 0.364109 0.6181 0.6181 0.6181
v -0.112480 0.481253 -0.227934 0.8060 0.8060 0.8060
v -0.105892 0.484446 -0.219808 0.7536 0.7536 0.7536
v -0.112446 0.472966 -0.220796 0.7536 0.7536 0.7536
v -0.107546 0.482596 -0.225101 0.7895 0.7895 0.7895
v -0.108516 0.478679 -0.224322 0.7895 0.7895 0.7895
v -0.108314 0.478207 -0.220173 0.7721 0.7721 0.7721
v -0.111317 0.475991 -0.225670 0.7721 0.7721 0.7721
v -0.193996 0.526720 0.366557 0.6181 0.6181 0.6181
v -0.186846 0.521077 0.360501 0.6181 0.6181 0.6181
v -0.189122 0.534132 0.360158 0.6181 0.6181 0.6181
v -0.189216 0.523645 0.365188 0.6181 0.6181 0.6181
v -0.188539 0.527614 0.364365 0.6181 0.6181 0.6181
v -0.187011 0.527778 0.360476 0.6181 0.6181 0.6181
v -0.190526 0.531157 0.364990 0.6181 0.6181 0.6181
v -0.104552 0.526720 -0.226739 0.8508 0.8508 0.8508
v -0.101782 0.534132 -0.219188 0.8508 0.8508 0.8508
v -0.099506 0.521077 -0.218845 0.7721 0.7721 0.7721
v -0.101698 0.531156 -0.224220 0.8645 0.8645 0.8645
v -0.099984 0.527614 -0.223036 0.8365 0.8365 0.8365
v -0.099671 0.527778 -0.218870 0.8216 0.8216 0.8216
v -0.100389 0.523645 -0.224022 0.8060 0.8060 0.8060
v -0.216822 0.566703 0.363115 0.8777 0.8777 0.8777
v -0.207513 0.566345 0.357386 0.8645 0.8645 0.8645
v -0.217554 0.574866 0.355872 0.9265 0.9265 0.9265
v -0.211134 0.567255 0.361884 0.8777 0.8777 0.8777
v -0.213106 0.570647 0.360661 0.8905 0.8905 0.8905
v -0.211898 0.571371 0.356725 0.8777 0.8777 0.8777
v -0.216912 0.572157 0.361013 0.8905 0.8905 0.8905
v -0.127379 0.566703 -0.230180 0.8905 0.8905 0.8905
v -0.130213 0.574866 -0.223475 0.9265 0.9265 0.9265
v -0.120172 0.566345 -0.221961 0.8508 0.8508 0.8508
v -0.128084 0.572157 -0.228198 0.8905 0.8905 0.8905
v -0.124551 0.570647 -0.226739 0.8905 0.8905 0.8905
v -0.124557 0.571371 -0.222622 0.8905 0.8905 0.8905
v -0.122307 0.567254 -0.227327 0.8905 0.8905 0.8905
v -0.414139 0.582494 0.358581 0.8905 0.8905 0.8905
v -0.406857 0.587588 0.352205 0.9700 0.9700 0.9700
v -0.420051 0.587588 0.350918 0.9700 0.9700 0.9700
v -0.410143 0.586413 0.356896 0.9265 0.9265 0.9265
v -0.413850 0.587642 0.355615 0.9595 0.9595 0.9595
v -0.413454 0.588587 0.351561 0.9802 0.9802 0.9802
v -0.417734 0.586413 0.356155 0.9148 0.9148 0.9148
v -0.355861 0.582494 -0.238581 0.8905 0.8905 0.8905
v -0.363143 0.587588 -0.232205 0.9488 0.9488 0.9488
v -0.349949 0.587588 -0.230918 0.9488 0.9488 0.9488
v -0.359857 0.586413 -0.236896 0.9265 0.9265 0.9265
v -0.356150 0.587642 -0.235615 0.9378 0.9378 0.9378
v -0.356546 0.588587 -0.231561 0.9595 0.9595 0.9595
v -0.352266 0.586413 -0.236155 0.9265 0.9265 0.9265
v -0.457318 0.566703 0.354368 0.8645 0.8645 0.8645
v -0.454838 0.574866 0.347523 0.9595 0.9595 0.9595
v -0.464945 0.566345 0.346536 0.8777 0.8777 0.8777
v -0.456717 0.572157 0.352350 0.8905 0.8905 0.8905
v -0.460322 0.570647 0.351079 0.8777 0.8777 0.8777
v -0.460531 0.571371 0.346967 0.9029 0.9029 0.9029
v -0.462533 0.567255 0.351783 0.8508 0.8508 0.8508
v -0.399040 0.566703 -0.242795 0.8645 0.8645 0.8645
v -0.408037 0.566345 -0.236587 0.9029 0.9029 0.9029
v -0.397930 0.574866 -0.235600 0.9265 0.9265 0.9265
v -0.404656 0.567254 -0.241268 0.9029 0.9029 0.9029
v -0.402623 0.570647 -0.240150 0.9029 0.9029 0.9029
v -0.403623 0.571371 -0.236156 0.9029 0.9029 0.9029
v -0.398840 0.572157 -0.240700 0.9029 0.9029 0.9029
v -0.480293 0.526720 0.352125 0.6181 0.6181 0.6181
v -0.483455 0.534132 0.344730 0.7536 0.7536 0.7536
v -0.485746 0.521077 0.344506 0.6875 0.6875 0.6875
v -0.483275 0.531157 0.349759 0.6591 0.6591 0.6591
v -0.485049 0.527614 0.348666 0.6591 0.6591 0.6591
v -0.485580 0.527778 0.344522 0.7336 0.7336 0.7336
v -0.484594 0.523645 0.349630 0.6591 0.6591 0.6591
v -0.422015 0.526720 -0.245038 0.8060 0.8060 0.8060
v -0.428838 0.521077 -0.238617 0.8216 0.8216 0.8216
v -0.426547 0.534132 -0.238393 0.8645 0.8645 0.8645
v -0.426717 0.523645 -0.243421 0.8508 0.8508 0.8508
v -0.427350 0.527614 -0.242563 0.8508 0.8508 0.8508
v -0.428672 0.527778 -0.238600 0.8216 0.8216 0.8216
v -0.425398 0.531157 -0.243292 0.8645 0.8645 0.8645
v -0.472314 0.481253 0.352904 0.6591 0.6591 0.6591
v -0.479318 0.484446 0.345134 0.6591 0.6591 0.6591
v -0.472721 0.472966 0.345777 0.6591 0.6591 0.6591
v -0.477390 0.482596 0.350333 0.6591 0.6591 0.6591
v -0.476462 0.478679 0.349504 0.6591 0.6591 0.6591
v -0.476881 0.478207 0.345371 0.6591 0.6591 0.6591
v -0.473594 0.475991 0.350703 0.6591 0.6591 0.6591
v -0.414036 0.481253 -0.244259 0.7536 0.7536 0.7536
v -0.415813 0.472966 -0.237345 0.7118 0.7118 0.7118
v -0.422410 0.484446 -0.237989 0.7895 0.7895 0.7895
v -0.415717 0.475991 -0.242347 0.7336 0.7336 0.7336
v -0.418762 0.478679 -0.241725 0.7336 0.7336 0.7336
v -0.419973 0.478207 -0.237751 0.7336 0.7336 0.7336
v -0.419513 0.482596 -0.242718 0.7536 0.7536 0.7536
v -0.437114 0.451576 0.356339 0.6591 0.6591 0.6591
v -0.444362 0.449057 0.348545 0.6591 0.6591 0.6591
v -0.431964 0.444523 0.349755 0.6591 0.6591 0.6591
v -0.441815 0.449198 0.353805 0.6591 0.6591 0.6591
v -0.438577 0.446739 0.353201 0.6591 0.6591 0.6591
v -0.438503 0.445851 0.349117 0.6591 0.6591 0.6591
v -0.434681 0.446589 0.354501 0.6591 0.6591 0.6591
v -0.378836 0.451576 -0.240824 0.7336 0.7336 0.7336
v -0.375056 0.444523 -0.233368 0.6875 0.6875 0.6875
v -0.387454 0.449057 -0.234578 0.6875 0.6875 0.6875
v -0.376804 0.446589 -0.238550 0.6875 0.6875 0.6875
v -0.380878 0.446739 -0.238028 0.6875 0.6875 0.6875
v -0.381595 0.445851 -0.234006 0.6875 0.6875 0.6875
v -0.383938 0.449198 -0.239246 0.6875 0.6875 0.6875
v -0.391164 0.451576 0.360824 0.6591 0.6591 0.6591
v -0.394944 0.444523 0.353368 0.6181 0.6181 0.6181
v -0.382546 0.449057 0.354578 0.6181 0.6181 0.6181
v -0.393196 0.446589 0.358550 0.6591 0.6591 0.6591
v -0.389122 0.446739 0.358028 0.6181 0.6181 0.6181
v -0.388405 0.445851 0.354006 0.6181 0.6181 0.6181
v -0.386062 0.449198 0.359246 0.6181 0.6181 0.6181
v -0.332886 0.451576 -0.236339 0.7118 0.7118 0.7118
v -0.325638 0.449057 -0.228545 0.6591 0.6591 0.6591
v -0.338036 0.444523 -0.229755 0.6591 0.6591 0.6591
v -0.328185 0.449198 -0.233805 0.7118 0.7118 0.7118
v -0.331423 0.446739 -0.233201 0.6875 0.6875 0.6875
v -0.331497 0.445851 -0.229117 0.6591 0.6591 0.6591
v -0.335319 0.446589 -0.234501 0.6875 0.6875 0.6875
v -0.355964 0.481253 0.364259 0.6181 0.6181 0.6181
v -0.354187 0.472966 0.357345 0.6181 0.6181 0.6181
v -0.347590 0.484446 0.357989 0.6181 0.6181 0.6181
v -0.354283 0.475991 0.362347 0.6181 0.6181 0.6181
v -0.351238 0.478679 0.361725 0.6181 0.6181 0.6181
v -0.350027 0.478207 0.357751 0.6181 0.6181 0.6181
v -0.350487 0.482596 0.362718 0.6181 0.6181 0.6181
v -0.297686 0.481253 -0.232904 0.7721 0.7721 0.7721
v -0.290682 0.484446 -0.225134 0.6875 0.6875 0.6875
v -0.297279 0.472966 -0.225777 0.6875 0.6875 0.6875
v -0.292610 0.482596 -0.230333 0.7336 0.7336 0.7336
v -0.293538 0.478679 -0.229504 0.7336 0.7336 0.7336
v -0.293119 0.478207 -0.225371 0.6875 0.6875 0.6875
v -0.296406 0.475991 -0.230703 0.7118 0.7118 0.7118
v -0.347985 0.526720 0.365038 0.6181 0.6181 0.6181
v -0.341162 0.521077 0.358617 0.6181 0.6181 0.6181
v -0.343453 0.534132 0.358393 0.6181 0.6181 0.6181
v -0.343283 0.523645 0.363421 0.6181 0.6181 0.6181
v -0.342650 0.527614 0.362563 0.6181 0.6181 0.6181
v -0.341328 0.527778 0.358600 0.6181 0.6181 0.6181
v -0.344602 0.531157 0.363292 0.6181 0.6181 0.6181
v -0.289707 0.526720 -0.232125 0.8060 0.8060 0.8060
v -0.286545 0.534132 -0.224730 0.8216 0.8216 0.8216
v -0.284254 0.521077 -0.224506 0.7536 0.7536 0.7536
v -0.286725 0.531156 -0.229759 0.8216 0.8216 0.8216
v -0.284951 0.527614 -0.228666 0.7895 0.7895 0.7895
v -0.284420 0.527778 -0.224522 0.7895 0.7895 0.7895
v -0.285406 0.523645 -0.229630 0.7721 0.7721 0.7721
v -0.370960 0.566703 0.362795 0.8905 0.8905 0.8905
v -0.361963 0.566345 0.356587 0.8777 0.8777 0.8777
v -0.372070 0.574866 0.355600 0.9595 0.9595 0.9595
v -0.365344 0.567255 0.361268 0.8777 0.8777 0.8777
v -0.367377 0.570647 0.360150 0.8905 0.8905 0.8905
v -0.366377 0.571371 0.356156 0.9148 0.9148 0.9148
v -0.371159 0.572157 0.360700 0.9148 0.9148 0.9148
v -0.312682 0.566703 -0.234368 0.8777 0.8777 0.8777
v -0.315161 0.574866 -0.227523 0.9488 0.9488 0.9488
v -0.305055 0.566345 -0.226536 0.8645 0.8645 0.8645
v -0.313282 0.572157 -0.232350 0.8777 0.8777 0.8777
v -0.309678 0.570647 -0.231079 0.8905 0.8905 0.8905
v -0.309469 0.571371 -0.226967 0.9029 0.9029 0.9029
v -0.307467 0.567254 -0.231783 0.8777 0.8777 0.8777
v 0.152233 0.512767 0.089066 0.6875 0.6875 0.6875
v 0.150694 0.518279 0.080896 0.7118 0.7118 0.7118
v 0.157857 0.520825 0.087354 0.8365 0.8365 0.8365
v 0.151685 0.513840 0.083804 0.6875 0.6875 0.6875
v 0.155546 0.515610 0.084270 0.7118 0.7118 0.7118
v 0.155661 0.519538 0.082593 0.7721 0.7721 0.7721
v 0.156750 0.515640 0.088370 0.7895 0.7895 0.7895
v 0.135559 0.597420 0.066478 0.8365 0.8365 0.8365
v 0.134491 0.605547 0.072163 0.6181 0.6181 0.6181
v 0.142723 0.599967 0.072936 0.9265 0.9265 0.9265
v 0.134706 0.602625 0.067628 0.8508 0.8508 0.8508
v 0.138906 0.602625 0.068417 0.8905 0.8905 0.8905
v 0.139772 0.604426 0.072195 0.9148 0.9148 0.9148
v 0.140527 0.598679 0.068175 0.8905 0.8905 0.8905
v 0.155736 0.532196 0.192033 0.7721 0.7721 0.7721
v 0.161360 0.540254 0.190321 0.8365 0.8365 0.8365
v 0.154668 0.540322 0.197718 0.8216 0.8216 0.8216
v 0.160253 0.535069 0.191337 0.8060 0.8060 0.8060
v 0.159321 0.536548 0.195236 0.8060 0.8060 0.8060
v 0.159498 0.540816 0.195357 0.8365 0.8365 0.8365
v 0.155521 0.535117 0.196567 0.7895 0.7895 0.7895
v 0.137994 0.624976 0.175130 0.9595 0.9595 0.9595
v 0.139534 0.619463 0.183300 0.9029 0.9029 0.9029
v 0.146226 0.619396 0.175903 0.9378 0.9378 0.9378
v 0.138543 0.623903 0.180392 0.9265 0.9265 0.9265
v 0.142681 0.623564 0.179383 0.9378 0.9378 0.9378
v 0.144363 0.619957 0.180939 0.9029 0.9029 0.9029
v 0.143275 0.623855 0.175162 0.9488 0.9488 0.9488
v -0.081329 0.470986 0.104896 0.6591 0.6591 0.6591
v -0.089561 0.476566 0.104123 0.6181 0.6181 0.6181
v -0.082869 0.476498 0.096726 0.6181 0.6181 0.6181
v -0.086610 0.472107 0.104864 0.6591 0.6591 0.6591
v -0.086016 0.472398 0.100642 0.6181 0.6181 0.6181
v -0.087699 0.476005 0.099087 0.6181 0.6181 0.6181
v -0.081878 0.472059 0.099634 0.6181 0.6181 0.6181
v -0.099072 0.563766 0.087993 0.6181 0.6181 0.6181
v -0.098003 0.555640 0.082308 0.6181 0.6181 0.6181
v -0.104695 0.555707 0.089705 0.6181 0.6181 0.6181
v -0.098856 0.560844 0.083458 0.6181 0.6181 0.6181
v -0.102656 0.559414 0.084789 0.6181 0.6181 0.6181
v -0.102833 0.555146 0.084669 0.6181 0.6181 0.6181
v -0.103588 0.560892 0.088689 0.6181 0.6181 0.6181
v -0.077826 0.490415 0.207863 0.6591 0.6591 0.6591
v -0.078895 0.498542 0.213548 0.7336 0.7336 0.7336
v -0.086058 0.495995 0.207090 0.7118 0.7118 0.7118
v -0.078041 0.493337 0.212397 0.6591 0.6591 0.6591
v -0.082241 0.493336 0.211608 0.7118 0.7118 0.7118
v -0.083862 0.497282 0.211851 0.7118 0.7118 0.7118
v -0.083107 0.491536 0.207831 0.6875 0.6875 0.6875
v -0.095569 0.583195 0.190960 0.8060 0.8060 0.8060
v -0.101192 0.575136 0.192672 0.7118 0.7118 0.7118
v -0.094029 0.577683 0.199129 0.8060 0.8060 0.8060
v -0.100085 0.580321 0.191656 0.7336 0.7336 0.7336
v -0.098881 0.580352 0.195755 0.8060 0.8060 0.8060
v -0.098997 0.576424 0.197432 0.7895 0.7895 0.7895
v -0.095020 0.582122 0.196222 0.8216 0.8216 0.8216
v -0.328590 0.494273 0.107888 0.6181 0.6181 0.6181
v -0.334357 0.502037 0.110328 0.6181 0.6181 0.6181
v -0.332993 0.499657 0.100738 0.6181 0.6181 0.6181
v -0.332608 0.496930 0.110325 0.6181 0.6181 0.6181
v -0.334355 0.496857 0.106426 0.6181 0.6181 0.6181
v -0.335721 0.500737 0.105269 0.6181 0.6181 0.6181
v -0.331643 0.495247 0.103544 0.6181 0.6181 0.6181
v -0.336871 0.620061 0.080682 0.8777 0.8777 0.8777
v -0.331395 0.625976 0.074806 0.9488 0.9488 0.9488
v -0.335506 0.617681 0.071092 0.9148 0.9148 0.9148
v -0.335327 0.624626 0.078249 0.9265 0.9265 0.9265
v -0.337037 0.622779 0.074797 0.9265 0.9265 0.9265
v -0.334363 0.622943 0.071468 0.9265 0.9265 0.9265
v -0.338235 0.618761 0.075623 0.8905 0.8905 0.8905
v -0.164419 0.467268 -0.013540 0.6181 0.6181 0.6181
v -0.168822 0.472652 -0.020690 0.6181 0.6181 0.6181
v -0.158943 0.473183 -0.019416 0.6181 0.6181 0.6181
v -0.167472 0.468242 -0.017884 0.6181 0.6181 0.6181
v -0.163693 0.468785 -0.019803 0.6181 0.6181 0.6181
v -0.163600 0.472425 -0.022039 0.6181 0.6181 0.6181
v -0.160486 0.468617 -0.016983 0.6181 0.6181 0.6181
v -0.167224 0.598971 -0.046622 0.8905 0.8905 0.8905
v -0.161456 0.591207 -0.049062 0.8216 0.8216 0.8216
v -0.171336 0.590676 -0.050336 0.8645 0.8645 0.8645
v -0.163206 0.596314 -0.049059 0.8508 0.8508 0.8508
v -0.166375 0.594706 -0.051433 0.8508 0.8508 0.8508
v -0.166113 0.590448 -0.051685 0.8365 0.8365 0.8365
v -0.170192 0.595939 -0.049960 0.9029 0.9029 0.9029
v -0.204018 0.536852 0.266840 0.6181 0.6181 0.6181
v -0.199907 0.545147 0.270554 0.6181 0.6181 0.6181
v -0.209786 0.544617 0.269280 0.6181 0.6181 0.6181
v -0.201050 0.539885 0.270178 0.6181 0.6181 0.6181
v -0.204868 0.541117 0.271651 0.6181 0.6181 0.6181
v -0.205129 0.545375 0.271903 0.6181 0.6181 0.6181
v -0.208036 0.539510 0.269277 0.6181 0.6181 0.6181
v -0.206823 0.668555 0.233758 0.9700 0.9700 0.9700
v -0.212299 0.662641 0.239634 0.9265 0.9265 0.9265
v -0.202420 0.663171 0.240908 0.9488 0.9488 0.9488
v -0.210756 0.667206 0.237201 0.9700 0.9700 0.9700
v -0.207549 0.667039 0.240021 0.9700 0.9700 0.9700
v -0.207642 0.663399 0.242257 0.9488 0.9488 0.9488
v -0.203770 0.667581 0.238102 0.9595 0.9595 0.9595
v -0.039847 0.509848 0.145412 0.6181 0.6181 0.6181
v -0.034371 0.515762 0.139536 0.6181 0.6181 0.6181
v -0.035736 0.518142 0.149126 0.6181 0.6181 0.6181
v -0.035915 0.511197 0.141968 0.6181 0.6181 0.6181
v -0.034205 0.513045 0.145421 0.6181 0.6181 0.6181
v -0.033007 0.517062 0.144595 0.6181 0.6181 0.6181
v -0.036880 0.512880 0.148750 0.6181 0.6181 0.6181
v -0.042652 0.641551 0.112330 0.8508 0.8508 0.8508
v -0.038249 0.636166 0.119480 0.8508 0.8508 0.8508
v -0.036885 0.633786 0.109890 0.7895 0.7895 0.7895
v -0.039599 0.640576 0.116674 0.8905 0.8905 0.8905
v -0.036887 0.638966 0.113792 0.8216 0.8216 0.8216
v -0.035521 0.635086 0.114949 0.8060 0.8060 0.8060
v -0.038634 0.638894 0.109893 0.7895 0.7895 0.7895
v 0.096292 0.486186 0.087492 0.6591 0.6591 0.6591
v 0.091557 0.493455 0.082569 0.6181 0.6181 0.6181
v 0.101361 0.492131 0.081291 0.6875 0.6875 0.6875
v 0.092588 0.488438 0.084275 0.6181 0.6181 0.6181
v 0.095856 0.488711 0.081535 0.6591 0.6591 0.6591
v 0.096173 0.492642 0.079889 0.6591 0.6591 0.6591
v 0.099520 0.487502 0.083371 0.6591 0.6591 0.6591
v 0.105037 0.602877 0.072576 0.6181 0.6181 0.6181
v 0.111490 0.609551 0.076226 0.6181 0.6181 0.6181
v 0.114841 0.601552 0.071298 0.6181 0.6181 0.6181
v 0.107283 0.607719 0.073381 0.6181 0.6181 0.6181
v 0.110328 0.606183 0.070807 0.6181 0.6181 0.6181
v 0.114215 0.606783 0.072477 0.6181 0.6181 0.6181
v 0.109653 0.602063 0.069896 0.6181 0.6181 0.6181
v 0.164898 0.482536 0.140072 0.6591 0.6591 0.6591
v 0.169967 0.488481 0.133870 0.7336 0.7336 0.7336
v 0.171350 0.489210 0.143722 0.7536 0.7536 0.7536
v 0.168127 0.483852 0.135951 0.6591 0.6591 0.6591
v 0.170921 0.484718 0.139065 0.7118 0.7118 0.7118
v 0.172689 0.488571 0.138531 0.7536 0.7536 0.7536
v 0.169104 0.484367 0.142917 0.7118 0.7118 0.7118
v 0.180096 0.605901 0.128806 0.9595 0.9595 0.9595
v 0.184830 0.598631 0.133729 0.8508 0.8508 0.8508
v 0.183447 0.597902 0.123877 0.8905 0.8905 0.8905
v 0.183799 0.603648 0.132023 0.9265 0.9265 0.9265
v 0.185393 0.602189 0.128337 0.9029 0.9029 0.9029
v 0.186169 0.597992 0.128538 0.8905 0.8905 0.8905
v 0.182821 0.603133 0.125057 0.8905 0.8905 0.8905
v -0.037863 0.518906 0.264808 0.6591 0.6591 0.6591
v -0.041214 0.526905 0.269737 0.7118 0.7118 0.7118
v -0.042597 0.526176 0.259885 0.7118 0.7118 0.7118
v -0.040588 0.521675 0.268557 0.7118 0.7118 0.7118
v -0.043160 0.522618 0.265277 0.7118 0.7118 0.7118
v -0.043936 0.526815 0.265075 0.7118 0.7118 0.7118
v -0.041566 0.521159 0.261591 0.6875 0.6875 0.6875
v -0.022665 0.642272 0.253542 0.8905 0.8905 0.8905
v -0.029117 0.635597 0.249892 0.7895 0.7895 0.7895
v -0.027734 0.636327 0.259744 0.8777 0.8777 0.8777
v -0.026872 0.640440 0.250697 0.8060 0.8060 0.8060
v -0.028688 0.640090 0.254549 0.8216 0.8216 0.8216
v -0.030456 0.636236 0.255082 0.8060 0.8060 0.8060
v -0.025894 0.640956 0.257663 0.9029 0.9029 0.9029
v 0.030743 0.515256 0.317388 0.6591 0.6591 0.6591
v 0.037195 0.521931 0.321038 0.7336 0.7336 0.7336
v 0.027392 0.523255 0.322316 0.7336 0.7336 0.7336
v 0.034950 0.517088 0.320233 0.7118 0.7118 0.7118
v 0.031905 0.518624 0.322807 0.6591 0.6591 0.6591
v 0.032580 0.522744 0.323718 0.7895 0.7895 0.7895
v 0.028018 0.518025 0.321137 0.7336 0.7336 0.7336
v 0.045941 0.638622 0.306122 0.9488 0.9488 0.9488
v 0.040872 0.632677 0.312323 0.9148 0.9148 0.9148
v 0.050676 0.631352 0.311045 0.9029 0.9029 0.9029
v 0.042712 0.637306 0.310243 0.9700 0.9700 0.9700
v 0.046377 0.636096 0.312079 0.9700 0.9700 0.9700
v 0.046060 0.632165 0.313725 0.9378 0.9378 0.9378
v 0.049645 0.636369 0.309339 0.9595 0.9595 0.9595
v 0.102117 0.491539 -0.008582 0.6875 0.6875 0.6875
v 0.098653 0.497146 -0.016068 0.7895 0.7895 0.7895
v 0.107761 0.498839 -0.012370 0.8365 0.8365 0.8365
v 0.100021 0.492638 -0.013433 0.7721 0.7721 0.7721
v 0.104000 0.493925 -0.014310 0.7895 0.7895 0.7895
v 0.104012 0.497800 -0.016112 0.8060 0.8060 0.8060
v 0.106461 0.493834 -0.010818 0.7895 0.7895 0.7895
v 0.084034 0.615842 -0.034382 0.6181 0.6181 0.6181
v 0.085794 0.624074 -0.029031 0.6181 0.6181 0.6181
v 0.093142 0.617534 -0.030684 0.6181 0.6181 0.6181
v 0.084196 0.621119 -0.033257 0.6181 0.6181 0.6181
v 0.088397 0.620611 -0.033857 0.6181 0.6181 0.6181
v 0.090637 0.622316 -0.030642 0.6181 0.6181 0.6181
v 0.089393 0.616495 -0.034426 0.6181 0.6181 0.6181
v 0.151345 0.516270 0.112407 0.6875 0.6875 0.6875
v 0.156989 0.523570 0.108618 0.8060 0.8060 0.8060
v 0.153105 0.524502 0.117759 0.6181 0.6181 0.6181
v 0.155689 0.518565 0.110170 0.7536 0.7536 0.7536
v 0.156244 0.520171 0.114091 0.7536 0.7536 0.7536
v 0.156934 0.524386 0.113954 0.7721 0.7721 0.7721
v 0.152943 0.519224 0.116633 0.6181 0.6181 0.6181
v 0.135022 0.648804 0.091958 0.9595 0.9595 0.9595
v 0.138486 0.643197 0.099445 0.8905 0.8905 0.8905
v 0.142370 0.642265 0.090305 0.9148 0.9148 0.9148
v 0.137118 0.647705 0.096810 0.9595 0.9595 0.9595
v 0.140641 0.646857 0.094544 0.9488 0.9488 0.9488
v 0.142314 0.643081 0.095641 0.8777 0.8777 0.8777
v 0.139865 0.647046 0.090347 0.9265 0.9265 0.9265
v 0.012431 0.486288 0.028983 0.6181 0.6181 0.6181
v 0.005083 0.492828 0.030637 0.6181 0.6181 0.6181
v 0.008967 0.491896 0.021496 0.6181 0.6181 0.6181
v 0.007588 0.488046 0.030595 0.6181 0.6181 0.6181
v 0.006813 0.488236 0.026397 0.6181 0.6181 0.6181
v 0.005139 0.492012 0.025300 0.6181 0.6181 0.6181
v 0.010335 0.487387 0.024131 0.6181 0.6181 0.6181
v -0.003892 0.618823 0.008534 0.6181 0.6181 0.6181
v -0.005652 0.610591 0.003182 0.6181 0.6181 0.6181
v -0.009536 0.611523 0.012323 0.6181 0.6181 0.6181
v -0.005489 0.615869 0.004308 0.6181 0.6181 0.6181
v -0.008791 0.614922 0.006850 0.6181 0.6181 0.6181
v -0.009480 0.610707 0.006987 0.6181 0.6181 0.6181
v -0.008236 0.616528 0.010771 0.6181 0.6181 0.6181
v 0.061659 0.511019 0.149972 0.6181 0.6181 0.6181
v 0.063419 0.519251 0.155323 0.6181 0.6181 0.6181
v 0.054311 0.517559 0.151625 0.6181 0.6181 0.6181
v 0.063257 0.513974 0.154198 0.6181 0.6181 0.6181
v 0.059056 0.514482 0.154798 0.6181 0.6181 0.6181
v 0.058060 0.518598 0.155367 0.6181 0.6181 0.6181
v 0.056816 0.512777 0.151583 0.6181 0.6181 0.6181
v 0.045336 0.643554 0.129523 0.8645 0.8645 0.8645
v 0.039692 0.636254 0.133311 0.8060 0.8060 0.8060
v 0.048800 0.637947 0.137010 0.8905 0.8905 0.8905
v 0.040992 0.641259 0.131759 0.8365 0.8365 0.8365
v 0.043453 0.641168 0.135251 0.8777 0.8777 0.8777
v 0.043441 0.637293 0.137053 0.8508 0.8508 0.8508
v 0.047432 0.642455 0.134374 0.9029 0.9029 0.9029
v -1.071077 0.003828 -0.685649 1.0000 1.0000 1.0000
v -1.076562 0.012152 -0.685276 1.0000 1.0000 1.0000
v -1.072588 0.009181 -0.693929 1.0000 1.0000 1.0000
v -1.075378 0.006925 -0.684622 1.0000 1.0000 1.0000
v -1.075862 0.006796 -0.688865 1.0000 1.0000 1.0000
v -1.076446 0.010710 -0.690477 1.0000 1.0000 1.0000
v -1.072567 0.004825 -0.690741 1.0000 1.0000 1.0000
v -1.060251 0.119867 -0.714763 1.0000 1.0000 1.0000
v -1.052727 0.125007 -0.718821 0.9802 0.9802 0.9802
v -1.056277 0.116896 -0.723416 1.0000 1.0000 1.0000
v -1.057625 0.124161 -0.716715 1.0000 1.0000 1.0000
v -1.058375 0.122284 -0.720480 1.0000 1.0000 1.0000
v -1.054815 0.122060 -0.722834 1.0000 1.0000 1.0000
v -1.060135 0.118425 -0.719964 1.0000 1.0000 1.0000
v -0.900078 -0.038011 -0.743897 1.0000 1.0000 1.0000
v -0.901589 -0.032658 -0.752178 1.0000 1.0000 1.0000
v -0.892554 -0.032870 -0.747956 0.9488 0.9488 0.9488
v -0.901569 -0.037014 -0.748989 1.0000 1.0000 1.0000
v -0.897353 -0.036881 -0.749672 0.9902 0.9902 0.9902
v -0.896249 -0.033380 -0.751859 0.9802 0.9802 0.9802
v -0.895180 -0.037164 -0.746004 0.9700 0.9700 0.9700
v -0.881729 0.083168 -0.777070 0.9700 0.9700 0.9700
v -0.876243 0.074845 -0.777442 0.9700 0.9700 0.9700
v -0.885278 0.075057 -0.781665 1.0000 1.0000 1.0000
v -0.877428 0.080071 -0.778097 0.9700 0.9700 0.9700
v -0.879865 0.078608 -0.781287 1.0000 1.0000 1.0000
v -0.879938 0.074336 -0.781346 1.0000 1.0000 1.0000
v -0.883816 0.080221 -0.781082 1.0000 1.0000 1.0000
v -0.997736 0.043802 -0.499057 0.9902 0.9902 0.9902
v -0.994187 0.051913 -0.494462 0.9378 0.9378 0.9378
v -1.003222 0.052125 -0.498684 0.9902 0.9902 0.9902
v -0.995649 0.046749 -0.495044 0.9595 0.9595 0.9595
v -0.999600 0.048362 -0.494840 0.9595 0.9595 0.9595
v -0.999527 0.052634 -0.494781 0.9595 0.9595 0.9595
v -1.002037 0.046899 -0.498030 0.9902 0.9902 0.9902
v -0.979387 0.164981 -0.532230 0.9595 0.9595 0.9595
v -0.986911 0.159841 -0.528171 0.9902 0.9902 0.9902
v -0.977876 0.159628 -0.523949 0.9595 0.9595 0.9595
v -0.984285 0.164134 -0.530123 0.9700 0.9700 0.9700
v -0.982112 0.163851 -0.526455 0.9595 0.9595 0.9595
v -0.983217 0.160350 -0.524268 0.9595 0.9595 0.9595
v -0.977896 0.163984 -0.527138 0.9595 0.9595 0.9595
v -0.826738 0.001963 -0.557305 0.9700 0.9700 0.9700
v -0.819214 0.007103 -0.561364 0.9265 0.9265 0.9265
v -0.823188 0.010074 -0.552710 0.9265 0.9265 0.9265
v -0.821840 0.002809 -0.559412 0.9378 0.9378 0.9378
v -0.821091 0.004686 -0.555646 0.9265 0.9265 0.9265
v -0.819330 0.008545 -0.556162 0.9265 0.9265 0.9265
v -0.824650 0.004910 -0.553293 0.9265 0.9265 0.9265
v -0.808388 0.123142 -0.590478 0.9378 0.9378 0.9378
v -0.806877 0.117789 -0.582197 0.9378 0.9378 0.9378
v -0.802903 0.114819 -0.590851 0.9378 0.9378 0.9378
v -0.806898 0.122145 -0.585386 0.9378 0.9378 0.9378
v -0.803603 0.120174 -0.587261 0.9378 0.9378 0.9378
v -0.803019 0.116260 -0.585650 0.9378 0.9378 0.9378
v -0.804087 0.120045 -0.591505 0.9378 0.9378 0.9378
v -0.595311 0.021524 -0.626955 0.9029 0.9029 0.9029
v -0.599091 0.029685 -0.631268 0.6181 0.6181 0.6181
v -0.589750 0.029764 -0.627771 0.6875 0.6875 0.6875
v -0.597664 0.024500 -0.630795 0.6181 0.6181 0.6181
v -0.593718 0.026054 -0.631312 0.6875 0.6875 0.6875
v -0.593732 0.030327 -0.631372 0.6591 0.6591 0.6591
v -0.591059 0.024556 -0.628322 0.7118 0.7118 0.7118
v -0.609999 0.125090 -0.604298 0.9595 0.9595 0.9595
v -0.607762 0.130423 -0.596171 0.9378 0.9378 0.9378
v -0.600658 0.125170 -0.600801 0.9148 0.9148 0.9148
v -0.609664 0.129447 -0.601128 0.9802 0.9802 0.9802
v -0.605517 0.129250 -0.602140 0.9595 0.9595 0.9595
v -0.603058 0.129503 -0.598655 0.9378 0.9378 0.9378
v -0.604640 0.125732 -0.604402 0.9488 0.9488 0.9488
v -0.559599 0.004735 -0.553122 0.9700 0.9700 0.9700
v -0.554038 0.012976 -0.553938 0.8645 0.8645 0.8645
v -0.557361 0.010068 -0.544994 0.9378 0.9378 0.9378
v -0.555347 0.007768 -0.554489 0.9029 0.9029 0.9029
v -0.554532 0.007633 -0.550297 0.9378 0.9378 0.9378
v -0.553765 0.011538 -0.548742 0.9265 0.9265 0.9265
v -0.557697 0.005711 -0.548165 0.9378 0.9378 0.9378
v -0.572050 0.113634 -0.522338 0.9265 0.9265 0.9265
v -0.568270 0.105473 -0.518024 0.9029 0.9029 0.9029
v -0.564946 0.108381 -0.526968 0.9265 0.9265 0.9265
v -0.569697 0.110658 -0.518498 0.9029 0.9029 0.9029
v -0.566331 0.110829 -0.521125 0.9148 0.9148 0.9148
v -0.564673 0.106944 -0.521772 0.9265 0.9265 0.9265
v -0.567346 0.112715 -0.524822 0.9265 0.9265 0.9265
v -0.685638 0.000215 -0.588110 0.9902 0.9902 0.9902
v -0.692742 0.005468 -0.583480 0.9902 0.9902 0.9902
v -0.689418 0.008376 -0.592424 0.9700 0.9700 0.9700
v -0.690341 0.001135 -0.585626 0.9902 0.9902 0.9902
v -0.691357 0.003021 -0.589323 0.9902 0.9902 0.9902
v -0.693015 0.006906 -0.588676 0.9902 0.9902 0.9902
v -0.687991 0.003191 -0.591950 0.9802 0.9802 0.9802
v -0.698089 0.109114 -0.557326 0.9265 0.9265 0.9265
v -0.700326 0.103782 -0.565454 0.9488 0.9488 0.9488
v -0.703650 0.100873 -0.556510 0.9378 0.9378 0.9378
v -0.699991 0.108138 -0.562283 0.9488 0.9488 0.9488
v -0.703156 0.106217 -0.560151 0.9488 0.9488 0.9488
v -0.703923 0.102311 -0.561706 0.9488 0.9488 0.9488
v -0.702341 0.106082 -0.555959 0.9029 0.9029 0.9029
v -0.649926 -0.016573 -0.514277 1.0000 1.0000 1.0000
v -0.647688 -0.011241 -0.506149 0.9378 0.9378 0.9378
v -0.657030 -0.011320 -0.509647 0.9902 0.9902 0.9902
v -0.648024 -0.015597 -0.509320 0.9488 0.9488 0.9488
v -0.652171 -0.015401 -0.508307 0.9700 0.9700 0.9700
v -0.653047 -0.011883 -0.506046 0.9488 0.9488 0.9488
v -0.654630 -0.015653 -0.511793 1.0000 1.0000 1.0000
v -0.662377 0.092326 -0.483493 0.9029 0.9029 0.9029
v -0.667938 0.084085 -0.482677 0.9488 0.9488 0.9488
v -0.658597 0.084164 -0.479180 0.8905 0.8905 0.8905
v -0.666629 0.089293 -0.482126 0.9265 0.9265 0.9265
v -0.663970 0.087795 -0.479135 0.9148 0.9148 0.9148
v -0.663956 0.083522 -0.479076 0.9265 0.9265 0.9265
v -0.660024 0.089349 -0.479653 0.8905 0.8905 0.8905
v -0.575084 -0.011862 -0.755557 1.0000 1.0000 1.0000
v -0.580108 -0.006442 -0.762257 0.6181 0.6181 0.6181
v -0.570164 -0.005813 -0.761779 0.8365 0.8365 0.8365
v -0.578489 -0.010870 -0.759628 0.9902 0.9902 0.9902
v -0.574883 -0.010260 -0.761838 0.9700 0.9700 0.9700
v -0.575010 -0.006593 -0.764027 0.7536 0.7536 0.7536
v -0.571458 -0.010425 -0.759289 0.9802 0.9802 0.9802
v -0.584927 0.086388 -0.784065 0.9802 0.9802 0.9802
v -0.580615 0.094683 -0.780587 0.9802 0.9802 0.9802
v -0.574983 0.087016 -0.783586 0.9902 0.9902 0.9902
v -0.583811 0.091658 -0.783714 0.9902 0.9902 0.9902
v -0.580113 0.090488 -0.785506 1.0000 1.0000 1.0000
v -0.576780 0.092103 -0.783375 0.9802 0.9802 0.9802
v -0.579829 0.086237 -0.785835 1.0000 1.0000 1.0000
v -0.526424 0.003129 -0.702498 0.9595 0.9595 0.9595
v -0.521503 0.009178 -0.708720 0.9700 0.9700 0.9700
v -0.522112 0.011425 -0.699020 0.6181 0.6181 0.6181
v -0.522797 0.004566 -0.706230 0.9700 0.9700 0.9700
v -0.520833 0.006391 -0.702903 0.9265 0.9265 0.9265
v -0.519748 0.010432 -0.703771 0.6181 0.6181 0.6181
v -0.523228 0.006155 -0.699371 0.9265 0.9265 0.9265
v -0.531955 0.109674 -0.727528 0.9488 0.9488 0.9488
v -0.526932 0.104254 -0.720828 0.8508 0.8508 0.8508
v -0.526322 0.102007 -0.730527 0.9700 0.9700 0.9700
v -0.528550 0.108682 -0.723458 0.9148 0.9148 0.9148
v -0.526063 0.107139 -0.726571 0.9148 0.9148 0.9148
v -0.524568 0.103261 -0.725578 0.9148 0.9148 0.9148
v -0.528120 0.107094 -0.730316 0.9595 0.9595 0.9595
v -0.651850 -0.000089 -0.688481 0.9802 0.9802 0.9802
v -0.657482 0.007578 -0.685482 0.9378 0.9378 0.9378
v -0.656873 0.005331 -0.695182 0.9802 0.9802 0.9802
v -0.655685 0.002492 -0.685693 0.9595 0.9595 0.9595
v -0.657741 0.002446 -0.689439 0.9802 0.9802 0.9802
v -0.659237 0.006324 -0.690431 0.9802 0.9802 0.9802
v -0.655254 0.000903 -0.692552 0.9902 0.9902 0.9902
v -0.657381 0.106456 -0.713511 0.9700 0.9700 0.9700
v -0.661692 0.098160 -0.716989 0.9700 0.9700 0.9700
v -0.662302 0.100407 -0.707290 0.8777 0.8777 0.8777
v -0.660577 0.103430 -0.716638 0.9802 0.9802 0.9802
v -0.662972 0.103194 -0.713107 0.9700 0.9700 0.9700
v -0.664056 0.099153 -0.712239 0.9595 0.9595 0.9595
v -0.661008 0.105019 -0.709779 0.9378 0.9378 0.9378
v -0.603189 0.014902 -0.635422 0.9488 0.9488 0.9488
v -0.598878 0.023197 -0.631944 0.6181 0.6181 0.6181
v -0.608822 0.022569 -0.632423 0.8905 0.8905 0.8905
v -0.599993 0.017927 -0.632295 0.8777 0.8777 0.8777
v -0.603692 0.019098 -0.630503 0.8645 0.8645 0.8645
v -0.603976 0.023348 -0.630175 0.6181 0.6181 0.6181
v -0.607025 0.017483 -0.632634 0.9265 0.9265 0.9265
v -0.608721 0.121447 -0.660452 0.9378 0.9378 0.9378
v -0.613641 0.115398 -0.654231 0.8216 0.8216 0.8216
v -0.603697 0.116027 -0.653752 0.8365 0.8365 0.8365
v -0.612347 0.120010 -0.656720 0.8777 0.8777 0.8777
v -0.608922 0.119846 -0.654171 0.8777 0.8777 0.8777
v -0.608795 0.116178 -0.651982 0.8365 0.8365 0.8365
v -0.605316 0.120455 -0.656382 0.9029 0.9029 0.9029
v -0.630486 -0.017262 -0.734382 1.0000 1.0000 1.0000
v -0.637512 -0.011153 -0.730800 0.9700 0.9700 0.9700
v -0.635691 -0.011455 -0.740603 0.9902 0.9902 0.9902
v -0.634916 -0.015808 -0.731661 0.9902 0.9902 0.9902
v -0.636597 -0.015447 -0.735573 0.9902 0.9902 0.9902
v -0.638597 -0.011702 -0.736060 0.9902 0.9902 0.9902
v -0.633629 -0.016022 -0.738593 0.9902 0.9902 0.9902
v -0.652408 0.068238 -0.736016 0.9029 0.9029 0.9029
v -0.647978 0.075965 -0.740507 0.9378 0.9378 0.9378
v -0.650587 0.067935 -0.745819 0.9802 0.9802 0.9802
v -0.651648 0.073367 -0.737520 0.9265 0.9265 0.9265
v -0.652992 0.071932 -0.741314 0.9802 0.9802 0.9802
v -0.650361 0.073153 -0.744452 0.9802 0.9802 0.9802
v -0.653493 0.067689 -0.741276 0.9700 0.9700 0.9700
v -0.568648 -0.008522 -0.777966 0.9902 0.9902 0.9902
v -0.573853 -0.002716 -0.784187 1.0000 1.0000 1.0000
v -0.564219 -0.000795 -0.782458 0.9802 0.9802 0.9802
v -0.571791 -0.007282 -0.782177 1.0000 1.0000 1.0000
v -0.568146 -0.005773 -0.783818 1.0000 1.0000 1.0000
v -0.568659 -0.001818 -0.785353 1.0000 1.0000 1.0000
v -0.564978 -0.005924 -0.780954 0.9902 0.9902 0.9902
v -0.586140 0.084704 -0.784092 0.9700 0.9700 0.9700
v -0.579115 0.078596 -0.787674 0.9700 0.9700 0.9700
v -0.588749 0.076674 -0.789403 1.0000 1.0000 1.0000
v -0.581710 0.083250 -0.786813 0.9700 0.9700 0.9700
v -0.584541 0.081606 -0.789559 1.0000 1.0000 1.0000
v -0.583555 0.077572 -0.790569 1.0000 1.0000 1.0000
v -0.588523 0.081892 -0.788036 0.9902 0.9902 0.9902
v -0.533478 0.010347 -0.591208 0.9700 0.9700 0.9700
v -0.530869 0.018377 -0.585897 0.9148 0.9148 0.9148
v -0.540503 0.016456 -0.587626 0.9265 0.9265 0.9265
v -0.531095 0.013159 -0.587264 0.9378 0.9378 0.9378
v -0.535077 0.013445 -0.585741 0.9148 0.9148 0.9148
v -0.536063 0.017479 -0.584731 0.8905 0.8905 0.8905
v -0.537908 0.011801 -0.588487 0.9378 0.9378 0.9378
v -0.550970 0.103574 -0.597334 0.9029 0.9029 0.9029
v -0.555399 0.095846 -0.592842 0.8060 0.8060 0.8060
v -0.545765 0.097767 -0.591113 0.8905 0.8905 0.8905
v -0.554639 0.100975 -0.594346 0.8508 0.8508 0.8508
v -0.551472 0.100824 -0.591482 0.8645 0.8645 0.8645
v -0.550959 0.096869 -0.589947 0.8365 0.8365 0.8365
v -0.547827 0.102334 -0.593123 0.9029 0.9029 0.9029
v -0.471640 0.019086 -0.634793 0.9595 0.9595 0.9595
v -0.467210 0.026813 -0.639284 0.9595 0.9595 0.9595
v -0.469031 0.027116 -0.629481 0.9378 0.9378 0.9378
v -0.467970 0.021685 -0.637780 0.9700 0.9700 0.9700
v -0.466626 0.023119 -0.633986 0.9378 0.9378 0.9378
v -0.466125 0.027363 -0.634024 0.9378 0.9378 0.9378
v -0.469257 0.021898 -0.630848 0.9378 0.9378 0.9378
v -0.489132 0.112313 -0.640918 0.9378 0.9378 0.9378
v -0.483927 0.106507 -0.634697 0.9265 0.9265 0.9265
v -0.482106 0.106204 -0.644500 0.9595 0.9595 0.9595
v -0.485989 0.111073 -0.636707 0.9265 0.9265 0.9265
v -0.483021 0.110498 -0.639727 0.9265 0.9265 0.9265
v -0.481021 0.106753 -0.639240 0.9265 0.9265 0.9265
v -0.484702 0.110859 -0.643639 0.9488 0.9488 0.9488
vn -0.6178 0.7856 0.0356
vn -0.6178 -0.7856 0.0356
vn -0.2062 0.9784 0.0119
vn -0.2062 -0.9784 0.0119
vn -0.1605 0.9827 -0.0928
vn -0.1605 -0.9827 -0.0928
vn -0.0528 0.9853 -0.1625
vn -0.0528 -0.9853 -0.1625
vn 0.0753 0.9827 -0.1694
vn 0.0753 -0.9827 -0.1694
vn 0.1738 0.9784 -0.1116
vn 0.1738 -0.9784 -0.1116
vn 0.5207 0.7856 -0.3343
vn 0.5207 -0.7856 -0.3343
vn 0.2062 0.9784 -0.0119
vn 0.2062 -0.9784 -0.0119
vn 0.6178 0.7856 -0.0356
vn 0.6178 -0.7856 -0.0356
vn 0.1605 -0.9827 0.0928
vn 0.1605 0.9827 0.0928
vn 0.0528 -0.9853 0.1625
vn 0.0528 0.9853 0.1625
vn -0.0753 -0.9827 0.1694
vn -0.0753 0.9827 0.1694
vn -0.5207 0.7856 0.3343
vn -0.5207 -0.7856 0.3343
vn -0.1738 0.9784 0.1116
vn -0.1738 -0.9784 0.1116
vn -0.2063 0.9785 0.0067
vn -0.2063 -0.9785 0.0067
vn -0.6182 0.7858 0.0200
vn -0.6182 -0.7858 0.0200
vn -0.1634 -0.9809 -0.1053
vn -0.1634 0.9809 -0.1053
vn -0.0576 -0.9824 -0.1774
vn -0.0576 0.9824 -0.1774
vn 0.0703 0.9809 -0.1813
vn 0.0702 -0.9809 -0.1813
vn 0.5119 0.7858 -0.3472
vn 0.5119 -0.7858 -0.3472
vn 0.1708 0.9785 -0.1159
vn 0.1708 -0.9785 -0.1159
vn 0.6182 -0.7858 -0.0200
vn 0.2063 0.9785 -0.0067
vn 0.2063 -0.9785 -0.0067
vn 0.6182 0.7858 -0.0200
vn 0.1634 0.9809 0.1053
vn 0.1634 -0.9809 0.1053
vn 0.0576 0.9824 0.1774
vn 0.0576 -0.9824 0.1774
vn -0.0703 0.9809 0.1813
vn -0.0702 -0.9809 0.1813
vn -0.1708 0.9785 0.1159
vn -0.1708 -0.9785 0.1159
vn -0.5119 0.7858 0.3472
vn -0.5119 -0.7858 0.3472
vn 0.0262 -0.9784 0.2048
vn 0.0786 0.7856 0.6138
vn 0.0786 -0.7856 0.6138
vn 0.0262 0.9784 0.2048
vn -0.0814 0.9827 0.1666
vn -0.0814 -0.9827 0.1666
vn -0.1584 0.9853 0.0640
vn -0.1584 -0.9853 0.0640
vn -0.1742 0.9827 -0.0633
vn -0.1742 -0.9827 -0.0633
vn -0.3698 -0.7856 -0.4961
vn -0.1234 0.9784 -0.1656
vn -0.1234 -0.9784 -0.1656
vn -0.3698 0.7856 -0.4961
vn -0.0786 -0.7856 -0.6138
vn -0.0262 0.9784 -0.2048
vn -0.0262 -0.9784 -0.2048
vn -0.0786 0.7856 -0.6138
vn 0.0814 0.9827 -0.1666
vn 0.0814 -0.9827 -0.1666
vn 0.1584 0.9853 -0.0640
vn 0.1584 -0.9853 -0.0640
vn 0.1742 -0.9827 0.0633
vn 0.1742 0.9827 0.0633
vn 0.1234 -0.9784 0.1656
vn 0.3698 0.7856 0.4961
vn 0.3698 -0.7856 0.4961
vn 0.1234 0.9784 0.1656
vn 0.0210 -0.9785 0.2053
vn 0.0630 0.7858 0.6153
vn 0.0630 -0.7858 0.6153
vn 0.0210 0.9785 0.2053
vn -0.0937 0.9809 0.1703
vn -0.0937 -0.9809 0.1703
vn -0.1730 0.9824 0.0699
vn -0.1730 -0.9824 0.0699
vn -0.1857 0.9809 -0.0574
vn -0.1857 -0.9809 -0.0574
vn -0.3821 -0.7858 -0.4864
vn -0.1275 0.9785 -0.1623
vn -0.1275 -0.9785 -0.1623
vn -0.3821 0.7858 -0.4864
vn -0.0630 -0.7858 -0.6153
vn -0.0210 0.9785 -0.2053
vn -0.0210 -0.9785 -0.2053
vn -0.0630 0.7858 -0.6153
vn 0.0937 0.9809 -0.1703
vn 0.0937 -0.9809 -0.1703
vn 0.1730 0.9824 -0.0699
vn 0.1730 -0.9824 -0.0699
vn 0.1857 -0.9809 0.0574
vn 0.1857 0.9809 0.0574
vn 0.1275 -0.9785 0.1623
vn 0.3821 0.7858 0.4864
vn 0.3821 -0.7858 0.4864
vn 0.1275 0.9785 0.1623
vn 0.0993 -0.8865 -0.4520
vn -0.3556 -0.3672 -0.8595
vn 0.4415 -0.2818 -0.8519
vn -0.2902 0.2818 -0.9145
vn -0.0210 0.8865 -0.4623
vn 0.4965 0.3672 -0.7866
vn 0.4520 -0.8865 0.0993
vn 0.8595 -0.3672 -0.3556
vn 0.8519 -0.2817 0.4415
vn 0.4623 0.8865 -0.0211
vn 0.7866 0.3672 0.4965
vn 0.9145 0.2817 -0.2902
vn -0.4520 -0.8865 -0.0993
vn -0.8595 -0.3672 0.3556
vn -0.8519 -0.2817 -0.4415
vn -0.4623 0.8865 0.0211
vn -0.7866 0.3672 -0.4965
vn -0.9145 0.2817 0.2902
vn -0.0993 -0.8865 0.4520
vn 0.3556 -0.3672 0.8595
vn -0.4415 -0.2818 0.8519
vn 0.0210 0.8865 0.4623
vn -0.4965 0.3672 0.7866
vn 0.2902 0.2818 0.9145
vn -0.4411 -0.8865 0.1400
vn -0.5666 -0.3672 0.7377
vn -0.9585 -0.2817 0.0436
vn -0.6469 0.2817 0.7086
vn -0.3899 0.8865 0.2494
vn -0.9294 0.3672 -0.0367
vn -0.1400 -0.8865 -0.4411
vn -0.7377 -0.3672 -0.5666
vn -0.0436 -0.2818 -0.9585
vn -0.2494 0.8865 -0.3899
vn 0.0367 0.3672 -0.9294
vn -0.7086 0.2818 -0.6469
vn 0.1400 -0.8865 0.4411
vn 0.7377 -0.3672 0.5666
vn 0.0436 -0.2818 0.9585
vn 0.2494 0.8864 0.3899
vn -0.0367 0.3672 0.9294
vn 0.7086 0.2817 0.6469
vn 0.4411 -0.8865 -0.1400
vn 0.5665 -0.3672 -0.7377
vn 0.9585 -0.2817 -0.0436
vn 0.3899 0.8865 -0.2494
vn 0.9294 0.3672 0.0367
vn 0.6469 0.2817 -0.7086
vn 0.3418 -0.8865 0.3120
vn 0.9221 -0.3672 0.1218
vn 0.5170 -0.2817 0.8083
vn 0.9371 0.2817 0.2059
vn 0.4109 0.8865 0.2129
vn 0.4329 0.3672 0.8233
vn -0.3120 -0.8865 0.3418
vn -0.1218 -0.3672 0.9221
vn -0.8083 -0.2817 0.5170
vn -0.2129 0.8865 0.4109
vn -0.8233 0.3672 0.4329
vn -0.2059 0.2817 0.9371
vn 0.3120 -0.8865 -0.3418
vn 0.1218 -0.3672 -0.9221
vn 0.8083 -0.2817 -0.5170
vn 0.2129 0.8864 -0.4109
vn 0.8233 0.3672 -0.4329
vn 0.2059 0.2817 -0.9371
vn -0.3418 -0.8865 -0.3120
vn -0.9221 -0.3672 -0.1218
vn -0.5170 -0.2817 -0.8083
vn -0.4109 0.8864 -0.2129
vn -0.4329 0.3672 -0.8233
vn -0.9371 0.2817 -0.2059
vn 0.3423 -0.8964 -0.2817
vn 0.2714 -0.3749 -0.8865
vn 0.8782 -0.3064 -0.3672
vn 0.3749 0.2714 -0.8865
vn 0.3064 0.8782 -0.3672
vn 0.8964 0.3423 -0.2818
vn 0.2569 -0.8940 0.3672
vn 0.8759 -0.3918 0.2817
vn 0.3592 -0.2919 0.8865
vn 0.3918 0.8759 0.2817
vn 0.2919 0.3592 0.8865
vn 0.8940 0.2569 0.3672
vn -0.3064 -0.8782 -0.3672
vn -0.8964 -0.3423 -0.2817
vn -0.3749 -0.2714 -0.8865
vn -0.3423 0.8964 -0.2818
vn -0.2714 0.3749 -0.8864
vn -0.8782 0.3064 -0.3672
vn -0.3918 -0.8759 0.2817
vn -0.2919 -0.3592 0.8865
vn -0.8940 -0.2569 0.3672
vn -0.2569 0.8940 0.3672
vn -0.8759 0.3918 0.2817
vn -0.3592 0.2919 0.8865
vn 0.4040 -0.8703 -0.2817
vn 0.2969 -0.3551 -0.8864
vn 0.8975 -0.2444 -0.3672
vn 0.3550 0.2969 -0.8865
vn 0.2444 0.8975 -0.3672
vn 0.8703 0.4040 -0.2817
vn 0.3186 -0.8739 0.3672
vn 0.9011 -0.3297 0.2817
vn 0.3787 -0.2661 0.8864
vn 0.3298 0.9010 0.2817
vn 0.2662 0.3787 0.8864
vn 0.8739 0.3186 0.3672
vn -0.2444 -0.8975 -0.3672
vn -0.8703 -0.4040 -0.2818
vn -0.3550 -0.2969 -0.8865
vn -0.4039 0.8703 -0.2818
vn -0.2968 0.3551 -0.8865
vn -0.8975 0.2444 -0.3672
vn -0.3298 -0.9010 0.2818
vn -0.2661 -0.3787 0.8865
vn -0.8739 -0.3186 0.3672
vn -0.3187 0.8739 0.3672
vn -0.9011 0.3297 0.2817
vn -0.3787 0.2661 0.8865
vn 0.3672 -0.8865 -0.2817
vn 0.2817 -0.3672 -0.8864
vn 0.8865 -0.2817 -0.3672
vn 0.3672 0.2817 -0.8865
vn 0.2817 0.8865 -0.3672
vn 0.8865 0.3672 -0.2817
vn 0.2818 -0.8864 0.3672
vn 0.8864 -0.3672 0.2817
vn 0.3672 -0.2817 0.8864
vn 0.3672 0.8865 0.2817
vn 0.2818 0.3672 0.8864
vn 0.8865 0.2817 0.3672
vn -0.2818 -0.8864 -0.3672
vn -0.8865 -0.3672 -0.2817
vn -0.3672 -0.2817 -0.8864
vn -0.3672 0.8864 -0.2817
vn -0.2817 0.3672 -0.8865
vn -0.8865 0.2817 -0.3672
vn -0.3672 -0.8865 0.2817
vn -0.2817 -0.3672 0.8864
vn -0.8865 -0.2817 0.3672
vn -0.2818 0.8864 0.3672
vn -0.8864 0.3672 0.2817
vn -0.3672 0.2817 0.8865
vn 0.2818 -0.3672 -0.8864
vn 0.8864 -0.2818 -0.3672
vn 0.3672 0.2818 -0.8865
vn 0.2818 0.8865 -0.3672
vn 0.8865 -0.3672 0.2817
vn 0.3672 0.8864 0.2817
vn 0.2817 0.3672 0.8865
vn -0.2818 0.3672 -0.8864
vn -0.8865 0.2818 -0.3672
vn -0.2818 -0.3672 0.8864
vn -0.8865 0.3672 0.2817
vn 0.3328 -0.8999 -0.2818
vn 0.2675 -0.3777 -0.8864
vn 0.8750 -0.3156 -0.3672
vn 0.3778 0.2674 -0.8864
vn 0.3155 0.8750 -0.3672
vn 0.8999 0.3328 -0.2817
vn 0.2474 -0.8966 0.3672
vn 0.8717 -0.4009 0.2817
vn 0.3561 -0.2956 0.8865
vn 0.4009 0.8717 0.2817
vn 0.2957 0.3561 0.8864
vn 0.8966 0.2475 0.3672
vn -0.3155 -0.8750 -0.3672
vn -0.8999 -0.3329 -0.2817
vn -0.3777 -0.2674 -0.8864
vn -0.3328 0.8999 -0.2817
vn -0.2674 0.3777 -0.8865
vn -0.8750 0.3156 -0.3672
vn -0.4009 -0.8717 0.2817
vn -0.2956 -0.3561 0.8865
vn -0.8966 -0.2475 0.3672
vn -0.2473 0.8966 0.3672
vn -0.8717 0.4009 0.2817
vn -0.3561 0.2956 0.8865
vn -0.2564 -0.9246 -0.2817
vn -0.0040 -0.4628 -0.8865
vn 0.5251 -0.7677 -0.3671
vn 0.4629 -0.0040 -0.8864
vn 0.7678 0.5251 -0.3672
vn 0.9246 -0.2564 -0.2818
vn -0.3238 -0.8720 0.3672
vn 0.4725 -0.8351 0.2817
vn 0.1159 -0.4481 0.8865
vn 0.8351 0.4725 0.2817
vn 0.4480 0.1159 0.8865
vn 0.8720 -0.3238 0.3672
vn -0.7678 -0.5251 -0.3672
vn -0.9246 0.2564 -0.2817
vn -0.4628 0.0040 -0.8865
vn 0.2565 0.9246 -0.2817
vn 0.0041 0.4628 -0.8865
vn -0.5251 0.7677 -0.3672
vn -0.8351 -0.4724 0.2817
vn -0.4481 -0.1159 0.8864
vn -0.8720 0.3238 0.3672
vn 0.3237 0.8720 0.3672
vn -0.4725 0.8351 0.2817
vn -0.1159 0.4481 0.8865
vn 0.8351 -0.4724 -0.2817
vn 0.4481 -0.1159 -0.8864
vn 0.8720 0.3238 -0.3672
vn 0.1159 0.4481 -0.8865
vn -0.3237 0.8720 -0.3672
vn 0.4725 0.8351 -0.2817
vn 0.7678 -0.5251 0.3672
vn 0.9246 0.2564 0.2817
vn 0.4628 0.0040 0.8864
vn -0.2564 0.9246 0.2817
vn -0.0041 0.4628 0.8865
vn 0.5251 0.7677 0.3672
vn 0.3238 -0.8720 -0.3672
vn -0.4725 -0.8351 -0.2817
vn -0.1159 -0.4481 -0.8865
vn -0.8351 0.4725 -0.2818
vn -0.4480 0.1159 -0.8865
vn -0.8720 -0.3238 -0.3672
vn 0.2564 -0.9246 0.2817
vn 0.0040 -0.4628 0.8865
vn -0.5251 -0.7677 0.3672
vn -0.7678 0.5250 0.3671
vn -0.9246 -0.2564 0.2818
vn -0.4628 -0.0040 0.8864
vn -0.0505 -0.8632 0.5022
vn 0.3427 -0.3629 0.8665
vn -0.2895 -0.2818 0.9148
vn 0.0504 0.8632 0.5023
vn -0.3427 0.3629 0.8665
vn 0.2894 0.2818 0.9148
vn -0.4932 -0.8633 0.1072
vn -0.7183 -0.3629 0.5937
vn -0.9594 -0.2818 0.0074
vn -0.4621 0.8632 0.2032
vn -0.9300 0.3629 -0.0581
vn -0.7806 0.2818 0.5580
vn -0.2544 -0.8632 -0.4360
vn -0.7866 -0.3629 -0.4996
vn -0.3035 -0.2818 -0.9102
vn -0.3360 0.8633 -0.3766
vn -0.2321 0.3629 -0.9025
vn -0.7719 0.2818 -0.5699
vn 0.3361 -0.8633 -0.3766
vn 0.2321 -0.3629 -0.9025
vn 0.7719 -0.2818 -0.5699
vn 0.2544 0.8632 -0.4360
vn 0.7866 0.3629 -0.4996
vn 0.3035 0.2818 -0.9102
vn 0.4620 -0.8633 0.2032
vn 0.9300 -0.3628 -0.0581
vn 0.7806 -0.2818 0.5580
vn 0.4933 0.8632 0.1072
vn 0.7183 0.3629 0.5937
vn 0.9594 0.2818 0.0074
vn -0.2633 -0.9614 0.0802
vn -0.6552 -0.4777 0.5852
vn -0.8509 -0.4890 -0.1920
vn -0.8608 0.1364 0.4904
vn -0.6228 0.7788 0.0743
vn -0.9399 0.1492 -0.3072
vn 0.1783 -0.8995 -0.3990
vn -0.4585 -0.5286 -0.7144
vn 0.2815 -0.2935 -0.9136
vn -0.3161 0.8042 -0.5033
vn 0.2107 0.3572 -0.9100
vn -0.5475 0.1096 -0.8296
vn 0.1993 -0.8283 0.5237
vn 0.6149 -0.1871 0.7661
vn -0.1615 -0.2556 0.9532
vn -0.0617 0.9235 0.3787
vn -0.3671 0.3585 0.8583
vn 0.4274 0.4396 0.7900
vn 0.6409 -0.7664 0.0445
vn 0.8115 -0.2379 -0.5337
vn 0.9709 -0.0602 0.2317
vn 0.2451 0.9489 -0.1989
vn 0.7834 0.5665 0.2556
vn 0.7408 0.4128 -0.5300
vn 0.4613 -0.7360 -0.4956
vn 0.1978 -0.1455 -0.9694
vn 0.8530 -0.0370 -0.5205
vn 0.1730 0.4976 -0.8500
vn 0.0698 0.9744 -0.2139
vn 0.7583 0.5747 -0.3077
vn 0.4788 -0.8657 0.1457
vn 0.9680 -0.2328 0.0933
vn 0.5421 -0.3560 0.7612
vn 0.2538 0.8775 0.4068
vn 0.3509 0.2541 0.9013
vn 0.8733 0.3789 0.3062
vn -0.1839 -0.8462 -0.5002
vn -0.8459 -0.4763 -0.2402
vn -0.4483 -0.1881 -0.8739
vn -0.5488 0.8343 -0.0523
vn -0.4731 0.4550 -0.7544
vn -0.9671 0.1652 -0.1935
vn -0.1663 -0.9759 0.1411
vn -0.0756 -0.5636 0.8226
vn -0.7593 -0.5071 0.4079
vn -0.3648 0.7375 0.5684
vn -0.8805 0.1344 0.4545
vn -0.2668 0.0465 0.9626
vn -0.0638 -0.7879 -0.6125
vn -0.7018 -0.3037 -0.6443
vn -0.0153 -0.0857 -0.9962
vn -0.7263 0.3483 -0.5926
vn -0.3202 0.9238 -0.2099
vn 0.0107 0.5484 -0.8362
vn 0.5139 -0.8018 -0.3050
vn 0.5988 -0.1646 -0.7838
vn 0.9788 -0.1893 -0.0784
vn 0.3162 0.9469 -0.0585
vn 0.8955 0.4258 0.1294
vn 0.6248 0.4696 -0.6238
vn -0.3667 -0.9290 -0.0497
vn -0.5378 -0.5524 0.6369
vn -0.9320 -0.3608 -0.0343
vn -0.4634 0.7839 0.4132
vn -0.9565 0.2912 0.0175
vn -0.6716 0.0805 0.7365
vn 0.2109 -0.9429 0.2578
vn 0.7628 -0.4132 0.4974
vn 0.0621 -0.4644 0.8835
vn 0.1730 0.8070 0.5646
vn -0.0717 0.1685 0.9831
vn 0.6796 0.2018 0.7053
vn -0.0492 -0.9432 -0.3286
vn -0.7330 -0.5352 -0.4199
vn -0.1148 -0.3962 -0.9110
vn -0.8183 0.0970 -0.5665
vn -0.4340 0.7883 -0.4362
vn -0.1366 0.2563 -0.9569
vn 0.5570 -0.8229 -0.1126
vn 0.5235 -0.3651 -0.7699
vn 0.9786 -0.1421 -0.1488
vn 0.2093 0.8982 -0.3866
vn 0.8561 0.5005 -0.1289
vn 0.5018 0.2875 -0.8158
vn -0.2730 -0.9185 0.2859
vn -0.4059 -0.3563 0.8416
vn -0.8884 -0.4114 0.2038
vn -0.4934 0.8433 0.2133
vn -0.9737 0.2207 0.0572
vn -0.5921 0.2660 0.7607
vn 0.3331 -0.7982 0.5019
vn 0.8506 -0.1862 0.4917
vn 0.2051 -0.1573 0.9660
vn 0.1501 0.9531 0.2629
vn 0.0190 0.4650 0.8851
vn 0.7280 0.4565 0.5115
vn -0.0505 -0.8633 0.5022
vn 0.0506 0.8633 0.5022
vn 0.2895 0.2818 0.9148
vn -0.4620 0.8633 0.2032
vn -0.2543 -0.8633 -0.4360
vn -0.3361 0.8633 -0.3766
vn 0.3360 -0.8633 -0.3766
vn 0.2543 0.8633 -0.4360
vn 0.9300 -0.3629 -0.0581
vn 0.7805 -0.2818 0.5580
vn 0.4932 0.8633 0.1072
vn 0.7182 0.3629 0.5937
vn -0.3206 0.7683 -0.5540
vn -0.4894 0.7536 -0.4388
vn -0.5064 0.1792 -0.8435
vn -0.4959 -0.1654 -0.8525
vn -0.7256 -0.1745 -0.6656
vn -0.7424 0.1528 -0.6524
vn -0.4893 -0.7536 -0.4388
vn -0.3206 -0.7683 -0.5540
vn 0.1379 0.7537 -0.6426
vn -0.0662 0.7683 -0.6366
vn 0.1958 0.1745 -0.9650
vn 0.2171 -0.1528 -0.9641
vn -0.0861 -0.1792 -0.9800
vn -0.1000 0.1654 -0.9812
vn -0.0662 -0.7683 -0.6367
vn 0.1380 -0.7536 -0.6426
vn 0.3206 0.7683 0.5540
vn 0.4893 0.7537 0.4388
vn 0.5064 0.1792 0.8435
vn 0.4959 -0.1654 0.8525
vn 0.7256 -0.1745 0.6656
vn 0.7424 0.1528 0.6523
vn 0.4893 -0.7536 0.4388
vn 0.3206 -0.7683 0.5540
vn -0.1380 0.7537 0.6426
vn 0.0662 0.7683 0.6367
vn -0.1958 0.1745 0.9650
vn -0.2171 -0.1528 0.9641
vn 0.0861 -0.1792 0.9800
vn 0.1000 0.1654 0.9812
vn 0.0663 -0.7683 0.6367
vn -0.1380 -0.7537 0.6426
vn -0.3262 0.7446 -0.5824
vn -0.4864 0.7369 -0.4694
vn -0.4923 0.1648 -0.8547
vn -0.4823 -0.1519 -0.8628
vn -0.7031 -0.1626 -0.6922
vn -0.7164 0.1458 -0.6823
vn -0.4864 -0.7369 -0.4694
vn -0.3262 -0.7446 -0.5825
vn 0.1176 0.7369 -0.6657
vn -0.0785 0.7446 -0.6629
vn 0.1619 0.1626 -0.9733
vn 0.1785 -0.1458 -0.9731
vn -0.1041 -0.1648 -0.9808
vn -0.1170 0.1519 -0.9815
vn -0.0785 -0.7446 -0.6629
vn 0.1177 -0.7369 -0.6657
vn 0.3262 0.7446 0.5824
vn 0.4865 0.7369 0.4694
vn 0.4923 0.1648 0.8547
vn 0.4823 -0.1519 0.8628
vn 0.7031 -0.1626 0.6922
vn 0.7164 0.1458 0.6823
vn 0.4865 -0.7369 0.4694
vn 0.3262 -0.7446 0.5824
vn -0.1176 0.7369 0.6657
vn 0.0784 0.7446 0.6629
vn -0.1619 0.1626 0.9733
vn -0.1785 -0.1458 0.9731
vn 0.1041 -0.1648 0.9808
vn 0.1170 0.1519 0.9815
vn 0.0785 -0.7446 0.6629
vn -0.1176 -0.7369 0.6657
vn 0.5686 -0.6527 0.5006
vn 0.2980 -0.1506 0.9426
vn 0.0740 -0.3255 0.9426
vn -0.5686 0.6527 0.5006
vn -0.2980 0.1506 0.9426
vn -0.0740 0.3255 0.9426
vn 0.3065 -0.8575 0.4132
vn -0.2057 -0.5441 0.8134
vn -0.3773 -0.6781 0.6307
vn -0.8137 0.4613 0.3538
vn -0.7493 -0.2020 0.6307
vn -0.5777 -0.0679 0.8134
vn 0.1500 -0.9798 0.1324
vn -0.5261 -0.7944 0.3036
vn -0.5650 -0.8248 0.0237
vn -0.9270 0.3728 0.0414
vn -0.9369 -0.3487 0.0237
vn -0.8981 -0.3183 0.3036
vn 0.1724 -0.9623 -0.2103
vn -0.5133 -0.7844 -0.3483
vn -0.4013 -0.6969 -0.5944
vn -0.8556 0.4285 -0.2903
vn -0.7733 -0.2208 -0.5944
vn -0.8853 -0.3083 -0.3482
vn 0.3630 -0.8134 -0.4546
vn -0.1733 -0.5188 -0.8372
vn 0.0372 -0.3543 -0.9344
vn -0.6329 0.6025 -0.4862
vn -0.3348 0.1218 -0.9344
vn -0.5453 -0.0426 -0.8372
vn 0.6329 -0.6025 -0.4862
vn 0.3348 -0.1218 -0.9344
vn 0.5452 0.0427 -0.8372
vn -0.3630 0.8134 -0.4546
vn 0.1733 0.5187 -0.8372
vn -0.0372 0.3543 -0.9344
vn 0.8556 -0.4285 -0.2903
vn 0.7733 0.2208 -0.5944
vn 0.8853 0.3083 -0.3483
vn -0.1724 0.9623 -0.2103
vn 0.5133 0.7844 -0.3483
vn 0.4013 0.6969 -0.5944
vn 0.9270 -0.3727 0.0414
vn 0.9370 0.3487 0.0237
vn 0.8981 0.3183 0.3036
vn -0.1500 0.9798 0.1324
vn 0.5261 0.7944 0.3036
vn 0.5650 0.8248 0.0237
vn 0.8137 -0.4613 0.3538
vn 0.7492 0.2020 0.6307
vn 0.5776 0.0680 0.8135
vn -0.3066 0.8575 0.4132
vn 0.2057 0.5441 0.8134
vn 0.3773 0.6781 0.6308
vn -0.4046 -0.5223 0.7507
vn -0.8868 0.2188 0.4072
vn -0.9789 -0.1628 0.1237
vn -0.5794 0.5641 -0.5883
vn -0.8948 0.2673 -0.3576
vn -0.8305 0.5336 -0.1597
vn -0.2356 -0.8877 0.3955
vn -0.8812 -0.4502 -0.1441
vn -0.5786 -0.6881 -0.4379
vn -0.4938 0.3397 -0.8005
vn -0.6021 -0.1388 -0.7863
vn -0.8132 0.0273 -0.5813
vn 0.2549 -0.9489 0.1858
vn -0.2204 -0.7591 -0.6126
vn 0.2490 -0.6742 -0.6954
vn -0.2068 0.2903 -0.9343
vn 0.0248 -0.1388 -0.9900
vn -0.3029 -0.1980 -0.9322
vn 0.6975 -0.6598 0.2796
vn 0.5980 -0.4753 -0.6454
vn 0.8808 -0.1315 -0.4549
vn 0.0655 0.4531 -0.8891
vn 0.5137 0.2672 -0.8153
vn 0.3163 0.0273 -0.9483
vn 0.7589 -0.2380 0.6061
vn 0.9578 0.1875 -0.2179
vn 0.8410 0.5313 0.1025
vn 0.1181 0.7055 -0.6988
vn 0.4965 0.7736 -0.3937
vn 0.5780 0.5337 -0.6173
vn 0.3929 -0.0012 0.9196
vn 0.5880 0.7301 0.3481
vn 0.1595 0.8150 0.5570
vn -0.0886 0.8576 -0.5067
vn -0.0139 0.9990 -0.0428
vn 0.2852 0.9397 -0.1886
vn -0.1249 -0.1277 0.9839
vn -0.2329 0.7440 0.6262
vn -0.6503 0.5061 0.5665
vn -0.3990 0.7946 -0.4576
vn -0.6330 0.7737 -0.0267
vn -0.3417 0.9397 0.0150
vn 0.3427 -0.3629 0.8666
vn 0.0505 0.8632 0.5023
vn -0.4933 -0.8632 0.1072
vn -0.7182 -0.3629 0.5937
vn -0.9595 -0.2818 0.0074
vn -0.7805 0.2818 0.5580
vn -0.3361 0.8632 -0.3767
vn 0.3361 -0.8632 -0.3766
vn 0.4621 -0.8632 0.2032
vn 0.7806 -0.2818 0.5579
vn 0.7183 0.3629 0.5936
vn 0.2661 -0.9309 -0.2501
vn 0.3347 -0.4047 -0.8510
vn 0.8749 -0.4095 -0.2586
vn 0.5136 0.2245 -0.8282
vn 0.4526 0.8352 -0.3124
vn 0.9591 0.2324 -0.1618
vn 0.1003 -0.9183 0.3829
vn 0.7803 -0.4940 0.3835
vn 0.2069 -0.3329 0.9200
vn 0.4544 0.8226 0.3419
vn 0.2181 0.3216 0.9214
vn 0.8645 0.1479 0.4803
vn -0.3598 -0.8352 -0.4160
vn -0.8878 -0.2323 -0.3972
vn -0.2894 -0.2245 -0.9305
vn -0.1949 0.9309 -0.3089
vn -0.1106 0.4047 -0.9077
vn -0.7820 0.4095 -0.4698
vn -0.5257 -0.8225 0.2170
vn -0.4423 -0.3216 0.8373
vn -0.9574 -0.1479 0.2481
vn -0.1931 0.9183 0.3455
vn -0.8516 0.4940 0.1755
vn -0.4311 0.3328 0.8387
vn 0.1988 -0.9318 -0.3036
vn 0.1313 -0.4056 -0.9046
vn 0.7918 -0.4127 -0.4503
vn 0.3130 0.2229 -0.9232
vn 0.3731 0.8336 -0.4074
vn 0.8982 0.2288 -0.3754
vn 0.1810 -0.9189 0.3505
vn 0.8451 -0.4971 0.1965
vn 0.4091 -0.3341 0.8492
vn 0.5233 0.8206 0.2296
vn 0.4228 0.3203 0.8477
vn 0.9516 0.1443 0.2715
vn -0.4480 -0.8336 -0.3231
vn -0.9557 -0.2288 -0.1852
vn -0.4939 -0.2229 -0.8404
vn -0.2564 0.9318 -0.2569
vn -0.3122 0.4056 -0.8591
vn -0.8667 0.4127 -0.2802
vn -0.4658 -0.8206 0.3310
vn -0.2419 -0.3203 0.9159
vn -0.8766 -0.1443 0.4590
vn -0.1060 0.9189 0.3800
vn -0.7876 0.4971 0.3640
vn -0.2282 0.3341 0.9145
vn 0.5365 -0.8169 -0.2118
vn 0.4521 -0.3178 -0.8334
vn 0.9608 -0.1374 -0.2407
vn 0.4336 0.3365 -0.8359
vn 0.1853 0.9199 -0.3455
vn 0.8472 0.5033 -0.1699
vn 0.3660 -0.8305 0.4200
vn 0.8874 -0.2218 0.4042
vn 0.2849 -0.2199 0.9330
vn 0.1821 0.9335 0.3089
vn 0.0993 0.4073 0.9079
vn 0.7738 0.4189 0.4750
vn -0.0870 -0.9199 -0.3823
vn -0.7718 -0.5033 -0.3886
vn -0.1963 -0.3365 -0.9210
vn -0.4611 0.8169 -0.3466
vn -0.2148 0.3178 -0.9235
vn -0.8625 0.1374 -0.4870
vn -0.2575 -0.9335 0.2495
vn -0.3365 -0.4073 0.8491
vn -0.8721 -0.4190 0.2527
vn -0.4643 0.8305 0.3078
vn -0.9628 0.2217 0.1542
vn -0.5223 0.2199 0.8240
vn 0.3195 -0.9097 -0.2654
vn 0.3018 -0.3857 -0.8719
vn 0.8829 -0.3422 -0.3215
vn 0.4315 0.2558 -0.8651
vn 0.3609 0.8649 -0.3488
vn 0.9231 0.3052 -0.2338
vn 0.2005 -0.9038 0.3782
vn 0.8431 -0.4274 0.3263
vn 0.3001 -0.3064 0.9034
vn 0.4121 0.8590 0.3037
vn 0.2596 0.3469 0.9013
vn 0.8833 0.2200 0.4139
vn -0.3225 -0.8650 -0.3845
vn -0.8937 -0.3052 -0.3289
vn -0.3388 -0.2558 -0.9054
vn -0.2901 0.9096 -0.2973
vn -0.2091 0.3857 -0.8986
vn -0.8446 0.3421 -0.4119
vn -0.4415 -0.8591 0.2590
vn -0.3523 -0.3469 0.8692
vn -0.9217 -0.2200 0.3194
vn -0.2389 0.9038 0.3552
vn -0.8726 0.4274 0.2364
vn -0.3927 0.3064 0.8671
vn 0.3706 -0.8571 -0.3579
vn 0.2829 -0.2874 -0.9151
vn 0.8874 -0.2452 -0.3903
vn 0.3658 0.3594 -0.8585
vn 0.2781 0.9162 -0.2885
vn 0.8849 0.3938 -0.2487
vn 0.2854 -0.9140 0.2885
vn 0.8880 -0.3868 0.2487
vn 0.3686 -0.3565 0.8585
vn 0.3638 0.8600 0.3579
vn 0.2806 0.2896 0.9151
vn 0.8855 0.2522 0.3903
vn -0.2784 -0.8522 -0.4430
vn -0.8851 -0.3448 -0.3127
vn -0.3664 -0.2049 -0.9076
vn -0.3708 0.9062 -0.2034
vn -0.2835 0.4419 -0.8511
vn -0.8877 0.3091 -0.3412
vn -0.3636 -0.9091 0.2034
vn -0.2800 -0.4442 0.8511
vn -0.8852 -0.3162 0.3412
vn -0.2851 0.8500 0.4430
vn -0.8878 0.3377 0.3127
vn -0.3680 0.2019 0.9076
vn 0.3824 -0.9013 -0.2034
vn 0.2892 -0.4383 -0.8511
vn 0.8916 -0.2977 -0.3413
vn 0.3637 0.2095 -0.9076
vn 0.2674 0.8557 -0.4431
vn 0.8806 0.3561 -0.3127
vn 0.2960 -0.8462 0.4431
vn 0.8921 -0.3263 0.3126
vn 0.3705 -0.1972 0.9076
vn 0.3519 0.9137 0.2034
vn 0.2743 0.4477 0.8511
vn 0.8811 0.3275 0.3412
vn -0.2663 -0.9197 -0.2885
vn -0.8798 -0.4052 -0.2487
vn -0.3611 -0.3641 -0.8585
vn -0.3815 0.8522 -0.3579
vn -0.2866 0.2837 -0.9151
vn -0.8905 0.2337 -0.3903
vn -0.3527 -0.8646 0.3579
vn -0.2769 -0.2932 0.9151
vn -0.8821 -0.2635 0.3903
vn -0.2971 0.9102 0.2885
vn -0.8929 0.3754 0.2487
vn -0.3731 0.3517 0.8585
vn 0.4307 -0.8574 -0.2818
vn 0.3077 -0.3457 -0.8865
vn 0.9046 -0.2165 -0.3672
vn 0.3457 0.3077 -0.8865
vn 0.2165 0.9046 -0.3672
vn 0.8574 0.4307 -0.2817
vn 0.3455 -0.8636 0.3672
vn 0.9108 -0.3017 0.2818
vn 0.3867 -0.2543 0.8865
vn 0.3017 0.9108 0.2817
vn 0.2543 0.3867 0.8865
vn 0.8636 0.3455 0.3672
vn -0.2165 -0.9046 -0.3672
vn -0.8574 -0.4307 -0.2817
vn -0.3457 -0.3077 -0.8864
vn -0.4307 0.8574 -0.2818
vn -0.3077 0.3457 -0.8865
vn -0.9046 0.2165 -0.3672
vn -0.3017 -0.9108 0.2818
vn -0.2543 -0.3867 0.8865
vn -0.8636 -0.3455 0.3672
vn -0.3455 0.8636 0.3672
vn -0.9108 0.3017 0.2817
vn -0.3867 0.2543 0.8864
vn 0.3016 -0.9109 -0.2817
vn 0.2542 -0.3867 -0.8865
vn 0.8636 -0.3456 -0.3672
vn 0.3867 0.2542 -0.8865
vn 0.3456 0.8636 -0.3672
vn 0.9109 0.3016 -0.2817
vn 0.2164 -0.9046 0.3672
vn 0.8573 -0.4308 0.2817
vn 0.3457 -0.3078 0.8865
vn 0.4308 0.8573 0.2818
vn 0.3078 0.3457 0.8864
vn 0.9046 0.2164 0.3672
vn -0.3456 -0.8636 -0.3672
vn -0.9109 -0.3016 -0.2818
vn -0.3867 -0.2542 -0.8865
vn -0.3016 0.9109 -0.2818
vn -0.2542 0.3867 -0.8864
vn -0.8636 0.3456 -0.3672
vn -0.4308 -0.8573 0.2817
vn -0.3078 -0.3457 0.8865
vn -0.9046 -0.2164 0.3672
vn -0.2164 0.9046 0.3672
vn -0.8573 0.4308 0.2817
vn -0.3457 0.3078 0.8865
vn 0.3672 -0.8864 -0.2817
vn 0.2817 -0.3672 -0.8865
vn 0.8865 0.3672 -0.2818
vn 0.2817 -0.8865 0.3672
vn 0.8865 -0.3672 0.2818
vn 0.3672 -0.2818 0.8864
vn 0.2818 0.3671 0.8865
vn 0.8864 0.2818 0.3672
vn -0.2818 -0.8865 -0.3672
vn -0.3672 -0.2818 -0.8865
vn -0.3672 0.8865 -0.2817
vn -0.2818 0.3672 -0.8865
vn -0.8864 0.2818 -0.3672
vn -0.3672 -0.8864 0.2817
vn -0.2817 -0.3672 0.8865
vn -0.8865 -0.2818 0.3672
vn -0.2817 0.8865 0.3672
vn -0.3672 0.2818 0.8864
vn -0.5303 0.7683 0.3585
vn -0.4036 0.7536 0.5188
vn -0.8061 0.1792 0.5640
vn -0.8159 -0.1654 0.5541
vn -0.6134 -0.1745 0.7702
vn -0.5990 0.1528 0.7861
vn -0.4036 -0.7536 0.5188
vn -0.5303 -0.7683 0.3585
vn -0.6507 0.7536 -0.0928
vn -0.6305 0.7683 0.1105
vn -0.9763 0.1745 -0.1280
vn -0.9769 -0.1528 -0.1494
vn -0.9716 -0.1792 0.1542
vn -0.9718 0.1654 0.1682
vn -0.6305 -0.7683 0.1105
vn -0.6507 -0.7536 -0.0928
vn 0.5303 0.7683 -0.3585
vn 0.4036 0.7536 -0.5188
vn 0.8061 0.1792 -0.5640
vn 0.8159 -0.1654 -0.5541
vn 0.6134 -0.1745 -0.7703
vn 0.5990 0.1528 -0.7860
vn 0.4036 -0.7537 -0.5188
vn 0.5303 -0.7683 -0.3585
vn 0.6507 0.7536 0.0928
vn 0.6305 0.7683 -0.1105
vn 0.9763 0.1745 0.1280
vn 0.9769 -0.1528 0.1494
vn 0.9716 -0.1792 -0.1542
vn 0.9718 0.1654 -0.1682
vn 0.6305 -0.7683 -0.1105
vn 0.6507 -0.7536 0.0928
vn -0.5583 0.7446 0.3660
vn -0.4343 0.7369 0.5180
vn -0.8182 0.1648 0.5507
vn -0.8270 -0.1519 0.5413
vn -0.6415 -0.1626 0.7497
vn -0.6307 0.1458 0.7622
vn -0.4343 -0.7369 0.5180
vn -0.5583 -0.7446 0.3660
vn -0.6723 0.7369 -0.0709
vn -0.6558 0.7446 0.1246
vn -0.9822 0.1626 -0.0936
vn -0.9831 -0.1458 -0.1102
vn -0.9712 -0.1648 0.1722
vn -0.9709 0.1519 0.1852
vn -0.6558 -0.7446 0.1246
vn -0.6722 -0.7369 -0.0709
vn 0.5583 0.7446 -0.3660
vn 0.4343 0.7369 -0.5180
vn 0.8182 0.1648 -0.5508
vn 0.8270 -0.1519 -0.5412
vn 0.6415 -0.1626 -0.7497
vn 0.6307 0.1458 -0.7622
vn 0.4343 -0.7369 -0.5180
vn 0.5583 -0.7446 -0.3660
vn 0.6723 0.7369 0.0709
vn 0.6558 0.7446 -0.1245
vn 0.9822 0.1626 0.0936
vn 0.9831 -0.1458 0.1102
vn 0.9712 -0.1648 -0.1723
vn 0.9709 0.1519 -0.1851
vn 0.6558 -0.7446 -0.1245
vn 0.6723 -0.7369 0.0709
vn -0.0740 0.3256 0.9426
vn -0.2057 -0.5440 0.8135
vn -0.7492 -0.2020 0.6307
vn -0.9270 0.3727 0.0414
vn -0.5133 -0.7844 -0.3482
vn -0.8556 0.4285 -0.2904
vn -0.8853 -0.3083 -0.3483
vn 0.3630 -0.8133 -0.4546
vn -0.1733 -0.5187 -0.8372
vn 0.5453 0.0426 -0.8372
vn -0.3631 0.8133 -0.4546
vn 0.1733 0.5188 -0.8372
vn 0.8853 0.3083 -0.3482
vn 0.5133 0.7844 -0.3482
vn 0.9270 -0.3727 0.0415
vn 0.9369 0.3487 0.0238
vn -0.1500 0.9798 0.1325
vn 0.5650 0.8247 0.0237
vn 0.7493 0.2020 0.6307
vn 0.5777 0.0680 0.8134
vn -0.3065 0.8575 0.4132
vn 0.7771 -0.5222 0.3513
vn 0.4680 0.2188 0.8562
vn 0.1917 -0.1628 0.9679
vn -0.5464 0.5641 0.6190
vn -0.2943 0.2673 0.9176
vn -0.1014 0.5336 0.8396
vn 0.4110 -0.8877 0.2074
vn -0.0823 -0.4502 0.8891
vn -0.3965 -0.6881 0.6078
vn -0.7641 0.3397 0.5484
vn -0.7424 -0.1388 0.6554
vn -0.5232 0.0273 0.8518
vn 0.1676 -0.9489 -0.2672
vn -0.5957 -0.7590 0.2626
vn -0.7110 -0.6741 -0.1999
vn -0.9176 0.2903 0.2714
vn -0.9893 -0.1388 0.0443
vn -0.9088 -0.1981 0.3671
vn 0.2302 -0.6598 -0.7153
vn -0.6855 -0.4753 -0.5515
vn -0.5152 -0.1315 -0.8469
vn -0.8915 0.4531 -0.0034
vn -0.8492 0.2672 -0.4555
vn -0.9680 0.0273 -0.2494
vn 0.5517 -0.2380 -0.7994
vn -0.2841 0.1875 -0.9403
vn 0.0436 0.5312 -0.8461
vn -0.7053 0.7056 -0.0691
vn -0.4274 0.7736 -0.4678
vn -0.6561 0.5337 -0.5335
vn 0.8899 -0.0012 -0.4561
vn 0.3062 0.7301 -0.6109
vn 0.5445 0.8150 -0.1980
vn -0.4993 0.8576 0.1238
vn -0.0417 0.9990 0.0168
vn -0.2080 0.9397 -0.2713
vn 0.9902 -0.1277 0.0560
vn 0.6410 0.7440 0.1886
vn 0.6104 0.5061 0.6093
vn -0.4286 0.7946 0.4300
vn 0.0175 0.7737 0.6333
vn 0.0388 0.9397 0.3398
vn -0.0832 0.5006 0.8617
vn 0.0955 0.9426 0.3199
vn -0.1856 0.9426 0.2775
vn 0.0831 0.5006 -0.8617
vn -0.0955 0.9426 -0.3199
vn 0.1856 0.9426 -0.2775
vn -0.4120 0.4132 0.8121
vn -0.5365 0.8134 0.2246
vn -0.7518 0.6307 0.1922
vn -0.2243 0.3538 -0.9080
vn -0.6617 0.6308 -0.4053
vn -0.4465 0.8134 -0.3728
vn -0.6084 0.1324 0.7825
vn -0.9386 0.3036 0.1640
vn -0.9874 0.0237 0.1567
vn -0.3666 0.0414 -0.9295
vn -0.8973 0.0237 -0.4408
vn -0.8485 0.3036 -0.4334
vn -0.5804 -0.2103 0.7867
vn -0.9225 -0.3482 0.1664
vn -0.7820 -0.5944 0.1876
vn -0.2770 -0.2903 -0.9160
vn -0.6919 -0.5944 -0.4098
vn -0.8324 -0.3482 -0.4310
vn -0.3411 -0.4546 0.8228
vn -0.4959 -0.8372 0.2308
vn -0.2318 -0.9344 0.2706
vn 0.0025 -0.4862 -0.8738
vn -0.1417 -0.9344 -0.3269
vn -0.4058 -0.8372 -0.3667
vn -0.0025 -0.4862 0.8738
vn 0.1417 -0.9344 0.3269
vn 0.4058 -0.8372 0.3667
vn 0.3411 -0.4546 -0.8228
vn 0.4959 -0.8372 -0.2308
vn 0.2318 -0.9344 -0.2706
vn 0.2770 -0.2903 0.9160
vn 0.6919 -0.5944 0.4098
vn 0.8324 -0.3482 0.4310
vn 0.5804 -0.2103 -0.7867
vn 0.9225 -0.3482 -0.1664
vn 0.7820 -0.5944 -0.1876
vn 0.3666 0.0414 0.9295
vn 0.8973 0.0237 0.4408
vn 0.8485 0.3036 0.4334
vn 0.6084 0.1324 -0.7825
vn 0.9386 0.3036 -0.1640
vn 0.9874 0.0237 -0.1567
vn 0.2243 0.3538 0.9080
vn 0.6618 0.6307 0.4053
vn 0.4465 0.8134 0.3728
vn 0.4120 0.4132 -0.8121
vn 0.5365 0.8134 -0.2246
vn 0.7518 0.6307 -0.1922
vn -0.0380 0.5006 0.8648
vn 0.1121 0.9426 0.3145
vn -0.1708 0.9426 0.2869
vn 0.0380 0.5006 -0.8648
vn -0.1121 0.9426 -0.3145
vn 0.1708 0.9426 -0.2869
vn -0.3690 0.4132 0.8325
vn -0.5240 0.8134 0.2524
vn -0.7407 0.6307 0.2312
vn -0.2715 0.3538 -0.8950
vn -0.6820 0.6307 -0.3701
vn -0.4653 0.8134 -0.3490
vn -0.5666 0.1324 0.8133
vn -0.9287 0.3036 0.2129
vn -0.9778 0.0237 0.2081
vn -0.4147 0.0414 -0.9090
vn -0.9191 0.0237 -0.3932
vn -0.8700 0.3036 -0.3884
vn -0.5384 -0.2103 0.8160
vn -0.9125 -0.3482 0.2145
vn -0.7711 -0.5944 0.2283
vn -0.3245 -0.2903 -0.9002
vn -0.7124 -0.5944 -0.3731
vn -0.8539 -0.3482 -0.3869
vn -0.2976 -0.4546 0.8395
vn -0.4831 -0.8372 0.2564
vn -0.2173 -0.9344 0.2823
vn -0.0432 -0.4862 -0.8728
vn -0.1586 -0.9344 -0.3190
vn -0.4244 -0.8372 -0.3450
vn 0.0432 -0.4862 0.8728
vn 0.1586 -0.9344 0.3190
vn 0.4244 -0.8372 0.3449
vn 0.2976 -0.4546 -0.8395
vn 0.4831 -0.8372 -0.2564
vn 0.2173 -0.9344 -0.2823
vn 0.3245 -0.2903 0.9002
vn 0.7124 -0.5944 0.3731
vn 0.8539 -0.3482 0.3869
vn 0.5384 -0.2103 -0.8160
vn 0.9125 -0.3482 -0.2145
vn 0.7711 -0.5944 -0.2283
vn 0.4147 0.0414 0.9090
vn 0.9191 0.0237 0.3932
vn 0.8700 0.3036 0.3884
vn 0.5666 0.1324 -0.8132
vn 0.9287 0.3036 -0.2129
vn 0.9778 0.0237 -0.2081
vn 0.2715 0.3538 0.8951
vn 0.6820 0.6307 0.3701
vn 0.4654 0.8134 0.3489
vn 0.3690 0.4132 -0.8325
vn 0.5240 0.8134 -0.2524
vn 0.7407 0.6307 -0.2312
vn 0.5151 -0.8448 -0.1450
vn 0.3150 -0.4698 -0.8247
vn 0.9105 -0.1847 -0.3700
vn 0.2789 0.1726 -0.9447
vn 0.1005 0.8385 -0.5355
vn 0.7934 0.4585 -0.4004
vn 0.4529 -0.7395 0.4980
vn 0.9480 -0.1470 0.2824
vn 0.4424 -0.0436 0.8958
vn 0.2061 0.9738 0.0961
vn 0.2384 0.5688 0.7872
vn 0.8308 0.4962 0.2520
vn -0.1251 -0.9746 -0.1857
vn -0.8122 -0.5630 -0.1530
vn -0.3382 -0.5012 -0.7965
vn -0.5340 0.7403 -0.4084
vn -0.3742 0.1412 -0.9165
vn -0.9350 0.0486 -0.3512
vn -0.1873 -0.8694 0.4573
vn -0.1792 -0.2402 0.9540
vn -0.8063 -0.3601 0.4692
vn -0.4283 0.8756 0.2232
vn -0.9291 0.2515 0.2710
vn -0.3831 0.3722 0.8454
vn -0.4279 -0.8984 0.0992
vn -0.8690 -0.2979 0.3950
vn -0.8219 -0.4079 -0.3976
vn -0.9340 0.3137 0.1712
vn -0.4810 0.8496 -0.2164
vn -0.7672 0.2101 -0.6060
vn 0.1409 -0.9658 -0.2175
vn -0.3029 -0.5759 -0.7594
vn 0.4907 -0.4652 -0.7367
vn -0.0154 0.7469 -0.6648
vn 0.5289 0.1817 -0.8290
vn -0.2482 0.0422 -0.9678
vn -0.1043 -0.7533 0.6494
vn 0.3181 -0.1362 0.9382
vn -0.4791 -0.0812 0.8740
vn -0.0212 0.9723 0.2330
vn -0.5441 0.5304 0.6501
vn 0.2366 0.5042 0.8305
vn 0.4645 -0.8207 0.3326
vn 0.8842 -0.4141 -0.2162
vn 0.8335 -0.1385 0.5349
vn 0.4444 0.8696 -0.2154
vn 0.7520 0.5020 0.4272
vn 0.9223 0.2327 -0.3084
vn -0.1122 -0.9178 -0.3809
vn -0.5795 -0.3666 -0.7279
vn 0.2037 -0.3921 -0.8971
vn -0.4495 0.2624 -0.8539
vn -0.0150 0.8507 -0.5255
vn 0.3504 0.2458 -0.9038
vn 0.3514 -0.9327 0.0809
vn 0.7079 -0.5039 -0.4950
vn 0.8878 -0.3693 0.2745
vn 0.5505 0.8109 -0.1985
vn 0.9158 0.2845 0.2833
vn 0.8546 0.1339 -0.5017
vn -0.5673 -0.8197 0.0792
vn -0.7973 -0.2220 0.5613
vn -0.9564 -0.1876 -0.2236
vn -0.3347 0.9416 0.0384
vn -0.8264 0.4414 -0.3496
vn -0.7860 0.4230 0.4508
vn -0.1037 -0.8346 0.5410
vn 0.4901 -0.3593 0.7942
vn -0.2723 -0.1649 0.9480
vn 0.2310 0.9017 0.3654
vn -0.2610 0.4801 0.8375
vn 0.5181 0.2946 0.8030
vn 0.3409 -0.9023 -0.2639
vn -0.0244 -0.5099 -0.8599
vn 0.7145 -0.2969 -0.6335
vn -0.0241 0.1313 -0.9910
vn 0.0164 0.8166 -0.5770
vn 0.6677 0.3556 -0.6540
vn 0.5026 -0.7862 0.3597
vn 0.9651 -0.2600 -0.0300
vn 0.7005 -0.0917 0.7078
vn 0.3354 0.9419 -0.0194
vn 0.5434 0.5403 0.6425
vn 0.9184 0.3925 -0.0504
vn -0.2884 -0.9532 -0.0913
vn -0.8764 -0.4604 0.1411
vn -0.6324 -0.4611 -0.6225
vn -0.5496 0.7975 -0.2490
vn -0.6321 0.1801 -0.7537
vn -0.9865 0.1603 -0.0349
vn -0.1267 -0.8370 0.5322
vn 0.1131 -0.2105 0.9710
vn -0.6464 -0.2559 0.7188
vn -0.2307 0.9228 0.3087
vn -0.7565 0.3648 0.5428
vn -0.0440 0.4215 0.9058
vn -0.5197 -0.8542 -0.0150
vn -0.9716 -0.2055 0.1173
vn -0.6973 -0.3594 -0.6201
vn -0.9085 0.3971 -0.1303
vn -0.3116 0.8738 -0.3734
vn -0.5248 0.2407 -0.8165
vn 0.1094 -0.9840 -0.1409
vn -0.1113 -0.5873 -0.8017
vn 0.6450 -0.5407 -0.5400
vn 0.2562 0.7107 -0.6552
vn 0.7695 0.0953 -0.6315
vn 0.0613 0.0127 -0.9980
vn -0.3656 -0.7081 0.6041
vn 0.0051 -0.1135 0.9935
vn -0.7264 0.0029 0.6872
vn -0.0000 0.9814 0.1920
vn -0.6633 0.6055 0.4397
vn 0.0201 0.5251 0.8508
vn 0.2634 -0.8378 0.4782
vn 0.8655 -0.4954 0.0746
vn 0.6159 -0.1784 0.7674
vn 0.5678 0.8183 -0.0898
vn 0.6309 0.4602 0.6246
vn 0.9899 0.1407 -0.0169
vn 0.3064 -0.7136 -0.6300
vn -0.0850 -0.1138 -0.9899
vn 0.6700 -0.0081 -0.7423
vn -0.0793 0.5250 -0.8474
vn -0.0006 0.9812 -0.1929
vn 0.6355 0.5955 -0.4915
vn 0.5065 -0.8619 -0.0246
vn 0.9562 -0.2200 -0.1931
vn 0.7386 -0.3695 0.5639
vn 0.3529 0.8692 0.3464
vn 0.5909 0.2331 0.7723
vn 0.9217 0.3836 0.0578
vn -0.3126 -0.8339 -0.4548
vn -0.8759 -0.4825 -0.0055
vn -0.6770 -0.1695 -0.7162
vn -0.5468 0.8266 0.1330
vn -0.6712 0.4693 -0.5737
vn -0.9833 0.1554 0.0946
vn -0.1125 -0.9822 0.1506
vn 0.1653 -0.5887 0.7913
vn -0.6084 -0.5309 0.5899
vn -0.1933 0.7146 0.6723
vn -0.7158 0.1070 0.6900
vn 0.0177 0.0139 0.9997
vn 0.1330 -0.9614 -0.2408
vn -0.3573 -0.5700 -0.7399
vn 0.4344 -0.4505 -0.7800
vn -0.3261 0.0511 -0.9439
vn -0.0769 0.7547 -0.6515
vn 0.4582 0.1979 -0.8666
vn 0.4985 -0.8193 0.2832
vn 0.8681 -0.4012 -0.2923
vn 0.8755 -0.1353 0.4639
vn 0.4164 0.8772 -0.2392
vn 0.7788 0.5054 0.3715
vn 0.8919 0.2471 -0.3788
vn -0.4090 -0.9044 0.1217
vn -0.8310 -0.3127 0.4600
vn -0.8470 -0.4125 -0.3352
vn -0.5058 0.8466 -0.1658
vn -0.8159 0.2086 -0.5393
vn -0.9203 0.3008 0.2501
vn -0.0435 -0.7623 0.6458
vn 0.3943 -0.1440 0.9076
vn -0.4059 -0.0974 0.9087
vn -0.0125 0.9690 0.2466
vn -0.4952 0.5161 0.6988
vn 0.2977 0.4968 0.8152
vn -0.2690 -0.9597 -0.0818
vn -0.8083 -0.5063 0.3006
vn -0.7373 -0.4582 -0.4964
vn -0.9750 0.1167 0.1890
vn -0.6173 0.7829 -0.0773
vn -0.7874 0.1881 -0.5871
vn 0.3052 -0.8717 -0.3833
vn -0.1947 -0.4675 -0.8623
vn 0.5682 -0.2325 -0.7893
vn -0.1377 0.8439 -0.5185
vn 0.4962 0.4174 -0.7613
vn -0.2447 0.1787 -0.9530
vn 0.0211 -0.8672 0.4976
vn 0.3298 -0.2527 0.9096
vn -0.4646 -0.3201 0.8256
vn -0.1885 0.8950 0.4043
vn -0.6313 0.3028 0.7140
vn 0.1410 0.3739 0.9167
vn 0.5953 -0.7792 0.1961
vn 0.9434 -0.2140 -0.2533
vn 0.8410 -0.0945 0.5327
vn 0.2911 0.9560 -0.0369
vn 0.6522 0.5322 0.5398
vn 0.8713 0.4359 -0.2253
vn 0.2927 -0.9239 -0.2465
vn 0.7066 -0.3827 -0.5952
vn -0.3025 -0.0000 -0.9532
vn 0.4601 -0.0000 -0.8879
vn 0.2927 0.9239 -0.2465
vn 0.7066 0.3827 -0.5952
vn 0.8879 -0.0000 0.4601
vn 0.9532 -0.0000 -0.3025
vn 0.2465 -0.9239 0.2927
vn 0.5952 -0.3827 0.7066
vn 0.2465 0.9239 0.2927
vn 0.5952 0.3827 0.7066
vn -0.4601 -0.0000 0.8879
vn 0.3025 -0.0000 0.9532
vn -0.2927 -0.9239 0.2465
vn -0.7066 -0.3827 0.5952
vn -0.2927 0.9239 0.2465
vn -0.7066 0.3827 0.5952
vn -0.8879 -0.0000 -0.4601
vn -0.9532 -0.0000 0.3025
vn -0.2465 -0.9239 -0.2927
vn -0.5952 -0.3827 -0.7066
vn -0.2465 0.9239 -0.2927
vn -0.5952 0.3827 -0.7066
vn -0.3598 -0.9239 -0.1302
vn -0.8688 -0.3827 -0.3144
vn -0.6742 -0.0000 0.7385
vn -0.9990 -0.0000 0.0455
vn -0.3598 0.9239 -0.1302
vn -0.8688 0.3827 -0.3144
vn -0.0455 -0.0000 -0.9990
vn -0.7385 -0.0000 -0.6742
vn 0.1302 -0.9239 -0.3598
vn 0.3144 -0.3827 -0.8688
vn 0.1302 0.9239 -0.3599
vn 0.3144 0.3827 -0.8688
vn 0.9990 -0.0000 -0.0455
vn 0.6742 -0.0000 -0.7386
vn 0.3598 -0.9239 0.1302
vn 0.8687 -0.3827 0.3144
vn 0.3598 0.9239 0.1302
vn 0.8687 0.3827 0.3144
vn 0.0455 -0.0000 0.9990
vn 0.7385 -0.0000 0.6742
vn -0.1302 -0.9239 0.3598
vn -0.3144 -0.3827 0.8688
vn -0.1302 0.9239 0.3598
vn -0.3144 0.3827 0.8688
vn 0.0672 -0.9239 0.3767
vn 0.1621 -0.3827 0.9095
vn 0.9767 -0.0000 0.2146
vn 0.5389 -0.0000 0.8424
vn 0.0672 0.9239 0.3767
vn 0.1621 0.3827 0.9095
vn -0.8424 -0.0000 0.5389
vn -0.2146 -0.0000 0.9767
vn -0.3767 -0.9239 0.0672
vn -0.9095 -0.3827 0.1621
vn -0.3767 0.9239 0.0672
vn -0.9095 0.3827 0.1621
vn -0.5389 -0.0000 -0.8424
vn -0.9767 -0.0000 -0.2146
vn -0.0672 -0.9239 -0.3767
vn -0.1621 -0.3827 -0.9095
vn -0.0672 0.9239 -0.3767
vn -0.1621 0.3826 -0.9096
vn 0.8424 -0.0000 -0.5389
vn 0.2146 -0.0000 -0.9767
vn 0.3767 -0.9239 -0.0672
vn 0.9095 -0.3827 -0.1621
vn 0.3767 0.9239 -0.0672
vn 0.9095 0.3827 -0.1621
vn 0.3567 -0.9342 -0.0000
vn 0.9128 -0.4083 -0.0000
vn 0.3825 -0.0107 -0.9239
vn 0.9235 -0.0258 -0.3827
vn 0.4083 0.9128 -0.0000
vn 0.9342 0.3567 -0.0000
vn 0.3825 -0.0107 0.9239
vn 0.9235 -0.0258 0.3827
vn -0.0258 -0.9235 0.3827
vn -0.0107 -0.3825 0.9239
vn 0.0258 0.9235 0.3827
vn 0.0107 0.3825 0.9239
vn -0.9235 0.0258 0.3827
vn -0.3825 0.0107 0.9239
vn -0.4083 -0.9128 -0.0000
vn -0.9342 -0.3567 -0.0000
vn -0.3567 0.9342 -0.0000
vn -0.9128 0.4083 -0.0000
vn -0.3825 0.0107 -0.9239
vn -0.9235 0.0258 -0.3827
vn -0.0258 -0.9235 -0.3827
vn -0.0107 -0.3825 -0.9239
vn 0.0258 0.9235 -0.3827
vn 0.0107 0.3825 -0.9239
vn 0.4211 -0.9070 -0.0000
vn 0.9391 -0.3437 -0.0000
vn 0.3823 0.0160 -0.9239
vn 0.9231 0.0387 -0.3827
vn 0.3436 0.9391 -0.0000
vn 0.9071 0.4210 -0.0000
vn 0.3824 0.0160 0.9239
vn 0.9231 0.0387 0.3827
vn 0.0387 -0.9231 0.3827
vn 0.0160 -0.3824 0.9239
vn -0.0387 0.9231 0.3827
vn -0.0160 0.3823 0.9239
vn -0.9231 -0.0387 0.3827
vn -0.3823 -0.0160 0.9239
vn -0.3437 -0.9391 -0.0000
vn -0.9070 -0.4210 -0.0000
vn -0.4210 0.9071 -0.0000
vn -0.9391 0.3436 -0.0000
vn -0.3823 -0.0160 -0.9239
vn -0.9231 -0.0387 -0.3827
vn 0.0387 -0.9231 -0.3827
vn 0.0160 -0.3824 -0.9239
vn -0.0387 0.9231 -0.3827
vn -0.0160 0.3823 -0.9239
vn 0.3827 -0.9239 -0.0000
vn 0.9239 -0.3827 -0.0000
vn 0.3827 -0.0000 -0.9239
vn 0.9239 -0.0000 -0.3827
vn 0.3827 0.9239 -0.0000
vn 0.9239 0.3827 -0.0000
vn 0.3827 -0.0000 0.9239
vn 0.9239 -0.0000 0.3827
vn -0.0000 -0.9239 0.3827
vn -0.0000 -0.3827 0.9239
vn -0.0000 0.9239 0.3827
vn -0.0000 0.3827 0.9239
vn -0.9239 -0.0000 0.3827
vn -0.3827 -0.0000 0.9239
vn -0.3827 -0.9239 -0.0000
vn -0.9239 -0.3827 -0.0000
vn -0.3827 0.9239 -0.0000
vn -0.9239 0.3827 -0.0000
vn -0.3827 -0.0000 -0.9239
vn -0.9239 -0.0000 -0.3827
vn -0.0000 -0.9239 -0.3827
vn -0.0000 -0.3827 -0.9239
vn -0.0000 0.9239 -0.3827
vn -0.0000 0.3827 -0.9239
vn 0.3826 0.9239 -0.0000
vn -0.3826 0.9239 -0.0000
vn 0.3469 -0.9379 -0.0000
vn 0.9085 -0.4178 -0.0000
vn 0.3824 -0.0147 -0.9239
vn 0.9232 -0.0355 -0.3827
vn 0.4178 0.9085 -0.0000
vn 0.9379 0.3469 -0.0000
vn 0.3824 -0.0147 0.9239
vn 0.9232 -0.0355 0.3827
vn -0.0355 -0.9232 0.3827
vn -0.0147 -0.3824 0.9239
vn 0.0355 0.9232 0.3827
vn 0.0147 0.3824 0.9239
vn -0.9232 0.0355 0.3827
vn -0.3824 0.0147 0.9239
vn -0.4179 -0.9085 -0.0000
vn -0.9379 -0.3469 -0.0000
vn -0.3469 0.9379 -0.0000
vn -0.9085 0.4179 -0.0000
vn -0.3824 0.0147 -0.9239
vn -0.9232 0.0355 -0.3827
vn -0.0355 -0.9232 -0.3827
vn -0.0147 -0.3824 -0.9239
vn 0.0355 0.9232 -0.3827
vn 0.0147 0.3824 -0.9239
vn -0.2673 -0.9636 -0.0000
vn 0.4924 -0.8703 -0.0000
vn 0.3016 -0.2356 -0.9239
vn 0.7280 -0.5688 -0.3827
vn 0.8704 0.4924 -0.0000
vn 0.9636 -0.2672 -0.0000
vn 0.3016 -0.2356 0.9239
vn 0.7280 -0.5688 0.3827
vn -0.5688 -0.7280 0.3827
vn -0.2356 -0.3016 0.9239
vn 0.5688 0.7280 0.3827
vn 0.2356 0.3016 0.9239
vn -0.7280 0.5688 0.3827
vn -0.3016 0.2356 0.9239
vn -0.8704 -0.4924 -0.0000
vn -0.9636 0.2673 -0.0000
vn 0.2673 0.9636 -0.0000
vn -0.4924 0.8703 -0.0000
vn -0.3016 0.2356 -0.9239
vn -0.7280 0.5688 -0.3827
vn -0.5688 -0.7280 -0.3827
vn -0.2356 -0.3015 -0.9239
vn 0.5688 0.7280 -0.3827
vn 0.2356 0.3016 -0.9239
vn 0.8704 -0.4924 -0.0000
vn 0.9636 0.2672 -0.0000
vn 0.3016 0.2356 -0.9239
vn 0.7280 0.5688 -0.3827
vn -0.2672 0.9636 -0.0000
vn 0.4925 0.8703 -0.0000
vn 0.3016 0.2356 0.9239
vn 0.7280 0.5688 0.3827
vn 0.5688 -0.7280 0.3827
vn 0.2356 -0.3016 0.9239
vn -0.5688 0.7280 0.3827
vn -0.2356 0.3016 0.9239
vn -0.7280 -0.5688 0.3827
vn -0.3016 -0.2356 0.9239
vn 0.2673 -0.9636 -0.0000
vn -0.4924 -0.8703 -0.0000
vn -0.8704 0.4924 -0.0000
vn -0.9636 -0.2672 -0.0000
vn -0.3016 -0.2356 -0.9239
vn -0.7280 -0.5688 -0.3827
vn 0.5688 -0.7280 -0.3827
vn 0.2356 -0.3016 -0.9239
vn -0.5688 0.7280 -0.3827
vn -0.2356 0.3016 -0.9239
vn -0.5403 -0.3939 0.7436
vn -0.2277 -0.9219 0.3134
vn -0.5402 0.3939 0.7436
vn -0.2277 0.9219 0.3134
vn 0.3017 -0.0000 0.9534
vn -0.3017 -0.0000 0.9534
vn -1.0000 -0.0000 0.0077
vn -0.8135 -0.0000 0.5816
vn -0.8742 -0.3939 -0.2840
vn -0.3685 -0.9219 -0.1197
vn -0.8742 0.3939 -0.2841
vn -0.3685 0.9219 -0.1197
vn -0.3163 -0.0000 -0.9486
vn -0.8045 -0.0000 -0.5940
vn -0.0000 -0.3939 -0.9192
vn 0.0001 -0.9219 -0.3874
vn -0.0000 0.3939 -0.9191
vn -0.0000 0.9219 -0.3874
vn 0.8045 -0.0000 -0.5940
vn 0.3163 -0.0000 -0.9487
vn 0.8742 -0.3939 -0.2841
vn 0.3684 -0.9219 -0.1197
vn 0.8742 0.3939 -0.2841
vn 0.3685 0.9219 -0.1197
vn 0.8135 -0.0000 0.5816
vn 1.0000 -0.0000 0.0077
vn 0.5403 -0.3939 0.7436
vn 0.2277 -0.9219 0.3134
vn 0.5402 0.3939 0.7436
vn 0.2277 0.9219 0.3134
vn -0.2211 -0.3827 0.8970
vn -0.0916 -0.9239 0.3716
vn -0.2211 0.3827 0.8970
vn -0.0916 0.9239 0.3716
vn -0.6126 -0.3827 0.6915
vn -0.2538 -0.9239 0.2864
vn -0.6126 0.3827 0.6915
vn -0.2538 0.9239 0.2864
vn -0.8638 -0.3827 0.3276
vn -0.3578 -0.9239 0.1357
vn -0.8638 0.3827 0.3276
vn -0.3578 0.9239 0.1357
vn -0.9171 -0.3827 -0.1114
vn -0.3799 -0.9239 -0.0461
vn -0.9172 0.3827 -0.1114
vn -0.3799 0.9239 -0.0461
vn -0.7603 -0.3827 -0.5248
vn -0.3149 -0.9239 -0.2174
vn -0.7604 0.3827 -0.5248
vn -0.3150 0.9239 -0.2174
vn -0.4293 -0.3827 -0.8181
vn -0.1778 -0.9239 -0.3388
vn -0.4294 0.3827 -0.8181
vn -0.1779 0.9239 -0.3388
vn 0.4294 -0.3827 -0.8181
vn 0.1778 -0.9239 -0.3388
vn 0.4293 0.3827 -0.8181
vn 0.1778 0.9239 -0.3389
vn 0.7603 -0.3827 -0.5248
vn 0.3150 -0.9239 -0.2174
vn 0.7603 0.3827 -0.5248
vn 0.3149 0.9239 -0.2174
vn 0.9171 -0.3827 -0.1114
vn 0.3799 -0.9239 -0.0461
vn 0.9171 0.3827 -0.1114
vn 0.3799 0.9239 -0.0461
vn 0.8638 -0.3827 0.3276
vn 0.3578 -0.9239 0.1357
vn 0.8639 0.3827 0.3276
vn 0.3578 0.9239 0.1357
vn 0.6126 -0.3827 0.6915
vn 0.2538 -0.9239 0.2864
vn 0.6126 0.3827 0.6915
vn 0.2537 0.9239 0.2864
vn 0.2211 -0.3827 0.8970
vn 0.0916 -0.9239 0.3716
vn 0.2211 0.3827 0.8970
vn 0.0916 0.9239 0.3716
vn -0.9458 -0.2262 0.2331
vn -0.9458 0.2262 0.2331
vn -0.6745 0.7193 0.1663
vn -0.2794 0.9577 0.0689
vn 0.2794 0.9577 -0.0689
vn 0.6745 0.7193 -0.1662
vn 0.9458 0.2262 -0.2331
vn 0.9458 -0.2262 -0.2331
vn 0.6745 -0.7193 -0.1662
vn 0.2794 -0.9577 -0.0689
vn -0.2794 -0.9577 0.0689
vn -0.6745 -0.7193 0.1663
vn -0.7291 -0.2262 0.6459
vn -0.7291 0.2262 0.6459
vn -0.5200 0.7193 0.4607
vn -0.2154 0.9577 0.1908
vn 0.2154 0.9577 -0.1908
vn 0.5199 0.7193 -0.4607
vn 0.7291 0.2262 -0.6460
vn 0.7291 -0.2262 -0.6459
vn 0.5200 -0.7193 -0.4607
vn 0.2154 -0.9577 -0.1908
vn -0.2154 -0.9577 0.1908
vn -0.5200 -0.7193 0.4607
vn -0.3454 -0.2262 0.9108
vn -0.3454 0.2262 0.9108
vn -0.2463 0.7193 0.6495
vn -0.1020 0.9577 0.2691
vn 0.1020 0.9577 -0.2691
vn 0.2463 0.7193 -0.6495
vn 0.3454 0.2262 -0.9108
vn 0.3454 -0.2262 -0.9108
vn 0.2463 -0.7193 -0.6495
vn 0.1020 -0.9577 -0.2691
vn -0.1020 -0.9577 0.2691
vn -0.2463 -0.7193 0.6495
vn 0.1174 -0.2262 0.9670
vn 0.1174 0.2262 0.9670
vn 0.0837 0.7193 0.6896
vn 0.0347 0.9577 0.2857
vn -0.0347 0.9577 -0.2857
vn -0.0837 0.7193 -0.6896
vn -0.1174 0.2262 -0.9670
vn -0.1174 -0.2262 -0.9670
vn -0.0837 -0.7193 -0.6896
vn -0.0347 -0.9577 -0.2857
vn 0.0347 -0.9577 0.2857
vn 0.0837 -0.7193 0.6896
vn 0.5533 -0.2262 0.8017
vn 0.5533 0.2262 0.8017
vn 0.3946 0.7193 0.5717
vn 0.1634 0.9577 0.2368
vn -0.1634 0.9577 -0.2368
vn -0.3947 0.7193 -0.5717
vn -0.5533 0.2262 -0.8017
vn -0.5533 -0.2262 -0.8017
vn -0.3946 -0.7193 -0.5717
vn -0.1635 -0.9577 -0.2368
vn 0.1634 -0.9577 0.2368
vn 0.3946 -0.7193 0.5717
vn 0.8625 -0.2262 0.4527
vn 0.8625 0.2262 0.4527
vn 0.6151 0.7193 0.3228
vn 0.2547 0.9577 0.1337
vn -0.2547 0.9577 -0.1337
vn -0.6151 0.7193 -0.3228
vn -0.8625 0.2262 -0.4527
vn -0.8625 -0.2262 -0.4527
vn -0.6151 -0.7193 -0.3228
vn -0.2548 -0.9577 -0.1337
vn 0.2548 -0.9577 0.1337
vn 0.6151 -0.7193 0.3228
vn 0.9741 -0.2262 -0.0000
vn 0.9741 0.2262 -0.0000
vn 0.6947 0.7193 -0.0000
vn 0.2877 0.9577 -0.0000
vn -0.2878 0.9577 -0.0000
vn -0.6947 0.7193 -0.0000
vn -0.9741 0.2262 -0.0000
vn -0.9741 -0.2262 -0.0000
vn -0.6947 -0.7193 -0.0000
vn -0.2877 -0.9577 -0.0000
vn 0.2878 -0.9577 -0.0000
vn 0.6947 -0.7193 -0.0000
vn 0.8625 -0.2262 -0.4527
vn 0.8625 0.2262 -0.4527
vn 0.6151 0.7193 -0.3228
vn 0.2548 0.9577 -0.1337
vn -0.2548 0.9577 0.1337
vn -0.6151 0.7193 0.3228
vn -0.8625 0.2262 0.4527
vn -0.8625 -0.2262 0.4527
vn -0.6151 -0.7193 0.3228
vn -0.2548 -0.9577 0.1337
vn 0.2548 -0.9577 -0.1337
vn 0.6151 -0.7193 -0.3228
vn 0.5533 -0.2262 -0.8017
vn 0.5534 0.2262 -0.8017
vn 0.3946 0.7193 -0.5717
vn 0.1634 0.9577 -0.2368
vn -0.1635 0.9577 0.2368
vn -0.3946 0.7193 0.5717
vn -0.5533 0.2262 0.8017
vn -0.5533 -0.2262 0.8017
vn -0.3946 -0.7193 0.5717
vn -0.1635 -0.9577 0.2368
vn 0.1635 -0.9577 -0.2368
vn 0.3946 -0.7193 -0.5717
vn 0.1174 -0.2262 -0.9670
vn 0.1174 0.2262 -0.9670
vn 0.0837 0.7193 -0.6896
vn 0.0347 0.9577 -0.2857
vn -0.0347 0.9577 0.2857
vn -0.0837 0.7193 0.6896
vn -0.1174 0.2262 0.9670
vn -0.1174 -0.2262 0.9670
vn -0.0837 -0.7193 0.6896
vn -0.0347 -0.9577 0.2857
vn 0.0347 -0.9577 -0.2857
vn 0.0837 -0.7193 -0.6896
vn -0.3454 -0.2262 -0.9108
vn -0.3454 0.2262 -0.9108
vn -0.2463 0.7193 -0.6495
vn -0.1020 0.9577 -0.2691
vn 0.1020 0.9577 0.2691
vn 0.2463 0.7193 0.6495
vn 0.3454 0.2262 0.9108
vn 0.3454 -0.2262 0.9108
vn 0.2463 -0.7193 0.6495
vn 0.1020 -0.9577 0.2691
vn -0.1020 -0.9577 -0.2691
vn -0.2463 -0.7193 -0.6495
vn -0.7291 -0.2262 -0.6459
vn -0.7291 0.2262 -0.6459
vn -0.5200 0.7193 -0.4607
vn -0.2154 0.9577 -0.1908
vn 0.2154 0.9577 0.1908
vn 0.5200 0.7193 0.4607
vn 0.7291 0.2262 0.6459
vn 0.7291 -0.2262 0.6459
vn 0.5200 -0.7193 0.4607
vn 0.2154 -0.9577 0.1908
vn -0.2154 -0.9577 -0.1908
vn -0.5200 -0.7193 -0.4607
vn -0.9458 0.2262 -0.2331
vn -0.9458 -0.2262 -0.2331
vn -0.2794 0.9577 -0.0689
vn -0.6745 0.7193 -0.1663
vn 0.6745 0.7193 0.1663
vn 0.2794 0.9577 0.0689
vn 0.9458 -0.2262 0.2331
vn 0.9458 0.2262 0.2331
vn 0.2794 -0.9577 0.0689
vn 0.6745 -0.7193 0.1662
vn -0.6745 -0.7193 -0.1663
vn -0.2794 -0.9577 -0.0689
vn 0.6745 0.7193 -0.1663
vn 0.6745 -0.7193 -0.1663
vn -0.6745 -0.7193 0.1662
vn 0.2155 0.9577 -0.1908
vn -0.5199 -0.7193 0.4607
vn 0.1021 -0.9577 -0.2691
vn -0.1021 -0.9577 0.2691
vn 0.1635 0.9577 0.2368
vn -0.1635 0.9577 -0.2368
vn -0.3946 0.7193 -0.5717
vn 0.1635 -0.9577 0.2368
vn 0.2548 0.9577 0.1337
vn -0.2548 0.9577 -0.1337
vn 0.2878 0.9577 -0.0000
vn -0.2877 0.9577 -0.0000
vn 0.2877 -0.9577 -0.0000
vn 0.5533 0.2262 -0.8017
vn 0.3947 0.7193 -0.5717
vn 0.1635 0.9577 -0.2368
vn -0.1634 0.9577 0.2368
vn 0.1634 -0.9577 -0.2368
vn -0.2153 -0.9577 -0.1908
vn -0.6745 0.7193 -0.1662
vn 0.6745 -0.7193 0.1663
vn -0.6746 -0.7193 0.1662
vn 0.5200 0.7193 -0.4607
vn 0.7291 0.2262 -0.6459
vn 0.7291 -0.2262 -0.6460
vn 0.1021 0.9577 -0.2691
vn 0.5534 0.2262 0.8016
vn -0.5534 -0.2262 -0.8016
vn -0.1634 -0.9577 -0.2368
vn -0.6152 0.7193 -0.3228
vn 0.6946 0.7194 -0.0000
vn -0.2878 -0.9577 -0.0000
vn -0.3947 -0.7193 0.5717
vn 0.1021 0.9577 0.2691
vn -0.1051 -0.9822 -0.1555
vn -0.6472 -0.5706 -0.5055
vn -0.8346 -0.1440 0.5317
vn -0.9494 -0.2234 -0.2208
vn -0.4986 0.8185 -0.2855
vn -0.8102 0.1753 -0.5593
vn 0.2309 -0.0197 -0.9728
vn -0.5081 -0.1720 -0.8440
vn 0.4175 -0.8746 -0.2466
vn 0.6142 -0.3108 -0.7253
vn 0.0239 0.9261 -0.3766
vn 0.4512 0.4351 -0.7792
vn 0.9494 0.2234 0.2208
vn 0.8346 0.1440 -0.5318
vn 0.4986 -0.8184 0.2855
vn 0.8102 -0.1753 0.5593
vn 0.1051 0.9822 0.1555
vn 0.6472 0.5706 0.5055
vn -0.2309 0.0197 0.9728
vn 0.5081 0.1720 0.8440
vn -0.0239 -0.9261 0.3766
vn -0.4512 -0.4351 0.7792
vn -0.4174 0.8746 0.2466
vn -0.6142 0.3108 0.7253
vn 0.5264 -0.8183 -0.2310
vn 0.9633 -0.1914 -0.1882
vn 0.2291 0.2351 -0.9446
vn 0.8402 0.2450 -0.4838
vn 0.2190 0.9659 0.1384
vn 0.8360 0.5477 -0.0352
vn 0.5161 -0.0875 0.8520
vn 0.9591 0.1113 0.2604
vn 0.2131 -0.9589 0.1874
vn 0.2071 -0.5308 0.8218
vn -0.0943 0.8253 0.5568
vn 0.0798 0.2082 0.9748
vn -0.8402 -0.2450 0.4838
vn -0.2292 -0.2351 0.9446
vn -0.2189 -0.9659 -0.1385
vn -0.8360 -0.5476 0.0352
vn -0.5265 0.8182 0.2310
vn -0.9633 0.1914 0.1882
vn -0.5161 0.0875 -0.8520
vn -0.9591 -0.1113 -0.2604
vn 0.0943 -0.8253 -0.5568
vn -0.0798 -0.2082 -0.9748
vn -0.2131 0.9589 -0.1874
vn -0.2071 0.5308 -0.8218
vn 0.2083 -0.8191 -0.5345
vn 0.3494 -0.1736 -0.9208
vn -0.7326 0.0763 -0.6763
vn -0.0403 0.1973 -0.9795
vn 0.0548 0.9848 -0.1648
vn 0.2858 0.5736 -0.7676
vn 0.9957 0.0894 -0.0230
vn 0.6756 0.2027 -0.7089
vn 0.4347 -0.8992 -0.0495
vn 0.8959 -0.3670 0.2501
vn 0.2812 0.9047 0.3202
vn 0.8324 0.3802 0.4032
vn 0.0404 -0.1973 0.9795
vn 0.7326 -0.0763 0.6763
vn -0.0549 -0.9848 0.1648
vn -0.2858 -0.5736 0.7676
vn -0.2083 0.8191 0.5345
vn -0.3494 0.1736 0.9208
vn -0.9957 -0.0894 0.0230
vn -0.6755 -0.2027 0.7089
vn -0.2812 -0.9047 -0.3202
vn -0.8324 -0.3801 -0.4032
vn -0.4347 0.8992 0.0495
vn -0.8960 0.3670 -0.2501
vn 0.2315 -0.9310 -0.2824
vn 0.2630 -0.4325 -0.8624
vn -0.8058 -0.1873 -0.5617
vn -0.1667 -0.1245 -0.9781
vn -0.0645 0.8840 -0.4630
vn 0.1404 0.3192 -0.9372
vn 0.9729 0.1404 -0.1837
vn 0.5700 0.0112 -0.8215
vn 0.5163 -0.8396 0.1686
vn 0.9507 -0.2121 0.2264
vn 0.2205 0.9753 -0.0120
vn 0.8281 0.5397 0.1516
vn 0.1667 0.1245 0.9781
vn 0.8058 0.1873 0.5617
vn 0.0644 -0.8840 0.4630
vn -0.1404 -0.3192 0.9372
vn -0.2315 0.9309 0.2824
vn -0.2630 0.4325 0.8624
vn -0.9729 -0.1404 0.1837
vn -0.5700 -0.0112 0.8215
vn -0.2204 -0.9753 0.0120
vn -0.8281 -0.5398 -0.1516
vn -0.5163 0.8396 -0.1686
vn -0.9507 0.2121 -0.2264
vn -0.5403 0.3939 0.7436
vn -0.8135 -0.0000 0.5815
vn -0.3684 -0.9219 -0.1197
vn -0.8742 0.3939 -0.2840
vn -0.3684 0.9219 -0.1197
vn -0.0000 -0.9219 -0.3874
vn -0.0000 0.3939 -0.9192
vn 0.3163 -0.0000 -0.9486
vn 0.8742 -0.3939 -0.2840
vn 0.8742 0.3939 -0.2840
vn 0.3684 0.9219 -0.1197
vn 0.5403 0.3939 0.7436
vn -0.4606 0.3932 -0.7958
vn -0.6882 0.3815 -0.6171
vn -0.4606 -0.3932 -0.7958
vn -0.6882 -0.3815 -0.6171
vn -0.8552 -0.1557 -0.4943
vn -0.8552 0.1557 -0.4943
vn 0.1940 0.3815 -0.9038
vn -0.0951 0.3932 -0.9145
vn 0.1940 -0.3815 -0.9038
vn -0.0952 -0.3932 -0.9145
vn -0.3046 -0.1691 -0.9374
vn -0.3046 0.1691 -0.9374
vn 0.4013 -0.1557 -0.9026
vn 0.4013 0.1557 -0.9026
vn 0.8332 -0.1395 -0.5350
vn 0.8332 0.1395 -0.5350
vn 0.9886 0.1395 -0.0569
vn 0.9886 -0.1395 -0.0569
vn 0.4606 0.3932 0.7958
vn 0.6882 0.3815 0.6171
vn 0.4606 -0.3932 0.7958
vn 0.6882 -0.3815 0.6171
vn 0.8552 0.1557 0.4943
vn 0.8552 -0.1557 0.4943
vn -0.1940 0.3815 0.9038
vn 0.0951 0.3932 0.9145
vn -0.1940 -0.3815 0.9038
vn 0.0952 -0.3932 0.9145
vn 0.3046 0.1691 0.9374
vn 0.3046 -0.1691 0.9374
vn -0.4014 0.1557 0.9026
vn -0.4013 -0.1557 0.9026
vn -0.8332 0.1395 0.5350
vn -0.8332 -0.1395 0.5350
vn -0.9886 0.1395 0.0569
vn -0.9886 -0.1395 0.0569
vn -0.4549 0.3652 -0.8123
vn -0.6715 0.3595 -0.6480
vn -0.4549 -0.3652 -0.8123
vn -0.6715 -0.3595 -0.6480
vn -0.8311 0.1484 -0.5359
vn -0.8311 -0.1484 -0.5359
vn 0.1624 0.3595 -0.9189
vn -0.1095 0.3652 -0.9245
vn 0.1624 -0.3595 -0.9189
vn -0.1095 -0.3652 -0.9245
vn -0.3053 0.1547 -0.9396
vn -0.3053 -0.1547 -0.9396
vn 0.3574 0.1484 -0.9221
vn 0.3574 -0.1484 -0.9221
vn 0.8195 -0.1396 -0.5559
vn 0.8195 0.1396 -0.5559
vn 0.9897 -0.1396 -0.0319
vn 0.9897 0.1396 -0.0319
vn 0.4549 0.3652 0.8123
vn 0.6715 0.3595 0.6480
vn 0.4549 -0.3652 0.8123
vn 0.6715 -0.3595 0.6480
vn 0.8311 -0.1484 0.5359
vn 0.8311 0.1484 0.5359
vn -0.1624 0.3595 0.9189
vn 0.1094 0.3652 0.9245
vn -0.1624 -0.3595 0.9189
vn 0.1094 -0.3652 0.9245
vn 0.3053 -0.1547 0.9396
vn 0.3053 0.1547 0.9396
vn -0.3574 -0.1484 0.9221
vn -0.3574 0.1484 0.9221
vn -0.8195 -0.1396 0.5559
vn -0.8195 0.1396 0.5559
vn -0.9897 -0.1396 0.0319
vn -0.9897 0.1396 0.0319
vn -0.0134 -0.4961 0.8682
vn 0.4657 -0.8086 0.3596
vn -0.4846 0.1070 0.8682
vn -0.6719 0.6475 0.3596
vn 0.1175 0.0918 0.9888
vn -0.1175 -0.0918 0.9888
vn -0.5909 -0.4616 0.6617
vn -0.4108 -0.3210 0.8533
vn -0.3949 -0.7941 0.4619
vn 0.3077 -0.9321 0.1913
vn -0.8661 -0.1910 0.4619
vn -0.8300 0.5240 0.1913
vn -0.7878 -0.6155 0.0249
vn -0.7469 -0.5836 0.3185
vn -0.4813 -0.8617 -0.1604
vn 0.2719 -0.9600 -0.0665
vn -0.9526 -0.2586 -0.1604
vn -0.8658 0.4960 -0.0665
vn -0.6161 -0.4813 -0.6235
vn -0.7335 -0.5731 -0.3653
vn -0.2323 -0.6672 -0.7077
vn 0.3750 -0.8795 -0.2931
vn -0.7036 -0.0641 -0.7077
vn -0.7626 0.5766 -0.2932
vn -0.1561 -0.1220 -0.9802
vn -0.3769 -0.2944 -0.8782
vn 0.3769 0.2945 -0.8782
vn 0.1561 0.1220 -0.9802
vn 0.7036 0.0641 -0.7077
vn 0.7626 -0.5766 -0.2931
vn 0.2324 0.6672 -0.7077
vn -0.3750 0.8795 -0.2931
vn 0.7336 0.5731 -0.3653
vn 0.6161 0.4813 -0.6235
vn 0.9526 0.2586 -0.1604
vn 0.8658 -0.4960 -0.0664
vn 0.4814 0.8617 -0.1604
vn -0.2718 0.9600 -0.0665
vn 0.7470 0.5836 0.3185
vn 0.7878 0.6154 0.0249
vn 0.8661 0.1910 0.4619
vn 0.8299 -0.5240 0.1913
vn 0.3949 0.7942 0.4619
vn -0.3076 0.9321 0.1913
vn 0.4109 0.3210 0.8533
vn 0.5909 0.4616 0.6617
vn 0.4846 -0.1070 0.8682
vn 0.6720 -0.6474 0.3596
vn 0.0134 0.4961 0.8682
vn -0.4657 0.8086 0.3596
vn -0.9272 -0.3698 0.0588
vn -0.1949 -0.7033 0.6837
vn -0.8518 0.1718 -0.4949
vn -0.5160 0.4836 -0.7070
vn -0.8902 0.4532 0.0467
vn -0.9720 0.1142 -0.2052
vn -0.6492 -0.3366 -0.6821
vn -0.8660 -0.1661 -0.4716
vn -0.3855 -0.7957 -0.4671
vn 0.0439 -0.8910 0.4519
vn -0.4562 -0.1392 -0.8789
vn -0.3521 0.3548 -0.8661
vn 0.0785 -0.3533 -0.9322
vn -0.2580 -0.4141 -0.8729
vn 0.4550 -0.6437 -0.6153
vn 0.4142 -0.8240 0.3866
vn 0.1574 -0.0282 -0.9871
vn -0.0979 0.4007 -0.9109
vn 0.6623 0.1103 -0.7411
vn 0.4596 -0.1361 -0.8776
vn 0.9612 -0.0283 -0.2743
vn 0.6373 -0.5528 0.5369
vn 0.5271 0.4212 -0.7381
vn 0.0552 0.5869 -0.8078
vn 0.6627 0.7050 -0.2527
vn 0.7464 0.4586 -0.4822
vn 0.7521 0.5872 0.2993
vn 0.5451 -0.2816 0.7896
vn 0.3744 0.8706 -0.3193
vn -0.0080 0.7730 -0.6343
vn 0.0793 0.9831 0.1653
vn 0.3864 0.9222 0.0155
vn -0.0150 0.7392 0.6733
vn 0.2071 -0.2146 0.9545
vn -0.1856 0.9815 -0.0462
vn -0.2400 0.8190 -0.5212
vn -0.6484 0.7351 0.1980
vn -0.3493 0.9055 0.2409
vn -0.7623 0.3132 0.5663
vn -0.1222 -0.4023 0.9073
vn -0.7313 0.6706 -0.1243
vn -0.4661 0.6902 -0.5535
vn -0.9458 0.1810 0.2697
vn -0.9458 0.2750 -0.1728
vn -0.6745 0.3122 -0.6690
vn -0.2794 0.2665 -0.9225
vn 0.2794 0.1318 -0.9511
vn 0.6745 -0.0131 -0.7382
vn 0.9458 -0.1810 -0.2697
vn 0.9458 -0.2750 0.1728
vn 0.6745 -0.3122 0.6690
vn 0.2794 -0.2665 0.9225
vn -0.2794 -0.1318 0.9511
vn -0.6745 0.0131 0.7382
vn -0.7291 0.5848 0.3555
vn -0.7291 0.6788 -0.0870
vn -0.5200 0.6002 -0.6078
vn -0.2154 0.3858 -0.8971
vn 0.2154 0.0125 -0.9764
vn 0.5200 -0.3010 -0.7994
vn 0.7291 -0.5848 -0.3555
vn 0.7291 -0.6788 0.0869
vn 0.5200 -0.6002 0.6078
vn 0.2154 -0.3858 0.8971
vn -0.2154 -0.0125 0.9765
vn -0.5200 0.3011 0.7994
vn -0.3454 0.8438 0.4106
vn -0.3454 0.9379 -0.0319
vn -0.2463 0.7849 -0.5685
vn -0.1020 0.4623 -0.8808
vn 0.1020 -0.0641 -0.9927
vn 0.2463 -0.4858 -0.8386
vn 0.3454 -0.8439 -0.4106
vn 0.3454 -0.9379 0.0319
vn 0.2463 -0.7849 0.5685
vn 0.1020 -0.4623 0.8808
vn -0.1020 0.0641 0.9927
vn -0.2463 0.4858 0.8386
vn 0.1174 0.8988 0.4223
vn 0.1174 0.9929 -0.0202
vn 0.0837 0.8241 -0.5602
vn 0.0347 0.4785 -0.8774
vn -0.0347 -0.0803 -0.9962
vn -0.0837 -0.5250 -0.8470
vn -0.1174 -0.8988 -0.4223
vn -0.1174 -0.9929 0.0202
vn -0.0837 -0.8241 0.5602
vn -0.0347 -0.4785 0.8774
vn 0.0347 0.0803 0.9962
vn 0.0837 0.5250 0.8470
vn 0.5534 0.7371 0.3879
vn 0.5533 0.8312 -0.0545
vn 0.3946 0.7088 -0.5847
vn 0.1635 0.4307 -0.8875
vn -0.1635 -0.0325 -0.9860
vn -0.3946 -0.4097 -0.8224
vn -0.5534 -0.7371 -0.3879
vn -0.5533 -0.8312 0.0546
vn -0.3946 -0.7088 0.5847
vn -0.1635 -0.4308 0.8875
vn 0.1635 0.0325 0.9860
vn 0.3946 0.4097 0.8224
vn 0.8625 0.3958 0.3154
vn 0.8625 0.4898 -0.1271
vn 0.6151 0.4653 -0.6365
vn 0.2548 0.3299 -0.9090
vn -0.2548 0.0683 -0.9646
vn -0.6151 -0.1662 -0.7707
vn -0.8625 -0.3958 -0.3154
vn -0.8625 -0.4898 0.1271
vn -0.6151 -0.4653 0.6365
vn -0.2548 -0.3299 0.9090
vn 0.2548 -0.0683 0.9646
vn 0.6151 0.1662 0.7707
vn 0.9741 -0.0470 0.2212
vn 0.9741 0.0470 -0.2212
vn 0.6947 0.1496 -0.7036
vn 0.2877 0.1991 -0.9368
vn -0.2878 0.1991 -0.9368
vn -0.6947 0.1496 -0.7036
vn -0.9741 0.0470 -0.2212
vn -0.9741 -0.0470 0.2213
vn -0.6947 -0.1496 0.7036
vn -0.2878 -0.1991 0.9368
vn 0.2877 -0.1991 0.9368
vn 0.6947 -0.1496 0.7036
vn 0.8625 -0.4898 0.1271
vn 0.8625 -0.3958 -0.3153
vn 0.6151 -0.1662 -0.7707
vn 0.2548 0.0683 -0.9646
vn -0.2548 0.3299 -0.9090
vn -0.6151 0.4653 -0.6365
vn -0.8625 0.4898 -0.1271
vn -0.8625 0.3958 0.3153
vn -0.6151 0.1662 0.7707
vn -0.2548 -0.0683 0.9646
vn 0.2548 -0.3299 0.9090
vn 0.6151 -0.4653 0.6365
vn 0.5533 -0.8312 0.0546
vn 0.5533 -0.7371 -0.3879
vn 0.3946 -0.4097 -0.8225
vn 0.1635 -0.0325 -0.9860
vn -0.1635 0.4308 -0.8875
vn -0.3946 0.7088 -0.5847
vn -0.5533 0.8312 -0.0546
vn -0.5533 0.7371 0.3879
vn -0.3946 0.4097 0.8225
vn -0.1635 0.0325 0.9860
vn 0.1635 -0.4308 0.8875
vn 0.3946 -0.7088 0.5847
vn 0.1174 -0.9929 0.0202
vn 0.1174 -0.8988 -0.4223
vn 0.0837 -0.5250 -0.8470
vn 0.0347 -0.0803 -0.9962
vn -0.0347 0.4785 -0.8774
vn -0.0837 0.8241 -0.5602
vn -0.1174 0.9929 -0.0202
vn -0.1174 0.8988 0.4223
vn -0.0837 0.5250 0.8470
vn -0.0347 0.0803 0.9962
vn 0.0347 -0.4785 0.8774
vn 0.0837 -0.8241 0.5602
vn -0.3454 -0.9379 0.0319
vn -0.3454 -0.8439 -0.4106
vn -0.2463 -0.4858 -0.8386
vn -0.1020 -0.0641 -0.9927
vn 0.1020 0.4623 -0.8808
vn 0.2463 0.7849 -0.5686
vn 0.3454 0.9379 -0.0319
vn 0.3454 0.8439 0.4106
vn 0.2463 0.4858 0.8386
vn 0.1020 0.0641 0.9927
vn -0.1020 -0.4623 0.8808
vn -0.2463 -0.7849 0.5686
vn -0.7291 -0.6788 0.0870
vn -0.7291 -0.5848 -0.3555
vn -0.5200 -0.3011 -0.7994
vn -0.2154 0.0125 -0.9765
vn 0.2154 0.3858 -0.8971
vn 0.5200 0.6002 -0.6078
vn 0.7291 0.6789 -0.0869
vn 0.7291 0.5848 0.3555
vn 0.5200 0.3011 0.7994
vn 0.2154 -0.0125 0.9765
vn -0.2154 -0.3858 0.8971
vn -0.5200 -0.6001 0.6078
vn -0.9458 -0.1810 -0.2697
vn -0.9458 -0.2750 0.1728
vn -0.2794 0.1318 -0.9511
vn -0.6745 -0.0131 -0.7381
vn 0.6745 0.3122 -0.6690
vn 0.2794 0.2665 -0.9225
vn 0.9458 0.1810 0.2697
vn 0.9458 0.2750 -0.1728
vn 0.2794 -0.1318 0.9511
vn 0.6745 0.0131 0.7381
vn -0.6745 -0.3122 0.6690
vn -0.2794 -0.2665 0.9225
vn -0.2278 -0.9219 0.3134
vn -0.8741 0.3939 -0.2841
vn -0.3163 -0.0000 -0.9487
vn -0.0000 -0.4472 -0.8944
vn 0.8741 0.3939 -0.2841
vn 0.8135 -0.0000 0.5815
vn 0.2276 0.9219 0.3134
vn 0.2402 -0.9702 0.0306
vn 0.8504 -0.5148 0.1084
vn 0.4923 -0.0565 -0.8686
vn 0.9548 -0.1363 -0.2641
vn 0.5107 0.8573 0.0651
vn 0.9625 0.2421 0.1227
vn 0.2586 -0.0565 0.9643
vn 0.8580 -0.1363 0.4951
vn -0.1836 -0.9138 0.3624
vn -0.1728 -0.3785 0.9093
vn 0.0869 0.9138 0.3968
vn -0.0608 0.3785 0.9236
vn -0.9548 0.1363 0.2641
vn -0.4923 0.0565 0.8686
vn -0.5107 -0.8573 -0.0651
vn -0.9624 -0.2422 -0.1227
vn -0.2402 0.9702 -0.0306
vn -0.8504 0.5148 -0.1084
vn -0.2586 0.0565 -0.9643
vn -0.8580 0.1363 -0.4951
vn -0.0869 -0.9138 -0.3968
vn 0.0608 -0.3785 -0.9236
vn 0.1836 0.9138 -0.3624
vn 0.1728 0.3785 -0.9093
vn 0.2371 -0.9712 -0.0243
vn 0.8508 -0.5181 -0.0873
vn 0.2820 -0.0579 -0.9577
vn 0.8694 -0.1399 -0.4739
vn 0.5155 0.8553 -0.0529
vn 0.9661 0.2384 -0.0991
vn 0.4706 -0.0579 0.8805
vn 0.9475 -0.1399 0.2875
vn -0.1001 -0.9132 0.3949
vn 0.0366 -0.3783 0.9250
vn 0.1782 0.9132 0.3664
vn 0.1519 0.3783 0.9131
vn -0.8694 0.1399 0.4739
vn -0.2820 0.0579 0.9577
vn -0.5154 -0.8553 0.0529
vn -0.9661 -0.2384 0.0991
vn -0.2372 0.9712 0.0243
vn -0.8508 0.5181 0.0873
vn -0.4706 0.0579 -0.8805
vn -0.9475 0.1399 -0.2875
vn -0.1782 -0.9132 -0.3664
vn -0.1519 -0.3783 -0.9132
vn 0.1001 0.9132 -0.3950
vn -0.0366 0.3783 -0.9250
vn 0.5198 -0.8514 0.0703
vn 0.9642 -0.2311 0.1302
vn 0.4981 0.0608 -0.8650
vn 0.9552 0.1467 -0.2571
vn 0.2290 0.9729 0.0309
vn 0.8437 0.5245 0.1140
vn 0.2507 0.0608 0.9661
vn 0.8527 0.1467 0.5013
vn 0.0942 -0.9121 0.3989
vn -0.0634 -0.3778 0.9237
vn -0.1966 0.9121 0.3596
vn -0.1839 0.3778 0.9074
vn -0.9552 -0.1467 0.2571
vn -0.4981 -0.0608 0.8650
vn -0.2290 -0.9729 -0.0309
vn -0.8437 -0.5246 -0.1140
vn -0.5198 0.8514 -0.0702
vn -0.9642 0.2311 -0.1302
vn -0.2508 -0.0608 -0.9661
vn -0.8527 -0.1467 -0.5013
vn 0.1966 -0.9122 -0.3596
vn 0.1839 -0.3778 -0.9074
vn -0.0942 0.9122 -0.3989
vn 0.0634 0.3778 -0.9237
vn 0.3176 -0.9481 0.0166
vn 0.8941 -0.4454 0.0468
vn 0.4296 -0.0264 -0.9027
vn 0.9404 -0.0637 -0.3340
vn 0.4448 0.8953 0.0233
vn 0.9468 0.3181 0.0496
vn 0.3330 -0.0264 0.9426
vn 0.9004 -0.0637 0.4303
vn -0.0836 -0.9217 0.3788
vn -0.0746 -0.3818 0.9212
vn 0.0436 0.9217 0.3855
vn -0.0220 0.3818 0.9240
vn -0.9404 0.0637 0.3340
vn -0.4296 0.0264 0.9027
vn -0.4448 -0.8953 -0.0233
vn -0.9468 -0.3181 -0.0495
vn -0.3177 0.9481 -0.0166
vn -0.8941 0.4454 -0.0468
vn -0.3330 0.0264 -0.9426
vn -0.9004 0.0637 -0.4303
vn -0.0436 -0.9217 -0.3855
vn 0.0220 -0.3818 -0.9240
vn 0.0836 0.9217 -0.3789
vn 0.0746 0.3818 -0.9212
vn 0.3863 -0.9188 -0.0805
vn 0.9254 -0.3776 -0.0334
vn 0.3824 0.0820 -0.9204
vn 0.9237 0.0370 -0.3812
vn 0.3790 0.9219 0.0805
vn 0.9224 0.3849 0.0334
vn 0.3830 -0.0790 0.9204
vn 0.9240 -0.0297 0.3812
vn 0.0038 -0.9537 0.3007
vn 0.0018 -0.4617 0.8870
vn -0.0035 0.8870 0.4618
vn -0.0012 0.3007 0.9537
vn -0.9237 -0.0370 0.3812
vn -0.3824 -0.0820 0.9204
vn -0.3790 -0.9219 -0.0805
vn -0.9224 -0.3849 -0.0334
vn -0.3863 0.9188 0.0805
vn -0.9254 0.3776 0.0334
vn -0.3830 0.0790 -0.9204
vn -0.9240 0.0297 -0.3812
vn 0.0035 -0.8870 -0.4617
vn 0.0012 -0.3007 -0.9537
vn -0.0038 0.9537 -0.3007
vn -0.0018 0.4618 -0.8870
vn 0.3981 -0.9138 0.0805
vn 0.9302 -0.3656 0.0334
vn 0.3840 -0.0741 -0.9204
vn 0.9243 -0.0178 -0.3812
vn 0.3672 0.9267 -0.0805
vn 0.9173 0.3967 -0.0334
vn 0.3813 0.0869 0.9204
vn 0.9232 0.0489 0.3812
vn 0.0149 -0.8869 0.4617
vn 0.0051 -0.3007 0.9537
vn -0.0160 0.9536 0.3007
vn -0.0078 0.4617 0.8870
vn -0.9243 0.0178 0.3812
vn -0.3840 0.0741 0.9204
vn -0.3672 -0.9267 0.0805
vn -0.9173 -0.3967 0.0334
vn -0.3981 0.9138 -0.0805
vn -0.9302 0.3657 -0.0334
vn -0.3813 -0.0869 -0.9204
vn -0.9232 -0.0489 -0.3812
vn 0.0160 -0.9536 -0.3007
vn 0.0078 -0.4617 -0.8870
vn -0.0149 0.8869 -0.4617
vn -0.0051 0.3007 -0.9537
vn 0.4489 -0.8936 -0.0000
vn 0.9493 -0.3144 -0.0000
vn 0.3817 0.0278 -0.9239
vn 0.9214 0.0672 -0.3827
vn 0.3144 0.9493 -0.0000
vn 0.8936 0.4489 -0.0000
vn 0.3817 0.0278 0.9239
vn 0.9214 0.0672 0.3827
vn 0.0672 -0.9214 0.3827
vn 0.0278 -0.3817 0.9239
vn -0.0672 0.9214 0.3827
vn -0.0278 0.3817 0.9239
vn -0.9214 -0.0672 0.3827
vn -0.3817 -0.0278 0.9239
vn -0.3144 -0.9493 -0.0000
vn -0.8936 -0.4489 -0.0000
vn -0.4489 0.8936 -0.0000
vn -0.9493 0.3144 -0.0000
vn -0.3817 -0.0278 -0.9239
vn -0.9214 -0.0672 -0.3827
vn 0.0672 -0.9214 -0.3827
vn 0.0278 -0.3817 -0.9239
vn -0.0672 0.9214 -0.3827
vn -0.0278 0.3817 -0.9239
vn 0.3143 -0.9493 -0.0000
vn 0.8935 -0.4490 -0.0000
vn 0.3817 -0.0279 -0.9239
vn 0.9214 -0.0673 -0.3827
vn 0.4490 0.8935 -0.0000
vn 0.9493 0.3143 -0.0000
vn 0.3817 -0.0279 0.9239
vn 0.9214 -0.0673 0.3827
vn -0.0673 -0.9214 0.3827
vn -0.0279 -0.3817 0.9239
vn 0.0673 0.9214 0.3827
vn 0.0279 0.3817 0.9239
vn -0.9214 0.0673 0.3827
vn -0.3817 0.0279 0.9239
vn -0.4490 -0.8935 -0.0000
vn -0.9493 -0.3143 -0.0000
vn -0.3143 0.9493 -0.0000
vn -0.8935 0.4490 -0.0000
vn -0.3817 0.0279 -0.9239
vn -0.9214 0.0673 -0.3827
vn -0.0673 -0.9214 -0.3827
vn -0.0279 -0.3817 -0.9239
vn 0.0673 0.9214 -0.3827
vn 0.0279 0.3817 -0.9239
vn -0.7617 0.3932 0.5150
vn -0.5676 0.3815 0.7296
vn -0.7617 -0.3932 0.5150
vn -0.5676 -0.3815 0.7296
vn -0.4335 -0.1557 0.8876
vn -0.4335 0.1557 0.8876
vn -0.9151 0.3815 -0.1305
vn -0.9056 0.3932 0.1587
vn -0.9151 -0.3815 -0.1305
vn -0.9056 -0.3932 0.1587
vn -0.9138 -0.1691 0.3692
vn -0.9138 0.1691 0.3692
vn -0.9284 -0.1557 -0.3374
vn -0.9284 0.1557 -0.3374
vn -0.5918 -0.1395 -0.7939
vn -0.5918 0.1395 -0.7939
vn -0.1257 -0.1395 -0.9822
vn -0.1257 0.1395 -0.9822
vn 0.7617 0.3932 -0.5150
vn 0.5676 0.3815 -0.7296
vn 0.7617 -0.3932 -0.5150
vn 0.5676 -0.3815 -0.7296
vn 0.4335 -0.1557 -0.8876
vn 0.4335 0.1557 -0.8876
vn 0.9151 0.3815 0.1305
vn 0.9056 0.3932 -0.1587
vn 0.9151 -0.3815 0.1305
vn 0.9056 -0.3932 -0.1587
vn 0.9138 0.1691 -0.3692
vn 0.9138 -0.1691 -0.3692
vn 0.9284 0.1557 0.3374
vn 0.9284 -0.1557 0.3374
vn 0.5918 0.1395 0.7939
vn 0.5918 -0.1395 0.7939
vn 0.1257 0.1395 0.9822
vn 0.1257 -0.1395 0.9822
vn -0.7785 0.3651 0.5104
vn -0.5995 0.3595 0.7151
vn -0.7786 -0.3652 0.5104
vn -0.5995 -0.3595 0.7151
vn -0.4766 -0.1484 0.8665
vn -0.4766 0.1484 0.8665
vn -0.9280 0.3595 -0.0979
vn -0.9146 0.3652 0.1737
vn -0.9280 -0.3595 -0.0979
vn -0.9146 -0.3652 0.1737
vn -0.9160 -0.1547 0.3701
vn -0.9160 0.1547 0.3701
vn -0.9448 -0.1484 -0.2922
vn -0.9448 0.1484 -0.2922
vn -0.6117 -0.1396 -0.7787
vn -0.6117 0.1396 -0.7787
vn -0.1009 -0.1396 -0.9851
vn -0.1009 0.1396 -0.9851
vn 0.7786 0.3652 -0.5104
vn 0.5995 0.3595 -0.7151
vn 0.7786 -0.3652 -0.5104
vn 0.5995 -0.3595 -0.7151
vn 0.4766 -0.1484 -0.8665
vn 0.4766 0.1484 -0.8665
vn 0.9280 0.3595 0.0979
vn 0.9146 0.3652 -0.1737
vn 0.9280 -0.3595 0.0979
vn 0.9146 -0.3652 -0.1737
vn 0.9160 0.1547 -0.3701
vn 0.9160 -0.1547 -0.3701
vn 0.9448 0.1484 0.2922
vn 0.9448 -0.1484 0.2922
vn 0.6117 0.1396 0.7787
vn 0.6117 -0.1396 0.7787
vn 0.1009 0.1396 0.9851
vn 0.1009 -0.1396 0.9851
vn -0.6719 0.6474 0.3596
vn -0.5908 -0.4617 0.6617
vn 0.3076 -0.9321 0.1913
vn -0.8299 0.5240 0.1913
vn -0.7470 -0.5836 0.3185
vn 0.2718 -0.9601 -0.0665
vn -0.6161 -0.4814 -0.6235
vn -0.7336 -0.5731 -0.3653
vn -0.2324 -0.6672 -0.7077
vn 0.3750 -0.8795 -0.2932
vn -0.7626 0.5766 -0.2931
vn -0.1561 -0.1219 -0.9802
vn -0.3769 -0.2945 -0.8782
vn 0.2356 -0.3015 -0.9239
vn -0.2356 0.3015 -0.9239
vn 0.7036 0.0640 -0.7077
vn 0.7626 -0.5766 -0.2932
vn -0.3749 0.8795 -0.2931
vn 0.7335 0.5731 -0.3653
vn 0.6161 0.4814 -0.6235
vn 0.8658 -0.4960 -0.0665
vn 0.7469 0.5836 0.3185
vn 0.8300 -0.5240 0.1913
vn 0.6719 -0.6475 0.3596
vn 0.1233 -0.3698 0.9209
vn 0.6956 -0.7033 0.1467
vn -0.4343 0.1718 0.8842
vn -0.6693 0.4836 0.5640
vn 0.1082 0.4534 0.8847
vn -0.1373 0.1145 0.9839
vn -0.6352 -0.3366 0.6952
vn -0.4100 -0.1661 0.8968
vn -0.4391 -0.7957 0.4172
vn 0.4478 -0.8910 -0.0753
vn -0.8449 -0.1392 0.5164
vn -0.8394 0.3548 0.4117
vn -0.9354 -0.3533 -0.0132
vn -0.8528 -0.4141 0.3182
vn -0.6456 -0.6437 -0.4109
vn 0.3568 -0.8240 -0.4401
vn -0.9957 -0.0282 -0.0882
vn -0.9019 0.4007 0.1612
vn -0.7855 0.1103 -0.6090
vn -0.9076 -0.1361 -0.3973
vn -0.3406 -0.0283 -0.9398
vn 0.4912 -0.5528 -0.6732
vn -0.7731 0.4212 -0.4744
vn -0.8097 0.5869 0.0013
vn -0.2983 0.7050 -0.6434
vn -0.5331 0.4587 -0.7109
vn 0.2461 0.5872 -0.7712
vn 0.7497 -0.2816 -0.5989
vn -0.3446 0.8705 -0.3513
vn -0.6322 0.7730 0.0523
vn 0.1593 0.9830 -0.0907
vn -0.0115 0.9222 -0.3865
vn 0.6728 0.7392 -0.0321
vn 0.9377 -0.2146 -0.2732
vn -0.0330 0.9815 0.1884
vn -0.5032 0.8190 0.2758
vn 0.2428 0.7351 0.6331
vn 0.2646 0.9055 0.3316
vn 0.6181 0.3133 0.7210
vn 0.9136 -0.4023 0.0586
vn -0.0730 0.6705 0.7383
vn -0.5197 0.6902 0.5036
vn -0.3695 0.8682 0.3313
vn -0.2672 0.3596 0.8940
vn -0.2554 0.8682 -0.4255
vn 0.0083 0.3596 -0.9331
vn 0.1474 0.9888 0.0222
vn -0.1474 0.9888 -0.0222
vn -0.7414 0.6617 -0.1118
vn -0.5156 0.8533 -0.0777
vn -0.8482 0.4619 0.2591
vn -0.4654 0.1913 0.8642
vn -0.7341 0.4619 -0.4977
vn -0.1900 0.1913 -0.9630
vn -0.9885 0.0249 -0.1490
vn -0.9373 0.3185 -0.1413
vn -0.9567 -0.1604 0.2428
vn -0.5104 -0.0665 0.8574
vn -0.8426 -0.1604 -0.5140
vn -0.2349 -0.0665 -0.9697
vn -0.7731 -0.6235 -0.1165
vn -0.9205 -0.3653 -0.1388
vn -0.6443 -0.7077 0.2899
vn -0.3810 -0.2932 0.8769
vn -0.5302 -0.7077 -0.4669
vn -0.1055 -0.2932 -0.9502
vn -0.1959 -0.9802 -0.0295
vn -0.4729 -0.8782 -0.0713
vn -0.0570 -0.9239 0.3784
vn -0.1377 -0.3827 0.9136
vn 0.0570 -0.9239 -0.3784
vn 0.1377 -0.3827 -0.9136
vn 0.4729 -0.8782 0.0713
vn 0.1959 -0.9802 0.0295
vn 0.5302 -0.7077 0.4669
vn 0.1055 -0.2932 0.9502
vn 0.6443 -0.7077 -0.2899
vn 0.3810 -0.2932 -0.8769
vn 0.9205 -0.3653 0.1388
vn 0.7731 -0.6235 0.1165
vn 0.8426 -0.1604 0.5140
vn 0.2349 -0.0665 0.9697
vn 0.9567 -0.1604 -0.2428
vn 0.5104 -0.0665 -0.8574
vn 0.9373 0.3185 0.1413
vn 0.9885 0.0249 0.1490
vn 0.7341 0.4619 0.4977
vn 0.1900 0.1913 0.9630
vn 0.8482 0.4619 -0.2591
vn 0.4654 0.1913 -0.8642
vn 0.5156 0.8533 0.0777
vn 0.7414 0.6617 0.1118
vn 0.2554 0.8682 0.4255
vn -0.0083 0.3596 0.9331
vn 0.3695 0.8682 -0.3313
vn 0.2671 0.3596 -0.8941
vn -0.3517 0.8682 0.3502
vn -0.2200 0.3596 0.9068
vn -0.2773 0.8682 -0.4116
vn -0.0405 0.3596 -0.9322
vn 0.1484 0.9888 0.0145
vn -0.1484 0.9888 -0.0145
vn -0.7463 0.6617 -0.0728
vn -0.5189 0.8533 -0.0506
vn -0.8335 0.4619 0.3032
vn -0.4196 0.1913 0.8873
vn -0.7592 0.4619 -0.4586
vn -0.2401 0.1913 -0.9517
vn -0.9950 0.0249 -0.0971
vn -0.9434 0.3185 -0.0921
vn -0.9427 -0.1604 0.2925
vn -0.4648 -0.0665 0.8829
vn -0.8684 -0.1604 -0.4692
vn -0.2854 -0.0665 -0.9561
vn -0.7781 -0.6235 -0.0759
vn -0.9265 -0.3653 -0.0904
vn -0.6282 -0.7077 0.3232
vn -0.3346 -0.2932 0.8956
vn -0.5539 -0.7077 -0.4386
vn -0.1551 -0.2932 -0.9434
vn -0.1972 -0.9802 -0.0192
vn -0.4760 -0.8782 -0.0465
vn -0.0372 -0.9239 0.3809
vn -0.0897 -0.3827 0.9195
vn 0.0372 -0.9239 -0.3809
vn 0.0897 -0.3827 -0.9195
vn 0.4760 -0.8782 0.0465
vn 0.1972 -0.9802 0.0192
vn 0.5539 -0.7077 0.4385
vn 0.1551 -0.2932 0.9434
vn 0.6282 -0.7077 -0.3232
vn 0.3346 -0.2932 -0.8956
vn 0.9265 -0.3653 0.0904
vn 0.7781 -0.6235 0.0759
vn 0.8684 -0.1604 0.4693
vn 0.2854 -0.0665 0.9561
vn 0.9427 -0.1604 -0.2925
vn 0.4648 -0.0664 -0.8829
vn 0.9434 0.3185 0.0921
vn 0.9950 0.0249 0.0971
vn 0.7592 0.4619 0.4586
vn 0.2401 0.1913 0.9517
vn 0.8335 0.4619 -0.3032
vn 0.4196 0.1913 -0.8873
vn 0.5189 0.8533 0.0506
vn 0.7463 0.6617 0.0728
vn 0.2773 0.8682 0.4116
vn 0.0405 0.3596 0.9322
vn 0.3517 0.8682 -0.3502
vn 0.2200 0.3596 -0.9068
vn 0.5467 -0.8260 0.1373
vn 0.9782 -0.2077 0.0059
vn 0.3450 -0.1040 -0.9328
vn 0.8946 0.0914 -0.4373
vn 0.2050 0.9605 -0.1882
vn 0.8367 0.5323 -0.1289
vn 0.4067 0.2384 0.8819
vn 0.9202 0.2332 0.3143
vn 0.1836 -0.8223 0.5386
vn 0.1016 -0.1988 0.9748
vn -0.1580 0.9642 0.2131
vn -0.0399 0.5412 0.8399
vn -0.8946 -0.0914 0.4373
vn -0.3450 0.1040 0.9328
vn -0.2051 -0.9605 0.1882
vn -0.8367 -0.5323 0.1289
vn -0.5467 0.8260 -0.1373
vn -0.9782 0.2077 -0.0059
vn -0.4067 -0.2384 -0.8819
vn -0.9202 -0.2332 -0.3143
vn 0.1580 -0.9642 -0.2131
vn 0.0399 -0.5412 -0.8399
vn -0.1836 0.8223 -0.5386
vn -0.1016 0.1988 -0.9748
vn -0.2119 -0.9748 -0.0697
vn -0.5497 -0.5617 -0.6183
vn -0.9673 0.0422 0.2499
vn -0.8626 -0.1404 -0.4859
vn -0.2501 0.8169 -0.5198
vn -0.5655 0.1805 -0.8047
vn 0.5054 -0.2001 -0.8394
vn -0.2526 -0.2408 -0.9371
vn 0.3241 -0.9460 -0.0006
vn 0.7443 -0.4922 -0.4514
vn 0.2859 0.8457 -0.4506
vn 0.7285 0.2499 -0.6379
vn 0.8626 0.1404 0.4859
vn 0.9673 -0.0422 -0.2499
vn 0.2500 -0.8169 0.5197
vn 0.5655 -0.1805 0.8047
vn 0.2119 0.9748 0.0697
vn 0.5497 0.5617 0.6183
vn -0.5054 0.2001 0.8394
vn 0.2526 0.2408 0.9371
vn -0.2859 -0.8457 0.4506
vn -0.7285 -0.2499 0.6379
vn -0.3241 0.9460 0.0006
vn -0.7443 0.4922 0.4514
vn 0.1159 -0.9689 -0.2185
vn 0.5049 -0.5128 -0.6944
vn -0.5042 -0.0167 -0.8634
vn 0.2480 -0.1184 -0.9615
vn 0.3409 0.8575 -0.3853
vn 0.5981 0.2437 -0.7635
vn 0.9611 -0.0947 0.2596
vn 0.8550 -0.1507 -0.4963
vn 0.1910 -0.9293 0.3160
vn 0.6860 -0.4172 0.5960
vn 0.4160 0.8971 0.1492
vn 0.7792 0.3393 0.5269
vn -0.2480 0.1184 0.9615
vn 0.5042 0.0167 0.8634
vn -0.3409 -0.8575 0.3853
vn -0.5981 -0.2438 0.7635
vn -0.1159 0.9689 0.2185
vn -0.5049 0.5128 0.6944
vn -0.9611 0.0947 -0.2596
vn -0.8550 0.1507 0.4963
vn -0.4160 -0.8971 -0.1492
vn -0.7792 -0.3393 -0.5269
vn -0.1910 0.9293 -0.3160
vn -0.6860 0.4172 -0.5960
vn 0.4641 -0.8858 -0.0078
vn 0.8972 -0.3256 -0.2985
vn 0.0103 -0.1512 -0.9884
vn 0.7092 -0.0214 -0.7047
vn 0.2408 0.9270 -0.2875
vn 0.8047 0.4253 -0.4143
vn 0.6946 0.1925 0.6932
vn 0.9926 0.1210 -0.0081
vn 0.2533 -0.8352 0.4881
vn 0.3884 -0.2036 0.8987
vn 0.0301 0.9776 0.2084
vn 0.2959 0.5473 0.7829
vn -0.7092 0.0214 0.7047
vn -0.0103 0.1512 0.9884
vn -0.2408 -0.9270 0.2875
vn -0.8047 -0.4253 0.4143
vn -0.4641 0.8857 0.0078
vn -0.8972 0.3256 0.2985
vn -0.6946 -0.1925 -0.6932
vn -0.9926 -0.1210 0.0081
vn -0.0301 -0.9776 -0.2084
vn -0.2959 -0.5473 -0.7829
vn -0.2533 0.8352 -0.4881
vn -0.3884 0.2036 -0.8987
vn -0.2708 -0.9566 -0.1079
vn -0.3867 -0.5459 -0.7433
vn -0.9893 0.1336 -0.0590
vn -0.6844 -0.0943 -0.7230
vn -0.0038 0.8069 -0.5907
vn -0.2761 0.1846 -0.9432
vn 0.7147 -0.2833 -0.6395
vn 0.0215 -0.2670 -0.9635
vn 0.2194 -0.9681 0.1212
vn 0.7967 -0.5737 -0.1902
vn 0.4864 0.7954 -0.3616
vn 0.9073 0.1568 -0.3902
vn 0.6843 0.0943 0.7230
vn 0.9893 -0.1336 0.0591
vn 0.0038 -0.8069 0.5907
vn 0.2761 -0.1846 0.9432
vn 0.2708 0.9566 0.1079
vn 0.3867 0.5459 0.7433
vn -0.7147 0.2833 0.6395
vn -0.0215 0.2670 0.9635
vn -0.4864 -0.7954 0.3616
vn -0.9073 -0.1568 0.3902
vn -0.2194 0.9681 -0.1212
vn -0.7967 0.5737 0.1902
vn 0.4446 -0.8027 -0.3976
vn 0.8713 -0.1704 -0.4602
vn -0.0505 0.2663 -0.9626
vn 0.6662 0.2724 -0.6942
vn 0.2425 0.9648 0.1021
vn 0.7876 0.5617 -0.2532
vn 0.7377 -0.1042 0.6670
vn 0.9927 0.1189 -0.0192
vn 0.2643 -0.9604 0.0877
vn 0.4360 -0.5513 0.7113
vn 0.0622 0.8070 0.5873
vn 0.3523 0.1808 0.9183
vn -0.6662 -0.2724 0.6942
vn 0.0505 -0.2663 0.9626
vn -0.2425 -0.9648 -0.1021
vn -0.7876 -0.5617 0.2532
vn -0.4446 0.8027 0.3976
vn -0.8713 0.1704 0.4602
vn -0.7377 0.1042 -0.6670
vn -0.9927 -0.1189 0.0192
vn -0.0622 -0.8070 -0.5873
vn -0.3523 -0.1808 -0.9183
vn -0.2643 0.9605 -0.0877
vn -0.4360 0.5513 -0.7113
vn 0.3329 -0.9421 -0.0391
vn 0.7104 -0.4780 -0.5165
vn -0.3251 -0.2322 -0.9167
vn 0.4379 -0.1840 -0.8800
vn 0.2396 0.8543 -0.4612
vn 0.6718 0.2661 -0.6913
vn 0.8976 0.1444 0.4165
vn 0.9443 -0.0280 -0.3278
vn 0.2998 -0.8202 0.4871
vn 0.6307 -0.1837 0.7540
vn 0.2066 0.9763 0.0651
vn 0.5920 0.5604 0.5792
vn -0.4379 0.1840 0.8800
vn 0.3251 0.2322 0.9167
vn -0.2396 -0.8543 0.4612
vn -0.6718 -0.2661 0.6913
vn -0.3329 0.9421 0.0391
vn -0.7104 0.4781 0.5165
vn -0.8976 -0.1444 -0.4165
vn -0.9443 0.0280 0.3278
vn -0.2066 -0.9763 -0.0651
vn -0.5920 -0.5604 -0.5792
vn -0.2999 0.8202 -0.4871
vn -0.6307 0.1837 -0.7540
vn -0.0420 -0.9665 -0.2533
vn -0.4413 -0.5210 -0.7306
vn -0.9621 -0.1663 0.2159
vn -0.8225 -0.1895 -0.5363
vn -0.3820 0.8458 -0.3724
vn -0.5822 0.2297 -0.7799
vn 0.5382 0.0457 -0.8416
vn -0.2010 -0.1017 -0.9743
vn 0.4808 -0.8622 -0.1595
vn 0.8206 -0.2693 -0.5041
vn 0.1407 0.9501 -0.2785
vn 0.6798 0.4813 -0.5534
vn 0.8225 0.1895 0.5363
vn 0.9621 0.1663 -0.2159
vn 0.3820 -0.8458 0.3724
vn 0.5822 -0.2297 0.7799
vn 0.0420 0.9665 0.2533
vn 0.4413 0.5210 0.7306
vn -0.5382 -0.0457 0.8416
vn 0.2010 0.1017 0.9743
vn -0.1407 -0.9501 0.2785
vn -0.6797 -0.4814 0.5534
vn -0.4807 0.8622 0.1595
vn -0.8206 0.2693 0.5041
vn -0.0000 -1.0000 -0.0000
vn 0.7648 -0.0000 -0.6442
vn -0.6442 -0.0000 -0.7648
vn -0.0000 1.0000 -0.0000
vn 0.6442 -0.0000 0.7648
vn -0.7648 -0.0000 0.6442
vn -0.9403 -0.0000 -0.3403
vn -0.3403 -0.0000 0.9403
vn 0.3403 -0.0000 -0.9403
vn 0.9403 -0.0000 0.3403
vn 0.1755 -0.0000 0.9845
vn 0.9845 -0.0000 -0.1755
vn -0.9845 -0.0000 0.1755
vn -0.1755 -0.0000 -0.9845
vn -0.0279 -0.9996 -0.0000
vn 0.9996 -0.0279 -0.0000
vn -0.0000 -0.0000 -1.0000
vn 0.0279 0.9996 -0.0000
vn -0.0000 -0.0000 1.0000
vn -0.9996 0.0279 -0.0000
vn 0.0419 -0.9991 -0.0000
vn 0.9991 0.0419 -0.0000
vn -0.0419 0.9991 -0.0000
vn -0.9991 -0.0419 -0.0000
vn 1.0000 -0.0000 -0.0000
vn -1.0000 -0.0000 -0.0000
vn -0.0384 -0.9993 -0.0000
vn 0.9993 -0.0384 -0.0000
vn 0.0384 0.9993 -0.0000
vn -0.9993 0.0384 -0.0000
vn -0.6157 -0.7880 -0.0000
vn 0.7880 -0.6157 -0.0000
vn 0.6157 0.7880 -0.0000
vn -0.7880 0.6157 -0.0000
vn 0.6157 -0.7880 -0.0000
vn 0.7880 0.6157 -0.0000
vn -0.6157 0.7880 -0.0000
vn -0.7880 -0.6157 -0.0000
vn -0.5878 -0.0000 0.8090
vn 0.5878 -0.0000 0.8090
vn -0.9511 -0.0000 -0.3090
vn 0.9511 -0.0000 -0.3090
vn -0.2393 -0.0000 0.9709
vn 0.2393 -0.0000 0.9709
vn -0.6631 -0.0000 0.7485
vn -0.9350 -0.0000 0.3546
vn -0.9927 -0.0000 -0.1205
vn -0.8230 -0.0000 -0.5681
vn -0.4647 -0.0000 -0.8855
vn 0.4647 -0.0000 -0.8855
vn 0.8230 -0.0000 -0.5681
vn 0.9927 -0.0000 -0.1205
vn 0.9350 -0.0000 0.3546
vn 0.6631 -0.0000 0.7485
vn -0.8470 0.4890 -0.2088
vn -0.8470 0.4890 0.2088
vn -0.8469 -0.4890 0.2088
vn -0.8469 -0.4890 -0.2088
vn 0.8469 0.4890 -0.2088
vn 0.8470 0.4890 0.2088
vn 0.8469 -0.4890 -0.2088
vn 0.8469 -0.4890 0.2088
vn -0.6529 -0.4890 0.5784
vn -0.6529 0.4890 0.5784
vn 0.6529 0.4890 -0.5784
vn 0.6529 -0.4890 -0.5784
vn -0.3093 -0.4890 0.8156
vn -0.3093 0.4890 0.8156
vn 0.3093 0.4890 -0.8156
vn 0.3093 -0.4890 -0.8156
vn 0.1051 -0.4890 0.8659
vn 0.1051 0.4890 0.8659
vn -0.1051 0.4890 -0.8659
vn -0.1051 -0.4890 -0.8659
vn 0.4955 -0.4890 0.7179
vn 0.4955 0.4890 0.7179
vn -0.4955 0.4890 -0.7179
vn -0.4955 -0.4890 -0.7179
vn 0.7724 -0.4890 0.4054
vn 0.7724 0.4890 0.4054
vn -0.7724 0.4890 -0.4054
vn -0.7724 -0.4890 -0.4054
vn 0.8723 -0.4890 -0.0000
vn 0.8723 0.4890 -0.0000
vn -0.8723 0.4890 -0.0000
vn -0.8723 -0.4890 -0.0000
vn 0.7724 -0.4890 -0.4054
vn 0.7724 0.4890 -0.4054
vn -0.7724 0.4890 0.4054
vn -0.7724 -0.4890 0.4054
vn 0.4955 -0.4890 -0.7179
vn 0.4955 0.4890 -0.7179
vn -0.4955 0.4890 0.7179
vn -0.4955 -0.4890 0.7179
vn 0.1051 -0.4890 -0.8659
vn 0.1051 0.4890 -0.8659
vn -0.1051 0.4890 0.8659
vn -0.1051 -0.4890 0.8659
vn -0.3093 -0.4890 -0.8156
vn -0.3093 0.4890 -0.8156
vn 0.3093 0.4890 0.8156
vn 0.3093 -0.4890 0.8156
vn -0.6529 -0.4890 -0.5784
vn -0.6529 0.4890 -0.5784
vn 0.6529 0.4890 0.5785
vn 0.6529 -0.4890 0.5784
vn -0.8469 0.4890 -0.2088
vn -0.8469 0.4890 0.2088
vn 0.8470 0.4890 -0.2087
vn 0.8469 0.4890 0.2088
vn 0.6529 0.4890 0.5784
vn -0.8470 0.4890 0.2087
vn -0.8470 -0.4890 -0.2087
vn 0.0001 1.0000 -0.0000
vn 0.2130 -0.9745 0.0703
vn -0.7888 -0.2140 -0.5763
vn -0.5766 -0.0673 0.8142
vn -0.2130 0.9745 -0.0703
vn 0.5766 0.0673 -0.8142
vn 0.7888 0.2140 0.5763
vn 0.1664 -0.9656 -0.1999
vn 0.9738 0.1928 -0.1209
vn -0.1553 0.1746 -0.9723
vn -0.1664 0.9656 0.1999
vn 0.1553 -0.1746 0.9723
vn -0.9738 -0.1928 0.1209
vn 0.0830 -0.9763 -0.2001
vn 0.3438 0.2165 -0.9138
vn -0.9354 -0.0071 -0.3536
vn -0.0830 0.9763 0.2001
vn 0.9354 0.0071 0.3536
vn -0.3438 -0.2165 0.9138
vn 0.1602 -0.9822 0.0977
vn 0.2183 -0.0613 -0.9740
vn -0.9627 -0.1773 -0.2046
vn -0.1602 0.9822 -0.0977
vn 0.9627 0.1773 0.2046
vn -0.2183 0.0613 0.9740
vn -0.8092 0.3557 -0.4677
vn -0.9452 -0.3220 0.0544
vn -0.8092 -0.3557 -0.4677
vn -0.9452 0.3220 0.0544
vn -0.1679 0.8396 -0.5167
vn -0.4984 0.8177 -0.2881
vn -0.2855 0.3826 -0.8787
vn -0.2855 -0.3826 -0.8787
vn -0.4985 -0.8176 -0.2881
vn -0.1679 -0.8396 -0.5167
vn 0.2339 0.8177 -0.5261
vn 0.3797 0.3557 -0.8540
vn 0.3797 -0.3557 -0.8540
vn 0.2339 -0.8177 -0.5261
vn 0.7966 0.3220 -0.5115
vn 0.7966 -0.3220 -0.5115
vn 0.9452 0.3220 -0.0544
vn 0.9452 -0.3220 -0.0544
vn 0.8092 0.3557 0.4677
vn 0.8092 -0.3557 0.4677
vn 0.1679 0.8396 0.5167
vn 0.4984 0.8177 0.2881
vn 0.2855 0.3826 0.8787
vn 0.2855 -0.3826 0.8787
vn 0.4985 -0.8176 0.2881
vn 0.1679 -0.8396 0.5167
vn -0.2339 0.8177 0.5261
vn -0.3797 0.3557 0.8540
vn -0.3797 -0.3557 0.8540
vn -0.2339 -0.8177 0.5261
vn -0.7966 0.3220 0.5115
vn -0.7966 -0.3220 0.5115
vn -0.7902 0.3406 -0.5095
vn -0.9462 -0.3222 0.0305
vn -0.7902 -0.3406 -0.5095
vn -0.9462 0.3222 0.0305
vn -0.1787 0.8159 -0.5499
vn -0.4997 0.8040 -0.3222
vn -0.2890 0.3537 -0.8896
vn -0.2890 -0.3537 -0.8896
vn -0.4997 -0.8040 -0.3222
vn -0.1787 -0.8159 -0.5499
vn 0.2149 0.8040 -0.5544
vn 0.3398 0.3406 -0.8767
vn 0.3398 -0.3406 -0.8767
vn 0.2149 -0.8040 -0.5544
vn 0.7834 0.3222 -0.5314
vn 0.7834 -0.3222 -0.5314
vn 0.9462 0.3222 -0.0305
vn 0.9462 -0.3222 -0.0305
vn 0.7902 0.3406 0.5095
vn 0.7902 -0.3406 0.5095
vn 0.1787 0.8159 0.5499
vn 0.4997 0.8040 0.3222
vn 0.2890 0.3537 0.8896
vn 0.2890 -0.3537 0.8896
vn 0.4998 -0.8040 0.3222
vn 0.1787 -0.8159 0.5499
vn -0.2149 0.8040 0.5544
vn -0.3398 0.3406 0.8767
vn -0.3398 -0.3406 0.8767
vn -0.2149 -0.8040 0.5544
vn -0.7834 0.3222 0.5314
vn -0.7834 -0.3222 0.5314
vn -0.2695 -0.2106 0.9397
vn 0.2695 0.2106 0.9397
vn -0.6825 -0.5332 0.5000
vn -0.7761 -0.6063 -0.1736
vn -0.5065 -0.3957 -0.7661
vn 0.5065 0.3957 -0.7660
vn 0.7760 0.6063 -0.1737
vn 0.6825 0.5332 0.5000
vn 0.2435 -0.6157 0.7494
vn -0.9525 -0.0426 -0.3016
vn -0.8036 0.5742 0.1567
vn -0.2435 0.6157 -0.7495
vn -0.4633 -0.4272 -0.7764
vn 0.2956 -0.2899 -0.9103
vn 0.7527 0.2658 -0.6023
vn 0.5639 0.8215 -0.0844
vn -0.1287 0.9588 0.2534
vn -0.8469 -0.1025 -0.5217
vn -0.8469 0.3059 -0.4349
vn -0.8469 0.1025 0.5217
vn -0.8469 -0.3059 0.4349
vn -0.0000 0.2079 -0.9781
vn 0.8469 -0.1025 -0.5217
vn 0.8469 0.3059 -0.4349
vn 0.8469 -0.3059 0.4349
vn 0.8469 0.1025 0.5217
vn -0.0000 -0.2079 0.9781
vn -0.6529 0.4641 0.5986
vn -0.6529 0.6675 -0.3580
vn 0.6529 -0.4641 -0.5986
vn 0.6529 -0.6675 0.3580
vn -0.3093 0.6961 0.6479
vn -0.3093 0.8994 -0.3087
vn 0.3093 -0.6961 -0.6479
vn 0.3093 -0.8995 0.3087
vn 0.1051 0.7453 0.6583
vn 0.1051 0.9487 -0.2983
vn -0.1051 -0.7453 -0.6583
vn -0.1051 -0.9487 0.2983
vn 0.4955 0.6005 0.6276
vn 0.4955 0.8039 -0.3290
vn -0.4955 -0.6005 -0.6276
vn -0.4955 -0.8039 0.3290
vn 0.7724 0.2948 0.5626
vn 0.7724 0.4982 -0.3940
vn -0.7724 -0.2948 -0.5626
vn -0.7724 -0.4982 0.3940
vn 0.8723 -0.1017 0.4783
vn 0.8723 0.1017 -0.4783
vn -0.8723 0.1017 -0.4783
vn -0.8723 -0.1017 0.4783
vn 0.7724 -0.4982 0.3940
vn 0.7724 -0.2949 -0.5626
vn -0.7724 0.4982 -0.3940
vn -0.7724 0.2948 0.5626
vn 0.4955 -0.8039 0.3290
vn 0.4955 -0.6005 -0.6276
vn -0.4955 0.8039 -0.3290
vn -0.4955 0.6005 0.6276
vn 0.1051 -0.9487 0.2983
vn 0.1051 -0.7453 -0.6583
vn -0.1051 0.9487 -0.2983
vn -0.1051 0.7453 0.6583
vn -0.3093 -0.8994 0.3087
vn -0.3093 -0.6961 -0.6479
vn 0.3093 0.8995 -0.3087
vn 0.3093 0.6961 0.6479
vn -0.6529 -0.6675 0.3580
vn -0.6529 -0.4641 -0.5986
vn 0.6529 0.6675 -0.3580
vn 0.6529 0.4641 0.5986
vn -0.1464 -0.9891 -0.0187
vn 0.9811 -0.1476 0.1251
vn 0.1264 -0.0000 -0.9920
vn 0.1464 0.9891 0.0187
vn -0.1264 -0.0000 0.9920
vn -0.9811 0.1476 -0.1251
vn -0.1506 -0.9885 0.0154
vn 0.9833 -0.1514 -0.1009
vn -0.1020 -0.0000 -0.9948
vn 0.1506 0.9885 -0.0154
vn 0.1020 -0.0000 0.9948
vn -0.9833 0.1514 0.1009
vn 0.1574 -0.9873 0.0213
vn 0.9784 0.1588 0.1322
vn 0.1339 -0.0000 -0.9910
vn -0.1574 0.9873 -0.0213
vn -0.1339 -0.0000 0.9910
vn -0.9784 -0.1588 -0.1322
vn -0.0688 -0.9976 -0.0036
vn 0.9963 -0.0689 0.0522
vn 0.0523 -0.0000 -0.9986
vn 0.0688 0.9976 0.0036
vn -0.0523 -0.0000 0.9986
vn -0.9963 0.0689 -0.0522
vn 0.0039 -0.9962 -0.0872
vn 1.0000 0.0040 -0.0000
vn -0.0003 0.0872 -0.9962
vn -0.0039 0.9962 0.0872
vn 0.0003 -0.0872 0.9962
vn -1.0000 -0.0040 -0.0000
vn 0.0167 -0.9961 0.0872
vn 0.9999 0.0168 -0.0000
vn 0.0015 -0.0871 -0.9962
vn -0.0167 0.9961 -0.0872
vn -0.0015 0.0871 0.9962
vn -0.9999 -0.0168 -0.0000
vn 0.0728 -0.9973 -0.0000
vn 0.9973 0.0728 -0.0000
vn -0.0728 0.9973 -0.0000
vn -0.9973 -0.0728 -0.0000
vn -0.0729 -0.9973 -0.0000
vn 0.9973 -0.0729 -0.0000
vn 0.0729 0.9973 -0.0000
vn -0.9973 0.0729 -0.0000
vn -0.4101 0.3557 0.8398
vn 0.1202 -0.3220 0.9391
vn -0.4101 -0.3557 0.8398
vn 0.1202 0.3220 0.9391
vn -0.5037 0.8396 0.2035
vn -0.2526 0.8176 0.5173
vn -0.8566 0.3826 0.3461
vn -0.8566 -0.3826 0.3461
vn -0.2526 -0.8177 0.5173
vn -0.5037 -0.8396 0.2035
vn -0.5411 0.8177 -0.1966
vn -0.8784 0.3557 -0.3192
vn -0.8784 -0.3557 -0.3192
vn -0.5411 -0.8177 -0.1966
vn -0.5659 0.3220 -0.7590
vn -0.5658 -0.3220 -0.7590
vn -0.1202 0.3220 -0.9391
vn -0.1202 -0.3220 -0.9391
vn 0.4101 0.3557 -0.8398
vn 0.4101 -0.3557 -0.8398
vn 0.5037 0.8396 -0.2035
vn 0.2526 0.8176 -0.5173
vn 0.8566 0.3826 -0.3461
vn 0.8566 -0.3826 -0.3461
vn 0.2526 -0.8176 -0.5173
vn 0.5037 -0.8396 -0.2035
vn 0.5411 0.8177 0.1966
vn 0.8784 0.3557 0.3192
vn 0.8784 -0.3557 0.3192
vn 0.5411 -0.8177 0.1966
vn 0.5659 0.3220 0.7590
vn 0.5659 -0.3220 0.7590
vn -0.4532 0.3406 0.8238
vn 0.0965 -0.3222 0.9417
vn -0.4532 -0.3406 0.8238
vn 0.0965 0.3222 0.9417
vn -0.5361 0.8159 0.2166
vn -0.2866 0.8040 0.5210
vn -0.8673 0.3537 0.3504
vn -0.8672 -0.3537 0.3504
vn -0.2866 -0.8040 0.5210
vn -0.5361 -0.8159 0.2166
vn -0.5681 0.8040 -0.1757
vn -0.8982 0.3406 -0.2778
vn -0.8982 -0.3406 -0.2778
vn -0.5681 -0.8040 -0.1757
vn -0.5848 0.3222 -0.7444
vn -0.5848 -0.3222 -0.7444
vn -0.0965 0.3222 -0.9417
vn -0.0965 -0.3222 -0.9417
vn 0.4532 0.3406 -0.8238
vn 0.4532 -0.3406 -0.8238
vn 0.5361 0.8159 -0.2166
vn 0.2866 0.8040 -0.5210
vn 0.8673 0.3537 -0.3504
vn 0.8672 -0.3537 -0.3504
vn 0.2866 -0.8040 -0.5210
vn 0.5361 -0.8159 -0.2166
vn 0.5681 0.8040 0.1757
vn 0.8982 0.3406 0.2778
vn 0.8982 -0.3406 0.2778
vn 0.5681 -0.8040 0.1757
vn 0.5848 0.3222 0.7444
vn 0.5848 -0.3222 0.7444
vn -0.6824 -0.5332 0.5000
vn -0.7760 -0.6063 -0.1737
vn 0.5065 0.3957 -0.7661
vn 0.6824 0.5332 0.5000
vn 0.7306 -0.6157 -0.2952
vn -0.2344 -0.0426 0.9712
vn 0.2124 0.5742 0.7907
vn -0.7306 0.6157 0.2952
vn -0.7422 -0.4272 0.5164
vn -0.9287 -0.2899 -0.2313
vn -0.6533 0.2658 -0.7089
vn -0.1236 0.8215 -0.5566
vn 0.2617 0.9588 0.1107
vn -0.1491 -0.0000 0.9888
vn -0.3382 0.9397 -0.0510
vn 0.3382 0.9397 0.0510
vn 0.1491 -0.0000 -0.9888
vn -0.8563 0.5000 -0.1291
vn -0.9738 -0.1736 -0.1468
vn -0.6356 -0.7660 -0.0958
vn 0.6356 -0.7660 0.0958
vn 0.9738 -0.1736 0.1468
vn 0.8563 0.5000 0.1291
vn -0.0971 -0.0000 0.9953
vn -0.3404 0.9397 -0.0332
vn 0.3404 0.9397 0.0332
vn 0.0971 -0.0000 -0.9953
vn -0.8619 0.5000 -0.0841
vn -0.9802 -0.1736 -0.0957
vn -0.6397 -0.7660 -0.0624
vn 0.6397 -0.7660 0.0624
vn 0.9802 -0.1736 0.0957
vn 0.8619 0.5000 0.0841
vn 0.1849 -0.9668 0.1761
vn 0.9822 0.1757 -0.0666
vn -0.0334 -0.1853 -0.9821
vn -0.1849 0.9668 -0.1761
vn 0.0334 0.1853 0.9821
vn -0.9822 -0.1757 0.0666
vn 0.0207 -0.9697 0.2436
vn -0.6036 -0.2063 -0.7702
vn -0.7970 0.1311 0.5895
vn -0.0207 0.9697 -0.2436
vn 0.7970 -0.1311 -0.5895
vn 0.6036 0.2063 0.7702
vn -0.1218 -0.9884 0.0903
vn 0.5969 -0.1456 -0.7890
vn -0.7930 0.0422 -0.6078
vn 0.1218 0.9884 -0.0903
vn 0.7930 -0.0422 0.6078
vn -0.5969 0.1456 0.7890
vn 0.1208 -0.9811 0.1514
vn 0.9210 0.0539 -0.3858
vn -0.3703 -0.1860 -0.9101
vn -0.1208 0.9811 -0.1514
vn 0.3703 0.1860 0.9101
vn -0.9210 -0.0539 0.3858
vn -0.1445 -0.9544 0.2613
vn -0.3587 -0.1955 -0.9127
vn -0.9222 0.2256 0.3141
vn 0.1445 0.9544 -0.2613
vn 0.9222 -0.2256 -0.3141
vn 0.3587 0.1955 0.9127
vn 0.1094 -0.9565 -0.2704
vn 0.8978 0.2118 -0.3861
vn -0.4266 0.2005 -0.8819
vn -0.1094 0.9565 0.2704
vn 0.4266 -0.2005 0.8819
vn -0.8978 -0.2118 0.3861
vn 0.0505 -0.9723 0.2284
vn 0.7481 -0.1147 -0.6536
vn -0.6617 -0.2039 -0.7215
vn -0.0505 0.9723 -0.2284
vn 0.6617 0.2039 0.7215
vn -0.7481 0.1147 0.6536
vn 0.1840 -0.9808 0.0644
vn -0.5539 -0.1576 -0.8175
vn -0.8120 -0.1148 0.5723
vn -0.1840 0.9808 -0.0644
vn 0.8120 0.1148 -0.5723
vn 0.5539 0.1576 0.8175
vn -0.0210 -0.8865 -0.4623
vn -0.2902 -0.2818 -0.9145
vn 0.4965 -0.3672 -0.7866
vn -0.3556 0.3672 -0.8595
vn 0.0993 0.8865 -0.4520
vn 0.4415 0.2818 -0.8519
vn 0.4623 -0.8865 -0.0211
vn 0.9145 -0.2817 -0.2902
vn 0.7866 -0.3672 0.4965
vn 0.4520 0.8865 0.0993
vn 0.8519 0.2817 0.4415
vn 0.8595 0.3672 -0.3556
vn -0.4623 -0.8865 0.0211
vn -0.9145 -0.2817 0.2902
vn -0.7866 -0.3672 -0.4965
vn -0.4520 0.8865 -0.0993
vn -0.8519 0.2817 -0.4415
vn -0.8595 0.3672 0.3556
vn 0.0210 -0.8865 0.4623
vn 0.2902 -0.2818 0.9145
vn -0.4965 -0.3672 0.7866
vn -0.0993 0.8865 0.4520
vn -0.4415 0.2818 0.8519
vn 0.3556 0.3672 0.8595
vn -0.3899 -0.8865 0.2494
vn -0.6469 -0.2817 0.7086
vn -0.9294 -0.3672 -0.0367
vn -0.5666 0.3672 0.7377
vn -0.4411 0.8865 0.1400
vn -0.9585 0.2817 0.0437
vn -0.2494 -0.8865 -0.3899
vn -0.7086 -0.2818 -0.6469
vn 0.0367 -0.3672 -0.9294
vn -0.1400 0.8865 -0.4411
vn -0.0436 0.2818 -0.9585
vn -0.7377 0.3672 -0.5666
vn 0.2494 -0.8864 0.3899
vn 0.7086 -0.2817 0.6469
vn -0.0367 -0.3672 0.9294
vn 0.1400 0.8865 0.4411
vn 0.0436 0.2818 0.9585
vn 0.7377 0.3672 0.5666
vn 0.3899 -0.8865 -0.2494
vn 0.6469 -0.2817 -0.7086
vn 0.9294 -0.3672 0.0367
vn 0.4411 0.8865 -0.1400
vn 0.9585 0.2817 -0.0436
vn 0.5666 0.3672 -0.7377
vn 0.4109 -0.8865 0.2129
vn 0.9371 -0.2817 0.2059
vn 0.4329 -0.3672 0.8233
vn 0.9221 0.3672 0.1218
vn 0.3418 0.8865 0.3120
vn 0.5170 0.2817 0.8083
vn -0.2129 -0.8865 0.4109
vn -0.2059 -0.2817 0.9371
vn -0.8233 -0.3672 0.4329
vn -0.3120 0.8865 0.3418
vn -0.8083 0.2817 0.5170
vn -0.1218 0.3672 0.9221
vn 0.2129 -0.8864 -0.4109
vn 0.2059 -0.2817 -0.9371
vn 0.8233 -0.3672 -0.4329
vn 0.3120 0.8865 -0.3418
vn 0.8083 0.2817 -0.5171
vn 0.1218 0.3672 -0.9221
vn -0.4109 -0.8865 -0.2129
vn -0.9371 -0.2817 -0.2059
vn -0.4329 -0.3672 -0.8233
vn -0.3418 0.8865 -0.3120
vn -0.5170 0.2818 -0.8083
vn -0.9221 0.3672 -0.1218
vn 0.2569 -0.8940 -0.3672
vn 0.3592 -0.2919 -0.8864
vn 0.8759 -0.3918 -0.2817
vn 0.2919 0.3592 -0.8865
vn 0.3918 0.8759 -0.2817
vn 0.8940 0.2569 -0.3672
vn 0.3423 -0.8964 0.2817
vn 0.8782 -0.3064 0.3672
vn 0.2714 -0.3749 0.8865
vn 0.3064 0.8782 0.3672
vn 0.3749 0.2714 0.8865
vn 0.8964 0.3423 0.2818
vn -0.3918 -0.8759 -0.2818
vn -0.8940 -0.2569 -0.3672
vn -0.2919 -0.3592 -0.8865
vn -0.2569 0.8940 -0.3672
vn -0.3592 0.2919 -0.8865
vn -0.8759 0.3918 -0.2817
vn -0.3064 -0.8782 0.3672
vn -0.3749 -0.2714 0.8865
vn -0.8964 -0.3423 0.2818
vn -0.3423 0.8964 0.2817
vn -0.8782 0.3064 0.3672
vn -0.2714 0.3749 0.8864
vn 0.3186 -0.8739 -0.3672
vn 0.3786 -0.2661 -0.8865
vn 0.9011 -0.3297 -0.2817
vn 0.2662 0.3787 -0.8864
vn 0.3297 0.9011 -0.2817
vn 0.8739 0.3186 -0.3672
vn 0.4040 -0.8703 0.2817
vn 0.8975 -0.2444 0.3672
vn 0.2969 -0.3551 0.8865
vn 0.2443 0.8975 0.3672
vn 0.3551 0.2969 0.8865
vn 0.8703 0.4040 0.2818
vn -0.3297 -0.9010 -0.2818
vn -0.8739 -0.3186 -0.3672
vn -0.2661 -0.3787 -0.8864
vn -0.3187 0.8739 -0.3672
vn -0.3787 0.2661 -0.8865
vn -0.9011 0.3297 -0.2817
vn -0.2444 -0.8975 0.3672
vn -0.3551 -0.2969 0.8865
vn -0.8703 -0.4040 0.2818
vn -0.4040 0.8703 0.2818
vn -0.8975 0.2444 0.3672
vn -0.2969 0.3551 0.8865
vn 0.2818 -0.8864 -0.3672
vn 0.3672 -0.2817 -0.8864
vn 0.8865 -0.3672 -0.2817
vn 0.2817 0.3672 -0.8865
vn 0.3672 0.8864 -0.2817
vn 0.8865 0.2817 -0.3672
vn 0.3672 -0.8865 0.2817
vn 0.8865 -0.2817 0.3672
vn 0.2817 -0.3672 0.8864
vn 0.2818 0.8864 0.3672
vn 0.3672 0.2817 0.8865
vn 0.8864 0.3672 0.2817
vn -0.3672 -0.8865 -0.2817
vn -0.8865 -0.2817 -0.3672
vn -0.2817 -0.3672 -0.8864
vn -0.2817 0.8865 -0.3672
vn -0.3672 0.2817 -0.8864
vn -0.8864 0.3672 -0.2817
vn -0.2818 -0.8864 0.3672
vn -0.3672 -0.2817 0.8864
vn -0.8865 -0.3672 0.2817
vn -0.3672 0.8865 0.2817
vn -0.8865 0.2817 0.3672
vn -0.2818 0.3672 0.8864
vn 0.2818 0.3672 -0.8865
vn 0.3672 0.8865 -0.2817
vn 0.2818 -0.3672 0.8864
vn 0.2818 0.8865 0.3672
vn 0.8864 0.3672 0.2818
vn -0.2818 -0.3672 -0.8864
vn -0.3672 0.2817 -0.8865
vn -0.8864 0.3672 -0.2818
vn -0.2817 -0.8864 0.3672
vn -0.2818 0.3672 0.8865
vn 0.2474 -0.8966 -0.3672
vn 0.3561 -0.2956 -0.8865
vn 0.8717 -0.4009 -0.2817
vn 0.2957 0.3561 -0.8864
vn 0.4009 0.8717 -0.2817
vn 0.8966 0.2475 -0.3672
vn 0.3328 -0.8999 0.2818
vn 0.8750 -0.3156 0.3672
vn 0.2675 -0.3777 0.8864
vn 0.3155 0.8750 0.3672
vn 0.3778 0.2674 0.8864
vn 0.8999 0.3329 0.2818
vn -0.4009 -0.8717 -0.2817
vn -0.8966 -0.2475 -0.3672
vn -0.2956 -0.3561 -0.8865
vn -0.2474 0.8966 -0.3672
vn -0.3561 0.2956 -0.8865
vn -0.8717 0.4009 -0.2817
vn -0.3155 -0.8750 0.3672
vn -0.3778 -0.2675 0.8864
vn -0.8999 -0.3329 0.2817
vn -0.3328 0.8999 0.2817
vn -0.8750 0.3156 0.3672
vn -0.2674 0.3777 0.8865
vn -0.3238 -0.8720 -0.3671
vn 0.1159 -0.4481 -0.8865
vn 0.4725 -0.8351 -0.2817
vn 0.4480 0.1159 -0.8865
vn 0.8351 0.4725 -0.2817
vn 0.8720 -0.3238 -0.3672
vn -0.2564 -0.9246 0.2817
vn 0.5251 -0.7678 0.3672
vn -0.0040 -0.4628 0.8865
vn 0.7678 0.5251 0.3672
vn 0.4629 -0.0040 0.8864
vn 0.9246 -0.2564 0.2818
vn -0.8351 -0.4724 -0.2817
vn -0.8720 0.3238 -0.3672
vn -0.4481 -0.1159 -0.8864
vn 0.3237 0.8720 -0.3672
vn -0.1159 0.4481 -0.8865
vn -0.4725 0.8351 -0.2817
vn -0.7678 -0.5251 0.3672
vn -0.4628 0.0040 0.8865
vn -0.9246 0.2564 0.2817
vn 0.2564 0.9246 0.2817
vn -0.5251 0.7677 0.3672
vn 0.0041 0.4628 0.8865
vn 0.7678 -0.5251 -0.3672
vn 0.4628 0.0040 -0.8865
vn 0.9246 0.2564 -0.2817
vn -0.0041 0.4628 -0.8865
vn -0.2565 0.9246 -0.2817
vn 0.5251 0.7677 -0.3672
vn 0.8351 -0.4724 0.2817
vn 0.8720 0.3237 0.3672
vn 0.4481 -0.1159 0.8864
vn -0.3237 0.8720 0.3672
vn 0.1159 0.4481 0.8865
vn 0.4725 0.8351 0.2817
vn 0.2564 -0.9246 -0.2817
vn -0.5251 -0.7677 -0.3672
vn 0.0040 -0.4628 -0.8865
vn -0.7678 0.5251 -0.3672
vn -0.4629 -0.0040 -0.8864
vn -0.9246 -0.2564 -0.2818
vn 0.3238 -0.8720 0.3672
vn -0.1159 -0.4481 0.8865
vn -0.4725 -0.8351 0.2817
vn -0.8351 0.4725 0.2818
vn -0.8720 -0.3237 0.3672
vn -0.4481 0.1159 0.8865
vn 0.0505 -0.8632 0.5022
vn 0.2895 -0.2818 0.9148
vn -0.3427 -0.3629 0.8665
vn -0.0504 0.8632 0.5023
vn -0.2895 0.2818 0.9148
vn 0.3427 0.3629 0.8665
vn -0.4621 -0.8632 0.2033
vn -0.7806 -0.2818 0.5580
vn -0.9300 -0.3629 -0.0581
vn -0.4932 0.8633 0.1072
vn -0.9594 0.2818 0.0074
vn -0.7183 0.3629 0.5936
vn -0.3360 -0.8633 -0.3766
vn -0.7719 -0.2818 -0.5699
vn -0.2322 -0.3629 -0.9025
vn -0.2544 0.8632 -0.4360
vn -0.3035 0.2818 -0.9102
vn -0.7866 0.3629 -0.4996
vn 0.2543 -0.8633 -0.4360
vn 0.3035 -0.2818 -0.9102
vn 0.7866 -0.3629 -0.4996
vn 0.3360 0.8633 -0.3767
vn 0.7719 0.2818 -0.5699
vn 0.2321 0.3629 -0.9025
vn 0.4932 -0.8633 0.1072
vn 0.9594 -0.2818 0.0074
vn 0.7182 -0.3629 0.5937
vn 0.4620 0.8633 0.2032
vn 0.7806 0.2818 0.5580
vn 0.9300 0.3628 -0.0581
vn -0.2452 -0.9488 0.1990
vn -0.7407 -0.4128 0.5300
vn -0.7834 -0.5665 -0.2556
vn -0.8116 0.2379 0.5336
vn -0.6409 0.7664 -0.0446
vn -0.9709 0.0602 -0.2317
vn 0.0617 -0.9235 -0.3786
vn -0.4275 -0.4395 -0.7900
vn 0.3671 -0.3585 -0.8583
vn -0.1992 0.8283 -0.5237
vn 0.1615 0.2556 -0.9532
vn -0.6150 0.1871 -0.7660
vn 0.3160 -0.8042 0.5033
vn 0.5475 -0.1096 0.8296
vn -0.2107 -0.3572 0.9100
vn -0.1783 0.8995 0.3990
vn -0.2816 0.2935 0.9135
vn 0.4585 0.5285 0.7144
vn 0.6228 -0.7788 -0.0743
vn 0.8608 -0.1364 -0.4904
vn 0.9399 -0.1492 0.3072
vn 0.2632 0.9614 -0.0802
vn 0.8509 0.4889 0.1920
vn 0.6552 0.4777 -0.5853
vn 0.3648 -0.7375 -0.5683
vn 0.2668 -0.0465 -0.9626
vn 0.8805 -0.1344 -0.4545
vn 0.0755 0.5636 -0.8226
vn 0.1664 0.9759 -0.1411
vn 0.7593 0.5071 -0.4079
vn 0.5489 -0.8343 0.0523
vn 0.9671 -0.1652 0.1936
vn 0.4731 -0.4550 0.7544
vn 0.1839 0.8462 0.5001
vn 0.4483 0.1881 0.8739
vn 0.8459 0.4763 0.2402
vn -0.2538 -0.8776 -0.4068
vn -0.8733 -0.3789 -0.3062
vn -0.3509 -0.2541 -0.9013
vn -0.4789 0.8657 -0.1458
vn -0.5421 0.3560 -0.7612
vn -0.9680 0.2328 -0.0934
vn -0.0698 -0.9744 0.2139
vn -0.1730 -0.4976 0.8500
vn -0.7584 -0.5746 0.3077
vn -0.4613 0.7359 0.4956
vn -0.8530 0.0370 0.5205
vn -0.1978 0.1455 0.9694
vn -0.1729 -0.8070 -0.5646
vn -0.6796 -0.2019 -0.7053
vn 0.0717 -0.1686 -0.9831
vn -0.7628 0.4132 -0.4975
vn -0.2109 0.9429 -0.2578
vn -0.0621 0.4644 -0.8835
vn 0.4634 -0.7839 -0.4132
vn 0.6716 -0.0805 -0.7366
vn 0.9565 -0.2912 -0.0175
vn 0.3667 0.9290 0.0497
vn 0.9320 0.3608 0.0343
vn 0.5378 0.5524 -0.6369
vn -0.3162 -0.9469 0.0585
vn -0.6248 -0.4696 0.6238
vn -0.8955 -0.4258 -0.1294
vn -0.5139 0.8018 0.3050
vn -0.9788 0.1893 0.0784
vn -0.5987 0.1645 0.7839
vn 0.3201 -0.9238 0.2099
vn 0.7263 -0.3483 0.5926
vn -0.0107 -0.5484 0.8362
vn 0.0637 0.7879 0.6125
vn 0.0153 0.0857 0.9962
vn 0.7018 0.3038 0.6444
vn -0.1500 -0.9531 -0.2629
vn -0.7281 -0.4564 -0.5114
vn -0.0189 -0.4650 -0.8851
vn -0.8506 0.1862 -0.4917
vn -0.3331 0.7982 -0.5019
vn -0.2051 0.1573 -0.9660
vn 0.4933 -0.8433 -0.2133
vn 0.5921 -0.2660 -0.7607
vn 0.9737 -0.2208 -0.0571
vn 0.2730 0.9185 -0.2859
vn 0.8884 0.4114 -0.2038
vn 0.4060 0.3562 -0.8416
vn -0.2094 -0.8982 0.3866
vn -0.5019 -0.2875 0.8158
vn -0.8560 -0.5006 0.1290
vn -0.5570 0.8229 0.1126
vn -0.9786 0.1421 0.1487
vn -0.5235 0.3651 0.7698
vn 0.4339 -0.7883 0.4362
vn 0.8183 -0.0970 0.5665
vn 0.1365 -0.2563 0.9569
vn 0.0491 0.9432 0.3286
vn 0.1148 0.3962 0.9109
vn 0.7330 0.5351 0.4199
vn 0.0505 -0.8633 0.5022
vn -0.0506 0.8633 0.5022
vn -0.4620 -0.8633 0.2032
vn -0.7805 -0.2818 0.5580
vn -0.7182 0.3629 0.5937
vn -0.3361 -0.8633 -0.3766
vn -0.2321 -0.3629 -0.9025
vn -0.2543 0.8633 -0.4360
vn 0.3361 0.8633 -0.3766
vn 0.7183 -0.3629 0.5937
vn 0.7805 0.2818 0.5580
vn 0.9300 0.3629 -0.0581
vn -0.4959 0.1654 -0.8525
vn -0.5064 -0.1792 -0.8435
vn -0.7423 -0.1528 -0.6524
vn -0.7256 0.1745 -0.6656
vn 0.2172 0.1528 -0.9641
vn 0.1958 -0.1745 -0.9650
vn -0.1000 -0.1654 -0.9812
vn -0.0861 0.1792 -0.9800
vn 0.4959 0.1654 0.8525
vn 0.5064 -0.1792 0.8435
vn 0.7424 -0.1528 0.6523
vn 0.7256 0.1745 0.6656
vn -0.2171 0.1528 0.9641
vn -0.1958 -0.1745 0.9650
vn 0.1000 -0.1654 0.9812
vn 0.0861 0.1792 0.9800
vn -0.4822 0.1519 -0.8628
vn -0.4923 -0.1648 -0.8547
vn -0.7164 -0.1458 -0.6823
vn -0.7031 0.1626 -0.6922
vn 0.1785 0.1458 -0.9731
vn 0.1619 -0.1626 -0.9733
vn -0.1170 -0.1519 -0.9815
vn -0.1041 0.1648 -0.9808
vn 0.4822 0.1519 0.8628
vn 0.4923 -0.1648 0.8547
vn 0.7164 -0.1458 0.6823
vn 0.7031 0.1626 0.6922
vn -0.1785 0.1458 0.9731
vn -0.1619 -0.1626 0.9733
vn 0.1170 -0.1519 0.9815
vn 0.1041 0.1648 0.9808
vn 0.4958 -0.7096 0.5006
vn 0.3327 -0.0178 0.9429
vn -0.0632 -0.3271 0.9429
vn -0.4958 0.7096 0.5006
vn -0.3326 0.0178 0.9429
vn 0.0632 0.3271 0.9429
vn 0.2507 -0.9011 0.3538
vn -0.1913 -0.4272 0.8837
vn -0.4944 -0.6640 0.5609
vn -0.7579 0.5049 0.4132
vn -0.7639 -0.3191 0.5609
vn -0.4607 -0.0822 0.8837
vn 0.1374 -0.9897 0.0414
vn -0.5626 -0.7173 0.4111
vn -0.6314 -0.7710 -0.0836
vn -0.9144 0.3826 0.1325
vn -0.9008 -0.4261 -0.0836
vn -0.8321 -0.3724 0.4110
vn 0.2088 -0.9339 -0.2903
vn -0.6077 -0.7525 -0.2540
vn -0.4098 -0.5979 -0.6889
vn -0.8920 0.4001 -0.2103
vn -0.6793 -0.2530 -0.6889
vn -0.8772 -0.4075 -0.2540
vn 0.4315 -0.7598 -0.4863
vn -0.3053 -0.5163 -0.8002
vn 0.0666 -0.2257 -0.9719
vn -0.7014 0.5490 -0.4546
vn -0.2029 0.1192 -0.9719
vn -0.5748 -0.1714 -0.8001
vn 0.7013 -0.5490 -0.4546
vn 0.2029 -0.1192 -0.9719
vn 0.5749 0.1714 -0.8001
vn -0.4315 0.7598 -0.4862
vn 0.3054 0.5163 -0.8001
vn -0.0666 0.2257 -0.9719
vn 0.8921 -0.4000 -0.2103
vn 0.6792 0.2530 -0.6889
vn 0.8772 0.4076 -0.2539
vn -0.2088 0.9339 -0.2903
vn 0.6077 0.7525 -0.2540
vn 0.4098 0.5979 -0.6890
vn 0.9144 -0.3826 0.1325
vn 0.9008 0.4261 -0.0836
vn 0.8321 0.3724 0.4111
vn -0.1374 0.9896 0.0414
vn 0.5626 0.7173 0.4111
vn 0.6313 0.7710 -0.0836
vn 0.7579 -0.5049 0.4132
vn 0.7639 0.3191 0.5609
vn 0.4607 0.0822 0.8837
vn -0.2508 0.9011 0.3538
vn 0.1912 0.4271 0.8837
vn 0.4945 0.6640 0.5609
vn -0.3860 -0.4451 0.8080
vn -0.8663 0.3222 0.3818
vn -0.9852 -0.1706 0.0157
vn -0.5755 0.5801 -0.5764
vn -0.9139 0.1879 -0.3599
vn -0.8239 0.5607 -0.0829
vn -0.2968 -0.8396 0.4549
vn -0.9240 -0.3508 -0.1523
vn -0.5332 -0.6581 -0.5317
vn -0.5065 0.3496 -0.7882
vn -0.5624 -0.2089 -0.8001
vn -0.8580 0.0235 -0.5130
vn 0.1600 -0.9661 0.2026
vn -0.3085 -0.7026 -0.6412
vn 0.2978 -0.5929 -0.7482
vn -0.2265 0.2867 -0.9309
vn 0.1011 -0.1665 -0.9808
vn -0.3575 -0.2495 -0.9000
vn 0.6403 -0.7293 0.2410
vn 0.5167 -0.4682 -0.7168
vn 0.8819 -0.0242 -0.4708
vn 0.0537 0.4387 -0.8970
vn 0.5770 0.2831 -0.7661
vn 0.3007 -0.0528 -0.9523
vn 0.7826 -0.3075 0.5413
vn 0.9302 0.1758 -0.3221
vn 0.7794 0.6198 0.0916
vn 0.1230 0.6912 -0.7122
vn 0.5069 0.8014 -0.3175
vn 0.6211 0.4654 -0.6306
vn 0.4796 -0.0184 0.8773
vn 0.6207 0.7446 0.2457
vn 0.0674 0.8542 0.5155
vn -0.0707 0.8540 -0.5155
vn -0.0563 0.9980 0.0270
vn 0.3622 0.9151 -0.1771
vn -0.0405 -0.0796 0.9960
vn -0.1788 0.8097 0.5589
vn -0.7180 0.5025 0.4817
vn -0.3816 0.8046 -0.4550
vn -0.6887 0.7250 0.0082
vn -0.2807 0.9575 0.0666
vn -0.3427 -0.3629 0.8666
vn -0.0505 0.8632 0.5023
vn -0.4621 -0.8632 0.2032
vn -0.7806 -0.2818 0.5579
vn -0.4933 0.8632 0.1072
vn -0.7865 0.3629 -0.4997
vn 0.2544 -0.8633 -0.4360
vn 0.7866 -0.3629 -0.4997
vn 0.4933 -0.8632 0.1072
vn 0.9595 -0.2818 0.0074
vn 0.4621 0.8632 0.2032
vn 0.1931 -0.9183 -0.3455
vn 0.4311 -0.3328 -0.8387
vn 0.8516 -0.4940 -0.1755
vn 0.4423 0.3216 -0.8372
vn 0.5256 0.8226 -0.2170
vn 0.9574 0.1479 -0.2481
vn 0.1948 -0.9309 0.3089
vn 0.7820 -0.4095 0.4698
vn 0.1106 -0.4047 0.9077
vn 0.3598 0.8352 0.4160
vn 0.2894 0.2245 0.9305
vn 0.8878 0.2323 0.3972
vn -0.4544 -0.8225 -0.3419
vn -0.8645 -0.1479 -0.4803
vn -0.2181 -0.3216 -0.9214
vn -0.1003 0.9183 -0.3829
vn -0.2069 0.3329 -0.9200
vn -0.7803 0.4940 -0.3835
vn -0.4526 -0.8352 0.3125
vn -0.5136 -0.2245 0.8282
vn -0.9591 -0.2324 0.1618
vn -0.2661 0.9309 0.2501
vn -0.8749 0.4095 0.2586
vn -0.3348 0.4047 0.8509
vn 0.1060 -0.9189 -0.3800
vn 0.2282 -0.3341 -0.9145
vn 0.7876 -0.4971 -0.3640
vn 0.2419 0.3203 -0.9159
vn 0.4658 0.8207 -0.3310
vn 0.8766 0.1443 -0.4590
vn 0.2563 -0.9318 0.2569
vn 0.8667 -0.4127 0.2802
vn 0.3122 -0.4056 0.8591
vn 0.4480 0.8336 0.3232
vn 0.4939 0.2229 0.8404
vn 0.9557 0.2288 0.1852
vn -0.5233 -0.8207 -0.2296
vn -0.9516 -0.1443 -0.2715
vn -0.4228 -0.3203 -0.8477
vn -0.1810 0.9189 -0.3506
vn -0.4091 0.3341 -0.8491
vn -0.8451 0.4971 -0.1965
vn -0.3730 -0.8336 0.4074
vn -0.3130 -0.2229 0.9232
vn -0.8982 -0.2288 0.3754
vn -0.1989 0.9318 0.3036
vn -0.7917 0.4127 0.4503
vn -0.1313 0.4056 0.9046
vn 0.4644 -0.8305 -0.3078
vn 0.5223 -0.2199 -0.8240
vn 0.9628 -0.2217 -0.1542
vn 0.3365 0.4073 -0.8490
vn 0.2575 0.9335 -0.2495
vn 0.8721 0.4190 -0.2527
vn 0.4611 -0.8169 0.3466
vn 0.8625 -0.1374 0.4870
vn 0.2148 -0.3178 0.9235
vn 0.0870 0.9199 0.3823
vn 0.1962 0.3365 0.9210
vn 0.7718 0.5033 0.3886
vn -0.1821 -0.9335 -0.3089
vn -0.7738 -0.4189 -0.4750
vn -0.0992 -0.4073 -0.9079
vn -0.3660 0.8305 -0.4200
vn -0.2849 0.2199 -0.9330
vn -0.8874 0.2217 -0.4042
vn -0.1853 -0.9199 0.3455
vn -0.4336 -0.3365 0.8359
vn -0.8472 -0.5033 0.1699
vn -0.5365 0.8169 0.2118
vn -0.9608 0.1374 0.2407
vn -0.4521 0.3178 0.8334
vn 0.2389 -0.9038 -0.3552
vn 0.3927 -0.3064 -0.8671
vn 0.8726 -0.4274 -0.2364
vn 0.3523 0.3469 -0.8692
vn 0.4415 0.8590 -0.2590
vn 0.9217 0.2200 -0.3194
vn 0.2901 -0.9097 0.2973
vn 0.8445 -0.3422 0.4119
vn 0.2091 -0.3857 0.8986
vn 0.3225 0.8649 0.3846
vn 0.3389 0.2558 0.9054
vn 0.8937 0.3052 0.3289
vn -0.4121 -0.8591 -0.3037
vn -0.8833 -0.2200 -0.4139
vn -0.2596 -0.3469 -0.9013
vn -0.2005 0.9037 -0.3782
vn -0.3001 0.3064 -0.9034
vn -0.8431 0.4274 -0.3263
vn -0.3609 -0.8649 0.3488
vn -0.4315 -0.2558 0.8651
vn -0.9231 -0.3052 0.2338
vn -0.3195 0.9097 0.2654
vn -0.8829 0.3422 0.3215
vn -0.3018 0.3857 0.8719
vn 0.2851 -0.8500 -0.4430
vn 0.3680 -0.2020 -0.9076
vn 0.8878 -0.3377 -0.3127
vn 0.2800 0.4441 -0.8511
vn 0.3636 0.9091 -0.2034
vn 0.8852 0.3162 -0.3412
vn 0.3708 -0.9062 0.2034
vn 0.8877 -0.3092 0.3412
vn 0.2835 -0.4419 0.8511
vn 0.2784 0.8522 0.4430
vn 0.3664 0.2049 0.9076
vn 0.8851 0.3447 0.3127
vn -0.3638 -0.8600 -0.3579
vn -0.8855 -0.2522 -0.3904
vn -0.2806 -0.2896 -0.9151
vn -0.2854 0.9140 -0.2885
vn -0.3686 0.3565 -0.8585
vn -0.8880 0.3868 -0.2487
vn -0.2781 -0.9162 0.2885
vn -0.3658 -0.3594 0.8585
vn -0.8849 -0.3938 0.2487
vn -0.3706 0.8571 0.3579
vn -0.8874 0.2452 0.3904
vn -0.2829 0.2874 0.9151
vn 0.2971 -0.9102 -0.2885
vn 0.3731 -0.3517 -0.8585
vn 0.8929 -0.3754 -0.2487
vn 0.2769 0.2932 -0.9151
vn 0.3527 0.8646 -0.3579
vn 0.8822 0.2635 -0.3903
vn 0.3816 -0.8522 0.3579
vn 0.8905 -0.2337 0.3903
vn 0.2866 -0.2838 0.9151
vn 0.2663 0.9197 0.2885
vn 0.3611 0.3641 0.8585
vn 0.8798 0.4052 0.2487
vn -0.3519 -0.9137 -0.2034
vn -0.8811 -0.3275 -0.3412
vn -0.2743 -0.4477 -0.8511
vn -0.2960 0.8462 -0.4430
vn -0.3705 0.1972 -0.9076
vn -0.8921 0.3263 -0.3127
vn -0.2674 -0.8557 0.4430
vn -0.3637 -0.2096 0.9076
vn -0.8806 -0.3561 0.3127
vn -0.3824 0.9013 0.2034
vn -0.8916 0.2977 0.3412
vn -0.2892 0.4382 0.8511
vn 0.3455 -0.8636 -0.3672
vn 0.3867 -0.2543 -0.8865
vn 0.9108 -0.3017 -0.2818
vn 0.2543 0.3867 -0.8865
vn 0.3017 0.9108 -0.2817
vn 0.8636 0.3455 -0.3672
vn 0.4307 -0.8574 0.2818
vn 0.9046 -0.2165 0.3672
vn 0.3077 -0.3457 0.8865
vn 0.2165 0.9046 0.3672
vn 0.3457 0.3077 0.8865
vn 0.8574 0.4307 0.2817
vn -0.3017 -0.9108 -0.2818
vn -0.8636 -0.3455 -0.3672
vn -0.2543 -0.3867 -0.8865
vn -0.3455 0.8636 -0.3672
vn -0.3867 0.2543 -0.8865
vn -0.9108 0.3017 -0.2818
vn -0.2165 -0.9046 0.3672
vn -0.3457 -0.3077 0.8865
vn -0.8574 -0.4307 0.2817
vn -0.4307 0.8574 0.2817
vn -0.9046 0.2165 0.3672
vn -0.3077 0.3457 0.8865
vn 0.2164 -0.9046 -0.3672
vn 0.3457 -0.3078 -0.8864
vn 0.8573 -0.4308 -0.2817
vn 0.3078 0.3457 -0.8865
vn 0.4308 0.8573 -0.2818
vn 0.9046 0.2164 -0.3672
vn 0.3016 -0.9109 0.2818
vn 0.8636 -0.3456 0.3672
vn 0.2542 -0.3867 0.8864
vn 0.3456 0.8636 0.3672
vn 0.3867 0.2542 0.8865
vn 0.9109 0.3016 0.2818
vn -0.4308 -0.8573 -0.2817
vn -0.9046 -0.2164 -0.3672
vn -0.3078 -0.3457 -0.8864
vn -0.2164 0.9046 -0.3672
vn -0.3457 0.3078 -0.8864
vn -0.8573 0.4308 -0.2817
vn -0.3456 -0.8636 0.3672
vn -0.3867 -0.2542 0.8865
vn -0.9109 -0.3016 0.2817
vn -0.3016 0.9109 0.2818
vn -0.8636 0.3456 0.3672
vn -0.2542 0.3867 0.8864
vn 0.2817 -0.8865 -0.3672
vn 0.3672 -0.2817 -0.8865
vn 0.8865 -0.3672 -0.2818
vn 0.2818 0.3671 -0.8865
vn 0.8864 0.2818 -0.3672
vn 0.2817 -0.3672 0.8865
vn 0.2817 0.8865 0.3672
vn 0.3672 0.2818 0.8865
vn 0.8865 0.3672 0.2818
vn -0.8865 -0.2818 -0.3672
vn -0.2817 -0.3672 -0.8865
vn -0.3672 0.2818 -0.8865
vn -0.8865 0.3672 -0.2817
vn -0.2817 -0.8865 0.3672
vn -0.3672 -0.2817 0.8865
vn -0.8864 0.2818 0.3672
vn -0.8159 0.1654 0.5541
vn -0.8061 -0.1792 0.5640
vn -0.5990 -0.1528 0.7861
vn -0.6134 0.1745 0.7703
vn -0.9769 0.1528 -0.1494
vn -0.9763 -0.1745 -0.1280
vn -0.9718 -0.1654 0.1681
vn -0.9716 0.1792 0.1542
vn 0.8159 0.1654 -0.5541
vn 0.8061 -0.1792 -0.5640
vn 0.5990 -0.1528 -0.7860
vn 0.6134 0.1745 -0.7703
vn 0.9769 0.1528 0.1494
vn 0.9763 -0.1745 0.1280
vn 0.9718 -0.1654 -0.1682
vn 0.9716 0.1792 -0.1542
vn -0.8270 0.1519 0.5413
vn -0.8182 -0.1648 0.5507
vn -0.6307 -0.1458 0.7622
vn -0.6415 0.1626 0.7497
vn -0.9831 0.1458 -0.1102
vn -0.9822 -0.1626 -0.0936
vn -0.9709 -0.1519 0.1852
vn -0.9712 0.1648 0.1722
vn 0.8270 0.1519 -0.5412
vn 0.8182 -0.1648 -0.5508
vn 0.6307 -0.1458 -0.7622
vn 0.6415 0.1626 -0.7497
vn 0.9831 0.1458 0.1102
vn 0.9822 -0.1626 0.0936
vn 0.9709 -0.1519 -0.1851
vn 0.9712 0.1648 -0.1723
vn 0.3326 -0.0178 0.9429
vn -0.3326 0.0179 0.9429
vn -0.4945 -0.6640 0.5609
vn -0.4608 -0.0822 0.8837
vn -0.5626 -0.7173 0.4110
vn -0.6313 -0.7710 -0.0836
vn -0.9144 0.3826 0.1324
vn -0.8321 -0.3724 0.4111
vn -0.8921 0.4000 -0.2103
vn -0.8771 -0.4076 -0.2540
vn 0.4315 -0.7599 -0.4862
vn -0.3054 -0.5163 -0.8001
vn 0.7014 -0.5490 -0.4546
vn 0.5748 0.1714 -0.8001
vn -0.4315 0.7599 -0.4862
vn 0.8920 -0.4000 -0.2103
vn 0.6792 0.2530 -0.6890
vn 0.8771 0.4076 -0.2539
vn 0.6077 0.7525 -0.2539
vn 0.4098 0.5979 -0.6889
vn 0.9144 -0.3826 0.1324
vn 0.6314 0.7710 -0.0836
vn -0.2507 0.9011 0.3538
vn 0.1913 0.4271 0.8837
vn 0.8330 -0.4451 0.3287
vn 0.4414 0.3222 0.8375
vn 0.0844 -0.1706 0.9817
vn -0.5349 0.5801 0.6143
vn -0.2953 0.1879 0.9368
vn -0.0252 0.5607 0.8276
vn 0.4745 -0.8396 0.2643
vn -0.0875 -0.3508 0.9323
vn -0.4932 -0.6581 0.5690
vn -0.7509 0.3496 0.5603
vn -0.7588 -0.2089 0.6169
vn -0.4520 0.0235 0.8917
vn 0.1910 -0.9661 -0.1737
vn -0.6182 -0.7026 0.3525
vn -0.7671 -0.5929 -0.2449
vn -0.9128 0.2867 0.2909
vn -0.9855 -0.1665 -0.0324
vn -0.8728 -0.2495 0.4194
vn 0.1958 -0.7293 -0.6556
vn -0.7511 -0.4682 -0.4654
vn -0.5311 -0.0242 -0.8469
vn -0.8986 0.4387 0.0090
vn -0.8045 0.2831 -0.5222
vn -0.9709 -0.0528 -0.2336
vn 0.4854 -0.3075 -0.8184
vn -0.3862 0.1758 -0.9055
vn 0.0370 0.6198 -0.7839
vn -0.7190 0.6911 -0.0730
vn -0.3522 0.8014 -0.4835
vn -0.6723 0.4655 -0.5756
vn 0.8417 -0.0183 -0.5396
vn 0.2018 0.7446 -0.6363
vn 0.5096 0.8542 -0.1031
vn -0.5093 0.8540 0.1065
vn 0.0309 0.9980 0.0543
vn -0.2020 0.9151 -0.3490
vn 0.9964 -0.0796 -0.0291
vn 0.5700 0.8097 0.1394
vn 0.5306 0.5025 0.6826
vn -0.4273 0.8046 0.4124
vn 0.0562 0.7250 0.6864
vn 0.0860 0.9575 0.2755
vn -0.1746 0.5006 0.8479
vn 0.2157 0.9429 0.2538
vn -0.2809 0.9429 0.1790
vn 0.1746 0.5006 -0.8479
vn -0.2157 0.9429 -0.2538
vn 0.2809 0.9429 -0.1790
vn -0.4821 0.3538 0.8015
vn -0.4417 0.8837 0.1547
vn -0.8221 0.5609 0.0974
vn -0.1543 0.4132 -0.8975
vn -0.7569 0.5609 -0.3354
vn -0.3764 0.8837 -0.2781
vn -0.6243 0.0414 0.7801
vn -0.9077 0.4110 0.0845
vn -0.9939 -0.0836 0.0715
vn -0.3507 0.1325 -0.9271
vn -0.9287 -0.0836 -0.3613
vn -0.8424 0.4111 -0.3483
vn -0.5347 -0.2903 0.7936
vn -0.9642 -0.2540 0.0760
vn -0.7159 -0.6889 0.1134
vn -0.3227 -0.2103 -0.9229
vn -0.6507 -0.6889 -0.3194
vn -0.8990 -0.2540 -0.3569
vn -0.2552 -0.4862 0.8357
vn -0.5849 -0.8001 0.1331
vn -0.1182 -0.9719 0.2035
vn -0.0834 -0.4546 -0.8868
vn -0.0529 -0.9719 -0.2293
vn -0.5196 -0.8001 -0.2997
vn 0.0834 -0.4546 0.8868
vn 0.0529 -0.9719 0.2293
vn 0.5196 -0.8001 0.2997
vn 0.2552 -0.4862 -0.8357
vn 0.5849 -0.8001 -0.1332
vn 0.1181 -0.9719 -0.2035
vn 0.3227 -0.2103 0.9229
vn 0.6506 -0.6889 0.3194
vn 0.8990 -0.2540 0.3568
vn 0.5347 -0.2903 -0.7936
vn 0.9642 -0.2540 -0.0760
vn 0.7159 -0.6889 -0.1134
vn 0.3507 0.1324 0.9271
vn 0.9287 -0.0836 0.3613
vn 0.8424 0.4110 0.3483
vn 0.6243 0.0414 -0.7801
vn 0.9077 0.4111 -0.0845
vn 0.9939 -0.0836 -0.0715
vn 0.1543 0.4132 0.8975
vn 0.7569 0.5609 0.3354
vn 0.3765 0.8837 0.2781
vn 0.4821 0.3538 -0.8015
vn 0.4417 0.8837 -0.1547
vn 0.8222 0.5609 -0.0974
vn -0.1300 0.5006 0.8559
vn 0.2287 0.9429 0.2422
vn -0.2712 0.9429 0.1934
vn 0.1300 0.5006 -0.8559
vn -0.2287 0.9429 -0.2422
vn 0.2712 0.9429 -0.1934
vn -0.4395 0.3538 0.8257
vn -0.4330 0.8837 0.1776
vn -0.8159 0.5609 0.1403
vn -0.2010 0.4132 -0.8882
vn -0.7734 0.5609 -0.2954
vn -0.3905 0.8837 -0.2580
vn -0.5826 0.0414 0.8117
vn -0.9020 0.4110 0.1319
vn -0.9888 -0.0836 0.1234
vn -0.3987 0.1325 -0.9075
vn -0.9463 -0.0836 -0.3123
vn -0.8595 0.4111 -0.3038
vn -0.4924 -0.2903 0.8205
vn -0.9589 -0.2540 0.1263
vn -0.7090 -0.6889 0.1507
vn -0.3705 -0.2103 -0.9047
vn -0.6665 -0.6889 -0.2849
vn -0.9164 -0.2540 -0.3093
vn -0.2111 -0.4862 0.8479
vn -0.5771 -0.8001 0.1636
vn -0.1074 -0.9719 0.2094
vn -0.1297 -0.4546 -0.8812
vn -0.0648 -0.9719 -0.2262
vn -0.5346 -0.8001 -0.2721
vn 0.1297 -0.4546 0.8812
vn 0.0649 -0.9719 0.2262
vn 0.5346 -0.8001 0.2721
vn 0.2111 -0.4862 -0.8479
vn 0.5771 -0.8001 -0.1636
vn 0.1073 -0.9719 -0.2094
vn 0.3705 -0.2103 0.9047
vn 0.6665 -0.6889 0.2849
vn 0.9164 -0.2540 0.3093
vn 0.4924 -0.2903 -0.8205
vn 0.9589 -0.2540 -0.1263
vn 0.7090 -0.6889 -0.1507
vn 0.3987 0.1324 0.9075
vn 0.9463 -0.0836 0.3122
vn 0.8595 0.4110 0.3038
vn 0.5826 0.0414 -0.8117
vn 0.9020 0.4110 -0.1319
vn 0.9888 -0.0836 -0.1234
vn 0.2011 0.4132 0.8882
vn 0.7734 0.5609 0.2954
vn 0.3905 0.8837 0.2580
vn 0.4395 0.3538 -0.8257
vn 0.4330 0.8837 -0.1776
vn 0.8159 0.5609 -0.1403
vn 0.4283 -0.8756 -0.2232
vn 0.3831 -0.3722 -0.8454
vn 0.9291 -0.2515 -0.2710
vn 0.1792 0.2402 -0.9540
vn 0.1873 0.8694 -0.4573
vn 0.8063 0.3601 -0.4692
vn 0.5339 -0.7403 0.4084
vn 0.9350 -0.0486 0.3512
vn 0.3742 -0.1412 0.9165
vn 0.1251 0.9746 0.1857
vn 0.3382 0.5012 0.7965
vn 0.8122 0.5630 0.1530
vn -0.2062 -0.9738 -0.0961
vn -0.8308 -0.4962 -0.2520
vn -0.2385 -0.5688 -0.7872
vn -0.4529 0.7395 -0.4980
vn -0.4424 0.0436 -0.8958
vn -0.9480 0.1470 -0.2824
vn -0.1006 -0.8385 0.5355
vn -0.2789 -0.1726 0.9447
vn -0.7934 -0.4585 0.4004
vn -0.5151 0.8447 0.1450
vn -0.9105 0.1847 0.3700
vn -0.3150 0.4698 0.8247
vn -0.4444 -0.8696 0.2154
vn -0.9223 -0.2327 0.3084
vn -0.7520 -0.5020 -0.4272
vn -0.8842 0.4141 0.2162
vn -0.4645 0.8207 -0.3326
vn -0.8335 0.1385 -0.5349
vn 0.0212 -0.9722 -0.2330
vn -0.2366 -0.5042 -0.8305
vn 0.5441 -0.5304 -0.6501
vn 0.1043 0.7533 -0.6494
vn 0.4791 0.0812 -0.8740
vn -0.3181 0.1362 -0.9382
vn 0.0154 -0.7469 0.6648
vn 0.2482 -0.0422 0.9678
vn -0.5289 -0.1817 0.8290
vn -0.1409 0.9658 0.2175
vn -0.4907 0.4652 0.7367
vn 0.3029 0.5759 0.7594
vn 0.4810 -0.8496 0.2164
vn 0.9340 -0.3137 -0.1712
vn 0.7672 -0.2101 0.6060
vn 0.4279 0.8984 -0.0992
vn 0.8219 0.4079 0.3976
vn 0.8690 0.2979 -0.3950
vn -0.2309 -0.9017 -0.3654
vn -0.5181 -0.2946 -0.8030
vn 0.2610 -0.4801 -0.8375
vn -0.4901 0.3593 -0.7942
vn 0.1037 0.8346 -0.5409
vn 0.2723 0.1649 -0.9480
vn 0.3347 -0.9416 -0.0384
vn 0.7860 -0.4230 -0.4508
vn 0.8264 -0.4414 0.3496
vn 0.5673 0.8197 -0.0792
vn 0.9564 0.1876 0.2236
vn 0.7973 0.2220 -0.5613
vn -0.5505 -0.8109 0.1985
vn -0.8546 -0.1339 0.5017
vn -0.9158 -0.2845 -0.2833
vn -0.3514 0.9327 -0.0809
vn -0.8878 0.3693 -0.2745
vn -0.7078 0.5039 0.4950
vn 0.0150 -0.8507 0.5255
vn 0.4495 -0.2624 0.8539
vn -0.3504 -0.2458 0.9038
vn 0.1122 0.9178 0.3809
vn -0.2037 0.3921 0.8971
vn 0.5795 0.3666 0.7279
vn 0.2307 -0.9228 -0.3087
vn 0.0440 -0.4215 -0.9058
vn 0.7565 -0.3648 -0.5428
vn -0.1131 0.2105 -0.9710
vn 0.1267 0.8371 -0.5322
vn 0.6464 0.2559 -0.7188
vn 0.5496 -0.7975 0.2490
vn 0.9864 -0.1603 0.0349
vn 0.6321 -0.1801 0.7536
vn 0.2884 0.9532 0.0913
vn 0.6324 0.4611 0.6225
vn 0.8764 0.4604 -0.1411
vn -0.3354 -0.9419 0.0194
vn -0.9184 -0.3925 0.0504
vn -0.5434 -0.5403 -0.6425
vn -0.5026 0.7862 -0.3597
vn -0.7005 0.0917 -0.7078
vn -0.9651 0.2600 0.0300
vn -0.0164 -0.8165 0.5770
vn 0.0241 -0.1313 0.9910
vn -0.6677 -0.3556 0.6540
vn -0.3409 0.9023 0.2639
vn -0.7145 0.2969 0.6335
vn 0.0244 0.5099 0.8599
vn -0.5678 -0.8183 0.0898
vn -0.9899 -0.1407 0.0169
vn -0.6309 -0.4602 -0.6246
vn -0.8655 0.4953 -0.0746
vn -0.2634 0.8378 -0.4782
vn -0.6159 0.1784 -0.7674
vn -0.0000 -0.9814 -0.1920
vn -0.0201 -0.5251 -0.8508
vn 0.6633 -0.6055 -0.4397
vn 0.3656 0.7081 -0.6041
vn 0.7265 -0.0029 -0.6872
vn -0.0051 0.1135 -0.9935
vn -0.2562 -0.7107 0.6552
vn -0.0613 -0.0127 0.9980
vn -0.7695 -0.0953 0.6315
vn -0.1094 0.9840 0.1409
vn -0.6450 0.5407 0.5400
vn 0.1113 0.5873 0.8017
vn 0.3116 -0.8738 0.3734
vn 0.9085 -0.3971 0.1303
vn 0.5248 -0.2406 0.8165
vn 0.5197 0.8542 0.0150
vn 0.6973 0.3594 0.6201
vn 0.9716 0.2055 -0.1172
vn 0.1933 -0.7146 -0.6723
vn -0.0177 -0.0140 -0.9997
vn 0.7158 -0.1070 -0.6900
vn -0.1653 0.5887 -0.7913
vn 0.1125 0.9822 -0.1506
vn 0.6084 0.5309 -0.5899
vn 0.5468 -0.8266 -0.1330
vn 0.9833 -0.1554 -0.0946
vn 0.6713 -0.4693 0.5737
vn 0.3126 0.8340 0.4547
vn 0.6770 0.1695 0.7162
vn 0.8759 0.4825 0.0055
vn -0.3529 -0.8692 -0.3464
vn -0.9217 -0.3836 -0.0578
vn -0.5909 -0.2331 -0.7723
vn -0.5065 0.8619 0.0246
vn -0.7386 0.3695 -0.5638
vn -0.9562 0.2200 0.1931
vn 0.0006 -0.9812 0.1929
vn 0.0793 -0.5250 0.8474
vn -0.6355 -0.5955 0.4915
vn -0.3064 0.7137 0.6299
vn -0.6701 0.0081 0.7423
vn 0.0850 0.1138 0.9899
vn 0.0125 -0.9690 -0.2466
vn -0.2977 -0.4967 -0.8152
vn 0.4952 -0.5161 -0.6988
vn -0.3943 0.1439 -0.9076
vn 0.0435 0.7623 -0.6458
vn 0.4059 0.0974 -0.9087
vn 0.5059 -0.8465 0.1657
vn 0.9203 -0.3008 -0.2501
vn 0.8159 -0.2086 0.5393
vn 0.4090 0.9044 -0.1217
vn 0.8470 0.4125 0.3352
vn 0.8310 0.3127 -0.4600
vn -0.4164 -0.8772 0.2392
vn -0.8919 -0.2471 0.3788
vn -0.7788 -0.5054 -0.3716
vn -0.4985 0.8193 -0.2832
vn -0.8755 0.1353 -0.4639
vn -0.8681 0.4013 0.2923
vn 0.0769 -0.7547 0.6516
vn 0.3261 -0.0511 0.9439
vn -0.4582 -0.1979 0.8666
vn -0.1330 0.9614 0.2408
vn -0.4344 0.4505 0.7800
vn 0.3573 0.5700 0.7399
vn -0.2911 -0.9560 0.0369
vn -0.8713 -0.4359 0.2253
vn -0.6522 -0.5322 -0.5398
vn -0.9434 0.2140 0.2533
vn -0.5953 0.7792 -0.1961
vn -0.8410 0.0945 -0.5327
vn 0.1885 -0.8950 -0.4043
vn -0.1410 -0.3739 -0.9167
vn 0.6313 -0.3028 -0.7140
vn -0.0211 0.8672 -0.4976
vn 0.4646 0.3202 -0.8256
vn -0.3298 0.2527 -0.9096
vn 0.1377 -0.8439 0.5185
vn 0.2447 -0.1787 0.9530
vn -0.4962 -0.4174 0.7613
vn -0.3052 0.8717 0.3833
vn -0.5683 0.2325 0.7893
vn 0.1947 0.4676 0.8623
vn 0.6173 -0.7829 0.0773
vn 0.9750 -0.1167 -0.1890
vn 0.7874 -0.1881 0.5871
vn 0.2690 0.9597 0.0818
vn 0.7373 0.4582 0.4964
vn 0.8083 0.5063 -0.3006
vn -0.3599 0.9239 -0.1302
vn -0.8687 0.3827 -0.3144
vn 0.1302 0.9239 -0.3598
vn 0.6742 -0.0000 -0.7385
vn 0.3599 -0.9239 0.1302
vn 0.8688 -0.3827 0.3144
vn 0.3599 0.9239 0.1302
vn -0.1302 0.9239 0.3599
vn -0.0672 0.9239 -0.3768
vn -0.1621 0.3827 -0.9095
vn -0.3568 0.9342 -0.0000
vn 0.3823 0.0160 0.9239
vn -0.3436 -0.9391 -0.0000
vn -0.4210 0.9070 -0.0000
vn -0.9391 0.3437 -0.0000
vn 0.9085 -0.4179 -0.0000
vn 0.4179 0.9085 -0.0000
vn 0.9379 0.3470 -0.0000
vn -0.2672 -0.9636 -0.0000
vn 0.4924 -0.8704 -0.0000
vn 0.2672 0.9636 -0.0000
vn -0.4924 0.8704 -0.0000
vn -0.2356 -0.3016 -0.9239
vn 0.9636 0.2673 -0.0000
vn -0.2673 0.9636 -0.0000
vn 0.4924 0.8704 -0.0000
vn 0.2672 -0.9636 -0.0000
vn -0.4924 -0.8704 -0.0000
vn -0.9636 -0.2673 -0.0000
vn -0.2278 0.9219 0.3134
vn 0.3685 -0.9219 -0.1197
vn -0.6127 -0.3827 0.6915
vn -0.2537 0.9239 0.2864
vn -0.9171 0.3827 -0.1114
vn -0.7604 -0.3827 -0.5248
vn -0.7603 0.3827 -0.5248
vn -0.3149 0.9239 -0.2174
vn -0.4294 -0.3827 -0.8181
vn -0.1779 -0.9239 -0.3388
vn -0.4293 0.3827 -0.8181
vn -0.1778 0.9239 -0.3388
vn 0.4293 -0.3827 -0.8181
vn 0.1778 -0.9239 -0.3389
vn 0.4294 0.3827 -0.8180
vn 0.1779 0.9239 -0.3388
vn 0.3149 -0.9239 -0.2174
vn 0.9172 -0.3827 -0.1114
vn 0.8638 0.3827 0.3276
vn 0.6127 -0.3827 0.6915
vn 0.2537 -0.9239 0.2864
vn 0.2538 0.9239 0.2864
vn -0.2795 0.9577 0.0689
vn 0.2795 0.9577 -0.0689
vn 0.2463 0.7193 -0.6496
vn 0.5534 -0.2262 0.8017
vn 0.3947 -0.7193 0.5717
vn 0.5534 -0.2262 -0.8016
vn -0.2463 0.7193 -0.6496
vn -0.1021 -0.9577 -0.2691
vn -0.6745 -0.7193 -0.1662
vn -0.6745 0.7193 0.1662
vn -0.2793 -0.9577 0.0689
vn -0.7291 0.2262 0.6460
vn 0.2153 0.9577 -0.1908
vn -0.2153 -0.9577 0.1908
vn -0.5200 -0.7193 0.4606
vn -0.2464 -0.7193 0.6495
vn -0.5534 0.2262 -0.8016
vn 0.5534 0.2262 -0.8016
vn 0.3947 -0.7193 -0.5717
vn -0.2463 -0.7193 -0.6496
vn 0.2153 -0.9577 -0.1908
vn -0.2464 0.7193 0.6495
vn 0.2464 0.7193 -0.6495
vn 0.5534 0.2262 0.8017
vn -0.5534 -0.2262 -0.8017
vn -0.5534 -0.2262 0.8016
vn -0.1021 0.9577 -0.2691
vn 0.2464 0.7193 0.6495
vn -0.1051 -0.9822 -0.1556
vn -0.4987 0.8184 -0.2855
vn -0.8102 0.1752 -0.5593
vn 0.4174 -0.8746 -0.2466
vn 0.0239 0.9261 -0.3765
vn 0.8346 0.1440 -0.5317
vn 0.8102 -0.1752 0.5593
vn 0.1050 0.9822 0.1555
vn 0.5080 0.1720 0.8440
vn -0.4175 0.8746 0.2466
vn -0.6142 0.3108 0.7254
vn 0.2292 0.2351 -0.9446
vn 0.2188 0.9659 0.1385
vn 0.8360 0.5476 -0.0352
vn 0.5161 -0.0875 0.8521
vn 0.9591 0.1113 0.2603
vn 0.2132 -0.9589 0.1874
vn -0.0943 0.8252 0.5569
vn -0.8360 -0.5477 0.0352
vn -0.5263 0.8183 0.2310
vn 0.4346 -0.8992 -0.0495
vn 0.8960 -0.3670 0.2501
vn 0.2813 0.9047 0.3201
vn 0.8324 0.3802 0.4033
vn 0.0403 -0.1973 0.9795
vn 0.7326 -0.0763 0.6764
vn -0.0548 -0.9848 0.1648
vn -0.8959 0.3670 -0.2501
vn 0.2315 -0.9309 -0.2824
vn 0.2629 -0.4326 -0.8624
vn -0.0644 0.8840 -0.4630
vn 0.9729 0.1404 -0.1838
vn 0.2204 0.9753 -0.0120
vn -0.2629 0.4326 0.8624
vn -0.5701 -0.0112 0.8215
vn -0.2205 -0.9753 0.0120
vn -0.8281 -0.5397 -0.1516
vn -0.8742 -0.3939 -0.2841
vn -0.0952 0.3932 -0.9145
vn -0.0951 -0.3932 -0.9145
vn 0.4014 0.1557 -0.9026
vn 0.0952 0.3932 0.9145
vn 0.0951 -0.3932 0.9145
vn -0.4013 0.1557 0.9026
vn -0.1094 0.3652 -0.9245
vn 0.8194 0.1396 -0.5559
vn 0.9897 -0.1396 -0.0320
vn 0.1095 -0.3652 0.9245
vn -0.6720 0.6474 0.3596
vn -0.4109 -0.3210 0.8533
vn -0.3949 -0.7942 0.4619
vn 0.3076 -0.9321 0.1914
vn -0.8300 0.5240 0.1914
vn 0.2718 -0.9600 -0.0664
vn 0.7035 0.0641 -0.7078
vn -0.2719 0.9600 -0.0664
vn 0.7878 0.6155 0.0249
vn 0.8300 -0.5240 0.1914
vn -0.3076 0.9321 0.1914
vn 0.6719 -0.6474 0.3596
vn -0.9273 -0.3698 0.0588
vn -0.1948 -0.7033 0.6837
vn -0.5160 0.4836 -0.7071
vn -0.9067 0.4212 0.0241
vn -0.9727 0.1478 -0.1791
vn -0.6164 -0.3525 -0.7041
vn -0.8853 -0.1411 -0.4431
vn 0.1188 -0.3401 -0.9329
vn -0.2982 -0.4155 -0.8593
vn 0.4549 -0.6437 -0.6153
vn 0.6801 0.1420 -0.7192
vn 0.4289 -0.1634 -0.8884
vn 0.6372 -0.5528 0.5369
vn 0.6448 0.7308 -0.2240
vn 0.7486 0.4254 -0.5086
vn 0.5452 -0.2816 0.7896
vn 0.0394 0.9829 0.1798
vn 0.4200 0.9075 -0.0058
vn -0.0149 0.7392 0.6734
vn 0.2072 -0.2147 0.9545
vn -0.1857 0.9815 -0.0461
vn -0.6802 0.7085 0.1882
vn -0.3093 0.9198 0.2413
vn -0.7623 0.3133 0.5663
vn -0.7314 0.6705 -0.1243
vn 0.6745 -0.0131 -0.7381
vn -0.7291 0.5848 0.3556
vn -0.7291 0.6789 -0.0870
vn -0.5200 0.6001 -0.6078
vn 0.5200 -0.3011 -0.7994
vn 0.7291 -0.6789 0.0870
vn -0.2154 -0.0125 0.9764
vn 0.2463 -0.7849 0.5686
vn 0.5533 0.7371 0.3879
vn 0.5533 0.8312 -0.0546
vn 0.1635 0.4308 -0.8875
vn -0.3946 -0.4097 -0.8225
vn -0.5533 -0.7371 -0.3879
vn -0.5533 -0.8312 0.0545
vn 0.3946 0.4097 0.8225
vn 0.8625 0.3958 0.3153
vn 0.2878 0.1991 -0.9368
vn -0.9741 -0.0470 0.2212
vn -0.2877 -0.1991 0.9368
vn 0.8625 -0.3958 -0.3154
vn -0.8625 0.3958 0.3154
vn -0.3946 0.4097 0.8224
vn -0.1020 -0.0640 -0.9927
vn 0.2463 0.7849 -0.5685
vn -0.7291 -0.6788 0.0869
vn -0.2154 0.0125 -0.9764
vn 0.7291 0.6788 -0.0870
vn 0.5200 0.3010 0.7994
vn -0.9458 -0.2750 0.1727
vn 0.9458 0.2751 -0.1728
vn -0.2276 0.9219 0.3134
vn -0.0003 -0.9219 -0.3874
vn -0.0000 0.4472 -0.8944
vn 0.2278 -0.9219 0.3134
vn 0.9624 0.2422 0.1227
vn -0.1836 -0.9138 0.3623
vn -0.9625 -0.2422 -0.1227
vn -0.2403 0.9702 -0.0307
vn 0.2372 -0.9712 -0.0243
vn 0.8509 -0.5181 -0.0873
vn 0.5154 0.8553 -0.0529
vn -0.1519 -0.3782 -0.9132
vn 0.5198 -0.8514 0.0702
vn 0.8437 0.5246 0.1140
vn 0.2508 0.0608 0.9661
vn 0.0942 -0.9122 0.3989
vn -0.1966 0.9122 0.3596
vn 0.1966 -0.9121 -0.3596
vn -0.0942 0.9121 -0.3989
vn 0.3177 -0.9481 0.0166
vn -0.4295 0.0264 0.9027
vn -0.9468 -0.3181 -0.0496
vn -0.3177 0.9481 -0.0167
vn 0.0836 0.9217 -0.3788
vn 0.9237 0.0370 -0.3813
vn 0.0035 -0.8870 -0.4618
vn -0.0018 0.4617 -0.8870
vn 0.9302 -0.3657 0.0334
vn 0.0149 -0.8869 0.4618
vn -0.9302 0.3656 -0.0334
vn -0.9214 -0.0672 0.3826
vn -0.4334 -0.1557 0.8876
vn -0.4334 0.1557 0.8876
vn 0.4334 -0.1557 -0.8876
vn 0.4334 0.1557 -0.8876
vn -0.7786 0.3652 0.5104
vn -0.1009 -0.1396 -0.9850
vn -0.1009 0.1396 -0.9850
vn 0.7785 0.3651 -0.5104
vn -0.7878 -0.6154 0.0249
vn -0.4814 -0.8617 -0.1604
vn -0.2718 0.9600 -0.0664
vn 0.7877 0.6155 0.0249
vn 0.3949 0.7941 0.4619
vn 0.5908 0.4617 0.6617
vn -0.4656 0.8086 0.3596
vn 0.0873 0.4212 0.9028
vn -0.1108 0.1478 0.9828
vn -0.6596 -0.3520 0.6641
vn -0.3806 -0.1407 0.9140
vn -0.4391 -0.7957 0.4171
vn -0.9390 -0.3396 -0.0533
vn -0.8366 -0.4150 0.3575
vn 0.3568 -0.8240 -0.4402
vn -0.7651 0.1423 -0.6280
vn -0.9164 -0.1630 -0.3656
vn -0.2688 0.7310 -0.6272
vn -0.5599 0.4256 -0.7109
vn -0.3446 0.8705 -0.3512
vn 0.1761 0.9830 -0.0517
vn -0.0355 0.9076 -0.4183
vn 0.6728 0.7391 -0.0321
vn 0.9377 -0.2147 -0.2732
vn -0.0331 0.9815 0.1884
vn 0.2347 0.7087 0.6654
vn 0.2618 0.9200 0.2918
vn -0.0730 0.6706 0.7383
vn -0.2671 0.3596 0.8940
vn -0.1055 -0.2931 -0.9502
vn 0.5104 -0.0664 -0.8574
vn 0.2671 0.3596 -0.8940
vn -0.5190 0.8533 -0.0506
vn -0.7591 0.4619 -0.4586
vn -0.2853 -0.0665 -0.9561
vn 0.5539 -0.7077 0.4386
vn 0.8684 -0.1604 0.4692
vn 0.4648 -0.0665 -0.8829
vn 0.2051 0.9605 -0.1882
vn -0.2050 -0.9605 0.1882
vn 0.2501 -0.8169 0.5198
vn 0.5981 0.2438 -0.7635
vn 0.0104 -0.1512 -0.9884
vn 0.8047 0.4252 -0.4143
vn -0.4641 0.8858 0.0078
vn -0.8971 0.3256 0.2985
vn -0.9893 0.1336 -0.0591
vn -0.6843 -0.0943 -0.7230
vn -0.0038 0.8069 -0.5906
vn 0.7377 -0.1042 0.6671
vn -0.2643 0.9604 -0.0877
vn 0.3329 -0.9422 -0.0391
vn 0.7104 -0.4781 -0.5165
vn 0.2999 -0.8202 0.4871
vn -0.3329 0.9422 0.0391
vn -0.0419 -0.9665 -0.2533
vn -0.8225 -0.1896 -0.5363
vn 0.4807 -0.8622 -0.1595
vn 0.6797 0.4814 -0.5534
vn 0.8225 0.1896 0.5363
vn -0.6798 -0.4813 0.5534
vn -0.4808 0.8622 0.1595
vn 0.0001 -1.0000 -0.0000
vn -0.8470 -0.4890 0.2087
vn -0.8470 0.4890 -0.2087
vn -0.8470 -0.4889 0.2087
vn 0.6529 0.4890 -0.5785
vn -0.0001 -1.0000 -0.0000
vn -0.4984 -0.8177 -0.2881
vn 0.2339 -0.8177 -0.5260
vn 0.4984 -0.8177 0.2881
vn -0.1786 -0.8159 -0.5499
vn 0.4997 -0.8040 0.3222
vn -0.7760 -0.6063 -0.1736
vn -0.5065 -0.3957 -0.7660
vn 0.5066 0.3957 -0.7660
vn 0.7760 0.6063 -0.1736
vn -0.2435 0.6157 -0.7494
vn -0.3093 0.8995 -0.3087
vn 0.7724 0.2949 0.5626
vn -0.7724 -0.2949 -0.5626
vn -0.7724 0.2949 0.5626
vn -0.3093 -0.8995 0.3087
vn -0.2526 0.8177 0.5173
vn -0.5411 0.8177 -0.1967
vn -0.5659 -0.3220 -0.7590
vn 0.2526 0.8177 -0.5173
vn 0.2526 -0.8177 -0.5173
vn 0.5411 0.8176 0.1967
vn 0.5411 -0.8176 0.1967
vn -0.8673 -0.3537 0.3504
vn 0.8673 -0.3537 -0.3504
vn -0.6824 -0.5332 0.5001
vn -0.7422 -0.4272 0.5163
vn -0.9287 -0.2899 -0.2314
vt 1.126366 0.689662
vt 1.074944 0.612695
vt 1.132264 0.587208
vt 1.071538 0.671847
vt 0.996642 0.647512
vt 1.048441 0.566842
vt 1.002153 0.551802
vt 0.953760 0.573320
vt 0.921747 0.623177
vt 0.866919 0.605362
vt 0.922368 0.519008
vt 0.918341 0.682328
vt 0.861021 0.707816
vt 0.944844 0.728181
vt 0.991132 0.743221
vt 1.039525 0.721704
vt 1.070917 0.776016
vt 1.034737 0.729286
vt 0.976247 0.710282
vt 1.036100 0.687084
vt 1.077555 0.743198
vt 1.079915 0.670103
vt 1.014600 0.653743
vt 0.978452 0.641998
vt 0.941461 0.656334
vt 0.874940 0.677365
vt 0.915995 0.616842
vt 0.917757 0.691277
vt 0.916395 0.733479
vt 0.872580 0.750460
vt 0.937894 0.766820
vt 0.974043 0.778565
vt 1.011034 0.764229
vt 1.036500 0.803721
vt 0.116643 0.587512
vt 0.091076 0.650792
vt 0.142010 0.657313
vt 0.072359 0.697117
vt 0.160580 0.708410
vt 0.183254 0.637172
vt 0.199056 0.598062
vt 0.183378 0.554923
vt 0.160926 0.477907
vt 0.142210 0.524232
vt 0.232231 0.531066
vt 0.091275 0.517711
vt 0.072705 0.466613
vt 0.050031 0.537852
vt 0.034229 0.576962
vt 0.049907 0.620101
vt 0.001054 0.643958
vt 0.063608 0.566084
vt 0.043641 0.615503
vt 0.080044 0.619232
vt 0.029025 0.651680
vt 0.092077 0.658139
vt 0.110170 0.602661
vt 0.122510 0.572118
vt 0.112351 0.539271
vt 0.098191 0.480488
vt 0.083574 0.516665
vt 0.148034 0.519642
vt 0.047171 0.512936
vt 0.035138 0.474029
vt 0.017046 0.529508
vt 0.004706 0.560051
vt 0.014864 0.592898
vt -0.020818 0.612527
vt 0.619998 0.593055
vt 0.619506 0.587317
vt 0.616183 0.589842
vt 0.624542 -0.845415
vt 0.619506 -0.849487
vt 0.623211 -0.850402
vt 0.614603 -0.845415
vt 0.619396 -0.845415
vt 0.624542 -0.619521
vt 0.619506 -0.615449
vt 0.619396 -0.619522
vt 0.623211 0.589241
vt 0.614603 -0.619521
vt 0.616183 -0.614534
vt 0.422936 0.827015
vt 0.417198 0.827507
vt 0.419723 0.830830
vt 0.822471 -0.845415
vt 0.827507 -0.849487
vt 0.823802 -0.850402
vt 0.832410 -0.845415
vt 0.827617 -0.845415
vt 0.419121 0.823802
vt 0.832410 -0.619521
vt 0.827507 -0.615449
vt 0.830830 -0.614534
vt 0.822471 -0.619521
vt 0.827617 -0.619522
vt 0.930442 0.854539
vt 0.936180 0.854048
vt 0.933655 0.850724
vt 0.859083 -0.845415
vt 0.854048 -0.849487
vt 0.857752 -0.850402
vt 0.849144 -0.845415
vt 0.853937 -0.845415
vt 0.934257 0.857752
vt 0.849144 -0.619521
vt 0.854048 -0.615449
vt 0.850724 -0.614534
vt 0.859083 -0.619521
vt 0.853937 -0.619522
vt 0.733380 1.088499
vt 0.733871 1.094237
vt 0.737195 1.091712
vt 0.728836 -0.845415
vt 0.733871 -0.849487
vt 0.730167 -0.850402
vt 0.738775 -0.845415
vt 0.733982 -0.845415
vt 0.730167 1.092314
vt 0.738775 -0.619521
vt 0.733871 -0.615449
vt 0.737195 -0.614534
vt 0.728836 -0.619521
vt 0.733982 -0.619522
vt 0.339809 0.824356
vt 0.345024 0.826800
vt 0.344499 0.822659
vt 0.342209 -0.845415
vt 0.345024 -0.849487
vt 0.341506 -0.850402
vt 0.821956 -0.845415
vt 0.826800 -0.849487
vt 0.827349 -0.845415
vt 0.342209 -0.619521
vt 0.345024 -0.615449
vt 0.346196 -0.619522
vt 0.341506 0.829046
vt 0.821956 -0.619521
vt 0.826800 -0.615449
vt 0.822659 -0.614534
vt 0.235725 0.536715
vt 0.238169 0.531500
vt 0.234028 0.532025
vt 0.534315 -0.845415
vt 0.531500 -0.849487
vt 0.535018 -0.850402
vt 0.233325 -0.845415
vt 0.238169 -0.849487
vt 0.238718 -0.845415
vt 0.238169 0.531500
vt 0.240415 0.535018
vt 0.233325 -0.619521
vt 0.238169 -0.615449
vt 0.234028 -0.614534
vt 0.534315 -0.619521
vt 0.531500 -0.615449
vt 0.530328 -0.619522
vt -0.041864 0.962467
vt -0.044308 0.967682
vt -0.040167 0.967157
vt 0.964867 -0.845415
vt 0.967682 -0.849487
vt 0.964164 -0.850402
vt -0.039464 -0.845415
vt -0.044308 -0.849487
vt -0.044857 -0.845415
vt -0.046554 0.964164
vt -0.039464 -0.619521
vt -0.044308 -0.615449
vt -0.040167 -0.614534
vt 0.964867 -0.619521
vt 0.967682 -0.615449
vt 0.968854 -0.619522
vt -0.145949 0.674826
vt -0.151164 0.672382
vt -0.150639 0.676523
vt -0.148349 -0.845415
vt -0.151164 -0.849487
vt -0.147646 -0.850402
vt 0.677226 -0.845415
vt 0.672382 -0.849487
vt 0.671833 -0.845415
vt -0.147646 0.670136
vt 0.677226 -0.619521
vt 0.672382 -0.615449
vt 0.676523 -0.614534
vt -0.148349 -0.619521
vt -0.151164 -0.615449
vt -0.152336 -0.619522
vt 0.290121 0.525124
vt 0.285397 0.528419
vt 0.289245 0.530034
vt 0.523887 -0.845415
vt 0.528419 -0.849487
vt 0.524249 -0.850402
vt 0.288883 -0.845415
vt 0.285397 -0.849487
vt 0.284335 -0.845415
vt 0.523887 -0.619521
vt 0.528419 -0.615449
vt 0.529159 -0.619522
vt 0.285210 0.524249
vt 0.288883 -0.619521
vt 0.285397 -0.615449
vt 0.289245 -0.614534
vt 0.591267 0.578805
vt 0.594561 0.583529
vt 0.596177 0.579680
vt 0.590029 -0.845415
vt 0.594561 -0.849487
vt 0.590392 -0.850402
vt 0.580043 -0.845415
vt 0.583529 -0.849487
vt 0.584590 -0.845415
vt 0.594561 0.583529
vt 0.590392 0.583715
vt 0.580043 -0.619521
vt 0.583529 -0.615449
vt 0.579680 -0.614534
vt 0.590029 -0.619521
vt 0.594561 -0.615449
vt 0.595302 -0.619522
vt 0.361350 0.125530
vt 0.358055 0.120806
vt 0.356440 0.124655
vt 0.362588 -0.845415
vt 0.358055 -0.849487
vt 0.362225 -0.850402
vt 0.124292 -0.845415
vt 0.120806 -0.849487
vt 0.119745 -0.845415
vt 0.358056 0.120806
vt 0.362225 0.120620
vt 0.124292 -0.619521
vt 0.120806 -0.615449
vt 0.124655 -0.614534
vt 0.362588 -0.619521
vt 0.358056 -0.615449
vt 0.357315 -0.619522
vt 0.662496 0.179210
vt 0.667220 0.175916
vt 0.663371 0.174300
vt 0.180448 -0.845415
vt 0.175916 -0.849487
vt 0.180086 -0.850402
vt 0.663734 -0.845415
vt 0.667220 -0.849487
vt 0.668281 -0.845415
vt 0.667220 0.175916
vt 0.667406 0.180086
vt 0.663734 -0.619521
vt 0.667220 -0.615449
vt 0.663371 -0.614534
vt 0.180448 -0.619521
vt 0.175916 -0.615449
vt 0.175176 -0.619522
vt 0.339675 0.549565
vt 0.335521 0.545493
vt 0.334632 0.549565
vt 0.339478 -0.727860
vt 0.335521 -0.732044
vt 0.339618 -0.732845
vt 0.549565 -0.728057
vt 0.545493 -0.732044
vt 0.544578 -0.727999
vt 0.297990 0.757454
vt 0.293805 0.761411
vt 0.293004 0.757315
vt 0.297793 0.549565
vt 0.293805 0.545493
vt 0.297851 0.544578
vt 0.549565 0.757257
vt 0.545493 0.761411
vt 0.549565 0.762300
vt 0.339675 0.745458
vt 0.335521 0.749531
vt 0.339618 0.750446
vt 0.745458 -0.728057
vt 0.749531 -0.732044
vt 0.745458 -0.732985
vt 0.334493 -0.727999
vt 0.297793 0.745458
vt 0.293805 0.749531
vt 0.292865 0.745458
vt 0.297851 0.762439
vt 0.745458 0.757257
vt 0.749531 0.761411
vt 0.750446 0.757315
vt 0.535492 0.549565
vt 0.539480 0.545493
vt 0.535434 0.544578
vt 0.549565 -0.722193
vt 0.545493 -0.726347
vt 0.549565 -0.727237
vt 0.535295 -0.722390
vt 0.539480 -0.726347
vt 0.540281 -0.722251
vt 0.493610 0.549565
vt 0.497764 0.545493
vt 0.498653 0.549565
vt 0.493807 0.762923
vt 0.497764 0.767108
vt 0.493667 0.767909
vt 0.549565 0.763120
vt 0.545493 0.767108
vt 0.544578 0.763063
vt 0.535492 0.745458
vt 0.539480 0.749531
vt 0.540420 0.745458
vt 0.535434 -0.727376
vt 0.745458 -0.722193
vt 0.749531 -0.726347
vt 0.750446 -0.722251
vt 0.493610 0.745458
vt 0.497764 0.749531
vt 0.493667 0.750446
vt 0.745458 0.763120
vt 0.749531 0.767108
vt 0.745458 0.768048
vt 0.498792 0.763063
vt 0.258643 0.574565
vt 0.254699 0.570493
vt 0.253747 0.574565
vt 0.258939 0.688579
vt 0.254699 0.684681
vt 0.258730 0.683596
vt 0.574565 0.688874
vt 0.570493 0.684681
vt 0.569578 0.688788
vt 0.308599 1.873432
vt 0.304701 1.877671
vt 0.303616 1.873641
vt 0.308894 0.574565
vt 0.304701 0.570493
vt 0.308808 0.569578
vt 0.574565 1.873727
vt 0.570493 1.877671
vt 0.574565 1.878624
vt 0.258643 0.740458
vt 0.254699 0.744531
vt 0.258730 0.745446
vt 0.740458 0.688874
vt 0.744531 0.684681
vt 0.740458 0.683805
vt 0.253956 0.688788
vt 0.308894 0.740458
vt 0.304701 0.744531
vt 0.303824 0.740458
vt 0.308599 1.873432
vt 0.304701 1.877671
vt 0.308808 1.878415
vt 0.740458 1.873727
vt 0.744531 1.877671
vt 0.745446 1.873641
vt 0.424391 0.574565
vt 0.428585 0.570493
vt 0.424477 0.569578
vt 0.574565 0.681336
vt 0.570493 0.677392
vt 0.574565 0.676440
vt 0.424686 0.681632
vt 0.428585 0.677392
vt 0.429669 0.681423
vt 0.474642 0.574565
vt 0.478586 0.570493
vt 0.479538 0.574565
vt 0.474346 1.866485
vt 0.478586 1.870383
vt 0.474555 1.871468
vt 0.574565 1.866189
vt 0.570493 1.870383
vt 0.569578 1.866276
vt 0.424391 0.740458
vt 0.428585 0.744531
vt 0.429461 0.740458
vt 0.424477 0.676649
vt 0.740458 0.681336
vt 0.744531 0.677392
vt 0.745446 0.681423
vt 0.474642 0.740458
vt 0.478586 0.744531
vt 0.474555 0.745446
vt 0.740458 1.866189
vt 0.744531 1.870383
vt 0.740458 1.871259
vt 0.479330 1.866276
vt 0.253696 0.632065
vt 0.249624 0.627993
vt 0.248708 0.632065
vt 0.253696 0.702085
vt 0.249624 0.698013
vt 0.253696 0.697098
vt 0.632065 0.702085
vt 0.627993 0.698013
vt 0.627078 0.702085
vt 0.253696 0.772979
vt 0.249624 0.777051
vt 0.248708 0.772979
vt 0.253696 0.627078
vt 0.632065 0.772979
vt 0.627993 0.777051
vt 0.632065 0.777966
vt 0.253696 0.662958
vt 0.249624 0.667031
vt 0.253696 0.667946
vt 0.662958 0.702085
vt 0.667031 0.698013
vt 0.662958 0.697098
vt 0.249624 0.698013
vt 0.248709 0.702085
vt 0.249624 0.667031
vt 0.248708 0.662958
vt 0.253696 0.777966
vt 0.662958 0.772979
vt 0.667031 0.777051
vt 0.667946 0.772979
vt 0.539589 0.632065
vt 0.543661 0.627993
vt 0.539589 0.627078
vt 0.632065 0.697098
vt 0.539589 0.702085
vt 0.543661 0.698013
vt 0.544577 0.702085
vt 0.544577 0.632065
vt 0.539589 0.772979
vt 0.543661 0.777051
vt 0.539589 0.777966
vt 0.627078 0.772979
vt 0.539589 0.662958
vt 0.543661 0.667031
vt 0.544577 0.662958
vt 0.539589 0.697098
vt 0.667946 0.702085
vt 0.539589 0.667946
vt 0.662958 0.777966
vt 0.544577 0.772979
vt 0.381196 0.504565
vt 0.377124 0.500493
vt 0.376208 0.504565
vt 0.381196 0.742085
vt 0.377124 0.738013
vt 0.381196 0.737098
vt 0.504565 0.742085
vt 0.500493 0.738013
vt 0.499578 0.742085
vt 0.381196 0.812979
vt 0.377124 0.817051
vt 0.376208 0.812979
vt 0.381196 0.499578
vt 0.504565 0.812979
vt 0.500493 0.817051
vt 0.504565 0.817966
vt 0.381196 0.790458
vt 0.377124 0.794531
vt 0.381196 0.795446
vt 0.790458 0.742085
vt 0.794531 0.738013
vt 0.790458 0.737098
vt 0.381196 0.742085
vt 0.377124 0.738013
vt 0.376208 0.742085
vt 0.376208 0.790458
vt 0.381196 0.812979
vt 0.377124 0.817051
vt 0.381196 0.817966
vt 0.790458 0.812979
vt 0.794531 0.817051
vt 0.795446 0.812979
vt 0.412089 0.504565
vt 0.416161 0.500493
vt 0.412089 0.499578
vt 0.504565 0.742085
vt 0.500493 0.738013
vt 0.504565 0.737098
vt 0.412089 0.742085
vt 0.416161 0.738013
vt 0.417077 0.742085
vt 0.416161 0.500493
vt 0.417077 0.504565
vt 0.412089 0.812979
vt 0.416161 0.817051
vt 0.412089 0.817966
vt 0.504565 0.812979
vt 0.499578 0.812979
vt 0.412089 0.790458
vt 0.416161 0.794531
vt 0.417077 0.790458
vt 0.412089 0.742085
vt 0.416161 0.738013
vt 0.412089 0.737098
vt 0.794531 0.738013
vt 0.795446 0.742085
vt 0.412089 0.795446
vt 0.794531 0.817051
vt 0.790458 0.817966
vt 0.412089 0.812979
vt 0.416161 0.817051
vt 0.417077 0.812979
vt -0.422833 0.579565
vt -0.427017 0.575493
vt -0.427896 0.579565
vt -0.423104 1.398812
vt -0.427017 1.394586
vt -0.422912 1.393828
vt 0.579565 1.398541
vt 0.575493 1.394586
vt 0.574578 1.398620
vt -0.428320 1.534605
vt -0.432546 1.538518
vt -0.433304 1.534414
vt -0.428591 0.579565
vt -0.432546 0.575493
vt -0.428512 0.574578
vt 0.579565 1.534334
vt 0.575493 1.538518
vt 0.579565 1.539397
vt -0.422833 0.715458
vt -0.427017 0.719531
vt -0.422912 0.720446
vt 0.715458 1.398541
vt 0.719531 1.394586
vt 0.715458 1.393636
vt -0.428088 1.398620
vt -0.428591 0.715458
vt -0.432546 0.719531
vt -0.433496 0.715458
vt -0.428321 1.534605
vt -0.432546 1.538518
vt -0.428512 1.539589
vt 0.715458 1.534334
vt 0.719531 1.538518
vt 0.720446 1.534414
vt 1.181876 0.579565
vt 1.185831 0.575493
vt 1.181797 0.574578
vt 0.579565 1.460729
vt 0.575493 1.456545
vt 0.579565 1.455666
vt 1.181606 1.460459
vt 1.185831 1.456545
vt 1.186589 1.460650
vt 1.176118 0.579565
vt 1.180302 0.575493
vt 1.181181 0.579565
vt 1.176389 1.596251
vt 1.180302 1.600477
vt 1.176198 1.601235
vt 0.579565 1.596522
vt 0.575493 1.600477
vt 0.574578 1.596443
vt 1.181876 0.715458
vt 1.185831 0.719531
vt 1.186781 0.715458
vt 1.185831 1.456545
vt 1.181797 1.455475
vt 0.715458 1.460729
vt 0.719531 1.456545
vt 0.720446 1.460650
vt 1.176118 0.715458
vt 1.180302 0.719531
vt 1.176198 0.720446
vt 0.715458 1.596522
vt 0.719531 1.600477
vt 0.715458 1.601427
vt 1.181373 1.596443
vt 0.277595 0.609565
vt 0.272551 0.605493
vt 0.272393 0.609565
vt 0.273253 0.955444
vt 0.272551 0.949728
vt 0.276323 0.951514
vt 0.267695 0.609565
vt 0.269323 0.604578
vt -0.099772 1.432895
vt -0.105488 1.433597
vt -0.103702 1.429824
vt 0.609565 1.438453
vt 0.605493 1.433597
vt 0.604578 1.436825
vt 0.609565 1.428552
vt 0.609565 1.433754
vt 0.277595 0.685458
vt 0.272551 0.689531
vt 0.276323 0.690446
vt 0.267695 0.685458
vt 0.272393 0.685458
vt 0.273253 0.955444
vt 0.272551 0.949728
vt 0.269323 0.952374
vt 0.685458 1.438453
vt 0.689531 1.433597
vt 0.685458 1.433754
vt -0.102843 1.436825
vt 0.685458 1.428552
vt 0.690446 1.429824
vt 0.609565 0.996611
vt 0.605493 1.001467
vt 0.604578 0.998239
vt 0.609565 1.006511
vt 0.609565 1.001310
vt 0.333057 1.002169
vt 0.338774 1.001467
vt 0.336988 1.005240
vt -0.044310 0.609565
vt -0.039266 0.605493
vt -0.039108 0.609565
vt -0.039968 1.479619
vt -0.039266 1.485335
vt -0.043038 1.483549
vt -0.034409 0.609565
vt -0.036037 0.604578
vt 0.685458 0.996611
vt 0.689531 1.001467
vt 0.685458 1.001310
vt 0.338774 1.001467
vt 0.336128 0.998239
vt 0.685458 1.006511
vt 0.690446 1.005240
vt -0.044310 0.685458
vt -0.039266 0.689531
vt -0.043038 0.690446
vt -0.034410 0.685458
vt -0.039108 0.685458
vt -0.036037 1.482690
vt 0.500228 1.002169
vt 0.494511 1.001467
vt 0.497157 0.998239
vt 0.604578 1.005240
vt 0.873253 1.479619
vt 0.872551 1.485335
vt 0.869322 1.482690
vt 0.877595 0.609565
vt 0.872551 0.605493
vt 0.876323 0.604578
vt 0.867695 0.609565
vt 0.872393 0.609565
vt 0.689531 1.001467
vt 0.690446 0.998239
vt 0.496297 1.005240
vt 0.877595 0.685458
vt 0.872551 0.689531
vt 0.872393 0.685458
vt 0.876323 1.483549
vt 0.867695 0.685458
vt 0.869322 0.690446
vt 0.555690 0.609565
vt 0.560734 0.605493
vt 0.556962 0.604578
vt 0.565591 0.609565
vt 0.560892 0.609565
vt 0.560032 0.955444
vt 0.560734 0.949728
vt 0.563963 0.952374
vt 0.933057 1.432895
vt 0.938774 1.433597
vt 0.936128 1.436825
vt 0.604578 1.429824
vt 0.555690 0.685458
vt 0.560734 0.689531
vt 0.560892 0.685458
vt 0.556962 0.951514
vt 0.565590 0.685458
vt 0.563963 0.690446
vt 0.689531 1.433597
vt 0.690446 1.436825
vt 0.936988 1.429824
vt -0.203357 0.654793
vt -0.203357 0.659917
vt -0.199322 0.657938
vt -0.209064 1.234585
vt -0.203357 1.230513
vt -0.207392 1.229598
vt -0.197651 1.234585
vt -0.203357 1.234585
vt -0.207392 0.657938
vt -0.197651 1.480479
vt -0.203357 1.484551
vt -0.199322 1.485466
vt -0.209064 1.480479
vt -0.203357 1.480479
vt -0.196432 0.649762
vt -0.191559 0.651345
vt -0.192194 0.646896
vt 0.656602 1.234585
vt 0.651345 1.230513
vt 0.654571 1.229598
vt 0.645748 1.234585
vt 0.651733 1.234585
vt -0.194688 0.654571
vt 0.645748 1.480479
vt 0.651345 1.484551
vt 0.646896 1.485466
vt 0.656602 1.480479
vt 0.651733 1.480479
vt -0.199077 0.641621
vt -0.196066 0.637476
vt -0.200493 0.636705
vt 0.641276 1.234585
vt 0.637476 1.230513
vt 0.641448 1.229598
vt -0.201006 1.234585
vt -0.196066 1.230513
vt -0.195328 1.234585
vt -0.196066 0.637476
vt -0.193964 0.641448
vt -0.201006 1.480479
vt -0.196066 1.484551
vt -0.200493 1.485466
vt 0.641276 1.480479
vt 0.637476 1.484551
vt 0.636461 1.480479
vt -0.207637 0.641621
vt -0.210649 0.637476
vt -0.212750 0.641448
vt -0.205709 1.234585
vt -0.210649 1.230513
vt -0.206221 1.229598
vt 0.637476 1.230513
vt 0.636461 1.234585
vt -0.210649 0.637476
vt -0.206222 0.636705
vt 0.637476 1.484551
vt 0.641448 1.485466
vt -0.205709 1.480479
vt -0.210649 1.484551
vt -0.211386 1.480479
vt -0.210283 0.649762
vt -0.215156 0.651345
vt -0.212027 0.654571
vt 0.646896 1.229598
vt 0.656602 1.234585
vt 0.651733 1.234585
vt -0.214521 0.646896
vt 0.656602 1.480479
vt 0.654571 1.485466
vt 0.645748 1.480479
vt 0.651733 1.480479
vt -0.144952 0.496676
vt -0.138757 0.497435
vt -0.140578 0.493657
vt 0.501923 1.194929
vt 0.497435 1.190289
vt 0.500592 1.190207
vt 0.492115 1.193894
vt 0.497367 1.194000
vt 0.492768 1.321780
vt 0.487708 1.325078
vt 0.488212 1.320852
vt -0.114222 0.486529
vt -0.109297 0.487708
vt -0.111786 0.490735
vt 0.482961 1.320745
vt 0.483800 1.326048
vt -0.191253 0.431294
vt -0.189755 0.425422
vt -0.193689 0.427087
vt -0.184188 1.199295
vt -0.189755 1.196238
vt -0.186879 1.194877
vt -0.193818 1.201279
vt -0.188693 1.200073
vt -0.160523 0.421147
vt -0.160294 0.415694
vt -0.157029 0.418418
vt -0.166093 1.328131
vt -0.160294 1.331028
vt -0.163839 1.332852
vt -0.156462 1.326147
vt -0.160967 1.326925
vt -0.278683 0.594377
vt -0.278912 0.599830
vt -0.275367 0.598292
vt -0.282744 1.233192
vt -0.278912 1.228312
vt -0.282177 1.227890
vt -0.273113 1.231209
vt -0.278239 1.232415
vt -0.247953 0.584230
vt -0.249452 0.590102
vt -0.252327 0.587249
vt -0.245388 1.358060
vt -0.249452 1.363101
vt -0.245517 1.363060
vt -0.255019 1.360044
vt -0.250513 1.359267
vt -0.324984 0.528994
vt -0.329910 0.527816
vt -0.328478 0.531723
vt 0.522755 1.237559
vt 0.527816 1.234261
vt 0.524788 1.232559
vt 0.532563 1.238594
vt 0.527311 1.238487
vt -0.294254 0.518847
vt -0.300449 0.518088
vt -0.297570 0.514932
vt 0.523408 1.365446
vt 0.518088 1.369050
vt 0.521867 1.369864
vt 0.513600 1.364411
vt 0.518157 1.365339
vt -0.369402 0.518243
vt -0.372240 0.514388
vt -0.373915 0.518053
vt -0.367134 1.235528
vt -0.372240 1.231861
vt -0.368284 1.230352
vt 0.518801 1.235657
vt 0.514388 1.231861
vt 0.514201 1.236129
vt -0.355205 1.304756
vt -0.358956 1.308952
vt -0.360382 1.305357
vt -0.355127 0.535399
vt -0.358956 0.530351
vt -0.354696 0.530136
vt 0.533136 1.304884
vt 0.530351 1.308952
vt 0.534383 1.309302
vt -0.384304 0.611547
vt -0.388406 0.615610
vt -0.384735 0.616810
vt 0.612105 1.218904
vt 0.615610 1.213686
vt 0.611357 1.213690
vt -0.384226 1.216313
vt -0.388406 1.213686
vt -0.388762 1.217635
vt -0.370029 0.628702
vt -0.375123 0.631574
vt -0.375229 0.627686
vt -0.372298 1.285541
vt -0.375123 1.290779
vt -0.371147 1.290717
vt 0.626439 1.288132
vt 0.631574 1.290779
vt 0.631539 1.286863
vt -0.267381 0.530911
vt -0.262287 0.528039
vt -0.266262 0.526474
vt 0.533174 1.212734
vt 0.528039 1.210088
vt 0.531927 1.208317
vt -0.265112 1.215325
vt -0.262287 1.210088
vt -0.260576 1.214003
vt -0.253105 0.548066
vt -0.249003 0.544003
vt -0.248592 0.548256
vt -0.253183 1.284554
vt -0.249003 1.287180
vt -0.252674 1.289008
vt 0.547509 1.281962
vt 0.544003 1.287180
vt 0.542409 1.283231
vt -0.282283 0.624214
vt -0.278454 0.629262
vt -0.277083 0.625230
vt -0.282205 1.196110
vt -0.278454 1.191913
vt -0.282714 1.191655
vt 0.626477 1.195982
vt 0.629262 1.191913
vt 0.631077 1.195509
vt -0.268007 0.641370
vt -0.265170 0.645226
vt -0.269125 0.645806
vt 0.640812 1.265209
vt 0.645226 1.269005
vt 0.641560 1.270423
vt -0.270276 1.265338
vt -0.265170 1.269005
vt -0.265099 1.264737
vt -0.157740 0.652329
vt -0.155083 0.647764
vt -0.159283 0.648185
vt 0.651246 1.235705
vt 0.647764 1.232633
vt 0.650979 1.230851
vt -0.159579 1.237283
vt -0.155083 1.232633
vt -0.154203 1.236800
vt 0.669633 1.325426
vt 0.667781 1.330305
vt 0.665806 1.326521
vt -0.148937 0.673538
vt -0.146775 0.667781
vt -0.144443 0.671361
vt -0.151948 1.327003
vt -0.146775 1.330305
vt -0.150823 1.331425
vt -0.289790 0.702246
vt -0.294752 0.700562
vt -0.294284 0.704423
vt -0.291629 1.238284
vt -0.294752 1.233692
vt -0.291333 1.232968
vt 0.706151 1.236807
vt 0.700562 1.233692
vt 0.700864 1.237872
vt -0.280988 0.723456
vt -0.286444 0.720578
vt -0.282874 0.718485
vt 0.724539 1.326528
vt 0.720578 1.331364
vt 0.724806 1.331383
vt 0.715599 1.328005
vt 0.719251 1.327593
vt -0.092382 0.826050
vt -0.086925 0.828928
vt -0.087545 0.824700
vt -0.089372 1.193068
vt -0.086925 1.189709
vt -0.090496 1.188646
vt 0.824968 1.194545
vt 0.828928 1.189709
vt 0.830255 1.193480
vt -0.083579 0.847260
vt -0.078618 0.848944
vt -0.082036 0.851404
vt 0.843354 1.284266
vt 0.848944 1.287381
vt 0.845083 1.289149
vt -0.081740 1.282789
vt -0.078618 1.287381
vt -0.077785 1.283200
vt -0.224432 0.875968
vt -0.226594 0.881725
vt -0.222546 0.880939
vt 0.879873 1.195647
vt 0.881725 1.190768
vt 0.878145 1.190763
vt -0.221422 1.194069
vt -0.226594 1.190768
vt -0.226797 1.194552
vt -0.215630 0.897177
vt -0.218286 0.901742
vt -0.220466 0.898527
vt -0.213791 1.283790
vt -0.218286 1.288440
vt -0.214087 1.289107
vt -0.222813 1.285367
vt -0.219166 1.284273
vt -0.008661 0.541131
vt -0.005153 0.536041
vt -0.009419 0.536072
vt 0.538999 1.195830
vt 0.536041 1.192109
vt 0.539909 1.191298
vt -0.009071 1.196648
vt -0.005153 1.192109
vt -0.003819 1.195891
vt 0.533844 1.247629
vt 0.530090 1.251908
vt 0.529409 1.247689
vt 0.002044 0.534598
vt 0.004598 0.530090
vt 0.006514 0.533780
vt -0.000625 1.248447
vt 0.004598 1.251908
vt 0.000625 1.253473
vt -0.155570 0.572351
vt -0.159902 0.568926
vt -0.160040 0.573169
vt -0.155980 1.223710
vt -0.159902 1.220615
vt -0.156328 1.218938
vt 0.573104 1.225393
vt 0.568926 1.220615
vt 0.567824 1.224721
vt -0.144864 0.565818
vt -0.150151 0.562976
vt -0.146284 0.561162
vt 0.567950 1.277192
vt 0.562976 1.280413
vt 0.567040 1.281724
vt -0.147534 1.275508
vt -0.150151 1.280413
vt -0.151884 1.276520
vt 0.022956 0.682212
vt 0.028243 0.685054
vt 0.028088 0.680990
vt 0.025625 1.206397
vt 0.028243 1.201492
vt 0.024376 1.201372
vt 0.680080 1.204714
vt 0.685054 1.201492
vt 0.685360 1.205386
vt 0.033662 0.675679
vt 0.037993 0.679103
vt 0.034419 0.680739
vt 0.674925 1.256512
vt 0.679103 1.261291
vt 0.674861 1.261778
vt 0.034072 1.258196
vt 0.037993 1.261291
vt 0.038422 1.257185
vt -0.123953 0.713432
vt -0.126506 0.717940
vt -0.122533 0.718088
vt 0.714185 1.234277
vt 0.717940 1.229998
vt 0.714250 1.229012
vt -0.121283 1.233459
vt -0.126506 1.229998
vt -0.126535 1.234217
vt -0.113247 0.706899
vt -0.116756 0.711989
vt -0.118379 0.708121
vt -0.112837 1.285257
vt -0.116756 1.289796
vt -0.112489 1.290030
vt 0.709031 1.286075
vt 0.711989 1.289796
vt 0.713466 1.286015
vt 0.996642 0.654793
vt 0.996642 0.659917
vt 1.000677 0.657938
vt 0.990936 1.174585
vt 0.996642 1.170513
vt 0.992607 1.169598
vt 1.002349 1.174585
vt 0.996642 1.174585
vt 0.996642 0.659917
vt 0.992607 0.657938
vt 1.002349 1.460479
vt 0.996642 1.464551
vt 1.000677 1.465466
vt 0.990936 1.460479
vt 0.996642 1.460479
vt 1.003568 0.649762
vt 1.008441 0.651345
vt 1.007806 0.646896
vt 0.656602 1.174585
vt 0.651345 1.170513
vt 0.654571 1.169598
vt 0.645748 1.174585
vt 0.651733 1.174585
vt 1.005312 0.654571
vt 0.645748 1.460479
vt 0.651345 1.464551
vt 0.646896 1.465466
vt 0.656602 1.460479
vt 0.651733 1.460479
vt 1.000922 0.641621
vt 1.003934 0.637476
vt 0.999507 0.636705
vt 0.641276 1.174585
vt 0.637476 1.170513
vt 0.641448 1.169598
vt 0.998994 1.174585
vt 1.003934 1.170513
vt 1.004672 1.174585
vt 1.006035 0.641448
vt 0.998994 1.460479
vt 1.003934 1.464551
vt 0.999507 1.465466
vt 0.641276 1.460479
vt 0.637476 1.464551
vt 0.636461 1.460479
vt 0.992362 0.641621
vt 0.989351 0.637476
vt 0.987250 0.641448
vt 0.994291 1.174585
vt 0.989351 1.170513
vt 0.993778 1.169598
vt 0.636461 1.174585
vt 0.993778 0.636705
vt 0.641448 1.465466
vt 0.994291 1.460479
vt 0.989351 1.464551
vt 0.988613 1.460479
vt 0.989717 0.649762
vt 0.984844 0.651345
vt 0.987973 0.654571
vt 0.651345 1.170513
vt 0.646896 1.169598
vt 0.985479 0.646896
vt 0.651345 1.464551
vt 0.654571 1.465466
vt 1.079618 0.505597
vt 1.085437 0.508965
vt 1.083130 0.512819
vt 1.089949 0.513997
vt 1.091990 0.892048
vt 1.098414 0.885532
vt 1.097707 0.892488
vt 1.091990 0.879015
vt 1.092336 0.885532
vt 0.494771 0.878899
vt 0.488802 0.885532
vt 0.489855 0.878576
vt 0.494771 0.892165
vt 0.494247 0.885532
vt 0.999635 0.484652
vt 1.006243 0.483233
vt 1.005843 0.487707
vt 1.012929 0.483929
vt 1.000948 0.892165
vt 1.007595 0.885532
vt 1.007548 0.892488
vt 1.000948 0.878899
vt 1.000523 0.885532
vt 1.014245 0.879015
vt 1.007548 0.878576
vt 1.014245 0.892048
vt 1.014590 0.885532
vt 1.012929 0.483929
vt 1.006242 0.483233
vt 0.999635 0.484652
vt 0.913667 0.789426
vt 0.907848 0.786059
vt 0.910155 0.782205
vt 0.903336 0.781027
vt 0.901295 0.892048
vt 0.894871 0.885532
vt 0.895578 0.892488
vt 0.901295 0.879015
vt 0.900949 0.885532
vt 0.800253 0.878899
vt 0.806222 0.885532
vt 0.805168 0.878576
vt 0.800253 0.892165
vt 0.800776 0.885532
vt 0.907848 0.786059
vt 0.993650 0.810372
vt 0.987043 0.811791
vt 0.987442 0.807317
vt 0.980356 0.811095
vt 0.992337 0.892165
vt 0.985690 0.885532
vt 0.985737 0.892488
vt 0.992337 0.878899
vt 0.992762 0.885532
vt 0.979040 0.879015
vt 0.985737 0.878576
vt 0.979040 0.892048
vt 0.978695 0.885532
vt 0.980356 0.811095
vt 0.987043 0.811791
vt 0.993650 0.810372
vt 1.035933 0.610163
vt 1.041833 0.613467
vt 1.039403 0.617180
vt 1.046539 0.618344
vt 1.044752 1.018129
vt 1.051237 1.011532
vt 1.050571 1.018493
vt 1.044752 1.004934
vt 1.045071 1.011532
vt 0.605362 1.004878
vt 0.599627 1.011532
vt 0.600586 1.004570
vt 0.605362 1.018185
vt 0.604821 1.011532
vt 0.973420 0.594586
vt 0.980094 0.593407
vt 0.979877 0.597839
vt 0.986808 0.594202
vt 0.973926 1.018185
vt 0.980620 1.011532
vt 0.980596 1.018493
vt 0.973926 1.004878
vt 0.973565 1.011532
vt 0.987315 1.004934
vt 0.980596 1.004570
vt 0.987315 1.018129
vt 0.987635 1.011532
vt 0.986808 0.594202
vt 0.916561 0.810400
vt 0.910662 0.807096
vt 0.913091 0.803383
vt 0.905956 0.802219
vt 0.907743 1.018129
vt 0.901257 1.011532
vt 0.901924 1.018493
vt 0.907743 1.004934
vt 0.907423 1.011532
vt 0.815201 1.004878
vt 0.820936 1.011532
vt 0.819978 1.004570
vt 0.815201 1.018185
vt 0.815742 1.011532
vt 0.979075 0.825977
vt 0.972401 0.827156
vt 0.972618 0.822725
vt 0.965686 0.826362
vt 0.978569 1.018185
vt 0.971874 1.011532
vt 0.971899 1.018493
vt 0.978569 1.004878
vt 0.978930 1.011532
vt 0.965180 1.004934
vt 0.971899 1.004570
vt 0.965180 1.018129
vt 0.964860 1.011532
vt 0.972401 0.827156
vt 0.979075 0.825977
vt 0.950311 0.855545
vt 0.952147 0.860693
vt 0.954588 0.859465
vt 0.954654 1.033998
vt 0.948578 1.032416
vt 0.949431 1.038078
vt 0.954588 1.027720
vt 0.959877 1.029917
vt 0.961393 0.855545
vt 0.959558 0.860693
vt 0.957116 0.859465
vt 0.957051 1.037066
vt 0.963127 1.038648
vt 0.962274 1.032985
vt 0.957116 1.043344
vt 0.951828 1.041146
vt 0.992096 0.836245
vt 0.996539 0.840189
vt 0.997656 0.836797
vt 0.999525 0.998940
vt 0.993052 0.997669
vt 0.995018 1.002462
vt 0.999525 0.840913
vt 1.003020 0.835887
vt 0.836245 1.009978
vt 0.840189 1.005591
vt 0.841699 1.008597
vt 0.840913 1.002008
vt 0.836797 1.005000
vt 0.835887 0.999278
vt 1.001590 1.008597
vt 1.001922 1.002008
vt 0.997415 1.005530
vt 1.014330 0.787376
vt 1.020160 0.788270
vt 1.019165 0.784301
vt 1.023401 0.788434
vt 1.018122 0.791813
vt 1.021718 0.794788
vt 1.023532 0.781733
vt 0.787376 0.992607
vt 0.788270 0.987137
vt 0.791813 0.989010
vt 0.788434 0.983355
vt 0.784301 0.988195
vt 0.781733 0.983252
vt 0.794788 0.984669
vt 1.006608 0.731804
vt 1.011957 0.729231
vt 1.009052 0.726542
vt 1.015109 0.728758
vt 1.012058 0.733147
vt 1.017038 0.734998
vt 1.011815 0.723517
vt 0.731804 0.998640
vt 0.729231 0.993546
vt 0.733147 0.993748
vt 0.728758 0.989833
vt 0.726542 0.996096
vt 0.723517 0.992406
vt 0.734998 0.988325
vt 0.972545 0.695532
vt 0.975767 0.690695
vt 0.972049 0.690545
vt 0.978529 1.015344
vt 0.977697 1.009665
vt 0.983168 1.011720
vt 0.972049 1.014078
vt 0.973352 1.019389
vt 0.695532 1.025253
vt 0.690695 1.021820
vt 0.693154 1.020594
vt 0.980926 1.018412
vt 0.980587 1.025006
vt 0.975749 1.022457
vt 0.986235 1.020594
vt 0.985565 1.014788
vt 0.695532 1.045810
vt 0.690695 1.049243
vt 0.693154 1.050470
vt 0.930778 1.052651
vt 0.931117 1.046057
vt 0.935956 1.048606
vt 0.925469 1.050470
vt 0.926140 1.056275
vt 0.939160 0.695532
vt 0.935937 0.690695
vt 0.939656 0.690545
vt 0.933175 1.055719
vt 0.934008 1.061398
vt 0.928537 1.059343
vt 0.939656 1.056986
vt 0.938353 1.051674
vt 0.731804 1.072424
vt 0.729231 1.077517
vt 0.733147 1.077315
vt 0.728758 1.081230
vt 0.726542 1.074967
vt 0.723517 1.078657
vt 0.734998 1.082738
vt 0.905096 0.731804
vt 0.899748 0.729231
vt 0.902652 0.726542
vt 0.896596 0.728758
vt 0.899647 0.733147
vt 0.894666 0.734998
vt 0.899889 0.723517
vt 0.787376 1.078457
vt 0.788270 1.083927
vt 0.791813 1.082053
vt 0.788434 1.087709
vt 0.784301 1.082868
vt 0.781733 1.087811
vt 0.794788 1.086394
vt 0.897375 0.787376
vt 0.891545 0.788270
vt 0.892539 0.784301
vt 0.888304 0.788434
vt 0.893583 0.791813
vt 0.889986 0.794788
vt 0.888172 0.781733
vt 0.836245 1.061086
vt 0.840189 1.065472
vt 0.841699 1.062466
vt 0.840913 1.069055
vt 0.836797 1.066064
vt 0.835887 1.071786
vt 0.910115 1.062466
vt 0.909782 1.069055
vt 0.914290 1.065534
vt 0.919608 0.836245
vt 0.915165 0.840189
vt 0.914049 0.836797
vt 0.912179 1.072123
vt 0.918653 1.073395
vt 0.916687 1.068602
vt 0.912179 0.840913
vt 0.908684 0.835887
vt 0.990362 1.023980
vt 0.994273 1.025635
vt 0.993599 1.021510
vt 0.870647 1.027897
vt 0.876417 1.028744
vt 0.873947 1.033012
vt 0.871042 1.021510
vt 0.866345 1.022782
vt 0.965235 1.083083
vt 0.970777 1.081496
vt 0.968650 1.084777
vt 0.793975 1.079497
vt 0.787564 1.079095
vt 0.790264 1.074052
vt 0.791787 1.084777
vt 0.797865 1.084281
vt 0.976928 0.837662
vt 0.980123 0.834739
vt 0.976003 0.832949
vt 0.832114 0.986547
vt 0.838518 0.986609
vt 0.836481 0.990736
vt 0.980661 0.832114
vt 0.975402 0.828606
vt 0.962477 1.074969
vt 0.966661 1.069385
vt 0.967829 1.072642
vt 0.967803 1.065780
vt 0.963323 1.069099
vt 0.962867 1.062883
vt 0.781551 1.072642
vt 0.781192 1.065780
vt 0.785800 1.069261
vt 0.927653 0.813631
vt 0.928218 0.809425
vt 0.923604 0.810164
vt 0.929125 0.806979
vt 0.932504 0.811734
vt 0.935461 0.809126
vt 0.923604 0.975089
vt 0.929125 0.976335
vt 0.922874 0.978719
vt 0.952363 1.072965
vt 0.951566 1.066394
vt 0.955280 1.067506
vt 0.950707 1.062392
vt 0.948289 1.068770
vt 0.944310 1.063976
vt 0.956896 1.061700
vt 0.820506 1.002039
vt 0.816667 1.002524
vt 0.819846 1.005758
vt 0.878911 1.004950
vt 0.881220 0.999241
vt 0.883957 1.000896
vt 0.814170 1.004950
vt 0.817588 1.010112
vt 0.942509 1.078580
vt 0.936858 1.074775
vt 0.940453 1.073235
vt 0.934050 1.071885
vt 0.936241 1.078355
vt 0.930910 1.076508
vt 0.938492 1.067291
vt 0.853112 1.045920
vt 0.851013 1.048747
vt 0.854703 1.051013
vt 0.848272 1.050844
vt 0.848630 1.044496
vt 0.844017 1.045681
vt 0.852606 1.054898
vt 0.940334 0.782408
vt 0.933613 0.784182
vt 0.934512 0.781302
vt 0.930374 0.786552
vt 0.936251 0.786073
vt 0.932758 0.791274
vt 0.934512 1.085517
vt 0.930374 1.087109
vt 0.929626 1.081825
vt 0.903848 1.073280
vt 0.903143 1.077566
vt 0.907565 1.076775
vt 0.904228 0.883605
vt 0.899443 0.884526
vt 0.899128 0.879990
vt 0.907565 0.888488
vt 0.910615 0.885592
vt 0.947477 0.789342
vt 0.944274 0.794531
vt 0.941931 0.791587
vt 0.942448 0.798273
vt 0.948312 0.794699
vt 0.948462 0.800969
vt 0.936975 0.795367
vt 0.957838 1.063515
vt 0.960014 1.067281
vt 0.963141 1.063645
vt 0.960695 0.893563
vt 0.955227 0.896893
vt 0.954379 0.893310
vt 0.895759 1.063645
vt 0.893563 1.069246
vt 0.891707 1.065058
vt 0.958559 0.791296
vt 0.960813 0.797447
vt 0.957124 0.796253
vt 0.961179 0.801576
vt 0.963341 0.795363
vt 0.966197 0.800520
vt 0.955004 0.802123
vt 0.656643 0.570793
vt 0.656643 0.575917
vt 0.660677 0.573938
vt 0.650936 0.984585
vt 0.656643 0.980513
vt 0.652608 0.979597
vt 0.662349 0.984585
vt 0.656643 0.984585
vt 0.652608 0.573938
vt 0.662349 1.390478
vt 0.656643 1.394550
vt 0.660677 1.395466
vt 0.650936 1.390478
vt 0.656643 1.390478
vt 0.659763 0.568526
vt 0.664636 0.570109
vt 0.664001 0.565660
vt 0.575366 0.984585
vt 0.570109 0.980513
vt 0.573335 0.979597
vt 0.564512 0.984585
vt 0.570497 0.984585
vt 0.661508 0.573335
vt 0.564512 1.390478
vt 0.570109 1.394550
vt 0.565660 1.395466
vt 0.575366 1.390478
vt 0.570497 1.390478
vt 0.658571 0.564857
vt 0.661583 0.560712
vt 0.657156 0.559941
vt 0.560712 0.980513
vt 0.564685 0.979597
vt 0.656643 0.984585
vt 0.661583 0.980513
vt 0.662320 0.984585
vt 0.663684 0.564684
vt 0.661583 1.394550
vt 0.657156 1.395466
vt 0.560712 1.394550
vt 0.559697 1.390478
vt 0.654714 0.564857
vt 0.651702 0.560712
vt 0.649601 0.564684
vt 0.656642 0.984585
vt 0.651702 0.980513
vt 0.656130 0.979597
vt 0.559697 0.984585
vt 0.656130 0.559941
vt 0.564685 1.395466
vt 0.656642 1.390478
vt 0.651702 1.394550
vt 0.650965 1.390478
vt 0.653522 0.568526
vt 0.648649 0.570109
vt 0.651778 0.573335
vt 0.565660 0.979597
vt 0.649284 0.565660
vt 0.573335 1.395466
vt 0.578159 0.554030
vt 0.573212 0.550555
vt 0.572963 0.554692
vt 0.576234 0.804061
vt 0.573212 0.799433
vt 0.577226 0.799128
vt 0.555043 0.803020
vt 0.550555 0.799433
vt 0.549837 0.803325
vt 0.549023 0.987919
vt 0.544809 0.991346
vt 0.544391 0.987183
vt 0.548883 0.557761
vt 0.544809 0.554175
vt 0.548554 0.552775
vt 0.558511 0.986878
vt 0.554175 0.991346
vt 0.558346 0.992116
vt 0.578904 0.559875
vt 0.574987 0.564480
vt 0.579232 0.564861
vt 0.560889 0.803020
vt 0.564480 0.799433
vt 0.560538 0.798392
vt 0.578763 0.804061
vt 0.574987 0.799433
vt 0.573609 0.803325
vt 0.549628 0.563607
vt 0.546584 0.568100
vt 0.545037 0.564192
vt 0.551552 0.987919
vt 0.546584 0.991346
vt 0.550561 0.992852
vt 0.564357 0.986878
vt 0.568100 0.991346
vt 0.569047 0.987183
vt 0.598657 0.551417
vt 0.601701 0.546924
vt 0.597724 0.546508
vt 0.550666 0.808185
vt 0.546924 0.803718
vt 0.550832 0.802947
vt 0.596733 0.807144
vt 0.601701 0.803718
vt 0.601887 0.807880
vt 0.569381 0.555148
vt 0.573298 0.550544
vt 0.574577 0.554486
vt 0.569522 0.991002
vt 0.573298 0.995631
vt 0.569053 0.995935
vt 0.554135 0.992043
vt 0.550544 0.995631
vt 0.549446 0.991738
vt 0.599402 0.557263
vt 0.603476 0.560849
vt 0.603993 0.556677
vt 0.599262 0.807144
vt 0.603476 0.803718
vt 0.599731 0.802211
vt 0.556512 0.808185
vt 0.560849 0.803718
vt 0.561718 0.807880
vt 0.570126 0.560994
vt 0.575073 0.564469
vt 0.571059 0.565903
vt 0.559981 0.992043
vt 0.564469 0.995631
vt 0.560332 0.996671
vt 0.572051 0.991002
vt 0.575073 0.995631
vt 0.576683 0.991738
vt 0.634229 0.555072
vt 0.630192 0.550564
vt 0.629014 0.554537
vt 0.633887 0.804075
vt 0.630192 0.799433
vt 0.634427 0.799145
vt 0.554251 0.803007
vt 0.550564 0.799433
vt 0.549498 0.803320
vt 0.605894 0.987826
vt 0.600973 0.991235
vt 0.600779 0.987071
vt 0.604112 0.551982
vt 0.600973 0.547567
vt 0.604932 0.547053
vt 0.551380 0.986758
vt 0.547567 0.991235
vt 0.551511 0.992001
vt 0.633628 0.560934
vt 0.628759 0.564528
vt 0.632808 0.565864
vt 0.560114 0.803007
vt 0.564528 0.799433
vt 0.560399 0.798390
vt 0.631846 0.804075
vt 0.628759 0.799433
vt 0.627153 0.803320
vt 0.603511 0.557845
vt 0.599540 0.561531
vt 0.598918 0.557374
vt 0.603854 0.987826
vt 0.599540 0.991235
vt 0.603313 0.992756
vt 0.557242 0.986758
vt 0.561531 0.991235
vt 0.562412 0.987071
vt 0.654774 0.557179
vt 0.658745 0.553493
vt 0.654972 0.552185
vt 0.557781 0.808305
vt 0.553493 0.803829
vt 0.557650 0.803062
vt 0.654432 0.807238
vt 0.658745 0.803829
vt 0.659125 0.807993
vt 0.624657 0.554090
vt 0.629526 0.550496
vt 0.629872 0.554625
vt 0.626439 0.990989
vt 0.629526 0.995630
vt 0.625477 0.995919
vt 0.554910 0.992056
vt 0.550496 0.995630
vt 0.549740 0.991744
vt 0.654173 0.563041
vt 0.657313 0.567457
vt 0.658766 0.563512
vt 0.652391 0.807238
vt 0.657313 0.803829
vt 0.653353 0.802307
vt 0.563644 0.808305
vt 0.567457 0.803829
vt 0.568397 0.807993
vt 0.624056 0.559952
vt 0.628093 0.564460
vt 0.623858 0.564946
vt 0.560773 0.992056
vt 0.564460 0.995630
vt 0.560487 0.996674
vt 0.624398 0.990989
vt 0.628093 0.995630
vt 0.629513 0.991744
vt 0.657789 0.558098
vt 0.653728 0.554538
vt 0.653234 0.558714
vt 0.657955 0.807424
vt 0.653728 0.804050
vt 0.657446 0.802499
vt 0.558881 0.808544
vt 0.554538 0.804050
vt 0.553665 0.808216
vt 0.687211 0.990958
vt 0.684266 0.995625
vt 0.682607 0.991750
vt 0.689265 0.553847
vt 0.684266 0.550413
vt 0.688272 0.548948
vt 0.554929 0.992078
vt 0.550413 0.995625
vt 0.554550 0.996674
vt 0.658578 0.563938
vt 0.655607 0.568449
vt 0.659570 0.568837
vt 0.564721 0.808544
vt 0.568449 0.804050
vt 0.564554 0.803292
vt 0.660632 0.807424
vt 0.655607 0.804050
vt 0.655475 0.808216
vt 0.690054 0.559687
vt 0.686145 0.564324
vt 0.684849 0.560390
vt 0.689888 0.990958
vt 0.686145 0.995625
vt 0.690396 0.995882
vt 0.560769 0.992078
vt 0.564324 0.995625
vt 0.565438 0.991750
vt 0.678231 0.555337
vt 0.682140 0.550700
vt 0.677889 0.550350
vt 0.554255 0.802986
vt 0.550700 0.799439
vt 0.554634 0.798390
vt 0.678397 0.804106
vt 0.682140 0.799439
vt 0.683553 0.803314
vt 0.709707 0.551085
vt 0.712678 0.546575
vt 0.714262 0.550470
vt 0.707653 0.987640
vt 0.712678 0.991014
vt 0.708715 0.992564
vt 0.550303 0.986520
vt 0.546575 0.991014
vt 0.545633 0.986848
vt 0.679020 0.561177
vt 0.684019 0.564611
vt 0.684225 0.560474
vt 0.681074 0.804106
vt 0.684019 0.799439
vt 0.680013 0.799182
vt 0.560095 0.802986
vt 0.564611 0.799439
vt 0.565311 0.803314
vt 0.710496 0.556925
vt 0.714557 0.560486
vt 0.710839 0.561912
vt 0.556143 0.986520
vt 0.560486 0.991014
vt 0.556310 0.991772
vt 0.710330 0.987640
vt 0.714557 0.991014
vt 0.714934 0.986848
vt 0.735462 0.554754
vt 0.730987 0.550910
vt 0.730351 0.555022
vt 0.734608 0.804086
vt 0.730987 0.799743
vt 0.735059 0.799111
vt 0.555147 0.803600
vt 0.550910 0.799743
vt 0.550059 0.803743
vt 0.721816 0.989537
vt 0.717635 0.993320
vt 0.716956 0.989194
vt 0.721700 0.555474
vt 0.717635 0.551609
vt 0.721581 0.550486
vt 0.555817 0.989051
vt 0.551609 0.993320
vt 0.555727 0.994169
vt 0.735770 0.560639
vt 0.731721 0.564929
vt 0.735889 0.565627
vt 0.561032 0.803600
vt 0.564929 0.799743
vt 0.560907 0.798767
vt 0.735654 0.804086
vt 0.731721 0.799743
vt 0.730577 0.803743
vt 0.722008 0.561359
vt 0.718369 0.565628
vt 0.717181 0.561612
vt 0.722862 0.989537
vt 0.718369 0.993320
vt 0.722411 0.994513
vt 0.561702 0.989051
vt 0.565628 0.993320
vt 0.566575 0.989194
vt 0.756277 0.553664
vt 0.759916 0.549396
vt 0.755874 0.548691
vt 0.553322 0.806012
vt 0.549396 0.801744
vt 0.553412 0.800894
vt 0.755423 0.805526
vt 0.759916 0.801744
vt 0.760500 0.805869
vt 0.742515 0.554385
vt 0.746564 0.550095
vt 0.747626 0.554117
vt 0.742631 0.990977
vt 0.746564 0.995320
vt 0.742396 0.995953
vt 0.553991 0.991463
vt 0.550095 0.995320
vt 0.549118 0.991321
vt 0.756585 0.559549
vt 0.760650 0.563414
vt 0.761412 0.559297
vt 0.756469 0.805526
vt 0.760650 0.801744
vt 0.756704 0.800550
vt 0.559207 0.806012
vt 0.563414 0.801744
vt 0.564295 0.805870
vt 0.742823 0.560270
vt 0.747298 0.564113
vt 0.743226 0.565243
vt 0.559877 0.991463
vt 0.564113 0.995321
vt 0.560002 0.996297
vt 0.743677 0.990977
vt 0.747298 0.995321
vt 0.748538 0.991321
vt -0.152188 0.156103
vt -0.156247 0.152306
vt -0.157167 0.156283
vt -0.152157 -0.717980
vt -0.156247 -0.722280
vt -0.152178 -0.723128
vt 0.156718 -0.718567
vt 0.152306 -0.722280
vt 0.151749 -0.718140
vt -0.150400 -0.273787
vt -0.154457 -0.269974
vt -0.155388 -0.273947
vt -0.150375 0.196194
vt -0.154457 0.191878
vt -0.150381 0.191046
vt 0.195580 -0.274374
vt 0.191878 -0.269974
vt 0.196014 -0.269413
vt -0.152217 0.241669
vt -0.156279 0.245986
vt -0.152211 0.246818
vt 0.242284 -0.726053
vt 0.245986 -0.730476
vt 0.241849 -0.731029
vt -0.152192 -0.726695
vt -0.156279 -0.730476
vt -0.157179 -0.726496
vt -0.150404 0.281761
vt -0.154490 0.285558
vt -0.155400 0.281581
vt -0.150435 -0.282502
vt -0.154490 -0.278170
vt -0.150414 -0.277354
vt 0.281146 -0.281860
vt 0.285558 -0.278170
vt 0.286115 -0.282303
vt 0.973696 0.156103
vt 0.977782 0.152306
vt 0.973706 0.151314
vt 0.156718 -0.723077
vt 0.152306 -0.726767
vt 0.156283 -0.728037
vt 0.973727 -0.722434
vt 0.977782 -0.726767
vt 0.978713 -0.722634
vt 0.975509 0.196194
vt 0.979571 0.191878
vt 0.980489 0.196014
vt 0.975484 -0.278241
vt 0.979571 -0.274460
vt 0.975503 -0.273453
vt 0.195580 -0.278884
vt 0.191878 -0.274460
vt 0.190611 -0.278441
vt 0.973667 0.241669
vt 0.977749 0.245986
vt 0.978662 0.241849
vt 0.973692 -0.731149
vt 0.977749 -0.734962
vt 0.973673 -0.735938
vt 0.242284 -0.730563
vt 0.245986 -0.734962
vt 0.247252 -0.730989
vt 0.975480 0.281761
vt 0.979539 0.285558
vt 0.975470 0.286549
vt 0.281146 -0.286370
vt 0.285558 -0.282656
vt 0.281581 -0.281393
vt 0.975450 -0.286957
vt 0.979539 -0.282656
vt 0.980438 -0.286796
vt -0.150819 1.051079
vt -0.154847 1.046762
vt -0.155772 1.050899
vt -0.150712 -0.719433
vt -0.154847 -0.723161
vt -0.150792 -0.724221
vt 1.050464 -0.718700
vt 1.046762 -0.723161
vt 1.045495 -0.719169
vt -0.143248 -0.275300
vt -0.147247 -0.270915
vt -0.148232 -0.275036
vt -0.143120 1.010987
vt -0.147247 1.007190
vt -0.143162 1.006199
vt 1.011602 -0.274566
vt 1.007190 -0.270915
vt 1.011167 -0.269633
vt -0.150694 1.136645
vt -0.154710 1.140442
vt -0.150652 1.141433
vt 1.136030 -0.711215
vt 1.140442 -0.714966
vt 1.136465 -0.716218
vt -0.150565 -0.710719
vt -0.154710 -0.714966
vt -0.155555 -0.710815
vt -0.142994 1.096553
vt -0.147110 1.100870
vt -0.148015 1.096733
vt -0.143102 -0.266585
vt -0.147110 -0.262720
vt -0.143021 -0.261797
vt 1.097168 -0.267081
vt 1.100870 -0.262720
vt 1.102137 -0.266681
vt 0.974915 1.051079
vt 0.979030 1.046762
vt 0.974942 1.045930
vt 1.050464 -0.737855
vt 1.046762 -0.742216
vt 1.050899 -0.742788
vt 0.975022 -0.738351
vt 0.979030 -0.742216
vt 0.980012 -0.738255
vt 0.982615 1.010987
vt 0.986630 1.007190
vt 0.987567 1.011167
vt 0.982486 -0.294217
vt 0.986630 -0.289970
vt 0.982573 -0.289069
vt 1.011602 -0.293721
vt 1.007190 -0.289970
vt 1.006633 -0.294121
vt 0.975040 1.136645
vt 0.979168 1.140442
vt 0.980062 1.136465
vt 0.975169 -0.729637
vt 0.979168 -0.734021
vt 0.975082 -0.734785
vt 1.136030 -0.730370
vt 1.140442 -0.734021
vt 1.140999 -0.729900
vt 0.982740 1.096553
vt 0.986768 1.100870
vt 0.982713 1.101702
vt 1.097168 -0.286236
vt 1.100870 -0.281775
vt 1.096733 -0.281234
vt 0.982633 -0.285503
vt 0.986768 -0.281775
vt 0.987616 -0.285767
vt -0.221575 0.191545
vt -0.225419 0.187472
vt -0.226399 0.191545
vt -0.221061 -0.721698
vt -0.225419 -0.725464
vt -0.221424 -0.726673
vt 0.191545 -0.721185
vt 0.187472 -0.725464
vt 0.186557 -0.721336
vt -0.188614 -0.276987
vt -0.192379 -0.272630
vt -0.193588 -0.276624
vt -0.188101 0.191545
vt -0.192379 0.187472
vt -0.188251 0.186557
vt 0.191545 -0.276474
vt 0.187472 -0.272630
vt 0.191545 -0.271650
vt -0.221575 1.117438
vt -0.225419 1.121510
vt -0.221424 1.122425
vt 1.117438 -0.721185
vt 1.121510 -0.725464
vt 1.117438 -0.726310
vt -0.221061 -0.721698
vt -0.225419 -0.725464
vt -0.226036 -0.721336
vt -0.188101 1.117438
vt -0.192379 1.121510
vt -0.193225 1.117438
vt -0.188251 -0.272013
vt 1.117438 -0.276474
vt 1.121510 -0.272630
vt 1.122425 -0.276624
vt -0.135909 0.191544
vt -0.131631 0.187472
vt -0.135759 0.186557
vt 0.191544 -0.728462
vt 0.187472 -0.732307
vt 0.191544 -0.733286
vt -0.135396 -0.727949
vt -0.131631 -0.732307
vt -0.130422 -0.728312
vt -0.102435 0.191545
vt -0.098591 0.187472
vt -0.097611 0.191545
vt -0.102948 -0.283238
vt -0.098591 -0.279473
vt -0.102585 -0.278264
vt 0.191545 -0.283751
vt 0.187472 -0.279473
vt 0.186557 -0.283601
vt -0.135909 1.117438
vt -0.131631 1.121510
vt -0.130785 1.117438
vt -0.135759 -0.732923
vt 1.117438 -0.728462
vt 1.121510 -0.732307
vt 1.122425 -0.728312
vt -0.102435 1.117438
vt -0.098591 1.121510
vt -0.102586 1.122425
vt 1.117438 -0.283751
vt 1.121510 -0.279473
vt 1.117438 -0.278626
vt -0.102948 -0.283238
vt -0.098591 -0.279473
vt -0.097974 -0.283601
vt 0.969842 0.182536
vt 0.965564 0.178464
vt 0.964718 0.182536
vt 0.969328 -0.727952
vt 0.965564 -0.732310
vt 0.969692 -0.732926
vt 0.182536 -0.728466
vt 0.178464 -0.732310
vt 0.177548 -0.728316
vt 0.936827 -0.283245
vt 0.932469 -0.279480
vt 0.931853 -0.283609
vt 0.936313 0.182536
vt 0.932469 0.178464
vt 0.936464 0.177548
vt 0.182536 -0.283759
vt 0.178464 -0.279480
vt 0.182536 -0.278634
vt 0.969842 1.108429
vt 0.965564 1.112501
vt 0.969692 1.113417
vt 1.108429 -0.728466
vt 1.112501 -0.732310
vt 1.108429 -0.733290
vt 0.964354 -0.728316
vt 0.936313 1.108429
vt 0.932469 1.112501
vt 0.931489 1.108429
vt 0.936827 -0.283245
vt 0.932469 -0.279480
vt 0.936464 -0.278271
vt 1.108429 -0.283759
vt 1.112501 -0.279480
vt 1.113417 -0.283609
vt 1.055507 0.182536
vt 1.059351 0.178464
vt 1.055357 0.177548
vt 0.182536 -0.721177
vt 0.178464 -0.725456
vt 0.182536 -0.726302
vt 1.054993 -0.721691
vt 1.059351 -0.725456
vt 1.059967 -0.721328
vt 1.021978 0.182536
vt 1.026256 0.178464
vt 1.027102 0.182536
vt 1.022492 -0.276984
vt 1.026256 -0.272626
vt 1.022128 -0.272010
vt 0.182536 -0.276470
vt 0.178464 -0.272626
vt 0.177548 -0.276621
vt 1.055507 1.108429
vt 1.059351 1.112501
vt 1.060331 1.108429
vt 1.054993 -0.721691
vt 1.055357 -0.726665
vt 1.108429 -0.721177
vt 1.112501 -0.725456
vt 1.113417 -0.721328
vt 1.021978 1.108429
vt 1.026256 1.112501
vt 1.022128 1.113417
vt 1.108429 -0.276470
vt 1.112501 -0.272626
vt 1.108429 -0.271646
vt 1.027466 -0.276621
vt -0.186304 0.192065
vt -0.190376 0.187993
vt -0.191292 0.192065
vt -0.186304 -0.437915
vt -0.190376 -0.441987
vt -0.186304 -0.442902
vt 0.192065 -0.437915
vt 0.187993 -0.441987
vt 0.187078 -0.437915
vt -0.186304 -0.367022
vt -0.190376 -0.362949
vt -0.191292 -0.367022
vt -0.186304 0.187078
vt 0.192065 -0.367022
vt 0.187993 -0.362949
vt 0.192065 -0.362034
vt -0.186304 0.222958
vt -0.190376 0.227031
vt -0.186304 0.227946
vt 0.222958 -0.437915
vt 0.227031 -0.441987
vt 0.222958 -0.442902
vt -0.191292 -0.437915
vt -0.190376 0.227031
vt -0.191292 0.222959
vt -0.186304 -0.362034
vt 0.222958 -0.367022
vt 0.227031 -0.362949
vt 0.227946 -0.367022
vt 1.019589 0.192065
vt 1.023661 0.187993
vt 1.019589 0.187078
vt 0.192065 -0.437915
vt 0.187993 -0.441987
vt 0.192065 -0.442902
vt 1.019589 -0.437915
vt 1.023661 -0.441987
vt 1.024577 -0.437915
vt 1.024577 0.192065
vt 1.019589 -0.367022
vt 1.023661 -0.362949
vt 1.019589 -0.362034
vt 0.192065 -0.367022
vt 0.187993 -0.362949
vt 0.187078 -0.367022
vt 1.019589 0.222958
vt 1.023661 0.227031
vt 1.024577 0.222959
vt 1.019589 -0.442902
vt 0.227031 -0.441987
vt 0.227946 -0.437915
vt 1.023661 0.227031
vt 1.019589 0.227946
vt 0.227031 -0.362949
vt 0.222958 -0.362034
vt 1.024577 -0.367022
vt 0.234673 0.666952
vt 0.230908 0.672521
vt 0.227224 0.669951
vt 0.225574 0.676672
vt 0.678591 -0.302351
vt 0.684826 -0.308868
vt 0.684048 -0.301912
vt 0.678591 -0.315385
vt 0.679010 -0.308868
vt 0.241146 -0.315501
vt 0.247371 -0.308868
vt 0.246369 -0.315824
vt 0.241146 -0.302235
vt 0.241605 -0.308868
vt 0.230908 0.672521
vt 0.234673 0.666952
vt 0.256937 0.599046
vt 0.257891 0.605737
vt 0.253456 0.605026
vt 0.256731 0.612358
vt 0.601512 -0.302235
vt 0.608321 -0.308868
vt 0.608185 -0.301912
vt 0.601512 -0.315501
vt 0.601155 -0.308868
vt 0.614831 -0.315385
vt 0.608185 -0.315824
vt 0.614831 -0.302351
vt 0.615250 -0.308868
vt -0.001388 0.508072
vt 0.002377 0.502502
vt 0.006061 0.505072
vt 0.007711 0.498352
vt 0.496433 -0.302351
vt 0.490198 -0.308868
vt 0.490976 -0.301912
vt 0.496433 -0.315385
vt 0.496014 -0.308868
vt -0.007861 -0.315501
vt -0.014086 -0.308868
vt -0.013084 -0.315824
vt -0.007861 -0.302235
vt -0.008320 -0.308868
vt 0.007711 0.498352
vt 0.002377 0.502502
vt 0.006061 0.505072
vt -0.023652 0.575978
vt -0.024606 0.569287
vt -0.020170 0.569997
vt -0.023445 0.562666
vt 0.573511 -0.302235
vt 0.566702 -0.308868
vt 0.566838 -0.301912
vt 0.573511 -0.315501
vt 0.573869 -0.308868
vt 0.560193 -0.315385
vt 0.566838 -0.315824
vt 0.560193 -0.302351
vt 0.559774 -0.308868
vt 0.146911 0.622862
vt 0.143204 0.628517
vt 0.139670 0.625834
vt 0.138011 0.632872
vt 0.631059 -0.193071
vt 0.637356 -0.199668
vt 0.636625 -0.192707
vt 0.631059 -0.206266
vt 0.631446 -0.199668
vt 0.148427 -0.206322
vt 0.154435 -0.199668
vt 0.153525 -0.206630
vt 0.148427 -0.193015
vt 0.148908 -0.199668
vt 0.143204 0.628517
vt 0.146911 0.622862
vt 0.163523 0.569726
vt 0.164234 0.576466
vt 0.159828 0.575941
vt 0.162973 0.583109
vt 0.571076 -0.193015
vt 0.577909 -0.199668
vt 0.577804 -0.192707
vt 0.571076 -0.206322
vt 0.570781 -0.199668
vt 0.584461 -0.206266
vt 0.577804 -0.206630
vt 0.584461 -0.193071
vt 0.584848 -0.199668
vt 0.164234 0.576466
vt -0.019696 0.509306
vt -0.015989 0.503652
vt -0.012455 0.506334
vt -0.010795 0.499297
vt 0.501110 -0.193071
vt 0.494812 -0.199668
vt 0.495544 -0.192707
vt 0.501110 -0.206266
vt 0.500723 -0.199668
vt -0.021212 -0.206322
vt -0.027220 -0.199668
vt -0.026310 -0.206630
vt -0.021212 -0.193015
vt -0.021693 -0.199668
vt -0.010795 0.499297
vt -0.015989 0.503652
vt -0.019696 0.509306
vt -0.036308 0.562442
vt -0.037019 0.555702
vt -0.032613 0.556228
vt -0.035757 0.549060
vt 0.561092 -0.193015
vt 0.554259 -0.199668
vt 0.554365 -0.192707
vt 0.561092 -0.206322
vt 0.561387 -0.199668
vt 0.547707 -0.206266
vt 0.554365 -0.206630
vt 0.547707 -0.193071
vt 0.547320 -0.199668
vt -0.036308 0.562442
vt 0.005771 0.615151
vt 0.007606 0.620298
vt 0.010048 0.619070
vt 0.010113 -0.179456
vt 0.004037 -0.181039
vt 0.004890 -0.175376
vt 0.010048 -0.185735
vt 0.015336 -0.183537
vt 0.015375 0.615151
vt 0.013540 0.620298
vt 0.011098 0.619070
vt 0.011032 -0.178280
vt 0.017108 -0.176697
vt 0.016255 -0.182360
vt 0.011098 -0.172002
vt 0.005809 -0.174199
vt 0.041477 0.598658
vt 0.045920 0.602602
vt 0.047037 0.599209
vt 0.048906 -0.209765
vt 0.042433 -0.211037
vt 0.044399 -0.206243
vt 0.048906 0.603326
vt 0.052401 0.598300
vt 0.598658 -0.200619
vt 0.602602 -0.205005
vt 0.604112 -0.201999
vt 0.603326 -0.208588
vt 0.599209 -0.205596
vt 0.598300 -0.211319
vt 0.049493 -0.201999
vt 0.049825 -0.208588
vt 0.045318 -0.205067
vt 0.060477 0.556898
vt 0.066307 0.557792
vt 0.065312 0.553823
vt 0.069547 0.557956
vt 0.064268 0.561334
vt 0.067865 0.564310
vt 0.069679 0.551255
vt 0.556898 -0.215463
vt 0.557792 -0.220933
vt 0.561334 -0.219059
vt 0.557956 -0.224715
vt 0.553823 -0.219875
vt 0.551255 -0.224818
vt 0.564310 -0.223401
vt 0.053878 0.509410
vt 0.059227 0.506836
vt 0.056322 0.504147
vt 0.062379 0.506364
vt 0.059328 0.510753
vt 0.064308 0.512603
vt 0.059085 0.501123
vt 0.509410 -0.210307
vt 0.506836 -0.215401
vt 0.510753 -0.215199
vt 0.506364 -0.219114
vt 0.504147 -0.212851
vt 0.501123 -0.216541
vt 0.512603 -0.220622
vt 0.024770 0.478414
vt 0.027992 0.473577
vt 0.024274 0.473427
vt 0.030755 -0.195583
vt 0.029922 -0.201262
vt 0.035393 -0.199207
vt 0.024274 -0.196850
vt 0.025577 -0.191538
vt 0.478414 -0.187565
vt 0.473577 -0.190998
vt 0.476035 -0.192225
vt 0.031674 -0.194407
vt 0.031335 -0.187812
vt 0.026496 -0.190362
vt 0.036983 -0.192225
vt 0.036312 -0.198031
vt 0.478414 -0.170171
vt 0.473577 -0.166738
vt 0.476035 -0.165511
vt -0.010528 -0.163330
vt -0.010189 -0.169924
vt -0.005351 -0.167375
vt -0.015837 -0.165511
vt -0.015167 -0.159705
vt -0.003624 0.478414
vt -0.006847 0.473577
vt -0.003129 0.473427
vt -0.009609 -0.162153
vt -0.008777 -0.156474
vt -0.014248 -0.158529
vt -0.003129 -0.160887
vt -0.004432 -0.166198
vt 0.509410 -0.147429
vt 0.506836 -0.142335
vt 0.510753 -0.142537
vt 0.506364 -0.138622
vt 0.504147 -0.144885
vt 0.501123 -0.141195
vt 0.512603 -0.137114
vt -0.032733 0.509410
vt -0.038081 0.506836
vt -0.035177 0.504147
vt -0.041233 0.506364
vt -0.038182 0.510753
vt -0.043163 0.512603
vt -0.037940 0.501123
vt 0.556898 -0.142274
vt 0.557792 -0.136803
vt 0.561334 -0.138677
vt 0.557956 -0.133021
vt 0.553823 -0.137861
vt 0.551255 -0.132918
vt 0.564310 -0.134336
vt -0.039331 0.556898
vt -0.045161 0.557792
vt -0.044167 0.553823
vt -0.048402 0.557956
vt -0.043123 0.561334
vt -0.046720 0.564310
vt -0.048533 0.551255
vt 0.598658 -0.157117
vt 0.602602 -0.152731
vt 0.604112 -0.155737
vt 0.603326 -0.149148
vt 0.599209 -0.152140
vt 0.598300 -0.146417
vt -0.028348 -0.155737
vt -0.028680 -0.149148
vt -0.024173 -0.152669
vt -0.020332 0.598658
vt -0.024775 0.602602
vt -0.025891 0.599210
vt -0.027761 -0.147971
vt -0.021287 -0.146700
vt -0.023254 -0.151493
vt -0.027761 0.603326
vt -0.031256 0.598300
vt 0.567391 -0.188880
vt 0.571360 -0.187224
vt 0.570862 -0.191349
vt -0.075290 -0.184963
vt -0.080846 -0.184116
vt -0.078388 -0.179848
vt -0.075606 -0.191349
vt -0.070977 -0.190078
vt -0.001489 -0.137657
vt -0.005802 -0.139243
vt -0.006703 -0.135963
vt -0.009152 -0.141243
vt -0.002587 -0.141645
vt -0.005460 -0.146688
vt -0.012870 -0.136459
vt -0.046783 0.558180
vt -0.044090 0.561571
vt -0.042017 0.557587
vt -0.041509 -0.220398
vt -0.047972 -0.220336
vt -0.046065 -0.216210
vt -0.041509 0.562291
vt -0.037642 0.557290
vt 0.549219 -0.144046
vt 0.553378 -0.149630
vt 0.554396 -0.146373
vt 0.554395 -0.153235
vt 0.550206 -0.149916
vt 0.549699 -0.156132
vt 0.001920 -0.146373
vt 0.002280 -0.153235
vt -0.002538 -0.149754
vt -0.023473 0.517804
vt -0.019317 0.518662
vt -0.019733 0.514007
vt -0.016941 0.519737
vt -0.021920 0.522776
vt -0.019525 0.525907
vt 0.514007 -0.230396
vt 0.519737 -0.229149
vt 0.513507 -0.226766
vt 0.541545 -0.145624
vt 0.540905 -0.152195
vt 0.544528 -0.151083
vt 0.539994 -0.156196
vt 0.537640 -0.149819
vt 0.533617 -0.154613
vt 0.546018 -0.156889
vt -0.026458 -0.207538
vt -0.022490 -0.207053
vt -0.025536 -0.203819
vt 0.476380 -0.204628
vt 0.478540 -0.210336
vt 0.481532 -0.208682
vt -0.020087 -0.204628
vt -0.023319 -0.199465
vt 0.533727 -0.141203
vt 0.528196 -0.145008
vt 0.531855 -0.146547
vt 0.525322 -0.147898
vt 0.527456 -0.141428
vt 0.521946 -0.143275
vt 0.529866 -0.152491
vt -0.053490 -0.170221
vt -0.051218 -0.167395
vt -0.055054 -0.165129
vt -0.048577 -0.165298
vt -0.048842 -0.171646
vt -0.044330 -0.170460
vt -0.053116 -0.161244
vt 0.003328 0.531652
vt 0.002027 0.524822
vt 0.004837 0.525920
vt -0.000112 0.521426
vt -0.000044 0.527323
vt -0.004988 0.523475
vt 0.525920 -0.136180
vt 0.521426 -0.134589
vt 0.520950 -0.139872
vt 0.493264 -0.146955
vt 0.492581 -0.142669
vt 0.496861 -0.143460
vt -0.080958 0.493872
vt -0.081543 0.489035
vt -0.076996 0.489037
vt -0.086062 0.496861
vt -0.083386 0.500106
vt -0.002511 0.536882
vt -0.007464 0.533324
vt -0.004364 0.531192
vt -0.011070 0.531241
vt -0.007914 0.537341
vt -0.014179 0.537053
vt -0.007789 0.525984
vt 0.538500 -0.155259
vt 0.540656 -0.151493
vt 0.543836 -0.155129
vt -0.092846 0.541550
vt -0.095787 0.535862
vt -0.092153 0.535266
vt 0.541550 -0.149528
vt 0.546543 -0.153716
vt -0.004655 0.545479
vt -0.010949 0.547298
vt -0.009500 0.543702
vt -0.015093 0.547376
vt -0.009045 0.549966
vt -0.014389 0.552454
vt -0.015208 0.541177
vt 0.676364 -0.259974
vt 0.675920 -0.254827
vt 0.679827 -0.256055
vt 0.675313 0.997185
vt 0.672285 1.002685
vt 0.668759 0.998173
vt 0.679827 1.001548
vt 0.681867 0.996197
vt 0.586921 -0.259974
vt 0.587365 -0.254827
vt 0.583458 -0.256055
vt 0.587972 0.417839
vt 0.591000 0.412338
vt 0.594526 0.416851
vt 0.583458 0.413475
vt 0.581418 0.418827
vt 0.719264 -0.275765
vt 0.722091 -0.271821
vt 0.724336 -0.275214
vt 0.722085 0.990134
vt 0.718558 0.995709
vt 0.716429 0.990986
vt 0.994838 -0.275214
vt 0.990134 -0.271097
vt 0.989473 -0.276123
vt 0.629820 -0.275765
vt 0.633536 -0.271821
vt 0.629731 -0.270311
vt 0.410787 -0.271097
vt 0.405628 -0.275214
vt 0.410126 -0.276123
vt 0.629731 0.406499
vt 0.634744 0.410787
vt 0.629089 0.411640
vt 0.742090 -0.315748
vt 0.746659 -0.314854
vt 0.746254 -0.318823
vt 0.986382 -0.314690
vt 0.991732 -0.311312
vt 0.986700 -0.308336
vt 0.991534 -0.318823
vt 0.986357 -0.321391
vt 0.652647 -0.315748
vt 0.658104 -0.314854
vt 0.656117 -0.311312
vt 0.407035 -0.314690
vt 0.402324 -0.318823
vt 0.407011 -0.321391
vt 0.402521 -0.311312
vt 0.407354 -0.308336
vt 0.734163 -0.361215
vt 0.738126 -0.363789
vt 0.735326 -0.366478
vt 0.987685 -0.364262
vt 0.992613 -0.359872
vt 0.987320 -0.358022
vt 0.993182 -0.366478
vt 0.988308 -0.369502
vt 0.644719 -0.361215
vt 0.649572 -0.363789
vt 0.650269 -0.359872
vt 0.408338 -0.364262
vt 0.403972 -0.366478
vt 0.408962 -0.369502
vt 0.403403 -0.359872
vt 0.407973 -0.358022
vt 0.699191 -0.390892
vt 0.700487 -0.395729
vt 0.696665 -0.395879
vt 0.700200 0.993433
vt 0.703752 0.997942
vt 0.706021 0.992556
vt 0.696665 0.999010
vt 0.693703 0.994413
vt 0.609747 -0.390892
vt 0.611932 -0.395729
vt 0.614924 -0.393270
vt 0.612859 0.414087
vt 0.607837 0.409800
vt 0.606362 0.415066
vt 0.614924 0.408732
vt 0.618680 0.413209
vt 0.653538 -0.390892
vt 0.651353 -0.395729
vt 0.648361 -0.393270
vt 0.650426 1.000937
vt 0.655448 1.005224
vt 0.656923 0.999958
vt 0.648361 1.006292
vt 0.644605 1.001814
vt 0.564094 -0.390892
vt 0.562798 -0.395729
vt 0.566620 -0.395879
vt 0.563085 0.421591
vt 0.559533 0.417082
vt 0.557264 0.422468
vt 0.566620 0.416014
vt 0.569582 0.420611
vt 0.618566 -0.361215
vt 0.613713 -0.363789
vt 0.613016 -0.359872
vt 1.006685 -0.364262
vt 1.011052 -0.366478
vt 1.006062 -0.369502
vt 1.011621 -0.359872
vt 1.007050 -0.358022
vt 0.529122 -0.361215
vt 0.525159 -0.363789
vt 0.527959 -0.366478
vt 0.427339 -0.364262
vt 0.422411 -0.359872
vt 0.427704 -0.358022
vt 0.421842 -0.366478
vt 0.426716 -0.369502
vt 0.610638 -0.315748
vt 0.605181 -0.314854
vt 0.607168 -0.311312
vt 1.007988 -0.314690
vt 1.012700 -0.318823
vt 1.008013 -0.321391
vt 1.012502 -0.311312
vt 1.007670 -0.308336
vt 0.521195 -0.315748
vt 0.516626 -0.314854
vt 0.517031 -0.318823
vt 0.428642 -0.314690
vt 0.423292 -0.311312
vt 0.428323 -0.308336
vt 0.423490 -0.318823
vt 0.428667 -0.321391
vt 0.633465 -0.275765
vt 0.629749 -0.271821
vt 0.633554 -0.270311
vt 1.004236 -0.271097
vt 1.009395 -0.275214
vt 1.004897 -0.276123
vt 0.633554 1.008524
vt 0.628541 1.004236
vt 0.634196 1.003384
vt 0.544021 -0.275765
vt 0.541194 -0.271821
vt 0.538949 -0.275214
vt 0.541200 0.424890
vt 0.544727 0.419314
vt 0.546856 0.424037
vt 0.420185 -0.275214
vt 0.424890 -0.271097
vt 0.425551 -0.276123
vt 0.830782 -0.259974
vt 0.830492 -0.254827
vt 0.834377 -0.256055
vt 0.830097 0.999073
vt 0.826785 1.004408
vt 0.823500 0.999717
vt 0.834377 1.003667
vt 0.836693 0.998429
vt 0.772503 -0.259974
vt 0.772793 -0.254827
vt 0.768908 -0.256055
vt 0.773188 0.415950
vt 0.776500 0.410616
vt 0.779785 0.415307
vt 0.768908 0.411357
vt 0.766592 0.416594
vt 0.873961 -0.275765
vt 0.876964 -0.271821
vt 0.879175 -0.275214
vt 0.877174 0.994479
vt 0.873360 0.999862
vt 0.871481 0.995034
vt 0.999295 -0.275214
vt 0.994479 -0.271097
vt 0.994048 -0.276123
vt 0.815682 -0.275765
vt 0.819265 -0.271821
vt 0.815483 -0.270311
vt 0.411356 -0.271097
vt 0.406244 -0.275214
vt 0.410925 -0.276123
vt 0.815483 0.406812
vt 0.820265 0.411356
vt 0.814573 0.411912
vt 0.896936 -0.315748
vt 0.901692 -0.314854
vt 0.901236 -0.318823
vt 0.992034 -0.314690
vt 0.997270 -0.311312
vt 0.992242 -0.308336
vt 0.997142 -0.318823
vt 0.992018 -0.321391
vt 0.838658 -0.315748
vt 0.843993 -0.314854
vt 0.842041 -0.311312
vt 0.408911 -0.314690
vt 0.404091 -0.318823
vt 0.408895 -0.321391
vt 0.404220 -0.311312
vt 0.409119 -0.308336
vt 0.888957 -0.361215
vt 0.893104 -0.363789
vt 0.890237 -0.366478
vt 0.992883 -0.364262
vt 0.997845 -0.359872
vt 0.992645 -0.358022
vt 0.998215 -0.366478
vt 0.993289 -0.369502
vt 0.830678 -0.361215
vt 0.835405 -0.363789
vt 0.836155 -0.359872
vt 0.409760 -0.364262
vt 0.405165 -0.366478
vt 0.410166 -0.369502
vt 0.404794 -0.359872
vt 0.409523 -0.358022
vt 0.853757 -0.390892
vt 0.855220 -0.395729
vt 0.851324 -0.395879
vt 0.855146 0.996629
vt 0.858457 1.001317
vt 0.861004 0.996057
vt 0.851324 1.002013
vt 0.848607 0.997267
vt 0.795478 -0.390892
vt 0.797520 -0.395729
vt 0.800580 -0.393270
vt 0.798238 0.413506
vt 0.793447 0.408962
vt 0.791699 0.414144
vt 0.800580 0.408266
vt 0.804096 0.412934
vt 0.807807 -0.390892
vt 0.805765 -0.395729
vt 0.802705 -0.393270
vt 0.805047 1.001518
vt 0.809838 1.006062
vt 0.811586 1.000880
vt 0.802705 1.006758
vt 0.799189 1.002090
vt 0.749528 -0.390892
vt 0.748065 -0.395729
vt 0.751961 -0.395879
vt 0.748139 0.418395
vt 0.744828 0.413707
vt 0.742280 0.418967
vt 0.751961 0.413011
vt 0.754678 0.417757
vt 0.772607 -0.361215
vt 0.767880 -0.363789
vt 0.767130 -0.359872
vt 1.005263 -0.364262
vt 1.009859 -0.366478
vt 1.004857 -0.369502
vt 1.010229 -0.359872
vt 1.005501 -0.358022
vt 0.714328 -0.361215
vt 0.710181 -0.363789
vt 0.713048 -0.366478
vt 0.422140 -0.364262
vt 0.417179 -0.359872
vt 0.422378 -0.358022
vt 0.416808 -0.366478
vt 0.421734 -0.369502
vt 0.764627 -0.315748
vt 0.759292 -0.314854
vt 0.761244 -0.311312
vt 1.006112 -0.314690
vt 1.010932 -0.318823
vt 1.006128 -0.321391
vt 1.010804 -0.311312
vt 1.005905 -0.308336
vt 0.706349 -0.315748
vt 0.701593 -0.314854
vt 0.702049 -0.318823
vt 0.422989 -0.314690
vt 0.417753 -0.311312
vt 0.422782 -0.308336
vt 0.417882 -0.318823
vt 0.423006 -0.321391
vt 0.787603 -0.275765
vt 0.784020 -0.271821
vt 0.787802 -0.270311
vt 1.003668 -0.271097
vt 1.008780 -0.275214
vt 1.004098 -0.276123
vt 0.787802 1.008212
vt 0.783020 1.003668
vt 0.788712 1.003112
vt 0.729324 -0.275765
vt 0.726321 -0.271821
vt 0.724110 -0.275214
vt 0.726111 0.420545
vt 0.729925 0.415161
vt 0.731804 0.419989
vt 0.415729 -0.275214
vt 0.420545 -0.271097
vt 0.420976 -0.276123
vt 0.264409 0.736578
vt 0.261097 0.731782
vt 0.259892 0.735882
vt 0.265949 -0.324189
vt 0.261097 -0.326858
vt 0.264958 -0.328628
vt 0.734866 -0.321643
vt 0.731782 -0.326858
vt 0.730105 -0.322930
vt 0.281083 -0.245048
vt 0.277737 -0.239843
vt 0.276115 -0.243789
vt 0.282152 0.719675
vt 0.277737 0.715929
vt 0.281936 0.715140
vt 0.720448 -0.242502
vt 0.715929 -0.239843
vt 0.719707 -0.238042
vt 0.260906 0.839545
vt 0.257321 0.842748
vt 0.261121 0.844079
vt 0.837833 -0.302214
vt 0.842748 -0.305920
vt 0.838849 -0.307399
vt 0.261974 -0.302146
vt 0.257321 -0.305920
vt 0.257145 -0.301652
vt 0.278649 0.822642
vt 0.273962 0.826895
vt 0.273368 0.822674
vt 0.277109 -0.223005
vt 0.273962 -0.218904
vt 0.278100 -0.218565
vt 0.823415 -0.223073
vt 0.826895 -0.218904
vt 0.828450 -0.222511
vt 0.497972 0.752408
vt 0.502659 0.748154
vt 0.498520 0.747145
vt 0.751635 -0.365902
vt 0.748154 -0.370070
vt 0.752376 -0.370361
vt 0.499511 -0.365970
vt 0.502659 -0.370070
vt 0.504341 -0.366463
vt 0.515714 0.735505
vt 0.519299 0.732301
vt 0.520231 0.736200
vt 0.514646 -0.286829
vt 0.519299 -0.283054
vt 0.515499 -0.281624
vt 0.737216 -0.286761
vt 0.732301 -0.283054
vt 0.732181 -0.287322
vt 0.494469 0.855375
vt 0.498883 0.859120
vt 0.499749 0.855343
vt 0.495537 -0.343927
vt 0.498883 -0.349132
vt 0.494684 -0.349131
vt 0.854602 -0.346473
vt 0.859120 -0.349132
vt 0.859363 -0.345186
vt 0.512211 0.838472
vt 0.515524 0.843267
vt 0.511662 0.843734
vt 0.840183 -0.267332
vt 0.843267 -0.262116
vt 0.839167 -0.262147
vt 0.510671 -0.264785
vt 0.515524 -0.262116
vt 0.515639 -0.266045
vt 0.745232 0.755400
vt 0.750998 0.753938
vt 0.748285 0.751056
vt 0.757840 -0.340431
vt 0.753938 -0.345611
vt 0.757837 -0.345538
vt 0.748250 -0.342811
vt 0.752781 -0.341731
vt 0.728194 -0.222407
vt 0.722308 -0.219690
vt 0.723135 -0.223707
vt 0.748037 0.722318
vt 0.753680 0.722308
vt 0.751970 0.725761
vt 0.718604 -0.224787
vt 0.718980 -0.219525
vt 0.581061 0.633972
vt 0.580335 0.627709
vt 0.577129 0.630528
vt 0.585464 -0.369816
vt 0.580335 -0.373684
vt 0.584114 -0.374226
vt 0.575585 -0.369285
vt 0.580242 -0.370044
vt 0.583866 0.600890
vt 0.583017 0.596079
vt 0.586834 0.597552
vt 0.578099 -0.251261
vt 0.583017 -0.247762
vt 0.579849 -0.246154
vt 0.587978 -0.251792
vt 0.582756 -0.252020
vt 0.620661 0.914352
vt 0.621510 0.919163
vt 0.624679 0.916789
vt 0.616549 -0.297321
vt 0.621510 -0.301351
vt 0.617693 -0.302584
vt 0.626428 -0.297852
vt 0.621771 -0.297093
vt 0.623466 0.881270
vt 0.624192 0.887533
vt 0.620413 0.885614
vt 0.628942 -0.179828
vt 0.624192 -0.175429
vt 0.627398 -0.175262
vt 0.619063 -0.179297
vt 0.624285 -0.179069
vt 0.456490 0.792924
vt 0.450848 0.792933
vt 0.453522 0.796262
vt 0.787048 -0.326706
vt 0.792933 -0.329423
vt 0.789480 -0.331271
vt 0.796638 -0.324326
vt 0.792107 -0.325406
vt 0.459295 0.759842
vt 0.453529 0.761303
vt 0.455277 0.757405
vt 0.766992 -0.206302
vt 0.761303 -0.203502
vt 0.764186 -0.201892
vt 0.757401 -0.208682
vt 0.762461 -0.207382
vt 0.320351 0.735004
vt 0.320786 0.729047
vt 0.317122 0.730883
vt 0.325085 -0.349013
vt 0.320786 -0.353757
vt 0.324054 -0.354030
vt 0.315282 -0.350337
vt 0.320470 -0.349826
vt 0.311605 -0.239592
vt 0.306314 -0.236285
vt 0.306990 -0.240405
vt 0.305153 0.723738
vt 0.306314 0.718319
vt 0.309360 0.720893
vt 0.301801 -0.240916
vt 0.302427 -0.235685
vt 0.251745 0.787584
vt 0.245722 0.786577
vt 0.247538 0.790429
vt 0.781382 -0.353987
vt 0.786577 -0.357750
vt 0.783462 -0.358617
vt 0.791234 -0.353258
vt 0.786043 -0.353897
vt 0.236547 0.776317
vt 0.231250 0.775849
vt 0.233821 0.772569
vt 0.781241 -0.243837
vt 0.775849 -0.240279
vt 0.779535 -0.238820
vt 0.771389 -0.244566
vt 0.776050 -0.244476
vt 0.454505 0.912320
vt 0.459803 0.912789
vt 0.458209 0.909102
vt 0.917248 -0.315563
vt 0.912789 -0.319850
vt 0.916069 -0.320794
vt 0.907397 -0.316292
vt 0.912587 -0.315653
vt 0.439307 0.901054
vt 0.445331 0.902061
vt 0.442536 0.905175
vt 0.897404 -0.206871
vt 0.902061 -0.202379
vt 0.898209 -0.202028
vt 0.907255 -0.206142
vt 0.902594 -0.206232
vt 0.385899 0.964900
vt 0.384738 0.970319
vt 0.388625 0.968648
vt 0.379447 -0.320537
vt 0.384738 -0.323844
vt 0.381693 -0.325380
vt 0.389251 -0.319213
vt 0.384062 -0.319724
vt 0.370701 0.953633
vt 0.370266 0.959590
vt 0.366998 0.956851
vt 0.375771 -0.209791
vt 0.370266 -0.206372
vt 0.373930 -0.205162
vt 0.365967 -0.211116
vt 0.370582 -0.210303
vt 0.314525 0.638930
vt 0.312643 0.633202
vt 0.310181 0.636694
vt 0.317989 -0.345322
vt 0.312643 -0.348543
vt 0.316622 -0.349831
vt 0.635142 -0.343629
vt 0.633202 -0.348543
vt 0.631400 -0.344669
vt 0.332608 -0.226627
vt 0.328246 -0.221857
vt 0.327250 -0.225973
vt 0.330849 0.618481
vt 0.328246 0.613655
vt 0.332446 0.614255
vt 0.616828 -0.224934
vt 0.613655 -0.221857
vt 0.616870 -0.220152
vt 0.265297 0.759919
vt 0.260399 0.761603
vt 0.263700 0.764145
vt 0.756130 -0.318898
vt 0.761603 -0.322297
vt 0.757682 -0.323903
vt 0.263538 -0.317967
vt 0.260399 -0.322297
vt 0.259709 -0.318082
vt 0.281621 0.739470
vt 0.276002 0.742056
vt 0.276778 0.737858
vt 0.278157 -0.199272
vt 0.276002 -0.195611
vt 0.279524 -0.194763
vt 0.737816 -0.200203
vt 0.742056 -0.195611
vt 0.743152 -0.199387
vt 0.404211 0.676495
vt 0.409830 0.673909
vt 0.406308 0.671643
vt 0.678148 -0.349640
vt 0.673909 -0.354232
vt 0.678106 -0.354422
vt 0.669008 -0.350572
vt 0.672812 -0.350456
vt 0.420535 0.656046
vt 0.425433 0.654362
vt 0.424879 0.658283
vt 0.422294 -0.231877
vt 0.425433 -0.227547
vt 0.422132 -0.226599
vt 0.659835 -0.230945
vt 0.654362 -0.227547
vt 0.654498 -0.231761
vt 0.354983 0.797484
vt 0.357586 0.802309
vt 0.359826 0.799095
vt 0.353224 -0.323217
vt 0.357586 -0.327986
vt 0.353386 -0.328494
vt 0.362332 -0.324909
vt 0.358582 -0.323870
vt 0.371307 0.777034
vt 0.373189 0.782763
vt 0.369210 0.781886
vt 0.780823 -0.206214
vt 0.782763 -0.201301
vt 0.779271 -0.201209
vt 0.367843 -0.204522
vt 0.373189 -0.201301
vt 0.373201 -0.205175
vt 1.487719 -0.038137
vt 1.492505 -0.041353
vt 1.489210 -0.043229
vt -0.037764 -0.830317
vt -0.041353 -0.835672
vt -0.037110 -0.835543
vt -0.046418 -0.833287
vt -0.042965 -0.831758
vt -0.067251 -0.722601
vt -0.072968 -0.720184
vt -0.072452 -0.724043
vt 1.469370 -0.071310
vt 1.475017 -0.072968
vt 1.474268 -0.069203
vt 1.472920 -0.725572
vt 1.475017 -0.720184
vt 1.471458 -0.720408
vt 1.316721 -0.096385
vt 1.313995 -0.102160
vt 1.311823 -0.098492
vt 1.318232 -0.875126
vt 1.313995 -0.879349
vt 1.318211 -0.879482
vt -0.100444 -0.875339
vt -0.102160 -0.879349
vt -0.104347 -0.875848
vt 1.298371 -0.129558
vt 1.296507 -0.133775
vt 1.300459 -0.133570
vt -0.129931 -0.767623
vt -0.133775 -0.763860
vt -0.130585 -0.762397
vt 1.301921 -0.767411
vt 1.296507 -0.763860
vt 1.296580 -0.768132
vt 1.414379 0.148455
vt 1.416243 0.152672
vt 1.418680 0.149482
vt 1.410829 -0.790555
vt 1.416243 -0.794106
vt 1.412291 -0.795719
vt 0.148828 -0.790343
vt 0.152672 -0.794106
vt 0.152731 -0.789834
vt 1.396029 0.115282
vt 1.398755 0.121057
vt 1.394539 0.120374
vt 0.119341 -0.682628
vt 0.121057 -0.678617
vt 0.117389 -0.678334
vt 1.394518 -0.682840
vt 1.398755 -0.678617
vt 1.399859 -0.682118
vt 1.243380 0.090207
vt 1.237733 0.091865
vt 1.241292 0.094219
vt 0.086148 -0.835365
vt 0.091865 -0.837783
vt 0.088100 -0.839659
vt 1.239830 -0.832394
vt 1.237733 -0.837783
vt 1.235972 -0.833923
vt 1.225031 0.057034
vt 1.220245 0.060250
vt 1.220730 0.056007
vt 0.065315 -0.724679
vt 0.060250 -0.722294
vt 0.062126 -0.720323
vt 0.056661 -0.727649
vt 0.061862 -0.726208
vt 1.011953 0.020557
vt 1.010360 0.016199
vt 1.007701 0.019190
vt 1.015734 -0.812783
vt 1.010360 -0.816414
vt 1.014307 -0.817968
vt 1.006392 -0.812704
vt 1.010374 -0.812141
vt 1.026642 -0.717378
vt 1.022160 -0.713218
vt 1.021283 -0.716736
vt 1.024405 0.051341
vt 1.022160 0.045371
vt 1.026306 0.046384
vt 0.046711 -0.717298
vt 0.045371 -0.713218
vt 0.048857 -0.712965
vt 0.976241 0.094390
vt 0.971174 0.097215
vt 0.974340 0.099347
vt 0.093574 -0.829492
vt 0.097215 -0.834835
vt 0.093023 -0.834700
vt 0.102518 -0.832400
vt 0.098770 -0.830930
vt 0.988693 0.125174
vt 0.982973 0.126387
vt 0.983989 0.122690
vt 0.984912 -0.736995
vt 0.982973 -0.731640
vt 0.986339 -0.731810
vt 0.120543 -0.734087
vt 0.126387 -0.731640
vt 0.125740 -0.735524
vt 1.102280 0.059402
vt 1.108000 0.058189
vt 1.104634 0.055562
vt 0.064032 -0.837000
vt 0.058189 -0.839447
vt 0.061886 -0.841333
vt 1.106061 -0.834092
vt 1.108000 -0.839447
vt 1.109657 -0.835562
vt 1.114731 0.090186
vt 1.119799 0.087361
vt 1.118983 0.091553
vt 0.082058 -0.738686
vt 0.087361 -0.736252
vt 0.085229 -0.734330
vt 0.091002 -0.741595
vt 0.085806 -0.740157
vt 1.066568 0.133234
vt 1.068813 0.139204
vt 1.071272 0.135719
vt 1.064331 -0.853709
vt 1.068813 -0.857869
vt 1.064667 -0.858065
vt 0.137865 -0.853788
vt 0.139204 -0.857869
vt 0.141466 -0.854351
vt 1.079020 0.164019
vt 1.080613 0.168376
vt 1.076666 0.167859
vt 0.164835 -0.758383
vt 0.168376 -0.754673
vt 0.165386 -0.753175
vt 1.075239 -0.758304
vt 1.080613 -0.754673
vt 1.080598 -0.758946
vt 0.991727 -0.108045
vt 0.991526 -0.114326
vt 0.988100 -0.111777
vt 0.996750 -0.848910
vt 0.991526 -0.852729
vt 0.995131 -0.853338
vt 0.986806 -0.848281
vt 0.991652 -0.849061
vt 1.001569 -0.756080
vt 0.996756 -0.751981
vt 0.996471 -0.756231
vt 0.997258 -0.133075
vt 0.996756 -0.137994
vt 1.000454 -0.136202
vt 0.991626 -0.755452
vt 0.993423 -0.750365
vt 0.943066 -0.054986
vt 0.937476 -0.055391
vt 0.939870 -0.051860
vt -0.061208 -0.833290
vt -0.055391 -0.836077
vt -0.058718 -0.837902
vt -0.051508 -0.831043
vt -0.056259 -0.832036
vt 0.948597 -0.080016
vt 0.942706 -0.079059
vt 0.944762 -0.082804
vt -0.073316 -0.738214
vt -0.079059 -0.735329
vt -0.075946 -0.733786
vt -0.083015 -0.740461
vt -0.078067 -0.739207
vt 1.068493 -0.040969
vt 1.074384 -0.041927
vt 1.071897 -0.045040
vt -0.037970 -0.834890
vt -0.041927 -0.840022
vt -0.038181 -0.839977
vt -0.047670 -0.837137
vt -0.042919 -0.836144
vt 1.074024 -0.065999
vt 1.079614 -0.065595
vt 1.077650 -0.062267
vt -0.069477 -0.744308
vt -0.065595 -0.739274
vt -0.069126 -0.739038
vt -0.059778 -0.742061
vt -0.064727 -0.743315
vt 1.019832 0.012090
vt 1.020334 0.017009
vt 1.023667 0.014878
vt 1.015521 -0.819271
vt 1.020334 -0.823371
vt 1.016636 -0.824541
vt 1.025464 -0.819899
vt 1.020619 -0.819120
vt 1.025363 -0.012940
vt 1.025564 -0.006659
vt 1.021959 -0.008870
vt 1.030283 -0.727070
vt 1.025564 -0.722623
vt 1.028990 -0.722458
vt 1.020340 -0.726441
vt 1.025438 -0.726290
vt 1.047129 -0.086870
vt 1.053240 -0.088061
vt 1.050272 -0.091081
vt -0.083288 -0.853621
vt -0.088061 -0.857915
vt -0.084149 -0.858276
vt -0.093091 -0.853924
vt -0.088548 -0.854170
vt -0.088504 -0.774230
vt -0.093802 -0.770536
vt -0.093764 -0.774780
vt 1.064621 -0.092996
vt 1.069635 -0.093802
vt 1.068290 -0.090008
vt -0.098307 -0.774533
vt -0.096940 -0.769315
vt 0.985291 -0.130455
vt 0.984788 -0.136306
vt 0.981621 -0.133442
vt 0.990496 -0.845184
vt 0.984788 -0.848241
vt 0.988433 -0.849751
vt 0.980861 -0.843263
vt 0.985301 -0.844286
vt 1.002783 -0.136580
vt 1.001183 -0.142047
vt 1.005165 -0.140524
vt 0.995757 -0.763873
vt 1.001183 -0.760862
vt 0.998353 -0.759218
vt 1.005392 -0.765794
vt 1.000198 -0.764896
vt 0.950120 0.056303
vt 0.951720 0.061771
vt 0.954550 0.059025
vt 0.947511 -0.824091
vt 0.951720 -0.829023
vt 0.947738 -0.829309
vt 0.957146 -0.826013
vt 0.952706 -0.824989
vt 0.967612 0.050178
vt 0.968115 0.056030
vt 0.964470 0.054389
vt 0.972042 -0.746622
vt 0.968115 -0.741644
vt 0.971282 -0.741493
vt 0.962407 -0.744701
vt 0.967602 -0.745599
vt 0.888282 0.012719
vt 0.883268 0.013526
vt 0.885900 0.016663
vt 0.008228 -0.815655
vt 0.013526 -0.819349
vt 0.009732 -0.820784
vt 0.018031 -0.815352
vt 0.013488 -0.815106
vt 0.905774 0.006594
vt 0.899663 0.007785
vt 0.901344 0.003873
vt 0.012815 -0.735962
vt 0.007785 -0.731970
vt 0.010805 -0.731395
vt 0.003012 -0.736264
vt 0.008272 -0.735715
vt 0.589842 -0.850402
vt 0.823802 -0.614534
vt 0.588511 -0.619521
vt 0.589842 -0.614534
vt 0.418392 -0.845415
vt 0.419723 -0.614534
vt 0.418392 -0.619521
vt 1.091712 -0.850402
vt 0.857752 -0.614534
vt 1.093043 -0.619521
vt 1.091712 -0.614534
vt 0.934986 -0.845415
vt 0.933655 -0.614534
vt 0.934986 -0.619521
vt 0.240415 0.535018
vt 0.822659 -0.850402
vt 0.346196 -0.845415
vt 0.827349 -0.619522
vt 0.238718 -0.619522
vt 0.530328 -0.845415
vt -0.147646 0.670136
vt 0.234028 -0.850402
vt 0.234028 0.532025
vt 0.671833 -0.619522
vt -0.150639 0.676523
vt 0.964164 -0.614534
vt -0.044857 -0.619522
vt -0.040167 -0.850402
vt 0.590392 0.583715
vt 0.289245 -0.850402
vt 0.529159 -0.845415
vt 0.284335 -0.619522
vt 0.590392 -0.614534
vt 0.584590 -0.619522
vt 0.667406 0.180086
vt 0.579680 -0.850402
vt 0.180086 -0.614534
vt 0.668281 -0.619522
vt 0.362225 0.120620
vt 0.663371 -0.850402
vt 0.663371 0.174300
vt 0.362225 -0.614534
vt 0.119745 -0.619522
vt 0.124655 -0.850402
vt 0.356440 0.124655
vt 0.334632 0.745458
vt 0.549565 -0.732985
vt 0.544578 0.757315
vt 0.292865 0.549565
vt 0.745458 0.762300
vt 0.535434 0.750446
vt 0.297851 0.750446
vt 0.493667 0.767909
vt 0.750446 0.763063
vt 0.540281 -0.722251
vt 0.540420 0.549565
vt 0.745458 -0.727237
vt 0.498653 0.745458
vt 0.498792 0.763063
vt 0.544578 -0.722251
vt 0.339618 0.544578
vt 0.493667 0.544578
vt 0.253747 0.740458
vt 0.569578 1.873641
vt 0.303824 0.574565
vt 0.740458 1.878624
vt 0.303616 1.873641
vt 0.745446 0.688788
vt 0.424477 0.745446
vt 0.308808 0.745446
vt 0.745446 1.866276
vt 0.429461 0.574565
vt 0.740458 0.676440
vt 0.479538 0.740458
vt 0.569578 0.681423
vt 0.258730 0.569578
vt 0.474555 0.569578
vt 0.248709 0.662958
vt 0.248708 0.702085
vt 0.253696 0.697098
vt 0.253696 0.667946
vt 0.504565 0.737098
vt 0.376208 0.742085
vt 0.376208 0.812979
vt 0.381196 0.737098
vt 0.412089 0.817966
vt 0.417077 0.742085
vt 0.417077 0.504565
vt 0.504565 0.817966
vt 0.417077 0.812979
vt 0.499578 0.742085
vt 0.412089 0.499578
vt 0.381196 0.817966
vt -0.427896 0.715458
vt -0.433496 0.579565
vt 0.715458 1.539397
vt -0.433304 1.534414
vt 0.720446 1.398620
vt 1.181797 0.720446
vt -0.428512 0.720446
vt 0.720446 1.596443
vt 1.186781 0.579565
vt 0.715458 1.455666
vt 1.181181 0.715458
vt 0.579565 1.601427
vt -0.422912 0.574578
vt 1.176198 0.574578
vt -0.428512 1.539589
vt 0.269323 0.952374
vt 0.609565 0.951102
vt 0.604578 0.952374
vt 0.685458 0.951102
vt 0.336128 0.690446
vt 0.337400 0.685458
vt 0.276323 0.951514
vt -0.102843 0.690446
vt -0.104115 0.685458
vt -0.043038 1.483549
vt 0.685458 1.483962
vt 0.690446 1.482690
vt 0.336988 1.005240
vt 0.604578 1.482690
vt 0.609565 1.483962
vt 0.337400 0.609565
vt 0.276323 0.604578
vt -0.104115 0.609565
vt -0.043038 0.604578
vt 0.496297 1.005240
vt 0.690446 1.482690
vt 0.495885 0.685458
vt 0.556962 0.690446
vt 0.936128 0.690446
vt 0.876323 0.690446
vt 0.936988 1.429824
vt 0.495885 0.609565
vt 0.497157 0.604578
vt 0.936128 0.604578
vt 0.937400 0.609565
vt -0.194688 1.229598
vt -0.199322 1.229598
vt -0.194688 0.654571
vt -0.193847 1.480479
vt -0.194688 1.485466
vt 0.641448 1.485466
vt -0.195328 1.480479
vt 0.636461 1.234585
vt -0.200493 1.229598
vt -0.206221 0.636705
vt -0.206222 1.485466
vt 0.636461 1.480479
vt -0.211386 1.234585
vt 0.641448 1.229598
vt -0.212750 0.641448
vt -0.212027 1.229598
vt -0.212868 1.234585
vt -0.212027 1.485466
vt -0.207392 1.485466
vt -0.077882 0.814585
vt -0.203357 0.809598
vt -0.203357 0.814585
vt -0.078871 0.884701
vt -0.203357 0.910247
vt -0.203357 0.915384
vt -0.203357 1.220478
vt -0.078871 1.225466
vt -0.077882 1.220478
vt -0.081258 0.880153
vt 0.017097 0.809598
vt -0.078871 0.809598
vt 0.017097 0.799681
vt 0.017097 1.225466
vt 0.018848 1.220478
vt 0.012870 0.796763
vt 0.680057 0.814585
vt 0.799681 0.809598
vt 0.800889 0.814585
vt 0.062562 0.679800
vt 0.680057 1.220478
vt 0.799681 1.225466
vt 0.679800 1.225466
vt 0.057462 0.679181
vt 0.551768 0.814585
vt 0.679800 0.809598
vt 0.047108 0.552523
vt 0.551768 1.220478
vt 0.552523 1.225466
vt 0.042305 0.554344
vt 0.445414 0.814585
vt 0.552523 0.809598
vt -0.029132 0.450851
vt 0.445414 1.220478
vt 0.447006 1.225466
vt -0.025725 0.447006
vt -0.138742 0.814585
vt -0.025725 0.809598
vt -0.024314 0.814585
vt -0.139251 0.387423
vt -0.138742 1.220478
vt -0.025725 1.225466
vt -0.139251 1.225466
vt -0.140481 0.392411
vt -0.267973 0.814585
vt -0.139251 0.809598
vt -0.267463 0.387423
vt -0.267973 1.220478
vt -0.267463 1.225466
vt -0.266234 0.392411
vt -0.380989 0.809598
vt -0.267463 0.809598
vt -0.380989 0.447007
vt -0.380990 1.225466
vt -0.382401 1.220478
vt -0.377583 0.450851
vt -0.380990 0.447007
vt 0.552523 0.809598
vt 0.447007 0.809598
vt -0.453822 0.552523
vt 0.552523 1.225466
vt 0.551768 1.220478
vt -0.449019 0.554345
vt 0.551768 0.814585
vt -0.469277 0.679800
vt -0.464177 0.679181
vt -0.419585 0.796762
vt 0.800889 1.220478
vt -0.423812 0.799681
vt -0.328833 0.814585
vt -0.423812 0.809598
vt -0.425563 0.814585
vt -0.423812 0.799681
vt -0.325457 0.880153
vt -0.425563 1.220478
vt -0.327844 1.225466
vt -0.328833 1.220478
vt -0.327844 0.884701
vt -0.327844 0.809598
vt -0.203357 1.225466
vt 0.786207 0.851379
vt 0.647512 0.857532
vt 0.647512 0.851379
vt 0.786891 0.857532
vt 0.647512 0.863684
vt 0.091195 0.647512
vt 0.053347 0.782241
vt 0.086555 0.647512
vt 0.080378 0.647512
vt 0.072907 0.647512
vt 0.035793 0.773028
vt 0.066730 0.647512
vt 0.062090 0.647512
vt 0.769061 0.863684
vt 0.768377 0.857532
vt 0.031685 0.770872
vt 0.047878 0.779370
vt 0.893129 0.851379
vt 0.894340 0.857532
vt 0.786207 0.863684
vt -0.036033 0.889924
vt 0.057456 0.784397
vt -0.042177 0.881021
vt 0.041263 0.775898
vt -0.049930 0.869789
vt 0.862765 0.863684
vt 0.862765 0.851379
vt 0.769061 0.851379
vt -0.052566 0.865971
vt -0.046421 0.874873
vt -0.167383 0.851379
vt -0.032984 0.857532
vt -0.033820 0.851379
vt -0.167206 0.857532
vt -0.033820 0.863684
vt -0.167853 0.939916
vt -0.038668 0.886105
vt -0.169157 0.929179
vt -0.170057 0.921762
vt -0.170802 0.915630
vt -0.052566 0.865971
vt -0.054779 0.863684
vt -0.172008 0.857532
vt -0.055615 0.857532
vt -0.054779 0.851379
vt -0.171361 0.911024
vt -0.309710 0.857532
vt -0.167383 0.863684
vt -0.306162 0.918585
vt -0.168412 0.935311
vt -0.301322 0.905824
vt -0.297487 0.895710
vt -0.296105 0.863684
vt -0.171831 0.863684
vt -0.295583 0.857532
vt -0.171831 0.851379
vt -0.299132 0.900048
vt -0.303971 0.912809
vt -0.306162 0.918585
vt -0.309188 0.851379
vt -0.427850 0.857532
vt -0.309189 0.863684
vt -0.307807 0.922923
vt -0.420360 0.839759
vt -0.405521 0.826613
vt -0.399132 0.863684
vt -0.399132 0.851379
vt -0.296105 0.851379
vt -0.402048 0.823536
vt -0.415736 0.835663
vt -0.420360 0.839759
vt -0.307807 0.922923
vt 0.718935 0.851379
vt 0.846395 0.857532
vt 0.845419 0.851379
vt 0.719287 0.857532
vt 0.845419 0.863684
vt -0.423833 0.842836
vt -0.484846 0.716892
vt -0.410144 0.830709
vt -0.465596 0.712148
vt 0.710105 0.863684
vt 0.819977 0.857532
vt 0.820953 0.863684
vt 0.709753 0.857532
vt 0.820953 0.851379
vt -0.478848 0.715414
vt -0.484846 0.716892
vt 0.575737 0.857532
vt 0.718935 0.863684
vt -0.489350 0.577021
vt -0.489350 0.718003
vt -0.484846 0.578131
vt -0.471594 0.581398
vt -0.471594 0.713626
vt -0.465596 0.582876
vt -0.461092 0.711038
vt 0.584918 0.863684
vt 0.585271 0.857532
vt 0.710105 0.851379
vt -0.461092 0.583986
vt -0.489350 0.718003
vt 0.576089 0.851379
vt 0.448629 0.857532
vt 0.576089 0.863684
vt -0.423833 0.452188
vt -0.420360 0.455264
vt -0.478848 0.579610
vt -0.405521 0.468411
vt -0.402048 0.471487
vt -0.461092 0.583986
vt 0.475046 0.857532
vt 0.474071 0.851379
vt 0.584918 0.851379
vt -0.465596 0.582876
vt -0.309189 0.851379
vt -0.426749 0.851379
vt -0.426749 0.863684
vt -0.307807 0.372101
vt -0.306162 0.376439
vt -0.415736 0.459360
vt -0.301322 0.389200
vt -0.410144 0.464315
vt -0.299132 0.394976
vt -0.398031 0.857532
vt -0.297487 0.399314
vt -0.307807 0.372101
vt -0.309710 0.857532
vt -0.168412 0.359713
vt -0.169157 0.365845
vt -0.303971 0.382215
vt -0.170057 0.373262
vt -0.170802 0.379394
vt -0.297487 0.399314
vt -0.172008 0.857532
vt -0.171361 0.383999
vt -0.299132 0.394976
vt -0.170802 0.379394
vt -0.033820 0.851379
vt -0.033820 0.863684
vt -0.167853 0.355107
vt -0.038668 0.408918
vt -0.042177 0.414002
vt -0.049931 0.425234
vt -0.052566 0.429053
vt -0.171361 0.383999
vt -0.055615 0.857532
vt -0.046421 0.420151
vt -0.038668 0.408918
vt -0.167853 0.355107
vt 0.401894 0.851379
vt 0.508132 0.857532
vt 0.400683 0.857532
vt 0.401894 0.863684
vt 0.057456 0.510626
vt -0.036033 0.405100
vt 0.053347 0.512783
vt 0.041263 0.519125
vt 0.031685 0.524152
vt 0.525962 0.863684
vt 0.433469 0.857532
vt 0.432258 0.863684
vt 0.526646 0.857532
vt 0.432258 0.851379
vt 0.035793 0.521996
vt -0.036033 0.405100
vt 0.508816 0.863684
vt 0.047878 0.515653
vt 0.525962 0.851379
vt 0.786207 1.011379
vt 0.647512 1.017532
vt 0.647512 1.011379
vt 0.786891 1.017532
vt 0.647512 1.023684
vt 0.769061 1.023684
vt 0.768377 1.017532
vt 0.893129 1.011379
vt 0.894340 1.017532
vt 0.786207 1.023684
vt 0.862765 1.023684
vt 0.862765 1.011379
vt 0.769061 1.011379
vt -0.167383 1.011379
vt -0.032984 1.017532
vt -0.033820 1.011379
vt -0.167206 1.017532
vt -0.033820 1.023684
vt -0.054779 1.023684
vt -0.172008 1.017532
vt -0.055615 1.017532
vt -0.054779 1.011379
vt -0.309710 1.017532
vt -0.167383 1.023684
vt -0.296105 1.023684
vt -0.171831 1.023684
vt -0.295583 1.017532
vt -0.171831 1.011379
vt -0.309188 1.011379
vt -0.427850 1.017532
vt -0.309189 1.023684
vt -0.399132 1.023684
vt -0.399132 1.011379
vt -0.296105 1.011379
vt 0.718935 1.011379
vt 0.846395 1.017532
vt 0.845419 1.011379
vt 0.719287 1.017532
vt 0.845419 1.023684
vt 0.710105 1.023684
vt 0.819977 1.017532
vt 0.820953 1.023684
vt 0.709753 1.017532
vt 0.820953 1.011379
vt 0.575737 1.017532
vt 0.718935 1.023684
vt 0.584918 1.023684
vt 0.584918 1.011379
vt 0.710105 1.011379
vt 0.449604 1.011379
vt 0.576089 1.011379
vt 0.448629 1.017532
vt 0.576089 1.023684
vt 0.475046 1.017532
vt 0.585271 1.017532
vt 0.474071 1.011379
vt -0.309189 1.011379
vt -0.426749 1.011379
vt -0.426749 1.023684
vt -0.398031 1.017532
vt -0.309710 1.017532
vt -0.172008 1.017532
vt -0.033820 1.011379
vt -0.033820 1.023684
vt -0.055615 1.017532
vt 0.401894 1.011379
vt 0.508132 1.017532
vt 0.400683 1.017532
vt 0.401894 1.023684
vt 0.525962 1.023684
vt 0.433469 1.017532
vt 0.432258 1.023684
vt 0.526646 1.017532
vt 0.432258 1.011379
vt 0.508816 1.023684
vt 0.508816 1.011379
vt 0.525962 1.011379
vt 0.786207 1.171379
vt 0.647512 1.177532
vt 0.647512 1.171379
vt 0.786891 1.177532
vt 0.647512 1.183684
vt 0.769061 1.183684
vt 0.768377 1.177532
vt 0.893129 1.171379
vt 0.893129 1.183684
vt 0.786207 1.183684
vt 0.862765 1.183684
vt 0.862765 1.171379
vt 0.769061 1.171379
vt -0.167383 1.171379
vt -0.032984 1.177532
vt -0.033820 1.171379
vt -0.167206 1.177532
vt -0.033820 1.183684
vt -0.049930 0.869789
vt -0.054779 1.183684
vt -0.172008 1.177532
vt -0.055615 1.177532
vt -0.054779 1.171379
vt -0.309188 1.171379
vt -0.309710 1.177532
vt -0.167383 1.183684
vt -0.296105 1.183684
vt -0.171831 1.183684
vt -0.295583 1.177532
vt -0.171831 1.171379
vt -0.427850 1.177532
vt -0.309188 1.183684
vt -0.399132 1.183684
vt -0.399132 1.171379
vt -0.296105 1.171379
vt 0.845419 1.171379
vt 0.719287 1.177532
vt 0.846395 1.177532
vt 0.845419 1.183684
vt 0.710105 1.183684
vt 0.819977 1.177532
vt 0.820953 1.183684
vt 0.710105 1.171379
vt 0.820953 1.171379
vt 0.718935 1.171379
vt 0.575737 1.177532
vt 0.718935 1.183684
vt 0.584918 1.183684
vt 0.709753 1.177532
vt 0.585271 1.177532
vt 0.576089 1.171379
vt 0.448629 1.177532
vt 0.576089 1.183684
vt 0.475046 1.177532
vt 0.584918 1.171379
vt -0.309189 1.171379
vt -0.426749 1.171379
vt -0.309710 1.177532
vt -0.426749 1.183684
vt -0.295583 1.177532
vt -0.398031 1.177532
vt -0.309189 1.183684
vt -0.172008 1.177532
vt -0.033820 1.171379
vt -0.032984 1.177532
vt -0.054779 1.183684
vt -0.055615 1.177532
vt 0.508816 1.171379
vt 0.400683 1.177532
vt 0.401894 1.171379
vt 0.508132 1.177532
vt 0.401894 1.183684
vt 0.525962 1.183684
vt 0.433469 1.177532
vt 0.432258 1.183684
vt 0.526646 1.177532
vt 0.432258 1.171379
vt 0.508816 1.183684
vt 0.525962 1.171379
vt -0.186879 0.428274
vt 0.493657 1.189476
vt 0.426733 1.199295
vt 0.428274 1.194877
vt -0.110728 0.483800
vt 0.418418 1.331450
vt -0.327420 0.524788
vt -0.327420 1.232559
vt -0.327549 1.237559
vt -0.163839 0.417231
vt -0.299824 1.364411
vt -0.282177 0.597106
vt 0.597106 1.227890
vt 0.597945 1.233192
vt -0.298628 0.521867
vt 0.587249 1.364462
vt -0.141636 0.500592
vt -0.275367 1.226487
vt -0.139382 1.194929
vt -0.141636 1.190207
vt -0.245517 0.588436
vt -0.111657 1.321780
vt -0.388817 0.611357
vt 0.518053 1.230443
vt -0.372311 1.236129
vt -0.360327 0.534383
vt -0.376833 1.286863
vt 0.617204 1.217635
vt -0.282714 0.629477
vt -0.384735 1.211858
vt -0.371147 0.633139
vt -0.269125 1.270514
vt 0.645412 1.264737
vt -0.262180 0.531927
vt -0.263494 0.641560
vt 0.548256 1.287176
vt -0.248647 1.283231
vt -0.368284 0.513807
vt -0.266262 1.210149
vt -0.252674 0.542804
vt -0.354696 1.309211
vt -0.291333 0.698102
vt -0.159283 1.231966
vt 0.647419 1.236800
vt -0.150823 0.668567
vt -0.282874 1.332427
vt -0.295584 1.237872
vt -0.283998 1.328005
vt -0.287953 1.327593
vt -0.228926 0.878145
vt 0.704423 1.231924
vt -0.285824 0.724806
vt 0.898527 1.290222
vt 0.902087 1.284273
vt 0.898260 1.285367
vt -0.090496 0.831021
vt -0.222546 1.189648
vt -0.214087 0.901321
vt 0.848642 1.283200
vt -0.152903 0.650979
vt -0.079086 0.845083
vt 0.671361 1.330310
vt -0.156328 0.567291
vt -0.009419 1.191876
vt 0.534564 1.195891
vt 0.000625 0.529942
vt 0.562670 1.276520
vt -0.128423 0.714250
vt 0.573169 1.220128
vt -0.149997 0.567040
vt 0.708121 1.290608
vt -0.118089 1.286015
vt 0.718620 1.234217
vt 0.024376 0.686868
vt -0.122533 1.228433
vt -0.112489 0.711958
vt 0.680206 1.257185
vt -0.003529 0.539909
vt 0.680990 1.200181
vt 0.038132 0.674861
vt 0.533780 1.252894
vt 1.006153 1.174585
vt 1.000677 1.169598
vt 1.005312 1.465466
vt 1.006153 1.460479
vt 0.646896 1.169598
vt 1.007805 0.646896
vt 1.004672 1.460479
vt 0.999507 1.169598
vt 0.993778 1.465466
vt 0.999507 0.636705
vt 0.988613 1.174585
vt 0.646896 1.465466
vt 0.987973 1.169598
vt 0.987132 1.174585
vt 0.987973 1.465466
vt 0.992607 1.465466
vt 1.079618 0.945532
vt 1.085437 0.945532
vt 0.508965 0.945532
vt 0.513997 0.945532
vt 1.079618 0.825532
vt 1.097707 0.878576
vt 0.508965 0.825532
vt 0.578910 0.878897
vt 0.578910 0.892166
vt 1.006243 0.945532
vt 0.999635 0.945532
vt 1.012929 0.945532
vt 1.006242 0.825532
vt 1.012929 0.825532
vt 0.912148 0.878897
vt 0.911622 0.885532
vt 0.912148 0.892166
vt 0.501327 0.878897
vt 0.599264 0.885532
vt 0.599563 0.878896
vt 0.501327 0.892166
vt 0.599563 0.892168
vt 0.716114 0.892166
vt 0.716114 0.878897
vt 0.913667 0.945532
vt 0.907848 0.945532
vt 0.786059 0.945532
vt 0.781027 0.945532
vt 0.913667 0.825532
vt 0.895578 0.878576
vt 0.786059 0.825532
vt 0.716541 0.885532
vt 0.987043 0.945532
vt 0.993650 0.945532
vt 0.980356 0.945532
vt 0.987043 0.825532
vt 0.980356 0.825532
vt 1.081137 0.892166
vt 1.081137 0.878897
vt 0.793697 0.892166
vt 0.695760 0.885532
vt 0.794608 0.885532
vt 0.793697 0.878897
vt 0.695461 0.892168
vt 0.695461 0.878896
vt 1.041833 1.058032
vt 1.035933 1.058032
vt 0.613467 1.058032
vt 0.618344 1.058032
vt 1.041833 0.965032
vt 1.050571 1.004570
vt 0.613467 0.965032
vt 0.664777 1.018186
vt 0.664408 1.011532
vt 0.664777 1.004877
vt 0.980094 1.058032
vt 0.973420 1.058032
vt 0.986808 1.058032
vt 0.980094 0.965032
vt 0.908008 1.018186
vt 0.908008 1.004877
vt 0.604456 1.004877
vt 0.672699 1.011532
vt 0.673001 1.004877
vt 0.604456 1.018186
vt 0.673001 1.018187
vt 0.755786 1.004877
vt 0.756155 1.011532
vt 0.755786 1.018186
vt 0.910662 1.058032
vt 0.916561 1.058032
vt 0.807096 1.058032
vt 0.802219 1.058032
vt 0.910662 0.965032
vt 0.901924 1.004570
vt 0.807096 0.965032
vt 0.972401 1.058032
vt 0.979075 1.058032
vt 0.965686 1.058032
vt 0.972401 0.965032
vt 1.044487 1.004877
vt 1.045039 1.011532
vt 1.044487 1.018186
vt 0.816107 1.004877
vt 0.747864 1.011532
vt 0.747562 1.004877
vt 0.816107 1.018186
vt 0.747562 1.018187
vt 0.859465 1.038648
vt 1.003020 0.996210
vt 1.005417 0.999278
vt 0.781733 0.980184
vt 0.788434 0.980287
vt 1.014212 0.992406
vt 1.015109 0.986765
vt 1.017506 0.989833
vt 0.728758 0.986765
vt 1.011815 0.989338
vt 1.009052 0.985168
vt 0.928078 0.695532
vt 0.980587 0.690545
vt 0.897492 1.078657
vt 0.899889 1.081725
vt 0.902652 1.085896
vt 0.934008 0.693154
vt 0.734998 1.085806
vt 0.728758 1.084298
vt 0.896596 1.084298
vt 0.794788 1.089462
vt 0.788434 1.090777
vt 0.781733 1.090879
vt 0.908684 1.074854
vt 0.859465 1.032416
vt 0.993599 0.871042
vt 0.990362 0.874505
vt 0.970022 1.079095
vt 0.975402 0.984357
vt 0.935461 0.976442
vt 0.883957 0.812480
vt 0.922874 0.806907
vt 0.879642 0.820506
vt 0.876375 1.010112
vt 0.940334 1.087587
vt 0.870920 0.852606
vt 0.786552 1.087109
vt 0.782685 1.081825
vt 0.879990 1.077075
vt 0.868721 1.051013
vt 0.869047 1.045920
vt 0.955227 1.068155
vt 0.965571 0.891707
vt 0.800520 1.089072
vt 0.968650 0.791787
vt 0.965235 0.786799
vt 0.603530 1.136253
vt 0.616635 1.227499
vt 0.597512 1.137532
vt 0.610475 1.228110
vt 0.591494 1.138811
vt 0.569646 1.143455
vt 0.582677 1.225687
vt 0.565391 1.144359
vt 1.475555 1.144359
vt 1.449592 1.223254
vt 1.469378 1.144734
vt 1.427039 1.211676
vt 1.437730 1.144359
vt 1.443907 1.144734
vt 1.421569 1.208493
vt 1.433090 1.143455
vt 0.603431 1.194974
vt 0.615468 1.192415
vt 0.625378 1.131609
vt 0.643265 1.194838
vt 0.629633 1.130704
vt 1.421569 1.194838
vt 1.443907 1.130330
vt 1.437730 1.130704
vt 1.449592 1.208850
vt 1.475555 1.130704
vt 1.469378 1.130330
vt 1.455062 1.212032
vt 1.480195 1.131609
vt 0.637144 1.294393
vt 0.622511 1.225551
vt 0.631377 1.296857
vt 1.400912 1.291214
vt 1.455062 1.225687
vt 1.459170 1.226892
vt 1.394767 1.283786
vt 1.380298 1.263282
vt 1.376789 1.257934
vt 1.417461 1.205480
vt 0.612634 1.238270
vt 0.609307 1.193026
vt 0.624671 1.235712
vt 1.417461 1.193633
vt 1.376789 1.244279
vt 1.427039 1.197271
vt 1.398277 1.274729
vt 1.459170 1.215046
vt 1.408237 0.637144
vt 1.320499 0.638361
vt 1.409073 0.631377
vt 1.408237 0.625107
vt 1.318767 0.607530
vt 1.398276 0.596004
vt 1.400912 0.601053
vt 1.398276 1.288384
vt 1.317463 1.312463
vt 1.314393 1.287730
vt 1.313089 1.275948
vt 1.374154 1.253295
vt 1.311535 0.616994
vt 1.365992 0.618401
vt 1.366828 0.612634
vt 1.311535 0.629031
vt 1.366828 0.624671
vt 1.313089 0.653540
vt 1.376789 0.653774
vt 1.374154 0.648725
vt 1.314393 1.273326
vt 1.380298 1.248877
vt 1.394767 1.269382
vt 1.318208 1.304431
vt 1.318767 1.309841
vt 1.400912 1.279368
vt 1.320322 0.644076
vt 1.226460 0.635987
vt 1.320322 0.632040
vt 1.231554 0.605329
vt 1.318208 0.602317
vt 1.318208 1.318087
vt 1.235390 1.302715
vt 1.244422 1.279420
vt 1.313649 1.281357
vt 1.246612 1.273395
vt 1.253352 0.621244
vt 1.311358 0.622709
vt 1.252830 0.627549
vt 1.246612 0.657061
vt 1.313649 0.658753
vt 1.313649 1.267702
vt 1.244422 1.265015
vt 1.317463 1.298059
vt 1.233199 1.294335
vt 1.231554 1.299483
vt 1.226981 0.641720
vt 1.148498 0.624799
vt 1.149599 0.618578
vt 1.226981 0.629683
vt 1.159252 0.594953
vt 1.233199 0.600171
vt 1.233199 1.307990
vt 1.167348 1.256776
vt 1.186413 1.240255
vt 1.194510 1.231959
vt 1.248257 1.268248
vt 1.204162 0.608528
vt 1.252830 0.615512
vt 1.205264 0.614343
vt 1.194510 0.644190
vt 1.248257 0.651903
vt 1.191037 1.222218
vt 1.246612 1.259740
vt 1.167348 1.242371
vt 1.235390 1.288311
vt 1.159252 1.250666
vt 0.630614 1.263675
vt 0.607360 1.183862
vt 0.624799 1.265908
vt 0.618578 1.266233
vt 1.159252 1.262513
vt 1.122929 1.186240
vt 1.162724 1.260408
vt 1.153657 1.179207
vt 1.191037 1.235873
vt 1.164160 1.175395
vt 0.597641 1.167733
vt 0.614343 1.216717
vt 0.608528 1.218951
vt 0.609678 1.165174
vt 0.620564 1.216392
vt 1.194510 1.220113
vt 1.159655 1.163731
vt 1.186413 1.225850
vt 1.122929 1.172585
vt 1.162724 1.246753
vt 0.593755 1.090267
vt 0.613305 1.182238
vt 0.581719 1.092825
vt 0.601268 1.184797
vt 1.118424 1.100488
vt 1.118424 1.186422
vt 1.128926 1.104299
vt 1.128926 1.185169
vt 1.159655 1.111333
vt 1.159655 1.177386
vt 1.164160 1.111514
vt 0.591438 1.108954
vt 0.603586 1.166109
vt 0.597383 1.107331
vt 1.164160 1.163549
vt 1.159655 1.097678
vt 1.153657 1.164802
vt 1.128926 1.089895
vt 1.128926 1.170764
vt 1.122929 1.088823
vt 1.118424 1.174576
vt 0.576446 1.008830
vt 0.587664 1.091202
vt 0.564409 1.011389
vt 1.159252 1.024397
vt 1.122929 1.102479
vt 1.167348 1.032692
vt 1.153657 1.110262
vt 1.191037 1.052846
vt 1.194510 1.054950
vt 0.585346 1.109889
vt 0.580680 1.058346
vt 1.194510 1.043104
vt 1.164160 1.099668
vt 1.191037 1.039191
vt 1.153657 1.095857
vt 1.167348 1.018288
vt 1.162724 1.014656
vt 1.118424 1.088642
vt 1.226981 0.565340
vt 1.148498 0.570225
vt 1.149599 0.576446
vt 1.226981 0.553304
vt 1.149599 0.564409
vt 1.231554 0.975581
vt 1.162724 1.028311
vt 1.233199 0.980729
vt 1.244422 1.010048
vt 1.186413 1.049214
vt 1.246612 0.537963
vt 1.194510 0.550834
vt 1.191037 0.545939
vt 1.204162 0.574459
vt 1.253352 0.573779
vt 1.205264 0.580680
vt 1.204162 0.586496
vt 1.246612 1.001668
vt 1.244422 0.995644
vt 1.186413 1.034809
vt 1.235390 0.972348
vt 1.162724 0.604966
vt 1.231554 0.589695
vt 1.159252 0.600071
vt 1.320499 0.556662
vt 1.226459 0.559036
vt 1.320322 0.550948
vt 1.318208 0.970632
vt 1.317463 0.977005
vt 1.235390 0.986753
vt 1.313649 1.007361
vt 1.246612 1.015323
vt 1.313649 0.536271
vt 1.248257 0.543120
vt 1.252830 0.567475
vt 1.311358 0.572315
vt 1.252830 0.579511
vt 1.313089 0.999116
vt 1.248257 1.006816
vt 1.313649 0.993706
vt 1.318208 0.956977
vt 1.233199 0.967073
vt 1.318208 0.592706
vt 1.233199 0.594852
vt 1.320322 0.562984
vt 1.409073 0.563646
vt 1.408237 0.557880
vt 1.318767 0.965223
vt 1.398276 1.000335
vt 1.314393 1.001738
vt 1.376789 1.030784
vt 1.376789 0.541249
vt 1.313089 0.541484
vt 1.366828 0.570353
vt 1.311535 0.565993
vt 1.365992 0.576623
vt 1.311535 0.578029
vt 1.374153 1.021768
vt 1.376789 1.017129
vt 1.314393 0.987333
vt 1.394767 0.991277
vt 1.317463 0.962601
vt 1.400912 0.593970
vt 1.318767 0.587493
vt 0.569916 0.978112
vt 0.578389 1.047564
vt 0.563646 0.978207
vt 0.572513 1.049512
vt 0.557880 0.980671
vt 1.400912 0.995695
vt 1.455062 1.063031
vt 1.394767 1.005682
vt 1.380298 1.026186
vt 1.421569 1.080226
vt 1.417461 1.081430
vt 1.374153 1.033614
vt 0.570353 1.039351
vt 0.585716 1.082038
vt 0.576623 1.039257
vt 0.591592 1.080090
vt 0.582389 1.036793
vt 1.417461 1.069584
vt 1.421569 1.066570
vt 1.380298 1.011782
vt 1.455062 1.049376
vt 1.398276 0.986680
vt 1.400912 0.983849
vt 0.584549 1.046954
vt 1.449592 1.066214
vt 1.459170 1.060018
vt 1.480195 1.143455
vt 0.556462 1.081430
vt 0.565390 1.144359
vt 1.427039 1.077792
vt 1.427039 1.063388
vt 1.433090 1.131609
vt 0.612346 1.049376
vt 0.661508 0.979597
vt 0.660677 0.979597
vt 0.661508 1.395466
vt 0.663684 0.564685
vt 0.564684 1.395466
vt 0.664001 0.565660
vt 0.662320 1.390478
vt 0.657156 0.979597
vt 0.656130 1.395466
vt 0.559697 1.390478
vt 0.564684 0.979597
vt 0.649601 0.564685
vt 0.651778 0.979597
vt 0.651778 1.395466
vt 0.652608 1.395466
vt 0.573708 0.560538
vt 0.554692 0.798392
vt 0.571602 0.803325
vt 0.553306 0.987183
vt 0.544292 0.558346
vt 0.546398 0.987183
vt 0.565578 0.803325
vt 0.599731 0.562249
vt 0.550561 0.568516
vt 0.565186 0.991738
vt 0.603894 0.807880
vt 0.603248 0.550832
vt 0.556677 0.802947
vt 0.575322 0.560332
vt 0.554486 0.996671
vt 0.574676 0.991738
vt 0.577226 0.549121
vt 0.569053 0.550162
vt 0.628413 0.560399
vt 0.554537 0.798390
vt 0.628772 0.803320
vt 0.546627 0.987071
vt 0.599519 0.551511
vt 0.557374 0.992001
vt 0.599160 0.987071
vt 0.653353 0.567971
vt 0.603313 0.562838
vt 0.623858 0.995919
vt 0.565526 0.991744
vt 0.659367 0.557650
vt 0.563512 0.803062
vt 0.629271 0.560487
vt 0.554625 0.996674
vt 0.631132 0.991744
vt 0.634427 0.550078
vt 0.654972 0.802307
vt 0.625477 0.549160
vt 0.654023 0.564554
vt 0.653351 0.808216
vt 0.549713 0.991750
vt 0.684060 0.554550
vt 0.684732 0.991750
vt 0.569390 0.808216
vt 0.680013 0.566076
vt 0.690396 0.564673
vt 0.561359 0.986848
vt 0.685678 0.803314
vt 0.683436 0.554634
vt 0.715051 0.556310
vt 0.550470 0.991772
vt 0.712810 0.986848
vt 0.657446 0.553112
vt 0.677889 0.799182
vt 0.708715 0.546187
vt 0.688272 0.995882
vt 0.730659 0.560907
vt 0.555022 0.798767
vt 0.729747 0.803743
vt 0.550728 0.989194
vt 0.716873 0.555727
vt 0.561612 0.994169
vt 0.717785 0.989194
vt 0.756704 0.564538
vt 0.722411 0.566333
vt 0.743226 0.995953
vt 0.564965 0.991321
vt 0.761329 0.805870
vt 0.761104 0.553412
vt 0.559297 0.800894
vt 0.747934 0.560002
vt 0.554117 0.996296
vt 0.747708 0.991321
vt 0.735059 0.549781
vt 0.742396 0.549397
vt -0.157197 0.241849
vt -0.157146 -0.718140
vt 0.190611 -0.273947
vt -0.155370 0.196014
vt -0.155421 -0.282303
vt 0.973673 0.246818
vt -0.152211 -0.731484
vt -0.150414 0.286549
vt 0.286114 -0.286796
vt 0.978680 -0.730989
vt 0.978692 0.156283
vt 0.980459 0.281581
vt 0.980471 -0.278441
vt -0.152178 0.151314
vt 0.973706 -0.727582
vt 0.975503 0.191046
vt -0.150381 -0.268998
vt -0.155646 1.136465
vt -0.155695 -0.719169
vt 1.006633 -0.275036
vt -0.148141 1.011167
vt 1.096733 -0.262148
vt -0.148092 -0.266681
vt 1.140999 -0.710815
vt 0.975082 1.141434
vt -0.143021 1.101702
vt 0.982713 -0.280715
vt 1.102137 -0.285767
vt 0.979936 1.050899
vt 1.136465 -0.735303
vt 0.987692 1.096733
vt 1.011167 -0.288719
vt 0.987476 -0.294121
vt 1.045496 -0.738255
vt -0.150792 1.045930
vt 0.974942 -0.743139
vt 0.982573 1.006199
vt -0.226399 1.117438
vt 0.191545 -0.726310
vt -0.226036 -0.721336
vt 0.186557 -0.276624
vt -0.193225 0.191545
vt 1.117438 -0.271650
vt -0.135759 1.122425
vt -0.221424 -0.726673
vt -0.188251 1.122425
vt 1.122425 -0.283601
vt -0.130785 0.191544
vt 1.117438 -0.733286
vt -0.097611 1.117438
vt -0.097974 -0.283601
vt 0.186557 -0.728312
vt -0.221424 0.186557
vt -0.102585 0.186557
vt 0.964718 1.108429
vt 0.182536 -0.733290
vt 0.177548 -0.283609
vt 0.931489 0.182536
vt 1.108429 -0.278634
vt 0.931853 -0.283609
vt 1.113417 -0.728316
vt 1.055357 1.113417
vt 0.936464 1.113417
vt 1.113417 -0.276621
vt 1.059967 -0.721328
vt 1.060331 0.182536
vt 1.108429 -0.726302
vt 1.027102 1.108429
vt 0.182536 -0.271646
vt 0.969692 0.177548
vt 1.022128 0.177548
vt -0.191292 0.222958
vt 0.187078 -0.367022
vt 0.222959 -0.362034
vt 1.019589 0.227946
vt -0.186304 0.227946
vt 0.227946 -0.367022
vt 1.024577 0.222958
vt 0.192065 -0.362034
vt 0.187078 -0.437915
vt 0.666952 -0.256868
vt 0.672521 -0.256868
vt 0.230908 -0.256868
vt 0.225574 -0.256868
vt 0.666952 -0.360868
vt 0.684048 -0.315824
vt 0.230908 -0.360868
vt 0.166510 -0.315503
vt 0.166510 -0.302234
vt 0.605737 -0.256868
vt 0.599046 -0.256868
vt 0.612358 -0.256868
vt 0.605737 -0.360868
vt 0.612358 -0.360868
vt 0.523448 -0.315503
vt 0.522987 -0.308868
vt 0.523448 -0.302234
vt 0.247832 -0.315503
vt 0.167264 -0.308868
vt 0.166902 -0.315504
vt 0.247832 -0.302234
vt 0.166902 -0.302232
vt 0.066775 -0.315503
vt 0.066416 -0.308868
vt 0.066775 -0.302234
vt 0.508072 -0.256868
vt 0.502502 -0.256868
vt 0.002377 -0.256868
vt 0.007711 -0.256868
vt 0.508072 -0.360868
vt 0.490976 -0.315824
vt 0.002377 -0.360868
vt 0.569287 -0.256868
vt 0.575978 -0.256868
vt 0.562666 -0.256868
vt 0.569287 -0.360868
vt 0.562666 -0.360868
vt 0.651576 -0.302234
vt 0.651576 -0.315503
vt -0.014547 -0.302234
vt 0.066021 -0.308868
vt -0.015492 -0.308868
vt -0.014547 -0.315503
vt 0.066383 -0.302232
vt 0.066383 -0.315504
vt 0.628517 -0.159368
vt 0.622862 -0.159368
vt 0.143204 -0.159368
vt 0.138011 -0.159368
vt 0.628517 -0.239968
vt 0.636625 -0.206630
vt 0.143204 -0.239968
vt 0.095754 -0.206322
vt 0.095754 -0.193014
vt 0.576466 -0.159368
vt 0.569726 -0.159368
vt 0.583109 -0.159368
vt 0.576466 -0.239968
vt 0.513644 -0.206322
vt 0.513152 -0.199668
vt 0.513644 -0.193014
vt 0.158938 -0.206322
vt 0.103023 -0.199668
vt 0.102657 -0.206323
vt 0.158938 -0.193014
vt 0.102657 -0.193013
vt 0.031461 -0.206322
vt 0.031160 -0.199668
vt 0.031461 -0.193014
vt 0.503652 -0.159368
vt 0.509306 -0.159368
vt -0.015989 -0.159368
vt -0.010795 -0.159368
vt 0.503652 -0.239968
vt 0.495544 -0.206630
vt -0.015989 -0.239968
vt 0.555702 -0.159368
vt 0.562442 -0.159368
vt 0.549060 -0.159368
vt 0.555702 -0.239968
vt 0.618525 -0.193014
vt 0.618525 -0.206322
vt -0.031723 -0.193014
vt 0.024192 -0.199668
vt -0.032616 -0.199668
vt -0.031723 -0.206322
vt 0.024558 -0.193013
vt 0.024558 -0.206323
vt 0.619070 -0.176697
vt 0.052401 -0.212495
vt 0.053320 -0.211319
vt 0.557956 -0.225892
vt 0.564310 -0.224577
vt 0.059085 -0.217718
vt 0.063298 -0.219114
vt 0.060005 -0.216541
vt 0.506364 -0.220291
vt 0.056322 -0.221888
vt 0.029922 0.476035
vt -0.013229 0.478414
vt 0.031335 0.473427
vt -0.042238 -0.144885
vt -0.035177 -0.135848
vt -0.037940 -0.140018
vt -0.008777 0.476035
vt 0.512603 -0.135938
vt 0.506364 -0.137445
vt -0.041233 -0.137445
vt -0.038859 -0.141195
vt 0.564310 -0.133159
vt 0.557956 -0.131845
vt 0.551255 -0.131742
vt -0.032175 -0.146417
vt -0.031256 -0.145241
vt 0.615151 -0.185015
vt -0.047972 0.562921
vt -0.078835 0.567391
vt -0.075606 0.570862
vt 0.550969 -0.137657
vt -0.037642 -0.222588
vt 0.005885 -0.156132
vt 0.525907 -0.229042
vt -0.022307 0.478540
vt 0.473612 -0.199465
vt 0.531652 -0.134111
vt -0.053116 0.467648
vt -0.000112 -0.134589
vt 0.003799 -0.139872
vt -0.081543 -0.145069
vt 0.465309 -0.165129
vt 0.465746 -0.170221
vt -0.091335 0.546543
vt -0.091335 -0.153716
vt -0.095208 -0.155129
vt -0.014389 -0.133393
vt -0.001489 0.550969
vt -0.006703 0.554028
vt 0.591000 -0.256055
vt 0.744944 -0.311312
vt 0.635508 -0.275214
vt 0.739097 -0.359872
vt 0.735326 0.993182
vt 0.734196 0.988308
vt 0.703752 -0.393270
vt 0.646498 0.403972
vt 0.646498 -0.366478
vt 0.655448 -0.395879
vt 0.607837 -0.395879
vt 0.616430 1.006062
vt 0.527959 0.421842
vt 0.529089 0.426716
vt 0.627777 -0.275214
vt 0.518341 -0.311312
vt 0.672285 -0.256055
vt 0.544727 -0.270311
vt 0.776500 -0.256055
vt 0.894032 -0.359872
vt 0.890237 0.998215
vt 0.889364 0.993289
vt 0.858457 -0.393270
vt 0.832360 0.405165
vt 0.832360 -0.366478
vt 0.793447 -0.395879
vt 0.770925 1.009859
vt 0.713048 0.416808
vt 0.713921 0.421734
vt 0.744828 -0.393270
vt 0.759926 -0.318823
vt 0.781987 -0.275214
vt 0.826785 -0.256055
vt 0.729925 -0.270311
vt 0.256389 0.838849
vt 0.735882 -0.326828
vt 0.260981 -0.322930
vt 0.715687 -0.243789
vt 0.276871 0.719707
vt 0.272279 -0.222511
vt 0.842869 -0.301652
vt 0.494684 0.859909
vt 0.278100 0.827904
vt 0.844944 -0.266045
vt 0.500505 -0.345186
vt 0.503252 0.752376
vt 0.855343 -0.350932
vt 0.516728 0.839167
vt 0.736200 -0.281576
vt 0.519475 -0.287322
vt 0.746599 -0.366463
vt 0.264958 0.731316
vt 0.498520 -0.370409
vt 0.515499 0.730970
vt 0.584114 0.629628
vt 0.748285 -0.347221
vt 0.751005 0.718980
vt 0.586834 -0.246530
vt 0.752149 -0.224787
vt 0.751005 -0.219525
vt 0.452557 0.789480
vt 0.630528 -0.373851
vt 0.579849 0.598453
vt 0.757405 -0.203575
vt 0.598450 -0.251261
vt 0.598453 -0.246154
vt 0.617693 0.917690
vt 0.453522 -0.329588
vt 0.456242 0.764186
vt 0.620413 -0.174887
vt 0.454892 -0.206302
vt 0.456242 -0.201892
vt 0.749250 0.757837
vt 0.916792 -0.297852
vt 0.627398 0.884713
vt 0.884713 -0.175262
vt 0.887146 -0.179828
vt 0.248516 0.783462
vt 0.317122 -0.354967
vt 0.246675 -0.353987
vt 0.248516 -0.358617
vt 0.302427 0.719989
vt 0.233821 -0.239335
vt 0.381693 0.967745
vt 0.967745 -0.325380
vt 0.968550 -0.320537
vt 0.232843 0.779535
vt 0.956851 -0.206099
vt 0.457231 0.916069
vt 0.388625 -0.324443
vt 0.457857 -0.315563
vt 0.457231 -0.320794
vt 0.373930 0.957755
vt 0.442536 -0.201512
vt 0.324054 0.731786
vt 0.731786 -0.354030
vt 0.730081 -0.349013
vt 0.443514 0.898209
vt 0.720088 -0.239592
vt 0.260953 0.757682
vt 0.312631 -0.344669
vt 0.326006 0.616870
vt 0.765270 -0.317967
vt 0.746957 -0.199272
vt 0.353386 0.801710
vt 0.279524 0.744322
vt 0.369210 -0.200013
vt 0.802879 -0.323870
vt 0.784565 -0.205175
vt 0.409054 0.678106
vt 0.799137 -0.324909
vt 0.375651 0.779271
vt 0.658283 -0.225940
vt 0.650694 -0.231877
vt 0.316622 0.634079
vt 0.406308 -0.355081
vt 0.422132 0.651819
vt 1.318211 -0.101477
vt 1.489230 -0.833287
vt 1.493089 -0.831758
vt 1.471458 -0.075322
vt 1.300459 -0.762247
vt -0.133834 -0.768132
vt 1.312891 -0.875848
vt 1.238482 0.088100
vt -0.098492 -0.879632
vt 1.294070 -0.130585
vt 0.056007 -0.722423
vt 1.219661 -0.726208
vt 1.223520 -0.724679
vt 1.412291 0.152467
vt 1.241292 -0.837558
vt 1.223540 0.062126
vt 1.394539 -0.678484
vt 1.223540 -0.720323
vt 0.123244 -0.682118
vt 1.492020 -0.037110
vt 1.400928 0.117389
vt 0.971990 0.093023
vt 0.019190 -0.817912
vt 1.019701 0.048857
vt 0.122690 -0.729753
vt 0.129487 -0.736995
vt 1.064667 0.138192
vt 0.974340 -0.836757
vt 0.986339 0.129014
vt 1.073672 -0.853788
vt 1.084581 -0.758383
vt 1.069690 -0.854351
vt 1.106984 0.061886
vt 1.083272 0.165386
vt 0.091553 -0.736387
vt 0.055088 -0.834092
vt 0.058836 -0.835562
vt 1.014307 0.016717
vt 1.116633 0.085229
vt 1.116633 -0.734330
vt 1.116969 -0.738686
vt 0.939439 -0.058718
vt -0.114267 -0.848281
vt 0.993423 -0.135863
vt 0.944762 -0.735375
vt 1.016636 0.015216
vt 0.939870 -0.836313
vt 0.945193 -0.075946
vt -0.006240 -0.726441
vt 1.072328 -0.038181
vt 1.072328 -0.839977
vt 1.074125 -0.834890
vt 1.028990 -0.009208
vt -0.009208 -0.722458
vt -0.006719 -0.727070
vt 0.995131 -0.112116
vt -0.045040 -0.841565
vt -0.114746 -0.848910
vt -0.112116 -0.853338
vt 1.077220 -0.069126
vt 1.077220 -0.739038
vt 1.078335 -0.744308
vt 0.988433 -0.134665
vt 1.050272 -0.858490
vt 1.067003 -0.096940
vt 1.067003 -0.769315
vt 1.067230 -0.774533
vt 0.884613 0.009732
vt -0.134946 -0.843263
vt 0.998353 -0.139301
vt 0.003873 -0.731609
vt -0.140162 -0.763873
vt -0.139301 -0.759218
vt 0.947738 0.060248
vt 0.885900 -0.820570
vt 0.902631 0.010805
vt 0.902631 -0.731395
vt 0.900569 -0.735962
vt 1.051559 -0.084149
vt 0.059885 -0.826013
vt 0.971282 0.053166
vt -0.090008 -0.769102
vt 0.054669 -0.746622
vt 0.053166 -0.741493
vt 0.588511 -0.845415
vt 1.093043 -0.845415
vt 0.937400 0.685458
vt -0.193847 1.234585
vt -0.212868 1.480479
vt 0.018848 0.814585
vt -0.024314 1.220478
vt -0.382401 0.814585
vt 0.647512 0.870432
vt 0.510626 0.870432
vt 0.784397 0.870432
vt 0.784397 0.844632
vt 0.647512 0.844632
vt 0.508816 0.851379
vt 0.510626 0.844632
vt 0.524152 0.870432
vt 0.770872 0.844632
vt 0.524152 0.844632
vt 0.889924 0.844632
vt 0.889924 0.870432
vt 0.770872 0.870432
vt 0.865971 0.844632
vt -0.167853 0.844632
vt -0.036033 0.844632
vt -0.167853 0.870432
vt -0.036033 0.870432
vt -0.052566 0.870432
vt -0.171361 0.844632
vt -0.052566 0.844632
vt -0.307807 0.844632
vt -0.307807 0.870432
vt -0.171361 0.870432
vt -0.297487 0.870432
vt -0.297487 0.844632
vt 0.718003 0.844632
vt 0.842836 0.844632
vt 0.842836 0.870432
vt 0.823536 0.870432
vt 0.823536 0.844632
vt 0.718003 0.870432
vt 0.583986 0.870432
vt 0.711038 0.870432
vt 0.583986 0.844632
vt 0.711038 0.844632
vt 0.452188 0.844632
vt 0.577021 0.844632
vt 0.452188 0.870432
vt 0.577021 0.870432
vt 0.471487 0.870432
vt 0.471487 0.844632
vt -0.423833 0.844632
vt -0.423833 0.870432
vt -0.402048 0.870432
vt -0.402048 0.844632
vt -0.307807 0.870432
vt -0.171361 0.844632
vt -0.036033 0.844632
vt -0.052566 0.870432
vt -0.171361 0.870432
vt -0.052566 0.844632
vt 0.405100 0.844632
vt 0.405100 0.870432
vt 0.429053 0.870432
vt 0.429053 0.844632
vt 0.647512 1.030432
vt 0.510626 1.030432
vt 0.784397 1.030432
vt 0.784397 1.004632
vt 0.647512 1.004632
vt 0.510626 1.004632
vt 0.524152 1.030432
vt 0.524152 1.004632
vt 0.889924 1.004632
vt 0.889924 1.030432
vt 0.865971 1.030432
vt 0.770872 1.030432
vt 0.865971 1.004632
vt 0.770872 1.004632
vt -0.167853 1.004632
vt -0.036033 1.004632
vt -0.167853 1.030432
vt -0.036033 1.030432
vt -0.052566 1.030432
vt -0.171361 1.004632
vt -0.052566 1.004632
vt -0.307807 1.004632
vt -0.307807 1.030432
vt -0.171361 1.030432
vt -0.297487 1.030432
vt -0.297487 1.004632
vt 0.718003 1.004632
vt 0.842836 1.004632
vt 0.842836 1.030432
vt 0.823536 1.030432
vt 0.823536 1.004632
vt 0.577021 1.004632
vt 0.718003 1.030432
vt 0.583986 1.030432
vt 0.711038 1.030432
vt 0.583986 1.004632
vt 0.711038 1.004632
vt 0.452188 1.004632
vt 0.452188 1.030432
vt 0.577021 1.030432
vt 0.471487 1.030432
vt 0.471487 1.004632
vt -0.423833 1.004632
vt -0.423833 1.030432
vt -0.402048 1.030432
vt -0.402048 1.004632
vt -0.307807 1.030432
vt -0.171361 1.004632
vt -0.036033 1.004632
vt -0.052566 1.030432
vt -0.171361 1.030432
vt -0.052566 1.004632
vt 0.405100 1.004632
vt 0.405100 1.030432
vt 0.429053 1.030432
vt 0.429053 1.004632
vt 0.647512 1.190431
vt 0.510626 1.190431
vt 0.784397 1.190431
vt 0.784397 1.164632
vt 0.647512 1.164632
vt 0.510626 1.164632
vt 0.770872 1.190431
vt 0.524152 1.190431
vt 0.524152 1.164632
vt 0.889924 1.164632
vt 0.889924 1.190431
vt 0.865971 1.190431
vt 0.865971 1.164632
vt 0.770872 1.164632
vt -0.167853 1.164632
vt -0.036033 1.164632
vt -0.167853 1.190431
vt -0.036033 1.190431
vt -0.171361 1.190431
vt -0.052566 1.190431
vt -0.171361 1.164632
vt -0.052566 1.164632
vt -0.307807 1.164632
vt -0.307807 1.190431
vt -0.297487 1.190431
vt -0.297487 1.164632
vt 0.718003 1.164632
vt 0.842836 1.164632
vt 0.842836 1.190431
vt 0.823536 1.190431
vt 0.823536 1.164632
vt 0.577021 1.164632
vt 0.718003 1.190431
vt 0.583986 1.190431
vt 0.711038 1.190431
vt 0.583986 1.164632
vt 0.711038 1.164632
vt 0.452188 1.164632
vt 0.452188 1.190431
vt 0.577021 1.190431
vt 0.474071 1.183684
vt 0.471487 1.164632
vt -0.423833 1.164632
vt -0.423833 1.190431
vt -0.402048 1.190431
vt -0.402048 1.164632
vt -0.171361 1.190431
vt -0.171361 1.164632
vt -0.036033 1.164632
vt -0.033820 1.183684
vt -0.052566 1.190431
vt -0.052566 1.164632
vt 0.405100 1.164632
vt 0.405100 1.190431
vt 0.429053 1.190431
vt 0.429053 1.164632
vt 0.588790 1.360044
vt 0.987132 1.460479
vt 0.587208 0.825532
vt 0.689662 0.825532
vt 0.513997 0.825532
vt 0.587208 0.945532
vt 0.999635 0.825532
vt 0.922368 0.825532
vt 0.519008 0.945532
vt 0.519008 0.825532
vt 0.605362 0.825532
vt 0.707816 0.945532
vt 0.707816 0.825532
vt 0.781027 0.825532
vt 0.993650 0.825532
vt 1.070917 0.825532
vt 0.776016 0.945532
vt 0.776016 0.825532
vt 0.670103 0.965032
vt 0.743198 0.965032
vt 0.618344 0.965032
vt 0.670103 1.058032
vt 1.035933 0.965032
vt 0.986808 0.965032
vt 0.973420 0.965032
vt 0.915995 0.965032
vt 0.616842 1.058032
vt 0.616842 0.965032
vt 0.677365 0.965032
vt 0.750460 1.058032
vt 0.750460 0.965032
vt 0.802219 0.965032
vt 0.916561 0.965032
vt 0.965686 0.965032
vt 0.979075 0.965032
vt 1.036500 0.965032
vt 0.803721 1.058032
vt 0.803721 0.965032
vt 1.017690 0.731804
vt 0.794788 0.981601
vt 0.835887 0.996210
vt 0.734998 0.985258
vt 0.976928 0.984445
vt 0.947477 1.093202
vt 0.778734 1.076508
vt 0.551911 1.060018
vt 0.587381 1.226892
vt 0.607643 1.048172
vt 0.579556 1.082648
vt 0.612194 1.069584
vt 1.449592 1.051810
vt 0.656785 1.279368
vt 0.643113 1.215046
vt 1.470588 0.610475
vt 1.459170 0.587381
vt 0.592993 1.253295
vt 0.582830 1.205480
vt 1.406043 0.615468
vt 1.417461 0.638561
vt 1.318767 0.663262
vt 1.400912 0.656785
vt 1.313089 0.597808
vt 1.374154 0.592993
vt 1.231554 0.661060
vt 1.226981 1.315921
vt 1.204162 1.218951
vt 1.252830 1.251810
vt 0.634511 1.174576
vt 0.650684 1.250666
vt 0.578779 1.186422
vt 0.594953 1.262513
vt 0.588458 1.231959
vt 0.632167 1.163549
vt 0.644190 1.220113
vt 0.560513 1.100488
vt 0.576435 1.175395
vt 0.616245 1.088642
vt 0.562857 1.111514
vt 0.574459 1.058671
vt 0.586496 1.056113
vt 0.618589 1.099668
vt 1.226981 0.959143
vt 1.149599 1.011389
vt 1.204162 1.056113
vt 1.231554 0.533963
vt 1.313089 0.597215
vt 1.248257 0.598852
vt 1.318767 0.531762
vt 1.374153 0.546299
vt 1.374153 0.602030
vt 1.459170 0.607643
vt 1.408237 0.569916
vt 0.538239 0.995695
vt 1.406043 0.579556
vt 0.602030 1.021768
vt 0.662349 0.575366
vt 0.650936 0.575366
vt 0.665876 1.390478
vt 0.665876 0.984585
vt 0.647409 1.390478
vt 0.647409 0.984585
vt 0.160580 -0.360868
vt 0.072359 -0.360868
vt 0.225574 -0.360868
vt 0.160580 -0.256868
vt 0.599046 -0.360868
vt 0.531066 -0.360868
vt 0.232231 -0.256868
vt 0.232231 -0.360868
vt 0.160926 -0.360868
vt 0.072705 -0.256868
vt 0.072705 -0.360868
vt 0.007711 -0.360868
vt 0.575978 -0.360868
vt 0.643958 -0.360868
vt 0.001054 -0.256868
vt 0.001054 -0.360868
vt 0.092077 -0.239968
vt 0.029025 -0.239968
vt 0.138011 -0.239968
vt 0.092077 -0.159368
vt 0.583109 -0.239968
vt 0.622862 -0.239968
vt 0.569726 -0.239968
vt 0.519642 -0.239968
vt 0.148034 -0.159368
vt 0.148034 -0.239968
vt 0.098191 -0.239968
vt 0.035138 -0.159368
vt 0.035138 -0.239968
vt -0.010795 -0.239968
vt 0.549060 -0.239968
vt 0.509306 -0.239968
vt 0.562442 -0.239968
vt 0.612527 -0.239968
vt -0.020818 -0.159368
vt -0.020818 -0.239968
vt -0.048935 0.556898
vt 0.598300 -0.212495
vt 0.512603 -0.221798
vt 0.551255 -0.225994
vt 0.598300 -0.145241
vt 0.558180 -0.222501
vt 0.476667 -0.207538
vt 0.536882 -0.129689
vt 0.557290 -0.222588
vt 0.006263 -0.143275
vt 0.770829 1.004857
vt 0.749635 -0.342811
vt 0.628096 -0.369285
vt 0.452378 -0.324326
vt 0.407675 -0.350572
vt 0.019741 -0.812704
vt 0.974004 -0.832400
vt -0.136075 -0.755452
vt 1.073516 -0.837137
vt 0.938755 -0.831043
vt 0.015089 -0.819899
vt 1.052334 -0.853924
vt 0.885673 -0.815352
vt 0.616183 -0.850402
vt 0.623211 -0.614534
vt 0.830830 -0.850402
vt 0.850724 -0.850402
vt 0.737195 -0.850402
vt 0.730167 -0.614534
vt 0.341506 -0.614534
vt 0.535018 -0.614534
vt 0.968854 -0.845415
vt -0.152336 -0.845415
vt 0.676523 -0.850402
vt -0.147646 -0.614534
vt 0.524249 -0.614534
vt 0.595302 -0.845415
vt 0.357315 -0.845415
vt 0.175176 -0.845415
vt 0.750446 -0.727999
vt 0.549565 0.768048
vt 0.574565 0.683805
vt 0.308808 1.878415
vt 0.574565 1.871259
vt 0.499578 0.812979
vt 0.412089 0.737098
vt 0.579565 1.393636
vt 0.574578 1.534414
vt 0.574578 1.460650
vt 1.186589 1.460650
vt -0.102843 1.436825
vt 0.269323 0.690446
vt 0.336128 0.998239
vt 0.690446 0.998239
vt -0.036037 0.690446
vt 0.869322 0.604578
vt 0.690446 1.005240
vt 0.563963 0.604578
vt 0.654571 1.485466
vt -0.193964 0.641448
vt 0.490735 1.326780
vt -0.193689 1.196280
vt -0.157029 1.331450
vt -0.252327 1.364462
vt 0.531723 1.233291
vt 0.514932 1.369132
vt 0.528536 1.305357
vt 0.627686 1.292550
vt 0.528074 1.214003
vt -0.277027 1.195509
vt 0.625230 1.191564
vt -0.150557 1.235705
vt -0.146572 1.326521
vt -0.286444 1.331364
vt 0.833907 1.193068
vt 0.824700 1.189690
vt -0.082036 1.288105
vt 0.883700 1.194552
vt 0.901742 1.288440
vt 0.004627 1.247689
vt -0.160330 1.224721
vt -0.146284 1.280534
vt 0.029976 1.205386
vt 0.034419 1.262968
vt 1.000677 0.657938
vt 0.654571 1.465466
vt 1.006035 0.641448
vt 0.654571 1.169598
vt 0.489855 0.892488
vt 0.805168 0.892488
vt 0.600586 1.018493
vt 0.819978 1.018493
vt 0.948578 0.859465
vt 0.952147 1.030789
vt 0.963127 0.859465
vt 0.959558 1.040275
vt 0.993052 0.841699
vt 0.996539 0.996106
vt 1.003951 1.005591
vt 1.011957 0.984060
vt 1.019368 0.993546
vt 1.017591 0.996096
vt 0.977697 0.693154
vt 0.975767 1.012334
vt 0.690545 1.025006
vt 0.983179 1.021820
vt 0.690545 1.046057
vt 0.928526 1.049243
vt 0.935937 1.058729
vt 0.894199 1.081230
vt 0.892337 1.077517
vt 0.894114 1.074967
vt 0.899748 1.087003
vt 0.907754 1.065472
vt 0.918653 0.841699
vt 0.915165 1.074958
vt 0.991853 1.028744
vt 0.873548 1.025635
vt 0.970022 0.787564
vt 0.970777 0.790735
vt 0.790735 1.081496
vt 0.981740 0.838518
vt 0.834739 0.983990
vt 0.779449 1.069385
vt 0.928218 0.973705
vt 0.881220 0.816234
vt 0.877645 0.816667
vt 0.877645 1.002524
vt 0.936251 1.090637
vt 0.933613 1.088218
vt 0.899443 1.075166
vt 0.903143 0.886599
vt 0.960014 0.896628
vt 0.896628 1.067281
vt 0.559697 0.984585
vt 0.650965 0.984585
vt 0.548554 0.992852
vt 0.579232 0.799128
vt 0.564192 0.992116
vt 0.545977 0.807880
vt 0.597724 0.802211
vt 0.571059 0.995935
vt 0.604932 0.992756
vt 0.565283 0.803320
vt 0.632808 0.799145
vt 0.552611 0.807993
vt 0.657506 0.807993
vt 0.558714 0.803292
vt 0.659570 0.802500
vt 0.560390 0.996674
vt 0.549585 0.803314
vt 0.560474 0.798390
vt 0.710839 0.992564
vt 0.721581 0.994513
vt 0.565905 0.803743
vt 0.735889 0.799111
vt 0.548449 0.805869
vt 0.755874 0.800550
vt 0.156283 -0.723543
vt 0.247252 -0.726496
vt 0.281581 -0.276899
vt 0.151749 -0.722634
vt 0.196014 -0.273907
vt 0.241849 -0.735523
vt 0.975470 -0.281808
vt 1.050899 -0.723703
vt -0.143162 -0.270152
vt -0.150652 -0.715867
vt 0.980153 -0.729900
vt 1.122425 -0.721336
vt 0.191545 -0.278626
vt -0.102586 -0.278264
vt 0.177548 -0.721328
vt 0.192065 -0.442902
vt 0.227946 -0.437915
vt 0.222959 -0.442902
vt 0.246369 -0.301912
vt -0.013084 -0.301912
vt 0.153525 -0.192707
vt -0.026310 -0.192707
vt 0.004037 0.619070
vt 0.007606 -0.182666
vt 0.017108 0.619070
vt 0.013540 -0.175071
vt 0.042433 0.604112
vt 0.045920 -0.212600
vt 0.051854 -0.205005
vt 0.059227 -0.222996
vt 0.062379 -0.220291
vt 0.065160 -0.215401
vt 0.063383 -0.212851
vt 0.027992 -0.198593
vt 0.473427 -0.187812
vt 0.033926 -0.190998
vt 0.473427 -0.169924
vt -0.012781 -0.166738
vt -0.006847 -0.159143
vt -0.042153 -0.138622
vt -0.044015 -0.142335
vt -0.038081 -0.134740
vt -0.030708 -0.152731
vt -0.021287 0.604112
vt -0.024775 -0.145136
vt 0.568745 -0.184116
vt -0.078153 -0.187224
vt -0.044090 -0.222955
vt 0.004099 -0.149630
vt 0.518662 -0.231780
vt -0.026458 0.476667
vt -0.022490 0.474943
vt 0.474943 -0.207053
vt 0.527323 -0.131060
vt 0.524822 -0.133479
vt 0.489035 -0.145069
vt -0.083869 0.492581
vt 0.535862 -0.150619
vt -0.095857 0.540656
vt -0.095857 -0.151493
vt -0.092846 -0.149528
vt 0.675920 1.001212
vt 0.587365 0.413812
vt 0.718558 -0.270311
vt 0.722091 0.994251
vt 0.994251 -0.271821
vt 0.406851 -0.271821
vt 0.633536 0.406851
vt 0.990548 -0.314854
vt 0.657426 -0.318823
vt 0.403147 -0.314854
vt 0.991834 -0.363789
vt 0.650988 0.408338
vt 0.649572 0.404434
vt 0.404434 -0.363789
vt 0.700487 0.997508
vt 0.611932 0.410108
vt 0.651353 1.004916
vt 0.559533 -0.393270
vt 0.562798 0.417515
vt 0.616787 -0.366478
vt 0.612297 1.006685
vt 0.613713 1.010590
vt 0.616787 1.011052
vt 1.010590 -0.363789
vt 0.524188 -0.359872
vt 0.423190 -0.363789
vt 0.605859 -0.318823
vt 1.011876 -0.314854
vt 0.424476 -0.314854
vt 1.008173 -0.271821
vt 0.629749 1.008173
vt 0.541194 0.420772
vt 0.420772 -0.271821
vt 0.830492 1.003126
vt 0.772793 0.411897
vt 0.873360 -0.270311
vt 0.876964 0.998591
vt 0.998591 -0.271821
vt 0.821298 -0.275214
vt 0.407362 -0.271821
vt 0.819265 0.407362
vt 0.899918 -0.311312
vt 0.996178 -0.314854
vt 0.843359 -0.318823
vt 0.404949 -0.314854
vt 0.997016 -0.363789
vt 0.836615 0.409760
vt 0.835405 0.405787
vt 0.405787 -0.363789
vt 0.855220 1.000713
vt 0.797520 0.409484
vt 0.809838 -0.395879
vt 0.805765 1.005540
vt 0.748065 0.414310
vt 0.770925 -0.366478
vt 0.766670 1.005263
vt 0.767880 1.009237
vt 1.009237 -0.363789
vt 0.709253 -0.359872
vt 0.418008 -0.363789
vt 1.010075 -0.314854
vt 0.703367 -0.311312
vt 0.418846 -0.314854
vt 1.007662 -0.271821
vt 0.784020 1.007662
vt 0.726321 0.416433
vt 0.416433 -0.271821
vt 0.281936 -0.239843
vt 0.261121 -0.307351
vt 0.822674 -0.218613
vt 0.511662 -0.260346
vt 0.751056 -0.347221
vt 0.725761 -0.217842
vt 0.577129 -0.373851
vt 0.624679 -0.302959
vt 0.796262 -0.329588
vt 0.309360 -0.234749
vt 0.790429 -0.358101
vt 0.772569 -0.239335
vt 0.909102 -0.321309
vt 0.905175 -0.201512
vt 0.366998 -0.206099
vt 0.636694 -0.348634
vt 0.332446 -0.221349
vt 0.323500 -0.224934
vt 0.761466 -0.318082
vt 0.263700 -0.323244
vt 0.737858 -0.195422
vt 0.409830 -0.354232
vt 0.426123 -0.231761
vt 0.799095 -0.329691
vt 0.802309 -0.327986
vt -0.043229 -0.837643
vt -0.069203 -0.718307
vt 1.476778 -0.724043
vt 1.416170 -0.789834
vt 0.149482 -0.795569
vt 0.091349 -0.833923
vt 0.016199 -0.816414
vt 1.026306 -0.713022
vt 0.043110 -0.716736
vt 0.099347 -0.836757
vt 0.981316 -0.735524
vt 1.104634 -0.839277
vt 0.135719 -0.858122
vt 1.076666 -0.753119
vt 0.988100 -0.852893
vt 1.000454 -0.750810
vt -0.051860 -0.836313
vt -0.082804 -0.735375
vt -0.062267 -0.737449
vt 1.023667 -0.824986
vt 1.021959 -0.722013
vt -0.091081 -0.858490
vt 0.981621 -0.848392
vt 1.005165 -0.760576
vt 0.954550 -0.830667
vt 0.964470 -0.740134
vt 0.016663 -0.820570
vt 0.419723 -0.850402
vt 0.933655 -0.850402
vt 0.690446 0.952374
vt 0.336128 0.604578
vt -0.102843 0.604578
vt 0.497157 0.690446
vt 0.447006 0.809598
vt 0.447007 1.225466
vt -0.423812 1.225466
vt 0.893129 0.863684
vt 0.861554 0.857532
vt 0.449604 0.851379
vt 0.449604 0.863684
vt 0.474071 0.863684
vt -0.032984 0.857532
vt -0.054779 0.863684
vt -0.054779 0.851379
vt 0.893129 1.023684
vt 0.861554 1.017532
vt 0.449604 1.023684
vt 0.474071 1.023684
vt -0.032984 1.017532
vt -0.054779 1.023684
vt -0.054779 1.011379
vt 0.894340 1.177532
vt 0.861554 1.177532
vt 0.449604 1.171379
vt 0.449604 1.183684
vt 0.474071 1.171379
vt -0.054779 1.171379
vt 0.417578 1.326147
vt -0.297570 1.369132
vt -0.111786 1.326780
vt -0.085416 1.193480
vt 1.005312 1.169598
vt 1.085437 0.825532
vt 0.578483 0.885532
vt 0.500416 0.885532
vt 0.907848 0.825532
vt 1.081663 0.885532
vt 0.907456 1.011532
vt 0.603599 1.011532
vt 0.816964 1.011532
vt 0.855545 1.042624
vt 0.931117 0.690545
vt 0.983627 0.695532
vt 0.906288 1.071786
vt 0.855545 1.028440
vt 0.980661 0.986547
vt 0.867831 0.848272
vt 0.884526 1.075166
vt 0.795363 1.091230
vt 0.638561 1.193633
vt 0.625107 1.296952
vt 0.618401 1.235807
vt 1.374154 1.241449
vt 1.149599 0.630614
vt 1.162724 0.590057
vt 1.204162 0.620564
vt 1.191037 0.649085
vt 0.570225 1.009155
vt 1.159252 1.012551
vt 1.366828 0.582389
vt 1.398276 0.599020
vt 1.459170 1.048172
vt 0.551758 1.080226
vt 0.663684 0.979597
vt 0.664001 1.395466
vt 0.649284 0.979597
vt 0.649601 1.395466
vt 0.672521 -0.360868
vt 0.166869 -0.308868
vt 0.248777 -0.308868
vt 0.502502 -0.360868
vt 0.652037 -0.308868
vt 0.096055 -0.199668
vt 0.159831 -0.199668
vt 0.619016 -0.199668
vt 0.615151 -0.172722
vt -0.010189 0.473427
vt 0.034374 0.478414
vt 0.619070 -0.181039
vt 0.555691 -0.141645
vt -0.048577 0.464869
vt -0.076996 -0.143160
vt -0.009045 -0.131235
vt 0.646855 0.408962
vt 0.832456 0.410166
vt 0.916789 -0.302959
vt 0.233195 -0.244566
vt 0.958557 -0.211116
vt 0.444377 -0.206142
vt 0.720893 -0.234749
vt 0.613086 -0.225973
vt 1.489210 -0.837643
vt 1.017300 -0.717298
vt -0.111777 -0.852893
vt 0.942965 -0.740461
vt -0.008870 -0.722013
vt -0.133442 -0.848392
vt 0.059025 -0.830667
vt 0.865971 0.870432
vt -0.036033 0.870432
vt -0.036033 1.030432
vt 0.471487 1.190431
vt -0.036033 1.190431
vt 0.689662 0.945532
vt 0.922368 0.945532
vt 0.605362 0.945532
vt 1.070917 0.945532
vt 0.743198 1.058032
vt 0.915995 1.058032
vt 0.677365 1.058032
vt 1.036500 1.058032
vt 0.908526 0.836245
vt 0.886293 0.787376
vt 0.894014 0.731804
vt 1.025412 0.787376
vt 1.003178 0.836245
vt 0.835887 1.074854
vt 0.927653 0.974680
vt 0.879642 1.002039
vt 0.958559 1.091198
vt 1.248257 0.596172
vt 1.149599 1.263675
vt 0.600071 1.012551
vt 0.544340 1.024397
vt 0.550834 1.054950
vt 0.606565 1.043104
vt 1.252830 1.023254
vt 1.400912 0.538239
vt 1.470588 0.584549
vt 1.417461 0.556462
vt 0.072359 -0.256868
vt 0.531066 -0.256868
vt 0.160926 -0.256868
vt 0.643958 -0.256868
vt 0.029025 -0.159368
vt 0.519642 -0.159368
vt 0.098191 -0.159368
vt 0.612527 -0.159368
vt -0.029936 0.598658
vt -0.042337 0.509410
vt 0.070081 0.556898
vt 0.051082 0.598658
vt 0.063483 0.509410
vt 0.517804 -0.230804
vt 0.545479 -0.131267
vt 0.943574 -0.738214
s 0
usemtl darkstone
f 137/69/113 141/70/113 143/71/113
f 138/72/114 141/73/114 140/74/114
f 139/75/115 141/73/115 142/76/115
f 144/77/116 148/78/116 150/79/116
f 145/69/117 148/70/117 147/80/117
f 146/81/118 148/78/118 149/82/118
f 151/83/119 155/84/119 157/85/119
f 152/86/120 155/87/120 154/88/120
f 153/89/121 155/87/121 156/90/121
f 158/83/122 162/84/122 164/91/122
f 159/92/123 162/93/123 161/94/123
f 160/95/124 162/93/124 163/96/124
f 165/97/125 169/98/125 171/99/125
f 166/100/126 169/101/126 168/102/126
f 167/103/127 169/101/127 170/104/127
f 172/97/128 176/98/128 178/105/128
f 173/106/129 176/107/129 175/108/129
f 174/109/130 176/107/130 177/110/130
f 179/111/131 183/112/131 185/113/131
f 180/114/132 183/115/132 182/116/132
f 181/117/133 183/115/133 184/118/133
f 186/111/134 190/112/134 192/119/134
f 187/120/135 190/121/135 189/122/135
f 188/123/136 190/121/136 191/124/136
f 193/125/137 197/126/137 199/127/137
f 194/128/138 197/129/138 196/130/138
f 195/131/139 197/132/139 198/133/139
f 200/134/140 204/135/140 206/136/140
f 201/125/141 204/126/141 203/137/141
f 202/138/142 204/139/142 205/140/142
f 207/141/143 211/142/143 213/143/143
f 208/144/144 211/145/144 210/146/144
f 209/147/145 211/148/145 212/149/145
f 214/141/146 218/150/146 220/151/146
f 215/152/147 218/153/147 217/154/147
f 216/155/148 218/156/148 219/157/148
f 221/158/149 225/159/149 227/160/149
f 222/161/150 225/162/150 224/163/150
f 223/164/151 225/165/151 226/166/151
f 228/158/152 232/159/152 234/167/152
f 229/168/153 232/169/153 231/170/153
f 230/171/154 232/172/154 233/173/154
f 235/174/155 239/175/155 241/176/155
f 236/177/156 239/178/156 238/179/156
f 237/180/157 239/181/157 240/182/157
f 242/174/158 246/175/158 248/183/158
f 243/184/159 246/185/159 245/186/159
f 244/187/160 246/188/160 247/189/160
f 249/190/161 253/191/161 255/192/161
f 250/193/162 253/194/162 252/195/162
f 251/196/163 253/197/163 254/198/163
f 256/199/164 260/200/164 262/201/164
f 257/190/165 260/191/165 259/202/165
f 258/203/166 260/204/166 261/205/166
f 263/206/167 267/207/167 269/208/167
f 264/209/168 267/210/168 266/211/168
f 265/212/169 267/213/169 268/214/169
f 270/206/170 274/215/170 276/216/170
f 271/217/171 274/218/171 273/219/171
f 272/220/172 274/221/172 275/222/172
f 277/223/173 281/224/173 283/225/173
f 278/226/174 281/227/174 280/228/174
f 279/229/175 281/230/175 282/231/175
f 284/223/176 288/232/176 290/233/176
f 285/234/177 288/235/177 287/236/177
f 286/237/178 288/238/178 289/239/178
f 291/240/179 295/241/179 297/242/179
f 292/243/180 295/244/180 294/245/180
f 293/246/181 295/247/181 296/248/181
f 298/240/182 302/249/182 304/250/182
f 299/251/183 302/252/183 301/253/183
f 300/254/184 302/255/184 303/256/184
f 137/69/1286 154/91/1286 151/83/1286
f 143/3330/1287 152/86/1287 154/88/1287
f 144/77/1288 142/76/1288 138/72/1288
f 150/79/1289 139/75/1289 142/76/1289
f 145/69/1290 164/91/1290 149/71/1290
f 164/3331/1291 146/3332/1291 149/3333/1291
f 153/89/1292 163/96/1292 159/92/1292
f 163/96/1293 152/86/1293 160/95/1293
f 151/83/1294 182/119/1294 179/111/1294
f 182/116/1295 153/3334/1295 180/114/1295
f 186/111/1296 161/85/1296 158/83/1296
f 161/3335/1297 188/123/1297 159/3336/1297
f 181/117/1298 191/124/1298 187/120/1298
f 191/124/1299 180/114/1299 188/123/1299
f 179/111/1300 168/105/1300 165/97/1300
f 185/3337/1301 166/100/1301 168/102/1301
f 186/111/1302 178/105/1302 189/113/1302
f 178/3338/1303 187/3339/1303 189/3340/1303
f 167/103/1304 177/110/1304 173/106/1304
f 177/110/1305 166/100/1305 174/109/1305
f 165/97/1306 140/80/1306 137/69/1306
f 140/74/1307 167/3341/1307 138/72/1307
f 145/69/1308 175/99/1308 172/97/1308
f 175/3342/1309 144/77/1309 173/3343/1309
f 193/125/1310 210/3344/1310 207/141/1310
f 199/3345/1311 208/144/1311 210/146/1311
f 200/134/1312 198/3346/1312 194/128/1312
f 206/3347/1313 195/131/1313 198/133/1313
f 214/141/1314 205/127/1314 201/125/1314
f 205/140/1315 216/155/1315 202/138/1315
f 209/147/1316 219/3348/1316 215/152/1316
f 212/3349/1317 216/155/1317 219/157/1317
f 207/141/1318 238/3350/1318 235/174/1318
f 213/3351/1319 236/177/1319 238/179/1319
f 214/141/1320 248/183/1320 217/3352/1320
f 217/154/1321 244/187/1321 215/152/1321
f 237/180/1322 247/3353/1322 243/184/1322
f 247/189/1323 236/177/1323 244/187/1323
f 235/174/1324 224/167/1324 221/158/1324
f 224/163/1325 237/180/1325 222/161/1325
f 228/158/1326 245/3354/1326 242/174/1326
f 234/3355/1327 243/184/1327 245/186/1327
f 223/164/1328 233/3356/1328 229/168/1328
f 233/173/1329 222/161/1329 230/171/1329
f 221/158/1330 196/137/1330 193/125/1330
f 227/3357/1331 194/128/1331 196/130/1331
f 201/125/1332 231/160/1332 228/158/1332
f 231/170/1333 200/134/1333 229/168/1333
f 249/190/1334 266/3358/1334 263/206/1334
f 255/3359/1335 264/209/1335 266/211/1335
f 256/199/1336 254/3360/1336 250/193/1336
f 262/3361/1337 251/196/1337 254/198/1337
f 270/206/1338 261/192/1338 257/190/1338
f 276/3362/1339 258/203/1339 261/205/1339
f 265/212/1340 275/3363/1340 271/217/1340
f 275/222/1341 264/209/1341 272/220/1341
f 263/206/1342 294/3364/1342 291/240/1342
f 269/3365/1343 292/243/1343 294/245/1343
f 298/240/1344 273/208/1344 270/206/1344
f 304/3366/1345 271/217/1345 273/219/1345
f 293/246/1346 303/3367/1346 299/251/1346
f 303/256/1347 292/243/1347 300/254/1347
f 277/223/1348 297/242/1348 280/3368/1348
f 297/3369/1349 278/226/1349 280/228/1349
f 298/240/1350 290/233/1350 301/3370/1350
f 290/3371/1351 299/251/1351 301/253/1351
f 279/229/1352 289/3372/1352 285/234/1352
f 289/239/1353 278/226/1353 286/237/1353
f 249/190/1354 283/225/1354 252/202/1354
f 283/3373/1355 250/193/1355 252/195/1355
f 257/190/1356 287/3374/1356 284/223/1356
f 287/236/1357 256/199/1357 285/234/1357
f 179/111/2840 137/69/2840 151/83/2840
f 146/3332/2841 152/86/2841 139/4900/2841
f 173/3343/2842 138/72/2842 167/3341/2842
f 158/83/2843 172/97/2843 186/111/2843
f 159/3336/2844 180/114/2844 153/3334/2844
f 187/3339/2845 166/100/2845 181/4901/2845
f 207/141/2840 221/158/2840 193/125/2840
f 202/138/2846 208/144/2846 195/131/2846
f 229/168/2847 194/128/2847 223/164/2847
f 214/141/2843 228/158/2843 242/174/2843
f 215/152/2848 236/177/2848 209/147/2848
f 243/184/2849 222/161/2849 237/180/2849
f 291/240/2840 249/190/2840 263/206/2840
f 258/203/2850 264/209/2850 251/196/2850
f 285/234/2851 250/193/2851 279/229/2851
f 270/206/2843 284/223/2843 298/240/2843
f 271/217/2852 292/243/2852 265/212/2852
f 299/251/2853 278/226/2853 293/246/2853
f 137/69/3302 140/80/3302 141/70/3302
f 138/72/3303 142/76/3303 141/73/3303
f 139/75/3304 143/5236/3304 141/73/3304
f 144/77/3305 147/5237/3305 148/78/3305
f 145/69/3306 149/71/3306 148/70/3306
f 146/81/3307 150/79/3307 148/78/3307
f 151/83/3308 154/91/3308 155/84/3308
f 152/86/3309 156/90/3309 155/87/3309
f 153/89/3310 157/5238/3310 155/87/3310
f 158/83/3311 161/85/3311 162/84/3311
f 159/92/3312 163/96/3312 162/93/3312
f 160/95/3313 164/3331/3313 162/93/3313
f 165/97/3314 168/105/3314 169/98/3314
f 166/100/3315 170/104/3315 169/101/3315
f 167/103/3316 171/5239/3316 169/101/3316
f 172/97/3317 175/99/3317 176/98/3317
f 173/106/3318 177/110/3318 176/107/3318
f 174/109/3319 178/3338/3319 176/107/3319
f 179/111/3320 182/119/3320 183/112/3320
f 180/114/3321 184/118/3321 183/115/3321
f 181/117/3322 185/5240/3322 183/115/3322
f 186/111/3323 189/113/3323 190/112/3323
f 187/120/3324 191/124/3324 190/121/3324
f 188/123/3325 192/5241/3325 190/121/3325
f 193/125/3326 196/137/3326 197/126/3326
f 194/128/3327 198/3346/3327 197/129/3327
f 195/131/3328 199/3345/3328 197/132/3328
f 200/134/3329 203/5242/3329 204/135/3329
f 201/125/3330 205/127/3330 204/126/3330
f 202/138/3331 206/3347/3331 204/139/3331
f 207/141/3332 210/3344/3332 211/142/3332
f 208/144/3333 212/3349/3333 211/145/3333
f 209/147/3334 213/3351/3334 211/148/3334
f 214/141/3335 217/3352/3335 218/150/3335
f 215/152/3336 219/3348/3336 218/153/3336
f 216/155/3337 220/5243/3337 218/156/3337
f 221/158/3338 224/167/3338 225/159/3338
f 222/161/3339 226/5244/3339 225/162/3339
f 223/164/3340 227/3357/3340 225/165/3340
f 228/158/3341 231/160/3341 232/159/3341
f 229/168/3342 233/3356/3342 232/169/3342
f 230/171/3343 234/3355/3343 232/172/3343
f 235/174/3344 238/3350/3344 239/175/3344
f 236/177/3345 240/5245/3345 239/178/3345
f 237/180/3346 241/5246/3346 239/181/3346
f 242/174/3347 245/3354/3347 246/175/3347
f 243/184/3348 247/3353/3348 246/185/3348
f 244/187/3349 248/5247/3349 246/188/3349
f 249/190/3350 252/202/3350 253/191/3350
f 250/193/3351 254/3360/3351 253/194/3351
f 251/196/3352 255/3359/3352 253/197/3352
f 256/199/3353 259/5248/3353 260/200/3353
f 257/190/3354 261/192/3354 260/191/3354
f 258/203/3355 262/3361/3355 260/204/3355
f 263/206/3356 266/3358/3356 267/207/3356
f 264/209/3357 268/5249/3357 267/210/3357
f 265/212/3358 269/3365/3358 267/213/3358
f 270/206/3359 273/208/3359 274/215/3359
f 271/217/3360 275/3363/3360 274/218/3360
f 272/220/3361 276/3362/3361 274/221/3361
f 277/223/3362 280/3368/3362 281/224/3362
f 278/226/3363 282/5250/3363 281/227/3363
f 279/229/3364 283/3373/3364 281/230/3364
f 284/223/3365 287/3374/3365 288/232/3365
f 285/234/3366 289/3372/3366 288/235/3366
f 286/237/3367 290/3371/3367 288/238/3367
f 291/240/3368 294/3364/3368 295/241/3368
f 292/243/3369 296/5251/3369 295/244/3369
f 293/246/3370 297/3369/3370 295/247/3370
f 298/240/3371 301/3370/3371 302/249/3371
f 299/251/3372 303/3367/3372 302/252/3372
f 300/254/3373 304/3366/3373 302/255/3373
f 137/69/1286 143/71/1286 154/91/1286
f 143/3330/1287 139/4900/1287 152/86/1287
f 144/77/1288 150/79/1288 142/76/1288
f 150/79/1289 146/81/1289 139/75/1289
f 145/69/1290 158/83/1290 164/91/1290
f 164/3331/1291 160/95/1291 146/3332/1291
f 153/89/1292 156/90/1292 163/96/1292
f 163/96/1293 156/90/1293 152/86/1293
f 151/83/1294 157/85/1294 182/119/1294
f 182/116/1295 157/5551/1295 153/3334/1295
f 186/111/1296 192/119/1296 161/85/1296
f 161/3335/1297 192/5241/1297 188/123/1297
f 181/117/1298 184/118/1298 191/124/1298
f 191/124/1299 184/118/1299 180/114/1299
f 179/111/1300 185/113/1300 168/105/1300
f 185/3337/1301 181/4901/1301 166/100/1301
f 186/111/1302 172/97/1302 178/105/1302
f 178/3338/1303 174/109/1303 187/3339/1303
f 167/103/1304 170/104/1304 177/110/1304
f 177/110/1305 170/104/1305 166/100/1305
f 165/97/1306 171/99/1306 140/80/1306
f 140/74/1307 171/5552/1307 167/3341/1307
f 145/69/1308 147/80/1308 175/99/1308
f 175/3342/1309 147/5237/1309 144/77/1309
f 193/125/1310 199/127/1310 210/3344/1310
f 199/3345/1311 195/131/1311 208/144/1311
f 200/134/1312 206/136/1312 198/3346/1312
f 206/3347/1313 202/138/1313 195/131/1313
f 214/141/4411 220/151/4411 205/127/4411
f 205/140/4412 220/5243/4412 216/155/4412
f 209/147/1316 212/149/1316 219/3348/1316
f 212/3349/1317 208/144/1317 216/155/1317
f 207/141/1318 213/143/1318 238/3350/1318
f 213/3351/1319 209/147/1319 236/177/1319
f 214/141/4413 242/174/4413 248/183/4413
f 217/154/1321 248/5247/1321 244/187/1321
f 237/180/1322 240/182/1322 247/3353/1322
f 247/189/4414 240/5245/4414 236/177/4414
f 235/174/4415 241/176/4415 224/167/4415
f 224/163/4416 241/5246/4416 237/180/4416
f 228/158/4417 234/167/4417 245/3354/4417
f 234/3355/1327 230/171/1327 243/184/1327
f 223/164/1328 226/166/1328 233/3356/1328
f 233/173/1329 226/5244/1329 222/161/1329
f 221/158/1330 227/160/1330 196/137/1330
f 227/3357/1331 223/164/1331 194/128/1331
f 201/125/4418 203/137/4418 231/160/4418
f 231/170/1333 203/5242/1333 200/134/1333
f 249/190/1334 255/192/1334 266/3358/1334
f 255/3359/1335 251/196/1335 264/209/1335
f 256/199/1336 262/201/1336 254/3360/1336
f 262/3361/1337 258/203/1337 251/196/1337
f 270/206/1338 276/216/1338 261/192/1338
f 276/3362/1339 272/220/1339 258/203/1339
f 265/212/1340 268/214/1340 275/3363/1340
f 275/222/1341 268/5249/1341 264/209/1341
f 263/206/1342 269/208/1342 294/3364/1342
f 269/3365/1343 265/212/1343 292/243/1343
f 298/240/1344 304/250/1344 273/208/1344
f 304/3366/1345 300/254/1345 271/217/1345
f 293/246/1346 296/248/1346 303/3367/1346
f 303/256/1347 296/5251/1347 292/243/1347
f 277/223/1348 291/240/1348 297/242/1348
f 297/3369/1349 293/246/1349 278/226/1349
f 298/240/4419 284/223/4419 290/233/4419
f 290/3371/4420 286/237/4420 299/251/4420
f 279/229/1352 282/231/1352 289/3372/1352
f 289/239/1353 282/5250/1353 278/226/1353
f 249/190/1354 277/223/1354 283/225/1354
f 283/3373/1355 279/229/1355 250/193/1355
f 257/190/1356 259/202/1356 287/3374/1356
f 287/236/1357 259/5248/1357 256/199/1357
f 179/111/2840 165/97/2840 137/69/2840
f 146/3332/2841 160/95/2841 152/86/2841
f 173/3343/2842 144/77/2842 138/72/2842
f 158/83/2843 145/69/2843 172/97/2843
f 159/3336/2844 188/123/2844 180/114/2844
f 187/3339/2845 174/109/2845 166/100/2845
f 207/141/2840 235/174/2840 221/158/2840
f 202/138/2846 216/155/2846 208/144/2846
f 229/168/2847 200/134/2847 194/128/2847
f 214/141/2843 201/125/2843 228/158/2843
f 215/152/2848 244/187/2848 236/177/2848
f 243/184/2849 230/171/2849 222/161/2849
f 291/240/2840 277/223/2840 249/190/2840
f 258/203/2850 272/220/2850 264/209/2850
f 285/234/2851 256/199/2851 250/193/2851
f 270/206/2843 257/190/2843 284/223/2843
f 271/217/2852 300/254/2852 292/243/2852
f 299/251/2853 286/237/2853 278/226/2853
usemtl timber
f 305/257/185 309/258/185 311/259/185
f 306/260/186 309/261/186 308/262/186
f 307/263/187 309/264/187 310/265/187
f 312/266/188 316/267/188 318/268/188
f 313/269/189 316/270/189 315/271/189
f 314/272/190 316/273/190 317/274/190
f 319/275/191 323/276/191 325/277/191
f 320/278/192 323/279/192 322/280/192
f 321/260/193 323/261/193 324/281/193
f 326/282/194 330/283/194 332/284/194
f 327/266/195 330/267/195 329/285/195
f 328/286/196 330/287/196 331/288/196
f 333/289/197 337/290/197 339/291/197
f 334/292/198 337/293/198 336/294/198
f 335/295/199 337/296/199 338/297/199
f 340/298/200 344/299/200 346/300/200
f 341/301/201 344/302/201 343/303/201
f 342/304/202 344/305/202 345/306/202
f 347/307/203 351/308/203 353/309/203
f 348/295/204 351/296/204 350/310/204
f 349/311/205 351/312/205 352/313/205
f 354/314/206 358/315/206 360/316/206
f 355/317/207 358/318/207 357/319/207
f 356/301/208 358/302/208 359/320/208
f 361/321/209 365/322/209 367/323/209
f 362/324/210 365/325/210 364/326/210
f 363/327/211 365/328/211 366/329/211
f 368/330/212 372/331/212 374/332/212
f 369/333/213 372/334/213 371/335/213
f 370/336/214 372/337/214 373/338/214
f 375/339/215 379/340/215 381/341/215
f 376/342/216 379/343/216 378/344/216
f 377/324/217 379/325/217 380/345/217
f 382/346/218 386/347/218 388/348/218
f 383/349/219 386/350/219 385/351/219
f 384/352/220 386/353/220 387/354/220
f 389/355/221 393/356/221 395/357/221
f 390/358/222 393/359/222 392/360/222
f 391/361/223 393/362/223 394/363/223
f 396/364/224 400/365/224 402/366/224
f 397/367/225 400/368/225 399/369/225
f 398/370/226 400/371/226 401/372/226
f 403/373/227 407/374/227 409/375/227
f 404/361/228 407/362/228 406/376/228
f 405/377/229 407/378/229 408/379/229
f 410/380/230 414/381/230 416/382/230
f 411/383/231 414/384/231 413/385/231
f 412/367/232 414/368/232 415/386/232
f 529/499/268 533/500/268 535/501/268
f 530/502/269 533/503/269 532/504/269
f 531/505/270 533/506/270 534/507/270
f 536/508/271 540/509/271 542/510/271
f 537/511/272 540/512/272 539/513/272
f 538/514/273 540/515/273 541/516/273
f 543/517/274 547/518/274 549/519/274
f 544/520/275 547/521/275 546/522/275
f 545/502/276 547/503/276 548/523/276
f 550/524/277 554/525/277 556/526/277
f 551/527/278 554/528/278 553/529/278
f 552/530/279 554/531/279 555/532/279
f 557/533/280 561/534/280 563/535/280
f 558/536/281 561/537/281 560/538/281
f 559/539/282 561/540/282 562/541/282
f 564/542/283 568/543/283 570/544/283
f 565/545/284 568/546/284 567/547/284
f 566/548/285 568/549/285 569/550/285
f 571/551/286 575/552/286 577/553/286
f 572/539/287 575/554/287 574/555/287
f 573/556/288 575/557/288 576/558/288
f 578/559/289 582/560/289 584/561/289
f 579/562/290 582/563/290 581/564/290
f 580/545/291 582/546/291 583/565/291
f 585/566/292 589/567/292 591/568/292
f 586/569/293 589/570/293 588/571/293
f 587/572/294 589/567/294 590/573/294
f 592/574/295 596/575/295 598/576/295
f 593/577/296 596/578/296 595/579/296
f 594/580/297 596/578/297 597/581/297
f 599/582/298 603/583/298 605/584/298
f 600/585/299 603/583/299 602/586/299
f 601/587/300 603/588/300 604/589/300
f 606/590/301 610/591/301 612/592/301
f 607/574/302 610/575/302 609/593/302
f 608/594/303 610/591/303 611/595/303
f 613/596/304 617/597/304 619/598/304
f 614/599/305 617/597/305 616/600/305
f 615/601/306 617/602/306 618/603/306
f 620/604/307 624/605/307 626/606/307
f 621/607/308 624/608/308 623/609/308
f 622/610/309 624/605/309 625/611/309
f 627/612/310 631/613/310 633/614/310
f 628/601/311 631/615/311 630/616/311
f 629/617/312 631/613/312 632/618/312
f 634/619/313 638/620/313 640/621/313
f 635/622/314 638/620/314 637/623/314
f 636/607/315 638/608/315 639/624/315
f 641/596/316 645/597/316 647/600/316
f 642/625/317 645/626/317 644/627/317
f 643/599/318 645/597/318 646/628/318
f 648/629/319 652/630/319 654/631/319
f 649/632/320 652/633/320 651/634/320
f 650/635/321 652/633/321 653/636/321
f 655/612/322 659/637/322 661/638/322
f 656/617/323 659/637/323 658/614/323
f 657/625/324 659/626/324 660/639/324
f 662/640/325 666/641/325 668/642/325
f 663/629/326 666/630/326 665/643/326
f 664/644/327 666/641/327 667/645/327
f 669/646/328 673/647/328 675/648/328
f 670/649/329 673/647/329 672/650/329
f 671/651/330 673/652/330 674/653/330
f 676/577/331 680/578/331 682/581/331
f 677/654/332 680/655/332 679/656/332
f 678/580/333 680/578/333 681/657/333
f 683/658/334 687/659/334 689/660/334
f 684/651/335 687/652/335 686/661/335
f 685/662/336 687/659/336 688/663/336
f 690/590/337 694/664/337 696/665/337
f 691/594/338 694/664/338 693/592/338
f 692/654/339 694/655/339 695/666/339
f 2765/1795/745 2769/1796/745 2771/1797/745
f 2766/1798/746 2769/1799/746 2768/1800/746
f 2767/1801/747 2769/1802/747 2770/1803/747
f 2772/1804/748 2776/1805/748 2778/1806/748
f 2773/1807/749 2776/1808/749 2775/1809/749
f 2774/1810/750 2776/1811/750 2777/1812/750
f 2779/1813/751 2783/1814/751 2785/1815/751
f 2780/1816/752 2783/1817/752 2782/1818/752
f 2781/1819/753 2783/1820/753 2784/1821/753
f 2786/1822/754 2790/1823/754 2792/1824/754
f 2787/1825/755 2790/1826/755 2789/1827/755
f 2788/1828/756 2790/1829/756 2791/1830/756
f 2793/1831/757 2797/1832/757 2799/1833/757
f 2794/1834/758 2797/1835/758 2796/1836/758
f 2795/1837/759 2797/1838/759 2798/1839/759
f 2800/1840/760 2804/1841/760 2806/1842/760
f 2801/1843/761 2804/1844/761 2803/1845/761
f 2802/1846/762 2804/1847/762 2805/1848/762
f 2807/1849/763 2811/1850/763 2813/1851/763
f 2808/1852/764 2811/1853/764 2810/1854/764
f 2809/1855/765 2811/1856/765 2812/1857/765
f 2814/1858/766 2818/1859/766 2820/1860/766
f 2815/1861/767 2818/1862/767 2817/1863/767
f 2816/1864/768 2818/1865/768 2819/1866/768
f 2821/1867/769 2825/1868/769 2827/1869/769
f 2822/1870/770 2825/1871/770 2824/1872/770
f 2823/1873/771 2825/1874/771 2826/1875/771
f 2828/1876/772 2832/1877/772 2834/1878/772
f 2829/1879/773 2832/1880/773 2831/1881/773
f 2830/1882/774 2832/1883/774 2833/1884/774
f 2835/1885/775 2839/1886/775 2841/1887/775
f 2836/1888/776 2839/1889/776 2838/1890/776
f 2837/1891/777 2839/1892/777 2840/1893/777
f 2842/1894/778 2846/1895/778 2848/1896/778
f 2843/1897/779 2846/1898/779 2845/1899/779
f 2844/1900/780 2846/1901/780 2847/1902/780
f 2849/1903/781 2853/1904/781 2855/1905/781
f 2850/1906/782 2853/1907/782 2852/1908/782
f 2851/1909/783 2853/1910/783 2854/1911/783
f 2856/1912/784 2860/1913/784 2862/1914/784
f 2857/1915/785 2860/1916/785 2859/1917/785
f 2858/1918/786 2860/1919/786 2861/1920/786
f 2863/1921/787 2867/1922/787 2869/1923/787
f 2864/1924/788 2867/1925/788 2866/1926/788
f 2865/1927/789 2867/1928/789 2868/1929/789
f 2870/1930/790 2874/1931/790 2876/1932/790
f 2871/1933/791 2874/1934/791 2873/1935/791
f 2872/1936/792 2874/1937/792 2875/1938/792
f 2877/1939/793 2881/1940/793 2883/1941/793
f 2878/1942/794 2881/1943/794 2880/1944/794
f 2879/1945/795 2881/1946/795 2882/1947/795
f 2884/1948/796 2888/1949/796 2890/1950/796
f 2885/1951/797 2888/1952/797 2887/1953/797
f 2886/1954/798 2888/1955/798 2889/1956/798
f 2891/1957/799 2895/1958/799 2897/1959/799
f 2892/1960/800 2895/1961/800 2894/1962/800
f 2893/1963/801 2895/1964/801 2896/1965/801
f 2898/1966/802 2902/1967/802 2904/1968/802
f 2899/1948/803 2902/1949/803 2901/1969/803
f 2900/1970/804 2902/1971/804 2903/1972/804
f 2905/1973/805 2909/1974/805 2911/1975/805
f 2906/1976/806 2909/1977/806 2908/1978/806
f 2907/1979/807 2909/1980/807 2910/1981/807
f 2912/1982/808 2916/1983/808 2918/1984/808
f 2913/1985/809 2916/1986/809 2915/1987/809
f 2914/1988/810 2916/1989/810 2917/1990/810
f 2919/1991/811 2923/1992/811 2925/1993/811
f 2920/1979/812 2923/1980/812 2922/1994/812
f 2921/1995/813 2923/1996/813 2924/1997/813
f 2926/1998/814 2930/1999/814 2932/2000/814
f 2927/2001/815 2930/2002/815 2929/2003/815
f 2928/2004/816 2930/2005/816 2931/2006/816
f 2933/2007/817 2937/2008/817 2939/2009/817
f 2934/2010/818 2937/2011/818 2936/2012/818
f 2935/2013/819 2937/2014/819 2938/2015/819
f 2940/2016/820 2944/2017/820 2946/2018/820
f 2941/2019/821 2944/2020/821 2943/2021/821
f 2942/2022/822 2944/2023/822 2945/2024/822
f 2947/2025/823 2951/2026/823 2953/2027/823
f 2948/2028/824 2951/2029/824 2950/2030/824
f 2949/2010/825 2951/2011/825 2952/2031/825
f 2954/2032/826 2958/2033/826 2960/2034/826
f 2955/2035/827 2958/2036/827 2957/2037/827
f 2956/2038/828 2958/2039/828 2959/2040/828
f 2961/2041/829 2965/2042/829 2967/2043/829
f 2962/2044/830 2965/2045/830 2964/2046/830
f 2963/2047/831 2965/2048/831 2966/2049/831
f 2968/2050/832 2972/2051/832 2974/2052/832
f 2969/2053/833 2972/2054/833 2971/2055/833
f 2970/2056/834 2972/2057/834 2973/2058/834
f 2975/2059/835 2979/2060/835 2981/2061/835
f 2976/2062/836 2979/2048/836 2978/2063/836
f 2977/2064/837 2979/2065/837 2980/2066/837
f 2982/2067/838 2986/2068/838 2988/2069/838
f 2983/2070/839 2986/2071/839 2985/2072/839
f 2984/2053/840 2986/2054/840 2987/2073/840
f 3441/2497/986 3445/2498/986 3447/2499/986
f 3446/2500/987 3444/2501/987 3442/2502/987
f 3447/2503/988 3446/2500/988 3443/2504/988
f 3448/2505/989 3452/2506/989 3454/2507/989
f 3453/2508/990 3451/2509/990 3449/2510/990
f 3454/2511/991 3453/2508/991 3450/2512/991
f 3455/2513/992 3459/2514/992 3461/2515/992
f 3460/2516/993 3458/2517/993 3456/2518/993
f 3461/2519/994 3460/2520/994 3457/2521/994
f 3462/2522/995 3466/2523/995 3468/2524/995
f 3467/2525/996 3465/2526/996 3463/2527/996
f 3468/2528/997 3467/2529/997 3464/2530/997
f 3469/2531/998 3473/2532/998 3475/2533/998
f 3474/2534/999 3472/2535/999 3470/2536/999
f 3475/2537/1000 3474/2534/1000 3471/2538/1000
f 3476/2539/1001 3480/2540/1001 3482/2541/1001
f 3481/2542/1002 3479/2543/1002 3477/2544/1002
f 3482/2545/1003 3481/2542/1003 3478/2546/1003
f 3483/2547/1004 3487/2548/1004 3489/2549/1004
f 3488/2550/1005 3486/2551/1005 3484/2552/1005
f 3489/2553/1006 3488/2550/1006 3485/2554/1006
f 3490/2555/1007 3494/2556/1007 3496/2557/1007
f 3495/2558/1008 3493/2559/1008 3491/2560/1008
f 3496/2561/1009 3495/2558/1009 3492/2562/1009
f 3497/2563/1010 3501/2564/1010 3503/2565/1010
f 3502/2566/1011 3500/2567/1011 3498/2568/1011
f 3503/2569/1012 3502/2566/1012 3499/2570/1012
f 3504/2571/1013 3508/2572/1013 3510/2573/1013
f 3509/2574/1014 3507/2575/1014 3505/2576/1014
f 3510/2577/1015 3509/2574/1015 3506/2578/1015
f 3511/2579/1016 3515/2580/1016 3517/2581/1016
f 3516/2582/1017 3514/2583/1017 3512/2584/1017
f 3517/2585/1018 3516/2582/1018 3513/2586/1018
f 3518/2587/1019 3522/2588/1019 3524/2589/1019
f 3523/2590/1020 3521/2591/1020 3519/2592/1020
f 3524/2593/1021 3523/2590/1021 3520/2594/1021
f 3525/2595/1022 3529/2596/1022 3531/2597/1022
f 3530/2598/1023 3528/2599/1023 3526/2600/1023
f 3531/2601/1024 3530/2598/1024 3527/2602/1024
f 3532/2603/1025 3536/2604/1025 3538/2605/1025
f 3537/2606/1026 3535/2607/1026 3533/2608/1026
f 3538/2609/1027 3537/2606/1027 3534/2610/1027
f 3539/2611/1028 3543/2612/1028 3545/2613/1028
f 3544/2614/1029 3542/2615/1029 3540/2616/1029
f 3545/2617/1030 3544/2614/1030 3541/2618/1030
f 3546/2619/1031 3550/2620/1031 3552/2621/1031
f 3551/2622/1032 3549/2623/1032 3547/2624/1032
f 3552/2625/1033 3551/2622/1033 3548/2626/1033
f 3553/2627/1034 3557/2628/1034 3559/2629/1034
f 3558/2630/1035 3556/2631/1035 3554/2632/1035
f 3559/2633/1036 3558/2634/1036 3555/2635/1036
f 3560/2636/1037 3564/2637/1037 3566/2638/1037
f 3565/2639/1038 3563/2640/1038 3561/2641/1038
f 3566/2642/1039 3565/2643/1039 3562/2644/1039
f 3567/2645/1040 3571/2646/1040 3573/2647/1040
f 3572/2648/1041 3570/2649/1041 3568/2650/1041
f 3573/2651/1042 3572/2648/1042 3569/2652/1042
f 3574/2653/1043 3578/2654/1043 3580/2655/1043
f 3579/2656/1044 3577/2657/1044 3575/2658/1044
f 3580/2659/1045 3579/2656/1045 3576/2660/1045
f 3581/2661/1046 3585/2662/1046 3587/2663/1046
f 3586/2664/1047 3584/2665/1047 3582/2666/1047
f 3587/2667/1048 3586/2668/1048 3583/2669/1048
f 3588/2670/1049 3592/2671/1049 3594/2672/1049
f 3593/2673/1050 3591/2674/1050 3589/2675/1050
f 3594/2676/1051 3593/2677/1051 3590/2678/1051
f 3595/2679/1052 3599/2680/1052 3601/2681/1052
f 3600/2682/1053 3598/2683/1053 3596/2684/1053
f 3601/2685/1054 3600/2682/1054 3597/2686/1054
f 3602/2687/1055 3606/2688/1055 3608/2689/1055
f 3607/2690/1056 3605/2691/1056 3603/2692/1056
f 3608/2693/1057 3607/2690/1057 3604/2694/1057
f 3609/2695/1058 3613/2696/1058 3615/2697/1058
f 3614/2698/1059 3612/2699/1059 3610/2700/1059
f 3615/2701/1060 3614/2698/1060 3611/2702/1060
f 3616/2703/1061 3620/2704/1061 3622/2705/1061
f 3621/2706/1062 3619/2707/1062 3617/2708/1062
f 3622/2709/1063 3621/2706/1063 3618/2710/1063
f 3623/2711/1064 3627/2712/1064 3629/2713/1064
f 3628/2714/1065 3626/2715/1065 3624/2716/1065
f 3629/2717/1066 3628/2714/1066 3625/2718/1066
f 3630/2719/1067 3634/2720/1067 3636/2721/1067
f 3635/2722/1068 3633/2723/1068 3631/2724/1068
f 3636/2725/1069 3635/2722/1069 3632/2726/1069
f 3637/2727/1070 3641/2728/1070 3643/2729/1070
f 3642/2730/1071 3640/2731/1071 3638/2732/1071
f 3643/2733/1072 3642/2730/1072 3639/2734/1072
f 3644/2735/1073 3648/2736/1073 3650/2737/1073
f 3649/2738/1074 3647/2739/1074 3645/2740/1074
f 3650/2741/1075 3649/2738/1075 3646/2742/1075
f 3651/2743/1076 3655/2744/1076 3657/2745/1076
f 3656/2746/1077 3654/2747/1077 3652/2748/1077
f 3657/2749/1078 3656/2746/1078 3653/2750/1078
f 3658/2751/1079 3662/2752/1079 3664/2753/1079
f 3663/2754/1080 3661/2755/1080 3659/2756/1080
f 3664/2757/1081 3663/2754/1081 3660/2758/1081
f 3665/2759/1082 3669/2760/1082 3671/2761/1082
f 3670/2762/1083 3668/2763/1083 3666/2764/1083
f 3671/2765/1084 3670/2762/1084 3667/2766/1084
f 3672/2767/1085 3676/2768/1085 3678/2769/1085
f 3677/2770/1086 3675/2771/1086 3673/2772/1086
f 3678/2773/1087 3677/2770/1087 3674/2774/1087
f 3679/2775/1088 3683/2776/1088 3685/2777/1088
f 3684/2778/1089 3682/2779/1089 3680/2780/1089
f 3685/2781/1090 3684/2782/1090 3681/2783/1090
f 3686/2784/1091 3690/2785/1091 3692/2786/1091
f 3691/2787/1092 3689/2788/1092 3687/2789/1092
f 3692/2790/1093 3691/2791/1093 3688/2792/1093
f 305/257/1358 322/3375/1358 319/275/1358
f 311/3376/1359 320/278/1359 322/280/1359
f 306/260/1360 318/268/1360 310/281/1360
f 318/3377/1361 307/263/1361 310/265/1361
f 326/282/1362 317/3378/1362 313/269/1362
f 332/3379/1363 314/272/1363 317/274/1363
f 321/260/1364 331/268/1364 327/266/1364
f 331/288/1365 320/278/1365 328/286/1365
f 347/307/1366 325/277/1366 350/3380/1366
f 325/262/1367 348/295/1367 350/310/1367
f 354/314/1368 329/3381/1368 326/282/1368
f 360/3382/1369 327/266/1369 329/285/1369
f 349/311/1370 359/3383/1370 355/317/1370
f 352/3384/1371 356/301/1371 359/320/1371
f 347/307/1372 336/3385/1372 333/289/1372
f 353/3386/1373 334/292/1373 336/294/1373
f 340/298/1374 357/3387/1374 354/314/1374
f 357/319/1375 342/304/1375 355/317/1375
f 341/301/1376 338/297/1376 345/3388/1376
f 338/3389/1377 342/304/1377 345/306/1377
f 305/257/1378 339/291/1378 308/3390/1378
f 308/262/1379 335/295/1379 306/260/1379
f 313/269/1380 343/3391/1380 340/298/1380
f 343/303/1381 312/266/1381 341/301/1381
f 361/321/1382 378/3392/1382 375/339/1382
f 378/344/1383 363/327/1383 376/342/1383
f 368/330/1384 366/345/1384 362/324/1384
f 374/3393/1385 363/327/1385 366/329/1385
f 382/346/1386 373/3394/1386 369/333/1386
f 388/3395/1387 370/336/1387 373/338/1387
f 383/349/1388 380/345/1388 387/3396/1388
f 380/3397/1389 384/352/1389 387/354/1389
f 375/339/1390 406/3398/1390 403/373/1390
f 381/326/1391 404/361/1391 406/376/1391
f 382/346/1392 416/382/1392 385/3399/1392
f 385/351/1393 412/367/1393 383/349/1393
f 405/377/1394 415/3400/1394 411/383/1394
f 408/363/1395 412/367/1395 415/386/1395
f 403/373/1396 392/3401/1396 389/355/1396
f 409/3402/1397 390/358/1397 392/360/1397
f 396/364/1398 413/3403/1398 410/380/1398
f 413/385/1399 398/370/1399 411/383/1399
f 391/361/1400 401/386/1400 397/367/1400
f 394/3404/1401 398/370/1401 401/372/1401
f 389/355/1402 364/3405/1402 361/321/1402
f 395/376/1403 362/324/1403 364/326/1403
f 369/333/1404 399/3406/1404 396/364/1404
f 399/369/1405 368/330/1405 397/367/1405
f 529/499/1432 546/3423/1432 543/517/1432
f 546/522/1433 531/505/1433 544/520/1433
f 536/508/1434 534/523/1434 530/502/1434
f 534/507/1435 538/514/1435 531/505/1435
f 537/511/1436 556/526/1436 541/3424/1436
f 556/3425/1437 538/514/1437 541/516/1437
f 551/527/1438 548/523/1438 555/3426/1438
f 548/3427/1439 552/530/1439 555/532/1439
f 543/517/1440 574/3428/1440 571/551/1440
f 574/555/1441 545/502/1441 572/539/1441
f 578/559/1442 553/3429/1442 550/524/1442
f 553/529/1443 580/545/1443 551/527/1443
f 573/556/1444 583/3430/1444 579/562/1444
f 583/565/1445 572/539/1445 580/545/1445
f 557/533/1446 577/553/1446 560/3431/1446
f 577/3432/1447 558/536/1447 560/538/1447
f 564/542/1448 581/3433/1448 578/559/1448
f 570/3434/1449 579/562/1449 581/564/1449
f 559/539/1450 569/565/1450 565/545/1450
f 569/550/1451 558/536/1451 566/548/1451
f 557/533/1452 532/3435/1452 529/499/1452
f 532/504/1453 559/539/1453 530/502/1453
f 537/511/1454 567/3436/1454 564/542/1454
f 539/3437/1455 565/545/1455 567/547/1455
f 585/566/1456 602/586/1456 599/582/1456
f 602/586/1457 587/572/1457 600/585/1457
f 586/569/1458 598/576/1458 590/3438/1458
f 598/657/1459 587/3439/1459 590/3440/1459
f 606/590/1460 597/581/1460 593/577/1460
f 612/592/1461 594/580/1461 597/581/1461
f 607/574/1462 604/589/1462 611/576/1462
f 611/595/1463 600/3441/1463 608/594/1463
f 599/582/1464 630/3442/1464 627/3443/1464
f 605/3444/1465 628/601/1465 630/616/1465
f 634/619/1466 609/3445/1466 606/3446/1466
f 640/3447/1467 607/574/1467 609/593/1467
f 635/3448/1468 632/618/1468 639/3449/1468
f 632/3450/1469 636/607/1469 639/624/1469
f 627/612/1470 616/600/1470 613/596/1470
f 633/614/1471 614/599/1471 616/600/1471
f 634/619/1472 626/606/1472 637/623/1472
f 626/606/1473 635/622/1473 637/623/1473
f 621/607/1474 618/603/1474 625/624/1474
f 625/3451/1475 614/599/1475 622/3452/1475
f 613/3453/1476 588/3454/1476 585/566/1476
f 588/571/1477 615/601/1477 586/569/1477
f 593/3455/1478 623/3456/1478 620/604/1478
f 623/609/1479 592/574/1479 621/607/1479
f 655/612/1480 647/600/1480 658/614/1480
f 647/600/1481 656/617/1481 658/614/1481
f 648/629/1482 646/3457/1482 642/625/1482
f 654/3451/1483 643/599/1483 646/628/1483
f 662/640/1484 653/636/1484 649/632/1484
f 668/642/1485 650/635/1485 653/636/1485
f 657/625/1486 667/631/1486 663/629/1486
f 667/3458/1487 656/617/1487 664/3448/1487
f 655/3459/1488 686/3460/1488 683/658/1488
f 686/661/1489 657/625/1489 684/651/1489
f 662/640/1490 696/3461/1490 665/3462/1490
f 696/656/1491 663/629/1491 665/643/1491
f 685/3441/1492 695/595/1492 691/594/1492
f 688/653/1493 692/654/1493 695/666/1493
f 683/658/1494 672/650/1494 669/646/1494
f 672/650/1495 685/662/1495 670/649/1495
f 690/590/1496 682/581/1496 693/592/1496
f 682/581/1497 691/594/1497 693/592/1497
f 677/654/1498 674/653/1498 681/3463/1498
f 674/3440/1499 678/580/1499 681/657/1499
f 641/3464/1500 675/648/1500 644/3465/1500
f 675/661/1501 642/625/1501 644/627/1501
f 649/632/1502 679/3466/1502 676/3467/1502
f 679/656/1503 648/629/1503 677/654/1503
f 774/3487/1534 769/3488/1534 768/3489/1534
f 775/3490/1535 767/3491/1535 769/3492/1535
f 771/3493/1536 778/3494/1536 777/3495/1536
f 778/3490/1537 770/3491/1537 776/3496/1537
f 774/3487/1538 781/3497/1538 775/3498/1538
f 781/3499/1539 773/3496/1539 775/3490/1539
f 777/3495/1540 784/3500/1540 783/3501/1540
f 784/3499/1541 776/3496/1541 782/3502/1541
f 786/3503/1542 781/3504/1542 780/3505/1542
f 787/3506/1543 779/3502/1543 781/3499/1543
f 789/3507/1544 784/3508/1544 790/3509/1544
f 784/3499/1545 788/3510/1545 790/3506/1545
f 792/3511/1546 787/3512/1546 786/3503/1546
f 793/3513/1547 785/3510/1547 787/3506/1547
f 795/3514/1548 790/3509/1548 796/3515/1548
f 796/3513/1549 788/3510/1549 794/3516/1549
f 798/3517/1550 793/3518/1550 792/3511/1550
f 793/3513/1551 797/3519/1551 791/3516/1551
f 801/3520/1552 796/3515/1552 802/3521/1552
f 796/3513/1553 800/3519/1553 802/3522/1553
f 804/3523/1554 799/3524/1554 798/3525/1554
f 805/3526/1555 797/3519/1555 799/3522/1555
f 807/3527/1556 802/3528/1556 808/3529/1556
f 808/3526/1557 800/3519/1557 806/3530/1557
f 810/3531/1427 805/3532/1427 804/3523/1427
f 811/3533/1426 803/3530/1426 805/3526/1426
f 813/3534/1429 808/3529/1429 814/3535/1429
f 808/3526/1428 812/3536/1428 814/3533/1428
f 810/3531/1558 817/3537/1558 811/3538/1558
f 817/3539/1559 809/3536/1559 811/3533/1559
f 813/3534/1560 820/3540/1560 819/3541/1560
f 814/3533/1561 818/3542/1561 820/3543/1561
f 816/3517/1562 823/3544/1562 817/3545/1562
f 823/3546/1563 815/3542/1563 817/3539/1563
f 819/3520/1564 826/3547/1564 825/3548/1564
f 826/3546/1565 818/3542/1565 824/3549/1565
f 828/3503/1566 823/3544/1566 822/3550/1566
f 829/3551/1567 821/3549/1567 823/3546/1567
f 831/3507/1568 826/3547/1568 832/3509/1568
f 832/3551/1569 824/3549/1569 830/3552/1569
f 834/3505/1570 829/3512/1570 828/3503/1570
f 829/3551/1571 833/3553/1571 827/3552/1571
f 837/3554/1572 832/3509/1572 838/3508/1572
f 832/3551/1573 836/3553/1573 838/3555/1573
f 840/3556/1574 835/3557/1574 834/3558/1574
f 835/3559/1575 839/3560/1575 833/3553/1575
f 837/3561/1576 844/3562/1576 843/3563/1576
f 838/3555/1577 842/3560/1577 844/3564/1577
f 840/3556/1578 769/3488/1578 841/3565/1578
f 769/3492/1579 839/3560/1579 841/3564/1579
f 843/3563/1580 772/3566/1580 771/3493/1580
f 844/3564/1581 770/3491/1581 772/3492/1581
f 2779/1813/2306 2771/1797/2306 2782/4482/2306
f 2782/1818/2307 2767/1801/2307 2780/1816/2307
f 2766/1798/2308 2778/1806/2308 2770/4483/2308
f 2778/4484/2309 2767/1801/2309 2770/1803/2309
f 2786/1822/2310 2777/4485/2310 2773/1807/2310
f 2777/1812/2311 2788/1828/2311 2774/1810/2311
f 2781/1819/2312 2791/4486/2312 2787/1825/2312
f 2791/1830/2313 2780/1816/2313 2788/1828/2313
f 2807/1849/2314 2785/1815/2314 2810/4487/2314
f 2785/4488/2315 2808/1852/2315 2810/1854/2315
f 2814/1858/2316 2789/4489/2316 2786/1822/2316
f 2789/1827/2317 2816/1864/2317 2787/1825/2317
f 2815/1861/2318 2812/1857/2318 2819/4490/2318
f 2812/4491/2319 2816/1864/2319 2819/1866/2319
f 2807/1849/2320 2796/4492/2320 2793/1831/2320
f 2796/1836/2321 2809/1855/2321 2794/1834/2321
f 2800/1840/2322 2817/4493/2322 2814/1858/2322
f 2817/1863/2323 2802/1846/2323 2815/1861/2323
f 2795/1837/2324 2805/4494/2324 2801/1843/2324
f 2805/1848/2325 2794/1834/2325 2802/1846/2325
f 2765/1795/2326 2799/1833/2326 2768/4495/2326
f 2799/4496/2327 2766/1798/2327 2768/1800/2327
f 2773/1807/2328 2803/4497/2328 2800/1840/2328
f 2775/4498/2329 2801/1843/2329 2803/1845/2329
f 2821/1867/2330 2838/4499/2330 2835/1885/2330
f 2838/1890/2331 2823/1873/2331 2836/1888/2331
f 2822/1870/2332 2834/1878/2332 2826/4500/2332
f 2834/4501/2333 2823/1873/2333 2826/1875/2333
f 2842/1894/2334 2833/4502/2334 2829/1879/2334
f 2848/4503/2335 2830/1882/2335 2833/1884/2335
f 2843/1897/2336 2840/1893/2336 2847/4504/2336
f 2840/4505/2337 2844/1900/2337 2847/1902/2337
f 2863/1921/2338 2841/1887/2338 2866/4506/2338
f 2866/1926/2339 2837/1891/2339 2864/1924/2339
f 2870/1930/2340 2845/4507/2340 2842/1894/2340
f 2876/4508/2341 2843/1897/2341 2845/1899/2341
f 2865/1927/2342 2875/4509/2342 2871/1933/2342
f 2875/1938/2343 2864/1924/2343 2872/1936/2343
f 2849/1903/2344 2869/1923/2344 2852/4510/2344
f 2869/4511/2345 2850/1906/2345 2852/1908/2345
f 2856/1912/2346 2873/4512/2346 2870/1930/2346
f 2862/4513/2347 2871/1933/2347 2873/1935/2347
f 2851/1909/2348 2861/4514/2348 2857/1915/2348
f 2854/4515/2349 2858/1918/2349 2861/1920/2349
f 2849/1903/2350 2824/4516/2350 2821/1867/2350
f 2855/4517/2351 2822/1870/2351 2824/1872/2351
f 2856/1912/2352 2831/1881/2352 2859/4518/2352
f 2859/1917/2353 2828/1876/2353 2857/1915/2353
f 2877/1939/2354 2894/4519/2354 2891/1957/2354
f 2883/4520/2355 2892/1960/2355 2894/1962/2355
f 2884/1948/2356 2882/4521/2356 2878/1942/2356
f 2890/4522/2357 2879/1945/2357 2882/1947/2357
f 2898/1966/2358 2889/4523/2358 2885/1951/2358
f 2904/4524/2359 2886/1954/2359 2889/1956/2359
f 2899/1948/2360 2896/1965/2360 2903/1950/2360
f 2903/1972/2361 2892/1960/2361 2900/1970/2361
f 2891/1957/2362 2922/4525/2362 2919/1991/2362
f 2897/4526/2363 2920/1979/2363 2922/1994/2363
f 2926/1998/2364 2901/4527/2364 2898/1966/2364
f 2901/1969/2365 2928/2004/2365 2899/1948/2365
f 2921/1995/2366 2931/4528/2366 2927/2001/2366
f 2924/1981/2367 2928/2004/2367 2931/2006/2367
f 2919/1991/2368 2908/4529/2368 2905/1973/2368
f 2925/4530/2369 2906/1976/2369 2908/1978/2369
f 2912/1982/2370 2929/4531/2370 2926/1998/2370
f 2929/2003/2371 2914/1988/2371 2927/2001/2371
f 2907/1979/2372 2917/4532/2372 2913/1985/2372
f 2910/4533/2373 2914/1988/2373 2917/1990/2373
f 2905/1973/2374 2880/4534/2374 2877/1939/2374
f 2911/1994/2375 2878/1942/2375 2880/1944/2375
f 2912/1982/2376 2887/1953/2376 2915/4535/2376
f 2887/1969/2377 2913/1985/2377 2915/1987/2377
f 2933/2007/2378 2950/4536/2378 2947/2025/2378
f 2939/4537/2379 2948/2028/2379 2950/2030/2379
f 2940/2016/2380 2938/2031/2380 2934/2010/2380
f 2946/4538/2381 2935/2013/2381 2938/2015/2381
f 2954/2032/2382 2945/4539/2382 2941/2019/2382
f 2960/4540/2383 2942/2022/2383 2945/2024/2383
f 2955/2035/2384 2952/2031/2384 2959/4541/2384
f 2952/4542/2385 2956/2038/2385 2959/2040/2385
f 2947/2025/2386 2978/4543/2386 2975/2059/2386
f 2978/2063/2387 2949/2010/2387 2976/2062/2387
f 2982/2067/2388 2957/4544/2388 2954/2032/2388
f 2957/2037/2389 2984/2053/2389 2955/2035/2389
f 2977/2064/2390 2987/4545/2390 2983/2070/2390
f 2980/4546/2391 2984/2053/2391 2987/2073/2391
f 2975/2059/2392 2964/4547/2392 2961/2041/2392
f 2981/4548/2393 2962/2044/2393 2964/2046/2393
f 2968/2050/2394 2985/4549/2394 2982/2067/2394
f 2974/4550/2395 2983/2070/2395 2985/2072/2395
f 2963/2047/2396 2973/2073/2396 2969/2053/2396
f 2973/2058/2397 2962/2044/2397 2970/2056/2397
f 2933/2007/2398 2967/2043/2398 2936/4551/2398
f 2967/2063/2399 2934/2010/2399 2936/2012/2399
f 2968/2050/2400 2943/2021/2400 2971/4552/2400
f 2943/2037/2401 2969/2053/2401 2971/2055/2401
f 3443/2504/2540 3458/2517/2540 3447/2503/2540
f 3447/2499/2541 3455/2513/2541 3441/2497/2541
f 3449/2510/2542 3468/2528/2542 3464/2530/2542
f 3451/4699/2543 3462/2522/2543 3468/2524/2543
f 3450/2512/2544 3446/2500/2544 3442/2502/2544
f 3453/2508/2545 3443/2504/2545 3446/2500/2545
f 3457/2521/2546 3467/2525/2546 3463/2527/2546
f 3460/2516/2547 3464/2530/2547 3467/2529/2547
f 3470/2536/2548 3461/2519/2548 3457/2521/2548
f 3472/4700/2549 3455/2513/2549 3461/2515/2549
f 3478/2546/2550 3465/2526/2550 3482/2545/2550
f 3465/4701/2551 3476/2539/2551 3482/2541/2551
f 3477/2544/2552 3474/2534/2552 3481/2542/2552
f 3474/2534/2553 3478/2546/2553 3481/2542/2553
f 3471/2538/2554 3486/2551/2554 3475/2537/2554
f 3486/4702/2555 3469/2531/2555 3475/2533/2555
f 3492/2562/2556 3479/2543/2556 3496/2561/2556
f 3496/2557/2557 3476/2539/2557 3490/2555/2557
f 3491/2560/2558 3488/2550/2558 3495/2558/2558
f 3488/2550/2559 3492/2562/2559 3495/2558/2559
f 3498/2568/2560 3489/4703/2560 3485/4704/2560
f 3500/4705/2561 3483/2547/2561 3489/2549/2561
f 3506/2578/2562 3493/4706/2562 3510/2577/2562
f 3493/4707/2563 3504/2571/2563 3510/2573/2563
f 3499/2570/2564 3509/2574/2564 3505/2576/2564
f 3502/2566/2565 3506/2578/2565 3509/2574/2565
f 3512/2584/2566 3503/2569/2566 3499/2570/2566
f 3514/4708/2567 3497/2563/2567 3503/2565/2567
f 3520/2594/2568 3507/2575/2568 3524/2593/2568
f 3507/4709/2569 3518/2587/2569 3524/2589/2569
f 3513/2586/2570 3523/2590/2570 3519/2592/2570
f 3516/2582/2571 3520/2594/2571 3523/2590/2571
f 3526/4710/2572 3517/2585/2572 3513/2586/2572
f 3517/2581/2573 3525/2595/2573 3511/2579/2573
f 3519/2592/2574 3538/4711/2574 3534/4712/2574
f 3538/2605/2575 3518/2587/2575 3532/2603/2575
f 3527/2602/2576 3537/2606/2576 3533/2608/2576
f 3530/2598/2577 3534/2610/2577 3537/2606/2577
f 3527/2602/2578 3542/2615/2578 3531/2601/2578
f 3531/2597/2579 3539/2611/2579 3525/2595/2579
f 3533/2608/2580 3552/2625/2580 3548/2626/2580
f 3552/2621/2581 3532/2603/2581 3546/2619/2581
f 3541/2618/2582 3551/2622/2582 3547/2624/2582
f 3544/2614/2583 3548/2626/2583 3551/2622/2583
f 3541/2618/2584 3556/2631/2584 3545/2617/2584
f 3556/4713/2585 3539/2611/2585 3545/2613/2585
f 3562/2644/2586 3549/2623/2586 3566/2642/2586
f 3549/4714/2587 3560/2636/2587 3566/2638/2587
f 3561/2641/2588 3558/2634/2588 3565/2639/2588
f 3558/2630/2589 3562/2644/2589 3565/2643/2589
f 3442/2502/2590 3559/2633/2590 3555/2635/2590
f 3444/4715/2591 3553/2627/2591 3559/2629/2591
f 3450/2512/2592 3563/2640/2592 3454/2511/2592
f 3563/4716/2593 3448/2505/2593 3454/2507/2593
f 3569/2652/2594 3584/2665/2594 3573/2651/2594
f 3573/2647/2595 3581/2661/2595 3567/2645/2595
f 3575/2658/2596 3594/2676/2596 3590/2678/2596
f 3577/4717/2597 3588/2670/2597 3594/2672/2597
f 3576/2660/2598 3572/2648/2598 3568/2650/2598
f 3579/2656/2599 3569/2652/2599 3572/2648/2599
f 3589/2675/2600 3586/2668/2600 3593/2673/2600
f 3586/2664/2601 3590/2678/2601 3593/2677/2601
f 3596/2684/2602 3587/2667/2602 3583/2669/2602
f 3587/2663/2603 3595/2679/2603 3581/2661/2603
f 3589/2675/2604 3608/2693/2604 3604/2694/2604
f 3608/2689/2605 3588/2670/2605 3602/2687/2605
f 3597/2686/2606 3607/2690/2606 3603/2692/2606
f 3607/2690/2607 3596/2684/2607 3604/2694/2607
f 3610/2700/2608 3601/2685/2608 3597/2686/2608
f 3612/4718/2609 3595/2679/2609 3601/2681/2609
f 3603/2692/2610 3622/2709/2610 3618/2710/2610
f 3622/2705/2611 3602/2687/2611 3616/2703/2611
f 3611/2702/2612 3621/2706/2612 3617/2708/2612
f 3614/2698/2613 3618/2710/2613 3621/2706/2613
f 3624/2716/2614 3615/4719/2614 3611/4720/2614
f 3626/4721/2615 3609/2695/2615 3615/2697/2615
f 3632/2726/2616 3619/4722/2616 3636/2725/2616
f 3619/4723/2617 3630/2719/2617 3636/2721/2617
f 3625/2718/2618 3635/2722/2618 3631/2724/2618
f 3628/2714/2619 3632/2726/2619 3635/2722/2619
f 3638/2732/2620 3629/2717/2620 3625/2718/2620
f 3629/2713/2621 3637/2727/2621 3623/2711/2621
f 3646/2742/2622 3633/2723/2622 3650/2741/2622
f 3633/4724/2623 3644/2735/2623 3650/2737/2623
f 3639/2734/2624 3649/2738/2624 3645/2740/2624
f 3649/2738/2625 3638/2732/2625 3646/2742/2625
f 3639/2734/2626 3654/4725/2626 3643/2733/2626
f 3643/2729/2627 3651/2743/2627 3637/2727/2627
f 3645/2740/2628 3664/4726/2628 3660/4727/2628
f 3647/4728/2629 3658/2751/2629 3664/2753/2629
f 3653/2750/2630 3663/2754/2630 3659/2756/2630
f 3656/2746/2631 3660/2758/2631 3663/2754/2631
f 3666/2764/2632 3657/2749/2632 3653/2750/2632
f 3668/4729/2633 3651/2743/2633 3657/2745/2633
f 3659/2756/2634 3678/2773/2634 3674/2774/2634
f 3678/2769/2635 3658/2751/2635 3672/2767/2635
f 3673/2772/2636 3670/2762/2636 3677/2770/2636
f 3670/2762/2637 3674/2774/2637 3677/2770/2637
f 3680/2780/2638 3671/2765/2638 3667/2766/2638
f 3682/4730/2639 3665/2759/2639 3671/2761/2639
f 3673/2772/2640 3692/2790/2640 3688/2792/2640
f 3692/2786/2641 3672/2767/2641 3686/2784/2641
f 3681/2783/2642 3691/2787/2642 3687/2789/2642
f 3691/2791/2643 3680/2780/2643 3688/2792/2643
f 3568/2650/2644 3685/2781/2644 3681/2783/2644
f 3570/4731/2645 3679/2775/2645 3685/2777/2645
f 3687/2789/2646 3580/2659/2646 3576/2660/2646
f 3689/4732/2647 3574/2653/2647 3580/2655/2647
f 347/307/2854 305/257/2854 319/275/2854
f 314/272/2855 320/278/2855 307/263/2855
f 341/301/2856 306/260/2856 335/295/2856
f 354/314/2857 313/269/2857 340/298/2857
f 327/266/2858 348/295/2858 321/260/2858
f 355/317/2859 334/292/2859 349/311/2859
f 403/373/2860 361/321/2860 375/339/2860
f 370/336/2861 376/342/2861 363/327/2861
f 397/367/2856 362/324/2856 391/361/2856
f 410/380/2862 369/333/2862 396/364/2862
f 383/349/2858 404/361/2858 377/324/2858
f 411/383/2863 390/358/2863 405/377/2863
f 571/551/2866 529/499/2866 543/517/2866
f 538/514/2867 544/520/2867 531/505/2867
f 565/545/2856 530/502/2856 559/539/2856
f 578/559/2868 537/511/2868 564/542/2868
f 551/527/2858 572/539/2858 545/502/2858
f 579/562/2869 558/536/2869 573/556/2869
f 627/3443/2870 585/566/2870 599/582/2870
f 594/580/2871 600/3441/2871 587/3439/2871
f 621/607/2856 586/569/2856 615/601/2856
f 606/3446/2872 620/604/2872 634/619/2872
f 601/587/2858 636/607/2858 628/601/2858
f 635/3448/2873 614/599/2873 629/617/2873
f 683/658/2874 641/3464/2874 655/3459/2874
f 650/3452/2875 656/617/2875 643/599/2875
f 671/651/2856 648/629/2856 642/625/2856
f 690/4902/2876 649/632/2876 676/3467/2876
f 663/629/2858 684/651/2858 657/625/2858
f 691/594/2877 670/3439/2877 685/3441/2877
f 797/3519/2840 809/3536/2840 821/3549/2840
f 771/3493/2882 774/3487/2882 768/3489/2882
f 843/3563/2883 768/3489/2883 840/3556/2883
f 788/3510/2843 770/3491/2843 824/3549/2843
f 777/3495/2884 780/4905/2884 774/3487/2884
f 783/3554/2885 786/3503/2885 780/3505/2885
f 789/3507/2886 792/3511/2886 786/3503/2886
f 795/3514/2887 798/3517/2887 792/3511/2887
f 801/4906/2888 804/3523/2888 798/3525/2888
f 807/3527/2856 810/3531/2856 804/3523/2856
f 813/3534/2889 816/4907/2889 810/3531/2889
f 819/3520/2890 822/3550/2890 816/3517/2890
f 825/3548/2891 828/3503/2891 822/3550/2891
f 831/3507/2892 834/3505/2892 828/3503/2892
f 837/3561/2893 840/3556/2893 834/3558/2893
f 2807/1849/3137 2765/1795/3137 2779/1813/3137
f 2767/1801/3138 2788/1828/3138 2780/1816/3138
f 2801/1843/3139 2766/1798/3139 2795/1837/3139
f 2814/1858/3140 2773/1807/3140 2800/1840/3140
f 2787/1825/3141 2808/1852/3141 2781/1819/3141
f 2815/1861/3142 2794/1834/3142 2809/1855/3142
f 2863/1921/3143 2821/1867/3143 2835/1885/3143
f 2830/1882/3144 2836/1888/3144 2823/1873/3144
f 2857/1915/3145 2822/1870/3145 2851/1909/3145
f 2842/1894/3146 2856/1912/3146 2870/1930/3146
f 2837/1891/3147 2872/1936/3147 2864/1924/3147
f 2871/1933/3148 2850/1906/3148 2865/1927/3148
f 2919/1991/3149 2877/1939/3149 2891/1957/3149
f 2886/1954/3150 2892/1960/3150 2879/1945/3150
f 2907/1979/2856 2884/1948/2856 2878/1942/2856
f 2898/1966/3151 2912/1982/3151 2926/1998/3151
f 2899/1948/2858 2920/1979/2858 2893/1963/2858
f 2927/2001/3152 2906/1976/3152 2921/1995/3152
f 2975/2059/3153 2933/2007/3153 2947/2025/3153
f 2942/2022/3154 2948/2028/3154 2935/2013/3154
f 2969/2053/2856 2934/2010/2856 2963/2047/2856
f 2954/2032/3155 2968/2050/3155 2982/2067/3155
f 2955/2035/2858 2976/2062/2858 2949/2010/2858
f 2983/2070/3156 2962/2044/3156 2977/2064/3156
f 3553/2627/3234 3455/2513/3234 3511/2579/3234
f 3449/2510/3235 3456/2518/3235 3443/2504/3235
f 3555/2635/3236 3450/2512/3236 3442/2502/3236
f 3448/2505/3237 3546/2619/3237 3518/2587/3237
f 3463/2527/3238 3470/2536/3238 3457/2521/3238
f 3477/2544/3239 3484/2552/3239 3471/2538/3239
f 3485/4704/3240 3506/2578/3240 3498/2568/3240
f 3505/2576/2840 3512/2584/2840 3499/2570/2840
f 3519/2592/3241 3526/4710/3241 3513/2586/3241
f 3533/2608/3242 3540/2616/3242 3527/2602/3242
f 3547/2624/3243 3554/2632/3243 3541/2618/3243
f 3679/2775/3244 3581/2661/3244 3637/2727/3244
f 3575/2658/3245 3582/2666/3245 3569/2652/3245
f 3687/2789/3246 3568/2650/3246 3681/2783/3246
f 3602/2687/3247 3574/2653/3247 3644/2735/3247
f 3589/2675/3248 3596/2684/3248 3583/2669/3248
f 3603/2692/3249 3610/2700/3249 3597/2686/3249
f 3611/4720/3250 3632/2726/3250 3624/2716/3250
f 3631/2724/2840 3638/2732/2840 3625/2718/2840
f 3645/2740/3251 3652/5223/3251 3639/2734/3251
f 3659/2756/3252 3666/2764/3252 3653/2750/3252
f 3673/2772/3253 3680/2780/3253 3667/2766/3253
f 305/257/3374 308/3390/3374 309/258/3374
f 306/260/3375 310/281/3375 309/261/3375
f 307/263/3376 311/3376/3376 309/264/3376
f 312/266/3377 315/285/3377 316/267/3377
f 313/269/3378 317/3378/3378 316/270/3378
f 314/272/3379 318/3377/3379 316/273/3379
f 319/275/3380 322/3375/3380 323/276/3380
f 320/278/3381 324/5252/3381 323/279/3381
f 321/260/3382 325/262/3382 323/261/3382
f 326/282/3383 329/3381/3383 330/283/3383
f 327/266/3384 331/268/3384 330/267/3384
f 328/286/3385 332/3379/3385 330/287/3385
f 333/289/3386 336/3385/3386 337/290/3386
f 334/292/3387 338/3389/3387 337/293/3387
f 335/295/3388 339/310/3388 337/296/3388
f 340/298/3389 343/3391/3389 344/299/3389
f 341/301/3390 345/3388/3390 344/302/3390
f 342/304/3391 346/5253/3391 344/305/3391
f 347/307/3392 350/3380/3392 351/308/3392
f 348/295/3393 352/3384/3393 351/296/3393
f 349/311/3394 353/3386/3394 351/312/3394
f 354/314/3395 357/3387/3395 358/315/3395
f 355/317/3396 359/3383/3396 358/318/3396
f 356/301/3397 360/3382/3397 358/302/3397
f 361/321/3398 364/3405/3398 365/322/3398
f 362/324/3399 366/345/3399 365/325/3399
f 363/327/3400 367/5254/3400 365/328/3400
f 368/330/3401 371/5255/3401 372/331/3401
f 369/333/3402 373/3394/3402 372/334/3402
f 370/336/3403 374/3393/3403 372/337/3403
f 375/339/3404 378/3392/3404 379/340/3404
f 376/342/3405 380/3397/3405 379/343/3405
f 377/324/3406 381/326/3406 379/325/3406
f 382/346/3407 385/3399/3407 386/347/3407
f 383/349/3408 387/3396/3408 386/350/3408
f 384/352/3409 388/3395/3409 386/353/3409
f 389/355/3410 392/3401/3410 393/356/3410
f 390/358/3411 394/3404/3411 393/359/3411
f 391/361/3412 395/376/3412 393/362/3412
f 396/364/3413 399/3406/3413 400/365/3413
f 397/367/3414 401/386/3414 400/368/3414
f 398/370/3415 402/5256/3415 400/371/3415
f 403/373/3416 406/3398/3416 407/374/3416
f 404/361/3417 408/363/3417 407/362/3417
f 405/377/3418 409/3402/3418 407/378/3418
f 410/380/3419 413/3403/3419 414/381/3419
f 411/383/3420 415/3400/3420 414/384/3420
f 412/367/3421 416/369/3421 414/368/3421
f 529/499/3456 532/3435/3456 533/500/3456
f 530/502/3457 534/523/3457 533/503/3457
f 531/505/3458 535/5259/3458 533/506/3458
f 536/508/3459 539/3437/3459 540/509/3459
f 537/511/3460 541/3424/3460 540/512/3460
f 538/514/3461 542/5260/3461 540/515/3461
f 543/517/3462 546/3423/3462 547/518/3462
f 544/520/3463 548/3427/3463 547/521/3463
f 545/502/3464 549/504/3464 547/503/3464
f 550/524/3465 553/3429/3465 554/525/3465
f 551/527/3466 555/3426/3466 554/528/3466
f 552/530/3467 556/3425/3467 554/531/3467
f 557/533/3468 560/3431/3468 561/534/3468
f 558/536/3469 562/5261/3469 561/537/3469
f 559/539/3470 563/555/3470 561/540/3470
f 564/542/3471 567/3436/3471 568/543/3471
f 565/545/3472 569/565/3472 568/546/3472
f 566/548/3473 570/3434/3473 568/549/3473
f 571/551/3474 574/3428/3474 575/552/3474
f 572/539/3475 576/5262/3475 575/554/3475
f 573/556/3476 577/3432/3476 575/557/3476
f 578/559/3477 581/3433/3477 582/560/3477
f 579/562/3478 583/3430/3478 582/563/3478
f 580/545/3479 584/547/3479 582/546/3479
f 585/566/3480 588/3454/3480 589/567/3480
f 586/569/3481 590/3438/3481 589/570/3481
f 587/572/3482 591/568/3482 589/567/3482
f 592/574/3483 595/5263/3483 596/575/3483
f 593/577/3484 597/581/3484 596/578/3484
f 594/580/3485 598/657/3485 596/578/3485
f 599/582/3486 602/586/3486 603/583/3486
f 600/585/3487 604/5264/3487 603/583/3487
f 601/587/3488 605/3444/3488 603/588/3488
f 606/590/3489 609/665/3489 610/591/3489
f 607/574/3490 611/576/3490 610/575/3490
f 608/594/3491 612/592/3491 610/591/3491
f 613/596/3492 616/600/3492 617/597/3492
f 614/599/3493 618/628/3493 617/597/3493
f 615/601/3494 619/5265/3494 617/602/3494
f 620/604/3495 623/3456/3495 624/605/3495
f 621/607/3496 625/624/3496 624/608/3496
f 622/610/3497 626/606/3497 624/605/3497
f 627/612/3498 630/5266/3498 631/613/3498
f 628/601/3499 632/3450/3499 631/615/3499
f 629/617/3500 633/614/3500 631/613/3500
f 634/619/3501 637/623/3501 638/620/3501
f 635/622/3502 639/5267/3502 638/620/3502
f 636/607/3503 640/3447/3503 638/608/3503
f 641/596/3504 644/598/3504 645/597/3504
f 642/625/3505 646/3457/3505 645/626/3505
f 643/599/3506 647/600/3506 645/597/3506
f 648/629/3507 651/643/3507 652/630/3507
f 649/632/3508 653/636/3508 652/633/3508
f 650/635/3509 654/5268/3509 652/633/3509
f 655/612/3510 658/614/3510 659/637/3510
f 656/617/3511 660/5269/3511 659/637/3511
f 657/625/3512 661/627/3512 659/626/3512
f 662/640/3513 665/3462/3513 666/641/3513
f 663/629/3514 667/631/3514 666/630/3514
f 664/644/3515 668/642/3515 666/641/3515
f 669/646/3516 672/650/3516 673/647/3516
f 670/649/3517 674/5270/3517 673/647/3517
f 671/651/3518 675/661/3518 673/652/3518
f 676/577/3519 679/579/3519 680/578/3519
f 677/654/3520 681/3463/3520 680/655/3520
f 678/580/3521 682/581/3521 680/578/3521
f 683/658/3522 686/3460/3522 687/659/3522
f 684/651/3523 688/653/3523 687/652/3523
f 685/662/3524 689/660/3524 687/659/3524
f 690/590/3525 693/592/3525 694/664/3525
f 691/594/3526 695/595/3526 694/664/3526
f 692/654/3527 696/656/3527 694/655/3527
f 2765/1795/3901 2768/4495/3901 2769/1796/3901
f 2766/1798/3902 2770/4483/3902 2769/1799/3902
f 2767/1801/3903 2771/5371/3903 2769/1802/3903
f 2772/1804/3904 2775/4498/3904 2776/1805/3904
f 2773/1807/3905 2777/4485/3905 2776/1808/3905
f 2774/1810/3906 2778/4484/3906 2776/1811/3906
f 2779/1813/3907 2782/4482/3907 2783/1814/3907
f 2780/1816/3908 2784/5372/3908 2783/1817/3908
f 2781/1819/3909 2785/4488/3909 2783/1820/3909
f 2786/1822/3910 2789/4489/3910 2790/1823/3910
f 2787/1825/3911 2791/4486/3911 2790/1826/3911
f 2788/1828/3912 2792/5373/3912 2790/1829/3912
f 2793/1831/3913 2796/4492/3913 2797/1832/3913
f 2794/1834/3914 2798/5374/3914 2797/1835/3914
f 2795/1837/3915 2799/4496/3915 2797/1838/3915
f 2800/1840/3916 2803/4497/3916 2804/1841/3916
f 2801/1843/3917 2805/4494/3917 2804/1844/3917
f 2802/1846/3918 2806/5375/3918 2804/1847/3918
f 2807/1849/3919 2810/4487/3919 2811/1850/3919
f 2808/1852/3920 2812/4491/3920 2811/1853/3920
f 2809/1855/3921 2813/5376/3921 2811/1856/3921
f 2814/1858/3922 2817/4493/3922 2818/1859/3922
f 2815/1861/3923 2819/4490/3923 2818/1862/3923
f 2816/1864/3924 2820/5377/3924 2818/1865/3924
f 2821/1867/3925 2824/4516/3925 2825/1868/3925
f 2822/1870/3926 2826/4500/3926 2825/1871/3926
f 2823/1873/3927 2827/5378/3927 2825/1874/3927
f 2828/1876/3928 2831/5379/3928 2832/1877/3928
f 2829/1879/3929 2833/4502/3929 2832/1880/3929
f 2830/1882/3930 2834/4501/3930 2832/1883/3930
f 2835/1885/3931 2838/4499/3931 2839/1886/3931
f 2836/1888/3932 2840/4505/3932 2839/1889/3932
f 2837/1891/3933 2841/5380/3933 2839/1892/3933
f 2842/1894/3934 2845/4507/3934 2846/1895/3934
f 2843/1897/3935 2847/4504/3935 2846/1898/3935
f 2844/1900/3936 2848/4503/3936 2846/1901/3936
f 2849/1903/3937 2852/4510/3937 2853/1904/3937
f 2850/1906/3938 2854/4515/3938 2853/1907/3938
f 2851/1909/3939 2855/4517/3939 2853/1910/3939
f 2856/1912/3940 2859/4518/3940 2860/1913/3940
f 2857/1915/3941 2861/4514/3941 2860/1916/3941
f 2858/1918/3942 2862/4513/3942 2860/1919/3942
f 2863/1921/3943 2866/4506/3943 2867/1922/3943
f 2864/1924/3944 2868/5381/3944 2867/1925/3944
f 2865/1927/3945 2869/4511/3945 2867/1928/3945
f 2870/1930/3946 2873/4512/3946 2874/1931/3946
f 2871/1933/3947 2875/4509/3947 2874/1934/3947
f 2872/1936/3948 2876/4508/3948 2874/1937/3948
f 2877/1939/3949 2880/4534/3949 2881/1940/3949
f 2878/1942/3950 2882/4521/3950 2881/1943/3950
f 2879/1945/3951 2883/4520/3951 2881/1946/3951
f 2884/1948/3952 2887/1969/3952 2888/1949/3952
f 2885/1951/3953 2889/4523/3953 2888/1952/3953
f 2886/1954/3954 2890/4522/3954 2888/1955/3954
f 2891/1957/3955 2894/4519/3955 2895/1958/3955
f 2892/1960/3956 2896/5382/3956 2895/1961/3956
f 2893/1963/3957 2897/4526/3957 2895/1964/3957
f 2898/1966/3958 2901/4527/3958 2902/1967/3958
f 2899/1948/3959 2903/1950/3959 2902/1949/3959
f 2900/1970/3960 2904/4524/3960 2902/1971/3960
f 2905/1973/3961 2908/4529/3961 2909/1974/3961
f 2906/1976/3962 2910/4533/3962 2909/1977/3962
f 2907/1979/3963 2911/1994/3963 2909/1980/3963
f 2912/1982/3964 2915/4535/3964 2916/1983/3964
f 2913/1985/3965 2917/4532/3965 2916/1986/3965
f 2914/1988/3966 2918/5383/3966 2916/1989/3966
f 2919/1991/3967 2922/4525/3967 2923/1992/3967
f 2920/1979/3968 2924/1981/3968 2923/1980/3968
f 2921/1995/3969 2925/4530/3969 2923/1996/3969
f 2926/1998/3970 2929/4531/3970 2930/1999/3970
f 2927/2001/3971 2931/4528/3971 2930/2002/3971
f 2928/2004/3972 2932/5384/3972 2930/2005/3972
f 2933/2007/3973 2936/4551/3973 2937/2008/3973
f 2934/2010/3974 2938/2031/3974 2937/2011/3974
f 2935/2013/3975 2939/4537/3975 2937/2014/3975
f 2940/2016/3976 2943/2037/3976 2944/2017/3976
f 2941/2019/3977 2945/4539/3977 2944/2020/3977
f 2942/2022/3978 2946/4538/3978 2944/2023/3978
f 2947/2025/3979 2950/4536/3979 2951/2026/3979
f 2948/2028/3980 2952/4542/3980 2951/2029/3980
f 2949/2010/3981 2953/2012/3981 2951/2011/3981
f 2954/2032/3982 2957/4544/3982 2958/2033/3982
f 2955/2035/3983 2959/4541/3983 2958/2036/3983
f 2956/2038/3984 2960/4540/3984 2958/2039/3984
f 2961/2041/3985 2964/4547/3985 2965/2042/3985
f 2962/2044/3986 2966/5385/3986 2965/2045/3986
f 2963/2047/3987 2967/2063/3987 2965/2048/3987
f 2968/2050/3988 2971/4552/3988 2972/2051/3988
f 2969/2053/3989 2973/2073/3989 2972/2054/3989
f 2970/2056/3990 2974/4550/3990 2972/2057/3990
f 2975/2059/3991 2978/4543/3991 2979/2060/3991
f 2976/2062/3992 2980/4546/3992 2979/2048/3992
f 2977/2064/3993 2981/4548/3993 2979/2065/3993
f 2982/2067/3994 2985/4549/3994 2986/2068/3994
f 2983/2070/3995 2987/4545/3995 2986/2071/3995
f 2984/2053/3996 2988/2055/3996 2986/2054/3996
f 3441/2497/4111 3444/4715/4111 3445/2498/4111
f 3446/2500/4112 3445/5432/4112 3444/2501/4112
f 3447/2503/4113 3445/5432/4113 3446/2500/4113
f 3448/2505/4114 3451/4699/4114 3452/2506/4114
f 3453/2508/4115 3452/5433/4115 3451/2509/4115
f 3454/2511/4116 3452/5433/4116 3453/2508/4116
f 3455/2513/4117 3458/5434/4117 3459/2514/4117
f 3460/2516/4118 3459/5435/4118 3458/2517/4118
f 3461/2519/4119 3459/5436/4119 3460/2520/4119
f 3462/2522/4120 3465/4701/4120 3466/2523/4120
f 3467/2525/4121 3466/5437/4121 3465/2526/4121
f 3468/2528/4122 3466/5438/4122 3467/2529/4122
f 3469/2531/4123 3472/4700/4123 3473/2532/4123
f 3474/2534/4124 3473/5439/4124 3472/2535/4124
f 3475/2537/4125 3473/5439/4125 3474/2534/4125
f 3476/2539/4126 3479/5440/4126 3480/2540/4126
f 3481/2542/4127 3480/5441/4127 3479/2543/4127
f 3482/2545/4128 3480/5441/4128 3481/2542/4128
f 3483/2547/4129 3486/4702/4129 3487/2548/4129
f 3488/2550/4130 3487/5442/4130 3486/2551/4130
f 3489/2553/4131 3487/5442/4131 3488/2550/4131
f 3490/2555/4132 3493/4707/4132 3494/2556/4132
f 3495/5443/4133 3494/5444/4133 3493/4706/4133
f 3496/2561/4134 3494/5445/4134 3495/2558/4134
f 3497/2563/4135 3500/4705/4135 3501/2564/4135
f 3502/2566/4136 3501/5446/4136 3500/2567/4136
f 3503/2569/4137 3501/5446/4137 3502/2566/4137
f 3504/2571/4138 3507/4709/4138 3508/2572/4138
f 3509/2574/4139 3508/5447/4139 3507/2575/4139
f 3510/2577/4140 3508/5447/4140 3509/2574/4140
f 3511/2579/4141 3514/4708/4141 3515/2580/4141
f 3516/2582/4142 3515/5448/4142 3514/2583/4142
f 3517/2585/4143 3515/5448/4143 3516/2582/4143
f 3518/2587/4144 3521/5449/4144 3522/2588/4144
f 3523/2590/4145 3522/5450/4145 3521/2591/4145
f 3524/2593/4146 3522/5450/4146 3523/2590/4146
f 3525/2595/4147 3528/5451/4147 3529/2596/4147
f 3530/5452/4148 3529/5453/4148 3528/5454/4148
f 3531/2601/4149 3529/5455/4149 3530/2598/4149
f 3532/2603/4150 3535/5456/4150 3536/2604/4150
f 3537/2606/4151 3536/5457/4151 3535/2607/4151
f 3538/2609/4152 3536/5457/4152 3537/2606/4152
f 3539/2611/4153 3542/5458/4153 3543/2612/4153
f 3544/2614/4154 3543/5459/4154 3542/2615/4154
f 3545/2617/4155 3543/5459/4155 3544/2614/4155
f 3546/2619/4156 3549/4714/4156 3550/2620/4156
f 3551/2622/4157 3550/5460/4157 3549/2623/4157
f 3552/2625/4158 3550/5460/4158 3551/2622/4158
f 3553/2627/4159 3556/4713/4159 3557/2628/4159
f 3558/2630/4160 3557/5461/4160 3556/2631/4160
f 3559/2633/4161 3557/5462/4161 3558/2634/4161
f 3560/2636/4162 3563/4716/4162 3564/2637/4162
f 3565/2639/4163 3564/5463/4163 3563/2640/4163
f 3566/2642/4164 3564/5464/4164 3565/2643/4164
f 3567/2645/4165 3570/4731/4165 3571/2646/4165
f 3572/2648/4166 3571/5465/4166 3570/2649/4166
f 3573/2651/4167 3571/5465/4167 3572/2648/4167
f 3574/2653/4168 3577/4717/4168 3578/2654/4168
f 3579/2656/4169 3578/5466/4169 3577/2657/4169
f 3580/2659/4170 3578/5466/4170 3579/2656/4170
f 3581/2661/4171 3584/5467/4171 3585/2662/4171
f 3586/2664/4172 3585/5468/4172 3584/2665/4172
f 3587/2667/4173 3585/5469/4173 3586/2668/4173
f 3588/2670/4174 3591/5470/4174 3592/2671/4174
f 3593/2673/4175 3592/5471/4175 3591/2674/4175
f 3594/2676/4176 3592/5472/4176 3593/2677/4176
f 3595/2679/4177 3598/5473/4177 3599/2680/4177
f 3600/2682/4178 3599/5474/4178 3598/2683/4178
f 3601/2685/4179 3599/5474/4179 3600/2682/4179
f 3602/2687/4180 3605/5475/4180 3606/2688/4180
f 3607/2690/4181 3606/5476/4181 3605/2691/4181
f 3608/2693/4182 3606/5476/4182 3607/2690/4182
f 3609/2695/4183 3612/4718/4183 3613/2696/4183
f 3614/2698/4184 3613/5477/4184 3612/2699/4184
f 3615/2701/4185 3613/5477/4185 3614/2698/4185
f 3616/2703/4186 3619/4723/4186 3620/2704/4186
f 3621/5478/4187 3620/5479/4187 3619/4722/4187
f 3622/2709/4188 3620/5480/4188 3621/2706/4188
f 3623/2711/4189 3626/4721/4189 3627/2712/4189
f 3628/2714/4190 3627/5481/4190 3626/2715/4190
f 3629/2717/4191 3627/5481/4191 3628/2714/4191
f 3630/2719/4192 3633/4724/4192 3634/2720/4192
f 3635/2722/4193 3634/5482/4193 3633/2723/4193
f 3636/2725/4194 3634/5482/4194 3635/2722/4194
f 3637/2727/4195 3640/5483/4195 3641/2728/4195
f 3642/2730/4196 3641/5484/4196 3640/2731/4196
f 3643/2733/4197 3641/5484/4197 3642/2730/4197
f 3644/2735/4198 3647/4728/4198 3648/2736/4198
f 3649/2738/4199 3648/5485/4199 3647/2739/4199
f 3650/2741/4200 3648/5485/4200 3649/2738/4200
f 3651/2743/4201 3654/5486/4201 3655/2744/4201
f 3656/5487/4202 3655/5488/4202 3654/4725/4202
f 3657/2749/4203 3655/5489/4203 3656/2746/4203
f 3658/2751/4204 3661/5490/4204 3662/2752/4204
f 3663/2754/4205 3662/5491/4205 3661/2755/4205
f 3664/2757/4206 3662/5491/4206 3663/2754/4206
f 3665/2759/4207 3668/4729/4207 3669/2760/4207
f 3670/2762/4208 3669/5492/4208 3668/2763/4208
f 3671/2765/4209 3669/5492/4209 3670/2762/4209
f 3672/2767/4210 3675/5493/4210 3676/2768/4210
f 3677/2770/4211 3676/5494/4211 3675/2771/4211
f 3678/2773/4212 3676/5494/4212 3677/2770/4212
f 3679/2775/4213 3682/4730/4213 3683/2776/4213
f 3684/2778/4214 3683/5495/4214 3682/2779/4214
f 3685/2781/4215 3683/5496/4215 3684/2782/4215
f 3686/2784/4216 3689/4732/4216 3690/2785/4216
f 3691/2787/4217 3690/5497/4217 3689/2788/4217
f 3692/2790/4218 3690/5498/4218 3691/2791/4218
f 305/257/1358 311/259/1358 322/3375/1358
f 311/3376/1359 307/263/1359 320/278/1359
f 306/260/1360 312/266/1360 318/268/1360
f 318/3377/1361 314/272/1361 307/263/1361
f 326/282/1362 332/284/1362 317/3378/1362
f 332/3379/1363 328/286/1363 314/272/1363
f 321/260/1364 324/281/1364 331/268/1364
f 331/288/1365 324/5252/1365 320/278/1365
f 347/307/1366 319/275/1366 325/277/1366
f 325/262/1367 321/260/1367 348/295/1367
f 354/314/1368 360/316/1368 329/3381/1368
f 360/3382/1369 356/301/1369 327/266/1369
f 349/311/1370 352/313/1370 359/3383/1370
f 352/3384/1371 348/295/1371 356/301/1371
f 347/307/1372 353/309/1372 336/3385/1372
f 353/3386/1373 349/311/1373 334/292/1373
f 340/298/4421 346/300/4421 357/3387/4421
f 357/319/1375 346/5253/1375 342/304/1375
f 341/301/1376 335/295/1376 338/297/1376
f 338/3389/1377 334/292/1377 342/304/1377
f 305/257/1378 333/289/1378 339/291/1378
f 308/262/1379 339/310/1379 335/295/1379
f 313/269/1380 315/271/1380 343/3391/1380
f 343/303/1381 315/285/1381 312/266/1381
f 361/321/1382 367/323/1382 378/3392/1382
f 378/344/1383 367/5254/1383 363/327/1383
f 368/330/1384 374/332/1384 366/345/1384
f 374/3393/1385 370/336/1385 363/327/1385
f 382/346/1386 388/348/1386 373/3394/1386
f 388/3395/1387 384/352/1387 370/336/1387
f 383/349/4422 377/324/4422 380/345/4422
f 380/3397/1389 376/342/1389 384/352/1389
f 375/339/1390 381/341/1390 406/3398/1390
f 381/326/1391 377/324/1391 404/361/1391
f 382/346/1392 410/380/1392 416/382/1392
f 385/351/1393 416/369/1393 412/367/1393
f 405/377/1394 408/379/1394 415/3400/1394
f 408/363/1395 404/361/1395 412/367/1395
f 403/373/4423 409/375/4423 392/3401/4423
f 409/3402/1397 405/377/1397 390/358/1397
f 396/364/4424 402/366/4424 413/3403/4424
f 413/385/4425 402/5256/4425 398/370/4425
f 391/361/1400 394/363/1400 401/386/1400
f 394/3404/1401 390/358/1401 398/370/1401
f 389/355/1402 395/357/1402 364/3405/1402
f 395/376/1403 391/361/1403 362/324/1403
f 369/333/1404 371/335/1404 399/3406/1404
f 399/369/1405 371/5255/1405 368/330/1405
f 529/499/1432 535/501/1432 546/3423/1432
f 546/522/4426 535/5259/4426 531/505/4426
f 536/508/1434 542/510/1434 534/523/1434
f 534/507/1435 542/5260/1435 538/514/1435
f 537/511/4427 550/524/4427 556/526/4427
f 556/3425/4428 552/530/4428 538/514/4428
f 551/527/1438 545/502/1438 548/523/1438
f 548/3427/1439 544/520/1439 552/530/1439
f 543/517/1440 549/519/1440 574/3428/1440
f 574/555/1441 549/504/1441 545/502/1441
f 578/559/1442 584/561/1442 553/3429/1442
f 553/529/1443 584/547/1443 580/545/1443
f 573/556/1444 576/558/1444 583/3430/1444
f 583/565/1445 576/5262/1445 572/539/1445
f 557/533/1446 571/551/1446 577/553/1446
f 577/3432/1447 573/556/1447 558/536/1447
f 564/542/1448 570/544/1448 581/3433/1448
f 570/3434/1449 566/548/1449 579/562/1449
f 559/539/1450 562/541/1450 569/565/1450
f 569/550/1451 562/5261/1451 558/536/1451
f 557/533/1452 563/535/1452 532/3435/1452
f 532/504/1453 563/555/1453 559/539/1453
f 537/511/1454 539/513/1454 567/3436/1454
f 539/3437/1455 536/508/1455 565/545/1455
f 585/566/4429 591/568/4429 602/586/4429
f 602/586/4430 591/568/4430 587/572/4430
f 586/569/1458 592/574/1458 598/576/1458
f 598/657/1459 594/580/1459 587/3439/1459
f 606/590/1460 612/592/1460 597/581/1460
f 612/592/1461 608/594/1461 594/580/1461
f 607/574/1462 601/587/1462 604/589/1462
f 611/595/1463 604/5553/1463 600/3441/1463
f 599/582/1464 605/584/1464 630/3442/1464
f 605/3444/1465 601/587/1465 628/601/1465
f 634/619/1466 640/621/1466 609/3445/1466
f 640/3447/1467 636/607/1467 607/574/1467
f 635/3448/1468 629/617/1468 632/618/1468
f 632/3450/1469 628/601/1469 636/607/1469
f 627/612/1470 633/614/1470 616/600/1470
f 633/614/1471 629/617/1471 614/599/1471
f 634/619/4431 620/604/4431 626/606/4431
f 626/606/4432 622/610/4432 635/622/4432
f 621/607/1474 615/601/1474 618/603/1474
f 625/3451/1475 618/628/1475 614/599/1475
f 613/3453/1476 619/5554/1476 588/3454/1476
f 588/571/4433 619/5265/4433 615/601/4433
f 593/3455/1478 595/5555/1478 623/3456/1478
f 623/609/1479 595/5263/1479 592/574/1479
f 655/612/1480 641/596/1480 647/600/1480
f 647/600/4434 643/599/4434 656/617/4434
f 648/629/1482 654/631/1482 646/3457/1482
f 654/3451/1483 650/3452/1483 643/599/1483
f 662/640/4435 668/642/4435 653/636/4435
f 668/642/4436 664/644/4436 650/635/4436
f 657/625/1486 660/639/1486 667/631/1486
f 667/3458/1487 660/5269/1487 656/617/1487
f 655/3459/1488 661/5556/1488 686/3460/1488
f 686/661/1489 661/627/1489 657/625/1489
f 662/640/1490 690/4902/1490 696/3461/1490
f 696/656/1491 692/654/1491 663/629/1491
f 685/3441/1492 688/5553/1492 695/595/1492
f 688/653/1493 684/651/1493 692/654/1493
f 683/658/4437 689/660/4437 672/650/4437
f 672/650/4438 689/660/4438 685/662/4438
f 690/590/1496 676/577/1496 682/581/1496
f 682/581/4439 678/580/4439 691/594/4439
f 677/654/1498 671/651/1498 674/653/1498
f 674/3440/1499 670/3439/1499 678/580/1499
f 641/3464/1500 669/646/1500 675/648/1500
f 675/661/1501 671/651/1501 642/625/1501
f 649/632/1502 651/634/1502 679/3466/1502
f 679/656/1503 651/643/1503 648/629/1503
f 774/3487/1534 775/3498/1534 769/3488/1534
f 775/3490/1535 773/3496/1535 767/3491/1535
f 771/3493/1536 772/3566/1536 778/3494/1536
f 778/3490/1537 772/3492/1537 770/3491/1537
f 774/3487/4442 780/4905/4442 781/3497/4442
f 781/3499/1539 779/3502/1539 773/3496/1539
f 777/3495/1540 778/3494/1540 784/3500/1540
f 784/3499/4443 778/3490/4443 776/3496/4443
f 786/3503/1542 787/3512/1542 781/3504/1542
f 787/3506/1543 785/3510/1543 779/3502/1543
f 789/3507/1544 783/3554/1544 784/3508/1544
f 784/3499/1545 782/3502/1545 788/3510/1545
f 792/3511/1546 793/3518/1546 787/3512/1546
f 793/3513/1547 791/3516/1547 785/3510/1547
f 795/3514/4444 789/3507/4444 790/3509/4444
f 796/3513/1549 790/3506/1549 788/3510/1549
f 798/3517/4445 799/5557/4445 793/3518/4445
f 793/3513/1551 799/3522/1551 797/3519/1551
f 801/3520/4446 795/3514/4446 796/3515/4446
f 796/3513/4447 794/3516/4447 800/3519/4447
f 804/3523/4448 805/3532/4448 799/3524/4448
f 805/3526/4449 803/3530/4449 797/3519/4449
f 807/3527/4450 801/4906/4450 802/3528/4450
f 808/3526/4451 802/3522/4451 800/3519/4451
f 810/3531/1427 811/3538/1427 805/3532/1427
f 811/3533/1426 809/3536/1426 803/3530/1426
f 813/3534/1429 807/3527/1429 808/3529/1429
f 808/3526/1428 806/3530/1428 812/3536/1428
f 810/3531/4452 816/4907/4452 817/3537/4452
f 817/3539/4453 815/3542/4453 809/3536/4453
f 813/3534/4454 814/3535/4454 820/3540/4454
f 814/3533/4455 812/3536/4455 818/3542/4455
f 816/3517/1562 822/3550/1562 823/3544/1562
f 823/3546/4456 821/3549/4456 815/3542/4456
f 819/3520/1564 820/5558/1564 826/3547/1564
f 826/3546/1565 820/3543/1565 818/3542/1565
f 828/3503/4457 829/3512/4457 823/3544/4457
f 829/3551/1567 827/3552/1567 821/3549/1567
f 831/3507/1568 825/3548/1568 826/3547/1568
f 832/3551/1569 826/3546/1569 824/3549/1569
f 834/3505/1570 835/3504/1570 829/3512/1570
f 829/3551/1571 835/3559/1571 833/3553/1571
f 837/3554/4458 831/3507/4458 832/3509/4458
f 832/3551/1573 830/3552/1573 836/3553/1573
f 840/3556/4459 841/3565/4459 835/3557/4459
f 835/3559/4460 841/3564/4460 839/3560/4460
f 837/3561/1576 838/5559/1576 844/3562/1576
f 838/3555/4461 836/3553/4461 842/3560/4461
f 840/3556/1578 768/3489/1578 769/3488/1578
f 769/3492/1579 767/3491/1579 839/3560/1579
f 843/3563/1580 844/3562/1580 772/3566/1580
f 844/3564/1581 842/3560/1581 770/3491/1581
f 2779/1813/2306 2765/1795/2306 2771/1797/2306
f 2782/1818/2307 2771/5371/2307 2767/1801/2307
f 2766/1798/2308 2772/1804/2308 2778/1806/2308
f 2778/4484/4629 2774/1810/4629 2767/1801/4629
f 2786/1822/2310 2792/1824/2310 2777/4485/2310
f 2777/1812/2311 2792/5373/2311 2788/1828/2311
f 2781/1819/2312 2784/1821/2312 2791/4486/2312
f 2791/1830/2313 2784/5372/2313 2780/1816/2313
f 2807/1849/2314 2779/1813/2314 2785/1815/2314
f 2785/4488/2315 2781/1819/2315 2808/1852/2315
f 2814/1858/2316 2820/1860/2316 2789/4489/2316
f 2789/1827/2317 2820/5377/2317 2816/1864/2317
f 2815/1861/2318 2809/1855/2318 2812/1857/2318
f 2812/4491/2319 2808/1852/2319 2816/1864/2319
f 2807/1849/2320 2813/1851/2320 2796/4492/2320
f 2796/1836/2321 2813/5376/2321 2809/1855/2321
f 2800/1840/2322 2806/1842/2322 2817/4493/2322
f 2817/1863/2323 2806/5375/2323 2802/1846/2323
f 2795/1837/2324 2798/1839/2324 2805/4494/2324
f 2805/1848/2325 2798/5374/2325 2794/1834/2325
f 2765/1795/4630 2793/1831/4630 2799/1833/4630
f 2799/4496/2327 2795/1837/2327 2766/1798/2327
f 2773/1807/2328 2775/1809/2328 2803/4497/2328
f 2775/4498/4631 2772/1804/4631 2801/1843/4631
f 2821/1867/2330 2827/1869/2330 2838/4499/2330
f 2838/1890/4632 2827/5378/4632 2823/1873/4632
f 2822/1870/2332 2828/1876/2332 2834/1878/2332
f 2834/4501/2333 2830/1882/2333 2823/1873/2333
f 2842/1894/2334 2848/1896/2334 2833/4502/2334
f 2848/4503/2335 2844/1900/2335 2830/1882/2335
f 2843/1897/2336 2837/1891/2336 2840/1893/2336
f 2840/4505/2337 2836/1888/2337 2844/1900/2337
f 2863/1921/4633 2835/1885/4633 2841/1887/4633
f 2866/1926/2339 2841/5380/2339 2837/1891/2339
f 2870/1930/2340 2876/1932/2340 2845/4507/2340
f 2876/4508/2341 2872/1936/2341 2843/1897/2341
f 2865/1927/2342 2868/1929/2342 2875/4509/2342
f 2875/1938/2343 2868/5381/2343 2864/1924/2343
f 2849/1903/2344 2863/1921/2344 2869/1923/2344
f 2869/4511/2345 2865/1927/2345 2850/1906/2345
f 2856/1912/2346 2862/1914/2346 2873/4512/2346
f 2862/4513/4634 2858/1918/4634 2871/1933/4634
f 2851/1909/2348 2854/1911/2348 2861/4514/2348
f 2854/4515/2349 2850/1906/2349 2858/1918/2349
f 2849/1903/2350 2855/1905/2350 2824/4516/2350
f 2855/4517/2351 2851/1909/2351 2822/1870/2351
f 2856/1912/2352 2829/1879/2352 2831/1881/2352
f 2859/1917/2353 2831/5379/2353 2828/1876/2353
f 2877/1939/2354 2883/1941/2354 2894/4519/2354
f 2883/4520/2355 2879/1945/2355 2892/1960/2355
f 2884/1948/2356 2890/1950/2356 2882/4521/2356
f 2890/4522/2357 2886/1954/2357 2879/1945/2357
f 2898/1966/2358 2904/1968/2358 2889/4523/2358
f 2904/4524/2359 2900/1970/2359 2886/1954/2359
f 2899/1948/2360 2893/1963/2360 2896/1965/2360
f 2903/1972/2361 2896/5382/2361 2892/1960/2361
f 2891/1957/2362 2897/1959/2362 2922/4525/2362
f 2897/4526/2363 2893/1963/2363 2920/1979/2363
f 2926/1998/2364 2932/2000/2364 2901/4527/2364
f 2901/1969/2365 2932/5384/2365 2928/2004/2365
f 2921/1995/4635 2924/1997/4635 2931/4528/4635
f 2924/1981/2367 2920/1979/2367 2928/2004/2367
f 2919/1991/2368 2925/1993/2368 2908/4529/2368
f 2925/4530/2369 2921/1995/2369 2906/1976/2369
f 2912/1982/2370 2918/1984/2370 2929/4531/2370
f 2929/2003/2371 2918/5383/2371 2914/1988/2371
f 2907/1979/2372 2910/1981/2372 2917/4532/2372
f 2910/4533/2373 2906/1976/2373 2914/1988/2373
f 2905/1973/2374 2911/1975/2374 2880/4534/2374
f 2911/1994/2375 2907/1979/2375 2878/1942/2375
f 2912/1982/2376 2885/1951/2376 2887/1953/2376
f 2887/1969/2377 2884/1948/2377 2913/1985/2377
f 2933/2007/2378 2939/2009/2378 2950/4536/2378
f 2939/4537/2379 2935/2013/2379 2948/2028/2379
f 2940/2016/2380 2946/2018/2380 2938/2031/2380
f 2946/4538/2381 2942/2022/2381 2935/2013/2381
f 2954/2032/2382 2960/2034/2382 2945/4539/2382
f 2960/4540/2383 2956/2038/2383 2942/2022/2383
f 2955/2035/2384 2949/2010/2384 2952/2031/2384
f 2952/4542/2385 2948/2028/2385 2956/2038/2385
f 2947/2025/2386 2953/2027/2386 2978/4543/2386
f 2978/2063/2387 2953/2012/2387 2949/2010/2387
f 2982/2067/2388 2988/2069/2388 2957/4544/2388
f 2957/2037/2389 2988/2055/2389 2984/2053/2389
f 2977/2064/2390 2980/2066/2390 2987/4545/2390
f 2980/4546/2391 2976/2062/2391 2984/2053/2391
f 2975/2059/2392 2981/2061/2392 2964/4547/2392
f 2981/4548/2393 2977/2064/2393 2962/2044/2393
f 2968/2050/2394 2974/2052/2394 2985/4549/2394
f 2974/4550/2395 2970/2056/2395 2983/2070/2395
f 2963/2047/2396 2966/2049/2396 2973/2073/2396
f 2973/2058/2397 2966/5385/2397 2962/2044/2397
f 2933/2007/2398 2961/2041/2398 2967/2043/2398
f 2967/2063/2399 2963/2047/2399 2934/2010/2399
f 2968/2050/2400 2941/2019/2400 2943/2021/2400
f 2943/2037/2401 2940/2016/2401 2969/2053/2401
f 3443/2504/2540 3456/2518/2540 3458/2517/2540
f 3447/2499/4672 3458/5434/4672 3455/2513/4672
f 3449/2510/2542 3451/2509/2542 3468/2528/2542
f 3451/4699/2543 3448/2505/2543 3462/2522/2543
f 3450/2512/2544 3453/2508/2544 3446/2500/2544
f 3453/2508/2545 3449/2510/2545 3443/2504/2545
f 3457/2521/2546 3460/2520/2546 3467/2525/2546
f 3460/2516/2547 3456/2518/2547 3464/2530/2547
f 3470/2536/2548 3472/2535/2548 3461/2519/2548
f 3472/4700/2549 3469/2531/2549 3455/2513/2549
f 3478/2546/2550 3463/2527/2550 3465/2526/2550
f 3465/4701/2551 3462/2522/2551 3476/2539/2551
f 3477/2544/2552 3471/2538/2552 3474/2534/2552
f 3474/2534/2553 3470/2536/2553 3478/2546/2553
f 3471/2538/2554 3484/2552/2554 3486/2551/2554
f 3486/4702/2555 3483/2547/2555 3469/2531/2555
f 3492/2562/2556 3477/2544/2556 3479/2543/2556
f 3496/2557/2557 3479/5440/2557 3476/2539/2557
f 3491/2560/2558 3485/2554/2558 3488/2550/2558
f 3488/2550/2559 3484/2552/2559 3492/2562/2559
f 3498/2568/2560 3500/2567/2560 3489/4703/2560
f 3500/4705/2561 3497/2563/2561 3483/2547/2561
f 3506/2578/2562 3491/5637/2562 3493/4706/2562
f 3493/4707/4673 3490/2555/4673 3504/2571/4673
f 3499/2570/2564 3502/2566/2564 3509/2574/2564
f 3502/2566/2565 3498/2568/2565 3506/2578/2565
f 3512/2584/2566 3514/2583/2566 3503/2569/2566
f 3514/4708/2567 3511/2579/2567 3497/2563/2567
f 3520/2594/2568 3505/2576/2568 3507/2575/2568
f 3507/4709/2569 3504/2571/2569 3518/2587/2569
f 3513/2586/2570 3516/2582/2570 3523/2590/2570
f 3516/2582/2571 3512/2584/2571 3520/2594/2571
f 3526/4710/2572 3528/5454/2572 3517/2585/2572
f 3517/2581/2573 3528/5451/2573 3525/2595/2573
f 3519/2592/2574 3521/2591/2574 3538/4711/2574
f 3538/2605/2575 3521/5449/2575 3518/2587/2575
f 3527/2602/2576 3530/2598/2576 3537/2606/2576
f 3530/2598/2577 3526/2600/2577 3534/2610/2577
f 3527/2602/2578 3540/2616/2578 3542/2615/2578
f 3531/2597/2579 3542/5458/2579 3539/2611/2579
f 3533/2608/2580 3535/2607/2580 3552/2625/2580
f 3552/2621/4674 3535/5456/4674 3532/2603/4674
f 3541/2618/2582 3544/2614/2582 3551/2622/2582
f 3544/2614/2583 3540/2616/2583 3548/2626/2583
f 3541/2618/2584 3554/2632/2584 3556/2631/2584
f 3556/4713/2585 3553/2627/2585 3539/2611/2585
f 3562/2644/2586 3547/2624/2586 3549/2623/2586
f 3549/4714/2587 3546/2619/2587 3560/2636/2587
f 3561/2641/2588 3555/2635/2588 3558/2634/2588
f 3558/2630/2589 3554/2632/2589 3562/2644/2589
f 3442/2502/2590 3444/2501/2590 3559/2633/2590
f 3444/4715/2591 3441/2497/2591 3553/2627/2591
f 3450/2512/2592 3561/2641/2592 3563/2640/2592
f 3563/4716/4675 3560/2636/4675 3448/2505/4675
f 3569/2652/2594 3582/2666/2594 3584/2665/2594
f 3573/2647/2595 3584/5467/2595 3581/2661/2595
f 3575/2658/2596 3577/2657/2596 3594/2676/2596
f 3577/4717/2597 3574/2653/2597 3588/2670/2597
f 3576/2660/2598 3579/2656/2598 3572/2648/2598
f 3579/2656/2599 3575/2658/2599 3569/2652/2599
f 3589/2675/2600 3583/2669/2600 3586/2668/2600
f 3586/2664/4676 3582/2666/4676 3590/2678/4676
f 3596/2684/2602 3598/2683/2602 3587/2667/2602
f 3587/2663/2603 3598/5473/2603 3595/2679/2603
f 3589/2675/4677 3591/2674/4677 3608/2693/4677
f 3608/2689/2605 3591/5470/2605 3588/2670/2605
f 3597/2686/2606 3600/2682/2606 3607/2690/2606
f 3607/2690/2607 3600/2682/2607 3596/2684/2607
f 3610/2700/2608 3612/2699/2608 3601/2685/2608
f 3612/4718/2609 3609/2695/2609 3595/2679/2609
f 3603/2692/2610 3605/2691/2610 3622/2709/2610
f 3622/2705/4678 3605/5475/4678 3602/2687/4678
f 3611/2702/2612 3614/2698/2612 3621/2706/2612
f 3614/2698/2613 3610/2700/2613 3618/2710/2613
f 3624/2716/2614 3626/2715/2614 3615/4719/2614
f 3626/4721/2615 3623/2711/2615 3609/2695/2615
f 3632/2726/2616 3617/5638/2616 3619/4722/2616
f 3619/4723/2617 3616/2703/2617 3630/2719/2617
f 3625/2718/2618 3628/2714/2618 3635/2722/2618
f 3628/2714/2619 3624/2716/2619 3632/2726/2619
f 3638/2732/2620 3640/2731/2620 3629/2717/2620
f 3629/2713/2621 3640/5483/2621 3637/2727/2621
f 3646/2742/2622 3631/2724/2622 3633/2723/2622
f 3633/4724/2623 3630/2719/2623 3644/2735/2623
f 3639/2734/2624 3642/2730/2624 3649/2738/2624
f 3649/2738/2625 3642/2730/2625 3638/2732/2625
f 3639/2734/4679 3652/5223/4679 3654/4725/4679
f 3643/2729/2627 3654/5486/2627 3651/2743/2627
f 3645/2740/2628 3647/2739/2628 3664/4726/2628
f 3647/4728/2629 3644/2735/2629 3658/2751/2629
f 3653/2750/2630 3656/2746/2630 3663/2754/2630
f 3656/2746/2631 3652/2748/2631 3660/2758/2631
f 3666/2764/4680 3668/2763/4680 3657/2749/4680
f 3668/4729/2633 3665/2759/2633 3651/2743/2633
f 3659/2756/2634 3661/2755/2634 3678/2773/2634
f 3678/2769/4681 3661/5490/4681 3658/2751/4681
f 3673/2772/2636 3667/2766/2636 3670/2762/2636
f 3670/2762/2637 3666/2764/2637 3674/2774/2637
f 3680/2780/2638 3682/2779/2638 3671/2765/2638
f 3682/4730/2639 3679/2775/2639 3665/2759/2639
f 3673/2772/2640 3675/2771/2640 3692/2790/2640
f 3692/2786/2641 3675/5493/2641 3672/2767/2641
f 3681/2783/2642 3684/2782/2642 3691/2787/2642
f 3691/2791/2643 3684/2778/2643 3680/2780/2643
f 3568/2650/2644 3570/2649/2644 3685/2781/2644
f 3570/4731/2645 3567/2645/2645 3679/2775/2645
f 3687/2789/2646 3689/2788/2646 3580/2659/2646
f 3689/4732/2647 3686/2784/2647 3574/2653/2647
f 347/307/2854 333/289/2854 305/257/2854
f 314/272/2855 328/286/2855 320/278/2855
f 341/301/2856 312/266/2856 306/260/2856
f 354/314/2857 326/282/2857 313/269/2857
f 327/266/2858 356/301/2858 348/295/2858
f 355/317/2859 342/304/2859 334/292/2859
f 403/373/2860 389/355/2860 361/321/2860
f 370/336/2861 384/352/2861 376/342/2861
f 397/367/2856 368/330/2856 362/324/2856
f 410/380/2862 382/346/2862 369/333/2862
f 383/349/2858 412/367/2858 404/361/2858
f 411/383/2863 398/370/2863 390/358/2863
f 571/551/2866 557/533/2866 529/499/2866
f 538/514/2867 552/530/2867 544/520/2867
f 565/545/2856 536/508/2856 530/502/2856
f 578/559/2868 550/524/2868 537/511/2868
f 551/527/2858 580/545/2858 572/539/2858
f 579/562/2869 566/548/2869 558/536/2869
f 627/3443/2870 613/3453/2870 585/566/2870
f 594/580/2871 608/594/2871 600/3441/2871
f 621/607/2856 592/574/2856 586/569/2856
f 606/3446/2872 593/3455/2872 620/604/2872
f 601/587/2858 607/574/2858 636/607/2858
f 635/3448/2873 622/3452/2873 614/599/2873
f 683/658/2874 669/646/2874 641/3464/2874
f 650/3452/2875 664/3448/2875 656/617/2875
f 671/651/2856 677/654/2856 648/629/2856
f 690/4902/2876 662/640/2876 649/632/2876
f 663/629/2858 692/654/2858 684/651/2858
f 691/594/2877 678/580/2877 670/3439/2877
f 839/3560/2840 767/3491/2840 833/3553/2840
f 767/3491/2840 773/3496/2840 833/3553/2840
f 773/3496/2840 779/3502/2840 785/3510/2840
f 785/3510/2840 791/3516/2840 797/3519/2840
f 797/3519/2840 803/3530/2840 809/3536/2840
f 809/3536/2840 815/3542/2840 821/3549/2840
f 821/3549/2840 827/3552/2840 773/3496/2840
f 827/3552/2840 833/3553/2840 773/3496/2840
f 773/3496/2840 785/3510/2840 821/3549/2840
f 785/3510/2840 797/3519/2840 821/3549/2840
f 771/3493/2882 777/3495/2882 774/3487/2882
f 843/3563/2883 771/3493/2883 768/3489/2883
f 782/3502/2843 776/3496/2843 788/3510/2843
f 776/3496/2843 770/3491/2843 788/3510/2843
f 770/3491/2843 842/3560/2843 836/3553/2843
f 836/3553/2843 830/3552/2843 770/3491/2843
f 830/3552/2843 824/3549/2843 770/3491/2843
f 824/3549/2843 818/3542/2843 812/3536/2843
f 812/3536/2843 806/3530/2843 800/3519/2843
f 800/3519/2843 794/3516/2843 788/3510/2843
f 824/3549/2843 812/3536/2843 800/3519/2843
f 800/3519/2843 788/3510/2843 824/3549/2843
f 777/3495/2884 783/3501/2884 780/4905/2884
f 783/3554/2885 789/3507/2885 786/3503/2885
f 789/3507/2886 795/3514/2886 792/3511/2886
f 795/3514/2887 801/3520/2887 798/3517/2887
f 801/4906/2888 807/3527/2888 804/3523/2888
f 807/3527/2856 813/3534/2856 810/3531/2856
f 813/3534/2889 819/3541/2889 816/4907/2889
f 819/3520/2890 825/3548/2890 822/3550/2890
f 825/3548/2891 831/3507/2891 828/3503/2891
f 831/3507/2892 837/3554/2892 834/3505/2892
f 837/3561/2893 843/3563/2893 840/3556/2893
f 2807/1849/3137 2793/1831/3137 2765/1795/3137
f 2767/1801/3138 2774/1810/3138 2788/1828/3138
f 2801/1843/3139 2772/1804/3139 2766/1798/3139
f 2814/1858/3140 2786/1822/3140 2773/1807/3140
f 2787/1825/3141 2816/1864/3141 2808/1852/3141
f 2815/1861/3142 2802/1846/3142 2794/1834/3142
f 2863/1921/3143 2849/1903/3143 2821/1867/3143
f 2830/1882/3144 2844/1900/3144 2836/1888/3144
f 2857/1915/3145 2828/1876/3145 2822/1870/3145
f 2842/1894/3146 2829/1879/3146 2856/1912/3146
f 2837/1891/3147 2843/1897/3147 2872/1936/3147
f 2871/1933/3148 2858/1918/3148 2850/1906/3148
f 2919/1991/3149 2905/1973/3149 2877/1939/3149
f 2886/1954/3150 2900/1970/3150 2892/1960/3150
f 2907/1979/2856 2913/1985/2856 2884/1948/2856
f 2898/1966/3151 2885/1951/3151 2912/1982/3151
f 2899/1948/2858 2928/2004/2858 2920/1979/2858
f 2927/2001/3152 2914/1988/3152 2906/1976/3152
f 2975/2059/3153 2961/2041/3153 2933/2007/3153
f 2942/2022/3154 2956/2038/3154 2948/2028/3154
f 2969/2053/2856 2940/2016/2856 2934/2010/2856
f 2954/2032/3155 2941/2019/3155 2968/2050/3155
f 2955/2035/2858 2984/2053/2858 2976/2062/2858
f 2983/2070/3156 2970/2056/3156 2962/2044/3156
f 3553/2627/3234 3441/2497/3234 3455/2513/3234
f 3455/2513/3234 3469/2531/3234 3483/2547/3234
f 3483/2547/3234 3497/2563/3234 3455/2513/3234
f 3497/2563/3234 3511/2579/3234 3455/2513/3234
f 3511/2579/3234 3525/2595/3234 3539/2611/3234
f 3539/2611/3234 3553/2627/3234 3511/2579/3234
f 3449/2510/3235 3464/2530/3235 3456/2518/3235
f 3555/2635/3236 3561/2641/3236 3450/2512/3236
f 3476/2539/3237 3462/2522/3237 3448/2505/3237
f 3448/2505/3237 3560/2636/3237 3546/2619/3237
f 3546/2619/3237 3532/2603/3237 3518/2587/3237
f 3518/2587/3237 3504/2571/3237 3490/2555/3237
f 3490/2555/3237 3476/2539/3237 3518/2587/3237
f 3476/2539/3237 3448/2505/3237 3518/2587/3237
f 3463/2527/3238 3478/2546/3238 3470/2536/3238
f 3477/2544/3239 3492/2562/3239 3484/2552/3239
f 3485/4704/3240 3491/5637/3240 3506/2578/3240
f 3505/2576/2840 3520/2594/2840 3512/2584/2840
f 3519/2592/3241 3534/4712/3241 3526/4710/3241
f 3533/2608/3242 3548/2626/3242 3540/2616/3242
f 3547/2624/3243 3562/2644/3243 3554/2632/3243
f 3679/2775/3244 3567/2645/3244 3581/2661/3244
f 3581/2661/3244 3595/2679/3244 3609/2695/3244
f 3609/2695/3244 3623/2711/3244 3581/2661/3244
f 3623/2711/3244 3637/2727/3244 3581/2661/3244
f 3637/2727/3244 3651/2743/3244 3665/2759/3244
f 3665/2759/3244 3679/2775/3244 3637/2727/3244
f 3575/2658/3245 3590/2678/3245 3582/2666/3245
f 3687/2789/3246 3576/2660/3246 3568/2650/3246
f 3602/2687/3247 3588/2670/3247 3574/2653/3247
f 3574/2653/3247 3686/2784/3247 3644/2735/3247
f 3686/2784/3247 3672/2767/3247 3644/2735/3247
f 3672/2767/3247 3658/2751/3247 3644/2735/3247
f 3644/2735/3247 3630/2719/3247 3616/2703/3247
f 3616/2703/3247 3602/2687/3247 3644/2735/3247
f 3589/2675/3248 3604/2694/3248 3596/2684/3248
f 3603/2692/3249 3618/2710/3249 3610/2700/3249
f 3611/4720/3250 3617/5638/3250 3632/2726/3250
f 3631/2724/2840 3646/2742/2840 3638/2732/2840
f 3645/2740/3251 3660/4727/3251 3652/5223/3251
f 3659/2756/3252 3674/2774/3252 3666/2764/3252
f 3673/2772/3253 3688/2792/3253 3680/2780/3253
usemtl iron
f 417/387/233 421/388/233 423/389/233
f 418/390/234 421/391/234 420/392/234
f 419/393/235 421/394/235 422/395/235
f 424/396/236 428/397/236 430/398/236
f 425/387/237 428/388/237 427/399/237
f 426/400/238 428/401/238 429/402/238
f 431/403/239 435/404/239 437/405/239
f 432/406/240 435/407/240 434/408/240
f 433/390/241 435/409/241 436/410/241
f 438/403/242 442/411/242 444/412/242
f 439/396/243 442/397/243 441/413/243
f 440/414/244 442/415/244 443/416/244
f 445/417/245 449/418/245 451/419/245
f 446/393/246 449/394/246 448/420/246
f 447/421/247 449/422/247 450/423/247
f 452/417/248 456/418/248 458/424/248
f 453/425/249 456/426/249 455/427/249
f 454/400/250 456/401/250 457/428/250
f 459/429/251 463/430/251 465/431/251
f 460/421/252 463/422/252 462/432/252
f 461/406/253 463/407/253 464/433/253
f 466/429/254 470/430/254 472/434/254
f 467/414/255 470/415/255 469/435/255
f 468/425/256 470/426/256 471/436/256
f 473/437/233 477/438/233 479/439/233
f 474/440/257 477/441/257 476/442/257
f 475/443/258 477/444/258 478/445/258
f 480/446/259 484/447/259 486/448/259
f 481/437/260 484/438/260 483/449/260
f 482/450/238 484/451/238 485/452/238
f 487/453/239 491/454/239 493/455/239
f 488/456/261 491/457/261 490/458/261
f 489/459/241 491/460/241 492/461/241
f 494/453/262 498/454/262 500/462/262
f 495/463/263 498/464/263 497/465/263
f 496/466/244 498/467/244 499/468/244
f 501/469/245 505/470/245 507/471/245
f 502/472/246 505/473/246 504/474/246
f 503/475/247 505/476/247 506/477/247
f 508/469/248 512/478/248 514/479/248
f 509/480/264 512/481/264 511/482/264
f 510/483/265 512/451/265 513/484/265
f 515/485/251 519/486/251 521/487/251
f 516/488/266 519/489/266 518/490/266
f 517/456/253 519/491/253 520/492/253
f 522/485/254 526/486/254 528/493/254
f 523/466/267 526/494/267 525/495/267
f 524/496/256 526/497/256 527/498/256
f 2989/2074/841 2993/2075/841 2995/2076/841
f 2990/2077/842 2993/2078/842 2992/2079/842
f 2991/2080/258 2993/2081/258 2994/2082/258
f 2996/2083/236 3000/2084/236 3002/2085/236
f 2997/2074/237 3000/2075/237 2999/2086/237
f 2998/2087/843 3000/2088/843 3001/2089/843
f 3003/2090/844 3007/2091/844 3009/2092/844
f 3004/2093/845 3007/2094/845 3006/2095/845
f 3005/2077/846 3007/2078/846 3008/2096/846
f 3010/2090/262 3014/2097/262 3016/2098/262
f 3011/2083/847 3014/2084/847 3013/2099/847
f 3012/2100/848 3014/2101/848 3015/2102/848
f 3017/2103/849 3021/2104/849 3023/2105/849
f 3018/2106/246 3021/2107/246 3020/2108/246
f 3019/2109/850 3021/2110/850 3022/2111/850
f 3024/2103/851 3028/2104/851 3030/2112/851
f 3025/2113/852 3028/2114/852 3027/2115/852
f 3026/2116/853 3028/2117/853 3029/2118/853
f 3031/2119/854 3035/2120/854 3037/2121/854
f 3032/2109/855 3035/2110/855 3034/2122/855
f 3033/2093/856 3035/2123/856 3036/2124/856
f 3038/2119/857 3042/2125/857 3044/2126/857
f 3039/2100/267 3042/2127/267 3041/2128/267
f 3040/2113/858 3042/2114/858 3043/2129/858
f 417/387/1406 434/3407/1406 431/403/1406
f 434/408/1407 419/393/1407 432/406/1407
f 424/396/1408 422/3408/1408 418/390/1408
f 422/395/1409 426/400/1409 419/393/1409
f 425/387/1410 444/412/1410 429/389/1410
f 444/435/1411 426/400/1411 429/402/1411
f 439/396/1412 436/410/1412 443/398/1412
f 436/433/1413 440/414/1413 443/416/1413
f 459/429/1414 437/405/1414 462/434/1414
f 437/3409/1415 460/421/1415 462/432/1415
f 466/429/1416 441/3410/1416 438/403/1416
f 472/427/1417 439/396/1417 441/413/1417
f 467/414/1418 464/433/1418 471/416/1418
f 464/423/1419 468/425/1419 471/436/1419
f 445/417/1420 465/431/1420 448/424/1420
f 465/408/1421 446/393/1421 448/420/1421
f 452/417/1422 469/431/1422 466/429/1422
f 469/435/1423 454/400/1423 467/414/1423
f 453/425/1424 450/423/1424 457/436/1424
f 450/395/1425 454/400/1425 457/428/1425
f 445/417/1426 420/399/1426 417/387/1426
f 451/432/1427 418/390/1427 420/392/1427
f 425/387/1428 455/419/1428 452/417/1428
f 427/413/1429 453/425/1429 455/427/1429
f 473/437/1406 490/462/1406 487/453/1406
f 479/3411/1407 488/456/1407 490/458/1407
f 480/446/1408 478/3412/1408 474/440/1408
f 478/445/1409 482/450/1409 475/443/1409
f 494/453/1430 485/439/1430 481/437/1430
f 500/495/1411 482/450/1411 485/452/1411
f 495/463/1412 492/461/1412 499/3413/1412
f 492/492/1413 496/466/1413 499/468/1413
f 487/453/1414 518/493/1414 515/485/1414
f 493/3414/1415 516/488/1415 518/490/1415
f 522/485/1416 497/455/1416 494/453/1416
f 528/3415/1417 495/463/1417 497/465/1417
f 523/466/1418 520/492/1418 527/468/1418
f 520/3416/1419 524/496/1419 527/498/1419
f 515/485/1420 504/3417/1420 501/469/1420
f 521/458/1421 502/472/1421 504/474/1421
f 508/469/1431 525/487/1431 522/485/1431
f 514/3418/1423 523/466/1423 525/495/1423
f 509/480/1424 506/477/1424 513/3419/1424
f 506/3420/1425 510/483/1425 513/484/1425
f 501/469/1426 476/449/1426 473/437/1426
f 476/442/1427 503/475/1427 474/440/1427
f 481/437/1428 511/3421/1428 508/469/1428
f 483/3422/1429 509/480/1429 511/482/1429
f 2989/2074/1406 3006/4553/1406 3003/2090/1406
f 3006/2095/1407 2991/2080/1407 3004/2093/1407
f 2996/2083/1408 2994/2096/1408 2990/2077/1408
f 3002/4554/1409 2991/2080/1409 2994/2082/1409
f 3010/2090/1410 3001/2076/1410 2997/2074/1410
f 3016/4555/1411 2998/2087/1411 3001/2089/1411
f 3005/2077/1412 3015/2085/1412 3011/2083/1412
f 3015/2102/1413 3004/2093/1413 3012/2100/1413
f 3003/2090/1414 3034/4556/1414 3031/2119/1414
f 3009/2079/1415 3032/2109/1415 3034/2122/1415
f 3038/2119/1416 3013/4557/1416 3010/2090/1416
f 3044/2115/1417 3011/2083/1417 3013/2099/1417
f 3033/2093/1418 3043/4558/1418 3039/2100/1418
f 3036/2111/1419 3040/2113/1419 3043/2129/1419
f 3031/2119/1420 3020/2112/1420 3017/2103/1420
f 3020/2108/1421 3033/2093/1421 3018/2106/1421
f 3024/2103/1422 3041/4559/1422 3038/2119/1422
f 3030/4560/1423 3039/2100/1423 3041/2128/1423
f 3019/2109/1424 3029/2129/1424 3025/2113/1424
f 3022/4561/1425 3026/2116/1425 3029/2118/1425
f 3017/2103/1426 2992/2086/1426 2989/2074/1426
f 3023/2122/1427 2990/2077/1427 2992/2079/1427
f 2997/2074/1428 3027/2105/1428 3024/2103/1428
f 2999/2099/1429 3025/2113/1429 3027/2115/1429
f 459/429/2840 417/387/2840 431/403/2840
f 426/400/2864 432/406/2864 419/393/2864
f 453/425/2856 418/390/2856 447/421/2856
f 438/403/2843 452/417/2843 466/429/2843
f 439/396/2858 460/421/2858 433/390/2858
f 467/414/2865 446/393/2865 461/406/2865
f 515/485/2840 473/437/2840 487/453/2840
f 482/450/2864 488/456/2864 475/443/2864
f 509/480/2856 474/440/2856 503/475/2856
f 522/485/2843 481/437/2843 508/469/2843
f 495/463/2858 516/488/2858 489/459/2858
f 523/466/2865 502/472/2865 517/456/2865
f 3031/2119/2840 2989/2074/2840 3003/2090/2840
f 2998/2087/2864 3004/2093/2864 2991/2080/2864
f 3025/2113/2856 2990/2077/2856 3019/2109/2856
f 3010/2090/2843 3024/2103/2843 3038/2119/2843
f 3011/2083/2858 3032/2109/2858 3005/2077/2858
f 3039/2100/2865 3018/2106/2865 3033/2093/2865
f 417/387/3422 420/399/3422 421/388/3422
f 418/390/3423 422/3408/3423 421/391/3423
f 419/393/3424 423/420/3424 421/394/3424
f 424/396/3425 427/413/3425 428/397/3425
f 425/387/3426 429/389/3426 428/388/3426
f 426/400/3427 430/428/3427 428/401/3427
f 431/403/3428 434/3407/3428 435/404/3428
f 432/406/3429 436/433/3429 435/407/3429
f 433/390/3430 437/3409/3430 435/409/3430
f 438/403/3431 441/3410/3431 442/411/3431
f 439/396/3432 443/398/3432 442/397/3432
f 440/414/3433 444/435/3433 442/415/3433
f 445/417/3434 448/424/3434 449/418/3434
f 446/393/3435 450/395/3435 449/394/3435
f 447/421/3436 451/432/3436 449/422/3436
f 452/417/3437 455/419/3437 456/418/3437
f 453/425/3438 457/436/3438 456/426/3438
f 454/400/3439 458/402/3439 456/401/3439
f 459/429/3440 462/434/3440 463/430/3440
f 460/421/3441 464/423/3441 463/422/3441
f 461/406/3442 465/408/3442 463/407/3442
f 466/429/3443 469/431/3443 470/430/3443
f 467/414/3444 471/416/3444 470/415/3444
f 468/425/3445 472/427/3445 470/426/3445
f 473/437/3422 476/449/3422 477/438/3422
f 474/440/3423 478/3412/3423 477/441/3423
f 475/443/3424 479/3411/3424 477/444/3424
f 480/446/3446 483/3422/3446 484/447/3446
f 481/437/3447 485/439/3447 484/438/3447
f 482/450/3427 486/5257/3427 484/451/3427
f 487/453/3428 490/462/3428 491/454/3428
f 488/456/3429 492/492/3429 491/457/3429
f 489/459/3448 493/3414/3448 491/460/3448
f 494/453/3449 497/455/3449 498/454/3449
f 495/463/3432 499/3413/3432 498/464/3432
f 496/466/3450 500/495/3450 498/467/3450
f 501/469/3434 504/3417/3434 505/470/3434
f 502/472/3435 506/3420/3435 505/473/3435
f 503/475/3451 507/5258/3451 505/476/3451
f 508/469/3437 511/3421/3437 512/478/3437
f 509/480/3452 513/3419/3452 512/481/3452
f 510/483/3453 514/3418/3453 512/451/3453
f 515/485/3454 518/493/3454 519/486/3454
f 516/488/3441 520/3416/3441 519/489/3441
f 517/456/3442 521/458/3442 519/491/3442
f 522/485/3443 525/487/3443 526/486/3443
f 523/466/3444 527/468/3444 526/494/3444
f 524/496/3455 528/3415/3455 526/497/3455
f 2989/2074/3997 2992/2086/3997 2993/2075/3997
f 2990/2077/3998 2994/2096/3998 2993/2078/3998
f 2991/2080/3999 2995/5386/3999 2993/2081/3999
f 2996/2083/4000 2999/2099/4000 3000/2084/4000
f 2997/2074/3426 3001/2076/3426 3000/2075/3426
f 2998/2087/4001 3002/4554/4001 3000/2088/4001
f 3003/2090/3428 3006/4553/3428 3007/2091/3428
f 3004/2093/3429 3008/5387/3429 3007/2094/3429
f 3005/2077/4002 3009/2079/4002 3007/2078/4002
f 3010/2090/4003 3013/4557/4003 3014/2097/4003
f 3011/2083/4004 3015/2085/4004 3014/2084/4004
f 3012/2100/4005 3016/4555/4005 3014/2101/4005
f 3017/2103/3434 3020/2112/3434 3021/2104/3434
f 3018/2106/4006 3022/4561/4006 3021/2107/4006
f 3019/2109/4007 3023/2122/4007 3021/2110/4007
f 3024/2103/3437 3027/2105/3437 3028/2104/3437
f 3025/2113/4008 3029/2129/4008 3028/2114/4008
f 3026/2116/4009 3030/4560/4009 3028/2117/4009
f 3031/2119/4010 3034/4556/4010 3035/2120/4010
f 3032/2109/4011 3036/2111/4011 3035/2110/4011
f 3033/2093/3442 3037/5388/3442 3035/2123/3442
f 3038/2119/3443 3041/4559/3443 3042/2125/3443
f 3039/2100/4012 3043/4558/4012 3042/2127/4012
f 3040/2113/3455 3044/2115/3455 3042/2114/3455
f 417/387/1406 423/389/1406 434/3407/1406
f 434/408/1407 423/420/1407 419/393/1407
f 424/396/1408 430/398/1408 422/3408/1408
f 422/395/1409 430/428/1409 426/400/1409
f 425/387/1410 438/403/1410 444/412/1410
f 444/435/1411 440/414/1411 426/400/1411
f 439/396/1412 433/390/1412 436/410/1412
f 436/433/1413 432/406/1413 440/414/1413
f 459/429/1414 431/403/1414 437/405/1414
f 437/3409/1415 433/390/1415 460/421/1415
f 466/429/1416 472/434/1416 441/3410/1416
f 472/427/1417 468/425/1417 439/396/1417
f 467/414/1418 461/406/1418 464/433/1418
f 464/423/1419 460/421/1419 468/425/1419
f 445/417/1420 459/429/1420 465/431/1420
f 465/408/1421 461/406/1421 446/393/1421
f 452/417/1422 458/424/1422 469/431/1422
f 469/435/1423 458/402/1423 454/400/1423
f 453/425/1424 447/421/1424 450/423/1424
f 450/395/1425 446/393/1425 454/400/1425
f 445/417/1426 451/419/1426 420/399/1426
f 451/432/1427 447/421/1427 418/390/1427
f 425/387/1428 427/399/1428 455/419/1428
f 427/413/1429 424/396/1429 453/425/1429
f 473/437/1406 479/439/1406 490/462/1406
f 479/3411/1407 475/443/1407 488/456/1407
f 480/446/1408 486/448/1408 478/3412/1408
f 478/445/1409 486/5257/1409 482/450/1409
f 494/453/1410 500/462/1410 485/439/1410
f 500/495/1411 496/466/1411 482/450/1411
f 495/463/1412 489/459/1412 492/461/1412
f 492/492/1413 488/456/1413 496/466/1413
f 487/453/1414 493/455/1414 518/493/1414
f 493/3414/1415 489/459/1415 516/488/1415
f 522/485/1416 528/493/1416 497/455/1416
f 528/3415/1417 524/496/1417 495/463/1417
f 523/466/1418 517/456/1418 520/492/1418
f 520/3416/1419 516/488/1419 524/496/1419
f 515/485/1420 521/487/1420 504/3417/1420
f 521/458/1421 517/456/1421 502/472/1421
f 508/469/1422 514/479/1422 525/487/1422
f 514/3418/1423 510/483/1423 523/466/1423
f 509/480/1424 503/475/1424 506/477/1424
f 506/3420/1425 502/472/1425 510/483/1425
f 501/469/1426 507/471/1426 476/449/1426
f 476/442/1427 507/5258/1427 503/475/1427
f 481/437/1428 483/449/1428 511/3421/1428
f 483/3422/1429 480/446/1429 509/480/1429
f 2989/2074/1406 2995/2076/1406 3006/4553/1406
f 3006/2095/1407 2995/5386/1407 2991/2080/1407
f 2996/2083/1408 3002/2085/1408 2994/2096/1408
f 3002/4554/1409 2998/2087/1409 2991/2080/1409
f 3010/2090/1410 3016/2098/1410 3001/2076/1410
f 3016/4555/1411 3012/2100/1411 2998/2087/1411
f 3005/2077/1412 3008/2096/1412 3015/2085/1412
f 3015/2102/1413 3008/5387/1413 3004/2093/1413
f 3003/2090/1414 3009/2092/1414 3034/4556/1414
f 3009/2079/1415 3005/2077/1415 3032/2109/1415
f 3038/2119/1416 3044/2126/1416 3013/4557/1416
f 3044/2115/1417 3040/2113/1417 3011/2083/1417
f 3033/2093/1418 3036/2124/1418 3043/4558/1418
f 3036/2111/1419 3032/2109/1419 3040/2113/1419
f 3031/2119/1420 3037/2121/1420 3020/2112/1420
f 3020/2108/1421 3037/5388/1421 3033/2093/1421
f 3024/2103/1422 3030/2112/1422 3041/4559/1422
f 3030/4560/1423 3026/2116/1423 3039/2100/1423
f 3019/2109/1424 3022/2111/1424 3029/2129/1424
f 3022/4561/1425 3018/2106/1425 3026/2116/1425
f 3017/2103/1426 3023/2105/1426 2992/2086/1426
f 3023/2122/1427 3019/2109/1427 2990/2077/1427
f 2997/2074/1428 2999/2086/1428 3027/2105/1428
f 2999/2099/1429 2996/2083/1429 3025/2113/1429
f 459/429/2840 445/417/2840 417/387/2840
f 426/400/2864 440/414/2864 432/406/2864
f 453/425/2856 424/396/2856 418/390/2856
f 438/403/2843 425/387/2843 452/417/2843
f 439/396/2858 468/425/2858 460/421/2858
f 467/414/2865 454/400/2865 446/393/2865
f 515/485/2840 501/469/2840 473/437/2840
f 482/450/2864 496/466/2864 488/456/2864
f 509/480/2856 480/446/2856 474/440/2856
f 522/485/2843 494/453/2843 481/437/2843
f 495/463/2858 524/496/2858 516/488/2858
f 523/466/2865 510/483/2865 502/472/2865
f 3031/2119/2840 3017/2103/2840 2989/2074/2840
f 2998/2087/2864 3012/2100/2864 3004/2093/2864
f 3025/2113/2856 2996/2083/2856 2990/2077/2856
f 3010/2090/2843 2997/2074/2843 3024/2103/2843
f 3011/2083/2858 3040/2113/2858 3032/2109/2858
f 3039/2100/2865 3026/2116/2865 3018/2106/2865
usemtl rag
f 697/667/340 701/668/340 703/669/340
f 698/670/341 701/671/341 700/672/341
f 699/673/342 701/671/342 702/674/342
f 704/667/343 708/668/343 710/675/343
f 705/676/344 708/677/344 707/678/344
f 706/679/345 708/677/345 709/680/345
f 711/681/346 715/682/346 717/683/346
f 712/684/347 715/685/347 714/686/347
f 713/687/348 715/685/348 716/688/348
f 718/681/349 722/682/349 724/689/349
f 719/690/350 722/691/350 721/692/350
f 720/693/351 722/691/351 723/694/351
f 725/695/352 729/696/352 731/697/352
f 726/698/353 729/699/353 728/700/353
f 727/701/354 729/702/354 730/703/354
f 732/695/355 736/704/355 738/705/355
f 733/706/356 736/707/356 735/708/356
f 734/709/357 736/710/357 737/711/357
f 739/712/358 743/713/358 745/714/358
f 740/715/359 743/716/359 742/717/359
f 741/698/360 743/718/360 744/719/360
f 746/712/361 750/720/361 752/721/361
f 747/709/362 750/722/362 749/723/362
f 748/724/363 750/725/363 751/726/363
f 753/727/364 757/728/364 759/729/364
f 754/687/365 757/685/365 756/730/365
f 755/731/366 757/685/366 758/732/366
f 760/727/367 764/728/367 766/733/367
f 761/734/368 764/691/368 763/735/368
f 762/736/369 764/691/369 765/737/369
f 1771/1016/466 1775/1017/466 1777/1018/466
f 1772/1019/341 1775/1020/341 1774/1021/341
f 1773/1022/342 1775/1020/342 1776/1023/342
f 1778/1016/467 1782/1024/467 1784/1025/467
f 1779/1026/344 1782/1027/344 1781/1028/344
f 1780/1029/468 1782/1027/468 1783/1030/468
f 1785/1031/346 1789/1032/346 1791/1033/346
f 1786/1034/347 1789/1035/347 1788/1036/347
f 1787/1037/348 1789/1035/348 1790/1038/348
f 1792/1031/469 1796/1032/469 1798/1039/469
f 1793/1040/350 1796/1041/350 1795/1042/350
f 1794/1043/351 1796/1041/351 1797/1044/351
f 1799/1045/470 1803/1046/470 1805/1047/470
f 1800/1048/353 1803/1049/353 1802/1050/353
f 1801/1051/354 1803/1052/354 1804/1053/354
f 1806/1045/471 1810/1046/471 1812/1054/471
f 1807/1055/356 1810/1056/356 1809/1057/356
f 1808/1058/357 1810/1059/357 1811/1060/357
f 1813/1061/472 1817/1062/472 1819/1063/472
f 1814/1064/359 1817/1065/359 1816/1066/359
f 1815/1048/360 1817/1049/360 1818/1067/360
f 1820/1061/473 1824/1062/473 1826/1068/473
f 1821/1058/362 1824/1059/362 1823/1069/362
f 1822/1070/363 1824/1071/363 1825/1072/363
f 1827/1073/364 1831/1074/364 1833/1075/364
f 1828/1037/474 1831/1076/474 1830/1077/474
f 1829/1034/475 1831/1076/475 1832/1038/475
f 1834/1073/476 1838/1074/476 1840/1078/476
f 1835/1043/477 1838/1079/477 1837/1080/477
f 1836/1040/369 1838/1079/369 1839/1044/369
f 2013/1199/542 2017/1200/542 2019/1201/542
f 2018/1202/543 2016/1203/543 2014/1204/543
f 2019/1205/544 2018/1202/544 2015/1206/544
f 2020/1207/545 2024/1208/545 2026/1209/545
f 2025/1210/546 2023/1211/546 2021/1212/546
f 2026/1213/547 2025/1210/547 2022/1214/547
f 2027/1215/548 2031/1216/548 2033/1217/548
f 2032/1218/549 2030/1219/549 2028/1220/549
f 2033/1217/550 2032/1221/550 2029/1222/550
f 2034/1223/551 2038/1224/551 2040/1225/551
f 2039/1226/552 2037/1227/552 2035/1228/552
f 2040/1229/553 2039/1230/553 2036/1231/553
f 2041/1232/554 2045/1233/554 2047/1234/554
f 2046/1235/555 2044/1236/555 2042/1237/555
f 2047/1234/556 2046/1235/556 2043/1238/556
f 2048/1239/557 2052/1240/557 2054/1241/557
f 2053/1242/558 2051/1243/558 2049/1244/558
f 2054/1241/559 2053/1242/559 2050/1245/559
f 2055/1246/560 2059/1247/560 2061/1248/560
f 2060/1249/561 2058/1250/561 2056/1251/561
f 2061/1248/562 2060/1249/562 2057/1252/562
f 2062/1253/563 2066/1254/563 2068/1255/563
f 2067/1256/564 2065/1257/564 2063/1258/564
f 2068/1255/565 2067/1256/565 2064/1259/565
f 2069/1260/566 2073/1261/566 2075/1262/566
f 2074/1263/567 2072/1264/567 2070/1265/567
f 2075/1266/568 2074/1263/568 2071/1267/568
f 2076/1268/569 2080/1269/569 2082/1270/569
f 2081/1271/570 2079/1272/570 2077/1273/570
f 2082/1274/571 2081/1271/571 2078/1275/571
f 2083/1276/572 2087/1277/572 2089/1278/572
f 2088/1279/573 2086/1280/573 2084/1281/573
f 2089/1282/574 2088/1279/574 2085/1283/574
f 2090/1284/575 2094/1285/575 2096/1286/575
f 2095/1287/576 2093/1288/576 2091/1289/576
f 2096/1290/577 2095/1287/577 2092/1291/577
f 2097/1292/578 2101/1293/578 2103/1294/578
f 2102/1295/579 2100/1296/579 2098/1297/579
f 2103/1294/580 2102/1295/580 2099/1298/580
f 2104/1299/581 2108/1300/581 2110/1301/581
f 2109/1302/582 2107/1303/582 2105/1304/582
f 2110/1301/583 2109/1302/583 2106/1305/583
f 2111/1306/584 2115/1307/584 2117/1308/584
f 2116/1309/585 2114/1310/585 2112/1311/585
f 2117/1308/586 2116/1309/586 2113/1312/586
f 2118/1313/587 2122/1314/587 2124/1315/587
f 2123/1316/588 2121/1317/588 2119/1318/588
f 2124/1315/589 2123/1316/589 2120/1319/589
f 2125/1320/590 2129/1321/590 2131/1322/590
f 2130/1323/591 2128/1324/591 2126/1325/591
f 2131/1326/592 2130/1327/592 2127/1328/592
f 2132/1329/593 2136/1330/593 2138/1331/593
f 2137/1332/594 2135/1333/594 2133/1334/594
f 2138/1331/595 2137/1335/595 2134/1336/595
f 3217/2250/542 3221/2251/542 3223/2252/542
f 3222/2253/543 3220/2254/543 3218/2255/543
f 3223/2256/544 3222/2253/544 3219/2257/544
f 3224/2258/545 3228/2259/545 3230/2260/545
f 3229/2261/546 3227/2262/546 3225/2263/546
f 3230/2264/923 3229/2261/923 3226/2265/923
f 3231/2266/548 3235/2267/548 3237/2268/548
f 3236/2269/924 3234/2270/924 3232/2271/924
f 3237/2268/550 3236/2272/550 3233/2273/550
f 3238/2274/551 3242/2275/551 3244/2276/551
f 3243/2277/925 3241/2278/925 3239/2279/925
f 3244/2280/553 3243/2281/553 3240/2282/553
f 3245/2283/554 3249/2284/554 3251/2285/554
f 3250/2286/555 3248/2287/555 3246/2288/555
f 3251/2285/556 3250/2286/556 3247/2289/556
f 3252/2290/926 3256/2291/926 3258/2292/926
f 3257/2293/558 3255/2294/558 3253/2295/558
f 3258/2292/559 3257/2293/559 3254/2296/559
f 3259/2297/560 3263/2298/560 3265/2299/560
f 3264/2300/927 3262/2301/927 3260/2302/927
f 3265/2299/562 3264/2300/562 3261/2303/562
f 3266/2304/928 3270/2305/928 3272/2306/928
f 3271/2307/564 3269/2308/564 3267/2309/564
f 3272/2306/929 3271/2307/929 3268/2310/929
f 3273/2311/930 3277/2312/930 3279/2313/930
f 3278/2314/931 3276/2315/931 3274/2316/931
f 3279/2317/568 3278/2314/568 3275/2318/568
f 3280/2319/569 3284/2320/569 3286/2321/569
f 3285/2322/570 3283/2323/570 3281/2324/570
f 3286/2325/571 3285/2322/571 3282/2326/571
f 3287/2327/572 3291/2328/572 3293/2329/572
f 3292/2330/573 3290/2331/573 3288/2332/573
f 3293/2333/932 3292/2330/932 3289/2334/932
f 3294/2335/933 3298/2336/933 3300/2337/933
f 3299/2338/934 3297/2339/934 3295/2340/934
f 3300/2341/577 3299/2338/577 3296/2342/577
f 3301/2343/578 3305/2344/578 3307/2345/578
f 3306/2346/579 3304/2347/579 3302/2348/579
f 3307/2345/935 3306/2346/935 3303/2349/935
f 3308/2350/581 3312/2351/581 3314/2352/581
f 3313/2353/936 3311/2354/936 3309/2355/936
f 3314/2352/583 3313/2353/583 3310/2356/583
f 3315/2357/937 3319/2358/937 3321/2359/937
f 3320/2360/938 3318/2361/938 3316/2362/938
f 3321/2359/586 3320/2360/586 3317/2363/586
f 3322/2364/939 3326/2365/939 3328/2366/939
f 3327/2367/588 3325/2368/588 3323/2369/588
f 3328/2366/940 3327/2367/940 3324/2370/940
f 3329/2371/590 3333/2372/590 3335/2373/590
f 3334/2374/941 3332/2375/941 3330/2376/941
f 3335/2377/942 3334/2378/942 3331/2379/942
f 3336/2380/943 3340/2381/943 3342/2382/943
f 3341/2383/594 3339/2384/594 3337/2385/594
f 3342/2382/595 3341/2386/595 3338/2387/595
f 699/673/1504 714/3468/1504 703/3469/1504
f 714/3470/1505 697/667/1505 703/669/1505
f 720/3471/1506 707/678/1506 724/3472/1506
f 724/689/1507 704/667/1507 718/681/1507
f 706/679/1508 702/674/1508 698/670/1508
f 709/680/1509 699/673/1509 702/674/1509
f 713/687/1510 723/694/1510 719/690/1510
f 716/688/1511 720/693/1511 723/694/1511
f 726/698/1512 717/730/1512 713/687/1512
f 717/683/1513 725/695/1513 711/681/1513
f 719/690/1514 738/3473/1514 734/709/1514
f 721/683/1515 732/695/1515 738/705/1515
f 727/701/1516 737/3474/1516 733/706/1516
f 730/3475/1517 734/709/1517 737/711/1517
f 727/701/1518 742/717/1518 731/3476/1518
f 742/3477/1519 725/695/1519 731/697/1519
f 733/706/1520 752/3478/1520 748/724/1520
f 735/697/1521 746/712/1521 752/721/1521
f 741/698/1522 751/3479/1522 747/709/1522
f 744/3480/1523 748/724/1523 751/726/1523
f 754/687/1524 745/3481/1524 741/698/1524
f 745/714/1525 753/727/1525 739/712/1525
f 762/736/1526 749/723/1526 766/692/1526
f 749/3482/1527 760/727/1527 766/733/1527
f 755/731/1528 765/737/1528 761/734/1528
f 758/732/1529 762/736/1529 765/737/1529
f 698/670/1530 759/3483/1530 755/3484/1530
f 700/675/1531 753/727/1531 759/729/1531
f 706/679/1532 763/3485/1532 710/3486/1532
f 710/675/1533 760/727/1533 704/667/1533
f 863/3567/1582 847/3568/1582 846/3569/1582
f 865/3570/1583 845/3571/1583 847/3568/1583
f 849/3572/1584 868/3573/1584 850/3574/1584
f 868/3573/1585 848/3575/1585 850/3574/1585
f 852/3576/1586 871/3577/1586 853/3578/1586
f 871/3577/1587 851/3579/1587 853/3578/1587
f 872/3580/1588 856/3568/1588 855/3571/1588
f 874/3581/1589 854/3569/1589 856/3568/1589
f 875/3582/1590 859/3578/1590 858/3579/1590
f 877/3577/1591 857/3576/1591 859/3578/1591
f 878/3583/1592 862/3574/1592 861/3575/1592
f 880/3573/1593 860/3572/1593 862/3574/1593
f 881/3584/1594 865/3570/1594 863/3567/1594
f 883/3585/1595 864/3586/1595 865/3570/1595
f 884/3587/1596 868/3573/1596 866/3588/1596
f 868/3573/1597 885/3589/1597 867/3583/1597
f 869/3590/1598 889/3591/1598 871/3577/1598
f 889/3591/1599 870/3582/1599 871/3577/1599
f 890/3592/1600 874/3581/1600 872/3580/1600
f 874/3581/1601 891/3593/1601 873/3594/1601
f 893/3595/1602 877/3577/1602 875/3582/1602
f 877/3577/1603 894/3596/1603 876/3590/1603
f 896/3589/1604 880/3573/1604 878/3583/1604
f 880/3573/1605 897/3587/1605 879/3588/1605
f 899/3597/1606 883/3598/1606 881/3599/1606
f 901/3600/1607 882/3601/1607 883/3598/1607
f 902/3602/1608 886/3603/1608 884/3587/1608
f 886/3603/1609 903/3604/1609 885/3589/1609
f 905/3605/1610 889/3591/1610 887/3596/1610
f 907/3606/1611 888/3607/1611 889/3591/1611
f 890/3608/1612 910/3609/1612 892/3610/1612
f 910/3609/1613 891/3611/1613 892/3610/1613
f 911/3612/1614 895/3591/1614 893/3595/1614
f 895/3591/1615 912/3605/1615 894/3596/1615
f 914/3604/1616 898/3603/1616 896/3589/1616
f 898/3603/1617 915/3602/1617 897/3587/1617
f 899/3597/1618 919/3613/1618 901/3600/1618
f 919/3613/1619 900/3614/1619 901/3600/1619
f 902/3602/1620 922/3615/1620 904/3616/1620
f 922/3615/1621 903/3604/1621 904/3616/1621
f 923/3617/1622 907/3606/1622 905/3605/1622
f 907/3606/1623 924/3618/1623 906/3612/1623
f 926/3619/1624 910/3609/1624 908/3620/1624
f 928/3621/1625 909/3622/1625 910/3609/1625
f 929/3618/1626 913/3606/1626 911/3612/1626
f 931/3623/1627 912/3605/1627 913/3606/1627
f 932/3624/1628 916/3616/1628 914/3604/1628
f 934/3625/1629 915/3602/1629 916/3616/1629
f 917/3626/1630 937/3627/1630 919/3613/1630
f 937/3627/1631 918/3628/1631 919/3613/1631
f 920/3629/1632 940/3630/1632 922/3615/1632
f 940/3630/1633 921/3624/1633 922/3615/1633
f 923/3617/1634 943/3631/1634 925/3623/1634
f 943/3631/1635 924/3618/1635 925/3623/1635
f 944/3632/1636 928/3621/1636 926/3619/1636
f 928/3621/1637 945/3633/1637 927/3634/1637
f 947/3635/1638 931/3623/1638 929/3618/1638
f 949/3631/1639 930/3617/1639 931/3623/1639
f 950/3636/1640 934/3625/1640 932/3624/1640
f 952/3637/1641 933/3638/1641 934/3625/1641
f 953/3639/1642 937/3640/1642 935/3641/1642
f 955/3642/1643 936/3643/1643 937/3640/1643
f 938/3644/1644 958/3645/1644 940/3630/1644
f 958/3645/1645 939/3636/1645 940/3630/1645
f 941/3646/1646 961/3647/1646 943/3631/1646
f 961/3647/1647 942/3635/1647 943/3631/1647
f 962/3648/1648 946/3649/1648 944/3650/1648
f 964/3651/1649 945/3652/1649 946/3649/1649
f 947/3635/1650 967/3647/1650 949/3631/1650
f 967/3647/1651 948/3646/1651 949/3631/1651
f 968/3653/1652 952/3637/1652 950/3636/1652
f 970/3654/1653 951/3644/1653 952/3637/1653
f 953/3639/1654 973/3655/1654 955/3642/1654
f 973/3655/1655 954/3656/1655 955/3642/1655
f 974/3657/1656 958/3645/1656 956/3658/1656
f 976/3659/1657 957/3653/1657 958/3645/1657
f 977/3660/1658 961/3647/1658 959/3661/1658
f 979/3662/1659 960/3663/1659 961/3647/1659
f 980/3664/1660 964/3651/1660 962/3648/1660
f 982/3665/1661 963/3666/1661 964/3651/1661
f 983/3667/1662 967/3647/1662 965/3663/1662
f 967/3647/1663 984/3660/1663 966/3661/1663
f 968/3653/1664 988/3659/1664 970/3654/1664
f 970/3654/1665 987/3657/1665 969/3668/1665
f 971/3669/1666 991/3670/1666 973/3655/1666
f 991/3670/1667 972/3671/1667 973/3655/1667
f 992/3672/1668 976/3659/1668 974/3657/1668
f 994/3673/1669 975/3674/1669 976/3659/1669
f 977/3660/1670 997/3675/1670 979/3662/1670
f 979/3662/1671 996/3676/1671 978/3677/1671
f 980/3664/1672 1000/3678/1672 982/3665/1672
f 982/3665/1673 999/3679/1673 981/3680/1673
f 1001/3676/1674 985/3681/1674 983/3667/1674
f 1003/3675/1675 984/3660/1675 985/3681/1675
f 986/3674/1676 1006/3673/1676 988/3659/1676
f 1006/3673/1677 987/3657/1677 988/3659/1677
f 1007/3682/1678 991/3627/1678 989/3683/1678
f 991/3627/1679 1008/3628/1679 990/3684/1679
f 1010/3685/1680 994/3673/1680 992/3672/1680
f 1012/3686/1681 993/3687/1681 994/3673/1681
f 1013/3688/1682 997/3675/1682 995/3689/1682
f 1015/3690/1683 996/3676/1683 997/3675/1683
f 998/3632/1684 1018/3621/1684 1000/3691/1684
f 1018/3621/1685 999/3633/1685 1000/3691/1685
f 1019/3692/1686 1003/3675/1686 1001/3676/1686
f 1003/3675/1687 1020/3688/1687 1002/3689/1687
f 1004/3687/1688 1024/3686/1688 1006/3673/1688
f 1006/3673/1689 1023/3693/1689 1005/3672/1689
f 1025/3597/1690 1009/3694/1690 1007/3682/1690
f 1027/3600/1691 1008/3628/1691 1009/3694/1691
f 1010/3685/1692 1030/3695/1692 1012/3686/1692
f 1012/3686/1693 1029/3696/1693 1011/3697/1693
f 1031/3698/1694 1015/3690/1694 1013/3688/1694
f 1033/3699/1695 1014/3700/1695 1015/3690/1695
f 1034/3620/1696 1018/3621/1696 1016/3619/1696
f 1036/3701/1697 1017/3634/1697 1018/3621/1697
f 1037/3702/1698 1021/3703/1698 1019/3692/1698
f 1039/3704/1699 1020/3688/1699 1021/3703/1699
f 1040/3696/1700 1024/3686/1700 1022/3697/1700
f 1042/3695/1701 1023/3693/1701 1024/3686/1701
f 1043/3705/1702 1027/3600/1702 1025/3597/1702
f 1027/3600/1703 1044/3706/1703 1026/3614/1703
f 1028/3707/1704 1048/3708/1704 1030/3695/1704
f 1030/3695/1705 1047/3709/1705 1029/3696/1705
f 1031/3698/1706 1051/3710/1706 1033/3699/1706
f 1033/3699/1707 1050/3711/1707 1032/3712/1707
f 1034/3620/1708 1054/3713/1708 1036/3701/1708
f 1054/3713/1709 1035/3622/1709 1036/3701/1709
f 1055/3711/1710 1039/3704/1710 1037/3702/1710
f 1039/3704/1711 1056/3714/1711 1038/3698/1711
f 1058/3709/1712 1042/3695/1712 1040/3696/1712
f 1060/3715/1713 1041/3716/1713 1042/3695/1713
f 1043/3717/1714 1063/3718/1714 1045/3719/1714
f 1063/3718/1715 1044/3720/1715 1045/3719/1715
f 1064/3721/1716 1048/3708/1716 1046/3722/1716
f 1066/3723/1717 1047/3709/1717 1048/3708/1717
f 1067/3724/1718 1051/3710/1718 1049/3714/1718
f 1051/3710/1719 1068/3725/1719 1050/3711/1719
f 1070/3726/1720 1054/3727/1720 1052/3728/1720
f 1072/3729/1721 1053/3730/1721 1054/3727/1721
f 1073/3725/1722 1057/3710/1722 1055/3711/1722
f 1075/3731/1723 1056/3714/1723 1057/3710/1723
f 1058/3709/1724 1078/3723/1724 1060/3715/1724
f 1078/3723/1725 1059/3732/1725 1060/3715/1725
f 1062/3733/1726 847/3568/1726 845/3571/1726
f 1063/3718/1727 846/3569/1727 847/3568/1727
f 1065/3734/1728 850/3574/1728 848/3575/1728
f 850/3574/1729 1064/3721/1729 849/3572/1729
f 1068/3725/1730 853/3578/1730 851/3579/1730
f 853/3578/1731 1067/3724/1731 852/3576/1731
f 1071/3735/1732 856/3568/1732 854/3569/1732
f 856/3568/1733 1070/3726/1733 855/3571/1733
f 1074/3724/1734 859/3578/1734 857/3576/1734
f 859/3578/1735 1073/3725/1735 858/3579/1735
f 1077/3721/1736 862/3574/1736 860/3572/1736
f 1078/3723/1737 861/3575/1737 862/3574/1737
f 1097/3736/1582 1081/3737/1582 1080/3738/1582
f 1099/3739/1583 1079/3740/1583 1081/3737/1583
f 1083/3572/1584 1102/3573/1584 1084/3574/1584
f 1102/3573/1585 1082/3575/1585 1084/3574/1585
f 1086/3576/1586 1105/3577/1586 1087/3578/1586
f 1105/3577/1738 1085/3579/1738 1087/3578/1738
f 1106/3741/1588 1090/3737/1588 1089/3740/1588
f 1108/3742/1589 1088/3738/1589 1090/3737/1589
f 1109/3582/1739 1093/3578/1739 1092/3579/1739
f 1111/3577/1591 1091/3576/1591 1093/3578/1591
f 1112/3583/1592 1096/3574/1592 1095/3575/1592
f 1114/3573/1740 1094/3572/1740 1096/3574/1740
f 1115/3743/1594 1099/3739/1594 1097/3736/1594
f 1117/3744/1595 1098/3745/1595 1099/3739/1595
f 1118/3587/1596 1102/3573/1596 1100/3588/1596
f 1102/3573/1597 1119/3589/1597 1101/3583/1597
f 1103/3590/1741 1123/3591/1741 1105/3577/1741
f 1123/3591/1599 1104/3582/1599 1105/3577/1599
f 1124/3746/1600 1108/3742/1600 1106/3741/1600
f 1108/3742/1601 1125/3747/1601 1107/3748/1601
f 1127/3595/1602 1111/3577/1602 1109/3582/1602
f 1111/3577/1603 1128/3596/1603 1110/3590/1603
f 1130/3589/1604 1114/3573/1604 1112/3583/1604
f 1114/3573/1742 1131/3587/1742 1113/3588/1742
f 1133/3749/1606 1117/3750/1606 1115/3751/1606
f 1135/3752/1607 1116/3753/1607 1117/3750/1607
f 1136/3602/1608 1120/3603/1608 1118/3587/1608
f 1120/3603/1609 1137/3604/1609 1119/3589/1609
f 1139/3605/1610 1123/3591/1610 1121/3596/1610
f 1141/3606/1611 1122/3607/1611 1123/3591/1611
f 1124/3754/1612 1144/3755/1612 1126/3756/1612
f 1144/3755/1613 1125/3757/1613 1126/3756/1613
f 1145/3612/1614 1129/3591/1614 1127/3595/1614
f 1129/3591/1743 1146/3605/1743 1128/3596/1743
f 1148/3604/1744 1132/3603/1744 1130/3589/1744
f 1132/3603/1617 1149/3602/1617 1131/3587/1617
f 1133/3749/1618 1153/3758/1618 1135/3752/1618
f 1153/3758/1619 1134/3759/1619 1135/3752/1619
f 1136/3602/1620 1156/3615/1620 1138/3616/1620
f 1156/3615/1621 1137/3604/1621 1138/3616/1621
f 1157/3617/1622 1141/3606/1622 1139/3605/1622
f 1141/3606/1623 1158/3618/1623 1140/3612/1623
f 1160/3760/1624 1144/3755/1624 1142/3761/1624
f 1162/3762/1625 1143/3763/1625 1144/3755/1625
f 1163/3618/1626 1147/3606/1626 1145/3612/1626
f 1165/3623/1627 1146/3605/1627 1147/3606/1627
f 1166/3624/1628 1150/3616/1628 1148/3604/1628
f 1168/3625/1629 1149/3602/1629 1150/3616/1629
f 1151/3764/1630 1171/3765/1630 1153/3758/1630
f 1171/3765/1631 1152/3766/1631 1153/3758/1631
f 1154/3629/1632 1174/3630/1632 1156/3615/1632
f 1174/3630/1745 1155/3624/1745 1156/3615/1745
f 1157/3617/1746 1177/3631/1746 1159/3623/1746
f 1177/3631/1747 1158/3618/1747 1159/3623/1747
f 1178/3767/1636 1162/3762/1636 1160/3760/1636
f 1162/3762/1637 1179/3768/1637 1161/3769/1637
f 1181/3635/1638 1165/3623/1638 1163/3618/1638
f 1183/3631/1639 1164/3617/1639 1165/3623/1639
f 1184/3636/1748 1168/3625/1748 1166/3624/1748
f 1186/3637/1641 1167/3638/1641 1168/3625/1641
f 1187/3770/1642 1171/3771/1642 1169/3772/1642
f 1189/3773/1643 1170/3774/1643 1171/3771/1643
f 1172/3644/1644 1192/3645/1644 1174/3630/1644
f 1192/3645/1749 1173/3636/1749 1174/3630/1749
f 1175/3646/1750 1195/3647/1750 1177/3631/1750
f 1195/3647/1647 1176/3635/1647 1177/3631/1647
f 1196/3775/1648 1180/3776/1648 1178/3777/1648
f 1198/3778/1649 1179/3779/1649 1180/3776/1649
f 1181/3635/1650 1201/3647/1650 1183/3631/1650
f 1201/3647/1651 1182/3646/1651 1183/3631/1651
f 1184/3636/1652 1204/3654/1652 1186/3637/1652
f 1204/3654/1653 1185/3644/1653 1186/3637/1653
f 1187/3770/1654 1207/3780/1654 1189/3773/1654
f 1207/3780/1655 1188/3781/1655 1189/3773/1655
f 1208/3657/1656 1192/3645/1656 1190/3658/1656
f 1210/3659/1751 1191/3653/1751 1192/3645/1751
f 1211/3660/1752 1195/3647/1752 1193/3661/1752
f 1213/3662/1659 1194/3663/1659 1195/3647/1659
f 1214/3782/1660 1198/3778/1660 1196/3775/1660
f 1198/3778/1661 1215/3783/1661 1197/3784/1661
f 1217/3667/1662 1201/3647/1662 1199/3663/1662
f 1201/3647/1663 1218/3660/1663 1200/3661/1663
f 1202/3653/1753 1222/3659/1753 1204/3654/1753
f 1204/3654/1665 1221/3657/1665 1203/3668/1665
f 1223/3785/1666 1207/3780/1666 1205/3786/1666
f 1225/3787/1667 1206/3788/1667 1207/3780/1667
f 1226/3672/1668 1210/3659/1668 1208/3657/1668
f 1228/3673/1669 1209/3674/1669 1210/3659/1669
f 1211/3660/1670 1231/3675/1670 1213/3662/1670
f 1213/3662/1671 1230/3676/1671 1212/3677/1671
f 1214/3782/1672 1234/3789/1672 1216/3790/1672
f 1216/3790/1673 1233/3791/1673 1215/3783/1673
f 1217/3667/1674 1237/3675/1674 1219/3681/1674
f 1237/3675/1675 1218/3660/1675 1219/3681/1675
f 1220/3674/1676 1240/3673/1676 1222/3659/1676
f 1240/3673/1677 1221/3657/1677 1222/3659/1677
f 1241/3792/1678 1225/3765/1678 1223/3793/1678
f 1225/3765/1754 1242/3766/1754 1224/3794/1754
f 1244/3685/1755 1228/3673/1755 1226/3672/1755
f 1246/3686/1756 1227/3687/1756 1228/3673/1756
f 1247/3688/1757 1231/3675/1757 1229/3689/1757
f 1249/3690/1683 1230/3676/1683 1231/3675/1683
f 1232/3767/1684 1252/3762/1684 1234/3795/1684
f 1252/3762/1685 1233/3768/1685 1234/3795/1685
f 1253/3692/1686 1237/3675/1686 1235/3676/1686
f 1237/3675/1687 1254/3688/1687 1236/3689/1687
f 1238/3687/1758 1258/3686/1758 1240/3673/1758
f 1240/3673/1689 1257/3693/1689 1239/3672/1689
f 1259/3749/1690 1243/3796/1690 1241/3792/1690
f 1261/3752/1691 1242/3766/1691 1243/3796/1691
f 1244/3685/1692 1264/3695/1692 1246/3686/1692
f 1246/3686/1693 1263/3696/1693 1245/3697/1693
f 1265/3698/1694 1249/3690/1694 1247/3688/1694
f 1267/3699/1695 1248/3700/1695 1249/3690/1695
f 1268/3761/1696 1252/3762/1696 1250/3760/1696
f 1270/3797/1697 1251/3769/1697 1252/3762/1697
f 1271/3702/1698 1255/3703/1698 1253/3692/1698
f 1273/3704/1699 1254/3688/1699 1255/3703/1699
f 1274/3696/1700 1258/3686/1700 1256/3697/1700
f 1276/3695/1701 1257/3693/1701 1258/3686/1701
f 1277/3798/1702 1261/3752/1702 1259/3749/1702
f 1261/3752/1703 1278/3799/1703 1260/3759/1703
f 1262/3707/1704 1282/3708/1704 1264/3695/1704
f 1264/3695/1705 1281/3709/1705 1263/3696/1705
f 1283/3714/1706 1267/3699/1706 1265/3698/1706
f 1267/3699/1707 1284/3711/1707 1266/3712/1707
f 1268/3761/1708 1288/3800/1708 1270/3797/1708
f 1288/3800/1709 1269/3763/1709 1270/3797/1709
f 1289/3711/1710 1273/3704/1710 1271/3702/1710
f 1273/3704/1711 1290/3714/1711 1272/3698/1711
f 1274/3696/1712 1294/3715/1712 1276/3695/1712
f 1294/3715/1713 1275/3716/1713 1276/3695/1713
f 1277/3801/1714 1297/3802/1714 1279/3803/1714
f 1297/3802/1715 1278/3804/1715 1279/3803/1715
f 1298/3721/1716 1282/3708/1716 1280/3722/1716
f 1300/3723/1717 1281/3709/1717 1282/3708/1717
f 1301/3724/1718 1285/3710/1718 1283/3714/1718
f 1303/3731/1719 1284/3711/1719 1285/3710/1719
f 1304/3805/1720 1288/3806/1720 1286/3807/1720
f 1306/3808/1721 1287/3809/1721 1288/3806/1721
f 1307/3725/1722 1291/3710/1722 1289/3711/1722
f 1309/3731/1723 1290/3714/1723 1291/3710/1723
f 1292/3709/1759 1312/3723/1759 1294/3715/1759
f 1312/3723/1725 1293/3732/1725 1294/3715/1725
f 1296/3810/1726 1081/3737/1726 1079/3740/1726
f 1081/3737/1727 1295/3811/1727 1080/3738/1727
f 1299/3734/1728 1084/3574/1728 1082/3575/1728
f 1084/3574/1760 1298/3721/1760 1083/3572/1760
f 1302/3725/1730 1087/3578/1730 1085/3579/1730
f 1087/3578/1731 1301/3724/1731 1086/3576/1731
f 1305/3812/1732 1090/3737/1732 1088/3738/1732
f 1090/3737/1733 1304/3805/1733 1089/3740/1733
f 1308/3724/1734 1093/3578/1734 1091/3576/1734
f 1093/3578/1761 1307/3725/1761 1092/3579/1761
f 1311/3721/1736 1096/3574/1736 1094/3572/1736
f 1312/3723/1737 1095/3575/1737 1096/3574/1737
f 1331/3813/1582 1315/3814/1582 1314/3815/1582
f 1333/3816/1583 1313/3817/1583 1315/3814/1583
f 1317/3572/1584 1336/3573/1584 1318/3574/1584
f 1336/3573/1585 1316/3575/1585 1318/3574/1585
f 1320/3576/1586 1339/3577/1586 1321/3578/1586
f 1321/3578/1738 1338/3582/1738 1319/3579/1738
f 1340/3818/1588 1324/3814/1588 1323/3817/1588
f 1342/3819/1589 1322/3815/1589 1324/3814/1589
f 1343/3582/1739 1327/3578/1739 1326/3579/1739
f 1345/3577/1591 1325/3576/1591 1327/3578/1591
f 1346/3583/1592 1330/3574/1592 1329/3575/1592
f 1348/3573/1762 1328/3572/1762 1330/3574/1762
f 1349/3820/1594 1333/3816/1594 1331/3813/1594
f 1333/3816/1595 1350/3821/1595 1332/3822/1595
f 1352/3587/1596 1336/3573/1596 1334/3588/1596
f 1336/3573/1597 1353/3589/1597 1335/3583/1597
f 1355/3596/1598 1339/3577/1598 1337/3590/1598
f 1339/3577/1763 1356/3595/1763 1338/3582/1763
f 1358/3823/1764 1342/3819/1764 1340/3818/1764
f 1342/3819/1765 1359/3824/1765 1341/3825/1765
f 1361/3595/1602 1345/3577/1602 1343/3582/1602
f 1345/3577/1603 1362/3596/1603 1344/3590/1603
f 1364/3589/1604 1348/3573/1604 1346/3583/1604
f 1348/3573/1742 1365/3587/1742 1347/3588/1742
f 1367/3826/1606 1351/3827/1606 1349/3828/1606
f 1369/3829/1607 1350/3830/1607 1351/3827/1607
f 1370/3602/1608 1354/3603/1608 1352/3587/1608
f 1372/3616/1609 1353/3589/1609 1354/3603/1609
f 1373/3605/1766 1357/3831/1766 1355/3596/1766
f 1357/3831/1611 1374/3612/1611 1356/3595/1611
f 1358/3832/1612 1378/3833/1612 1360/3834/1612
f 1378/3833/1613 1359/3835/1613 1360/3834/1613
f 1379/3612/1614 1363/3591/1614 1361/3595/1614
f 1363/3591/1743 1380/3605/1743 1362/3596/1743
f 1382/3604/1616 1366/3603/1616 1364/3589/1616
f 1366/3603/1617 1383/3602/1617 1365/3587/1617
f 1385/3836/1618 1369/3829/1618 1367/3826/1618
f 1387/3837/1619 1368/3838/1619 1369/3829/1619
f 1370/3602/1620 1390/3625/1620 1372/3616/1620
f 1372/3616/1621 1389/3624/1621 1371/3604/1621
f 1391/3617/1622 1375/3606/1622 1373/3605/1622
f 1375/3606/1623 1392/3618/1623 1374/3612/1623
f 1394/3839/1624 1378/3833/1624 1376/3840/1624
f 1396/3841/1625 1377/3842/1625 1378/3833/1625
f 1397/3618/1626 1381/3606/1626 1379/3612/1626
f 1399/3623/1627 1380/3605/1627 1381/3606/1627
f 1400/3624/1628 1384/3616/1628 1382/3604/1628
f 1402/3625/1629 1383/3602/1629 1384/3616/1629
f 1385/3836/1630 1405/3843/1630 1387/3837/1630
f 1405/3843/1767 1386/3844/1767 1387/3837/1767
f 1388/3638/1632 1408/3637/1632 1390/3625/1632
f 1390/3625/1745 1407/3636/1745 1389/3624/1745
f 1391/3617/1746 1411/3631/1746 1393/3623/1746
f 1411/3631/1747 1392/3618/1747 1393/3623/1747
f 1412/3845/1636 1396/3841/1636 1394/3839/1636
f 1396/3841/1768 1413/3846/1768 1395/3847/1768
f 1415/3635/1638 1399/3623/1638 1397/3618/1638
f 1417/3631/1769 1398/3617/1769 1399/3623/1769
f 1418/3636/1640 1402/3625/1640 1400/3624/1640
f 1420/3637/1641 1401/3638/1641 1402/3625/1641
f 1403/3848/1642 1423/3849/1642 1405/3850/1642
f 1423/3849/1643 1404/3851/1643 1405/3850/1643
f 1424/3668/1644 1408/3637/1644 1406/3644/1644
f 1426/3654/1749 1407/3636/1749 1408/3637/1749
f 1427/3661/1750 1411/3631/1750 1409/3646/1750
f 1429/3647/1770 1410/3635/1770 1411/3631/1770
f 1430/3852/1648 1414/3853/1648 1412/3854/1648
f 1414/3853/1649 1431/3855/1649 1413/3856/1649
f 1415/3635/1650 1435/3647/1650 1417/3631/1650
f 1435/3647/1651 1416/3646/1651 1417/3631/1651
f 1418/3636/1652 1438/3654/1652 1420/3637/1652
f 1438/3654/1653 1419/3644/1653 1420/3637/1653
f 1421/3857/1654 1441/3858/1654 1423/3849/1654
f 1441/3858/1655 1422/3859/1655 1423/3849/1655
f 1442/3657/1771 1426/3654/1771 1424/3668/1771
f 1444/3659/1657 1425/3653/1657 1426/3654/1657
f 1445/3660/1658 1429/3647/1658 1427/3661/1658
f 1447/3681/1659 1428/3663/1659 1429/3647/1659
f 1448/3860/1660 1432/3861/1660 1430/3852/1660
f 1450/3862/1661 1431/3855/1661 1432/3861/1661
f 1451/3667/1662 1435/3647/1662 1433/3663/1662
f 1435/3647/1772 1452/3660/1772 1434/3661/1772
f 1454/3674/1664 1438/3654/1664 1436/3653/1664
f 1438/3654/1665 1455/3657/1665 1437/3668/1665
f 1439/3863/1666 1459/3864/1666 1441/3858/1666
f 1459/3864/1667 1440/3865/1667 1441/3858/1667
f 1460/3672/1668 1444/3659/1668 1442/3657/1668
f 1462/3673/1669 1443/3674/1669 1444/3659/1669
f 1463/3689/1670 1447/3681/1670 1445/3660/1670
f 1447/3681/1671 1464/3676/1671 1446/3667/1671
f 1448/3860/1672 1468/3866/1672 1450/3862/1672
f 1468/3866/1673 1449/3867/1673 1450/3862/1673
f 1469/3676/1674 1453/3681/1674 1451/3667/1674
f 1471/3675/1675 1452/3660/1675 1453/3681/1675
f 1472/3687/1676 1456/3659/1676 1454/3674/1676
f 1456/3659/1677 1473/3672/1677 1455/3657/1677
f 1475/3868/1678 1459/3843/1678 1457/3869/1678
f 1477/3870/1754 1458/3871/1754 1459/3843/1754
f 1478/3693/1680 1462/3673/1680 1460/3672/1680
f 1480/3686/1756 1461/3687/1756 1462/3673/1756
f 1481/3688/1682 1465/3675/1682 1463/3689/1682
f 1483/3703/1683 1464/3676/1683 1465/3675/1683
f 1466/3845/1684 1486/3872/1684 1468/3873/1684
f 1486/3872/1685 1467/3846/1685 1468/3873/1685
f 1487/3692/1773 1471/3675/1773 1469/3676/1773
f 1471/3675/1687 1488/3688/1687 1470/3689/1687
f 1472/3687/1688 1492/3686/1688 1474/3673/1688
f 1474/3673/1689 1491/3693/1689 1473/3672/1689
f 1493/3826/1690 1477/3870/1690 1475/3868/1690
f 1495/3829/1691 1476/3874/1691 1477/3870/1691
f 1496/3716/1692 1480/3686/1692 1478/3693/1692
f 1480/3686/1693 1497/3696/1693 1479/3697/1693
f 1481/3688/1694 1501/3704/1694 1483/3703/1694
f 1501/3704/1695 1482/3692/1695 1483/3703/1695
f 1484/3839/1696 1504/3875/1696 1486/3872/1696
f 1504/3875/1697 1485/3847/1697 1486/3872/1697
f 1505/3702/1698 1489/3703/1698 1487/3692/1698
f 1507/3704/1699 1488/3688/1699 1489/3703/1699
f 1508/3696/1700 1492/3686/1700 1490/3697/1700
f 1510/3695/1701 1491/3693/1701 1492/3686/1701
f 1511/3876/1702 1495/3829/1702 1493/3826/1702
f 1513/3877/1703 1494/3838/1703 1495/3829/1703
f 1496/3716/1704 1516/3715/1704 1498/3695/1704
f 1516/3715/1705 1497/3696/1705 1498/3695/1705
f 1517/3714/1774 1501/3704/1774 1499/3698/1774
f 1501/3704/1707 1518/3711/1707 1500/3702/1707
f 1520/3878/1708 1504/3875/1708 1502/3840/1708
f 1522/3879/1709 1503/3842/1709 1504/3875/1709
f 1523/3711/1710 1507/3704/1710 1505/3702/1710
f 1507/3704/1711 1524/3714/1711 1506/3698/1711
f 1508/3696/1712 1528/3715/1712 1510/3695/1712
f 1528/3715/1713 1509/3716/1713 1510/3695/1713
f 1529/3880/1714 1513/3881/1714 1511/3882/1714
f 1531/3883/1715 1512/3884/1715 1513/3881/1715
f 1532/3721/1716 1516/3715/1716 1514/3732/1716
f 1534/3723/1717 1515/3709/1717 1516/3715/1717
f 1535/3724/1718 1519/3710/1718 1517/3714/1718
f 1537/3731/1719 1518/3711/1719 1519/3710/1719
f 1538/3885/1720 1522/3886/1720 1520/3887/1720
f 1540/3888/1721 1521/3889/1721 1522/3886/1721
f 1541/3725/1722 1525/3710/1722 1523/3711/1722
f 1543/3731/1723 1524/3714/1723 1525/3710/1723
f 1544/3734/1724 1528/3715/1724 1526/3709/1724
f 1546/3723/1725 1527/3732/1725 1528/3715/1725
f 1530/3890/1726 1315/3814/1726 1313/3817/1726
f 1315/3814/1727 1529/3880/1727 1314/3815/1727
f 1533/3734/1728 1318/3574/1728 1316/3575/1728
f 1318/3574/1729 1532/3721/1729 1317/3572/1729
f 1536/3725/1730 1321/3578/1730 1319/3579/1730
f 1321/3578/1731 1535/3724/1731 1320/3576/1731
f 1539/3891/1732 1324/3814/1732 1322/3815/1732
f 1324/3814/1733 1538/3885/1733 1323/3817/1733
f 1542/3724/1734 1327/3578/1734 1325/3576/1734
f 1327/3578/1761 1541/3725/1761 1326/3579/1761
f 1545/3721/1736 1330/3574/1736 1328/3572/1736
f 1546/3723/1737 1329/3575/1737 1330/3574/1737
f 1786/3973/1504 1777/3974/1504 1773/1022/1504
f 1788/1039/1505 1771/1016/1505 1777/1018/1505
f 1779/1026/1871 1798/3975/1871 1794/3976/1871
f 1798/1039/1507 1778/1016/1507 1792/1031/1507
f 1780/1029/1508 1776/1023/1508 1772/1019/1508
f 1776/1023/1509 1779/1026/1509 1773/1022/1509
f 1793/1040/1510 1790/1038/1510 1797/1044/1510
f 1790/1038/1872 1794/1043/1872 1797/1044/1872
f 1787/1037/1512 1802/1050/1512 1791/3977/1512
f 1791/1033/1873 1799/1045/1873 1785/1031/1873
f 1808/1058/1874 1795/1042/1874 1812/1069/1874
f 1795/3978/1875 1806/1045/1875 1812/1054/1875
f 1807/1055/1516 1804/1053/1516 1811/3979/1516
f 1804/1067/1517 1808/1058/1517 1811/1060/1517
f 1801/1051/1518 1816/1066/1518 1805/3980/1518
f 1816/1068/1876 1799/1045/1876 1805/1047/1876
f 1807/1055/1877 1826/3981/1877 1822/1070/1877
f 1809/3982/1521 1820/1061/1521 1826/1068/1521
f 1821/1058/1522 1818/1067/1522 1825/1060/1522
f 1818/3983/1878 1822/1070/1878 1825/1072/1878
f 1815/1048/1879 1830/1077/1879 1819/1050/1879
f 1819/1063/1525 1827/1073/1525 1813/1061/1525
f 1821/1058/1880 1840/3984/1880 1836/1040/1880
f 1823/1063/1881 1834/1073/1881 1840/1078/1881
f 1835/1043/1528 1832/1038/1528 1839/1044/1528
f 1832/1038/1529 1836/1040/1529 1839/1044/1529
f 1772/1019/1530 1833/3985/1530 1829/3986/1530
f 1833/1075/1531 1771/1016/1531 1827/1073/1531
f 1780/1029/1882 1837/3987/1882 1784/3988/1882
f 1784/1025/1533 1834/1073/1533 1778/1016/1533
f 2015/1206/1955 2030/1219/1955 2019/1205/1955
f 2019/1201/1956 2027/1215/1956 2013/1199/1956
f 2036/1231/1957 2023/1211/1957 2040/1229/1957
f 2023/4077/1958 2034/1223/1958 2040/1225/1958
f 2014/1204/1959 2025/1210/1959 2018/1202/1959
f 2018/1202/1960 2021/1212/1960 2015/1206/1960
f 2029/4078/1961 2039/1230/1961 2035/4079/1961
f 2032/1218/1962 2036/1231/1962 2039/1230/1962
f 2042/1237/1963 2033/1217/1963 2029/1222/1963
f 2044/1236/1964 2027/1215/1964 2033/1217/1964
f 2050/1245/1965 2037/1227/1965 2054/1241/1965
f 2054/1241/1966 2034/1223/1966 2048/1239/1966
f 2043/4080/1967 2053/1242/1967 2049/1244/1967
f 2046/4081/1968 2050/1245/1968 2053/1242/1968
f 2043/1238/1969 2058/1250/1969 2047/1234/1969
f 2047/1234/1970 2055/1246/1970 2041/1232/1970
f 2049/1244/1971 2068/1255/1971 2064/1259/1971
f 2068/1255/1972 2048/1239/1972 2062/1253/1972
f 2063/4082/1973 2060/4083/1973 2067/4084/1973
f 2060/4085/1974 2064/1259/1974 2067/1256/1974
f 2057/4086/1975 2072/1264/1975 2061/4087/1975
f 2061/1248/1976 2069/1260/1976 2055/1246/1976
f 2063/4082/1977 2082/1274/1977 2078/1275/1977
f 2082/1270/1978 2062/1253/1978 2076/1268/1978
f 2077/1273/1979 2074/1263/1979 2081/1271/1979
f 2074/1263/1980 2078/1275/1980 2081/1271/1980
f 2084/1281/1501 2075/1266/1501 2071/1267/1501
f 2075/1262/1500 2083/4088/1500 2069/1260/1500
f 2077/1273/1503 2096/1290/1503 2092/1291/1503
f 2079/4089/1502 2090/1284/1502 2096/1286/1502
f 2085/1283/1981 2095/1287/1981 2091/1289/1981
f 2088/1279/1982 2092/1291/1982 2095/1287/1982
f 2098/4090/1983 2089/1282/1983 2085/1283/1983
f 2100/1296/1984 2083/1276/1984 2089/1278/1984
f 2106/4091/1985 2093/1288/1985 2110/4092/1985
f 2093/4093/1986 2104/1299/1986 2110/1301/1986
f 2105/4094/1987 2102/1295/1987 2109/4095/1987
f 2109/4096/1988 2098/4090/1988 2106/4091/1988
f 2112/1311/1989 2103/1294/1989 2099/1298/1989
f 2114/1310/1990 2097/1292/1990 2103/1294/1990
f 2120/1319/1991 2107/1303/1991 2124/1315/1991
f 2124/1315/1992 2104/1299/1992 2118/1313/1992
f 2119/4097/1993 2116/1309/1993 2123/4098/1993
f 2123/4098/1994 2112/1311/1994 2120/4099/1994
f 2113/1312/1995 2128/1324/1995 2117/1308/1995
f 2117/1308/1996 2125/1320/1996 2111/1306/1996
f 2134/1336/1997 2121/1317/1997 2138/1331/1997
f 2121/1317/1998 2132/1329/1998 2138/1331/1998
f 2127/1328/1999 2137/1332/1999 2133/1334/1999
f 2130/1327/2000 2134/4100/2000 2137/1332/2000
f 2127/1328/2001 2016/1203/2001 2131/1326/2001
f 2016/4101/2002 2125/1320/2002 2131/1322/2002
f 2133/1334/2003 2026/1213/2003 2022/1214/2003
f 2026/1209/2004 2132/1329/2004 2020/1207/2004
f 3232/2271/1955 3223/2256/1955 3219/2257/1955
f 3223/2252/1956 3231/2266/1956 3217/2250/1956
f 3240/2282/1957 3227/2262/1957 3244/2280/1957
f 3227/4650/2474 3238/2274/2474 3244/2276/2474
f 3218/2255/1959 3229/2261/1959 3222/2253/1959
f 3229/2261/1960 3219/2257/1960 3222/2253/1960
f 3233/4651/2475 3243/2281/2475 3239/4652/2475
f 3236/2269/1962 3240/2282/1962 3243/2281/1962
f 3233/2273/1963 3248/2287/1963 3237/2268/1963
f 3237/2268/2476 3245/2283/2476 3231/2266/2476
f 3239/2279/1965 3258/2292/1965 3254/2296/1965
f 3241/2278/2477 3252/2290/2477 3258/2292/2477
f 3253/2295/1967 3250/4653/1967 3257/2293/1967
f 3257/2293/2478 3246/4654/2478 3254/2296/2478
f 3260/2302/1969 3251/2285/1969 3247/2289/1969
f 3251/2285/2479 3259/2297/2479 3245/2283/2479
f 3253/2295/1971 3272/2306/1971 3268/2310/1971
f 3272/2306/1972 3252/2290/1972 3266/2304/1972
f 3261/4655/2480 3271/4656/2480 3267/4657/2480
f 3264/4658/2481 3268/2310/2481 3271/2307/2481
f 3261/4655/2482 3276/2315/2482 3265/4659/2482
f 3276/4660/2483 3259/2297/2483 3265/2299/2483
f 3267/4657/1977 3286/2325/1977 3282/2326/1977
f 3286/2321/2484 3266/2304/2484 3280/2319/2484
f 3275/2318/2485 3285/2322/2485 3281/2324/2485
f 3285/2322/2486 3274/2316/2486 3282/2326/2486
f 3275/2318/2487 3290/2331/2487 3279/2317/2487
f 3279/2313/1500 3287/4661/1500 3273/2311/1500
f 3296/2342/2488 3283/2323/2488 3300/2341/2488
f 3283/4662/1502 3294/2335/1502 3300/2337/1502
f 3295/2340/1981 3292/2330/1981 3299/2338/1981
f 3299/2338/1982 3288/2332/1982 3296/2342/1982
f 3289/2334/2489 3304/4663/2489 3293/2333/2489
f 3293/2329/2490 3301/2343/2490 3287/2327/2490
f 3295/2340/1985 3314/4664/1985 3310/4665/1985
f 3297/4666/2491 3308/2350/2491 3314/2352/2491
f 3309/4667/2492 3306/2346/2492 3313/4668/2492
f 3313/4669/2493 3302/4670/2493 3310/4665/2493
f 3316/2362/1989 3307/2345/1989 3303/2349/1989
f 3318/2361/2494 3301/2343/2494 3307/2345/2494
f 3309/2355/1991 3328/2366/1991 3324/2370/1991
f 3328/2366/1992 3308/2350/1992 3322/2364/1992
f 3323/4671/2495 3320/2360/2495 3327/4672/2495
f 3320/2360/1994 3324/4673/1994 3327/4672/1994
f 3317/2363/1995 3332/2375/1995 3321/2359/1995
f 3332/2375/2496 3315/2357/2496 3321/2359/2496
f 3338/2387/1997 3325/2368/1997 3342/2382/1997
f 3325/2368/1998 3336/2380/1998 3342/2382/1998
f 3331/2379/1999 3341/2383/1999 3337/2385/1999
f 3341/2383/2000 3330/4674/2000 3338/4675/2000
f 3331/2379/2001 3220/2254/2001 3335/2377/2001
f 3335/2373/2497 3217/4676/2497 3329/2371/2497
f 3226/2265/2003 3339/2384/2003 3230/2264/2003
f 3230/2260/2004 3336/2380/2004 3224/2258/2004
f 711/681/2840 725/695/2840 739/712/2840
f 705/676/2878 712/4903/2878 699/673/2878
f 761/4904/2879 698/670/2879 755/3484/2879
f 704/667/2843 746/712/2843 732/695/2843
f 719/690/2880 726/698/2880 713/687/2880
f 733/706/2856 740/715/2856 727/701/2856
f 747/709/2881 754/687/2881 741/698/2881
f 1062/3733/2894 849/4908/2894 1064/4909/2894
f 845/3571/2895 866/4910/2895 849/4908/2895
f 879/4911/2896 846/3569/2896 860/4912/2896
f 860/4912/2897 1061/4913/2897 1077/4914/2897
f 867/3583/2843 852/3576/2843 848/3575/2843
f 848/3575/2843 1067/3724/2843 1065/3734/2843
f 851/4908/2898 872/3580/2898 855/3571/2898
f 851/4908/2899 1070/3726/2899 1068/4915/2899
f 854/3569/2900 875/4916/2900 858/4912/2900
f 1071/3735/2901 858/4912/2901 1073/4917/2901
f 857/3576/2840 878/3583/2840 861/3575/2840
f 1074/3724/2840 861/3575/2840 1076/3734/2840
f 897/4918/2902 863/3567/2902 879/4911/2902
f 864/3586/2903 884/4919/2903 866/4910/2903
f 885/3589/2843 869/3590/2843 867/3583/2843
f 870/4920/2904 890/3592/2904 872/3580/2904
f 873/3594/2905 893/4921/2905 875/4916/2905
f 894/3596/2840 878/3583/2840 876/3590/2840
f 915/4922/2906 881/3599/2906 897/4923/2906
f 882/3601/2907 902/4924/2907 884/4925/2907
f 903/3604/2843 887/3596/2843 885/3589/2843
f 888/4926/2908 908/3620/2908 890/3608/2908
f 891/3611/2909 911/4927/2909 893/4928/2909
f 894/3596/2840 914/3604/2840 896/3589/2840
f 933/4929/2910 899/3597/2910 915/4922/2910
f 900/3614/2911 920/4930/2911 902/4924/2911
f 921/3624/2843 905/3605/2843 903/3604/2843
f 906/4931/2912 926/3619/2912 908/3620/2912
f 927/3634/2913 911/4927/2913 909/3622/2913
f 912/3605/2840 932/3624/2840 914/3604/2840
f 933/4929/2914 935/3683/2914 917/3626/2914
f 936/3684/2915 920/4930/2915 918/3628/2915
f 939/3636/2843 923/3617/2843 921/3624/2843
f 924/4932/2916 944/3632/2916 926/3619/2916
f 945/3633/2917 929/4933/2917 927/3634/2917
f 930/3617/2840 950/3636/2840 932/3624/2840
f 969/4934/2918 935/3641/2918 951/4935/2918
f 954/3656/2919 938/4936/2919 936/3643/2919
f 957/3653/2843 941/3646/2843 939/3636/2843
f 942/4937/2920 962/3648/2920 944/3650/2920
f 963/3666/2921 947/4938/2921 945/3652/2921
f 948/3646/2840 968/3653/2840 950/3636/2840
f 969/4934/2922 971/3669/2922 953/3639/2922
f 972/3671/2923 956/4939/2923 954/3656/2923
f 957/3653/2843 977/3660/2843 959/3661/2843
f 978/4940/2924 962/3648/2924 960/4941/2924
f 963/3666/2925 983/4942/2925 965/4943/2925
f 984/3660/2840 968/3653/2840 966/3661/2840
f 1005/4944/2926 971/3669/2926 987/4945/2926
f 972/3671/2927 992/4946/2927 974/4947/2927
f 993/3687/2843 977/3660/2843 975/3674/2843
f 996/4948/2928 980/3664/2928 978/4940/2928
f 981/3680/2929 1001/4949/2929 983/4942/2929
f 984/3660/2840 1004/3687/2840 986/3674/2840
f 1023/4929/2930 989/3683/2930 1005/4950/2930
f 1008/3628/2931 992/4951/2931 990/3684/2931
f 1011/3697/2843 995/3689/2843 993/3687/2843
f 996/4952/2932 1016/3619/2932 998/3632/2932
f 1017/3634/2933 1001/4953/2933 999/3633/2933
f 1020/3688/2840 1004/3687/2840 1002/3689/2840
f 1023/4929/2934 1025/3597/2934 1007/3682/2934
f 1026/3614/2935 1010/4954/2935 1008/3628/2935
f 1011/3697/2843 1031/3698/2843 1013/3688/2843
f 1014/4932/2936 1034/3620/2936 1016/3619/2936
f 1017/3634/2937 1037/4955/2937 1019/4933/2937
f 1038/3698/2840 1022/3697/2840 1020/3688/2840
f 1059/4956/2938 1025/3597/2938 1041/4922/2938
f 1044/3706/2939 1028/4924/2939 1026/3614/2939
f 1029/3696/2843 1049/3714/2843 1031/3698/2843
f 1050/4957/2940 1034/3620/2940 1032/4958/2940
f 1035/3622/2941 1055/4959/2941 1037/4955/2941
f 1056/3714/2840 1040/3696/2840 1038/3698/2840
f 1077/4914/2942 1043/3717/2942 1059/4960/2942
f 1062/3733/2943 1046/4961/2943 1044/3720/2943
f 1047/3709/2843 1067/3724/2843 1049/3714/2843
f 1050/4962/2944 1070/3726/2944 1052/3728/2944
f 1053/3730/2945 1073/4917/2945 1055/4963/2945
f 1056/3714/2840 1076/3734/2840 1058/3709/2840
f 1296/3810/2946 1083/4964/2946 1298/4965/2946
f 1079/3740/2947 1100/4966/2947 1083/4964/2947
f 1113/4967/2896 1080/3738/2896 1094/4968/2896
f 1094/4968/2897 1295/3811/2897 1311/4969/2897
f 1101/3583/2843 1086/3576/2843 1082/3575/2843
f 1082/3575/2843 1301/3724/2843 1299/3734/2843
f 1085/4964/2948 1106/3741/2948 1089/3740/2948
f 1085/4964/2949 1304/3805/2949 1302/4970/2949
f 1107/3748/2900 1092/4968/2900 1088/3738/2900
f 1305/3812/2901 1092/4968/2901 1307/4971/2901
f 1091/3576/2840 1112/3583/2840 1095/3575/2840
f 1308/3724/2840 1095/3575/2840 1310/3734/2840
f 1131/4972/2902 1097/3736/2902 1113/4967/2902
f 1098/3745/2903 1118/4973/2903 1100/4966/2903
f 1119/3589/2843 1103/3590/2843 1101/3583/2843
f 1122/4974/2904 1106/3741/2904 1104/4975/2904
f 1107/3748/2905 1127/4976/2905 1109/4977/2905
f 1128/3596/2840 1112/3583/2840 1110/3590/2840
f 1149/4978/2906 1115/3751/2906 1131/4979/2906
f 1116/3753/2907 1136/4980/2907 1118/4981/2907
f 1137/3604/2843 1121/3596/2843 1119/3589/2843
f 1122/4982/2908 1142/3761/2908 1124/3754/2908
f 1125/3757/2909 1145/4983/2909 1127/4984/2909
f 1128/3596/2840 1148/3604/2840 1130/3589/2840
f 1167/4985/2910 1133/3749/2910 1149/4978/2910
f 1134/3759/2911 1154/4986/2911 1136/4980/2911
f 1155/3624/2843 1139/3605/2843 1137/3604/2843
f 1140/4987/2912 1160/3760/2912 1142/3761/2912
f 1161/3769/2913 1145/4983/2913 1143/3763/2913
f 1146/3605/2840 1166/3624/2840 1148/3604/2840
f 1167/4985/2914 1169/3793/2914 1151/3764/2914
f 1170/3794/2915 1154/4986/2915 1152/3766/2915
f 1173/3636/2843 1157/3617/2843 1155/3624/2843
f 1158/4988/2916 1178/3767/2916 1160/3760/2916
f 1179/3768/2917 1163/4989/2917 1161/3769/2917
f 1164/3617/2840 1184/3636/2840 1166/3624/2840
f 1203/4990/2918 1169/3772/2918 1185/4991/2918
f 1188/3781/2919 1172/4992/2919 1170/3774/2919
f 1191/3653/2843 1175/3646/2843 1173/3636/2843
f 1176/4993/2920 1196/3775/2920 1178/3777/2920
f 1197/3784/2921 1181/4994/2921 1179/3779/2921
f 1182/3646/2840 1202/3653/2840 1184/3636/2840
f 1221/4995/2922 1187/3770/2922 1203/4990/2922
f 1206/3788/2923 1190/4996/2923 1188/3781/2923
f 1191/3653/2843 1211/3660/2843 1193/3661/2843
f 1212/4997/2924 1196/3775/2924 1194/4998/2924
f 1197/3784/2925 1217/4999/2925 1199/5000/2925
f 1218/3660/2840 1202/3653/2840 1200/3661/2840
f 1239/5001/2926 1205/3786/2926 1221/4995/2926
f 1206/3788/2927 1226/5002/2927 1208/5003/2927
f 1227/3687/2843 1211/3660/2843 1209/3674/2843
f 1230/5004/2928 1214/3782/2928 1212/4997/2928
f 1215/3783/2929 1235/5005/2929 1217/4999/2929
f 1218/3660/2840 1238/3687/2840 1220/3674/2840
f 1257/4985/2930 1223/3793/2930 1239/5006/2930
f 1242/3766/2931 1226/5007/2931 1224/3794/2931
f 1245/3697/2843 1229/3689/2843 1227/3687/2843
f 1230/5008/2932 1250/3760/2932 1232/3767/2932
f 1251/3769/2933 1235/5009/2933 1233/3768/2933
f 1254/3688/2840 1238/3687/2840 1236/3689/2840
f 1257/4985/2934 1259/3749/2934 1241/3792/2934
f 1260/3759/2935 1244/5010/2935 1242/3766/2935
f 1245/3697/2843 1265/3698/2843 1247/3688/2843
f 1248/4988/2936 1268/3761/2936 1250/3760/2936
f 1251/3769/2937 1271/5011/2937 1253/4989/2937
f 1272/3698/2840 1256/3697/2840 1254/3688/2840
f 1293/5012/2938 1259/3749/2938 1275/4978/2938
f 1278/3799/2939 1262/4980/2939 1260/3759/2939
f 1263/3696/2843 1283/3714/2843 1265/3698/2843
f 1284/5013/2940 1268/3761/2940 1266/5014/2940
f 1269/3763/2941 1289/5015/2941 1271/5011/2941
f 1290/3714/2840 1274/3696/2840 1272/3698/2840
f 1311/4969/2942 1277/3801/2942 1293/5016/2942
f 1296/3810/2943 1280/5017/2943 1278/3804/2943
f 1281/3709/2843 1301/3724/2843 1283/3714/2843
f 1284/5018/2950 1304/3805/2950 1286/3807/2950
f 1287/3809/2945 1307/4971/2945 1289/5019/2945
f 1290/3714/2840 1310/3734/2840 1292/3709/2840
f 1530/3890/2946 1317/5020/2946 1532/5021/2946
f 1313/3817/2951 1334/5022/2951 1317/5020/2951
f 1347/5023/2896 1314/3815/2896 1328/5024/2896
f 1328/5024/2952 1529/3880/2952 1545/5025/2952
f 1335/3583/2843 1320/3576/2843 1316/3575/2843
f 1316/3575/2843 1535/3724/2843 1533/3734/2843
f 1338/5026/2898 1323/3817/2898 1319/5020/2898
f 1319/5020/2949 1538/3885/2949 1536/5027/2949
f 1341/3825/2900 1326/5024/2900 1322/3815/2900
f 1539/3891/2901 1326/5024/2901 1541/5028/2901
f 1325/3576/2840 1346/3583/2840 1329/3575/2840
f 1542/3724/2840 1329/3575/2840 1544/3734/2840
f 1365/5029/2902 1331/3813/2902 1347/5023/2902
f 1332/3822/2903 1352/5030/2903 1334/5022/2903
f 1353/3589/2843 1337/3590/2843 1335/3583/2843
f 1356/5031/2904 1340/3818/2904 1338/5026/2904
f 1341/3825/2905 1361/5032/2905 1343/5033/2905
f 1362/3596/2840 1346/3583/2840 1344/3590/2840
f 1383/5034/2906 1349/3828/2906 1365/5035/2906
f 1350/3830/2907 1370/5036/2907 1352/5037/2907
f 1371/3604/2843 1355/3596/2843 1353/3589/2843
f 1374/5038/2908 1358/3832/2908 1356/5039/2908
f 1359/3835/2909 1379/5040/2909 1361/5041/2909
f 1362/3596/2840 1382/3604/2840 1364/3589/2840
f 1401/5042/2910 1367/3826/2910 1383/5034/2910
f 1368/3838/2911 1388/5043/2911 1370/5036/2911
f 1389/3624/2843 1373/3605/2843 1371/3604/2843
f 1374/5038/2912 1394/3839/2912 1376/3840/2912
f 1395/3847/2913 1379/5040/2913 1377/3842/2913
f 1380/3605/2840 1400/3624/2840 1382/3604/2840
f 1401/5042/2914 1403/3869/2914 1385/3836/2914
f 1404/3871/2915 1388/5043/2915 1386/3844/2915
f 1407/3636/2843 1391/3617/2843 1389/3624/2843
f 1392/5044/2916 1412/3845/2916 1394/3839/2916
f 1413/3846/2917 1397/5045/2917 1395/3847/2917
f 1398/3617/2840 1418/3636/2840 1400/3624/2840
f 1437/5046/2918 1403/3848/2918 1419/5047/2918
f 1422/3859/2919 1406/5048/2919 1404/3851/2919
f 1425/3653/2843 1409/3646/2843 1407/3636/2843
f 1410/5049/2920 1430/3852/2920 1412/3854/2920
f 1431/3855/2921 1415/5050/2921 1413/3856/2921
f 1416/3646/2840 1436/3653/2840 1418/3636/2840
f 1455/5051/2922 1421/3857/2922 1437/5046/2922
f 1440/3865/2923 1424/5052/2923 1422/3859/2923
f 1425/3653/2953 1445/3660/2953 1427/3661/2953
f 1446/5053/2924 1430/3852/2924 1428/5054/2924
f 1431/3855/2925 1451/5055/2925 1433/5056/2925
f 1452/3660/2840 1436/3653/2840 1434/3661/2840
f 1473/5057/2926 1439/3863/2926 1455/5051/2926
f 1440/3865/2927 1460/5058/2927 1442/5059/2927
f 1461/3687/2843 1445/3660/2843 1443/3674/2843
f 1446/5053/2928 1466/5060/2928 1448/3860/2928
f 1449/3867/2929 1469/5061/2929 1451/5055/2929
f 1452/3660/2840 1472/3687/2840 1454/3674/2840
f 1491/5042/2930 1457/3869/2930 1473/5062/2930
f 1476/3874/2931 1460/5063/2931 1458/3871/2931
f 1479/3697/2843 1463/3689/2843 1461/3687/2843
f 1482/5044/2932 1466/3845/2932 1464/5064/2932
f 1485/3847/2933 1469/5065/2933 1467/3846/2933
f 1488/3688/2840 1472/3687/2840 1470/3689/2840
f 1491/5042/2934 1493/3826/2934 1475/3868/2934
f 1494/3838/2935 1478/5043/2935 1476/3874/2935
f 1479/3697/2843 1499/3698/2843 1481/3688/2843
f 1500/5066/2936 1484/3839/2936 1482/5044/2936
f 1485/3847/2937 1505/5067/2937 1487/5045/2937
f 1506/3698/2840 1490/3697/2840 1488/3688/2840
f 1527/5068/2938 1493/3826/2938 1509/5034/2938
f 1512/5069/2939 1496/5036/2939 1494/3838/2939
f 1497/3696/2843 1517/3714/2843 1499/3698/2843
f 1518/5070/2940 1502/3840/2940 1500/5066/2940
f 1503/3842/2941 1523/5071/2941 1505/5067/2941
f 1524/3714/2840 1508/3696/2840 1506/3698/2840
f 1545/5025/2942 1511/3882/2942 1527/5072/2942
f 1512/3884/2943 1532/5021/2943 1514/5073/2943
f 1515/3709/2843 1535/3724/2843 1517/3714/2843
f 1536/5027/2950 1520/3887/2950 1518/5074/2950
f 1521/3889/2945 1541/5028/2945 1523/5075/2945
f 1524/3714/2840 1544/3734/2840 1526/3709/2840
f 1785/1031/2840 1799/1045/2840 1813/1061/2840
f 1779/1026/2878 1786/3973/2878 1773/1022/2878
f 1835/5077/2879 1772/1019/2879 1829/3986/2879
f 1834/1073/2843 1820/1061/2843 1806/1045/2843
f 1793/1040/2880 1800/1048/2880 1787/1037/2880
f 1807/1055/2856 1814/1064/2856 1801/1051/2856
f 1821/1058/2881 1828/1037/2881 1815/1048/2881
f 2027/1215/2874 2055/1246/2874 2083/4088/2874
f 2015/1206/3042 2036/1231/3042 2028/1220/3042
f 2127/1328/3043 2022/1214/3043 2014/1204/3043
f 2020/1207/2876 2090/1284/2876 2062/5114/2876
f 2035/1228/3044 2042/5115/3044 2029/5116/3044
f 2049/1244/3045 2056/5117/3045 2043/4080/3045
f 2063/4082/3046 2070/1265/3046 2057/4086/3046
f 2077/1273/2856 2084/1281/2856 2071/1267/2856
f 2091/1289/3047 2098/4090/3047 2085/1283/3047
f 2105/4094/3048 2112/1311/3048 2099/1298/3048
f 2119/4097/3049 2126/1325/3049 2113/1312/3049
f 3231/2266/2874 3287/4661/2874 3315/5213/2874
f 3225/2263/3042 3232/2271/3042 3219/2257/3042
f 3331/2379/3043 3226/2265/3043 3218/2255/3043
f 3224/2258/2876 3322/2364/2876 3294/2335/2876
f 3239/2279/3221 3246/4654/3221 3233/5214/3221
f 3253/2295/3222 3260/5215/3222 3247/5216/3222
f 3267/4657/3046 3274/2316/3046 3261/4655/3046
f 3281/2324/2856 3288/2332/2856 3275/2318/2856
f 3295/2340/3223 3302/4670/3223 3289/2334/3223
f 3309/4667/3048 3316/2362/3048 3303/2349/3048
f 3317/2363/3224 3338/5217/3224 3330/2376/3224
f 697/667/3528 700/675/3528 701/668/3528
f 698/670/3529 702/674/3529 701/671/3529
f 699/673/3530 703/3469/3530 701/671/3530
f 704/667/3531 707/669/3531 708/668/3531
f 705/676/3532 709/680/3532 708/677/3532
f 706/679/3533 710/3486/3533 708/677/3533
f 711/681/3534 714/3470/3534 715/682/3534
f 712/684/3535 716/688/3535 715/685/3535
f 713/687/3536 717/730/3536 715/685/3536
f 718/681/3537 721/683/3537 722/682/3537
f 719/690/3538 723/694/3538 722/691/3538
f 720/693/3539 724/5271/3539 722/691/3539
f 725/695/3540 728/5272/3540 729/696/3540
f 726/698/3541 730/3475/3541 729/699/3541
f 727/701/3542 731/3476/3542 729/702/3542
f 732/695/3543 735/697/3543 736/704/3543
f 733/706/3544 737/3474/3544 736/707/3544
f 734/709/3545 738/3473/3545 736/710/3545
f 739/712/3546 742/3477/3546 743/713/3546
f 740/715/3547 744/3480/3547 743/716/3547
f 741/698/3548 745/3481/3548 743/718/3548
f 746/712/3549 749/3482/3549 750/720/3549
f 747/709/3550 751/3479/3550 750/722/3550
f 748/724/3551 752/3478/3551 750/725/3551
f 753/727/3552 756/733/3552 757/728/3552
f 754/687/3553 758/732/3553 757/685/3553
f 755/731/3554 759/686/3554 757/685/3554
f 760/727/3555 763/729/3555 764/728/3555
f 761/734/3556 765/737/3556 764/691/3556
f 762/736/3557 766/692/3557 764/691/3557
f 1771/1016/3654 1774/1025/3654 1775/1017/3654
f 1772/1019/3529 1776/1023/3529 1775/1020/3529
f 1773/1022/3530 1777/3974/3530 1775/1020/3530
f 1778/1016/3655 1781/5297/3655 1782/1024/3655
f 1779/1026/3532 1783/1030/3532 1782/1027/3532
f 1780/1029/3533 1784/3988/3533 1782/1027/3533
f 1785/1031/3656 1788/1039/3656 1789/1032/3656
f 1786/1034/3657 1790/1038/3657 1789/1035/3657
f 1787/1037/3536 1791/3977/3536 1789/1035/3536
f 1792/1031/3537 1795/3978/3537 1796/1032/3537
f 1793/1040/3538 1797/1044/3538 1796/1041/3538
f 1794/1043/3658 1798/5298/3658 1796/1041/3658
f 1799/1045/3659 1802/5299/3659 1803/1046/3659
f 1800/1048/3541 1804/1067/3541 1803/1049/3541
f 1801/1051/3660 1805/3980/3660 1803/1052/3660
f 1806/1045/3661 1809/3982/3661 1810/1046/3661
f 1807/1055/3544 1811/3979/3544 1810/1056/3544
f 1808/1058/3545 1812/1069/3545 1810/1059/3545
f 1813/1061/3546 1816/1068/3546 1817/1062/3546
f 1814/1064/3547 1818/3983/3547 1817/1065/3547
f 1815/1048/3548 1819/1050/3548 1817/1049/3548
f 1820/1061/3662 1823/1063/3662 1824/1062/3662
f 1821/1058/3550 1825/1060/3550 1824/1059/3550
f 1822/1070/3551 1826/3981/3551 1824/1071/3551
f 1827/1073/3552 1830/1078/3552 1831/1074/3552
f 1828/1037/3553 1832/1038/3553 1831/1076/3553
f 1829/1034/3663 1833/5300/3663 1831/1076/3663
f 1834/1073/3555 1837/1075/3555 1838/1074/3555
f 1835/1043/3664 1839/1044/3664 1838/1079/3664
f 1836/1040/3665 1840/3984/3665 1838/1079/3665
f 2013/1199/3698 2016/5305/3698 2017/1200/3698
f 2018/1202/3699 2017/5306/3699 2016/1203/3699
f 2019/1205/3700 2017/5306/3700 2018/1202/3700
f 2020/1207/3701 2023/5307/3701 2024/1208/3701
f 2025/1210/3702 2024/5308/3702 2023/1211/3702
f 2026/1213/3703 2024/5308/3703 2025/1210/3703
f 2027/1215/3704 2030/5309/3704 2031/1216/3704
f 2032/1218/3705 2031/5310/3705 2030/1219/3705
f 2033/1217/3706 2031/1216/3706 2032/1221/3706
f 2034/1223/3707 2037/1227/3707 2038/1224/3707
f 2039/1226/3708 2038/1224/3708 2037/1227/3708
f 2040/1229/3709 2038/5311/3709 2039/1230/3709
f 2041/1232/3710 2044/1236/3710 2045/1233/3710
f 2046/1235/3711 2045/1233/3711 2044/1236/3711
f 2047/1234/3712 2045/1233/3712 2046/1235/3712
f 2048/1239/3713 2051/1243/3713 2052/1240/3713
f 2053/1242/3714 2052/1240/3714 2051/1243/3714
f 2054/1241/3715 2052/1240/3715 2053/1242/3715
f 2055/1246/3716 2058/1250/3716 2059/1247/3716
f 2060/1249/3717 2059/1247/3717 2058/1250/3717
f 2061/4087/3718 2059/5312/3718 2060/4083/3718
f 2062/1253/3719 2065/1257/3719 2066/1254/3719
f 2067/4084/3720 2066/5313/3720 2065/5314/3720
f 2068/1255/3721 2066/1254/3721 2067/1256/3721
f 2069/1260/3722 2072/5315/3722 2073/1261/3722
f 2074/1263/3723 2073/5316/3723 2072/1264/3723
f 2075/1266/3724 2073/5316/3724 2074/1263/3724
f 2076/1268/3725 2079/5317/3725 2080/1269/3725
f 2081/1271/3726 2080/5318/3726 2079/1272/3726
f 2082/1274/3727 2080/5318/3727 2081/1271/3727
f 2083/1276/3728 2086/5319/3728 2087/1277/3728
f 2088/1279/3729 2087/5320/3729 2086/1280/3729
f 2089/1282/3730 2087/5320/3730 2088/1279/3730
f 2090/1284/3731 2093/4093/3731 2094/1285/3731
f 2095/1287/3732 2094/5321/3732 2093/1288/3732
f 2096/1290/3733 2094/5321/3733 2095/1287/3733
f 2097/1292/3734 2100/1296/3734 2101/1293/3734
f 2102/5322/3735 2101/5323/3735 2100/5324/3735
f 2103/1294/3736 2101/1293/3736 2102/1295/3736
f 2104/1299/3737 2107/1303/3737 2108/1300/3737
f 2109/1302/3738 2108/1300/3738 2107/1303/3738
f 2110/4092/3739 2108/5325/3739 2109/4096/3739
f 2111/1306/3740 2114/1310/3740 2115/1307/3740
f 2116/1309/3741 2115/1307/3741 2114/1310/3741
f 2117/1308/3742 2115/1307/3742 2116/1309/3742
f 2118/1313/3743 2121/1317/3743 2122/1314/3743
f 2123/1316/3744 2122/1314/3744 2121/1317/3744
f 2124/1315/3745 2122/1314/3745 2123/1316/3745
f 2125/1320/3746 2128/1324/3746 2129/1321/3746
f 2130/1323/3747 2129/1321/3747 2128/1324/3747
f 2131/1326/3748 2129/5326/3748 2130/1327/3748
f 2132/1329/3749 2135/5327/3749 2136/1330/3749
f 2137/1332/3750 2136/5328/3750 2135/1333/3750
f 2138/1331/3751 2136/1330/3751 2137/1335/3751
f 3217/2250/3698 3220/5393/3698 3221/2251/3698
f 3222/2253/4045 3221/5394/4045 3220/2254/4045
f 3223/2256/3700 3221/5394/3700 3222/2253/3700
f 3224/2258/3701 3227/5395/3701 3228/2259/3701
f 3229/2261/4046 3228/5396/4046 3227/2262/4046
f 3230/2264/3703 3228/5396/3703 3229/2261/3703
f 3231/2266/3704 3234/5397/3704 3235/2267/3704
f 3236/2269/3705 3235/5398/3705 3234/2270/3705
f 3237/2268/4047 3235/2267/4047 3236/2272/4047
f 3238/2274/3707 3241/2278/3707 3242/2275/3707
f 3243/2277/3708 3242/2275/3708 3241/2278/3708
f 3244/2280/4048 3242/5399/4048 3243/2281/4048
f 3245/2283/3710 3248/2287/3710 3249/2284/3710
f 3250/2286/4049 3249/2284/4049 3248/2287/4049
f 3251/2285/4050 3249/2284/4050 3250/2286/4050
f 3252/2290/4051 3255/2294/4051 3256/2291/4051
f 3257/2293/3714 3256/2291/3714 3255/2294/3714
f 3258/2292/4052 3256/2291/4052 3257/2293/4052
f 3259/2297/3716 3262/2301/3716 3263/2298/3716
f 3264/2300/3717 3263/2298/3717 3262/2301/3717
f 3265/4659/3718 3263/5400/3718 3264/5401/3718
f 3266/2304/4053 3269/2308/4053 3270/2305/4053
f 3271/4656/3720 3270/5402/3720 3269/5403/3720
f 3272/2306/4054 3270/2305/4054 3271/2307/4054
f 3273/2311/4055 3276/4660/4055 3277/2312/4055
f 3278/2314/4056 3277/5404/4056 3276/2315/4056
f 3279/2317/3724 3277/5404/3724 3278/2314/3724
f 3280/2319/3725 3283/5405/3725 3284/2320/3725
f 3285/2322/3726 3284/5406/3726 3283/2323/3726
f 3286/2325/3727 3284/5406/3727 3285/2322/3727
f 3287/2327/4057 3290/5407/4057 3291/2328/4057
f 3292/2330/3729 3291/5408/3729 3290/2331/3729
f 3293/2333/4058 3291/5408/4058 3292/2330/4058
f 3294/2335/4059 3297/4666/4059 3298/2336/4059
f 3299/2338/3732 3298/5409/3732 3297/2339/3732
f 3300/2341/3733 3298/5409/3733 3299/2338/3733
f 3301/2343/4060 3304/2347/4060 3305/2344/4060
f 3306/5410/4061 3305/5411/4061 3304/4663/4061
f 3307/2345/4062 3305/2344/4062 3306/2346/4062
f 3308/2350/3737 3311/2354/3737 3312/2351/3737
f 3313/2353/4063 3312/2351/4063 3311/2354/4063
f 3314/4664/4064 3312/5412/4064 3313/4669/4064
f 3315/2357/4065 3318/2361/4065 3319/2358/4065
f 3320/2360/3741 3319/2358/3741 3318/2361/3741
f 3321/2359/3742 3319/2358/3742 3320/2360/3742
f 3322/2364/3743 3325/2368/3743 3326/2365/3743
f 3327/2367/3744 3326/2365/3744 3325/2368/3744
f 3328/2366/4066 3326/2365/4066 3327/2367/4066
f 3329/2371/3746 3332/2375/3746 3333/2372/3746
f 3334/2374/3747 3333/2372/3747 3332/2375/3747
f 3335/2377/3748 3333/5413/3748 3334/2378/3748
f 3336/2380/4067 3339/5414/4067 3340/2381/4067
f 3341/2383/4068 3340/5415/4068 3339/2384/4068
f 3342/2382/3751 3340/2381/3751 3341/2386/3751
f 699/673/1504 712/4903/1504 714/3468/1504
f 714/3470/1505 711/681/1505 697/667/1505
f 720/3471/1871 705/676/1871 707/678/1871
f 724/689/4440 707/669/4440 704/667/4440
f 706/679/1508 709/680/1508 702/674/1508
f 709/680/1509 705/676/1509 699/673/1509
f 713/687/1510 716/688/1510 723/694/1510
f 716/688/1872 712/684/1872 720/693/1872
f 726/698/1512 728/700/1512 717/730/1512
f 717/683/1873 728/5272/1873 725/695/1873
f 719/690/1874 721/692/1874 738/3473/1874
f 721/683/1875 718/681/1875 732/695/1875
f 727/701/2205 730/703/2205 737/3474/2205
f 730/3475/1517 726/698/1517 734/709/1517
f 727/701/1518 740/715/1518 742/717/1518
f 742/3477/1876 739/712/1876 725/695/1876
f 733/706/1877 735/708/1877 752/3478/1877
f 735/697/1521 732/695/1521 746/712/1521
f 741/698/1522 744/719/1522 751/3479/1522
f 744/3480/1878 740/715/1878 748/724/1878
f 754/687/1524 756/730/1524 745/3481/1524
f 745/714/4441 756/733/4441 753/727/4441
f 762/736/1526 747/709/1526 749/723/1526
f 749/3482/1881 746/712/1881 760/727/1881
f 755/731/2208 758/732/2208 765/737/2208
f 758/732/1529 754/687/1529 762/736/1529
f 698/670/1530 700/672/1530 759/3483/1530
f 700/675/1531 697/667/1531 753/727/1531
f 706/679/1882 761/4904/1882 763/3485/1882
f 710/675/1533 763/729/1533 760/727/1533
f 863/3567/1582 865/3570/1582 847/3568/1582
f 865/3570/1583 864/3586/1583 845/3571/1583
f 849/3572/1584 866/3588/1584 868/3573/1584
f 868/3573/4462 867/3583/4462 848/3575/4462
f 852/3576/4463 869/3590/4463 871/3577/4463
f 871/3577/1587 870/3582/1587 851/3579/1587
f 872/3580/1588 874/3581/1588 856/3568/1588
f 874/3581/1589 873/3594/1589 854/3569/1589
f 875/3582/1739 877/3577/1739 859/3578/1739
f 877/3577/1591 876/3590/1591 857/3576/1591
f 878/3583/1592 880/3573/1592 862/3574/1592
f 880/3573/1740 879/3588/1740 860/3572/1740
f 881/3584/1594 883/3585/1594 865/3570/1594
f 883/3585/1595 882/5560/1595 864/3586/1595
f 884/3587/1596 886/3603/1596 868/3573/1596
f 868/3573/1597 886/3603/1597 885/3589/1597
f 869/3590/1598 887/3596/1598 889/3591/1598
f 889/3591/1763 888/3607/1763 870/3582/1763
f 890/3592/1764 892/5561/1764 874/3581/1764
f 874/3581/1601 892/5561/1601 891/3593/1601
f 893/3595/1602 895/3591/1602 877/3577/1602
f 877/3577/1603 895/3591/1603 894/3596/1603
f 896/3589/1604 898/3603/1604 880/3573/1604
f 880/3573/1605 898/3603/1605 897/3587/1605
f 899/3597/1606 901/3600/1606 883/3598/1606
f 901/3600/1607 900/3614/1607 882/3601/1607
f 902/3602/1608 904/3616/1608 886/3603/1608
f 886/3603/1609 904/3616/1609 903/3604/1609
f 905/3605/1610 907/3606/1610 889/3591/1610
f 907/3606/4464 906/3612/4464 888/3607/4464
f 890/3608/1612 908/3620/1612 910/3609/1612
f 910/3609/1613 909/3622/1613 891/3611/1613
f 911/3612/1614 913/3606/1614 895/3591/1614
f 895/3591/1743 913/3606/1743 912/3605/1743
f 914/3604/1616 916/3616/1616 898/3603/1616
f 898/3603/1617 916/3616/1617 915/3602/1617
f 899/3597/1618 917/3626/1618 919/3613/1618
f 919/3613/1619 918/3628/1619 900/3614/1619
f 902/3602/1620 920/3629/1620 922/3615/1620
f 922/3615/1621 921/3624/1621 903/3604/1621
f 923/3617/1622 925/3623/1622 907/3606/1622
f 907/3606/1623 925/3623/1623 924/3618/1623
f 926/3619/1624 928/3621/1624 910/3609/1624
f 928/3621/1625 927/3634/1625 909/3622/1625
f 929/3618/1626 931/3623/1626 913/3606/1626
f 931/3623/1627 930/3617/1627 912/3605/1627
f 932/3624/1628 934/3625/1628 916/3616/1628
f 934/3625/1629 933/3638/1629 915/3602/1629
f 917/3626/4465 935/3683/4465 937/3627/4465
f 937/3627/1631 936/3684/1631 918/3628/1631
f 920/3629/1632 938/3644/1632 940/3630/1632
f 940/3630/1745 939/3636/1745 921/3624/1745
f 923/3617/1746 941/3646/1746 943/3631/1746
f 943/3631/1747 942/3635/1747 924/3618/1747
f 944/3632/1636 946/3691/1636 928/3621/1636
f 928/3621/1637 946/3691/1637 945/3633/1637
f 947/3635/1638 949/3631/1638 931/3623/1638
f 949/3631/1639 948/3646/1639 930/3617/1639
f 950/3636/1748 952/3637/1748 934/3625/1748
f 952/3637/4466 951/3644/4466 933/3638/4466
f 953/3639/1642 955/3642/1642 937/3640/1642
f 955/3642/1643 954/3656/1643 936/3643/1643
f 938/3644/1644 956/3658/1644 958/3645/1644
f 958/3645/1749 957/3653/1749 939/3636/1749
f 941/3646/1750 959/3661/1750 961/3647/1750
f 961/3647/1647 960/3663/1647 942/3635/1647
f 962/3648/1648 964/3651/1648 946/3649/1648
f 964/3651/1649 963/3666/1649 945/3652/1649
f 947/3635/1650 965/3663/1650 967/3647/1650
f 967/3647/1651 966/3661/1651 948/3646/1651
f 968/3653/1652 970/3654/1652 952/3637/1652
f 970/3654/1653 969/3668/1653 951/3644/1653
f 953/3639/1654 971/3669/1654 973/3655/1654
f 973/3655/1655 972/3671/1655 954/3656/1655
f 974/3657/1656 976/3659/1656 958/3645/1656
f 976/3659/1751 975/3674/1751 957/3653/1751
f 977/3660/1658 979/3662/1658 961/3647/1658
f 979/3662/1659 978/3677/1659 960/3663/1659
f 980/3664/1660 982/3665/1660 964/3651/1660
f 982/3665/1661 981/3680/1661 963/3666/1661
f 983/3667/1662 985/3681/1662 967/3647/1662
f 967/3647/1772 985/3681/1772 984/3660/1772
f 968/3653/1753 986/3674/1753 988/3659/1753
f 970/3654/1665 988/3659/1665 987/3657/1665
f 971/3669/1666 989/5562/1666 991/3670/1666
f 991/3670/1667 990/5563/1667 972/3671/1667
f 992/3672/1668 994/3673/1668 976/3659/1668
f 994/3673/1669 993/3687/1669 975/3674/1669
f 977/3660/1670 995/3689/1670 997/3675/1670
f 979/3662/1671 997/3675/1671 996/3676/1671
f 980/3664/1672 998/5564/1672 1000/3678/1672
f 982/3665/1673 1000/3678/1673 999/3679/1673
f 1001/3676/1674 1003/3675/1674 985/3681/1674
f 1003/3675/1675 1002/3689/1675 984/3660/1675
f 986/3674/1676 1004/3687/1676 1006/3673/1676
f 1006/3673/1677 1005/3672/1677 987/3657/1677
f 1007/3682/4467 1009/3694/4467 991/3627/4467
f 991/3627/1679 1009/3694/1679 1008/3628/1679
f 1010/3685/1680 1012/3686/1680 994/3673/1680
f 1012/3686/1756 1011/3697/1756 993/3687/1756
f 1013/3688/1682 1015/3690/1682 997/3675/1682
f 1015/3690/1683 1014/3700/1683 996/3676/1683
f 998/3632/1684 1016/3619/1684 1018/3621/1684
f 1018/3621/1685 1017/3634/1685 999/3633/1685
f 1019/3692/1686 1021/3703/1686 1003/3675/1686
f 1003/3675/1687 1021/3703/1687 1020/3688/1687
f 1004/3687/1688 1022/3697/1688 1024/3686/1688
f 1006/3673/1689 1024/3686/1689 1023/3693/1689
f 1025/3597/1690 1027/3600/1690 1009/3694/1690
f 1027/3600/1691 1026/3614/1691 1008/3628/1691
f 1010/3685/1692 1028/3707/1692 1030/3695/1692
f 1012/3686/1693 1030/3695/1693 1029/3696/1693
f 1031/3698/1694 1033/3699/1694 1015/3690/1694
f 1033/3699/1695 1032/3712/1695 1014/3700/1695
f 1034/3620/1696 1036/3701/1696 1018/3621/1696
f 1036/3701/1697 1035/3622/1697 1017/3634/1697
f 1037/3702/1698 1039/3704/1698 1021/3703/1698
f 1039/3704/1699 1038/3698/1699 1020/3688/1699
f 1040/3696/1700 1042/3695/1700 1024/3686/1700
f 1042/3695/1701 1041/3716/1701 1023/3693/1701
f 1043/3705/1702 1045/5565/1702 1027/3600/1702
f 1027/3600/1703 1045/5565/1703 1044/3706/1703
f 1028/3707/4468 1046/3722/4468 1048/3708/4468
f 1030/3695/1705 1048/3708/1705 1047/3709/1705
f 1031/3698/1774 1049/3714/1774 1051/3710/1774
f 1033/3699/1707 1051/3710/1707 1050/3711/1707
f 1034/3620/1708 1052/5566/1708 1054/3713/1708
f 1054/3713/1709 1053/5567/1709 1035/3622/1709
f 1055/3711/1710 1057/3710/1710 1039/3704/1710
f 1039/3704/1711 1057/3710/1711 1056/3714/1711
f 1058/3709/4469 1060/3715/4469 1042/3695/4469
f 1060/3715/1713 1059/3732/1713 1041/3716/1713
f 1043/3717/1714 1061/4913/1714 1063/3718/1714
f 1063/3718/1715 1062/3733/1715 1044/3720/1715
f 1064/3721/1716 1066/3723/1716 1048/3708/1716
f 1066/3723/1717 1065/3734/1717 1047/3709/1717
f 1067/3724/1718 1069/3731/1718 1051/3710/1718
f 1051/3710/1719 1069/3731/1719 1068/3725/1719
f 1070/3726/1720 1072/3729/1720 1054/3727/1720
f 1072/3729/1721 1071/3735/1721 1053/3730/1721
f 1073/3725/1722 1075/3731/1722 1057/3710/1722
f 1075/3731/1723 1074/3724/1723 1056/3714/1723
f 1058/3709/1724 1076/3734/1724 1078/3723/1724
f 1078/3723/1725 1077/3721/1725 1059/3732/1725
f 1062/3733/1726 1063/3718/1726 847/3568/1726
f 1063/3718/1727 1061/4913/1727 846/3569/1727
f 1065/3734/1728 1066/3723/1728 850/3574/1728
f 850/3574/1760 1066/3723/1760 1064/3721/1760
f 1068/3725/1730 1069/3731/1730 853/3578/1730
f 853/3578/1731 1069/3731/1731 1067/3724/1731
f 1071/3735/1732 1072/3729/1732 856/3568/1732
f 856/3568/1733 1072/3729/1733 1070/3726/1733
f 1074/3724/1734 1075/3731/1734 859/3578/1734
f 859/3578/1761 1075/3731/1761 1073/3725/1761
f 1077/3721/4470 1078/3723/4470 862/3574/4470
f 1078/3723/1737 1076/3734/1737 861/3575/1737
f 1097/3736/1582 1099/3739/1582 1081/3737/1582
f 1099/3739/1583 1098/3745/1583 1079/3740/1583
f 1083/3572/4471 1100/3588/4471 1102/3573/4471
f 1102/3573/1585 1101/3583/1585 1082/3575/1585
f 1086/3576/1586 1103/3590/1586 1105/3577/1586
f 1105/3577/1587 1104/3582/1587 1085/3579/1587
f 1106/3741/1588 1108/3742/1588 1090/3737/1588
f 1108/3742/1589 1107/3748/1589 1088/3738/1589
f 1109/3582/1590 1111/3577/1590 1093/3578/1590
f 1111/3577/1591 1110/3590/1591 1091/3576/1591
f 1112/3583/4472 1114/3573/4472 1096/3574/4472
f 1114/3573/1740 1113/3588/1740 1094/3572/1740
f 1115/3743/1594 1117/3744/1594 1099/3739/1594
f 1117/3744/4473 1116/5568/4473 1098/3745/4473
f 1118/3587/1596 1120/3603/1596 1102/3573/1596
f 1102/3573/1597 1120/3603/1597 1119/3589/1597
f 1103/3590/4474 1121/3596/4474 1123/3591/4474
f 1123/3591/1763 1122/3607/1763 1104/3582/1763
f 1124/3746/1764 1126/5569/1764 1108/3742/1764
f 1108/3742/1601 1126/5569/1601 1125/3747/1601
f 1127/3595/1602 1129/3591/1602 1111/3577/1602
f 1111/3577/1603 1129/3591/1603 1128/3596/1603
f 1130/3589/4475 1132/3603/4475 1114/3573/4475
f 1114/3573/4476 1132/3603/4476 1131/3587/4476
f 1133/3749/1606 1135/3752/1606 1117/3750/1606
f 1135/3752/1607 1134/3759/1607 1116/3753/1607
f 1136/3602/1608 1138/3616/1608 1120/3603/1608
f 1120/3603/1609 1138/3616/1609 1137/3604/1609
f 1139/3605/1610 1141/3606/1610 1123/3591/1610
f 1141/3606/4464 1140/3612/4464 1122/3607/4464
f 1124/3754/1612 1142/3761/1612 1144/3755/1612
f 1144/3755/1613 1143/3763/1613 1125/3757/1613
f 1145/3612/1614 1147/3606/1614 1129/3591/1614
f 1129/3591/1615 1147/3606/1615 1146/3605/1615
f 1148/3604/1616 1150/3616/1616 1132/3603/1616
f 1132/3603/4477 1150/3616/4477 1149/3602/4477
f 1133/3749/1618 1151/3764/1618 1153/3758/1618
f 1153/3758/1619 1152/3766/1619 1134/3759/1619
f 1136/3602/1620 1154/3629/1620 1156/3615/1620
f 1156/3615/1621 1155/3624/1621 1137/3604/1621
f 1157/3617/1622 1159/3623/1622 1141/3606/1622
f 1141/3606/1623 1159/3623/1623 1158/3618/1623
f 1160/3760/1624 1162/3762/1624 1144/3755/1624
f 1162/3762/1625 1161/3769/1625 1143/3763/1625
f 1163/3618/1626 1165/3623/1626 1147/3606/1626
f 1165/3623/1627 1164/3617/1627 1146/3605/1627
f 1166/3624/1628 1168/3625/1628 1150/3616/1628
f 1168/3625/1629 1167/3638/1629 1149/3602/1629
f 1151/3764/1630 1169/3793/1630 1171/3765/1630
f 1171/3765/1631 1170/3794/1631 1152/3766/1631
f 1154/3629/1632 1172/3644/1632 1174/3630/1632
f 1174/3630/1745 1173/3636/1745 1155/3624/1745
f 1157/3617/1746 1175/3646/1746 1177/3631/1746
f 1177/3631/1747 1176/3635/1747 1158/3618/1747
f 1178/3767/4478 1180/3795/4478 1162/3762/4478
f 1162/3762/1637 1180/3795/1637 1179/3768/1637
f 1181/3635/1638 1183/3631/1638 1165/3623/1638
f 1183/3631/1639 1182/3646/1639 1164/3617/1639
f 1184/3636/1640 1186/3637/1640 1168/3625/1640
f 1186/3637/1641 1185/3644/1641 1167/3638/1641
f 1187/3770/1642 1189/3773/1642 1171/3771/1642
f 1189/3773/1643 1188/3781/1643 1170/3774/1643
f 1172/3644/1644 1190/3658/1644 1192/3645/1644
f 1192/3645/1749 1191/3653/1749 1173/3636/1749
f 1175/3646/1750 1193/3661/1750 1195/3647/1750
f 1195/3647/1647 1194/3663/1647 1176/3635/1647
f 1196/3775/1648 1198/3778/1648 1180/3776/1648
f 1198/3778/1649 1197/3784/1649 1179/3779/1649
f 1181/3635/1650 1199/3663/1650 1201/3647/1650
f 1201/3647/1651 1200/3661/1651 1182/3646/1651
f 1184/3636/1652 1202/3653/1652 1204/3654/1652
f 1204/3654/1653 1203/3668/1653 1185/3644/1653
f 1187/3770/1654 1205/3786/1654 1207/3780/1654
f 1207/3780/1655 1206/3788/1655 1188/3781/1655
f 1208/3657/1656 1210/3659/1656 1192/3645/1656
f 1210/3659/1657 1209/3674/1657 1191/3653/1657
f 1211/3660/1658 1213/3662/1658 1195/3647/1658
f 1213/3662/1659 1212/3677/1659 1194/3663/1659
f 1214/3782/1660 1216/3790/1660 1198/3778/1660
f 1198/3778/1661 1216/3790/1661 1215/3783/1661
f 1217/3667/1662 1219/3681/1662 1201/3647/1662
f 1201/3647/1663 1219/3681/1663 1218/3660/1663
f 1202/3653/1664 1220/3674/1664 1222/3659/1664
f 1204/3654/1665 1222/3659/1665 1221/3657/1665
f 1223/3785/1666 1225/3787/1666 1207/3780/1666
f 1225/3787/1667 1224/5570/1667 1206/3788/1667
f 1226/3672/1668 1228/3673/1668 1210/3659/1668
f 1228/3673/1669 1227/3687/1669 1209/3674/1669
f 1211/3660/1670 1229/3689/1670 1231/3675/1670
f 1213/3662/1671 1231/3675/1671 1230/3676/1671
f 1214/3782/1672 1232/5571/1672 1234/3789/1672
f 1216/3790/1673 1234/3789/1673 1233/3791/1673
f 1217/3667/1674 1235/3676/1674 1237/3675/1674
f 1237/3675/1675 1236/3689/1675 1218/3660/1675
f 1220/3674/1676 1238/3687/1676 1240/3673/1676
f 1240/3673/1677 1239/3672/1677 1221/3657/1677
f 1241/3792/1678 1243/3796/1678 1225/3765/1678
f 1225/3765/4479 1243/3796/4479 1242/3766/4479
f 1244/3685/1680 1246/3686/1680 1228/3673/1680
f 1246/3686/1756 1245/3697/1756 1227/3687/1756
f 1247/3688/1682 1249/3690/1682 1231/3675/1682
f 1249/3690/1683 1248/3700/1683 1230/3676/1683
f 1232/3767/1684 1250/3760/1684 1252/3762/1684
f 1252/3762/1685 1251/3769/1685 1233/3768/1685
f 1253/3692/1686 1255/3703/1686 1237/3675/1686
f 1237/3675/1687 1255/3703/1687 1254/3688/1687
f 1238/3687/1688 1256/3697/1688 1258/3686/1688
f 1240/3673/4480 1258/3686/4480 1257/3693/4480
f 1259/3749/1690 1261/3752/1690 1243/3796/1690
f 1261/3752/1691 1260/3759/1691 1242/3766/1691
f 1244/3685/1692 1262/3707/1692 1264/3695/1692
f 1246/3686/1693 1264/3695/1693 1263/3696/1693
f 1265/3698/1694 1267/3699/1694 1249/3690/1694
f 1267/3699/1695 1266/3712/1695 1248/3700/1695
f 1268/3761/1696 1270/3797/1696 1252/3762/1696
f 1270/3797/1697 1269/3763/1697 1251/3769/1697
f 1271/3702/1698 1273/3704/1698 1255/3703/1698
f 1273/3704/1699 1272/3698/1699 1254/3688/1699
f 1274/3696/1700 1276/3695/1700 1258/3686/1700
f 1276/3695/1701 1275/3716/1701 1257/3693/1701
f 1277/3798/1702 1279/5572/1702 1261/3752/1702
f 1261/3752/1703 1279/5572/1703 1278/3799/1703
f 1262/3707/4468 1280/3722/4468 1282/3708/4468
f 1264/3695/1705 1282/3708/1705 1281/3709/1705
f 1283/3714/1706 1285/3710/1706 1267/3699/1706
f 1267/3699/1707 1285/3710/1707 1284/3711/1707
f 1268/3761/1708 1286/5573/1708 1288/3800/1708
f 1288/3800/1709 1287/5574/1709 1269/3763/1709
f 1289/3711/1710 1291/3710/1710 1273/3704/1710
f 1273/3704/1711 1291/3710/1711 1290/3714/1711
f 1274/3696/4469 1292/3709/4469 1294/3715/4469
f 1294/3715/4481 1293/3732/4481 1275/3716/4481
f 1277/3801/1714 1295/3811/1714 1297/3802/1714
f 1297/3802/1715 1296/3810/1715 1278/3804/1715
f 1298/3721/1716 1300/3723/1716 1282/3708/1716
f 1300/3723/1717 1299/3734/1717 1281/3709/1717
f 1301/3724/1718 1303/3731/1718 1285/3710/1718
f 1303/3731/1719 1302/3725/1719 1284/3711/1719
f 1304/3805/1720 1306/3808/1720 1288/3806/1720
f 1306/3808/1721 1305/3812/1721 1287/3809/1721
f 1307/3725/1722 1309/3731/1722 1291/3710/1722
f 1309/3731/1723 1308/3724/1723 1290/3714/1723
f 1292/3709/1724 1310/3734/1724 1312/3723/1724
f 1312/3723/1725 1311/3721/1725 1293/3732/1725
f 1296/3810/1726 1297/3802/1726 1081/3737/1726
f 1081/3737/1727 1297/3802/1727 1295/3811/1727
f 1299/3734/1728 1300/3723/1728 1084/3574/1728
f 1084/3574/1729 1300/3723/1729 1298/3721/1729
f 1302/3725/1730 1303/3731/1730 1087/3578/1730
f 1087/3578/1731 1303/3731/1731 1301/3724/1731
f 1305/3812/1732 1306/3808/1732 1090/3737/1732
f 1090/3737/1733 1306/3808/1733 1304/3805/1733
f 1308/3724/1734 1309/3731/1734 1093/3578/1734
f 1093/3578/1761 1309/3731/1761 1307/3725/1761
f 1311/3721/4470 1312/3723/4470 1096/3574/4470
f 1312/3723/1737 1310/3734/1737 1095/3575/1737
f 1331/3813/1582 1333/3816/1582 1315/3814/1582
f 1333/3816/1583 1332/3822/1583 1313/3817/1583
f 1317/3572/1584 1334/3588/1584 1336/3573/1584
f 1336/3573/1585 1335/3583/1585 1316/3575/1585
f 1320/3576/1586 1337/3590/1586 1339/3577/1586
f 1321/3578/1587 1339/3577/1587 1338/3582/1587
f 1340/3818/1588 1342/3819/1588 1324/3814/1588
f 1342/3819/1589 1341/3825/1589 1322/3815/1589
f 1343/3582/1590 1345/3577/1590 1327/3578/1590
f 1345/3577/1591 1344/3590/1591 1325/3576/1591
f 1346/3583/4472 1348/3573/4472 1330/3574/4472
f 1348/3573/1593 1347/3588/1593 1328/3572/1593
f 1349/3820/1594 1351/5575/1594 1333/3816/1594
f 1333/3816/1595 1351/5575/1595 1350/3821/1595
f 1352/3587/1596 1354/3603/1596 1336/3573/1596
f 1336/3573/1597 1354/3603/1597 1353/3589/1597
f 1355/3596/1598 1357/3831/1598 1339/3577/1598
f 1339/3577/1763 1357/3831/1763 1356/3595/1763
f 1358/3823/1764 1360/5576/1764 1342/3819/1764
f 1342/3819/1601 1360/5576/1601 1359/3824/1601
f 1361/3595/1602 1363/3591/1602 1345/3577/1602
f 1345/3577/4482 1363/3591/4482 1362/3596/4482
f 1364/3589/4475 1366/3603/4475 1348/3573/4475
f 1348/3573/1605 1366/3603/1605 1365/3587/1605
f 1367/3826/1606 1369/3829/1606 1351/3827/1606
f 1369/3829/1607 1368/3838/1607 1350/3830/1607
f 1370/3602/4483 1372/3616/4483 1354/3603/4483
f 1372/3616/1609 1371/3604/1609 1353/3589/1609
f 1373/3605/1610 1375/3606/1610 1357/3831/1610
f 1357/3831/4484 1375/3606/4484 1374/3612/4484
f 1358/3832/1612 1376/3840/1612 1378/3833/1612
f 1378/3833/1613 1377/3842/1613 1359/3835/1613
f 1379/3612/1614 1381/3606/1614 1363/3591/1614
f 1363/3591/1615 1381/3606/1615 1380/3605/1615
f 1382/3604/1616 1384/3616/1616 1366/3603/1616
f 1366/3603/1617 1384/3616/1617 1383/3602/1617
f 1385/3836/1618 1387/3837/1618 1369/3829/1618
f 1387/3837/1619 1386/3844/1619 1368/3838/1619
f 1370/3602/1620 1388/3638/1620 1390/3625/1620
f 1372/3616/1621 1390/3625/1621 1389/3624/1621
f 1391/3617/1622 1393/3623/1622 1375/3606/1622
f 1375/3606/1623 1393/3623/1623 1392/3618/1623
f 1394/3839/1624 1396/3841/1624 1378/3833/1624
f 1396/3841/1625 1395/3847/1625 1377/3842/1625
f 1397/3618/1626 1399/3623/1626 1381/3606/1626
f 1399/3623/1627 1398/3617/1627 1380/3605/1627
f 1400/3624/1628 1402/3625/1628 1384/3616/1628
f 1402/3625/1629 1401/3638/1629 1383/3602/1629
f 1385/3836/1630 1403/3869/1630 1405/3843/1630
f 1405/3843/4485 1404/3871/4485 1386/3844/4485
f 1388/3638/1632 1406/3644/1632 1408/3637/1632
f 1390/3625/1745 1408/3637/1745 1407/3636/1745
f 1391/3617/1746 1409/3646/1746 1411/3631/1746
f 1411/3631/1747 1410/3635/1747 1392/3618/1747
f 1412/3845/1636 1414/3873/1636 1396/3841/1636
f 1396/3841/4486 1414/3873/4486 1413/3846/4486
f 1415/3635/1638 1417/3631/1638 1399/3623/1638
f 1417/3631/1639 1416/3646/1639 1398/3617/1639
f 1418/3636/1640 1420/3637/1640 1402/3625/1640
f 1420/3637/4466 1419/3644/4466 1401/3638/4466
f 1403/3848/1642 1421/3857/1642 1423/3849/1642
f 1423/3849/1643 1422/3859/1643 1404/3851/1643
f 1424/3668/1644 1426/3654/1644 1408/3637/1644
f 1426/3654/1749 1425/3653/1749 1407/3636/1749
f 1427/3661/1646 1429/3647/1646 1411/3631/1646
f 1429/3647/1647 1428/3663/1647 1410/3635/1647
f 1430/3852/1648 1432/3861/1648 1414/3853/1648
f 1414/3853/1649 1432/3861/1649 1431/3855/1649
f 1415/3635/1650 1433/3663/1650 1435/3647/1650
f 1435/3647/1651 1434/3661/1651 1416/3646/1651
f 1418/3636/1652 1436/3653/1652 1438/3654/1652
f 1438/3654/1653 1437/3668/1653 1419/3644/1653
f 1421/3857/1654 1439/3863/1654 1441/3858/1654
f 1441/3858/1655 1440/3865/1655 1422/3859/1655
f 1442/3657/1656 1444/3659/1656 1426/3654/1656
f 1444/3659/1751 1443/3674/1751 1425/3653/1751
f 1445/3660/1658 1447/3681/1658 1429/3647/1658
f 1447/3681/1659 1446/3667/1659 1428/3663/1659
f 1448/3860/1660 1450/3862/1660 1432/3861/1660
f 1450/3862/1661 1449/3867/1661 1431/3855/1661
f 1451/3667/1662 1453/3681/1662 1435/3647/1662
f 1435/3647/1663 1453/3681/1663 1452/3660/1663
f 1454/3674/1753 1456/3659/1753 1438/3654/1753
f 1438/3654/1665 1456/3659/1665 1455/3657/1665
f 1439/3863/1666 1457/5577/1666 1459/3864/1666
f 1459/3864/1667 1458/5578/1667 1440/3865/1667
f 1460/3672/1668 1462/3673/1668 1444/3659/1668
f 1462/3673/1669 1461/3687/1669 1443/3674/1669
f 1463/3689/1670 1465/3675/1670 1447/3681/1670
f 1447/3681/1671 1465/3675/1671 1464/3676/1671
f 1448/3860/1672 1466/5060/1672 1468/3866/1672
f 1468/3866/1673 1467/5579/1673 1449/3867/1673
f 1469/3676/1674 1471/3675/1674 1453/3681/1674
f 1471/3675/1675 1470/3689/1675 1452/3660/1675
f 1472/3687/1676 1474/3673/1676 1456/3659/1676
f 1456/3659/1677 1474/3673/1677 1473/3672/1677
f 1475/3868/1678 1477/3870/1678 1459/3843/1678
f 1477/3870/1754 1476/3874/1754 1458/3871/1754
f 1478/3693/1680 1480/3686/1680 1462/3673/1680
f 1480/3686/1756 1479/3697/1756 1461/3687/1756
f 1481/3688/1757 1483/3703/1757 1465/3675/1757
f 1483/3703/1683 1482/3692/1683 1464/3676/1683
f 1466/3845/1684 1484/3839/1684 1486/3872/1684
f 1486/3872/4487 1485/3847/4487 1467/3846/4487
f 1487/3692/1686 1489/3703/1686 1471/3675/1686
f 1471/3675/1687 1489/3703/1687 1488/3688/1687
f 1472/3687/1758 1490/3697/1758 1492/3686/1758
f 1474/3673/1689 1492/3686/1689 1491/3693/1689
f 1493/3826/1690 1495/3829/1690 1477/3870/1690
f 1495/3829/1691 1494/3838/1691 1476/3874/1691
f 1496/3716/1692 1498/3695/1692 1480/3686/1692
f 1480/3686/1693 1498/3695/1693 1497/3696/1693
f 1481/3688/1694 1499/3698/1694 1501/3704/1694
f 1501/3704/1695 1500/3702/1695 1482/3692/1695
f 1484/3839/1696 1502/3840/1696 1504/3875/1696
f 1504/3875/1697 1503/3842/1697 1485/3847/1697
f 1505/3702/1698 1507/3704/1698 1489/3703/1698
f 1507/3704/1699 1506/3698/1699 1488/3688/1699
f 1508/3696/1700 1510/3695/1700 1492/3686/1700
f 1510/3695/1701 1509/3716/1701 1491/3693/1701
f 1511/3876/1702 1513/3877/1702 1495/3829/1702
f 1513/3877/1703 1512/5069/1703 1494/3838/1703
f 1496/3716/1704 1514/3732/1704 1516/3715/1704
f 1516/3715/4488 1515/3709/4488 1497/3696/4488
f 1517/3714/1706 1519/3710/1706 1501/3704/1706
f 1501/3704/4489 1519/3710/4489 1518/3711/4489
f 1520/3878/1708 1522/3879/1708 1504/3875/1708
f 1522/3879/1709 1521/5580/1709 1503/3842/1709
f 1523/3711/1710 1525/3710/1710 1507/3704/1710
f 1507/3704/1711 1525/3710/1711 1524/3714/1711
f 1508/3696/1712 1526/3709/1712 1528/3715/1712
f 1528/3715/4481 1527/3732/4481 1509/3716/4481
f 1529/3880/1714 1531/3883/1714 1513/3881/1714
f 1531/3883/1715 1530/3890/1715 1512/3884/1715
f 1532/3721/1716 1534/3723/1716 1516/3715/1716
f 1534/3723/1717 1533/3734/1717 1515/3709/1717
f 1535/3724/1718 1537/3731/1718 1519/3710/1718
f 1537/3731/1719 1536/3725/1719 1518/3711/1719
f 1538/3885/1720 1540/3888/1720 1522/3886/1720
f 1540/3888/1721 1539/3891/1721 1521/3889/1721
f 1541/3725/1722 1543/3731/1722 1525/3710/1722
f 1543/3731/1723 1542/3724/1723 1524/3714/1723
f 1544/3734/1724 1546/3723/1724 1528/3715/1724
f 1546/3723/1725 1545/3721/1725 1527/3732/1725
f 1530/3890/1726 1531/3883/1726 1315/3814/1726
f 1315/3814/1727 1531/3883/1727 1529/3880/1727
f 1533/3734/1728 1534/3723/1728 1318/3574/1728
f 1318/3574/1760 1534/3723/1760 1532/3721/1760
f 1536/3725/1730 1537/3731/1730 1321/3578/1730
f 1321/3578/1731 1537/3731/1731 1535/3724/1731
f 1539/3891/1732 1540/3888/1732 1324/3814/1732
f 1324/3814/1733 1540/3888/1733 1538/3885/1733
f 1542/3724/1734 1543/3731/1734 1327/3578/1734
f 1327/3578/1761 1543/3731/1761 1541/3725/1761
f 1545/3721/4470 1546/3723/4470 1330/3574/4470
f 1546/3723/1737 1544/3734/1737 1329/3575/1737
f 1786/3973/1504 1788/5585/1504 1777/3974/1504
f 1788/1039/1505 1785/1031/1505 1771/1016/1505
f 1779/1026/1506 1781/1028/1506 1798/3975/1506
f 1798/1039/1507 1781/5297/1507 1778/1016/1507
f 1780/1029/1508 1783/1030/1508 1776/1023/1508
f 1776/1023/1509 1783/1030/1509 1779/1026/1509
f 1793/1040/1510 1787/1037/1510 1790/1038/1510
f 1790/1038/1872 1786/1034/1872 1794/1043/1872
f 1787/1037/4527 1800/1048/4527 1802/1050/4527
f 1791/1033/1873 1802/5299/1873 1799/1045/1873
f 1808/1058/1874 1793/1040/1874 1795/1042/1874
f 1795/3978/1515 1792/1031/1515 1806/1045/1515
f 1807/1055/2205 1801/1051/2205 1804/1053/2205
f 1804/1067/1517 1800/1048/1517 1808/1058/1517
f 1801/1051/1518 1814/1064/1518 1816/1066/1518
f 1816/1068/1876 1813/1061/1876 1799/1045/1876
f 1807/1055/1877 1809/1057/1877 1826/3981/1877
f 1809/3982/1521 1806/1045/1521 1820/1061/1521
f 1821/1058/1522 1815/1048/1522 1818/1067/1522
f 1818/3983/1878 1814/1064/1878 1822/1070/1878
f 1815/1048/1879 1828/1037/1879 1830/1077/1879
f 1819/1063/4441 1830/1078/4441 1827/1073/4441
f 1821/1058/1880 1823/1069/1880 1840/3984/1880
f 1823/1063/1881 1820/1061/1881 1834/1073/1881
f 1835/1043/2208 1829/1034/2208 1832/1038/2208
f 1832/1038/1529 1828/1037/1529 1836/1040/1529
f 1772/1019/1530 1774/1021/1530 1833/3985/1530
f 1833/1075/1531 1774/1025/1531 1771/1016/1531
f 1780/1029/1882 1835/5077/1882 1837/3987/1882
f 1784/1025/2209 1837/1075/2209 1834/1073/2209
f 2015/1206/1955 2028/1220/1955 2030/1219/1955
f 2019/1201/1956 2030/5309/1956 2027/1215/1956
f 2036/1231/1957 2021/1212/1957 2023/1211/1957
f 2023/4077/4538 2020/5594/4538 2034/1223/4538
f 2014/1204/1959 2022/1214/1959 2025/1210/1959
f 2018/1202/1960 2025/1210/1960 2021/1212/1960
f 2029/4078/2475 2032/1218/2475 2039/1230/2475
f 2032/1218/4539 2028/1220/4539 2036/1231/4539
f 2042/1237/4540 2044/1236/4540 2033/1217/4540
f 2044/1236/4541 2041/1232/4541 2027/1215/4541
f 2050/1245/1965 2035/1228/1965 2037/1227/1965
f 2054/1241/4542 2037/1227/4542 2034/1223/4542
f 2043/4080/1967 2046/4081/1967 2053/1242/1967
f 2046/4081/2478 2042/5115/2478 2050/1245/2478
f 2043/1238/1969 2056/1251/1969 2058/1250/1969
f 2047/1234/4543 2058/1250/4543 2055/1246/4543
f 2049/1244/1971 2051/1243/1971 2068/1255/1971
f 2068/1255/1972 2051/1243/1972 2048/1239/1972
f 2063/4082/1973 2057/4086/1973 2060/4083/1973
f 2060/4085/1974 2056/5117/1974 2064/1259/1974
f 2057/4086/2482 2070/1265/2482 2072/1264/2482
f 2061/1248/1976 2072/5315/1976 2069/1260/1976
f 2063/4082/1977 2065/5314/1977 2082/1274/1977
f 2082/1270/1978 2065/1257/1978 2062/1253/1978
f 2077/1273/1979 2071/1267/1979 2074/1263/1979
f 2074/1263/2486 2070/1265/2486 2078/1275/2486
f 2084/1281/1501 2086/1280/1501 2075/1266/1501
f 2075/1262/1500 2086/5595/1500 2083/4088/1500
f 2077/1273/1503 2079/1272/1503 2096/1290/1503
f 2079/4089/1502 2076/5596/1502 2090/1284/1502
f 2085/1283/1981 2088/1279/1981 2095/1287/1981
f 2088/1279/1982 2084/1281/1982 2092/1291/1982
f 2098/4090/4544 2100/5324/4544 2089/1282/4544
f 2100/1296/1984 2097/1292/1984 2083/1276/1984
f 2106/4091/1985 2091/1289/1985 2093/1288/1985
f 2093/4093/1986 2090/1284/1986 2104/1299/1986
f 2105/4094/2492 2099/1298/2492 2102/1295/2492
f 2109/4096/1988 2102/5322/1988 2098/4090/1988
f 2112/1311/1989 2114/1310/1989 2103/1294/1989
f 2114/1310/1990 2111/1306/1990 2097/1292/1990
f 2120/1319/1991 2105/1304/1991 2107/1303/1991
f 2124/1315/4545 2107/1303/4545 2104/1299/4545
f 2119/4097/1993 2113/1312/1993 2116/1309/1993
f 2123/4098/4546 2116/1309/4546 2112/1311/4546
f 2113/1312/1995 2126/1325/1995 2128/1324/1995
f 2117/1308/4547 2128/1324/4547 2125/1320/4547
f 2134/1336/1997 2119/1318/1997 2121/1317/1997
f 2121/1317/4548 2118/1313/4548 2132/1329/4548
f 2127/1328/1999 2130/1327/1999 2137/1332/1999
f 2130/1327/2000 2126/5597/2000 2134/4100/2000
f 2127/1328/2001 2014/1204/2001 2016/1203/2001
f 2016/4101/4549 2013/5598/4549 2125/1320/4549
f 2133/1334/2003 2135/1333/2003 2026/1213/2003
f 2026/1209/2004 2135/5327/2004 2132/1329/2004
f 3232/2271/1955 3234/2270/1955 3223/2256/1955
f 3223/2252/1956 3234/5397/1956 3231/2266/1956
f 3240/2282/1957 3225/2263/1957 3227/2262/1957
f 3227/4650/2474 3224/5629/2474 3238/2274/2474
f 3218/2255/1959 3226/2265/1959 3229/2261/1959
f 3229/2261/1960 3225/2263/1960 3219/2257/1960
f 3233/4651/2475 3236/2269/2475 3243/2281/2475
f 3236/2269/4539 3232/2271/4539 3240/2282/4539
f 3233/2273/4540 3246/2288/4540 3248/2287/4540
f 3237/2268/2476 3248/2287/2476 3245/2283/2476
f 3239/2279/1965 3241/2278/1965 3258/2292/1965
f 3241/2278/1966 3238/2274/1966 3252/2290/1966
f 3253/2295/4644 3247/5216/4644 3250/4653/4644
f 3257/2293/2478 3250/4653/2478 3246/4654/2478
f 3260/2302/4645 3262/2301/4645 3251/2285/4645
f 3251/2285/2479 3262/2301/2479 3259/2297/2479
f 3253/2295/1971 3255/2294/1971 3272/2306/1971
f 3272/2306/1972 3255/2294/1972 3252/2290/1972
f 3261/4655/1973 3264/5401/1973 3271/4656/1973
f 3264/4658/1974 3260/5215/1974 3268/2310/1974
f 3261/4655/2482 3274/2316/2482 3276/2315/2482
f 3276/4660/2483 3273/2311/2483 3259/2297/2483
f 3267/4657/1977 3269/5403/1977 3286/2325/1977
f 3286/2321/2484 3269/2308/2484 3266/2304/2484
f 3275/2318/1979 3278/2314/1979 3285/2322/1979
f 3285/2322/2486 3278/2314/2486 3274/2316/2486
f 3275/2318/1501 3288/2332/1501 3290/2331/1501
f 3279/2313/1500 3290/5630/1500 3287/4661/1500
f 3296/2342/1503 3281/2324/1503 3283/2323/1503
f 3283/4662/1502 3280/5631/1502 3294/2335/1502
f 3295/2340/1981 3289/2334/1981 3292/2330/1981
f 3299/2338/1982 3292/2330/1982 3288/2332/1982
f 3289/2334/1983 3302/4670/1983 3304/4663/1983
f 3293/2329/1984 3304/2347/1984 3301/2343/1984
f 3295/2340/1985 3297/2339/1985 3314/4664/1985
f 3297/4666/1986 3294/2335/1986 3308/2350/1986
f 3309/4667/1987 3303/2349/1987 3306/2346/1987
f 3313/4669/1988 3306/5410/1988 3302/4670/1988
f 3316/2362/1989 3318/2361/1989 3307/2345/1989
f 3318/2361/2494 3315/2357/2494 3301/2343/2494
f 3309/2355/1991 3311/2354/1991 3328/2366/1991
f 3328/2366/4646 3311/2354/4646 3308/2350/4646
f 3323/4671/1993 3317/2363/1993 3320/2360/1993
f 3320/2360/4647 3316/2362/4647 3324/4673/4647
f 3317/2363/1995 3330/2376/1995 3332/2375/1995
f 3332/2375/2496 3329/2371/2496 3315/2357/2496
f 3338/2387/4648 3323/2369/4648 3325/2368/4648
f 3325/2368/1998 3322/2364/1998 3336/2380/1998
f 3331/2379/1999 3334/2378/1999 3341/2383/1999
f 3341/2383/4649 3334/2378/4649 3330/4674/4649
f 3331/2379/2001 3218/2255/2001 3220/2254/2001
f 3335/2373/4549 3220/5632/4549 3217/4676/4549
f 3226/2265/2003 3337/2385/2003 3339/2384/2003
f 3230/2260/4650 3339/5414/4650 3336/2380/4650
f 753/727/4706 697/667/4706 739/712/4706
f 697/667/2840 711/681/2840 739/712/2840
f 705/676/2878 720/3471/2878 712/4903/2878
f 761/4904/2879 706/679/2879 698/670/2879
f 732/695/2843 718/681/2843 704/667/2843
f 704/667/2843 760/727/2843 746/712/2843
f 719/690/2880 734/709/2880 726/698/2880
f 733/706/2856 748/724/2856 740/715/2856
f 747/709/2881 762/736/2881 754/687/2881
f 1062/3733/2946 845/3571/2946 849/4908/2946
f 845/3571/2947 864/3586/2947 866/4910/2947
f 879/4911/4707 863/3567/4707 846/3569/4707
f 860/4912/2897 846/3569/2897 1061/4913/2897
f 867/3583/2843 869/3590/2843 852/3576/2843
f 848/3575/2843 852/3576/2843 1067/3724/2843
f 851/4908/2898 870/4920/2898 872/3580/2898
f 851/4908/2949 855/3571/2949 1070/3726/2949
f 854/3569/2900 873/3594/2900 875/4916/2900
f 1071/3735/2901 854/3569/2901 858/4912/2901
f 857/3576/2840 876/3590/2840 878/3583/2840
f 1074/3724/2840 857/3576/2840 861/3575/2840
f 897/4918/2902 881/3584/2902 863/3567/2902
f 864/3586/2903 882/5560/2903 884/4919/2903
f 885/3589/2843 887/3596/2843 869/3590/2843
f 870/4920/2904 888/5652/2904 890/3592/2904
f 873/3594/2905 891/3593/2905 893/4921/2905
f 894/3596/2840 896/3589/2840 878/3583/2840
f 915/4922/2906 899/3597/2906 881/3599/2906
f 882/3601/2907 900/3614/2907 902/4924/2907
f 903/3604/2843 905/3605/2843 887/3596/2843
f 888/4926/2908 906/4931/2908 908/3620/2908
f 891/3611/2909 909/3622/2909 911/4927/2909
f 894/3596/2840 912/3605/2840 914/3604/2840
f 933/4929/2910 917/3626/2910 899/3597/2910
f 900/3614/2911 918/3628/2911 920/4930/2911
f 921/3624/2843 923/3617/2843 905/3605/2843
f 906/4931/2912 924/4932/2912 926/3619/2912
f 927/3634/2913 929/4933/2913 911/4927/2913
f 912/3605/2840 930/3617/2840 932/3624/2840
f 933/4929/2914 951/4950/2914 935/3683/2914
f 936/3684/2915 938/4951/2915 920/4930/2915
f 939/3636/2843 941/3646/2843 923/3617/2843
f 924/4932/2916 942/4952/2916 944/3632/2916
f 945/3633/2917 947/4953/2917 929/4933/2917
f 930/3617/2840 948/3646/2840 950/3636/2840
f 969/4934/2918 953/3639/2918 935/3641/2918
f 954/3656/2919 956/4939/2919 938/4936/2919
f 957/3653/2843 959/3661/2843 941/3646/2843
f 942/4937/2920 960/4941/2920 962/3648/2920
f 963/3666/2921 965/4943/2921 947/4938/2921
f 948/3646/2840 966/3661/2840 968/3653/2840
f 969/4934/2922 987/4945/2922 971/3669/2922
f 972/3671/2923 974/4947/2923 956/4939/2923
f 957/3653/2843 975/3674/2843 977/3660/2843
f 978/4940/2924 980/3664/2924 962/3648/2924
f 963/3666/2925 981/3680/2925 983/4942/2925
f 984/3660/2840 986/3674/2840 968/3653/2840
f 1005/4944/2926 989/5562/2926 971/3669/2926
f 972/3671/2927 990/5563/2927 992/4946/2927
f 993/3687/2843 995/3689/2843 977/3660/2843
f 996/4948/2928 998/5564/2928 980/3664/2928
f 981/3680/2929 999/3679/2929 1001/4949/2929
f 984/3660/2840 1002/3689/2840 1004/3687/2840
f 1023/4929/2930 1007/3682/2930 989/3683/2930
f 1008/3628/2931 1010/4954/2931 992/4951/2931
f 1011/3697/2843 1013/3688/2843 995/3689/2843
f 996/4952/2932 1014/4932/2932 1016/3619/2932
f 1017/3634/2933 1019/4933/2933 1001/4953/2933
f 1020/3688/2840 1022/3697/2840 1004/3687/2840
f 1023/4929/2934 1041/4922/2934 1025/3597/2934
f 1026/3614/2935 1028/4924/2935 1010/4954/2935
f 1011/3697/2843 1029/3696/2843 1031/3698/2843
f 1014/4932/2936 1032/4958/2936 1034/3620/2936
f 1017/3634/2937 1035/3622/2937 1037/4955/2937
f 1038/3698/2840 1040/3696/2840 1022/3697/2840
f 1059/4956/2938 1043/3705/2938 1025/3597/2938
f 1044/3706/2939 1046/5653/2939 1028/4924/2939
f 1029/3696/2843 1047/3709/2843 1049/3714/2843
f 1050/4957/2940 1052/5566/2940 1034/3620/2940
f 1035/3622/2941 1053/5567/2941 1055/4959/2941
f 1056/3714/2840 1058/3709/2840 1040/3696/2840
f 1077/4914/2942 1061/4913/2942 1043/3717/2942
f 1062/3733/2943 1064/4909/2943 1046/4961/2943
f 1047/3709/2843 1065/3734/2843 1067/3724/2843
f 1050/4962/2950 1068/4915/2950 1070/3726/2950
f 1053/3730/2945 1071/3735/2945 1073/4917/2945
f 1056/3714/2840 1074/3724/2840 1076/3734/2840
f 1296/3810/2894 1079/3740/2894 1083/4964/2894
f 1079/3740/2951 1098/3745/2951 1100/4966/2951
f 1113/4967/4707 1097/3736/4707 1080/3738/4707
f 1094/4968/2897 1080/3738/2897 1295/3811/2897
f 1101/3583/2843 1103/3590/2843 1086/3576/2843
f 1082/3575/2843 1086/3576/2843 1301/3724/2843
f 1085/4964/2898 1104/4975/2898 1106/3741/2898
f 1085/4964/2899 1089/3740/2899 1304/3805/2899
f 1107/3748/2900 1109/4977/2900 1092/4968/2900
f 1305/3812/2901 1088/3738/2901 1092/4968/2901
f 1091/3576/2840 1110/3590/2840 1112/3583/2840
f 1308/3724/2840 1091/3576/2840 1095/3575/2840
f 1131/4972/2902 1115/3743/2902 1097/3736/2902
f 1098/3745/2903 1116/5568/2903 1118/4973/2903
f 1119/3589/2843 1121/3596/2843 1103/3590/2843
f 1122/4974/2904 1124/3746/2904 1106/3741/2904
f 1107/3748/2905 1125/3747/2905 1127/4976/2905
f 1128/3596/2840 1130/3589/2840 1112/3583/2840
f 1149/4978/2906 1133/3749/2906 1115/3751/2906
f 1116/3753/2907 1134/3759/2907 1136/4980/2907
f 1137/3604/2843 1139/3605/2843 1121/3596/2843
f 1122/4982/2908 1140/4987/2908 1142/3761/2908
f 1125/3757/2909 1143/3763/2909 1145/4983/2909
f 1128/3596/2840 1146/3605/2840 1148/3604/2840
f 1167/4985/2910 1151/3764/2910 1133/3749/2910
f 1134/3759/2911 1152/3766/2911 1154/4986/2911
f 1155/3624/2843 1157/3617/2843 1139/3605/2843
f 1140/4987/2912 1158/4988/2912 1160/3760/2912
f 1161/3769/2913 1163/4989/2913 1145/4983/2913
f 1146/3605/2840 1164/3617/2840 1166/3624/2840
f 1167/4985/2914 1185/5006/2914 1169/3793/2914
f 1170/3794/2915 1172/5007/2915 1154/4986/2915
f 1173/3636/2843 1175/3646/2843 1157/3617/2843
f 1158/4988/2916 1176/5008/2916 1178/3767/2916
f 1179/3768/2917 1181/5009/2917 1163/4989/2917
f 1164/3617/2840 1182/3646/2840 1184/3636/2840
f 1203/4990/2918 1187/3770/2918 1169/3772/2918
f 1188/3781/2919 1190/4996/2919 1172/4992/2919
f 1191/3653/2843 1193/3661/2843 1175/3646/2843
f 1176/4993/2920 1194/4998/2920 1196/3775/2920
f 1197/3784/2921 1199/5000/2921 1181/4994/2921
f 1182/3646/2840 1200/3661/2840 1202/3653/2840
f 1221/4995/2922 1205/3786/2922 1187/3770/2922
f 1206/3788/2923 1208/5003/2923 1190/4996/2923
f 1191/3653/2843 1209/3674/2843 1211/3660/2843
f 1212/4997/2924 1214/3782/2924 1196/3775/2924
f 1197/3784/2925 1215/3783/2925 1217/4999/2925
f 1218/3660/2840 1220/3674/2840 1202/3653/2840
f 1239/5001/2926 1223/3785/2926 1205/3786/2926
f 1206/3788/2927 1224/5570/2927 1226/5002/2927
f 1227/3687/2843 1229/3689/2843 1211/3660/2843
f 1230/5004/2928 1232/5571/2928 1214/3782/2928
f 1215/3783/2929 1233/3791/2929 1235/5005/2929
f 1218/3660/2840 1236/3689/2840 1238/3687/2840
f 1257/4985/2930 1241/3792/2930 1223/3793/2930
f 1242/3766/2931 1244/5010/2931 1226/5007/2931
f 1245/3697/2843 1247/3688/2843 1229/3689/2843
f 1230/5008/2932 1248/4988/2932 1250/3760/2932
f 1251/3769/2933 1253/4989/2933 1235/5009/2933
f 1254/3688/2840 1256/3697/2840 1238/3687/2840
f 1257/4985/2934 1275/4978/2934 1259/3749/2934
f 1260/3759/2935 1262/4980/2935 1244/5010/2935
f 1245/3697/2843 1263/3696/2843 1265/3698/2843
f 1248/4988/2936 1266/5014/2936 1268/3761/2936
f 1251/3769/2937 1269/3763/2937 1271/5011/2937
f 1272/3698/2840 1274/3696/2840 1256/3697/2840
f 1293/5012/2938 1277/3798/2938 1259/3749/2938
f 1278/3799/2939 1280/5654/2939 1262/4980/2939
f 1263/3696/2843 1281/3709/2843 1283/3714/2843
f 1284/5013/2940 1286/5573/2940 1268/3761/2940
f 1269/3763/2941 1287/5574/2941 1289/5015/2941
f 1290/3714/2840 1292/3709/2840 1274/3696/2840
f 1311/4969/2942 1295/3811/2942 1277/3801/2942
f 1296/3810/2943 1298/4965/2943 1280/5017/2943
f 1281/3709/2843 1299/3734/2843 1301/3724/2843
f 1284/5018/2950 1302/4970/2950 1304/3805/2950
f 1287/3809/2945 1305/3812/2945 1307/4971/2945
f 1290/3714/2840 1308/3724/2840 1310/3734/2840
f 1530/3890/4708 1313/3817/4708 1317/5020/4708
f 1313/3817/2947 1332/3822/2947 1334/5022/2947
f 1347/5023/4709 1331/3813/4709 1314/3815/4709
f 1328/5024/2897 1314/3815/2897 1529/3880/2897
f 1335/3583/2843 1337/3590/2843 1320/3576/2843
f 1316/3575/2843 1320/3576/2843 1535/3724/2843
f 1338/5026/2898 1340/3818/2898 1323/3817/2898
f 1319/5020/2949 1323/3817/2949 1538/3885/2949
f 1341/3825/2900 1343/5033/2900 1326/5024/2900
f 1539/3891/2901 1322/3815/2901 1326/5024/2901
f 1325/3576/2840 1344/3590/2840 1346/3583/2840
f 1542/3724/2840 1325/3576/2840 1329/3575/2840
f 1365/5029/2902 1349/3820/2902 1331/3813/2902
f 1332/3822/2903 1350/3821/2903 1352/5030/2903
f 1353/3589/2843 1355/3596/2843 1337/3590/2843
f 1356/5031/4710 1358/3823/4710 1340/3818/4710
f 1341/3825/2905 1359/3824/2905 1361/5032/2905
f 1362/3596/2840 1364/3589/2840 1346/3583/2840
f 1383/5034/2906 1367/3826/2906 1349/3828/2906
f 1350/3830/2907 1368/3838/2907 1370/5036/2907
f 1371/3604/2843 1373/3605/2843 1355/3596/2843
f 1374/5038/2908 1376/3840/2908 1358/3832/2908
f 1359/3835/2909 1377/3842/2909 1379/5040/2909
f 1362/3596/2840 1380/3605/2840 1382/3604/2840
f 1401/5042/2910 1385/3836/2910 1367/3826/2910
f 1368/3838/2911 1386/3844/2911 1388/5043/2911
f 1389/3624/2843 1391/3617/2843 1373/3605/2843
f 1374/5038/2912 1392/5044/2912 1394/3839/2912
f 1395/3847/2913 1397/5045/2913 1379/5040/2913
f 1380/3605/2840 1398/3617/2840 1400/3624/2840
f 1401/5042/2914 1419/5062/2914 1403/3869/2914
f 1404/3871/2915 1406/5063/2915 1388/5043/2915
f 1407/3636/2843 1409/3646/2843 1391/3617/2843
f 1392/5044/2916 1410/5064/2916 1412/3845/2916
f 1413/3846/2917 1415/5065/2917 1397/5045/2917
f 1398/3617/2840 1416/3646/2840 1418/3636/2840
f 1437/5046/2918 1421/3857/2918 1403/3848/2918
f 1422/3859/2919 1424/5052/2919 1406/5048/2919
f 1425/3653/2843 1427/3661/2843 1409/3646/2843
f 1410/5049/2920 1428/5054/2920 1430/3852/2920
f 1431/3855/2921 1433/5056/2921 1415/5050/2921
f 1416/3646/2840 1434/3661/2840 1436/3653/2840
f 1455/5051/2922 1439/3863/2922 1421/3857/2922
f 1440/3865/2923 1442/5059/2923 1424/5052/2923
f 1425/3653/2843 1443/3674/2843 1445/3660/2843
f 1446/5053/2924 1448/3860/2924 1430/3852/2924
f 1431/3855/2925 1449/3867/2925 1451/5055/2925
f 1452/3660/4711 1454/3674/4711 1436/3653/4711
f 1473/5057/2926 1457/5577/2926 1439/3863/2926
f 1440/3865/2927 1458/5578/2927 1460/5058/2927
f 1461/3687/2843 1463/3689/2843 1445/3660/2843
f 1446/5053/2928 1464/5655/2928 1466/5060/2928
f 1449/3867/2929 1467/5579/2929 1469/5061/2929
f 1452/3660/2840 1470/3689/2840 1472/3687/2840
f 1491/5042/2930 1475/3868/2930 1457/3869/2930
f 1476/3874/2931 1478/5043/2931 1460/5063/2931
f 1479/3697/2843 1481/3688/2843 1463/3689/2843
f 1482/5044/2932 1484/3839/2932 1466/3845/2932
f 1485/3847/2933 1487/5045/2933 1469/5065/2933
f 1488/3688/2840 1490/3697/2840 1472/3687/2840
f 1491/5042/2934 1509/5034/2934 1493/3826/2934
f 1494/3838/2935 1496/5036/2935 1478/5043/2935
f 1479/3697/2843 1497/3696/2843 1499/3698/2843
f 1500/5066/2936 1502/3840/2936 1484/3839/2936
f 1485/3847/2937 1503/3842/2937 1505/5067/2937
f 1506/3698/2840 1508/3696/2840 1490/3697/2840
f 1527/5068/2938 1511/3876/2938 1493/3826/2938
f 1512/5069/2939 1514/5656/2939 1496/5036/2939
f 1497/3696/2843 1515/3709/2843 1517/3714/2843
f 1518/5070/2940 1520/3878/2940 1502/3840/2940
f 1503/3842/2941 1521/5580/2941 1523/5071/2941
f 1524/3714/2840 1526/3709/2840 1508/3696/2840
f 1545/5025/2942 1529/3880/2942 1511/3882/2942
f 1512/3884/2943 1530/3890/2943 1532/5021/2943
f 1515/3709/2843 1533/3734/2843 1535/3724/2843
f 1536/5027/2950 1538/3885/2950 1520/3887/2950
f 1521/3889/2945 1539/3891/2945 1541/5028/2945
f 1524/3714/2840 1542/3724/2840 1544/3734/2840
f 1827/1073/2840 1771/1016/2840 1813/1061/2840
f 1771/1016/2840 1785/1031/2840 1813/1061/2840
f 1779/1026/2878 1794/3976/2878 1786/3973/2878
f 1835/5077/2879 1780/1029/2879 1772/1019/2879
f 1806/1045/2843 1792/1031/2843 1778/1016/2843
f 1778/1016/2843 1834/1073/2843 1806/1045/2843
f 1793/1040/2880 1808/1058/2880 1800/1048/2880
f 1807/1055/2856 1822/1070/2856 1814/1064/2856
f 1821/1058/2881 1836/1040/2881 1828/1037/2881
f 2125/5665/2874 2013/1199/2874 2111/5666/2874
f 2013/1199/2874 2027/1215/2874 2111/5666/2874
f 2027/1215/2874 2041/1232/2874 2055/1246/2874
f 2055/1246/2874 2069/1260/2874 2083/4088/2874
f 2083/4088/2874 2097/5667/2874 2027/1215/2874
f 2097/5667/2874 2111/5666/2874 2027/1215/2874
f 2015/1206/3042 2021/1212/3042 2036/1231/3042
f 2127/1328/3043 2133/1334/3043 2022/1214/3043
f 2048/5668/2876 2034/5669/2876 2020/1207/2876
f 2020/1207/2876 2132/1329/2876 2090/1284/2876
f 2132/1329/2876 2118/1313/2876 2090/1284/2876
f 2118/1313/2876 2104/1299/2876 2090/1284/2876
f 2090/1284/2876 2076/5596/2876 2062/5114/2876
f 2062/5114/2876 2048/5668/2876 2020/1207/2876
f 2035/1228/3221 2050/1245/3221 2042/5115/3221
f 2049/1244/4717 2064/1259/4717 2056/5117/4717
f 2063/4082/4718 2078/1275/4718 2070/1265/4718
f 2077/1273/2856 2092/1291/2856 2084/1281/2856
f 2091/1289/4719 2106/4091/4719 2098/4090/4719
f 2105/4094/4720 2120/4099/4720 2112/1311/4720
f 2119/4097/3224 2134/5670/3224 2126/1325/3224
f 3329/5692/2874 3217/2250/2874 3315/5213/2874
f 3217/2250/2874 3231/2266/2874 3315/5213/2874
f 3231/2266/2874 3245/2283/2874 3287/4661/2874
f 3245/2283/2874 3259/2297/2874 3287/4661/2874
f 3259/2297/2874 3273/2311/2874 3287/4661/2874
f 3287/4661/2874 3301/5693/2874 3315/5213/2874
f 3225/2263/3042 3240/2282/3042 3232/2271/3042
f 3331/2379/3043 3337/2385/3043 3226/2265/3043
f 3252/5694/2876 3238/5695/2876 3224/2258/2876
f 3224/2258/2876 3336/2380/2876 3322/2364/2876
f 3322/2364/2876 3308/2350/2876 3294/2335/2876
f 3294/2335/2876 3280/5631/2876 3224/2258/2876
f 3280/5631/2876 3266/5696/2876 3224/2258/2876
f 3266/5696/2876 3252/5694/2876 3224/2258/2876
f 3239/2279/4736 3254/2296/4736 3246/4654/4736
f 3253/2295/4717 3268/2310/4717 3260/5215/4717
f 3267/4657/4718 3282/2326/4718 3274/2316/4718
f 3281/2324/2856 3296/2342/2856 3288/2332/2856
f 3295/2340/3223 3310/4665/3223 3302/4670/3223
f 3309/4667/4720 3324/4673/4720 3316/2362/4720
f 3317/2363/3224 3323/4671/3224 3338/5217/3224
usemtl rust
f 1547/738/370 1551/739/370 1553/740/370
f 1548/741/371 1551/742/371 1550/743/371
f 1549/744/372 1551/742/372 1552/745/372
f 1554/746/373 1558/747/373 1560/748/373
f 1555/749/374 1558/750/374 1557/751/374
f 1556/752/375 1558/747/375 1559/753/375
f 1561/754/376 1565/755/376 1567/756/376
f 1562/757/377 1565/758/377 1564/759/377
f 1563/760/378 1565/758/378 1566/761/378
f 1568/762/379 1572/763/379 1574/764/379
f 1569/765/380 1572/766/380 1571/767/380
f 1570/768/381 1572/766/381 1573/769/381
f 1575/770/382 1579/771/382 1581/772/382
f 1576/773/383 1579/774/383 1578/775/383
f 1577/776/384 1579/774/384 1580/777/384
f 1582/778/385 1586/779/385 1588/780/385
f 1583/781/386 1586/782/386 1585/783/386
f 1584/784/387 1586/782/387 1587/785/387
f 1589/786/388 1593/787/388 1595/788/388
f 1590/789/389 1593/790/389 1592/791/389
f 1591/792/390 1593/790/390 1594/793/390
f 1596/794/391 1600/795/391 1602/796/391
f 1597/797/392 1600/798/392 1599/799/392
f 1598/800/393 1600/798/393 1601/801/393
f 1603/802/394 1607/803/394 1609/804/394
f 1604/805/395 1607/806/395 1606/807/395
f 1605/808/396 1607/809/396 1608/810/396
f 1610/811/397 1614/812/397 1616/813/397
f 1611/814/398 1614/815/398 1613/816/398
f 1612/817/399 1614/818/399 1615/819/399
f 1617/820/400 1621/821/400 1623/822/400
f 1618/823/401 1621/824/401 1620/825/401
f 1619/826/402 1621/827/402 1622/828/402
f 1624/829/403 1628/830/403 1630/831/403
f 1625/832/404 1628/833/404 1627/834/404
f 1626/835/405 1628/836/405 1629/837/405
f 1631/838/406 1635/839/406 1637/840/406
f 1632/841/407 1635/842/407 1634/843/407
f 1633/844/408 1635/845/408 1636/846/408
f 1638/847/409 1642/848/409 1644/849/409
f 1639/850/410 1642/851/410 1641/852/410
f 1640/853/411 1642/854/411 1643/855/411
f 1645/856/412 1649/857/412 1651/858/412
f 1646/859/413 1649/860/413 1648/861/413
f 1647/862/414 1649/863/414 1650/864/414
f 1652/865/415 1656/866/415 1658/867/415
f 1653/868/416 1656/869/416 1655/870/416
f 1654/871/417 1656/872/417 1657/873/417
f 1659/874/418 1663/875/418 1665/876/418
f 1660/877/419 1663/878/419 1662/879/419
f 1661/880/420 1663/881/420 1664/882/420
f 1666/883/421 1670/884/421 1672/885/421
f 1667/886/422 1670/887/422 1669/888/422
f 1668/889/423 1670/890/423 1671/891/423
f 1673/892/424 1677/893/424 1679/894/424
f 1674/895/425 1677/896/425 1676/897/425
f 1675/898/426 1677/899/426 1678/900/426
f 1680/901/427 1684/902/427 1686/903/427
f 1681/904/428 1684/905/428 1683/906/428
f 1682/907/429 1684/905/429 1685/908/429
f 1687/909/430 1691/910/430 1693/911/430
f 1688/912/431 1691/913/431 1690/914/431
f 1689/915/432 1691/916/432 1692/917/432
f 1694/918/433 1698/919/433 1700/920/433
f 1695/921/434 1698/922/434 1697/923/434
f 1696/924/435 1698/925/435 1699/926/435
f 1701/927/436 1705/928/436 1707/929/436
f 1702/930/437 1705/931/437 1704/932/437
f 1703/933/438 1705/934/438 1706/935/438
f 1708/936/439 1712/937/439 1714/938/439
f 1709/939/440 1712/940/440 1711/941/440
f 1710/942/441 1712/940/441 1713/943/441
f 1715/944/442 1719/945/442 1721/946/442
f 1716/947/443 1719/948/443 1718/949/443
f 1717/950/444 1719/951/444 1720/952/444
f 1722/953/445 1726/954/445 1728/955/445
f 1723/956/446 1726/957/446 1725/958/446
f 1724/959/447 1726/960/447 1727/961/447
f 1729/962/448 1733/963/448 1735/964/448
f 1730/965/449 1733/966/449 1732/967/449
f 1731/968/450 1733/969/450 1734/970/450
f 1736/971/451 1740/972/451 1742/973/451
f 1737/974/452 1740/975/452 1739/976/452
f 1738/977/453 1740/978/453 1741/979/453
f 1743/980/454 1747/981/454 1749/982/454
f 1744/983/455 1747/984/455 1746/985/455
f 1745/986/456 1747/987/456 1748/988/456
f 1750/989/457 1754/990/457 1756/991/457
f 1751/992/458 1754/993/458 1753/994/458
f 1752/995/459 1754/996/459 1755/997/459
f 1757/998/460 1761/999/460 1763/1000/460
f 1758/1001/461 1761/1002/461 1760/1003/461
f 1759/1004/462 1761/1005/462 1762/1006/462
f 1764/1007/463 1768/1008/463 1770/1009/463
f 1765/1010/464 1768/1011/464 1767/1012/464
f 1766/1013/465 1768/1014/465 1769/1015/465
f 3693/2793/1094 3697/2794/1094 3699/2795/1094
f 3694/2796/1095 3697/2797/1095 3696/2798/1095
f 3695/2799/1096 3697/2800/1096 3698/2801/1096
f 3700/2802/1097 3704/2803/1097 3706/2804/1097
f 3701/2805/1098 3704/2806/1098 3703/2807/1098
f 3702/2808/1099 3704/2809/1099 3705/2810/1099
f 3707/2811/1100 3711/2812/1100 3713/2813/1100
f 3708/2814/1101 3711/2815/1101 3710/2816/1101
f 3709/2817/1102 3711/2818/1102 3712/2819/1102
f 3714/2820/1103 3718/2821/1103 3720/2822/1103
f 3715/2823/1104 3718/2824/1104 3717/2825/1104
f 3716/2826/1105 3718/2827/1105 3719/2828/1105
f 3721/2829/1106 3725/2830/1106 3727/2831/1106
f 3722/2832/1107 3725/2833/1107 3724/2834/1107
f 3723/2835/1108 3725/2836/1108 3726/2837/1108
f 3728/2838/1109 3732/2839/1109 3734/2840/1109
f 3729/2841/1110 3732/2842/1110 3731/2843/1110
f 3730/2844/1111 3732/2845/1111 3733/2846/1111
f 3735/2847/1112 3739/2848/1112 3741/2849/1112
f 3736/2850/1113 3739/2851/1113 3738/2852/1113
f 3737/2853/1114 3739/2854/1114 3740/2855/1114
f 3742/2856/1115 3746/2857/1115 3748/2858/1115
f 3743/2859/1116 3746/2860/1116 3745/2861/1116
f 3744/2862/1117 3746/2863/1117 3747/2864/1117
f 3749/2865/1118 3753/2866/1118 3755/2867/1118
f 3750/2868/1119 3753/2869/1119 3752/2870/1119
f 3751/2871/1120 3753/2869/1120 3754/2872/1120
f 3756/2873/1121 3760/2874/1121 3762/2875/1121
f 3757/2876/1122 3760/2877/1122 3759/2878/1122
f 3758/2879/1123 3760/2874/1123 3761/2880/1123
f 3763/2881/1124 3767/2882/1124 3769/2883/1124
f 3764/2884/1125 3767/2885/1125 3766/2886/1125
f 3765/2887/1126 3767/2885/1126 3768/2888/1126
f 3770/2889/1127 3774/2890/1127 3776/2891/1127
f 3771/2892/1128 3774/2893/1128 3773/2894/1128
f 3772/2895/1129 3774/2893/1129 3775/2896/1129
f 3777/2897/1130 3781/2898/1130 3783/2899/1130
f 3778/2900/1131 3781/2901/1131 3780/2902/1131
f 3779/2903/1132 3781/2901/1132 3782/2904/1132
f 3784/2905/1133 3788/2906/1133 3790/2907/1133
f 3785/2908/1134 3788/2909/1134 3787/2910/1134
f 3786/2911/1135 3788/2909/1135 3789/2912/1135
f 3791/2913/1136 3795/2914/1136 3797/2915/1136
f 3792/2916/1137 3795/2917/1137 3794/2918/1137
f 3793/2919/1138 3795/2917/1138 3796/2920/1138
f 3798/2921/1139 3802/2922/1139 3804/2923/1139
f 3799/2924/1140 3802/2925/1140 3801/2926/1140
f 3800/2927/1141 3802/2925/1141 3803/2928/1141
f 3805/2929/1142 3809/2930/1142 3811/2931/1142
f 3806/2932/1143 3809/2933/1143 3808/2934/1143
f 3807/2935/1144 3809/2933/1144 3810/2936/1144
f 3812/2937/1145 3816/2938/1145 3818/2939/1145
f 3813/2940/1146 3816/2941/1146 3815/2942/1146
f 3814/2943/1147 3816/2938/1147 3817/2944/1147
f 3819/2945/1148 3823/2946/1148 3825/2947/1148
f 3820/2948/1149 3823/2949/1149 3822/2950/1149
f 3821/2951/1150 3823/2949/1150 3824/2952/1150
f 3826/2953/1151 3830/2954/1151 3832/2955/1151
f 3827/2956/1152 3830/2957/1152 3829/2958/1152
f 3828/2959/1153 3830/2957/1153 3831/2960/1153
f 3833/2961/1154 3837/2962/1154 3839/2963/1154
f 3834/2964/1155 3837/2965/1155 3836/2966/1155
f 3835/2967/1156 3837/2965/1156 3838/2968/1156
f 3840/2969/1157 3844/2970/1157 3846/2971/1157
f 3841/2972/1158 3844/2973/1158 3843/2974/1158
f 3842/2975/1159 3844/2973/1159 3845/2976/1159
f 3847/2977/1160 3851/2978/1160 3853/2979/1160
f 3848/2980/1161 3851/2981/1161 3850/2982/1161
f 3849/2983/1162 3851/2981/1162 3852/2984/1162
f 3854/2985/1163 3858/2986/1163 3860/2987/1163
f 3855/2988/1164 3858/2989/1164 3857/2990/1164
f 3856/2991/1165 3858/2989/1165 3859/2992/1165
f 3861/2993/1166 3865/2994/1166 3867/2995/1166
f 3862/2996/1167 3865/2997/1167 3864/2998/1167
f 3863/2999/1168 3865/3000/1168 3866/3001/1168
f 3868/3002/1169 3872/3003/1169 3874/3004/1169
f 3869/3005/1170 3872/3006/1170 3871/3007/1170
f 3870/3008/1171 3872/3009/1171 3873/3010/1171
f 3875/3011/1172 3879/3012/1172 3881/3013/1172
f 3876/3014/1173 3879/3015/1173 3878/3016/1173
f 3877/3017/1174 3879/3018/1174 3880/3019/1174
f 3882/3020/1175 3886/3021/1175 3888/3022/1175
f 3883/3023/1176 3886/3024/1176 3885/3025/1176
f 3884/3026/1177 3886/3027/1177 3887/3028/1177
f 3889/3029/1178 3893/3030/1178 3895/3031/1178
f 3890/3032/1179 3893/3033/1179 3892/3034/1179
f 3891/3035/1180 3893/3033/1180 3894/3036/1180
f 3896/3037/1181 3900/3038/1181 3902/3039/1181
f 3897/3040/1182 3900/3041/1182 3899/3042/1182
f 3898/3043/1183 3900/3044/1183 3901/3045/1183
f 3903/3046/1184 3907/3047/1184 3909/3048/1184
f 3904/3049/1185 3907/3050/1185 3906/3051/1185
f 3905/3052/1186 3907/3050/1186 3908/3053/1186
f 3910/3054/1187 3914/3055/1187 3916/3056/1187
f 3911/3057/1188 3914/3058/1188 3913/3059/1188
f 3912/3060/1189 3914/3061/1189 3915/3062/1189
f 3917/3063/1190 3921/3064/1190 3923/3065/1190
f 3918/3066/1191 3921/3067/1191 3920/3068/1191
f 3919/3069/1192 3921/3067/1192 3922/3070/1192
f 3924/3071/1193 3928/3072/1193 3930/3073/1193
f 3925/3074/1194 3928/3075/1194 3927/3076/1194
f 3926/3077/1195 3928/3078/1195 3929/3079/1195
f 3931/3080/1196 3935/3081/1196 3937/3082/1196
f 3932/3083/1197 3935/3084/1197 3934/3085/1197
f 3933/3086/1198 3935/3087/1198 3936/3088/1198
f 3938/3089/1199 3942/3090/1199 3944/3091/1199
f 3939/3092/1200 3942/3093/1200 3941/3094/1200
f 3940/3095/1201 3942/3096/1201 3943/3097/1201
f 3945/3098/1202 3949/3099/1202 3951/3100/1202
f 3946/3101/1203 3949/3102/1203 3948/3103/1203
f 3947/3104/1204 3949/3105/1204 3950/3106/1204
f 3952/3107/1205 3956/3108/1205 3958/3109/1205
f 3953/3110/1206 3956/3111/1206 3955/3112/1206
f 3954/3113/1207 3956/3114/1207 3957/3115/1207
f 3959/3116/1208 3963/3117/1208 3965/3118/1208
f 3960/3119/1209 3963/3120/1209 3962/3121/1209
f 3961/3122/1210 3963/3123/1210 3964/3124/1210
f 3966/3125/1211 3970/3126/1211 3972/3127/1211
f 3967/3128/1212 3970/3129/1212 3969/3130/1212
f 3968/3131/1213 3970/3129/1213 3971/3132/1213
f 3973/3133/1214 3977/3134/1214 3979/3135/1214
f 3974/3136/1215 3977/3137/1215 3976/3138/1215
f 3975/3139/1216 3977/3137/1216 3978/3140/1216
f 3980/3141/1217 3984/3142/1217 3986/3143/1217
f 3981/3144/1218 3984/3145/1218 3983/3146/1218
f 3982/3147/1219 3984/3148/1219 3985/3149/1219
f 3987/3150/1220 3991/3151/1220 3993/3152/1220
f 3988/3153/1221 3991/3154/1221 3990/3155/1221
f 3989/3156/1222 3991/3154/1222 3992/3157/1222
f 3994/3158/1223 3998/3159/1223 4000/3160/1223
f 3995/3161/1224 3998/3162/1224 3997/3163/1224
f 3996/3164/1225 3998/3165/1225 3999/3166/1225
f 4001/3167/1226 4005/3168/1226 4007/3169/1226
f 4002/3170/1227 4005/3171/1227 4004/3172/1227
f 4003/3173/1228 4005/3174/1228 4006/3175/1228
f 4008/3176/1229 4012/3177/1229 4014/3178/1229
f 4009/3179/1230 4012/3180/1230 4011/3181/1230
f 4010/3182/1231 4012/3180/1231 4013/3183/1231
f 4015/3184/1232 4019/3185/1232 4021/3186/1232
f 4016/3187/1233 4019/3188/1233 4018/3189/1233
f 4017/3190/1234 4019/3191/1234 4020/3192/1234
f 4022/3193/1235 4026/3194/1235 4028/3195/1235
f 4023/3196/1236 4026/3197/1236 4025/3198/1236
f 4024/3199/1237 4026/3200/1237 4027/3201/1237
f 4029/3202/1238 4033/3203/1238 4035/3204/1238
f 4030/3205/1239 4033/3206/1239 4032/3207/1239
f 4031/3208/1240 4033/3206/1240 4034/3209/1240
f 4036/3210/1241 4040/3211/1241 4042/3212/1241
f 4037/3213/1242 4040/3214/1242 4039/3215/1242
f 4038/3216/1243 4040/3211/1243 4041/3217/1243
f 4043/3218/1244 4047/3219/1244 4049/3220/1244
f 4044/3221/1245 4047/3222/1245 4046/3223/1245
f 4045/3224/1246 4047/3222/1246 4048/3225/1246
f 4050/3226/1247 4054/3227/1247 4056/3228/1247
f 4051/3229/1248 4054/3230/1248 4053/3231/1248
f 4052/3232/1249 4054/3230/1249 4055/3233/1249
f 4057/3234/1250 4061/3235/1250 4063/3236/1250
f 4058/3237/1251 4061/3238/1251 4060/3239/1251
f 4059/3240/1252 4061/3238/1252 4062/3241/1252
f 4064/3242/1253 4068/3243/1253 4070/3244/1253
f 4065/3245/1254 4068/3246/1254 4067/3247/1254
f 4066/3248/1255 4068/3246/1255 4069/3249/1255
f 4071/3250/1256 4075/3251/1256 4077/3252/1256
f 4072/3253/1257 4075/3254/1257 4074/3255/1257
f 4073/3256/1258 4075/3254/1258 4076/3257/1258
f 4078/3258/1259 4082/3259/1259 4084/3260/1259
f 4079/3261/1260 4082/3262/1260 4081/3263/1260
f 4080/3264/1261 4082/3262/1261 4083/3265/1261
f 4085/3266/1262 4089/3267/1262 4091/3268/1262
f 4086/3269/1263 4089/3270/1263 4088/3271/1263
f 4087/3272/1264 4089/3270/1264 4090/3273/1264
f 4092/3274/1265 4096/3275/1265 4098/3276/1265
f 4093/3277/1266 4096/3278/1266 4095/3279/1266
f 4094/3280/1267 4096/3275/1267 4097/3281/1267
f 4099/3282/1268 4103/3283/1268 4105/3284/1268
f 4100/3285/1269 4103/3286/1269 4102/3287/1269
f 4101/3288/1270 4103/3286/1270 4104/3289/1270
f 4106/3290/1271 4110/3291/1271 4112/3292/1271
f 4107/3293/1272 4110/3294/1272 4109/3295/1272
f 4108/3296/1273 4110/3294/1273 4111/3297/1273
f 4113/3298/1274 4117/3299/1274 4119/3300/1274
f 4114/3301/1275 4117/3302/1275 4116/3303/1275
f 4115/3304/1276 4117/3302/1276 4118/3305/1276
f 4120/3306/1277 4124/3307/1277 4126/3308/1277
f 4121/3309/1278 4124/3310/1278 4123/3311/1278
f 4122/3312/1279 4124/3310/1279 4125/3313/1279
f 4127/3314/1280 4131/3315/1280 4133/3316/1280
f 4128/3317/1281 4131/3318/1281 4130/3319/1281
f 4129/3320/1282 4131/3318/1282 4132/3321/1282
f 4134/3322/1283 4138/3323/1283 4140/3324/1283
f 4135/3325/1284 4138/3326/1284 4137/3327/1284
f 4136/3328/1285 4138/3326/1285 4139/3329/1285
f 1561/754/1775 1553/740/1775 1564/3892/1775
f 1553/3893/1776 1562/3894/1776 1564/3895/1776
f 1548/741/1777 1560/748/1777 1552/745/1777
f 1552/745/1778 1556/752/1778 1549/744/1778
f 1555/749/1779 1574/764/1779 1559/3896/1779
f 1574/3897/1780 1556/752/1780 1559/753/1780
f 1563/760/1781 1573/769/1781 1569/765/1781
f 1573/769/1782 1562/757/1782 1570/768/1782
f 1561/754/1783 1592/3898/1783 1589/786/1783
f 1592/3899/1784 1563/760/1784 1590/3900/1784
f 1596/794/1785 1571/3901/1785 1568/762/1785
f 1571/767/1786 1598/3902/1786 1569/765/1786
f 1597/797/1787 1594/793/1787 1601/801/1787
f 1594/793/1788 1598/800/1788 1601/801/1788
f 1575/770/1789 1595/788/1789 1578/3903/1789
f 1578/3904/1790 1591/792/1790 1576/3905/1790
f 1596/794/1791 1588/780/1791 1599/3906/1791
f 1588/3907/1792 1597/797/1792 1599/799/1792
f 1583/781/1793 1580/777/1793 1587/785/1793
f 1580/777/1794 1584/784/1794 1587/785/1794
f 1575/770/1795 1550/3908/1795 1547/738/1795
f 1581/3909/1796 1548/3910/1796 1550/3911/1796
f 1555/749/1797 1585/3912/1797 1582/778/1797
f 1585/783/1798 1554/3913/1798 1583/781/1798
f 1603/802/1799 1620/3914/1799 1617/820/1799
f 1609/3915/1800 1618/823/1800 1620/825/1800
f 1604/805/1801 1616/813/1801 1608/3916/1801
f 1608/810/1802 1612/817/1802 1605/808/1802
f 1624/829/1803 1615/3917/1803 1611/814/1803
f 1615/819/1804 1626/835/1804 1612/817/1804
f 1625/832/1805 1622/828/1805 1629/3918/1805
f 1622/3919/1806 1626/835/1806 1629/837/1806
f 1617/820/1807 1648/3920/1807 1645/856/1807
f 1623/3921/1808 1646/859/1808 1648/861/1808
f 1652/865/1809 1627/3922/1809 1624/829/1809
f 1658/3923/1810 1625/832/1810 1627/834/1810
f 1647/862/1811 1657/3924/1811 1653/868/1811
f 1657/873/1812 1646/859/1812 1654/871/1812
f 1645/856/1813 1634/3925/1813 1631/838/1813
f 1634/843/1814 1647/862/1814 1632/841/1814
f 1652/865/1815 1644/849/1815 1655/3926/1815
f 1644/3927/1816 1653/868/1816 1655/870/1816
f 1633/844/1817 1643/3928/1817 1639/850/1817
f 1643/855/1818 1632/841/1818 1640/853/1818
f 1603/802/1819 1637/840/1819 1606/3929/1819
f 1637/3930/1820 1604/805/1820 1606/807/1820
f 1638/847/1821 1613/816/1821 1641/3931/1821
f 1613/3932/1822 1639/850/1822 1641/852/1822
f 1659/874/1823 1676/3933/1823 1673/892/1823
f 1665/3934/1824 1674/895/1824 1676/897/1824
f 1666/883/1825 1664/3935/1825 1660/877/1825
f 1664/882/1826 1668/889/1826 1661/880/1826
f 1667/886/1827 1686/903/1827 1671/3936/1827
f 1686/3937/1828 1668/889/1828 1671/891/1828
f 1681/904/1829 1678/900/1829 1685/908/1829
f 1678/3938/1830 1682/3939/1830 1685/3940/1830
f 1701/927/1831 1679/894/1831 1704/3941/1831
f 1679/3942/1832 1702/930/1832 1704/932/1832
f 1708/936/1833 1683/3943/1833 1680/901/1833
f 1714/3944/1834 1681/904/1834 1683/906/1834
f 1709/939/1835 1706/935/1835 1713/943/1835
f 1713/3945/1836 1702/930/1836 1710/3946/1836
f 1687/909/1837 1707/929/1837 1690/3947/1837
f 1707/3948/1838 1688/912/1838 1690/914/1838
f 1694/918/1839 1711/3949/1839 1708/936/1839
f 1711/941/1840 1696/924/1840 1709/939/1840
f 1689/915/1841 1699/3950/1841 1695/921/1841
f 1699/926/1842 1688/912/1842 1696/924/1842
f 1687/909/1843 1662/3951/1843 1659/874/1843
f 1662/879/1844 1689/915/1844 1660/877/1844
f 1667/886/1845 1697/3952/1845 1694/918/1845
f 1669/3953/1846 1695/921/1846 1697/923/1846
f 1715/944/1847 1732/3954/1847 1729/962/1847
f 1721/3955/1848 1730/965/1848 1732/967/1848
f 1722/953/1849 1720/3956/1849 1716/947/1849
f 1720/952/1850 1724/959/1850 1717/950/1850
f 1736/971/1851 1727/3957/1851 1723/956/1851
f 1727/961/1852 1738/977/1852 1724/959/1852
f 1737/974/1853 1734/970/1853 1741/3958/1853
f 1741/979/1854 1730/965/1854 1738/977/1854
f 1729/962/1855 1760/3959/1855 1757/998/1855
f 1735/3960/1856 1758/1001/1856 1760/1003/1856
f 1764/1007/1857 1739/3961/1857 1736/971/1857
f 1770/3962/1858 1737/974/1858 1739/976/1858
f 1759/1004/1859 1769/3963/1859 1765/1010/1859
f 1762/3964/1860 1766/1013/1860 1769/1015/1860
f 1757/998/1861 1746/3965/1861 1743/980/1861
f 1763/3966/1862 1744/983/1862 1746/985/1862
f 1750/989/1863 1767/3967/1863 1764/1007/1863
f 1767/1012/1864 1752/995/1864 1765/1010/1864
f 1745/986/1865 1755/3968/1865 1751/992/1865
f 1755/997/1866 1744/983/1866 1752/995/1866
f 1715/944/1867 1749/982/1867 1718/3969/1867
f 1749/3970/1868 1716/947/1868 1718/949/1868
f 1723/956/1869 1753/3971/1869 1750/989/1869
f 1725/3972/1870 1751/992/1870 1753/994/1870
f 3707/2811/2648 3699/2795/2648 3710/4733/2648
f 3699/4734/2649 3708/2814/2649 3710/2816/2649
f 3700/2802/2650 3698/4735/2650 3694/2796/2650
f 3706/4736/2651 3695/2799/2651 3698/2801/2651
f 3714/2820/2652 3705/4737/2652 3701/2805/2652
f 3705/2810/2653 3716/2826/2653 3702/2808/2653
f 3715/2823/2654 3712/2819/2654 3719/4738/2654
f 3712/4739/2655 3716/2826/2655 3719/2828/2655
f 3735/2847/2656 3713/2813/2656 3738/4740/2656
f 3738/2852/2657 3709/2817/2657 3736/2850/2657
f 3742/2856/2658 3717/4741/2658 3714/2820/2658
f 3717/2825/2659 3744/2862/2659 3715/2823/2659
f 3737/2853/2660 3747/4742/2660 3743/2859/2660
f 3740/4743/2661 3744/2862/2661 3747/2864/2661
f 3721/2829/2662 3741/2849/2662 3724/4744/2662
f 3741/4745/2663 3722/2832/2663 3724/2834/2663
f 3742/2856/2664 3734/2840/2664 3745/4746/2664
f 3734/4747/2665 3743/2859/2665 3745/2861/2665
f 3729/2841/2666 3726/2837/2666 3733/4748/2666
f 3726/4749/2667 3730/2844/2667 3733/2846/2667
f 3721/2829/2668 3696/4750/2668 3693/2793/2668
f 3727/4751/2669 3694/2796/2669 3696/2798/2669
f 3701/2805/2670 3731/4752/2670 3728/2838/2670
f 3731/2843/2671 3700/2802/2671 3729/2841/2671
f 3763/2881/2672 3755/2867/2672 3766/4753/2672
f 3755/4754/2673 3764/2884/2673 3766/2886/2673
f 3750/2868/2674 3762/2875/2674 3754/2872/2674
f 3762/2875/2675 3751/2871/2675 3754/2872/2675
f 3770/2889/2676 3761/4755/2676 3757/2876/2676
f 3776/4756/2677 3758/4757/2677 3761/4758/2677
f 3765/2887/2678 3775/2896/2678 3771/2892/2678
f 3768/2888/2679 3772/2895/2679 3775/2896/2679
f 3791/2913/2680 3769/2883/2680 3794/4759/2680
f 3769/4760/2681 3792/2916/2681 3794/2918/2681
f 3798/2921/2682 3773/4761/2682 3770/2889/2682
f 3804/4762/2683 3771/4763/2683 3773/4764/2683
f 3799/2924/2684 3796/2920/2684 3803/2928/2684
f 3796/2920/2685 3800/2927/2685 3803/2928/2685
f 3777/2897/2686 3797/2915/2686 3780/4765/2686
f 3797/4766/2687 3778/2900/2687 3780/2902/2687
f 3784/2905/2688 3801/4767/2688 3798/2921/2688
f 3790/4768/2689 3799/4769/2689 3801/4770/2689
f 3779/2903/2690 3789/2912/2690 3785/2908/2690
f 3789/2912/2691 3778/2900/2691 3786/2911/2691
f 3777/2897/2692 3752/4771/2692 3749/2865/2692
f 3752/2870/2693 3779/4772/2693 3750/2868/2693
f 3784/2905/2694 3759/2878/2694 3787/4773/2694
f 3787/4774/2695 3756/2873/2695 3785/4775/2695
f 3819/2945/2696 3811/2931/2696 3822/4776/2696
f 3811/4777/2697 3820/4778/2697 3822/4779/2697
f 3812/2937/2698 3810/2936/2698 3806/2932/2698
f 3810/2936/2699 3814/2943/2699 3807/2935/2699
f 3826/2953/2700 3817/4780/2700 3813/2940/2700
f 3832/4781/2701 3814/2943/2701 3817/2944/2701
f 3821/2951/2702 3831/2960/2702 3827/2956/2702
f 3824/2952/2703 3828/2959/2703 3831/2960/2703
f 3847/2977/2704 3825/2947/2704 3850/4782/2704
f 3850/4783/2705 3821/2951/2705 3848/4784/2705
f 3854/2985/2706 3829/4785/2706 3826/2953/2706
f 3860/4786/2707 3827/2956/2707 3829/2958/2707
f 3855/2988/2708 3852/2984/2708 3859/2992/2708
f 3852/2984/2709 3856/2991/2709 3859/2992/2709
f 3847/2977/2710 3836/4787/2710 3833/2961/2710
f 3853/4788/2711 3834/4789/2711 3836/4790/2711
f 3840/2969/2712 3857/4791/2712 3854/2985/2712
f 3846/4792/2713 3855/2988/2713 3857/2990/2713
f 3835/2967/2714 3845/2976/2714 3841/2972/2714
f 3838/2968/2715 3842/2975/2715 3845/2976/2715
f 3833/2961/2716 3808/4793/2716 3805/2929/2716
f 3808/4794/2717 3835/2967/2717 3806/4795/2717
f 3813/2940/2718 3843/4796/2718 3840/2969/2718
f 3843/2974/2719 3812/4797/2719 3841/2972/2719
f 3875/3011/2720 3867/2995/2720 3878/4798/2720
f 3878/3016/2721 3863/2999/2721 3876/3014/2721
f 3868/3002/2722 3866/4799/2722 3862/2996/2722
f 3866/3001/2723 3870/3008/2723 3863/2999/2723
f 3882/3020/2724 3873/4800/2724 3869/3005/2724
f 3873/3010/2725 3884/3026/2725 3870/3008/2725
f 3877/4801/2726 3887/3028/2726 3883/4802/2726
f 3887/3028/2727 3876/3014/2727 3884/3026/2727
f 3875/3011/2728 3906/4803/2728 3903/3046/2728
f 3906/3051/2729 3877/3017/2729 3904/3049/2729
f 3910/3054/2730 3885/4804/2730 3882/3020/2730
f 3916/4805/2731 3883/3023/2731 3885/3025/2731
f 3911/3057/2732 3908/4806/2732 3915/4807/2732
f 3908/3053/2733 3912/3060/2733 3915/3062/2733
f 3903/3046/2734 3892/4808/2734 3889/3029/2734
f 3892/3034/2735 3905/4809/2735 3890/3032/2735
f 3896/3037/2736 3913/4810/2736 3910/3054/2736
f 3902/4811/2737 3911/3057/2737 3913/3059/2737
f 3891/3035/2738 3901/3045/2738 3897/4812/2738
f 3894/3036/2739 3898/3043/2739 3901/3045/2739
f 3861/2993/2740 3895/3031/2740 3864/4813/2740
f 3895/4814/2741 3862/2996/2741 3864/2998/2741
f 3896/3037/2742 3871/3007/2742 3899/4815/2742
f 3899/3042/2743 3868/3002/2743 3897/3040/2743
f 3931/3080/2744 3923/3065/2744 3934/4816/2744
f 3934/3085/2745 3919/4817/2745 3932/3083/2745
f 3924/3071/2746 3922/3070/2746 3918/3066/2746
f 3922/4818/2747 3926/3077/2747 3919/4817/2747
f 3938/3089/2748 3929/4819/2748 3925/3074/2748
f 3944/4820/2749 3926/3077/2749 3929/3079/2749
f 3939/3092/2750 3936/3088/2750 3943/4821/2750
f 3936/4822/2751 3940/3095/2751 3943/3097/2751
f 3931/3080/2752 3962/4823/2752 3959/3116/2752
f 3937/4824/2753 3960/3119/2753 3962/3121/2753
f 3938/3089/2754 3972/3127/2754 3941/4825/2754
f 3972/4826/2755 3939/3092/2755 3941/3094/2755
f 3961/3122/2756 3971/4827/2756 3967/4828/2756
f 3971/3132/2757 3960/3119/2757 3968/3131/2757
f 3945/3098/2758 3965/3118/2758 3948/4829/2758
f 3965/4830/2759 3946/3101/2759 3948/3103/2759
f 3952/3107/2760 3969/4831/2760 3966/3125/2760
f 3958/4832/2761 3967/4828/2761 3969/4833/2761
f 3947/3104/2762 3957/4834/2762 3953/3110/2762
f 3957/3115/2763 3946/3101/2763 3954/3113/2763
f 3945/3098/2764 3920/4835/2764 3917/3063/2764
f 3920/3068/2765 3947/3104/2765 3918/3066/2765
f 3952/3107/2766 3927/3076/2766 3955/4836/2766
f 3955/3112/2767 3924/3071/2767 3953/3110/2767
f 3973/3133/2768 3990/4837/2768 3987/3150/2768
f 3979/4838/2769 3988/3153/2769 3990/3155/2769
f 3980/3141/2770 3978/3140/2770 3974/3136/2770
f 3986/3143/2771 3975/3139/2771 3978/3140/2771
f 3981/3144/2772 4000/3160/2772 3985/4839/2772
f 4000/4840/2773 3982/3147/2773 3985/3149/2773
f 3995/4841/2774 3992/3157/2774 3999/3166/2774
f 3992/3157/2775 3996/3164/2775 3999/3166/2775
f 4015/3184/2776 3993/3152/2776 4018/4842/2776
f 3993/4843/2777 4016/3187/2777 4018/3189/2777
f 3994/3158/2778 4028/3195/2778 3997/4844/2778
f 3997/3163/2779 4024/3199/2779 3995/3161/2779
f 4017/4845/2780 4027/3201/2780 4023/4846/2780
f 4020/4847/2781 4024/3199/2781 4027/3201/2781
f 4015/3184/2782 4004/4848/2782 4001/3167/2782
f 4004/3172/2783 4017/3190/2783 4002/3170/2783
f 4022/3193/2784 4014/3178/2784 4025/4849/2784
f 4014/4850/2785 4023/3196/2785 4025/3198/2785
f 4003/4851/2786 4013/3183/2786 4009/3179/2786
f 4006/4852/2787 4010/3182/2787 4013/3183/2787
f 4001/3167/2788 3976/4853/2788 3973/3133/2788
f 3976/3138/2789 4003/3173/2789 3974/3136/2789
f 3981/3144/2790 4011/4854/2790 4008/3176/2790
f 4011/4855/2791 3980/3141/2791 4009/4856/2791
f 4029/3202/2792 4046/4857/2792 4043/3218/2792
f 4046/3223/2793 4031/4858/2793 4044/3221/2793
f 4036/3210/2794 4034/3209/2794 4030/3205/2794
f 4034/3209/2795 4038/3216/2795 4031/3208/2795
f 4037/3213/2796 4056/3228/2796 4041/4859/2796
f 4056/4860/2797 4038/3216/2797 4041/3217/2797
f 4051/3229/2798 4048/3225/2798 4055/3233/2798
f 4048/3225/2799 4052/3232/2799 4055/3233/2799
f 4071/3250/2800 4049/3220/2800 4074/4861/2800
f 4049/4862/2801 4072/3253/2801 4074/3255/2801
f 4078/3258/2802 4053/4863/2802 4050/3226/2802
f 4053/3231/2803 4080/4864/2803 4051/3229/2803
f 4079/3261/2804 4076/3257/2804 4083/3265/2804
f 4076/3257/2805 4080/3264/2805 4083/3265/2805
f 4071/3250/2806 4060/4865/2806 4057/3234/2806
f 4060/4866/2807 4073/3256/2807 4058/4867/2807
f 4064/3242/2808 4081/4868/2808 4078/3258/2808
f 4081/4869/2809 4066/3248/2809 4079/4870/2809
f 4065/3245/2810 4062/3241/2810 4069/3249/2810
f 4069/3249/2811 4058/3237/2811 4066/3248/2811
f 4029/3202/2812 4063/3236/2812 4032/4871/2812
f 4063/4872/2813 4030/4873/2813 4032/4874/2813
f 4037/3213/2814 4067/4875/2814 4064/3242/2814
f 4067/4876/2815 4036/3210/2815 4065/4877/2815
f 4085/3266/2816 4102/4878/2816 4099/3282/2816
f 4091/4879/2817 4100/3285/2817 4102/3287/2817
f 4092/3274/2818 4090/3273/2818 4086/3269/2818
f 4098/3276/2819 4087/3272/2819 4090/3273/2819
f 4106/3290/2820 4097/4880/2820 4093/3277/2820
f 4097/4881/2821 4108/3296/2821 4094/4882/2821
f 4101/3288/2822 4111/3297/2822 4107/3293/2822
f 4104/3289/2823 4108/3296/2823 4111/3297/2823
f 4099/3282/2824 4130/4883/2824 4127/3314/2824
f 4130/3319/2825 4101/4884/2825 4128/3317/2825
f 4134/3322/2826 4109/4885/2826 4106/3290/2826
f 4140/4886/2827 4107/4887/2827 4109/4888/2827
f 4135/3325/2828 4132/3321/2828 4139/3329/2828
f 4132/3321/2829 4136/3328/2829 4139/3329/2829
f 4127/3314/2830 4116/4889/2830 4113/3298/2830
f 4133/4890/2831 4114/3301/2831 4116/3303/2831
f 4120/3306/2832 4137/4891/2832 4134/3322/2832
f 4137/4892/2833 4122/3312/2833 4135/4893/2833
f 4115/3304/2834 4125/3313/2834 4121/3309/2834
f 4118/3305/2835 4122/3312/2835 4125/3313/2835
f 4113/3298/2836 4088/4894/2836 4085/3266/2836
f 4088/3271/2837 4115/4895/2837 4086/3269/2837
f 4120/3306/2838 4095/3279/2838 4123/4896/2838
f 4095/4897/2839 4121/4898/2839 4123/4899/2839
f 1589/786/2954 1547/738/2954 1561/754/2954
f 1556/752/2955 1562/3894/2955 1549/744/2955
f 1583/781/2956 1548/3910/2956 1577/776/2956
f 1568/762/2957 1582/778/2957 1596/794/2957
f 1563/760/2958 1598/3902/2958 1590/3900/2958
f 1591/792/2959 1584/5076/2959 1576/3905/2959
f 1617/820/2960 1631/838/2960 1603/802/2960
f 1612/817/2961 1618/823/2961 1605/808/2961
f 1633/844/2962 1610/811/2962 1604/805/2962
f 1652/865/2963 1611/814/2963 1638/847/2963
f 1625/832/2964 1646/859/2964 1619/826/2964
f 1653/868/2965 1632/841/2965 1647/862/2965
f 1701/927/2966 1659/874/2966 1673/892/2966
f 1668/889/2967 1674/895/2967 1661/880/2967
f 1689/915/2968 1666/883/2968 1660/877/2968
f 1680/901/2969 1694/918/2969 1708/936/2969
f 1681/904/2970 1702/930/2970 1675/898/2970
f 1709/939/2971 1688/912/2971 1703/933/2971
f 1757/998/2972 1715/944/2972 1729/962/2972
f 1724/959/2973 1730/965/2973 1717/950/2973
f 1745/986/2974 1722/953/2974 1716/947/2974
f 1764/1007/2975 1723/956/2975 1750/989/2975
f 1737/974/2976 1758/1001/2976 1731/968/2976
f 1759/1004/2977 1752/995/2977 1744/983/2977
f 3707/2811/3254 3721/2829/3254 3693/2793/3254
f 3702/2808/3255 3708/2814/3255 3695/2799/3255
f 3729/2841/3256 3694/2796/3256 3723/2835/3256
f 3714/2820/3257 3728/2838/3257 3742/2856/3257
f 3715/2823/3258 3736/2850/3258 3709/2817/3258
f 3737/2853/3259 3730/2844/3259 3722/2832/3259
f 3791/2913/3260 3749/2865/3260 3763/2881/3260
f 3758/4757/3261 3764/2884/3261 3751/5224/3261
f 3779/4772/3262 3756/2873/3262 3750/2868/3262
f 3770/2889/3263 3784/2905/3263 3798/2921/3263
f 3771/4763/3264 3792/2916/3264 3765/5225/3264
f 3799/4769/3265 3778/2900/3265 3793/5226/3265
f 3819/2945/3266 3833/2961/3266 3805/2929/3266
f 3814/2943/3267 3820/4778/3267 3807/2935/3267
f 3841/2972/3268 3806/4795/3268 3835/2967/3268
f 3826/2953/3269 3840/2969/3269 3854/2985/3269
f 3827/2956/3270 3848/4784/3270 3821/2951/3270
f 3855/2988/3271 3834/4789/3271 3849/2983/3271
f 3903/3046/3272 3861/2993/3272 3875/3011/3272
f 3870/3008/3273 3876/3014/3273 3863/2999/3273
f 3897/3040/3274 3862/2996/3274 3891/5227/3274
f 3882/3020/3275 3896/3037/3275 3910/3054/3275
f 3883/3023/3276 3904/3049/3276 3877/3017/3276
f 3905/4809/3277 3898/3043/3277 3890/3032/3277
f 3959/3116/3278 3917/3063/3278 3931/3080/3278
f 3919/4817/3279 3940/3095/3279 3932/3083/3279
f 3953/3110/3280 3918/3066/3280 3947/3104/3280
f 3938/3089/3281 3952/3107/3281 3966/3125/3281
f 3933/3086/3282 3968/3131/3282 3960/3119/3282
f 3961/3122/3283 3954/3113/3283 3946/3101/3283
f 4015/3184/3284 3973/3133/3284 3987/3150/3284
f 3982/3147/3285 3988/3153/3285 3975/5228/3285
f 4009/4856/3286 3974/3136/3286 4003/3173/3286
f 3994/3158/3287 4008/3176/3287 4022/3193/3287
f 3995/3161/3288 4016/3187/3288 3989/5229/3288
f 4017/3190/3289 4010/3182/3289 4002/3170/3289
f 4071/3250/3290 4029/3202/3290 4043/3218/3290
f 4038/5230/3291 4044/3221/3291 4031/4858/3291
f 4059/5231/3292 4036/3210/3292 4030/3205/3292
f 4078/3258/3293 4037/3213/3293 4064/3242/3293
f 4045/5232/3294 4080/3264/3294 4072/3253/3294
f 4079/4870/3295 4058/3237/3295 4073/5233/3295
f 4099/3282/3296 4113/3298/3296 4085/3266/3296
f 4087/5234/3297 4108/3296/3297 4100/3285/3297
f 4121/4898/3298 4086/3269/3298 4115/4895/3298
f 4106/3290/3299 4120/3306/3299 4134/3322/3299
f 4107/4887/3300 4128/3317/3300 4101/4884/3300
f 4129/5235/3301 4122/3312/3301 4114/3301/3301
f 1547/738/3558 1550/3908/3558 1551/739/3558
f 1548/741/3559 1552/745/3559 1551/742/3559
f 1549/744/3560 1553/3893/3560 1551/742/3560
f 1554/746/3561 1557/5273/3561 1558/747/3561
f 1555/749/3562 1559/3896/3562 1558/750/3562
f 1556/752/3563 1560/748/3563 1558/747/3563
f 1561/754/3564 1564/3892/3564 1565/755/3564
f 1562/757/3565 1566/761/3565 1565/758/3565
f 1563/760/3566 1567/5274/3566 1565/758/3566
f 1568/762/3567 1571/3901/3567 1572/763/3567
f 1569/765/3568 1573/769/3568 1572/766/3568
f 1570/768/3569 1574/5275/3569 1572/766/3569
f 1575/770/3570 1578/3903/3570 1579/771/3570
f 1576/773/3571 1580/777/3571 1579/774/3571
f 1577/776/3572 1581/3909/3572 1579/774/3572
f 1582/778/3573 1585/3912/3573 1586/779/3573
f 1583/781/3574 1587/785/3574 1586/782/3574
f 1584/784/3575 1588/5276/3575 1586/782/3575
f 1589/786/3576 1592/3898/3576 1593/787/3576
f 1590/789/3577 1594/793/3577 1593/790/3577
f 1591/792/3578 1595/5277/3578 1593/790/3578
f 1596/794/3579 1599/3906/3579 1600/795/3579
f 1597/797/3580 1601/801/3580 1600/798/3580
f 1598/800/3581 1602/5278/3581 1600/798/3581
f 1603/802/3582 1606/3929/3582 1607/803/3582
f 1604/805/3583 1608/3916/3583 1607/806/3583
f 1605/808/3584 1609/3915/3584 1607/809/3584
f 1610/811/3585 1613/3932/3585 1614/812/3585
f 1611/814/3586 1615/3917/3586 1614/815/3586
f 1612/817/3587 1616/5279/3587 1614/818/3587
f 1617/820/3588 1620/3914/3588 1621/821/3588
f 1618/823/3589 1622/3919/3589 1621/824/3589
f 1619/826/3590 1623/3921/3590 1621/827/3590
f 1624/829/3591 1627/3922/3591 1628/830/3591
f 1625/832/3592 1629/3918/3592 1628/833/3592
f 1626/835/3593 1630/5280/3593 1628/836/3593
f 1631/838/3594 1634/3925/3594 1635/839/3594
f 1632/841/3595 1636/5281/3595 1635/842/3595
f 1633/844/3596 1637/3930/3596 1635/845/3596
f 1638/847/3597 1641/3931/3597 1642/848/3597
f 1639/850/3598 1643/3928/3598 1642/851/3598
f 1640/853/3599 1644/3927/3599 1642/854/3599
f 1645/856/3600 1648/3920/3600 1649/857/3600
f 1646/859/3601 1650/5282/3601 1649/860/3601
f 1647/862/3602 1651/5283/3602 1649/863/3602
f 1652/865/3603 1655/3926/3603 1656/866/3603
f 1653/868/3604 1657/3924/3604 1656/869/3604
f 1654/871/3605 1658/3923/3605 1656/872/3605
f 1659/874/3606 1662/3951/3606 1663/875/3606
f 1660/5284/3607 1664/882/3607 1663/881/3607
f 1661/880/3608 1665/3934/3608 1663/881/3608
f 1666/883/3609 1669/3953/3609 1670/884/3609
f 1667/886/3610 1671/3936/3610 1670/887/3610
f 1668/889/3611 1672/5285/3611 1670/890/3611
f 1673/892/3612 1676/3933/3612 1677/893/3612
f 1674/895/3613 1678/3938/3613 1677/896/3613
f 1675/898/3614 1679/3942/3614 1677/899/3614
f 1680/901/3615 1683/3943/3615 1684/902/3615
f 1681/904/3616 1685/908/3616 1684/905/3616
f 1682/3939/3617 1686/3937/3617 1684/5286/3617
f 1687/909/3618 1690/3947/3618 1691/910/3618
f 1688/5287/3619 1692/917/3619 1691/916/3619
f 1689/915/3620 1693/5288/3620 1691/916/3620
f 1694/918/3621 1697/3952/3621 1698/919/3621
f 1695/921/3622 1699/3950/3622 1698/922/3622
f 1696/924/3623 1700/5289/3623 1698/925/3623
f 1701/927/3624 1704/3941/3624 1705/928/3624
f 1702/930/3625 1706/5290/3625 1705/931/3625
f 1703/933/3626 1707/3948/3626 1705/934/3626
f 1708/936/3627 1711/3949/3627 1712/937/3627
f 1709/939/3628 1713/943/3628 1712/940/3628
f 1710/3946/3629 1714/3944/3629 1712/5291/3629
f 1715/944/3630 1718/3969/3630 1719/945/3630
f 1716/947/3631 1720/3956/3631 1719/948/3631
f 1717/950/3632 1721/3955/3632 1719/951/3632
f 1722/953/3633 1725/3972/3633 1726/954/3633
f 1723/956/3634 1727/3957/3634 1726/957/3634
f 1724/959/3635 1728/5292/3635 1726/960/3635
f 1729/962/3636 1732/3954/3636 1733/963/3636
f 1730/965/3637 1734/5293/3637 1733/966/3637
f 1731/968/3638 1735/3960/3638 1733/969/3638
f 1736/971/3639 1739/3961/3639 1740/972/3639
f 1737/974/3640 1741/3958/3640 1740/975/3640
f 1738/977/3641 1742/5294/3641 1740/978/3641
f 1743/980/3642 1746/3965/3642 1747/981/3642
f 1744/983/3643 1748/5295/3643 1747/984/3643
f 1745/986/3644 1749/3970/3644 1747/987/3644
f 1750/989/3645 1753/3971/3645 1754/990/3645
f 1751/992/3646 1755/3968/3646 1754/993/3646
f 1752/995/3647 1756/5296/3647 1754/996/3647
f 1757/998/3648 1760/3959/3648 1761/999/3648
f 1758/1001/3649 1762/3964/3649 1761/1002/3649
f 1759/1004/3650 1763/3966/3650 1761/1005/3650
f 1764/1007/3651 1767/3967/3651 1768/1008/3651
f 1765/1010/3652 1769/3963/3652 1768/1011/3652
f 1766/1013/3653 1770/3962/3653 1768/1014/3653
f 3693/2793/4219 3696/4750/4219 3697/2794/4219
f 3694/2796/4220 3698/4735/4220 3697/2797/4220
f 3695/2799/4221 3699/4734/4221 3697/2800/4221
f 3700/2802/4222 3703/5499/4222 3704/2803/4222
f 3701/2805/4223 3705/4737/4223 3704/2806/4223
f 3702/2808/4224 3706/4736/4224 3704/2809/4224
f 3707/2811/4225 3710/4733/4225 3711/2812/4225
f 3708/2814/4226 3712/4739/4226 3711/2815/4226
f 3709/2817/4227 3713/5500/4227 3711/2818/4227
f 3714/2820/4228 3717/4741/4228 3718/2821/4228
f 3715/2823/4229 3719/4738/4229 3718/2824/4229
f 3716/2826/4230 3720/5501/4230 3718/2827/4230
f 3721/2829/4231 3724/4744/4231 3725/2830/4231
f 3722/2832/4232 3726/4749/4232 3725/2833/4232
f 3723/2835/4233 3727/4751/4233 3725/2836/4233
f 3728/2838/4234 3731/4752/4234 3732/2839/4234
f 3729/2841/4235 3733/4748/4235 3732/2842/4235
f 3730/2844/4236 3734/4747/4236 3732/2845/4236
f 3735/2847/4237 3738/4740/4237 3739/2848/4237
f 3736/2850/4238 3740/4743/4238 3739/2851/4238
f 3737/2853/4239 3741/4745/4239 3739/2854/4239
f 3742/2856/4240 3745/4746/4240 3746/2857/4240
f 3743/2859/4241 3747/4742/4241 3746/2860/4241
f 3744/2862/4242 3748/5502/4242 3746/2863/4242
f 3749/2865/4243 3752/4771/4243 3753/2866/4243
f 3750/2868/4244 3754/2872/4244 3753/2869/4244
f 3751/2871/4245 3755/5503/4245 3753/2869/4245
f 3756/2873/4246 3759/5504/4246 3760/2874/4246
f 3757/2876/4247 3761/4755/4247 3760/2877/4247
f 3758/2879/4248 3762/2875/4248 3760/2874/4248
f 3763/2881/4249 3766/4753/4249 3767/2882/4249
f 3764/2884/4250 3768/2888/4250 3767/2885/4250
f 3765/2887/4251 3769/5505/4251 3767/2885/4251
f 3770/2889/4252 3773/4761/4252 3774/2890/4252
f 3771/2892/4253 3775/2896/4253 3774/2893/4253
f 3772/2895/4254 3776/4756/4254 3774/2893/4254
f 3777/2897/4255 3780/4765/4255 3781/2898/4255
f 3778/2900/4256 3782/2904/4256 3781/2901/4256
f 3779/2903/4257 3783/5506/4257 3781/2901/4257
f 3784/2905/4258 3787/4773/4258 3788/2906/4258
f 3785/2908/4259 3789/2912/4259 3788/2909/4259
f 3786/2911/4260 3790/4768/4260 3788/2909/4260
f 3791/2913/4261 3794/4759/4261 3795/2914/4261
f 3792/2916/4262 3796/2920/4262 3795/2917/4262
f 3793/2919/4263 3797/5507/4263 3795/2917/4263
f 3798/2921/4264 3801/4767/4264 3802/2922/4264
f 3799/2924/4265 3803/2928/4265 3802/2925/4265
f 3800/2927/4266 3804/4762/4266 3802/2925/4266
f 3805/2929/4267 3808/4793/4267 3809/2930/4267
f 3806/2932/4268 3810/2936/4268 3809/2933/4268
f 3807/2935/4269 3811/4777/4269 3809/2933/4269
f 3812/2937/4270 3815/5508/4270 3816/2938/4270
f 3813/2940/4271 3817/4780/4271 3816/2941/4271
f 3814/2943/4272 3818/2939/4272 3816/2938/4272
f 3819/2945/4273 3822/4776/4273 3823/2946/4273
f 3820/2948/4274 3824/2952/4274 3823/2949/4274
f 3821/2951/4275 3825/5509/4275 3823/2949/4275
f 3826/2953/4276 3829/4785/4276 3830/2954/4276
f 3827/2956/4277 3831/2960/4277 3830/2957/4277
f 3828/2959/4278 3832/5510/4278 3830/2957/4278
f 3833/2961/4279 3836/4787/4279 3837/2962/4279
f 3834/2964/4280 3838/2968/4280 3837/2965/4280
f 3835/2967/4281 3839/5511/4281 3837/2965/4281
f 3840/2969/4282 3843/4796/4282 3844/2970/4282
f 3841/2972/4283 3845/2976/4283 3844/2973/4283
f 3842/2975/4284 3846/5512/4284 3844/2973/4284
f 3847/2977/4285 3850/4782/4285 3851/2978/4285
f 3848/2980/4286 3852/2984/4286 3851/2981/4286
f 3849/2983/4287 3853/4788/4287 3851/2981/4287
f 3854/2985/4288 3857/4791/4288 3858/2986/4288
f 3855/2988/4289 3859/2992/4289 3858/2989/4289
f 3856/2991/4290 3860/5513/4290 3858/2989/4290
f 3861/2993/4291 3864/4813/4291 3865/2994/4291
f 3862/2996/4292 3866/4799/4292 3865/2997/4292
f 3863/2999/4293 3867/5514/4293 3865/3000/4293
f 3868/3002/4294 3871/5515/4294 3872/3003/4294
f 3869/3005/4295 3873/4800/4295 3872/3006/4295
f 3870/5516/4296 3874/3004/4296 3872/3003/4296
f 3875/3011/4297 3878/4798/4297 3879/3012/4297
f 3876/3014/4298 3880/5517/4298 3879/3015/4298
f 3877/3017/4299 3881/5518/4299 3879/3018/4299
f 3882/3020/4300 3885/4804/4300 3886/3021/4300
f 3883/4802/4301 3887/3028/4301 3886/3027/4301
f 3884/3026/4302 3888/5519/4302 3886/3027/4302
f 3889/3029/4303 3892/4808/4303 3893/3030/4303
f 3890/3032/4304 3894/3036/4304 3893/3033/4304
f 3891/5227/4305 3895/4814/4305 3893/5520/4305
f 3896/3037/4306 3899/4815/4306 3900/3038/4306
f 3897/3040/4307 3901/5521/4307 3900/3041/4307
f 3898/3043/4308 3902/4811/4308 3900/3044/4308
f 3903/3046/4309 3906/4803/4309 3907/3047/4309
f 3904/3049/4310 3908/3053/4310 3907/3050/4310
f 3905/4809/4311 3909/5522/4311 3907/5523/4311
f 3910/3054/4312 3913/4810/4312 3914/3055/4312
f 3911/3057/4313 3915/4807/4313 3914/3058/4313
f 3912/3060/4314 3916/4805/4314 3914/3061/4314
f 3917/3063/4315 3920/4835/4315 3921/3064/4315
f 3918/3066/4316 3922/3070/4316 3921/3067/4316
f 3919/3069/4317 3923/5524/4317 3921/3067/4317
f 3924/3071/4318 3927/5525/4318 3928/3072/4318
f 3925/3074/4319 3929/4819/4319 3928/3075/4319
f 3926/3077/4320 3930/5526/4320 3928/3078/4320
f 3931/3080/4321 3934/4816/4321 3935/3081/4321
f 3932/3083/4322 3936/4822/4322 3935/3084/4322
f 3933/3086/4323 3937/4824/4323 3935/3087/4323
f 3938/3089/4324 3941/4825/4324 3942/3090/4324
f 3939/3092/4325 3943/4821/4325 3942/3093/4325
f 3940/3095/4326 3944/4820/4326 3942/3096/4326
f 3945/3098/4327 3948/4829/4327 3949/3099/4327
f 3946/3101/4328 3950/5527/4328 3949/3102/4328
f 3947/3104/4329 3951/5528/4329 3949/3105/4329
f 3952/3107/4330 3955/4836/4330 3956/3108/4330
f 3953/3110/4331 3957/4834/4331 3956/3111/4331
f 3954/3113/4332 3958/4832/4332 3956/3114/4332
f 3959/3116/4333 3962/4823/4333 3963/3117/4333
f 3960/3119/4334 3964/5529/4334 3963/3120/4334
f 3961/3122/4335 3965/4830/4335 3963/3123/4335
f 3966/3125/4336 3969/4831/4336 3970/3126/4336
f 3967/3128/4337 3971/3132/4337 3970/3129/4337
f 3968/3131/4338 3972/4826/4338 3970/3129/4338
f 3973/3133/4339 3976/4853/4339 3977/3134/4339
f 3974/3136/4340 3978/3140/4340 3977/3137/4340
f 3975/5228/4341 3979/4838/4341 3977/5530/4341
f 3980/3141/4342 3983/5531/4342 3984/3142/4342
f 3981/3144/4343 3985/4839/4343 3984/3145/4343
f 3982/3147/4344 3986/5532/4344 3984/3148/4344
f 3987/3150/4345 3990/4837/4345 3991/3151/4345
f 3988/3153/4346 3992/3157/4346 3991/3154/4346
f 3989/3156/4347 3993/5533/4347 3991/3154/4347
f 3994/3158/4348 3997/4844/4348 3998/3159/4348
f 3995/3161/4349 3999/5534/4349 3998/3162/4349
f 3996/3164/4350 4000/4840/4350 3998/3165/4350
f 4001/3167/4351 4004/4848/4351 4005/3168/4351
f 4002/3170/4352 4006/4852/4352 4005/3171/4352
f 4003/3173/4353 4007/5535/4353 4005/3174/4353
f 4008/3176/4354 4011/4854/4354 4012/3177/4354
f 4009/3179/4355 4013/3183/4355 4012/3180/4355
f 4010/3182/4356 4014/4850/4356 4012/3180/4356
f 4015/3184/4357 4018/4842/4357 4019/3185/4357
f 4016/3187/4358 4020/4847/4358 4019/3188/4358
f 4017/3190/4359 4021/5536/4359 4019/3191/4359
f 4022/3193/4360 4025/4849/4360 4026/3194/4360
f 4023/4846/4361 4027/3201/4361 4026/3200/4361
f 4024/3199/4362 4028/5537/4362 4026/3200/4362
f 4029/3202/4363 4032/4871/4363 4033/3203/4363
f 4030/3205/4364 4034/3209/4364 4033/3206/4364
f 4031/3208/4365 4035/5538/4365 4033/3206/4365
f 4036/3210/4366 4039/5539/4366 4040/3211/4366
f 4037/3213/4367 4041/4859/4367 4040/3214/4367
f 4038/3216/4368 4042/3212/4368 4040/3211/4368
f 4043/3218/4369 4046/4857/4369 4047/3219/4369
f 4044/3221/4370 4048/3225/4370 4047/3222/4370
f 4045/3224/4371 4049/5540/4371 4047/3222/4371
f 4050/3226/4372 4053/4863/4372 4054/3227/4372
f 4051/3229/4373 4055/3233/4373 4054/3230/4373
f 4052/3232/4374 4056/5541/4374 4054/3230/4374
f 4057/3234/4375 4060/4865/4375 4061/3235/4375
f 4058/3237/4376 4062/3241/4376 4061/3238/4376
f 4059/3240/4377 4063/4872/4377 4061/3238/4377
f 4064/3242/4378 4067/4875/4378 4068/3243/4378
f 4065/3245/4379 4069/3249/4379 4068/3246/4379
f 4066/3248/4380 4070/5542/4380 4068/3246/4380
f 4071/3250/4381 4074/4861/4381 4075/3251/4381
f 4072/3253/4382 4076/3257/4382 4075/3254/4382
f 4073/3256/4383 4077/5543/4383 4075/3254/4383
f 4078/3258/4384 4081/4868/4384 4082/3259/4384
f 4079/3261/4385 4083/3265/4385 4082/3262/4385
f 4080/3264/4386 4084/5544/4386 4082/3262/4386
f 4085/3266/4387 4088/4894/4387 4089/3267/4387
f 4086/3269/4388 4090/3273/4388 4089/3270/4388
f 4087/3272/4389 4091/5545/4389 4089/3270/4389
f 4092/3274/4390 4095/4897/4390 4096/3275/4390
f 4093/3277/4391 4097/4880/4391 4096/3278/4391
f 4094/3280/4392 4098/3276/4392 4096/3275/4392
f 4099/3282/4393 4102/4878/4393 4103/3283/4393
f 4100/3285/4394 4104/3289/4394 4103/3286/4394
f 4101/3288/4395 4105/5546/4395 4103/3286/4395
f 4106/3290/4396 4109/4885/4396 4110/3291/4396
f 4107/3293/4397 4111/3297/4397 4110/3294/4397
f 4108/3296/4398 4112/5547/4398 4110/3294/4398
f 4113/3298/4399 4116/4889/4399 4117/3299/4399
f 4114/3301/4400 4118/3305/4400 4117/3302/4400
f 4115/3304/4401 4119/5548/4401 4117/3302/4401
f 4120/3306/4402 4123/4896/4402 4124/3307/4402
f 4121/3309/4403 4125/3313/4403 4124/3310/4403
f 4122/3312/4404 4126/5549/4404 4124/3310/4404
f 4127/3314/4405 4130/4883/4405 4131/3315/4405
f 4128/3317/4406 4132/3321/4406 4131/3318/4406
f 4129/3320/4407 4133/5550/4407 4131/3318/4407
f 4134/3322/4408 4137/4891/4408 4138/3323/4408
f 4135/3325/4409 4139/3329/4409 4138/3326/4409
f 4136/3328/4410 4140/4886/4410 4138/3326/4410
f 1561/754/4490 1547/738/4490 1553/740/4490
f 1553/3893/1776 1549/744/1776 1562/3894/1776
f 1548/741/1777 1554/746/1777 1560/748/1777
f 1552/745/1778 1560/748/1778 1556/752/1778
f 1555/749/4491 1568/762/4491 1574/764/4491
f 1574/3897/4492 1570/5581/4492 1556/752/4492
f 1563/760/1781 1566/761/1781 1573/769/1781
f 1573/769/1782 1566/761/1782 1562/757/1782
f 1561/754/4493 1567/756/4493 1592/3898/4493
f 1592/3899/1784 1567/5274/1784 1563/760/1784
f 1596/794/4494 1602/796/4494 1571/3901/4494
f 1571/767/1786 1602/5582/1786 1598/3902/1786
f 1597/797/1787 1591/792/1787 1594/793/1787
f 1594/793/4495 1590/789/4495 1598/800/4495
f 1575/770/1789 1589/786/1789 1595/788/1789
f 1578/3904/4496 1595/5277/4496 1591/792/4496
f 1596/794/4497 1582/778/4497 1588/780/4497
f 1588/3907/1792 1584/5076/1792 1597/797/1792
f 1583/781/1793 1577/776/1793 1580/777/1793
f 1580/777/4498 1576/773/4498 1584/784/4498
f 1575/770/1795 1581/772/1795 1550/3908/1795
f 1581/3909/1796 1577/776/1796 1548/3910/1796
f 1555/749/4499 1557/751/4499 1585/3912/4499
f 1585/783/4500 1557/5583/4500 1554/3913/4500
f 1603/802/1799 1609/804/1799 1620/3914/1799
f 1609/3915/1800 1605/808/1800 1618/823/1800
f 1604/805/4501 1610/811/4501 1616/813/4501
f 1608/810/1802 1616/5279/1802 1612/817/1802
f 1624/829/4502 1630/831/4502 1615/3917/4502
f 1615/819/4503 1630/5280/4503 1626/835/4503
f 1625/832/4504 1619/826/4504 1622/828/4504
f 1622/3919/4505 1618/823/4505 1626/835/4505
f 1617/820/4506 1623/822/4506 1648/3920/4506
f 1623/3921/1808 1619/826/1808 1646/859/1808
f 1652/865/4507 1658/867/4507 1627/3922/4507
f 1658/3923/1810 1654/871/1810 1625/832/1810
f 1647/862/1811 1650/864/1811 1657/3924/1811
f 1657/873/1812 1650/5282/1812 1646/859/1812
f 1645/856/1813 1651/858/1813 1634/3925/1813
f 1634/843/4508 1651/5283/4508 1647/862/4508
f 1652/865/4509 1638/847/4509 1644/849/4509
f 1644/3927/1816 1640/853/1816 1653/868/1816
f 1633/844/1817 1636/846/1817 1643/3928/1817
f 1643/855/1818 1636/5281/1818 1632/841/1818
f 1603/802/1819 1631/838/1819 1637/840/1819
f 1637/3930/1820 1633/844/1820 1604/805/1820
f 1638/847/1821 1611/814/1821 1613/816/1821
f 1613/3932/1822 1610/811/1822 1639/850/1822
f 1659/874/1823 1665/876/1823 1676/3933/1823
f 1665/3934/1824 1661/880/1824 1674/895/1824
f 1666/883/1825 1672/885/1825 1664/3935/1825
f 1664/882/1826 1672/5285/1826 1668/889/1826
f 1667/886/1827 1680/901/1827 1686/903/1827
f 1686/3937/1828 1682/3939/1828 1668/889/1828
f 1681/904/1829 1675/898/1829 1678/900/1829
f 1678/3938/1830 1674/895/1830 1682/3939/1830
f 1701/927/4510 1673/892/4510 1679/894/4510
f 1679/3942/4511 1675/898/4511 1702/930/4511
f 1708/936/4512 1714/938/4512 1683/3943/4512
f 1714/3944/4513 1710/3946/4513 1681/904/4513
f 1709/939/4514 1703/933/4514 1706/935/4514
f 1713/3945/4515 1706/5290/4515 1702/930/4515
f 1687/909/4516 1701/927/4516 1707/929/4516
f 1707/3948/1838 1703/933/1838 1688/912/1838
f 1694/918/1839 1700/920/1839 1711/3949/1839
f 1711/941/1840 1700/5289/1840 1696/924/1840
f 1689/915/1841 1692/917/1841 1699/3950/1841
f 1699/926/1842 1692/5584/1842 1688/912/1842
f 1687/909/1843 1693/911/1843 1662/3951/1843
f 1662/879/1844 1693/5288/1844 1689/915/1844
f 1667/886/1845 1669/888/1845 1697/3952/1845
f 1669/3953/4517 1666/883/4517 1695/921/4517
f 1715/944/4518 1721/946/4518 1732/3954/4518
f 1721/3955/4519 1717/950/4519 1730/965/4519
f 1722/953/1849 1728/955/1849 1720/3956/1849
f 1720/952/1850 1728/5292/1850 1724/959/1850
f 1736/971/4520 1742/973/4520 1727/3957/4520
f 1727/961/1852 1742/5294/1852 1738/977/1852
f 1737/974/4521 1731/968/4521 1734/970/4521
f 1741/979/1854 1734/5293/1854 1730/965/1854
f 1729/962/1855 1735/964/1855 1760/3959/1855
f 1735/3960/1856 1731/968/1856 1758/1001/1856
f 1764/1007/4522 1770/1009/4522 1739/3961/4522
f 1770/3962/1858 1766/1013/1858 1737/974/1858
f 1759/1004/1859 1762/1006/1859 1769/3963/1859
f 1762/3964/1860 1758/1001/1860 1766/1013/1860
f 1757/998/1861 1763/1000/1861 1746/3965/1861
f 1763/3966/1862 1759/1004/1862 1744/983/1862
f 1750/989/1863 1756/991/1863 1767/3967/1863
f 1767/1012/4523 1756/5296/4523 1752/995/4523
f 1745/986/1865 1748/988/1865 1755/3968/1865
f 1755/997/4524 1748/5295/4524 1744/983/4524
f 1715/944/4525 1743/980/4525 1749/982/4525
f 1749/3970/4526 1745/986/4526 1716/947/4526
f 1723/956/1869 1725/958/1869 1753/3971/1869
f 1725/3972/1870 1722/953/1870 1751/992/1870
f 3707/2811/2648 3693/2793/2648 3699/2795/2648
f 3699/4734/2649 3695/2799/2649 3708/2814/2649
f 3700/2802/2650 3706/2804/2650 3698/4735/2650
f 3706/4736/2651 3702/2808/2651 3695/2799/2651
f 3714/2820/4682 3720/2822/4682 3705/4737/4682
f 3705/2810/2653 3720/5501/2653 3716/2826/2653
f 3715/2823/2654 3709/2817/2654 3712/2819/2654
f 3712/4739/2655 3708/2814/2655 3716/2826/2655
f 3735/2847/2656 3707/2811/2656 3713/2813/2656
f 3738/2852/2657 3713/5500/2657 3709/2817/2657
f 3742/2856/2658 3748/2858/2658 3717/4741/2658
f 3717/2825/2659 3748/5502/2659 3744/2862/2659
f 3737/2853/2660 3740/2855/2660 3747/4742/2660
f 3740/4743/2661 3736/2850/2661 3744/2862/2661
f 3721/2829/4683 3735/2847/4683 3741/2849/4683
f 3741/4745/2663 3737/2853/2663 3722/2832/2663
f 3742/2856/2664 3728/2838/2664 3734/2840/2664
f 3734/4747/2665 3730/2844/2665 3743/2859/2665
f 3729/2841/2666 3723/2835/2666 3726/2837/2666
f 3726/4749/2667 3722/2832/2667 3730/2844/2667
f 3721/2829/2668 3727/2831/2668 3696/4750/2668
f 3727/4751/2669 3723/2835/2669 3694/2796/2669
f 3701/2805/2670 3703/2807/2670 3731/4752/2670
f 3731/2843/2671 3703/5499/2671 3700/2802/2671
f 3763/2881/2672 3749/2865/2672 3755/2867/2672
f 3755/4754/2673 3751/5224/2673 3764/2884/2673
f 3750/2868/2674 3756/2873/2674 3762/2875/2674
f 3762/2875/2675 3758/2879/2675 3751/2871/2675
f 3770/2889/2676 3776/2891/2676 3761/4755/2676
f 3776/4756/2677 3772/2895/2677 3758/4757/2677
f 3765/2887/2678 3768/2888/2678 3775/2896/2678
f 3768/2888/2679 3764/2884/2679 3772/2895/2679
f 3791/2913/2680 3763/2881/2680 3769/2883/2680
f 3769/4760/2681 3765/5225/2681 3792/2916/2681
f 3798/2921/2682 3804/2923/2682 3773/4761/2682
f 3804/4762/2683 3800/2927/2683 3771/4763/2683
f 3799/2924/2684 3793/2919/2684 3796/2920/2684
f 3796/2920/2685 3792/2916/2685 3800/2927/2685
f 3777/2897/4684 3791/2913/4684 3797/2915/4684
f 3797/4766/2687 3793/5226/2687 3778/2900/2687
f 3784/2905/2688 3790/2907/2688 3801/4767/2688
f 3790/4768/2689 3786/2911/2689 3799/4769/2689
f 3779/2903/2690 3782/2904/2690 3789/2912/2690
f 3789/2912/2691 3782/2904/2691 3778/2900/2691
f 3777/2897/2692 3783/2899/2692 3752/4771/2692
f 3752/2870/2693 3783/5639/2693 3779/4772/2693
f 3784/2905/2694 3757/2876/2694 3759/2878/2694
f 3787/4774/2695 3759/5504/2695 3756/2873/2695
f 3819/2945/2696 3805/2929/2696 3811/2931/2696
f 3811/4777/2697 3807/2935/2697 3820/4778/2697
f 3812/2937/2698 3818/2939/2698 3810/2936/2698
f 3810/2936/2699 3818/2939/2699 3814/2943/2699
f 3826/2953/2700 3832/2955/2700 3817/4780/2700
f 3832/4781/4685 3828/5640/4685 3814/2943/4685
f 3821/2951/2702 3824/2952/2702 3831/2960/2702
f 3824/2952/2703 3820/2948/2703 3828/2959/2703
f 3847/2977/2704 3819/2945/2704 3825/2947/2704
f 3850/4783/2705 3825/5509/2705 3821/2951/2705
f 3854/2985/2706 3860/2987/2706 3829/4785/2706
f 3860/4786/2707 3856/5641/2707 3827/2956/2707
f 3855/2988/2708 3849/2983/2708 3852/2984/2708
f 3852/2984/2709 3848/2980/2709 3856/2991/2709
f 3847/2977/2710 3853/2979/2710 3836/4787/2710
f 3853/4788/2711 3849/2983/2711 3834/4789/2711
f 3840/2969/2712 3846/2971/2712 3857/4791/2712
f 3846/4792/2713 3842/5642/2713 3855/2988/2713
f 3835/2967/2714 3838/2968/2714 3845/2976/2714
f 3838/2968/2715 3834/2964/2715 3842/2975/2715
f 3833/2961/2716 3839/2963/2716 3808/4793/2716
f 3808/4794/2717 3839/5511/2717 3835/2967/2717
f 3813/2940/2718 3815/2942/2718 3843/4796/2718
f 3843/2974/2719 3815/5643/2719 3812/4797/2719
f 3875/3011/2720 3861/2993/2720 3867/2995/2720
f 3878/3016/2721 3867/5514/2721 3863/2999/2721
f 3868/3002/4686 3874/3004/4686 3866/4799/4686
f 3866/3001/2723 3874/5644/2723 3870/3008/2723
f 3882/3020/2724 3888/3022/2724 3873/4800/2724
f 3873/3010/4687 3888/5519/4687 3884/3026/4687
f 3877/4801/2726 3880/5517/2726 3887/3028/2726
f 3887/3028/2727 3880/5517/2727 3876/3014/2727
f 3875/3011/2728 3881/3013/2728 3906/4803/2728
f 3906/3051/2729 3881/5518/2729 3877/3017/2729
f 3910/3054/2730 3916/3056/2730 3885/4804/2730
f 3916/4805/2731 3912/3060/2731 3883/3023/2731
f 3911/3057/2732 3905/4809/2732 3908/4806/2732
f 3908/3053/2733 3904/3049/2733 3912/3060/2733
f 3903/3046/2734 3909/3048/2734 3892/4808/2734
f 3892/3034/2735 3909/5522/2735 3905/4809/2735
f 3896/3037/4688 3902/3039/4688 3913/4810/4688
f 3902/4811/4689 3898/3043/4689 3911/3057/4689
f 3891/3035/2738 3894/3036/2738 3901/3045/2738
f 3894/3036/2739 3890/3032/2739 3898/3043/2739
f 3861/2993/2740 3889/3029/2740 3895/3031/2740
f 3895/4814/2741 3891/5227/2741 3862/2996/2741
f 3896/3037/2742 3869/3005/2742 3871/3007/2742
f 3899/3042/2743 3871/5515/2743 3868/3002/2743
f 3931/3080/2744 3917/3063/2744 3923/3065/2744
f 3934/3085/2745 3923/5645/2745 3919/4817/2745
f 3924/3071/4690 3930/3073/4690 3922/3070/4690
f 3922/4818/4691 3930/5526/4691 3926/3077/4691
f 3938/3089/4692 3944/3091/4692 3929/4819/4692
f 3944/4820/2749 3940/3095/2749 3926/3077/2749
f 3939/3092/2750 3933/3086/2750 3936/3088/2750
f 3936/4822/2751 3932/3083/2751 3940/3095/2751
f 3931/3080/2752 3937/3082/2752 3962/4823/2752
f 3937/4824/2753 3933/3086/2753 3960/3119/2753
f 3938/3089/2754 3966/3125/2754 3972/3127/2754
f 3972/4826/2755 3968/3131/2755 3939/3092/2755
f 3961/3122/2756 3964/3124/2756 3971/4827/2756
f 3971/3132/2757 3964/5529/2757 3960/3119/2757
f 3945/3098/2758 3959/3116/2758 3965/3118/2758
f 3965/4830/2759 3961/3122/2759 3946/3101/2759
f 3952/3107/2760 3958/3109/2760 3969/4831/2760
f 3958/4832/2761 3954/3113/2761 3967/4828/2761
f 3947/3104/2762 3950/3106/2762 3957/4834/2762
f 3957/3115/2763 3950/5527/2763 3946/3101/2763
f 3945/3098/2764 3951/3100/2764 3920/4835/2764
f 3920/3068/2765 3951/5528/2765 3947/3104/2765
f 3952/3107/2766 3925/3074/2766 3927/3076/2766
f 3955/3112/2767 3927/5525/2767 3924/3071/2767
f 3973/3133/2768 3979/3135/2768 3990/4837/2768
f 3979/4838/2769 3975/5228/2769 3988/3153/2769
f 3980/3141/2770 3986/3143/2770 3978/3140/2770
f 3986/3143/2771 3982/5646/2771 3975/3139/2771
f 3981/3144/2772 3994/3158/2772 4000/3160/2772
f 4000/4840/2773 3996/3164/2773 3982/3147/2773
f 3995/4841/4693 3989/3156/4693 3992/3157/4693
f 3992/3157/2775 3988/3153/2775 3996/3164/2775
f 4015/3184/2776 3987/3150/2776 3993/3152/2776
f 3993/4843/2777 3989/5229/2777 4016/3187/2777
f 3994/3158/2778 4022/3193/2778 4028/3195/2778
f 3997/3163/2779 4028/5537/2779 4024/3199/2779
f 4017/4845/2780 4020/4847/2780 4027/3201/2780
f 4020/4847/2781 4016/3187/2781 4024/3199/2781
f 4015/3184/2782 4021/3186/2782 4004/4848/2782
f 4004/3172/2783 4021/5536/2783 4017/3190/2783
f 4022/3193/2784 4008/3176/2784 4014/3178/2784
f 4014/4850/2785 4010/3182/2785 4023/3196/2785
f 4003/4851/2786 4006/4852/2786 4013/3183/2786
f 4006/4852/2787 4002/3170/2787 4010/3182/2787
f 4001/3167/2788 4007/3169/2788 3976/4853/2788
f 3976/3138/2789 4007/5535/2789 4003/3173/2789
f 3981/3144/4694 3983/3146/4694 4011/4854/4694
f 4011/4855/2791 3983/5531/2791 3980/3141/2791
f 4029/3202/4695 4035/3204/4695 4046/4857/4695
f 4046/3223/4696 4035/5647/4696 4031/4858/4696
f 4036/3210/2794 4042/3212/2794 4034/3209/2794
f 4034/3209/2795 4042/3212/2795 4038/3216/2795
f 4037/3213/2796 4050/3226/2796 4056/3228/2796
f 4056/4860/2797 4052/5648/2797 4038/3216/2797
f 4051/3229/2798 4045/3224/2798 4048/3225/2798
f 4048/3225/2799 4044/3221/2799 4052/3232/2799
f 4071/3250/4697 4043/3218/4697 4049/3220/4697
f 4049/4862/2801 4045/5232/2801 4072/3253/2801
f 4078/3258/2802 4084/3260/2802 4053/4863/2802
f 4053/3231/2803 4084/5649/2803 4080/4864/2803
f 4079/3261/2804 4073/3256/2804 4076/3257/2804
f 4076/3257/2805 4072/3253/2805 4080/3264/2805
f 4071/3250/2806 4077/3252/2806 4060/4865/2806
f 4060/4866/2807 4077/5543/2807 4073/3256/2807
f 4064/3242/4698 4070/3244/4698 4081/4868/4698
f 4081/4869/2809 4070/5542/2809 4066/3248/2809
f 4065/3245/2810 4059/3240/2810 4062/3241/2810
f 4069/3249/2811 4062/3241/2811 4058/3237/2811
f 4029/3202/2812 4057/3234/2812 4063/3236/2812
f 4063/4872/2813 4059/3240/2813 4030/4873/2813
f 4037/3213/2814 4039/3215/2814 4067/4875/2814
f 4067/4876/2815 4039/5539/2815 4036/3210/2815
f 4085/3266/4699 4091/3268/4699 4102/4878/4699
f 4091/4879/2817 4087/5234/2817 4100/3285/2817
f 4092/3274/2818 4098/3276/2818 4090/3273/2818
f 4098/3276/4700 4094/3280/4700 4087/3272/4700
f 4106/3290/2820 4112/3292/2820 4097/4880/2820
f 4097/4881/2821 4112/5547/2821 4108/3296/2821
f 4101/3288/2822 4104/3289/2822 4111/3297/2822
f 4104/3289/2823 4100/3285/2823 4108/3296/2823
f 4099/3282/4701 4105/3284/4701 4130/4883/4701
f 4130/3319/2825 4105/5650/2825 4101/4884/2825
f 4134/3322/2826 4140/3324/2826 4109/4885/2826
f 4140/4886/4702 4136/3328/4702 4107/4887/4702
f 4135/3325/4703 4129/3320/4703 4132/3321/4703
f 4132/3321/2829 4128/3317/2829 4136/3328/2829
f 4127/3314/2830 4133/3316/2830 4116/4889/2830
f 4133/4890/2831 4129/5235/2831 4114/3301/2831
f 4120/3306/2832 4126/3308/2832 4137/4891/2832
f 4137/4892/2833 4126/5549/2833 4122/3312/2833
f 4115/3304/2834 4118/3305/2834 4125/3313/2834
f 4118/3305/2835 4114/3301/2835 4122/3312/2835
f 4113/3298/2836 4119/3300/2836 4088/4894/2836
f 4088/3271/4704 4119/5651/4704 4115/4895/4704
f 4120/3306/4705 4093/3277/4705 4095/3279/4705
f 4095/4897/2839 4092/3274/2839 4121/4898/2839
f 1589/786/2954 1575/770/2954 1547/738/2954
f 1556/752/2955 1570/5581/2955 1562/3894/2955
f 1583/781/2956 1554/3913/2956 1548/3910/2956
f 1568/762/2957 1555/749/2957 1582/778/2957
f 1563/760/2958 1569/765/2958 1598/3902/2958
f 1591/792/2959 1597/797/2959 1584/5076/2959
f 1617/820/2960 1645/856/2960 1631/838/2960
f 1612/817/2961 1626/835/2961 1618/823/2961
f 1633/844/2962 1639/850/2962 1610/811/2962
f 1652/865/2963 1624/829/2963 1611/814/2963
f 1625/832/2964 1654/871/2964 1646/859/2964
f 1653/868/2965 1640/853/2965 1632/841/2965
f 1701/927/2966 1687/909/2966 1659/874/2966
f 1668/889/2967 1682/3939/2967 1674/895/2967
f 1689/915/2968 1695/921/2968 1666/883/2968
f 1680/901/2969 1667/886/2969 1694/918/2969
f 1681/904/2970 1710/3946/2970 1702/930/2970
f 1709/939/2971 1696/924/2971 1688/912/2971
f 1757/998/2972 1743/980/2972 1715/944/2972
f 1724/959/2973 1738/977/2973 1730/965/2973
f 1745/986/2974 1751/992/2974 1722/953/2974
f 1764/1007/2975 1736/971/2975 1723/956/2975
f 1737/974/2976 1766/1013/2976 1758/1001/2976
f 1759/1004/2977 1765/1010/2977 1752/995/2977
f 3707/2811/3254 3735/2847/3254 3721/2829/3254
f 3702/2808/3255 3716/2826/3255 3708/2814/3255
f 3729/2841/3256 3700/2802/3256 3694/2796/3256
f 3714/2820/3257 3701/2805/3257 3728/2838/3257
f 3715/2823/3258 3744/2862/3258 3736/2850/3258
f 3737/2853/3259 3743/2859/3259 3730/2844/3259
f 3791/2913/3260 3777/2897/3260 3749/2865/3260
f 3758/4757/3261 3772/2895/3261 3764/2884/3261
f 3779/4772/3262 3785/4775/3262 3756/2873/3262
f 3770/2889/3263 3757/2876/3263 3784/2905/3263
f 3771/4763/3264 3800/2927/3264 3792/2916/3264
f 3799/4769/3265 3786/2911/3265 3778/2900/3265
f 3819/2945/3266 3847/2977/3266 3833/2961/3266
f 3814/2943/3267 3828/5640/3267 3820/4778/3267
f 3841/2972/3268 3812/4797/3268 3806/4795/3268
f 3826/2953/3269 3813/2940/3269 3840/2969/3269
f 3827/2956/3270 3856/5641/3270 3848/4784/3270
f 3855/2988/3271 3842/5642/3271 3834/4789/3271
f 3903/3046/3272 3889/3029/3272 3861/2993/3272
f 3870/3008/3273 3884/3026/3273 3876/3014/3273
f 3897/3040/3274 3868/3002/3274 3862/2996/3274
f 3882/3020/3275 3869/3005/3275 3896/3037/3275
f 3883/3023/3276 3912/3060/3276 3904/3049/3276
f 3905/4809/3277 3911/3057/3277 3898/3043/3277
f 3959/3116/3278 3945/3098/3278 3917/3063/3278
f 3919/4817/3279 3926/3077/3279 3940/3095/3279
f 3953/3110/3280 3924/3071/3280 3918/3066/3280
f 3938/3089/3281 3925/3074/3281 3952/3107/3281
f 3933/3086/3282 3939/3092/3282 3968/3131/3282
f 3961/3122/3283 3967/4828/3283 3954/3113/3283
f 4015/3184/3284 4001/3167/3284 3973/3133/3284
f 3982/3147/3285 3996/3164/3285 3988/3153/3285
f 4009/4856/3286 3980/3141/3286 3974/3136/3286
f 3994/3158/3287 3981/3144/3287 4008/3176/3287
f 3995/3161/3288 4024/3199/3288 4016/3187/3288
f 4017/3190/3289 4023/3196/3289 4010/3182/3289
f 4071/3250/3290 4057/3234/3290 4029/3202/3290
f 4038/5230/3291 4052/3232/3291 4044/3221/3291
f 4059/5231/3292 4065/4877/3292 4036/3210/3292
f 4078/3258/3293 4050/3226/3293 4037/3213/3293
f 4045/5232/3294 4051/5699/3294 4080/3264/3294
f 4079/4870/3295 4066/3248/3295 4058/3237/3295
f 4099/3282/3296 4127/3314/3296 4113/3298/3296
f 4087/5234/3297 4094/4882/3297 4108/3296/3297
f 4121/4898/3298 4092/3274/3298 4086/3269/3298
f 4106/3290/3299 4093/3277/3299 4120/3306/3299
f 4107/4887/3300 4136/3328/3300 4128/3317/3300
f 4129/5235/3301 4135/4893/3301 4122/3312/3301
usemtl sackcloth
f 32/1/1 1/2/1 2/3/1
f 33/1/2 4/2/2 34/4/2
f 31/4/3 21/5/3 1/2/3
f 24/5/4 34/4/4 4/2/4
f 1/2/5 21/5/5 5/6/5
f 24/5/6 4/2/6 6/6/6
f 5/6/7 21/5/7 7/7/7
f 24/5/8 6/6/8 8/7/8
f 7/7/9 21/5/9 9/8/9
f 24/5/10 8/7/10 12/8/10
f 9/8/11 21/5/11 13/9/11
f 24/5/12 12/8/12 16/9/12
f 9/8/13 14/10/13 10/11/13
f 12/8/14 15/10/14 16/9/14
f 13/9/15 21/5/15 17/12/15
f 24/5/16 16/9/16 20/12/16
f 14/10/17 17/12/17 18/13/17
f 15/10/18 20/12/18 16/9/18
f 24/5/19 20/12/19 23/14/19
f 17/12/20 21/5/20 22/14/20
f 24/5/21 23/14/21 26/15/21
f 22/14/22 21/5/22 25/15/22
f 24/5/23 26/15/23 30/16/23
f 25/15/24 21/5/24 27/16/24
f 27/16/25 32/1/25 28/17/25
f 30/16/26 33/1/26 34/4/26
f 27/16/27 21/5/27 31/4/27
f 24/5/28 30/16/28 34/4/28
f 65/18/29 55/19/29 35/20/29
f 58/19/30 68/18/30 38/20/30
f 66/21/31 35/20/31 36/22/31
f 67/21/32 38/20/32 68/18/32
f 58/19/33 38/20/33 40/23/33
f 35/20/34 55/19/34 39/23/34
f 58/19/35 40/23/35 42/24/35
f 39/23/36 55/19/36 41/24/36
f 41/24/37 55/19/37 43/25/37
f 58/19/38 42/24/38 46/25/38
f 43/25/39 48/26/39 44/27/39
f 46/25/40 49/26/40 50/28/40
f 43/25/41 55/19/41 47/28/41
f 58/19/42 46/25/42 50/28/42
f 49/26/43 54/29/43 50/28/43
f 47/28/44 55/19/44 51/29/44
f 58/19/45 50/28/45 54/29/45
f 48/26/46 51/29/46 52/30/46
f 51/29/47 55/19/47 56/31/47
f 58/19/48 54/29/48 57/31/48
f 56/31/49 55/19/49 59/32/49
f 58/19/50 57/31/50 60/32/50
f 59/32/51 55/19/51 61/33/51
f 58/19/52 60/32/52 64/33/52
f 61/33/53 55/19/53 65/18/53
f 58/19/54 64/33/54 68/18/54
f 61/33/55 66/21/55 62/34/55
f 64/33/56 67/21/56 68/18/56
f 92/35/57 102/36/57 72/37/57
f 100/38/58 69/37/58 70/39/58
f 101/38/59 72/37/59 102/36/59
f 99/36/60 89/35/60 69/37/60
f 69/37/61 89/35/61 73/40/61
f 92/35/62 72/37/62 74/40/62
f 73/40/63 89/35/63 75/41/63
f 92/35/64 74/40/64 76/41/64
f 75/41/65 89/35/65 77/42/65
f 92/35/66 76/41/66 80/42/66
f 80/42/67 83/43/67 84/44/67
f 77/42/68 89/35/68 81/44/68
f 92/35/69 80/42/69 84/44/69
f 77/42/70 82/43/70 78/45/70
f 83/43/71 88/46/71 84/44/71
f 81/44/72 89/35/72 85/46/72
f 92/35/73 84/44/73 88/46/73
f 82/43/74 85/46/74 86/47/74
f 85/46/75 89/35/75 90/48/75
f 92/35/76 88/46/76 91/48/76
f 90/48/77 89/35/77 93/49/77
f 92/35/78 91/48/78 94/49/78
f 92/35/79 94/49/79 98/50/79
f 93/49/80 89/35/80 95/50/80
f 92/35/81 98/50/81 102/36/81
f 95/50/82 100/38/82 96/51/82
f 98/50/83 101/38/83 102/36/83
f 95/50/84 89/35/84 99/36/84
f 126/52/85 136/53/85 106/54/85
f 134/55/86 103/54/86 104/56/86
f 135/55/87 106/54/87 136/53/87
f 133/53/88 123/52/88 103/54/88
f 103/54/89 123/52/89 107/57/89
f 126/52/90 106/54/90 108/57/90
f 107/57/91 123/52/91 109/58/91
f 126/52/92 108/57/92 110/58/92
f 109/58/93 123/52/93 111/59/93
f 126/52/94 110/58/94 114/59/94
f 114/59/95 117/60/95 118/61/95
f 111/59/96 123/52/96 115/61/96
f 126/52/97 114/59/97 118/61/97
f 111/59/98 116/60/98 112/62/98
f 117/60/99 122/63/99 118/61/99
f 115/61/100 123/52/100 119/63/100
f 126/52/101 118/61/101 122/63/101
f 116/60/102 119/63/102 120/64/102
f 119/63/103 123/52/103 124/65/103
f 126/52/104 122/63/104 125/65/104
f 124/65/105 123/52/105 127/66/105
f 126/52/106 125/65/106 128/66/106
f 126/52/107 128/66/107 132/67/107
f 127/66/108 123/52/108 129/67/108
f 126/52/109 132/67/109 136/53/109
f 129/67/110 134/55/110 130/68/110
f 132/67/111 135/55/111 136/53/111
f 129/67/112 123/52/112 133/53/112
f 1844/1081/478 1847/1082/478 1846/1083/478
f 1847/1082/479 1845/1084/479 1846/1083/479
f 1848/1085/480 1853/1086/480 1856/1087/480
f 1849/1088/481 1853/1086/481 1852/1089/481
f 1850/1090/482 1853/1091/482 1854/1092/482
f 1851/1093/483 1853/1091/483 1855/1094/483
f 1857/1084/484 1860/1082/484 1859/1083/484
f 1860/1082/485 1858/1081/485 1859/1083/485
f 1861/1095/486 1864/1096/486 1863/1097/486
f 1864/1096/487 1862/1098/487 1863/1097/487
f 1865/1099/488 1870/1100/488 1873/1101/488
f 1866/1102/489 1870/1100/489 1869/1103/489
f 1867/1104/490 1870/1100/490 1871/1105/490
f 1868/1106/491 1870/1100/491 1872/1107/491
f 1874/1108/492 1877/1109/492 1876/1097/492
f 1877/1109/493 1875/1110/493 1876/1097/493
f 1887/1111/494 1890/1112/494 1889/1113/494
f 1890/1112/495 1888/1114/495 1889/1113/495
f 1891/1115/496 1896/1116/496 1899/1117/496
f 1892/1118/497 1896/1116/497 1895/1119/497
f 1893/1120/498 1896/1121/498 1897/1122/498
f 1894/1123/499 1896/1121/499 1898/1124/499
f 1900/1114/500 1903/1125/500 1902/1113/500
f 1903/1125/501 1901/1111/501 1902/1113/501
f 1904/1126/502 1907/1127/502 1906/1128/502
f 1907/1127/503 1905/1129/503 1906/1128/503
f 1908/1130/504 1913/1131/504 1916/1132/504
f 1909/1133/505 1913/1131/505 1912/1134/505
f 1910/1135/506 1913/1131/506 1914/1136/506
f 1911/1137/507 1913/1131/507 1915/1138/507
f 1917/1139/508 1920/1140/508 1919/1128/508
f 1920/1140/509 1918/1141/509 1919/1128/509
f 1930/1142/510 1933/1143/510 1932/1144/510
f 1933/1143/511 1931/1145/511 1932/1144/511
f 1934/1146/512 1939/1147/512 1942/1148/512
f 1935/1149/513 1939/1147/513 1938/1150/513
f 1936/1151/514 1939/1152/514 1940/1153/514
f 1937/1154/515 1939/1152/515 1941/1155/515
f 1943/1145/516 1946/1143/516 1945/1144/516
f 1946/1143/517 1944/1142/517 1945/1144/517
f 1947/1156/518 1950/1157/518 1949/1158/518
f 1950/1157/519 1948/1159/519 1949/1158/519
f 1951/1160/520 1956/1161/520 1959/1162/520
f 1952/1163/521 1956/1161/521 1955/1164/521
f 1953/1165/522 1956/1161/522 1957/1166/522
f 1954/1167/523 1956/1161/523 1958/1168/523
f 1960/1169/524 1963/1157/524 1962/1158/524
f 1963/1157/525 1961/1156/525 1962/1158/525
f 1973/1170/526 1976/1171/526 1975/1172/526
f 1976/1171/527 1974/1173/527 1975/1172/527
f 1977/1174/528 1982/1175/528 1985/1176/528
f 1978/1177/529 1982/1175/529 1981/1178/529
f 1979/1179/530 1982/1180/530 1983/1181/530
f 1980/1182/531 1982/1180/531 1984/1183/531
f 1986/1173/532 1989/1171/532 1988/1172/532
f 1989/1171/533 1987/1170/533 1988/1172/533
f 1990/1184/534 1993/1185/534 1992/1186/534
f 1993/1185/535 1991/1187/535 1992/1186/535
f 1994/1188/536 1999/1189/536 2002/1190/536
f 1995/1191/537 1999/1189/537 1998/1192/537
f 1996/1193/538 1999/1189/538 2000/1194/538
f 1997/1195/539 1999/1189/539 2001/1196/539
f 2003/1187/540 2006/1197/540 2005/1186/540
f 2006/1197/541 2004/1198/541 2005/1186/541
f 2139/1337/596 2143/1338/596 2145/1339/596
f 2144/1340/597 2142/1341/597 2140/1342/597
f 2145/1343/598 2144/1340/598 2141/1344/598
f 2146/1345/599 2150/1346/599 2152/1347/599
f 2151/1348/600 2149/1349/600 2147/1350/600
f 2152/1351/601 2151/1348/601 2148/1352/601
f 2153/1353/602 2157/1354/602 2159/1355/602
f 2158/1356/603 2156/1357/603 2154/1358/603
f 2159/1355/604 2158/1359/604 2155/1360/604
f 2160/1361/605 2164/1362/605 2166/1363/605
f 2165/1364/606 2163/1365/606 2161/1366/606
f 2166/1367/607 2165/1368/607 2162/1369/607
f 2167/1370/608 2171/1371/608 2173/1372/608
f 2172/1373/609 2170/1374/609 2168/1375/609
f 2173/1376/610 2172/1377/610 2169/1378/610
f 2174/1379/611 2178/1380/611 2180/1381/611
f 2179/1382/612 2177/1383/612 2175/1384/612
f 2180/1381/613 2179/1382/613 2176/1385/613
f 2181/1386/614 2185/1387/614 2187/1388/614
f 2186/1389/615 2184/1390/615 2182/1391/615
f 2187/1388/616 2186/1392/616 2183/1393/616
f 2188/1394/617 2192/1395/617 2194/1396/617
f 2193/1397/618 2191/1398/618 2189/1399/618
f 2194/1396/619 2193/1397/619 2190/1400/619
f 2195/1401/620 2199/1402/620 2201/1403/620
f 2200/1404/621 2198/1405/621 2196/1406/621
f 2201/1403/622 2200/1404/622 2197/1407/622
f 2202/1408/623 2206/1409/623 2208/1410/623
f 2207/1411/624 2205/1412/624 2203/1413/624
f 2208/1414/625 2207/1415/625 2204/1416/625
f 2209/1417/626 2213/1418/626 2215/1419/626
f 2214/1420/627 2212/1421/627 2210/1422/627
f 2215/1423/628 2214/1420/628 2211/1424/628
f 2216/1425/629 2220/1426/629 2222/1427/629
f 2221/1428/630 2219/1429/630 2217/1430/630
f 2222/1427/631 2221/1428/631 2218/1431/631
f 2223/1432/632 2227/1433/632 2229/1434/632
f 2228/1435/633 2226/1436/633 2224/1437/633
f 2229/1438/634 2228/1439/634 2225/1440/634
f 2230/1441/635 2234/1442/635 2236/1443/635
f 2235/1444/636 2233/1445/636 2231/1446/636
f 2236/1443/637 2235/1444/637 2232/1447/637
f 3048/2130/859 3051/2131/859 3050/2132/859
f 3051/2131/860 3049/2133/860 3050/2132/860
f 3052/2134/861 3057/2135/861 3060/2136/861
f 3053/2137/862 3057/2135/862 3056/2138/862
f 3054/2139/863 3057/2140/863 3058/2141/863
f 3055/2142/864 3057/2140/864 3059/2143/864
f 3061/2133/865 3064/2144/865 3063/2132/865
f 3064/2144/866 3062/2145/866 3063/2132/866
f 3065/2146/867 3068/2147/867 3067/2148/867
f 3068/2147/868 3066/2149/868 3067/2148/868
f 3069/2150/869 3074/2151/869 3077/2152/869
f 3070/2153/870 3074/2151/870 3073/2154/870
f 3071/2155/871 3074/2151/871 3075/2156/871
f 3072/2157/872 3074/2151/872 3076/2158/872
f 3078/2149/873 3081/2147/873 3080/2148/873
f 3081/2147/874 3079/2146/874 3080/2148/874
f 3091/2159/875 3094/2160/875 3093/2161/875
f 3094/2160/876 3092/2162/876 3093/2161/876
f 3095/2163/877 3100/2164/877 3103/2165/877
f 3096/2166/878 3100/2164/878 3099/2167/878
f 3097/2168/879 3100/2169/879 3101/2170/879
f 3098/2171/880 3100/2169/880 3102/2172/880
f 3104/2173/881 3107/2174/881 3106/2175/881
f 3107/2174/882 3105/2159/882 3106/2175/882
f 3108/2176/883 3111/2177/883 3110/2178/883
f 3111/2177/884 3109/2179/884 3110/2178/884
f 3112/2180/885 3117/2181/885 3120/2182/885
f 3113/2183/886 3117/2181/886 3116/2184/886
f 3114/2185/887 3117/2181/887 3118/2186/887
f 3115/2187/888 3117/2181/888 3119/2188/888
f 3121/2179/889 3124/2177/889 3123/2178/889
f 3124/2177/890 3122/2176/890 3123/2178/890
f 3134/2189/891 3137/2190/891 3136/2191/891
f 3137/2190/892 3135/2192/892 3136/2191/892
f 3138/2193/893 3143/2194/893 3146/2195/893
f 3139/2196/894 3143/2194/894 3142/2197/894
f 3140/2198/895 3143/2199/895 3144/2200/895
f 3141/2201/896 3143/2199/896 3145/2202/896
f 3147/2192/897 3150/2203/897 3149/2191/897
f 3150/2203/898 3148/2204/898 3149/2191/898
f 3151/2205/899 3154/2206/899 3153/2207/899
f 3154/2206/900 3152/2208/900 3153/2207/900
f 3155/2209/901 3160/2210/901 3163/2211/901
f 3156/2212/902 3160/2210/902 3159/2213/902
f 3157/2214/903 3160/2210/903 3161/2215/903
f 3158/2216/904 3160/2210/904 3162/2217/904
f 3164/2208/905 3167/2218/905 3166/2207/905
f 3167/2218/906 3165/2205/906 3166/2207/906
f 3177/2219/907 3180/2220/907 3179/2221/907
f 3180/2220/908 3178/2222/908 3179/2221/908
f 3181/2223/909 3186/2224/909 3189/2225/909
f 3182/2226/910 3186/2224/910 3185/2227/910
f 3183/2228/911 3186/2229/911 3187/2230/911
f 3184/2231/912 3186/2229/912 3188/2232/912
f 3190/2233/913 3193/2234/913 3192/2221/913
f 3193/2234/914 3191/2235/914 3192/2221/914
f 3194/2236/915 3197/2237/915 3196/2238/915
f 3197/2237/916 3195/2239/916 3196/2238/916
f 3198/2240/917 3203/2241/917 3206/2242/917
f 3199/2243/918 3203/2241/918 3202/2244/918
f 3200/2245/919 3203/2241/919 3204/2246/919
f 3201/2247/920 3203/2241/920 3205/2248/920
f 3207/2239/921 3210/2237/921 3209/2238/921
f 3210/2237/922 3208/2249/922 3209/2238/922
f 3343/2388/944 3347/2389/944 3349/2390/944
f 3348/2391/945 3346/2392/945 3344/2393/945
f 3349/2394/946 3348/2391/946 3345/2395/946
f 3350/2396/947 3354/2397/947 3356/2398/947
f 3355/2399/948 3353/2400/948 3351/2401/948
f 3356/2398/949 3355/2399/949 3352/2402/949
f 3357/2403/950 3361/2404/950 3363/2405/950
f 3362/2406/951 3360/2407/951 3358/2408/951
f 3363/2405/952 3362/2409/952 3359/2410/952
f 3364/2411/953 3368/2412/953 3370/2413/953
f 3369/2414/954 3367/2415/954 3365/2416/954
f 3370/2417/955 3369/2418/955 3366/2419/955
f 3371/2420/956 3375/2421/956 3377/2422/956
f 3376/2423/957 3374/2424/957 3372/2425/957
f 3377/2426/958 3376/2427/958 3373/2428/958
f 3378/2429/959 3382/2430/959 3384/2431/959
f 3383/2432/960 3381/2433/960 3379/2434/960
f 3384/2431/961 3383/2432/961 3380/2435/961
f 3385/2436/962 3389/2437/962 3391/2438/962
f 3390/2439/963 3388/2440/963 3386/2441/963
f 3391/2438/964 3390/2442/964 3387/2443/964
f 3392/2444/965 3396/2445/965 3398/2446/965
f 3397/2447/966 3395/2448/966 3393/2449/966
f 3398/2446/967 3397/2447/967 3394/2450/967
f 3399/2451/968 3403/2452/968 3405/2453/968
f 3404/2454/969 3402/2455/969 3400/2456/969
f 3405/2453/970 3404/2454/970 3401/2457/970
f 3406/2458/971 3410/2459/971 3412/2460/971
f 3411/2461/972 3409/2462/972 3407/2463/972
f 3412/2464/973 3411/2465/973 3408/2466/973
f 3413/2467/974 3417/2468/974 3419/2469/974
f 3418/2470/975 3416/2471/975 3414/2472/975
f 3419/2473/976 3418/2470/976 3415/2474/976
f 3420/2475/977 3424/2476/977 3426/2477/977
f 3425/2478/978 3423/2479/978 3421/2480/978
f 3426/2477/979 3425/2478/979 3422/2481/979
f 3427/2482/980 3431/2483/980 3433/2484/980
f 3432/2485/981 3430/2486/981 3428/2487/981
f 3433/2484/982 3432/2488/982 3429/2489/982
f 3434/2490/983 3438/2491/983 3440/2492/983
f 3439/2493/984 3437/2494/984 3435/2495/984
f 3440/2492/985 3439/2493/985 3436/2496/985
f 1844/3989/1883 1856/1087/1883 1847/3990/1883
f 1847/3991/1884 1851/1093/1884 1845/3992/1884
f 1858/3993/1885 1854/3994/1885 1849/1088/1885
f 1860/3995/1886 1850/1090/1886 1854/1092/1886
f 1841/3996/1887 1855/1094/1887 1850/1090/1887
f 1855/1094/1888 1842/3997/1888 1851/1093/1888
f 1865/1099/1889 1864/3998/1889 1861/3999/1889
f 1873/1101/1890 1862/4000/1890 1864/3998/1890
f 1866/1102/1891 1877/4001/1891 1871/1105/1891
f 1871/1105/1892 1874/4002/1892 1867/1104/1892
f 1867/1104/1893 1852/1089/1893 1872/1107/1893
f 1852/1089/1894 1868/1106/1894 1872/1107/1894
f 1879/4003/1895 1869/1103/1895 1880/4004/1895
f 1869/1103/1896 1878/4005/1896 1880/4004/1896
f 1879/4006/1897 1883/4007/1897 1882/4008/1897
f 1883/4007/1898 1878/4009/1898 1881/4010/1898
f 1884/4011/1899 1883/4007/1899 1881/4010/1899
f 1883/4007/1900 1885/4012/1900 1882/4008/1900
f 1887/4013/1901 1899/1117/1901 1890/4014/1901
f 1890/4015/1902 1894/1123/1902 1888/4016/1902
f 1901/4017/1903 1897/4018/1903 1892/1118/1903
f 1903/4019/1904 1893/1120/1904 1897/1122/1904
f 1884/4011/1905 1898/1124/1905 1886/4020/1905
f 1898/1124/1906 1885/4012/1906 1886/4020/1906
f 1908/1130/1907 1907/4021/1907 1904/4022/1907
f 1916/1132/1908 1905/4023/1908 1907/4021/1908
f 1909/1133/1909 1920/4024/1909 1914/1136/1909
f 1914/1136/1910 1917/4025/1910 1910/1135/1910
f 1891/1115/1911 1915/1138/1911 1895/1119/1911
f 1915/1138/1912 1892/1118/1912 1895/1119/1912
f 1921/4026/1913 1912/1134/1913 1908/1130/1913
f 1912/1134/1914 1922/4027/1914 1909/1133/1914
f 1921/4028/1915 1926/4029/1915 1923/4030/1915
f 1926/4029/1916 1922/4031/1916 1923/4030/1916
f 1842/3997/1917 1926/4029/1917 1924/4032/1917
f 1926/4029/1918 1841/3996/1918 1925/4033/1918
f 1934/1146/1919 1933/4034/1919 1930/4035/1919
f 1933/4036/1920 1937/1154/1920 1931/4037/1920
f 1935/1149/1921 1946/4038/1921 1940/4039/1921
f 1946/4040/1922 1936/1151/1922 1940/1153/1922
f 1928/4041/1923 1941/1155/1923 1929/4042/1923
f 1941/1155/1924 1927/4043/1924 1929/4042/1924
f 1951/1160/1925 1950/4044/1925 1947/4045/1925
f 1950/4044/1926 1954/1167/1926 1948/4046/1926
f 1952/1163/1927 1963/4047/1927 1957/1166/1927
f 1963/4047/1928 1953/1165/1928 1957/1166/1928
f 1934/1146/1929 1958/1168/1929 1938/1150/1929
f 1958/1168/1930 1935/1149/1930 1938/1150/1930
f 1964/4048/1931 1955/1164/1931 1951/1160/1931
f 1955/1164/1932 1965/4049/1932 1952/1163/1932
f 1965/4050/1933 1969/4051/1933 1968/4052/1933
f 1969/4051/1934 1964/4053/1934 1967/4054/1934
f 1971/4055/1935 1969/4051/1935 1972/4056/1935
f 1969/4051/1936 1970/4057/1936 1972/4056/1936
f 1977/1174/1937 1976/4058/1937 1973/4059/1937
f 1976/4060/1938 1980/1182/1938 1974/4061/1938
f 1978/1177/1939 1989/4062/1939 1983/4063/1939
f 1989/4064/1940 1979/1179/1940 1983/1181/1940
f 1971/4055/1941 1984/1183/1941 1979/1179/1941
f 1984/1183/1942 1970/4057/1942 1980/1182/1942
f 1994/1188/1943 1993/4065/1943 1990/4066/1943
f 1993/4065/1944 1997/1195/1944 1991/4067/1944
f 1995/1191/1945 2006/4068/1945 2000/1194/1945
f 2006/4068/1946 1996/1193/1946 2000/1194/1946
f 1978/1177/1947 2001/1196/1947 1996/1193/1947
f 1981/1178/1948 1997/1195/1948 2001/1196/1948
f 2008/4069/1949 1998/1192/1949 2009/4070/1949
f 1998/1192/1950 2007/4071/1950 2009/4070/1950
f 2008/4072/1951 2012/4073/1951 2011/4074/1951
f 2012/4073/1952 2007/4075/1952 2010/4076/1952
f 1927/4043/1953 2012/4073/1953 1929/4042/1953
f 2012/4073/1954 1928/4041/1954 1929/4042/1954
f 2154/1358/2005 2145/1343/2005 2141/1344/2005
f 2145/4102/2006 2153/1353/2006 2139/4103/2006
f 2162/1369/2007 2149/1349/2007 2166/1367/2007
f 2149/4104/2008 2160/1361/2008 2166/1363/2008
f 2140/1342/2009 2151/1348/2009 2144/1340/2009
f 2151/1348/2010 2141/1344/2010 2144/1340/2010
f 2155/4105/2011 2165/1364/2011 2161/1366/2011
f 2165/1368/2012 2154/1358/2012 2162/1369/2012
f 2168/1375/2013 2159/1355/2013 2155/1360/2013
f 2159/1355/2014 2167/1370/2014 2153/1353/2014
f 2161/1366/2015 2180/1381/2015 2176/1385/2015
f 2163/1365/2016 2174/1379/2016 2180/1381/2016
f 2169/1378/2017 2179/1382/2017 2175/1384/2017
f 2179/1382/2018 2168/4106/2018 2176/1385/2018
f 2182/4107/2019 2173/1372/2019 2169/4108/2019
f 2173/1372/2020 2181/4109/2020 2167/1370/2020
f 2175/1384/2021 2194/1396/2021 2190/1400/2021
f 2177/1383/2022 2188/1394/2022 2194/1396/2022
f 2183/4110/2023 2193/1397/2023 2189/1399/2023
f 2193/1397/2024 2182/1391/2024 2190/1400/2024
f 2196/1406/2025 2187/1388/2025 2183/1393/2025
f 2187/1388/2026 2195/1401/2026 2181/1386/2026
f 2204/1416/2027 2191/1398/2027 2208/1414/2027
f 2208/1414/2028 2188/1394/2028 2202/4111/2028
f 2197/4112/2029 2207/1411/2029 2203/1413/2029
f 2207/4113/2030 2196/1406/2030 2204/4114/2030
f 2210/4115/2031 2201/1403/2031 2197/1407/2031
f 2201/4116/2032 2209/1417/2032 2195/4117/2032
f 2218/1431/2033 2205/1412/2033 2222/1427/2033
f 2222/1427/2034 2202/1408/2034 2216/1425/2034
f 2211/1424/2035 2221/1428/2035 2217/1430/2035
f 2221/1428/2036 2210/1422/2036 2218/1431/2036
f 2211/1424/2037 2226/1436/2037 2215/1423/2037
f 2226/4118/2038 2209/1417/2038 2215/1419/2038
f 2217/1430/2039 2236/1443/2039 2232/1447/2039
f 2236/1443/2040 2216/1425/2040 2230/1441/2040
f 2225/4119/2041 2235/1444/2041 2231/1446/2041
f 2235/1444/2042 2224/1437/2042 2232/1447/2042
f 2140/1342/2043 2229/1438/2043 2225/1440/2043
f 2229/1434/2044 2139/1337/2044 2223/1432/2044
f 2231/4120/2045 2152/1351/2045 2148/1352/2045
f 2152/4121/2046 2230/1441/2046 2146/4122/2046
f 2238/4123/2047 2257/4124/2047 2239/4125/2047
f 2239/4125/2048 2256/4126/2048 2237/4127/2048
f 2241/4128/2049 2260/4129/2049 2242/4130/2049
f 2242/4131/2050 2259/4132/2050 2240/4133/2050
f 2261/4134/2051 2245/4135/2051 2244/4136/2051
f 2263/4137/2052 2243/4138/2052 2245/4135/2052
f 2264/4139/2053 2248/4125/2053 2247/4127/2053
f 2248/4125/2054 2265/4140/2054 2246/4123/2054
f 2250/4141/2055 2269/4142/2055 2251/4143/2055
f 2269/4144/2056 2249/4145/2056 2251/4146/2056
f 2270/4147/2057 2254/4148/2057 2253/4149/2057
f 2272/4150/2058 2252/4151/2058 2254/4148/2058
f 2273/4152/2059 2257/4124/2059 2255/4153/2059
f 2275/4154/2060 2256/4126/2060 2257/4124/2060
f 2276/4155/2061 2260/4156/2061 2258/4157/2061
f 2260/4156/2062 2277/4158/2062 2259/4132/2062
f 2279/4159/2063 2263/4137/2063 2261/4134/2063
f 2281/4160/2064 2262/4161/2064 2263/4137/2064
f 2282/4162/2065 2266/4163/2065 2264/4139/2065
f 2266/4163/2066 2283/4164/2066 2265/4140/2066
f 2267/4165/2067 2287/4166/2067 2269/4144/2067
f 2287/4166/2068 2268/4167/2068 2269/4144/2068
f 2270/4147/2069 2290/4168/2069 2272/4150/2069
f 2290/4168/2070 2271/4169/2070 2272/4150/2070
f 2273/4170/2071 2293/4171/2071 2275/4172/2071
f 2293/4171/2072 2274/4173/2072 2275/4172/2072
f 2294/4174/2073 2278/4175/2073 2276/4176/2073
f 2278/4177/2074 2295/4178/2074 2277/4158/2074
f 2297/4179/2075 2281/4160/2075 2279/4159/2075
f 2281/4160/2076 2298/4180/2076 2280/4181/2076
f 2300/4182/2077 2284/4183/2077 2282/4184/2077
f 2284/4183/2078 2301/4185/2078 2283/4186/2078
f 2303/4187/2079 2287/4188/2079 2285/4189/2079
f 2287/4166/2080 2304/4190/2080 2286/4191/2080
f 2288/4192/2081 2308/4193/2081 2290/4168/2081
f 2290/4168/2082 2307/4194/2082 2289/4195/2082
f 2291/4196/2083 2311/4197/2083 2293/4171/2083
f 2311/4197/2084 2292/4198/2084 2293/4171/2084
f 2312/4199/2085 2296/4200/2085 2294/4174/2085
f 2296/4201/2086 2313/4202/2086 2295/4178/2086
f 2315/4203/2087 2299/4204/2087 2297/4179/2087
f 2317/4205/2088 2298/4180/2088 2299/4204/2088
f 2300/4182/2089 2320/4206/2089 2302/4207/2089
f 2302/4207/2090 2319/4208/2090 2301/4185/2090
f 2303/4187/2091 2323/4209/2091 2305/4210/2091
f 2305/4211/2092 2322/4212/2092 2304/4190/2092
f 2306/4213/2093 2326/4214/2093 2308/4193/2093
f 2308/4193/2094 2325/4215/2094 2307/4194/2094
f 2309/4216/2095 2329/4217/2095 2311/4197/2095
f 2311/4197/2096 2328/4218/2096 2310/4219/2096
f 2330/4220/2097 2314/4221/2097 2312/4199/2097
f 2314/4222/2098 2331/4223/2098 2313/4202/2098
f 2333/4224/2099 2317/4205/2099 2315/4203/2099
f 2317/4205/2100 2334/4225/2100 2316/4226/2100
f 2336/4227/2101 2320/4206/2101 2318/4228/2101
f 2338/4229/2102 2319/4208/2102 2320/4206/2102
f 2339/4230/2103 2323/4209/2103 2321/4231/2103
f 2341/4232/2104 2322/4212/2104 2323/4233/2104
f 2342/4234/2105 2326/4214/2105 2324/4235/2105
f 2326/4214/2106 2343/4236/2106 2325/4215/2106
f 2327/4237/2107 2347/4238/2107 2329/4239/2107
f 2347/4238/2108 2328/4240/2108 2329/4239/2108
f 2330/4241/2109 2350/4242/2109 2332/4243/2109
f 2350/4242/2110 2331/4223/2110 2332/4243/2110
f 2351/4244/2111 2335/4245/2111 2333/4224/2111
f 2335/4245/2112 2352/4246/2112 2334/4225/2112
f 2354/4247/2113 2338/4248/2113 2336/4249/2113
f 2338/4248/2114 2355/4250/2114 2337/4251/2114
f 2339/4252/2115 2359/4253/2115 2341/4232/2115
f 2359/4253/2116 2340/4254/2116 2341/4232/2116
f 2342/4234/2117 2362/4255/2117 2344/4256/2117
f 2362/4255/2118 2343/4236/2118 2344/4256/2118
f 2363/4257/2119 2347/4238/2119 2345/4258/2119
f 2347/4238/2120 2364/4259/2120 2346/4260/2120
f 2366/4261/2121 2350/4242/2121 2348/4262/2121
f 2350/4242/2122 2367/4263/2122 2349/4264/2122
f 2351/4244/2123 2371/4265/2123 2353/4266/2123
f 2353/4266/2124 2370/4267/2124 2352/4246/2124
f 2354/4247/2125 2374/4268/2125 2356/4269/2125
f 2356/4269/2126 2373/4270/2126 2355/4250/2126
f 2357/4271/2127 2377/4272/2127 2359/4253/2127
f 2377/4272/2128 2358/4273/2128 2359/4253/2128
f 2378/4274/2129 2362/4255/2129 2360/4275/2129
f 2380/4276/2130 2361/4277/2130 2362/4255/2130
f 2381/4278/2131 2365/4279/2131 2363/4257/2131
f 2365/4279/2132 2382/4280/2132 2364/4259/2132
f 2384/4281/2133 2368/4282/2133 2366/4261/2133
f 2368/4282/2134 2385/4283/2134 2367/4263/2134
f 2369/4284/2135 2389/4285/2135 2371/4265/2135
f 2371/4265/2136 2388/4286/2136 2370/4267/2136
f 2372/4287/2137 2392/4288/2137 2374/4268/2137
f 2392/4288/2138 2373/4270/2138 2374/4268/2138
f 2393/4289/2139 2377/4272/2139 2375/4290/2139
f 2395/4291/2140 2376/4292/2140 2377/4272/2140
f 2396/4293/2141 2380/4276/2141 2378/4274/2141
f 2398/4294/2142 2379/4295/2142 2380/4276/2142
f 2399/4296/2143 2383/4297/2143 2381/4298/2143
f 2383/4297/2144 2400/4299/2144 2382/4300/2144
f 2402/4301/2145 2386/4302/2145 2384/4281/2145
f 2404/4303/2146 2385/4283/2146 2386/4302/2146
f 2405/4304/2147 2389/4285/2147 2387/4305/2147
f 2407/4306/2148 2388/4307/2148 2389/4308/2148
f 2390/4309/2149 2410/4310/2149 2392/4311/2149
f 2410/4310/2150 2391/4312/2150 2392/4311/2150
f 2393/4289/2151 2413/4313/2151 2395/4291/2151
f 2395/4291/2152 2412/4314/2152 2394/4315/2152
f 2414/4316/2153 2398/4294/2153 2396/4293/2153
f 2398/4317/2154 2415/4318/2154 2397/4319/2154
f 2399/4296/2155 2419/4320/2155 2401/4321/2155
f 2401/4321/2156 2418/4322/2156 2400/4299/2156
f 2402/4301/2157 2422/4323/2157 2404/4303/2157
f 2404/4303/2158 2421/4324/2158 2403/4325/2158
f 2405/4304/2159 2425/4326/2159 2407/4327/2159
f 2425/4328/2160 2406/4329/2160 2407/4306/2160
f 2408/4330/2161 2428/4331/2161 2410/4310/2161
f 2428/4331/2162 2409/4332/2162 2410/4310/2162
f 2429/4333/2163 2413/4313/2163 2411/4334/2163
f 2431/4335/2164 2412/4314/2164 2413/4313/2164
f 2414/4316/2165 2434/4336/2165 2416/4337/2165
f 2434/4338/2166 2415/4318/2166 2416/4339/2166
f 2417/4340/2167 2437/4341/2167 2419/4320/2167
f 2419/4320/2168 2436/4342/2168 2418/4322/2168
f 2420/4343/2169 2440/4344/2169 2422/4323/2169
f 2440/4344/2170 2421/4324/2170 2422/4323/2170
f 2423/4345/2171 2443/4346/2171 2425/4326/2171
f 2443/4347/2172 2424/4348/2172 2425/4328/2172
f 2444/4349/2173 2428/4331/2173 2426/4350/2173
f 2446/4351/2174 2427/4352/2174 2428/4331/2174
f 2447/4353/2175 2431/4335/2175 2429/4333/2175
f 2449/4354/2176 2430/4355/2176 2431/4335/2176
f 2450/4356/2177 2434/4336/2177 2432/4357/2177
f 2434/4338/2178 2451/4358/2178 2433/4359/2178
f 2435/4360/2179 2455/4361/2179 2437/4362/2179
f 2437/4362/2180 2454/4363/2180 2436/4364/2180
f 2438/4365/2181 2458/4366/2181 2440/4344/2181
f 2458/4366/2182 2439/4367/2182 2440/4344/2182
f 2441/4368/2183 2461/4369/2183 2443/4346/2183
f 2443/4346/2184 2460/4370/2184 2442/4371/2184
f 2444/4372/2185 2464/4373/2185 2446/4374/2185
f 2446/4374/2186 2463/4375/2186 2445/4376/2186
f 2465/4377/2187 2449/4354/2187 2447/4353/2187
f 2467/4378/2188 2448/4379/2188 2449/4354/2188
f 2450/4356/2189 2470/4380/2189 2452/4381/2189
f 2470/4380/2190 2451/4382/2190 2452/4381/2190
f 2454/4363/2191 2239/4125/2191 2237/4127/2191
f 2239/4125/2192 2453/4383/2192 2238/4123/2192
f 2457/4384/2193 2242/4131/2193 2240/4133/2193
f 2242/4131/2194 2456/4385/2194 2241/4386/2194
f 2460/4387/2195 2245/4388/2195 2243/4128/2195
f 2245/4135/2196 2459/4389/2196 2244/4136/2196
f 2463/4375/2197 2248/4125/2197 2246/4123/2197
f 2464/4373/2198 2247/4127/2198 2248/4125/2198
f 2466/4390/2199 2251/4146/2199 2249/4145/2199
f 2467/4378/2200 2250/4391/2200 2251/4146/2200
f 2252/4141/2201 2470/4392/2201 2254/4143/2201
f 2470/4380/2202 2253/4149/2202 2254/4148/2202
f 3048/4562/2402 3060/2136/2402 3051/4563/2402
f 3051/4564/2403 3055/2142/2403 3049/4565/2403
f 3062/4566/2404 3058/4567/2404 3053/2137/2404
f 3064/4568/2405 3054/2139/2405 3058/2141/2405
f 3045/4569/2406 3059/2143/2406 3054/2139/2406
f 3059/2143/2407 3046/4570/2407 3055/2142/2407
f 3069/2150/2408 3068/4571/2408 3065/4572/2408
f 3077/2152/2409 3066/4573/2409 3068/4571/2409
f 3070/2153/2410 3081/4574/2410 3075/2156/2410
f 3075/2156/2411 3078/4575/2411 3071/2155/2411
f 3071/2155/2412 3056/2138/2412 3076/2158/2412
f 3056/2138/2413 3072/2157/2413 3076/2158/2413
f 3083/4576/2414 3073/2154/2414 3084/4577/2414
f 3073/2154/2415 3082/4578/2415 3084/4577/2415
f 3083/4579/2416 3087/4580/2416 3086/4581/2416
f 3087/4580/2417 3082/4582/2417 3085/4583/2417
f 3089/4584/2418 3087/4580/2418 3090/4585/2418
f 3087/4580/2419 3088/4586/2419 3090/4585/2419
f 3091/4587/2420 3103/2165/2420 3094/4588/2420
f 3094/4589/2421 3098/2171/2421 3092/4590/2421
f 3105/4591/2422 3101/4592/2422 3096/2166/2422
f 3107/4593/2423 3097/2168/2423 3101/2170/2423
f 3089/4584/2424 3102/2172/2424 3097/2168/2424
f 3102/2172/2425 3088/4586/2425 3098/2171/2425
f 3112/2180/2426 3111/4594/2426 3108/4595/2426
f 3120/2182/2427 3109/4596/2427 3111/4594/2427
f 3113/2183/2428 3124/4597/2428 3118/2186/2428
f 3118/2186/2429 3121/4598/2429 3114/2185/2429
f 3115/2187/2430 3099/2167/2430 3095/2163/2430
f 3119/2188/2431 3096/2166/2431 3099/2167/2431
f 3125/4599/2432 3116/2184/2432 3112/2180/2432
f 3116/2184/2433 3126/4600/2433 3113/2183/2433
f 3125/4601/2434 3130/4602/2434 3127/4603/2434
f 3130/4602/2435 3126/4604/2435 3127/4603/2435
f 3046/4570/2436 3130/4602/2436 3128/4605/2436
f 3130/4602/2437 3045/4569/2437 3129/4606/2437
f 3138/2193/2438 3137/4607/2438 3134/4608/2438
f 3137/4609/2439 3141/2201/2439 3135/4610/2439
f 3139/2196/2440 3150/4611/2440 3144/4612/2440
f 3150/4613/2441 3140/2198/2441 3144/2200/2441
f 3131/4614/2442 3145/2202/2442 3140/2198/2442
f 3145/2202/2443 3132/4615/2443 3141/2201/2443
f 3155/2209/2444 3154/4616/2444 3151/4617/2444
f 3154/4616/2445 3158/2216/2445 3152/4618/2445
f 3156/2212/2446 3167/4619/2446 3161/2215/2446
f 3167/4619/2447 3157/2214/2447 3161/2215/2447
f 3139/2196/2448 3162/2217/2448 3157/2214/2448
f 3162/2217/2449 3138/2193/2449 3158/2216/2449
f 3169/4620/2450 3159/2213/2450 3170/4621/2450
f 3159/2213/2451 3168/4622/2451 3170/4621/2451
f 3169/4623/2452 3173/4624/2452 3172/4625/2452
f 3173/4624/2453 3168/4626/2453 3171/4627/2453
f 3175/4628/2454 3173/4624/2454 3176/4629/2454
f 3173/4624/2455 3174/4630/2455 3176/4629/2455
f 3181/2223/2456 3180/4631/2456 3177/4632/2456
f 3180/4633/2457 3184/2231/2457 3178/4634/2457
f 3182/2226/2458 3193/4635/2458 3187/4636/2458
f 3193/4637/2459 3183/2228/2459 3187/2230/2459
f 3175/4628/2460 3188/2232/2460 3183/2228/2460
f 3188/2232/2461 3174/4630/2461 3184/2231/2461
f 3198/2240/2462 3197/4638/2462 3194/4639/2462
f 3197/4638/2463 3201/2247/2463 3195/4640/2463
f 3199/2243/2464 3210/4641/2464 3204/2246/2464
f 3210/4641/2465 3200/2245/2465 3204/2246/2465
f 3201/2247/2466 3185/2227/2466 3181/2223/2466
f 3205/2248/2467 3182/2226/2467 3185/2227/2467
f 3211/4642/2468 3202/2244/2468 3198/2240/2468
f 3202/2244/2469 3212/4643/2469 3199/2243/2469
f 3211/4644/2470 3216/4645/2470 3213/4646/2470
f 3216/4645/2471 3212/4647/2471 3213/4646/2471
f 3132/4615/2472 3216/4645/2472 3214/4648/2472
f 3216/4645/2473 3131/4614/2473 3215/4649/2473
f 3345/2395/2498 3360/2407/2498 3349/2394/2498
f 3360/4677/2499 3343/4678/2499 3349/4679/2499
f 3351/2401/2500 3370/2417/2500 3366/2419/2500
f 3370/2413/2501 3350/4680/2501 3364/2411/2501
f 3344/2393/2502 3355/2399/2502 3348/2391/2502
f 3355/2399/2503 3345/2395/2503 3348/2391/2503
f 3359/4681/2504 3369/2418/2504 3365/4682/2504
f 3369/2418/2505 3358/2408/2505 3366/2419/2505
f 3372/2425/2506 3363/2405/2506 3359/2410/2506
f 3363/2405/2507 3371/2420/2507 3357/2403/2507
f 3365/2416/2508 3384/2431/2508 3380/2435/2508
f 3384/2431/2509 3364/2411/2509 3378/2429/2509
f 3373/2428/2510 3383/2432/2510 3379/2434/2510
f 3383/2432/2511 3372/4683/2511 3380/2435/2511
f 3373/2428/2512 3388/2440/2512 3377/2426/2512
f 3388/4684/2513 3371/2420/2513 3377/2422/2513
f 3379/2434/2514 3398/2446/2514 3394/2450/2514
f 3381/2433/2515 3392/2444/2515 3398/2446/2515
f 3387/4685/2516 3397/2447/2516 3393/2449/2516
f 3397/2447/2517 3386/2441/2517 3394/2450/2517
f 3400/2456/2518 3391/2438/2518 3387/2443/2518
f 3391/2438/2519 3399/2451/2519 3385/2436/2519
f 3408/2466/2520 3395/2448/2520 3412/2464/2520
f 3412/2464/2521 3392/2444/2521 3406/4686/2521
f 3401/4687/2522 3411/2461/2522 3407/2463/2522
f 3411/4688/2523 3400/2456/2523 3408/4689/2523
f 3401/2457/2524 3416/4690/2524 3405/2453/2524
f 3405/4691/2525 3413/2467/2525 3399/4692/2525
f 3422/2481/2526 3409/2462/2526 3426/2477/2526
f 3426/2477/2527 3406/2458/2527 3420/2475/2527
f 3415/2474/2528 3425/2478/2528 3421/2480/2528
f 3425/2478/2529 3414/2472/2529 3422/2481/2529
f 3428/2487/2530 3419/2473/2530 3415/2474/2530
f 3419/2469/2531 3427/2482/2531 3413/2467/2531
f 3421/2480/2532 3440/2492/2532 3436/2496/2532
f 3423/2479/2533 3434/2490/2533 3440/2492/2533
f 3429/4693/2534 3439/2493/2534 3435/2495/2534
f 3439/2493/2535 3428/2487/2535 3436/2496/2535
f 3429/4694/2536 3346/2392/2536 3433/4695/2536
f 3433/2484/2537 3343/2388/2537 3427/2482/2537
f 3435/4696/2538 3356/2398/2538 3352/2402/2538
f 3437/2494/2539 3350/4697/2539 3356/4698/2539
f 1842/3997/2978 1845/3992/2978 1851/1093/2978
f 1925/4033/2979 3/5078/2979 33/5079/2979
f 1841/3996/2980 1857/5080/2980 3/5078/2980
f 1924/4032/2981 2/5081/2981 1842/3997/2981
f 1863/1097/2982 1862/1098/2982 1846/1083/2982
f 5/6/2983 1846/1083/2983 1845/1084/2983
f 1844/3989/2984 1868/1106/2984 1848/1085/2984
f 1849/1088/2985 1874/4002/2985 1858/3993/2985
f 1857/1084/2986 1859/1083/2986 6/6/2986
f 1876/1097/2987 8/7/2987 1859/1083/2987
f 7/7/2988 9/8/2988 10/11/2988
f 1861/3999/2989 1878/4005/2989 1865/1099/2989
f 1875/5082/2990 1879/4003/2990 11/5083/2990
f 11/11/2991 8/7/2991 1875/1110/2991
f 10/5084/2992 1881/4010/2992 1878/4009/2992
f 11/5085/2993 1882/4008/2993 15/5086/2993
f 1881/4010/2994 18/5087/2994 1884/4011/2994
f 1882/4008/2995 19/5088/2995 15/5086/2995
f 1884/4011/2996 1888/4016/2996 1894/1123/2996
f 1885/4012/2997 1900/5089/2997 19/5088/2997
f 1906/1128/2998 1905/1129/2998 1889/1113/2998
f 22/14/2999 1889/1113/2999 1888/1114/2999
f 1887/4013/3000 1911/1137/3000 1891/1115/3000
f 1901/4017/3001 1910/1135/3001 1917/4025/3001
f 1900/1114/3002 1902/1113/3002 23/14/3002
f 1919/1128/3003 26/15/3003 1902/1113/3003
f 25/15/3004 27/16/3004 28/17/3004
f 1904/4022/3005 1921/4026/3005 1908/1130/3005
f 1918/5090/3006 1922/4027/3006 29/5091/3006
f 29/17/3007 26/15/3007 1918/1141/3007
f 28/5092/3008 1924/4032/3008 1921/4028/3008
f 29/5093/3009 1925/4033/3009 33/5079/3009
f 1928/4041/3010 1931/4037/3010 1937/1154/3010
f 2011/4074/3011 37/5094/3011 67/5095/3011
f 1927/4043/3012 1943/5096/3012 37/5094/3012
f 2010/4076/3013 36/5097/3013 1928/4041/3013
f 1949/1158/3014 1948/1159/3014 1932/1144/3014
f 39/23/3015 1932/1144/3015 1931/1145/3015
f 1930/4035/3016 1954/1167/3016 1934/1146/3016
f 1944/5098/3017 1953/1165/3017 1960/5099/3017
f 1943/1145/3018 1945/1144/3018 40/23/3018
f 1962/1158/3019 42/24/3019 1945/1144/3019
f 41/24/3020 43/25/3020 44/27/3020
f 1947/4045/3021 1964/4048/3021 1951/1160/3021
f 1961/5100/3022 1965/4049/3022 45/5101/3022
f 45/27/3023 42/24/3023 1961/1156/3023
f 44/5102/3024 1967/4054/3024 1964/4053/3024
f 45/5103/3025 1968/4052/3025 49/5104/3025
f 1967/4054/3026 52/5105/3026 1970/4057/3026
f 1968/4052/3027 53/5106/3027 49/5104/3027
f 1970/4057/3028 1974/4061/3028 1980/1182/3028
f 1971/4055/3029 1986/5107/3029 53/5106/3029
f 1992/1186/3030 1991/1187/3030 1975/1172/3030
f 56/31/3031 1975/1172/3031 1974/1173/3031
f 1973/4059/3032 1997/1195/3032 1977/1174/3032
f 1987/5108/3033 1996/1193/3033 2003/5109/3033
f 1986/1173/3034 1988/1172/3034 57/31/3034
f 2005/1186/3035 60/32/3035 1988/1172/3035
f 59/32/3036 61/33/3036 62/34/3036
f 1990/4066/3037 2007/4071/3037 1994/1188/3037
f 2004/5110/3038 2008/4069/3038 63/5111/3038
f 63/34/3039 60/32/3039 2004/1198/3039
f 62/5112/3040 2010/4076/3040 2007/4075/3040
f 63/5113/3041 2011/4074/3041 67/5095/3041
f 2209/1417/3050 2223/1432/3050 2153/5118/3050
f 2147/1350/3051 2154/1358/3051 2141/1344/3051
f 2231/4120/3052 2140/1342/3052 2225/1440/3052
f 2216/5119/3053 2202/4111/3053 2188/1394/3053
f 2155/4105/3054 2176/1385/3054 2168/4106/3054
f 2175/1384/3055 2182/1391/3055 2169/1378/3055
f 2189/5120/3056 2196/1406/3056 2183/1393/3056
f 2203/1413/3057 2210/1422/3057 2197/4112/3057
f 2217/1430/3058 2224/1437/3058 2211/1424/3058
f 2454/4363/3059 2241/4128/3059 2456/5121/3059
f 2237/4127/3060 2258/5122/3060 2241/4128/3060
f 2252/4141/3061 2255/4153/3061 2238/4123/3061
f 2469/5123/3062 2238/4123/3062 2453/4383/3062
f 2259/4132/3063 2244/4136/3063 2240/4133/3063
f 2240/4133/3063 2459/4389/3063 2457/4384/3063
f 2243/4128/3064 2264/4139/3064 2247/4127/3064
f 2243/4128/3065 2462/5124/3065 2460/4387/3065
f 2265/4140/3066 2250/4141/3066 2246/4123/3066
f 2246/4123/3067 2465/5125/3067 2463/4375/3067
f 2268/4167/3068 2253/4149/3068 2249/4145/3068
f 2249/4145/3068 2468/5126/3068 2466/4390/3068
f 2289/5127/3069 2255/4153/3069 2271/5128/3069
f 2256/5129/3070 2276/4176/3070 2258/5130/3070
f 2259/4132/3063 2279/4159/3063 2261/4134/3063
f 2280/5131/3071 2264/4139/3071 2262/5132/3071
f 2265/5133/3072 2285/4189/3072 2267/5134/3072
f 2286/4191/3068 2270/4147/3068 2268/4167/3068
f 2307/5135/3073 2273/4170/3073 2289/5136/3073
f 2274/4173/3074 2294/4174/3074 2276/4176/3074
f 2277/4158/3063 2297/4179/3063 2279/4159/3063
f 2298/5137/3075 2282/4184/3075 2280/5138/3075
f 2301/4185/3076 2285/4189/3076 2283/4186/3076
f 2304/4190/3068 2288/4192/3068 2286/4191/3068
f 2325/5139/3077 2291/4196/3077 2307/5135/3077
f 2310/4219/3078 2294/4174/3078 2292/4198/3078
f 2295/4178/3063 2315/4203/3063 2297/4179/3063
f 2298/5137/3079 2318/4228/3079 2300/4182/3079
f 2319/4208/3080 2303/4187/3080 2301/4185/3080
f 2304/4190/3068 2324/4235/3068 2306/4213/3068
f 2343/4236/3081 2309/5140/3081 2325/4215/3081
f 2328/4218/3082 2312/4199/3082 2310/4219/3082
f 2331/4223/3063 2315/4203/3063 2313/4202/3063
f 2316/4226/3083 2336/5141/3083 2318/5142/3083
f 2319/4208/3084 2339/4230/3084 2321/4231/3084
f 2322/4212/3068 2342/4234/3068 2324/4235/3068
f 2361/5143/3085 2327/4237/3085 2343/5144/3085
f 2328/4240/3086 2348/5145/3086 2330/5146/3086
f 2349/4264/3063 2333/4224/3063 2331/4223/3063
f 2334/5147/3087 2354/4247/3087 2336/4249/3087
f 2337/4251/3088 2357/5148/3088 2339/5149/3088
f 2358/4273/3068 2342/4234/3068 2340/4254/3068
f 2361/5143/3089 2363/4257/3089 2345/4258/3089
f 2346/4260/3090 2366/5150/3090 2348/5145/3090
f 2349/4264/3063 2369/4284/3063 2351/4244/3063
f 2352/5151/3091 2372/4287/3091 2354/4247/3091
f 2373/4270/3092 2357/5148/3092 2355/4250/3092
f 2376/4292/3068 2360/4275/3068 2358/4273/3068
f 2379/5152/3093 2381/4278/3093 2363/4257/3093
f 2382/4280/3094 2366/5150/3094 2364/4259/3094
f 2385/4283/3063 2369/4284/3063 2367/4263/3063
f 2370/5153/3095 2390/5154/3095 2372/4287/3095
f 2391/5155/3096 2375/5156/3096 2373/4270/3096
f 2394/4315/3068 2378/4274/3068 2376/4292/3068
f 2415/4318/3097 2381/4298/3097 2397/4319/3097
f 2400/5157/3098 2384/4281/3098 2382/5158/3098
f 2403/4325/3063 2387/4305/3063 2385/4283/3063
f 2406/4329/3099 2390/4309/3099 2388/4307/3099
f 2391/5159/3100 2411/4334/3100 2393/4289/3100
f 2412/4314/3068 2396/4293/3068 2394/4315/3068
f 2433/4359/3101 2399/4296/3101 2415/4318/3101
f 2418/4322/3102 2402/5160/3102 2400/4299/3102
f 2403/4325/3063 2423/4345/3063 2405/4304/3063
f 2424/4348/3103 2408/4330/3103 2406/4329/3103
f 2409/4332/3104 2429/5161/3104 2411/5162/3104
f 2412/4314/3068 2432/4357/3068 2414/4316/3068
f 2451/4358/3105 2417/4340/3105 2433/4359/3105
f 2436/4342/3106 2420/5163/3106 2418/4322/3106
f 2439/4367/3063 2423/4345/3063 2421/4324/3063
f 2442/5164/3107 2426/4350/3107 2424/4348/3107
f 2427/4352/3108 2447/5165/3108 2429/5161/3108
f 2448/4379/3068 2432/4357/3068 2430/4355/3068
f 2469/5166/3109 2435/5167/3109 2451/4358/3109
f 2436/4364/3110 2456/5121/3110 2438/5168/3110
f 2439/4367/3063 2459/4389/3063 2441/4368/3063
f 2442/5164/3111 2462/5169/3111 2444/4349/3111
f 2445/4376/3112 2465/5125/3112 2447/5170/3112
f 2466/4390/3068 2450/4356/3068 2448/4379/3068
f 3046/4570/3157 3049/4565/3157 3055/2142/3157
f 3129/4606/3158 71/5177/3158 101/5178/3158
f 3045/4569/3159 3061/5179/3159 71/5177/3159
f 3128/4605/3160 70/5180/3160 3046/4570/3160
f 3067/2148/3161 3066/2149/3161 3050/2132/3161
f 73/40/3162 3050/2132/3162 3049/2133/3162
f 3048/4562/3163 3072/2157/3163 3052/2134/3163
f 3053/2137/3164 3078/4575/3164 3062/4566/3164
f 3061/2133/3165 3063/2132/3165 74/40/3165
f 3080/2148/3166 76/41/3166 3063/2132/3166
f 75/41/3167 77/42/3167 78/45/3167
f 3065/4572/3168 3082/4578/3168 3069/2150/3168
f 3079/5181/3169 3083/4576/3169 79/5182/3169
f 79/45/3170 76/41/3170 3079/2146/3170
f 78/5183/3171 3085/4583/3171 3082/4582/3171
f 79/5184/3172 3086/4581/3172 83/5185/3172
f 3085/4583/3173 86/5186/3173 3088/4586/3173
f 3086/4581/3174 87/5187/3174 83/5185/3174
f 3088/4586/3175 3092/4590/3175 3098/2171/3175
f 3089/4584/3176 3104/5188/3176 87/5187/3176
f 3110/2178/3177 3109/2179/3177 3093/2161/3177
f 90/48/3178 3093/2161/3178 3092/2162/3178
f 3091/4587/3179 3115/2187/3179 3095/2163/3179
f 3105/4591/3180 3114/2185/3180 3121/4598/3180
f 3104/2173/3181 3106/2175/3181 91/48/3181
f 3123/2178/3182 94/49/3182 3106/2175/3182
f 93/49/3183 95/50/3183 96/51/3183
f 3108/4595/3184 3125/4599/3184 3112/2180/3184
f 3122/5189/3185 3126/4600/3185 97/5190/3185
f 97/51/3186 94/49/3186 3122/2176/3186
f 96/5191/3187 3128/4605/3187 3125/4601/3187
f 97/5192/3188 3129/4606/3188 101/5178/3188
f 3132/4615/3189 3135/4610/3189 3141/2201/3189
f 3215/4649/3190 105/5193/3190 135/5194/3190
f 3131/4614/3191 3147/5195/3191 105/5193/3191
f 3214/4648/3192 104/5196/3192 3132/4615/3192
f 3153/2207/3193 3152/2208/3193 3136/2191/3193
f 107/57/3194 3136/2191/3194 3135/2192/3194
f 3134/4608/3195 3158/2216/3195 3138/2193/3195
f 3139/2196/3196 3164/5197/3196 3148/5198/3196
f 3147/2192/3197 3149/2191/3197 108/57/3197
f 3166/2207/3198 110/58/3198 3149/2191/3198
f 109/58/3199 111/59/3199 112/62/3199
f 3151/4617/3200 3168/4622/3200 3155/2209/3200
f 3165/5199/3201 3169/4620/3201 113/5200/3201
f 113/62/3202 110/58/3202 3165/2205/3202
f 112/5201/3203 3171/4627/3203 3168/4626/3203
f 113/5202/3204 3172/4625/3204 117/5203/3204
f 3171/4627/3205 120/5204/3205 3174/4630/3205
f 3172/4625/3206 121/5205/3206 117/5203/3206
f 3174/4630/3207 3178/4634/3207 3184/2231/3207
f 3175/4628/3208 3190/5206/3208 121/5205/3208
f 3196/2238/3209 3195/2239/3209 3179/2221/3209
f 124/65/3210 3179/2221/3210 3178/2222/3210
f 3177/4632/3211 3201/2247/3211 3181/2223/3211
f 3182/2226/3212 3207/5207/3212 3191/5208/3212
f 3190/2233/3213 3192/2221/3213 125/65/3213
f 3209/2238/3214 128/66/3214 3192/2221/3214
f 127/66/3215 129/67/3215 130/68/3215
f 3194/4639/3216 3211/4642/3216 3198/2240/3216
f 3208/5209/3217 3212/4643/3217 131/5210/3217
f 131/68/3218 128/66/3218 3208/2249/3218
f 130/5211/3219 3214/4648/3219 3211/4644/3219
f 131/5212/3220 3215/4649/3220 135/5194/3220
f 3357/5218/3225 3385/5219/3225 3413/2467/3225
f 3351/2401/3226 3358/2408/3226 3345/2395/3226
f 3435/4696/3227 3344/2393/3227 3429/4694/3227
f 3378/2429/3228 3350/4680/3228 3420/5220/3228
f 3365/2416/3229 3372/4683/3229 3359/5221/3229
f 3373/2428/3230 3394/2450/3230 3386/2441/3230
f 3393/5222/3231 3400/2456/3231 3387/2443/3231
f 3407/2463/3232 3414/2472/3232 3401/4687/3232
f 3415/2474/3233 3436/2496/3233 3428/2487/3233
f 32/1/1 31/4/1 1/2/1
f 33/1/2 3/3/2 4/2/2
f 9/8/13 13/9/13 14/10/13
f 12/8/14 11/11/14 15/10/14
f 14/10/17 13/9/17 17/12/17
f 15/10/18 19/13/18 20/12/18
f 27/16/25 31/4/25 32/1/25
f 30/16/26 29/17/26 33/1/26
f 66/21/31 65/18/31 35/20/31
f 67/21/32 37/22/32 38/20/32
f 43/25/39 47/28/39 48/26/39
f 46/25/40 45/27/40 49/26/40
f 49/26/43 53/30/43 54/29/43
f 48/26/46 47/28/46 51/29/46
f 61/33/55 65/18/55 66/21/55
f 64/33/56 63/34/56 67/21/56
f 100/38/58 99/36/58 69/37/58
f 101/38/59 71/39/59 72/37/59
f 80/42/67 79/45/67 83/43/67
f 77/42/70 81/44/70 82/43/70
f 83/43/71 87/47/71 88/46/71
f 82/43/74 81/44/74 85/46/74
f 95/50/82 99/36/82 100/38/82
f 98/50/83 97/51/83 101/38/83
f 134/55/86 133/53/86 103/54/86
f 135/55/87 105/56/87 106/54/87
f 114/59/95 113/62/95 117/60/95
f 111/59/98 115/61/98 116/60/98
f 117/60/99 121/64/99 122/63/99
f 116/60/102 115/61/102 119/63/102
f 129/67/110 133/53/110 134/55/110
f 132/67/111 131/68/111 135/55/111
f 1848/1085/3666 1852/1089/3666 1853/1086/3666
f 1849/1088/3667 1854/3994/3667 1853/1086/3667
f 1850/1090/3668 1855/1094/3668 1853/1091/3668
f 1851/1093/3669 1856/5301/3669 1853/1091/3669
f 1865/1099/3670 1869/1103/3670 1870/1100/3670
f 1866/1102/3671 1871/1105/3671 1870/1100/3671
f 1867/1104/3672 1872/1107/3672 1870/1100/3672
f 1868/1106/3673 1873/1101/3673 1870/1100/3673
f 1891/1115/3674 1895/1119/3674 1896/1116/3674
f 1892/1118/3675 1897/4018/3675 1896/1116/3675
f 1893/1120/3676 1898/1124/3676 1896/1121/3676
f 1894/1123/3677 1899/5302/3677 1896/1121/3677
f 1908/1130/3678 1912/1134/3678 1913/1131/3678
f 1909/1133/3679 1914/1136/3679 1913/1131/3679
f 1910/1135/3680 1915/1138/3680 1913/1131/3680
f 1911/1137/3681 1916/1132/3681 1913/1131/3681
f 1934/1146/3682 1938/1150/3682 1939/1147/3682
f 1935/1149/3683 1940/4039/3683 1939/1147/3683
f 1936/1151/3684 1941/1155/3684 1939/1152/3684
f 1937/1154/3685 1942/5303/3685 1939/1152/3685
f 1951/1160/3686 1955/1164/3686 1956/1161/3686
f 1952/1163/3687 1957/1166/3687 1956/1161/3687
f 1953/1165/3688 1958/1168/3688 1956/1161/3688
f 1954/1167/3689 1959/1162/3689 1956/1161/3689
f 1977/1174/3690 1981/1178/3690 1982/1175/3690
f 1978/1177/3691 1983/4063/3691 1982/1175/3691
f 1979/1179/3692 1984/1183/3692 1982/1180/3692
f 1980/1182/3693 1985/5304/3693 1982/1180/3693
f 1994/1188/3694 1998/1192/3694 1999/1189/3694
f 1995/1191/3695 2000/1194/3695 1999/1189/3695
f 1996/1193/3696 2001/1196/3696 1999/1189/3696
f 1997/1195/3697 2002/1190/3697 1999/1189/3697
f 2139/1337/3752 2142/5329/3752 2143/1338/3752
f 2144/1340/3753 2143/5330/3753 2142/1341/3753
f 2145/1343/3754 2143/5330/3754 2144/1340/3754
f 2146/4122/3755 2149/5331/3755 2150/5332/3755
f 2151/1348/3756 2150/5333/3756 2149/1349/3756
f 2152/1351/3757 2150/5333/3757 2151/1348/3757
f 2153/1353/3758 2156/5334/3758 2157/1354/3758
f 2158/1356/3759 2157/5335/3759 2156/1357/3759
f 2159/1355/3760 2157/1354/3760 2158/1359/3760
f 2160/1361/3761 2163/1365/3761 2164/1362/3761
f 2165/1364/3762 2164/1362/3762 2163/1365/3762
f 2166/1367/3763 2164/5336/3763 2165/1368/3763
f 2167/1370/3764 2170/1374/3764 2171/1371/3764
f 2172/1373/3765 2171/1371/3765 2170/1374/3765
f 2173/1376/3766 2171/5337/3766 2172/1377/3766
f 2174/1379/3767 2177/1383/3767 2178/1380/3767
f 2179/1382/3768 2178/1380/3768 2177/1383/3768
f 2180/1381/3769 2178/1380/3769 2179/1382/3769
f 2181/4109/3770 2184/5338/3770 2185/5339/3770
f 2186/1389/3771 2185/5340/3771 2184/1390/3771
f 2187/1388/3772 2185/1387/3772 2186/1392/3772
f 2188/1394/3773 2191/1398/3773 2192/1395/3773
f 2193/1397/3774 2192/1395/3774 2191/1398/3774
f 2194/1396/3775 2192/1395/3775 2193/1397/3775
f 2195/1401/3776 2198/1405/3776 2199/1402/3776
f 2200/1404/3777 2199/1402/3777 2198/1405/3777
f 2201/1403/3778 2199/1402/3778 2200/1404/3778
f 2202/4111/3779 2205/5341/3779 2206/5342/3779
f 2207/1411/3780 2206/1409/3780 2205/1412/3780
f 2208/1414/3781 2206/5342/3781 2207/1415/3781
f 2209/1417/3782 2212/5343/3782 2213/1418/3782
f 2214/1420/3783 2213/5344/3783 2212/1421/3783
f 2215/1423/3784 2213/5344/3784 2214/1420/3784
f 2216/1425/3785 2219/1429/3785 2220/1426/3785
f 2221/1428/3786 2220/1426/3786 2219/1429/3786
f 2222/1427/3787 2220/1426/3787 2221/1428/3787
f 2223/1432/3788 2226/4118/3788 2227/1433/3788
f 2228/1435/3789 2227/5345/3789 2226/1436/3789
f 2229/1438/3790 2227/5346/3790 2228/1439/3790
f 2230/1441/3791 2233/1445/3791 2234/1442/3791
f 2235/1444/3792 2234/1442/3792 2233/1445/3792
f 2236/1443/3793 2234/1442/3793 2235/1444/3793
f 3052/2134/4013 3056/2138/4013 3057/2135/4013
f 3053/2137/4014 3058/4567/4014 3057/2135/4014
f 3054/2139/4015 3059/2143/4015 3057/2140/4015
f 3055/2142/4016 3060/5389/4016 3057/2140/4016
f 3069/2150/4017 3073/2154/4017 3074/2151/4017
f 3070/2153/4018 3075/2156/4018 3074/2151/4018
f 3071/2155/4019 3076/2158/4019 3074/2151/4019
f 3072/2157/4020 3077/2152/4020 3074/2151/4020
f 3095/2163/4021 3099/2167/4021 3100/2164/4021
f 3096/2166/4022 3101/4592/4022 3100/2164/4022
f 3097/2168/4023 3102/2172/4023 3100/2169/4023
f 3098/2171/4024 3103/5390/4024 3100/2169/4024
f 3112/2180/4025 3116/2184/4025 3117/2181/4025
f 3113/2183/4026 3118/2186/4026 3117/2181/4026
f 3114/2185/4027 3119/2188/4027 3117/2181/4027
f 3115/2187/4028 3120/2182/4028 3117/2181/4028
f 3138/2193/4029 3142/2197/4029 3143/2194/4029
f 3139/2196/4030 3144/4612/4030 3143/2194/4030
f 3140/2198/4031 3145/2202/4031 3143/2199/4031
f 3141/2201/4032 3146/5391/4032 3143/2199/4032
f 3155/2209/4033 3159/2213/4033 3160/2210/4033
f 3156/2212/4034 3161/2215/4034 3160/2210/4034
f 3157/2214/4035 3162/2217/4035 3160/2210/4035
f 3158/2216/4036 3163/2211/4036 3160/2210/4036
f 3181/2223/4037 3185/2227/4037 3186/2224/4037
f 3182/2226/4038 3187/4636/4038 3186/2224/4038
f 3183/2228/4039 3188/2232/4039 3186/2229/4039
f 3184/2231/4040 3189/5392/4040 3186/2229/4040
f 3198/2240/4041 3202/2244/4041 3203/2241/4041
f 3199/2243/4042 3204/2246/4042 3203/2241/4042
f 3200/2245/4043 3205/2248/4043 3203/2241/4043
f 3201/2247/4044 3206/2242/4044 3203/2241/4044
f 3343/2388/4069 3346/5416/4069 3347/2389/4069
f 3348/2391/4070 3347/5417/4070 3346/2392/4070
f 3349/2394/4071 3347/5417/4071 3348/2391/4071
f 3350/2396/4072 3353/2400/4072 3354/2397/4072
f 3355/2399/4073 3354/2397/4073 3353/2400/4073
f 3356/2398/4074 3354/2397/4074 3355/2399/4074
f 3357/2403/4075 3360/4677/4075 3361/2404/4075
f 3362/2406/4076 3361/5418/4076 3360/2407/4076
f 3363/2405/4077 3361/2404/4077 3362/2409/4077
f 3364/2411/4078 3367/2415/4078 3368/2412/4078
f 3369/2414/4079 3368/2412/4079 3367/2415/4079
f 3370/2417/4080 3368/5419/4080 3369/2418/4080
f 3371/2420/4081 3374/2424/4081 3375/2421/4081
f 3376/2423/4082 3375/2421/4082 3374/2424/4082
f 3377/2426/4083 3375/5420/4083 3376/2427/4083
f 3378/2429/4084 3381/2433/4084 3382/2430/4084
f 3383/2432/4085 3382/2430/4085 3381/2433/4085
f 3384/2431/4086 3382/2430/4086 3383/2432/4086
f 3385/5421/4087 3388/4684/4087 3389/5422/4087
f 3390/2439/4088 3389/5423/4088 3388/2440/4088
f 3391/2438/4089 3389/2437/4089 3390/2442/4089
f 3392/2444/4090 3395/2448/4090 3396/2445/4090
f 3397/2447/4091 3396/2445/4091 3395/2448/4091
f 3398/2446/4092 3396/2445/4092 3397/2447/4092
f 3399/2451/4093 3402/2455/4093 3403/2452/4093
f 3404/2454/4094 3403/2452/4094 3402/2455/4094
f 3405/2453/4095 3403/2452/4095 3404/2454/4095
f 3406/4686/4096 3409/5424/4096 3410/5425/4096
f 3411/2461/4097 3410/2459/4097 3409/2462/4097
f 3412/2464/4098 3410/5425/4098 3411/2465/4098
f 3413/2467/4099 3416/5426/4099 3417/2468/4099
f 3418/2470/4100 3417/5427/4100 3416/2471/4100
f 3419/2473/4101 3417/5427/4101 3418/2470/4101
f 3420/2475/4102 3423/2479/4102 3424/2476/4102
f 3425/2478/4103 3424/2476/4103 3423/2479/4103
f 3426/2477/4104 3424/2476/4104 3425/2478/4104
f 3427/2482/4105 3430/5428/4105 3431/2483/4105
f 3432/2485/4106 3431/5429/4106 3430/2486/4106
f 3433/4695/4107 3431/5430/4107 3432/5431/4107
f 3434/2490/4108 3437/2494/4108 3438/2491/4108
f 3439/2493/4109 3438/2491/4109 3437/2494/4109
f 3440/2492/4110 3438/2491/4110 3439/2493/4110
f 1844/3989/1883 1848/1085/1883 1856/1087/1883
f 1847/3991/1884 1856/5301/1884 1851/1093/1884
f 1858/3993/1885 1860/5586/1885 1854/3994/1885
f 1860/3995/1886 1857/5080/1886 1850/1090/1886
f 1841/3996/1887 1843/5587/1887 1855/1094/1887
f 1855/1094/1888 1843/5587/1888 1842/3997/1888
f 1865/1099/1889 1873/1101/1889 1864/3998/1889
f 1873/1101/4528 1868/1106/4528 1862/4000/4528
f 1866/1102/1891 1875/5082/1891 1877/4001/1891
f 1871/1105/4529 1877/4001/4529 1874/4002/4529
f 1867/1104/1893 1849/1088/1893 1852/1089/1893
f 1852/1089/1894 1848/1085/1894 1868/1106/1894
f 1879/4003/1895 1866/1102/1895 1869/1103/1895
f 1869/1103/4530 1865/1099/4530 1878/4005/4530
f 1879/4006/1897 1880/5588/1897 1883/4007/1897
f 1883/4007/1898 1880/5588/1898 1878/4009/1898
f 1884/4011/1899 1886/4020/1899 1883/4007/1899
f 1883/4007/1900 1886/4020/1900 1885/4012/1900
f 1887/4013/1901 1891/1115/1901 1899/1117/1901
f 1890/4015/1902 1899/5302/1902 1894/1123/1902
f 1901/4017/1903 1903/5589/1903 1897/4018/1903
f 1903/4019/1904 1900/5089/1904 1893/1120/1904
f 1884/4011/1905 1894/1123/1905 1898/1124/1905
f 1898/1124/1906 1893/1120/1906 1885/4012/1906
f 1908/1130/1907 1916/1132/1907 1907/4021/1907
f 1916/1132/4531 1911/1137/4531 1905/4023/4531
f 1909/1133/1909 1918/5090/1909 1920/4024/1909
f 1914/1136/4532 1920/4024/4532 1917/4025/4532
f 1891/1115/1911 1911/1137/1911 1915/1138/1911
f 1915/1138/1912 1910/1135/1912 1892/1118/1912
f 1921/4026/4533 1923/5590/4533 1912/1134/4533
f 1912/1134/1914 1923/5590/1914 1922/4027/1914
f 1921/4028/1915 1924/4032/1915 1926/4029/1915
f 1926/4029/1916 1925/4033/1916 1922/4031/1916
f 1842/3997/1917 1843/5587/1917 1926/4029/1917
f 1926/4029/1918 1843/5587/1918 1841/3996/1918
f 1934/1146/1919 1942/1148/1919 1933/4034/1919
f 1933/4036/1920 1942/5303/1920 1937/1154/1920
f 1935/1149/1921 1944/5098/1921 1946/4038/1921
f 1946/4040/1922 1943/5096/1922 1936/1151/1922
f 1928/4041/1923 1937/1154/1923 1941/1155/1923
f 1941/1155/1924 1936/1151/1924 1927/4043/1924
f 1951/1160/1925 1959/1162/1925 1950/4044/1925
f 1950/4044/4534 1959/1162/4534 1954/1167/4534
f 1952/1163/1927 1961/5100/1927 1963/4047/1927
f 1963/4047/1928 1960/5099/1928 1953/1165/1928
f 1934/1146/1929 1954/1167/1929 1958/1168/1929
f 1958/1168/1930 1953/1165/1930 1935/1149/1930
f 1964/4048/1931 1966/5591/1931 1955/1164/1931
f 1955/1164/1932 1966/5591/1932 1965/4049/1932
f 1965/4050/1933 1966/5592/1933 1969/4051/1933
f 1969/4051/4535 1966/5592/4535 1964/4053/4535
f 1971/4055/4536 1968/4052/4536 1969/4051/4536
f 1969/4051/1936 1967/4054/1936 1970/4057/1936
f 1977/1174/1937 1985/1176/1937 1976/4058/1937
f 1976/4060/1938 1985/5304/1938 1980/1182/1938
f 1978/1177/1939 1987/5108/1939 1989/4062/1939
f 1989/4064/1940 1986/5107/1940 1979/1179/1940
f 1971/4055/1941 1972/4056/1941 1984/1183/1941
f 1984/1183/1942 1972/4056/1942 1970/4057/1942
f 1994/1188/1943 2002/1190/1943 1993/4065/1943
f 1993/4065/1944 2002/1190/1944 1997/1195/1944
f 1995/1191/1945 2004/5110/1945 2006/4068/1945
f 2006/4068/4537 2003/5109/4537 1996/1193/4537
f 1978/1177/1947 1981/1178/1947 2001/1196/1947
f 1981/1178/1948 1977/1174/1948 1997/1195/1948
f 2008/4069/1949 1995/1191/1949 1998/1192/1949
f 1998/1192/1950 1994/1188/1950 2007/4071/1950
f 2008/4072/1951 2009/5593/1951 2012/4073/1951
f 2012/4073/1952 2009/5593/1952 2007/4075/1952
f 1927/4043/1953 2011/4074/1953 2012/4073/1953
f 2012/4073/1954 2010/4076/1954 1928/4041/1954
f 2154/1358/4550 2156/1357/4550 2145/1343/4550
f 2145/4102/4551 2156/5334/4551 2153/1353/4551
f 2162/1369/2007 2147/1350/2007 2149/1349/2007
f 2149/4104/4552 2146/1345/4552 2160/1361/4552
f 2140/1342/4553 2148/1352/4553 2151/1348/4553
f 2151/1348/4554 2147/1350/4554 2141/1344/4554
f 2155/4105/4555 2158/5599/4555 2165/1364/4555
f 2165/1368/4556 2158/1356/4556 2154/1358/4556
f 2168/1375/2013 2170/1374/2013 2159/1355/2013
f 2159/1355/2014 2170/1374/2014 2167/1370/2014
f 2161/1366/2015 2163/1365/2015 2180/1381/2015
f 2163/1365/2016 2160/1361/2016 2174/1379/2016
f 2169/1378/4557 2172/1377/4557 2179/1382/4557
f 2179/1382/4558 2172/1377/4558 2168/4106/4558
f 2182/4107/4559 2184/5338/4559 2173/1372/4559
f 2173/1372/2020 2184/5338/2020 2181/4109/2020
f 2175/1384/2021 2177/1383/2021 2194/1396/2021
f 2177/1383/2022 2174/1379/2022 2188/1394/2022
f 2183/4110/4560 2186/1389/4560 2193/1397/4560
f 2193/1397/4561 2186/1389/4561 2182/1391/4561
f 2196/1406/2025 2198/1405/2025 2187/1388/2025
f 2187/1388/4562 2198/1405/4562 2195/1401/4562
f 2204/1416/2027 2189/1399/2027 2191/1398/2027
f 2208/1414/2028 2191/1398/2028 2188/1394/2028
f 2197/4112/4563 2200/5600/4563 2207/1411/4563
f 2207/4113/4564 2200/1404/4564 2196/1406/4564
f 2210/4115/2031 2212/5601/2031 2201/1403/2031
f 2201/4116/4565 2212/5343/4565 2209/1417/4565
f 2218/1431/2033 2203/1413/2033 2205/1412/2033
f 2222/1427/2034 2205/1412/2034 2202/1408/2034
f 2211/1424/4566 2214/1420/4566 2221/1428/4566
f 2221/1428/4567 2214/1420/4567 2210/1422/4567
f 2211/1424/4568 2224/1437/4568 2226/1436/4568
f 2226/4118/4569 2223/1432/4569 2209/1417/4569
f 2217/1430/4570 2219/1429/4570 2236/1443/4570
f 2236/1443/2040 2219/1429/2040 2216/1425/2040
f 2225/4119/4571 2228/1435/4571 2235/1444/4571
f 2235/1444/4572 2228/1435/4572 2224/1437/4572
f 2140/1342/4573 2142/1341/4573 2229/1438/4573
f 2229/1434/2044 2142/5329/2044 2139/1337/2044
f 2231/4120/4574 2233/5602/4574 2152/1351/4574
f 2152/4121/2046 2233/1445/2046 2230/1441/2046
f 2238/4123/2047 2255/4153/2047 2257/4124/2047
f 2239/4125/2048 2257/4124/2048 2256/4126/2048
f 2241/4128/2049 2258/5122/2049 2260/4129/2049
f 2242/4131/2050 2260/4156/2050 2259/4132/2050
f 2261/4134/2051 2263/4137/2051 2245/4135/2051
f 2263/4137/4575 2262/4161/4575 2243/4138/4575
f 2264/4139/2053 2266/4163/2053 2248/4125/2053
f 2248/4125/2054 2266/4163/2054 2265/4140/2054
f 2250/4141/2055 2267/5603/2055 2269/4142/2055
f 2269/4144/2056 2268/4167/2056 2249/4145/2056
f 2270/4147/2057 2272/4150/2057 2254/4148/2057
f 2272/4150/2058 2271/4169/2058 2252/4151/2058
f 2273/4152/4576 2275/4154/4576 2257/4124/4576
f 2275/4154/4577 2274/5604/4577 2256/4126/4577
f 2276/4155/4578 2278/4177/4578 2260/4156/4578
f 2260/4156/2062 2278/4177/2062 2277/4158/2062
f 2279/4159/2063 2281/4160/2063 2263/4137/2063
f 2281/4160/4579 2280/4181/4579 2262/4161/4579
f 2282/4162/2065 2284/5605/2065 2266/4163/2065
f 2266/4163/4580 2284/5605/4580 2283/4164/4580
f 2267/4165/2067 2285/5606/2067 2287/4166/2067
f 2287/4166/2068 2286/4191/2068 2268/4167/2068
f 2270/4147/4581 2288/4192/4581 2290/4168/4581
f 2290/4168/2070 2289/4195/2070 2271/4169/2070
f 2273/4170/2071 2291/4196/2071 2293/4171/2071
f 2293/4171/2072 2292/4198/2072 2274/4173/2072
f 2294/4174/2073 2296/4200/2073 2278/4175/2073
f 2278/4177/2074 2296/4201/2074 2295/4178/2074
f 2297/4179/2075 2299/4204/2075 2281/4160/2075
f 2281/4160/2076 2299/4204/2076 2298/4180/2076
f 2300/4182/2077 2302/4207/2077 2284/4183/2077
f 2284/4183/2078 2302/4207/2078 2301/4185/2078
f 2303/4187/4582 2305/4210/4582 2287/4188/4582
f 2287/4166/2080 2305/4211/2080 2304/4190/2080
f 2288/4192/2081 2306/4213/2081 2308/4193/2081
f 2290/4168/2082 2308/4193/2082 2307/4194/2082
f 2291/4196/2083 2309/4216/2083 2311/4197/2083
f 2311/4197/2084 2310/4219/2084 2292/4198/2084
f 2312/4199/2085 2314/4221/2085 2296/4200/2085
f 2296/4201/2086 2314/4222/2086 2313/4202/2086
f 2315/4203/2087 2317/4205/2087 2299/4204/2087
f 2317/4205/2088 2316/4226/2088 2298/4180/2088
f 2300/4182/2089 2318/4228/2089 2320/4206/2089
f 2302/4207/2090 2320/4206/2090 2319/4208/2090
f 2303/4187/2091 2321/4231/2091 2323/4209/2091
f 2305/4211/2092 2323/4233/2092 2322/4212/2092
f 2306/4213/2093 2324/4235/2093 2326/4214/2093
f 2308/4193/2094 2326/4214/2094 2325/4215/2094
f 2309/4216/4583 2327/5607/4583 2329/4217/4583
f 2311/4197/4584 2329/4217/4584 2328/4218/4584
f 2330/4220/2097 2332/5608/2097 2314/4221/2097
f 2314/4222/4585 2332/4243/4585 2331/4223/4585
f 2333/4224/2099 2335/4245/2099 2317/4205/2099
f 2317/4205/4586 2335/4245/4586 2334/4225/4586
f 2336/4227/4587 2338/4229/4587 2320/4206/4587
f 2338/4229/4588 2337/5609/4588 2319/4208/4588
f 2339/4230/2103 2341/5610/2103 2323/4209/2103
f 2341/4232/2104 2340/4254/2104 2322/4212/2104
f 2342/4234/2105 2344/4256/2105 2326/4214/2105
f 2326/4214/4589 2344/4256/4589 2343/4236/4589
f 2327/4237/4590 2345/4258/4590 2347/4238/4590
f 2347/4238/2108 2346/4260/2108 2328/4240/2108
f 2330/4241/2109 2348/4262/2109 2350/4242/2109
f 2350/4242/2110 2349/4264/2110 2331/4223/2110
f 2351/4244/2111 2353/4266/2111 2335/4245/2111
f 2335/4245/2112 2353/4266/2112 2352/4246/2112
f 2354/4247/2113 2356/4269/2113 2338/4248/2113
f 2338/4248/2114 2356/4269/2114 2355/4250/2114
f 2339/4252/2115 2357/4271/2115 2359/4253/2115
f 2359/4253/2116 2358/4273/2116 2340/4254/2116
f 2342/4234/2117 2360/4275/2117 2362/4255/2117
f 2362/4255/2118 2361/4277/2118 2343/4236/2118
f 2363/4257/2119 2365/4279/2119 2347/4238/2119
f 2347/4238/2120 2365/4279/2120 2364/4259/2120
f 2366/4261/2121 2368/4282/2121 2350/4242/2121
f 2350/4242/4591 2368/4282/4591 2367/4263/4591
f 2351/4244/2123 2369/4284/2123 2371/4265/2123
f 2353/4266/2124 2371/4265/2124 2370/4267/2124
f 2354/4247/2125 2372/4287/2125 2374/4268/2125
f 2356/4269/4592 2374/4268/4592 2373/4270/4592
f 2357/4271/2127 2375/4290/2127 2377/4272/2127
f 2377/4272/4593 2376/4292/4593 2358/4273/4593
f 2378/4274/2129 2380/4276/2129 2362/4255/2129
f 2380/4276/2130 2379/4295/2130 2361/4277/2130
f 2381/4278/2131 2383/5611/2131 2365/4279/2131
f 2365/4279/4594 2383/5611/4594 2382/4280/4594
f 2384/4281/2133 2386/4302/2133 2368/4282/2133
f 2368/4282/2134 2386/4302/2134 2385/4283/2134
f 2369/4284/2135 2387/4305/2135 2389/4285/2135
f 2371/4265/2136 2389/4285/2136 2388/4286/2136
f 2372/4287/2137 2390/5154/2137 2392/4288/2137
f 2392/4288/4595 2391/5155/4595 2373/4270/4595
f 2393/4289/2139 2395/4291/2139 2377/4272/2139
f 2395/4291/2140 2394/4315/2140 2376/4292/2140
f 2396/4293/2141 2398/4294/2141 2380/4276/2141
f 2398/4294/2142 2397/5612/2142 2379/4295/2142
f 2399/4296/2143 2401/4321/2143 2383/4297/2143
f 2383/4297/2144 2401/4321/2144 2400/4299/2144
f 2402/4301/2145 2404/4303/2145 2386/4302/2145
f 2404/4303/2146 2403/4325/2146 2385/4283/2146
f 2405/4304/2147 2407/4327/2147 2389/4285/2147
f 2407/4306/2148 2406/4329/2148 2388/4307/2148
f 2390/4309/2149 2408/4330/2149 2410/4310/2149
f 2410/4310/2150 2409/4332/2150 2391/4312/2150
f 2393/4289/4596 2411/4334/4596 2413/4313/4596
f 2395/4291/2152 2413/4313/2152 2412/4314/2152
f 2414/4316/2153 2416/4337/2153 2398/4294/2153
f 2398/4317/2154 2416/4339/2154 2415/4318/2154
f 2399/4296/2155 2417/4340/2155 2419/4320/2155
f 2401/4321/2156 2419/4320/2156 2418/4322/2156
f 2402/4301/2157 2420/4343/2157 2422/4323/2157
f 2404/4303/2158 2422/4323/2158 2421/4324/2158
f 2405/4304/2159 2423/4345/2159 2425/4326/2159
f 2425/4328/2160 2424/4348/2160 2406/4329/2160
f 2408/4330/2161 2426/4350/2161 2428/4331/2161
f 2428/4331/2162 2427/4352/2162 2409/4332/2162
f 2429/4333/2163 2431/4335/2163 2413/4313/2163
f 2431/4335/2164 2430/4355/2164 2412/4314/2164
f 2414/4316/2165 2432/4357/2165 2434/4336/2165
f 2434/4338/2166 2433/4359/2166 2415/4318/2166
f 2417/4340/2167 2435/5167/2167 2437/4341/2167
f 2419/4320/2168 2437/4341/2168 2436/4342/2168
f 2420/4343/2169 2438/4365/2169 2440/4344/2169
f 2440/4344/4597 2439/4367/4597 2421/4324/4597
f 2423/4345/2171 2441/4368/2171 2443/4346/2171
f 2443/4347/4598 2442/5164/4598 2424/4348/4598
f 2444/4349/2173 2446/4351/2173 2428/4331/2173
f 2446/4351/2174 2445/5613/2174 2427/4352/2174
f 2447/4353/2175 2449/4354/2175 2431/4335/2175
f 2449/4354/2176 2448/4379/2176 2430/4355/2176
f 2450/4356/2177 2452/4381/2177 2434/4336/2177
f 2434/4338/2178 2452/5614/2178 2451/4358/2178
f 2435/4360/4599 2453/4383/4599 2455/4361/4599
f 2437/4362/2180 2455/4361/2180 2454/4363/2180
f 2438/4365/2181 2456/4385/2181 2458/4366/2181
f 2458/4366/4600 2457/4384/4600 2439/4367/4600
f 2441/4368/2183 2459/4389/2183 2461/4369/2183
f 2443/4346/2184 2461/4369/2184 2460/4370/2184
f 2444/4372/4601 2462/5124/4601 2464/4373/4601
f 2446/4374/2186 2464/4373/2186 2463/4375/2186
f 2465/4377/4602 2467/4378/4602 2449/4354/4602
f 2467/4378/2188 2466/4390/2188 2448/4379/2188
f 2450/4356/2189 2468/5126/2189 2470/4380/2189
f 2470/4380/2190 2469/5615/2190 2451/4382/2190
f 2454/4363/2191 2455/4361/2191 2239/4125/2191
f 2239/4125/4603 2455/4361/4603 2453/4383/4603
f 2457/4384/2193 2458/4366/2193 2242/4131/2193
f 2242/4131/2194 2458/4366/2194 2456/4385/2194
f 2460/4387/2195 2461/5616/2195 2245/4388/2195
f 2245/4135/2196 2461/4369/2196 2459/4389/2196
f 2463/4375/2197 2464/4373/2197 2248/4125/2197
f 2464/4373/4604 2462/5124/4604 2247/4127/4604
f 2466/4390/2199 2467/4378/2199 2251/4146/2199
f 2467/4378/2200 2465/4377/2200 2250/4391/2200
f 2252/4141/2201 2469/5123/2201 2470/4392/2201
f 2470/4380/2202 2468/5126/2202 2253/4149/2202
f 3048/4562/2402 3052/2134/2402 3060/2136/2402
f 3051/4564/2403 3060/5389/2403 3055/2142/2403
f 3062/4566/2404 3064/5621/2404 3058/4567/2404
f 3064/4568/2405 3061/5179/2405 3054/2139/2405
f 3045/4569/4636 3047/5622/4636 3059/2143/4636
f 3059/2143/4637 3047/5622/4637 3046/4570/4637
f 3069/2150/2408 3077/2152/2408 3068/4571/2408
f 3077/2152/2409 3072/2157/2409 3066/4573/2409
f 3070/2153/2410 3079/5181/2410 3081/4574/2410
f 3075/2156/2411 3081/4574/2411 3078/4575/2411
f 3071/2155/2412 3053/2137/2412 3056/2138/2412
f 3056/2138/2413 3052/2134/2413 3072/2157/2413
f 3083/4576/2414 3070/2153/2414 3073/2154/2414
f 3073/2154/2415 3069/2150/2415 3082/4578/2415
f 3083/4579/2416 3084/5623/2416 3087/4580/2416
f 3087/4580/2417 3084/5623/2417 3082/4582/2417
f 3089/4584/2418 3086/4581/2418 3087/4580/2418
f 3087/4580/2419 3085/4583/2419 3088/4586/2419
f 3091/4587/2420 3095/2163/2420 3103/2165/2420
f 3094/4589/2421 3103/5390/2421 3098/2171/2421
f 3105/4591/2422 3107/5624/2422 3101/4592/2422
f 3107/4593/2423 3104/5188/2423 3097/2168/2423
f 3089/4584/4638 3090/4585/4638 3102/2172/4638
f 3102/2172/4639 3090/4585/4639 3088/4586/4639
f 3112/2180/2426 3120/2182/2426 3111/4594/2426
f 3120/2182/2427 3115/2187/2427 3109/4596/2427
f 3113/2183/2428 3122/5189/2428 3124/4597/2428
f 3118/2186/2429 3124/4597/2429 3121/4598/2429
f 3115/2187/2430 3119/2188/2430 3099/2167/2430
f 3119/2188/2431 3114/2185/2431 3096/2166/2431
f 3125/4599/2432 3127/5625/2432 3116/2184/2432
f 3116/2184/2433 3127/5625/2433 3126/4600/2433
f 3125/4601/2434 3128/4605/2434 3130/4602/2434
f 3130/4602/2435 3129/4606/2435 3126/4604/2435
f 3046/4570/2436 3047/5622/2436 3130/4602/2436
f 3130/4602/2437 3047/5622/2437 3045/4569/2437
f 3138/2193/4640 3146/2195/4640 3137/4607/4640
f 3137/4609/2439 3146/5391/2439 3141/2201/2439
f 3139/2196/2440 3148/5198/2440 3150/4611/2440
f 3150/4613/2441 3147/5195/2441 3140/2198/2441
f 3131/4614/2442 3133/5626/2442 3145/2202/2442
f 3145/2202/2443 3133/5626/2443 3132/4615/2443
f 3155/2209/2444 3163/2211/2444 3154/4616/2444
f 3154/4616/2445 3163/2211/2445 3158/2216/2445
f 3156/2212/2446 3165/5199/2446 3167/4619/2446
f 3167/4619/2447 3164/5197/2447 3157/2214/2447
f 3139/2196/2448 3142/2197/2448 3162/2217/2448
f 3162/2217/2449 3142/2197/2449 3138/2193/2449
f 3169/4620/2450 3156/2212/2450 3159/2213/2450
f 3159/2213/2451 3155/2209/2451 3168/4622/2451
f 3169/4623/2452 3170/5627/2452 3173/4624/2452
f 3173/4624/2453 3170/5627/2453 3168/4626/2453
f 3175/4628/4641 3172/4625/4641 3173/4624/4641
f 3173/4624/4642 3171/4627/4642 3174/4630/4642
f 3181/2223/4643 3189/2225/4643 3180/4631/4643
f 3180/4633/2457 3189/5392/2457 3184/2231/2457
f 3182/2226/2458 3191/5208/2458 3193/4635/2458
f 3193/4637/2459 3190/5206/2459 3183/2228/2459
f 3175/4628/2460 3176/4629/2460 3188/2232/2460
f 3188/2232/2461 3176/4629/2461 3174/4630/2461
f 3198/2240/2462 3206/2242/2462 3197/4638/2462
f 3197/4638/2463 3206/2242/2463 3201/2247/2463
f 3199/2243/2464 3208/5209/2464 3210/4641/2464
f 3210/4641/2465 3207/5207/2465 3200/2245/2465
f 3201/2247/2466 3205/2248/2466 3185/2227/2466
f 3205/2248/2467 3200/2245/2467 3182/2226/2467
f 3211/4642/2468 3213/5628/2468 3202/2244/2468
f 3202/2244/2469 3213/5628/2469 3212/4643/2469
f 3211/4644/2470 3214/4648/2470 3216/4645/2470
f 3216/4645/2471 3215/4649/2471 3212/4647/2471
f 3132/4615/2472 3133/5626/2472 3216/4645/2472
f 3216/4645/2473 3133/5626/2473 3131/4614/2473
f 3345/2395/2498 3358/2408/2498 3360/2407/2498
f 3360/4677/2499 3357/2403/2499 3343/4678/2499
f 3351/2401/2500 3353/2400/2500 3370/2417/2500
f 3370/2413/2501 3353/5633/2501 3350/4680/2501
f 3344/2393/4651 3352/2402/4651 3355/2399/4651
f 3355/2399/4652 3351/2401/4652 3345/2395/4652
f 3359/4681/4653 3362/2406/4653 3369/2418/4653
f 3369/2418/4654 3362/2406/4654 3358/2408/4654
f 3372/2425/4655 3374/2424/4655 3363/2405/4655
f 3363/2405/2507 3374/2424/2507 3371/2420/2507
f 3365/2416/2508 3367/2415/2508 3384/2431/2508
f 3384/2431/2509 3367/2415/2509 3364/2411/2509
f 3373/2428/4656 3376/2427/4656 3383/2432/4656
f 3383/2432/4657 3376/2427/4657 3372/4683/4657
f 3373/2428/2512 3386/2441/2512 3388/2440/2512
f 3388/4684/4658 3385/5421/4658 3371/2420/4658
f 3379/2434/2514 3381/2433/2514 3398/2446/2514
f 3381/2433/2515 3378/2429/2515 3392/2444/2515
f 3387/4685/4659 3390/2439/4659 3397/2447/4659
f 3397/2447/4660 3390/2439/4660 3386/2441/4660
f 3400/2456/2518 3402/2455/2518 3391/2438/2518
f 3391/2438/2519 3402/2455/2519 3399/2451/2519
f 3408/2466/2520 3393/2449/2520 3395/2448/2520
f 3412/2464/2521 3395/2448/2521 3392/2444/2521
f 3401/4687/4661 3404/5634/4661 3411/2461/4661
f 3411/4688/4662 3404/2454/4662 3400/2456/4662
f 3401/2457/2524 3414/5635/2524 3416/4690/2524
f 3405/4691/2525 3416/5426/2525 3413/2467/2525
f 3422/2481/4663 3407/2463/4663 3409/2462/4663
f 3426/2477/2527 3409/2462/2527 3406/2458/2527
f 3415/2474/4664 3418/2470/4664 3425/2478/4664
f 3425/2478/4665 3418/2470/4665 3414/2472/4665
f 3428/2487/4666 3430/2486/4666 3419/2473/4666
f 3419/2469/4667 3430/5428/4667 3427/2482/4667
f 3421/2480/4668 3423/2479/4668 3440/2492/4668
f 3423/2479/2533 3420/2475/2533 3434/2490/2533
f 3429/4693/4669 3432/2485/4669 3439/2493/4669
f 3439/2493/4670 3432/2485/4670 3428/2487/4670
f 3429/4694/2536 3344/2393/2536 3346/2392/2536
f 3433/2484/2537 3346/5416/2537 3343/2388/2537
f 3435/4696/4671 3437/5636/4671 3356/2398/4671
f 3437/2494/2539 3434/2490/2539 3350/4697/2539
f 1842/3997/2978 2/5081/2978 1845/3992/2978
f 1925/4033/2979 1841/3996/2979 3/5078/2979
f 1841/3996/2980 1850/1090/2980 1857/5080/2980
f 1924/4032/2981 32/5657/2981 2/5081/2981
f 1862/1098/2982 1844/1081/2982 1846/1083/2982
f 1846/1083/2982 5/6/2982 7/7/2982
f 7/7/2982 1863/1097/2982 1846/1083/2982
f 1845/1084/2983 2/3/2983 5/6/2983
f 2/3/2983 1/2/2983 5/6/2983
f 1844/3989/2984 1862/4000/2984 1868/1106/2984
f 1849/1088/2985 1867/1104/2985 1874/4002/2985
f 6/6/4712 4/2/4712 3/3/4712
f 3/3/4712 1857/1084/4712 6/6/4712
f 8/7/2987 6/6/2987 1859/1083/2987
f 1859/1083/2987 1858/1081/2987 1874/1108/2987
f 1874/1108/2987 1876/1097/2987 1859/1083/2987
f 10/11/2988 1861/1095/2988 7/7/2988
f 1861/1095/2988 1863/1097/2988 7/7/2988
f 1861/3999/2989 10/5658/2989 1878/4005/2989
f 1875/5082/2990 1866/1102/2990 1879/4003/2990
f 12/8/2991 8/7/2991 11/11/2991
f 8/7/4713 1876/1097/4713 1875/1110/4713
f 10/5084/2992 14/5659/2992 1881/4010/2992
f 11/5085/2993 1879/4006/2993 1882/4008/2993
f 1881/4010/2994 14/5659/2994 18/5087/2994
f 1882/4008/2995 1885/4012/2995 19/5088/2995
f 1884/4011/2996 18/5087/2996 1888/4016/2996
f 1885/4012/2997 1893/1120/2997 1900/5089/2997
f 1905/1129/2998 1887/1111/2998 1889/1113/2998
f 1889/1113/2998 22/14/2998 25/15/2998
f 25/15/2998 1906/1128/2998 1889/1113/2998
f 1888/1114/2999 18/13/2999 22/14/2999
f 18/13/2999 17/12/2999 22/14/2999
f 1887/4013/3000 1905/4023/3000 1911/1137/3000
f 1901/4017/3001 1892/1118/3001 1910/1135/3001
f 23/14/4714 20/12/4714 19/13/4714
f 19/13/4714 1900/1114/4714 23/14/4714
f 26/15/3003 23/14/3003 1902/1113/3003
f 1902/1113/3003 1901/1111/3003 1917/1139/3003
f 1917/1139/3003 1919/1128/3003 1902/1113/3003
f 28/17/3004 1904/1126/3004 25/15/3004
f 1904/1126/3004 1906/1128/3004 25/15/3004
f 1904/4022/3005 28/5660/3005 1921/4026/3005
f 1918/5090/3006 1909/1133/3006 1922/4027/3006
f 30/16/3007 26/15/3007 29/17/3007
f 26/15/3007 1919/1128/3007 1918/1141/3007
f 28/5092/3008 32/5657/3008 1924/4032/3008
f 29/5093/3009 1922/4031/3009 1925/4033/3009
f 1928/4041/3010 36/5097/3010 1931/4037/3010
f 2011/4074/3011 1927/4043/3011 37/5094/3011
f 1927/4043/3012 1936/1151/3012 1943/5096/3012
f 2010/4076/3013 66/5661/3013 36/5097/3013
f 1948/1159/3014 1930/1142/3014 1932/1144/3014
f 1932/1144/3014 39/23/3014 41/24/3014
f 41/24/3014 1949/1158/3014 1932/1144/3014
f 1931/1145/3015 36/22/3015 39/23/3015
f 36/22/3015 35/20/3015 39/23/3015
f 1930/4035/3016 1948/4046/3016 1954/1167/3016
f 1944/5098/3017 1935/1149/3017 1953/1165/3017
f 40/23/3018 38/20/3018 37/22/3018
f 37/22/3018 1943/1145/3018 40/23/3018
f 42/24/3019 40/23/3019 1945/1144/3019
f 1945/1144/4715 1944/1142/4715 1960/1169/4715
f 1960/1169/3019 1962/1158/3019 1945/1144/3019
f 44/27/3020 1947/1156/3020 41/24/3020
f 1947/1156/3020 1949/1158/3020 41/24/3020
f 1947/4045/3021 44/5662/3021 1964/4048/3021
f 1961/5100/3022 1952/1163/3022 1965/4049/3022
f 46/25/3023 42/24/3023 45/27/3023
f 42/24/3023 1962/1158/3023 1961/1156/3023
f 44/5102/3024 48/5663/3024 1967/4054/3024
f 45/5103/3025 1965/4050/3025 1968/4052/3025
f 1967/4054/3026 48/5663/3026 52/5105/3026
f 1968/4052/3027 1971/4055/3027 53/5106/3027
f 1970/4057/3028 52/5105/3028 1974/4061/3028
f 1971/4055/3029 1979/1179/3029 1986/5107/3029
f 1991/1187/3030 1973/1170/3030 1975/1172/3030
f 1975/1172/3030 56/31/3030 59/32/3030
f 59/32/3030 1992/1186/3030 1975/1172/3030
f 1974/1173/3031 52/30/3031 56/31/3031
f 52/30/3031 51/29/3031 56/31/3031
f 1973/4059/3032 1991/4067/3032 1997/1195/3032
f 1987/5108/3033 1978/1177/3033 1996/1193/3033
f 57/31/4716 54/29/4716 53/30/4716
f 53/30/4716 1986/1173/4716 57/31/4716
f 60/32/3035 57/31/3035 1988/1172/3035
f 1988/1172/3035 1987/1170/3035 2003/1187/3035
f 2003/1187/3035 2005/1186/3035 1988/1172/3035
f 62/34/3036 1990/1184/3036 59/32/3036
f 1990/1184/3036 1992/1186/3036 59/32/3036
f 1990/4066/3037 62/5664/3037 2007/4071/3037
f 2004/5110/3038 1995/1191/3038 2008/4069/3038
f 64/33/3039 60/32/3039 63/34/3039
f 60/32/3039 2005/1186/3039 2004/1198/3039
f 62/5112/3040 66/5661/3040 2010/4076/3040
f 63/5113/3041 2008/4072/3041 2011/4074/3041
f 2223/1432/3050 2139/1337/3050 2153/5118/3050
f 2153/5118/3050 2167/5671/3050 2181/5672/3050
f 2181/5672/3050 2195/4117/3050 2153/5118/3050
f 2195/4117/3050 2209/1417/3050 2153/5118/3050
f 2147/1350/3051 2162/1369/3051 2154/1358/3051
f 2231/4120/3052 2148/1352/3052 2140/1342/3052
f 2174/1379/4721 2160/1361/4721 2188/1394/4721
f 2160/1361/4721 2146/1345/4721 2188/1394/4721
f 2146/1345/4721 2230/5673/4721 2188/1394/4721
f 2230/5673/4721 2216/5119/4721 2188/1394/4721
f 2155/4105/3054 2161/1366/3054 2176/1385/3054
f 2175/1384/3055 2190/1400/3055 2182/1391/3055
f 2189/5120/3056 2204/4114/3056 2196/1406/3056
f 2203/1413/3057 2218/1431/3057 2210/1422/3057
f 2217/1430/3058 2232/1447/3058 2224/1437/3058
f 2454/4363/3059 2237/4127/3059 2241/4128/3059
f 2237/4127/3060 2256/4126/3060 2258/5122/3060
f 2252/4141/3061 2271/5128/3061 2255/4153/3061
f 2469/5123/3062 2252/4141/3062 2238/4123/3062
f 2259/4132/3063 2261/4134/3063 2244/4136/3063
f 2240/4133/3063 2244/4136/3063 2459/4389/3063
f 2243/4128/3064 2262/5132/3064 2264/4139/3064
f 2243/4128/3065 2247/4127/3065 2462/5124/3065
f 2265/4140/3066 2267/5603/3066 2250/4141/3066
f 2246/4123/3067 2250/4141/3067 2465/5125/3067
f 2268/4167/3068 2270/4147/3068 2253/4149/3068
f 2249/4145/3068 2253/4149/3068 2468/5126/3068
f 2289/5127/3069 2273/4152/3069 2255/4153/3069
f 2256/5129/3070 2274/4173/3070 2276/4176/3070
f 2259/4132/3063 2277/4158/3063 2279/4159/3063
f 2280/5131/3071 2282/4162/3071 2264/4139/3071
f 2265/5133/3072 2283/4186/3072 2285/4189/3072
f 2286/4191/3068 2288/4192/3068 2270/4147/3068
f 2307/5135/3073 2291/4196/3073 2273/4170/3073
f 2274/4173/4722 2292/4198/4722 2294/4174/4722
f 2277/4158/3063 2295/4178/3063 2297/4179/3063
f 2298/5137/3075 2300/4182/3075 2282/4184/3075
f 2301/4185/3076 2303/4187/3076 2285/4189/3076
f 2304/4190/3068 2306/4213/3068 2288/4192/3068
f 2325/5139/3077 2309/4216/3077 2291/4196/3077
f 2310/4219/3078 2312/4199/3078 2294/4174/3078
f 2295/4178/3063 2313/4202/3063 2315/4203/3063
f 2298/5137/3079 2316/5674/3079 2318/4228/3079
f 2319/4208/3080 2321/4231/3080 2303/4187/3080
f 2304/4190/3068 2322/4212/3068 2324/4235/3068
f 2343/4236/3081 2327/5675/3081 2309/5140/3081
f 2328/4218/3082 2330/4220/3082 2312/4199/3082
f 2331/4223/3063 2333/4224/3063 2315/4203/3063
f 2316/4226/3083 2334/4225/3083 2336/5141/3083
f 2319/4208/3084 2337/5609/3084 2339/4230/3084
f 2322/4212/3068 2340/4254/3068 2342/4234/3068
f 2361/5143/4723 2345/4258/4723 2327/4237/4723
f 2328/4240/3086 2346/4260/3086 2348/5145/3086
f 2349/4264/3063 2351/4244/3063 2333/4224/3063
f 2334/5147/4724 2352/5151/4724 2354/4247/4724
f 2337/4251/3088 2355/4250/3088 2357/5148/3088
f 2358/4273/3068 2360/4275/3068 2342/4234/3068
f 2361/5143/3089 2379/5152/3089 2363/4257/3089
f 2346/4260/3090 2364/4259/3090 2366/5150/3090
f 2349/4264/3063 2367/4263/3063 2369/4284/3063
f 2352/5151/3091 2370/5153/3091 2372/4287/3091
f 2373/4270/3092 2375/5156/3092 2357/5148/3092
f 2376/4292/3068 2378/4274/3068 2360/4275/3068
f 2379/5152/3093 2397/5676/3093 2381/4278/3093
f 2382/4280/3094 2384/5677/3094 2366/5150/3094
f 2385/4283/3063 2387/4305/3063 2369/4284/3063
f 2370/5153/3095 2388/5678/3095 2390/5154/3095
f 2391/5155/4725 2393/5679/4725 2375/5156/4725
f 2394/4315/3068 2396/4293/3068 2378/4274/3068
f 2415/4318/3097 2399/4296/3097 2381/4298/3097
f 2400/5157/3098 2402/4301/3098 2384/4281/3098
f 2403/4325/3063 2405/4304/3063 2387/4305/3063
f 2406/4329/3099 2408/4330/3099 2390/4309/3099
f 2391/5159/3100 2409/5680/3100 2411/4334/3100
f 2412/4314/3068 2414/4316/3068 2396/4293/3068
f 2433/4359/3101 2417/4340/3101 2399/4296/3101
f 2418/4322/3102 2420/5163/3102 2402/5160/3102
f 2403/4325/3063 2421/4324/3063 2423/4345/3063
f 2424/4348/3103 2426/4350/3103 2408/4330/3103
f 2409/4332/3104 2427/4352/3104 2429/5161/3104
f 2412/4314/3068 2430/4355/3068 2432/4357/3068
f 2451/4358/4726 2435/5167/4726 2417/4340/4726
f 2436/4342/3106 2438/5681/3106 2420/5163/3106
f 2439/4367/3063 2441/4368/3063 2423/4345/3063
f 2442/5164/3107 2444/4349/3107 2426/4350/3107
f 2427/4352/3108 2445/5613/3108 2447/5165/3108
f 2448/4379/3068 2450/4356/3068 2432/4357/3068
f 2469/5166/3109 2453/5682/3109 2435/5167/3109
f 2436/4364/3110 2454/4363/3110 2456/5121/3110
f 2439/4367/3063 2457/4384/3063 2459/4389/3063
f 2442/5164/3111 2460/5683/3111 2462/5169/3111
f 2445/4376/3112 2463/4375/3112 2465/5125/3112
f 2466/4390/3068 2468/5126/3068 2450/4356/3068
f 3046/4570/3157 70/5180/3157 3049/4565/3157
f 3129/4606/3158 3045/4569/3158 71/5177/3158
f 3045/4569/3159 3054/2139/3159 3061/5179/3159
f 3128/4605/3160 100/5684/3160 70/5180/3160
f 3066/2149/3161 3048/2130/3161 3050/2132/3161
f 3050/2132/3161 73/40/3161 75/41/3161
f 75/41/3161 3067/2148/3161 3050/2132/3161
f 3049/2133/4727 70/39/4727 73/40/4727
f 70/39/4727 69/37/4727 73/40/4727
f 3048/4562/3163 3066/4573/3163 3072/2157/3163
f 3053/2137/3164 3071/2155/3164 3078/4575/3164
f 74/40/3165 72/37/3165 71/39/3165
f 71/39/3165 3061/2133/3165 74/40/3165
f 76/41/3166 74/40/3166 3063/2132/3166
f 3063/2132/3166 3062/2145/3166 3078/2149/3166
f 3078/2149/3166 3080/2148/3166 3063/2132/3166
f 78/45/3167 3065/2146/3167 75/41/3167
f 3065/2146/4728 3067/2148/4728 75/41/4728
f 3065/4572/3168 78/5685/3168 3082/4578/3168
f 3079/5181/3169 3070/2153/3169 3083/4576/3169
f 80/42/3170 76/41/3170 79/45/3170
f 76/41/3170 3080/2148/3170 3079/2146/3170
f 78/5183/3171 82/5686/3171 3085/4583/3171
f 79/5184/4729 3083/4579/4729 3086/4581/4729
f 3085/4583/3173 82/5686/3173 86/5186/3173
f 3086/4581/3174 3089/4584/3174 87/5187/3174
f 3088/4586/3175 86/5186/3175 3092/4590/3175
f 3089/4584/3176 3097/2168/3176 3104/5188/3176
f 3109/2179/3177 3091/2159/3177 3093/2161/3177
f 3093/2161/3177 90/48/3177 93/49/3177
f 93/49/3177 3110/2178/3177 3093/2161/3177
f 3092/2162/4730 86/47/4730 90/48/4730
f 86/47/4730 85/46/4730 90/48/4730
f 3091/4587/3179 3109/4596/3179 3115/2187/3179
f 3105/4591/3180 3096/2166/3180 3114/2185/3180
f 91/48/4731 88/46/4731 87/47/4731
f 87/47/4731 3104/2173/4731 91/48/4731
f 94/49/3182 91/48/3182 3106/2175/3182
f 3106/2175/3182 3105/2159/3182 3121/2179/3182
f 3121/2179/3182 3123/2178/3182 3106/2175/3182
f 96/51/3183 3108/2176/3183 93/49/3183
f 3108/2176/4732 3110/2178/4732 93/49/4732
f 3108/4595/3184 96/5687/3184 3125/4599/3184
f 3122/5189/3185 3113/2183/3185 3126/4600/3185
f 98/50/3186 94/49/3186 97/51/3186
f 94/49/4733 3123/2178/4733 3122/2176/4733
f 96/5191/3187 100/5684/3187 3128/4605/3187
f 97/5192/3188 3126/4604/3188 3129/4606/3188
f 3132/4615/3189 104/5196/3189 3135/4610/3189
f 3215/4649/3190 3131/4614/3190 105/5193/3190
f 3131/4614/3191 3140/2198/3191 3147/5195/3191
f 3214/4648/3192 134/5688/3192 104/5196/3192
f 3152/2208/3193 3134/2189/3193 3136/2191/3193
f 3136/2191/3193 107/57/3193 109/58/3193
f 109/58/3193 3153/2207/3193 3136/2191/3193
f 3135/2192/3194 104/56/3194 107/57/3194
f 104/56/3194 103/54/3194 107/57/3194
f 3134/4608/3195 3152/4618/3195 3158/2216/3195
f 3139/2196/4734 3157/2214/4734 3164/5197/4734
f 108/57/3197 106/54/3197 105/56/3197
f 105/56/3197 3147/2192/3197 108/57/3197
f 110/58/3198 108/57/3198 3149/2191/3198
f 3149/2191/3198 3148/2204/3198 3164/2208/3198
f 3164/2208/3198 3166/2207/3198 3149/2191/3198
f 112/62/3199 3151/2205/3199 109/58/3199
f 3151/2205/3199 3153/2207/3199 109/58/3199
f 3151/4617/3200 112/5689/3200 3168/4622/3200
f 3165/5199/3201 3156/2212/3201 3169/4620/3201
f 114/59/3202 110/58/3202 113/62/3202
f 110/58/3202 3166/2207/3202 3165/2205/3202
f 112/5201/3203 116/5690/3203 3171/4627/3203
f 113/5202/3204 3169/4623/3204 3172/4625/3204
f 3171/4627/3205 116/5690/3205 120/5204/3205
f 3172/4625/3206 3175/4628/3206 121/5205/3206
f 3174/4630/3207 120/5204/3207 3178/4634/3207
f 3175/4628/3208 3183/2228/3208 3190/5206/3208
f 3195/2239/3209 3177/2219/3209 3179/2221/3209
f 3179/2221/3209 124/65/3209 127/66/3209
f 127/66/3209 3196/2238/3209 3179/2221/3209
f 3178/2222/3210 120/64/3210 124/65/3210
f 120/64/3210 119/63/3210 124/65/3210
f 3177/4632/3211 3195/4640/3211 3201/2247/3211
f 3182/2226/4735 3200/2245/4735 3207/5207/4735
f 125/65/3213 122/63/3213 121/64/3213
f 121/64/3213 3190/2233/3213 125/65/3213
f 128/66/3214 125/65/3214 3192/2221/3214
f 3192/2221/3214 3191/2235/3214 3207/2239/3214
f 3207/2239/3214 3209/2238/3214 3192/2221/3214
f 130/68/3215 3194/2236/3215 127/66/3215
f 3194/2236/3215 3196/2238/3215 127/66/3215
f 3194/4639/3216 130/5691/3216 3211/4642/3216
f 3208/5209/3217 3199/2243/3217 3212/4643/3217
f 132/67/3218 128/66/3218 131/68/3218
f 128/66/3218 3209/2238/3218 3208/2249/3218
f 130/5211/3219 134/5688/3219 3214/4648/3219
f 131/5212/3220 3212/4647/3220 3215/4649/3220
f 3427/2482/3225 3343/2388/3225 3413/2467/3225
f 3343/2388/3225 3357/5218/3225 3413/2467/3225
f 3357/5218/3225 3371/5697/3225 3385/5219/3225
f 3385/5219/3225 3399/4692/3225 3413/2467/3225
f 3351/2401/3226 3366/2419/3226 3358/2408/3226
f 3435/4696/3227 3352/2402/3227 3344/2393/3227
f 3378/2429/3228 3364/2411/3228 3350/4680/3228
f 3350/4680/3228 3434/5698/3228 3420/5220/3228
f 3420/5220/3228 3406/4686/3228 3392/2444/3228
f 3392/2444/3228 3378/2429/3228 3420/5220/3228
f 3365/2416/4737 3380/2435/4737 3372/4683/4737
f 3373/2428/4738 3379/2434/4738 3394/2450/4738
f 3393/5222/3231 3408/4689/3231 3400/2456/3231
f 3407/2463/3232 3422/2481/3232 3414/2472/3232
f 3415/2474/3233 3421/2480/3233 3436/2496/3233
usemtl bone
f 2471/1448/466 2475/1449/466 2477/1450/466
f 2472/1451/638 2475/1452/638 2474/1453/638
f 2473/1454/342 2475/1452/342 2476/1455/342
f 2478/1448/639 2482/1449/639 2484/1456/639
f 2479/1457/344 2482/1458/344 2481/1459/344
f 2480/1460/468 2482/1458/468 2483/1461/468
f 2485/1462/640 2489/1463/640 2491/1464/640
f 2486/1465/641 2489/1466/641 2488/1467/641
f 2487/1468/642 2489/1466/642 2490/1469/642
f 2492/1462/349 2496/1463/349 2498/1470/349
f 2493/1471/350 2496/1472/350 2495/1473/350
f 2494/1474/643 2496/1472/643 2497/1475/643
f 2499/1476/470 2503/1477/470 2505/1478/470
f 2500/1468/353 2503/1479/353 2502/1480/353
f 2501/1481/354 2503/1482/354 2504/1483/354
f 2506/1476/644 2510/1477/644 2512/1484/644
f 2507/1461/356 2510/1485/356 2509/1486/356
f 2508/1471/357 2510/1487/357 2511/1488/357
f 2513/1489/645 2517/1490/645 2519/1491/645
f 2514/1492/359 2517/1493/359 2516/1494/359
f 2515/1468/360 2517/1479/360 2518/1495/360
f 2520/1489/361 2524/1490/361 2526/1496/361
f 2521/1471/362 2524/1487/362 2523/1497/362
f 2522/1498/363 2524/1499/363 2525/1500/363
f 2527/1501/646 2531/1502/646 2533/1503/646
f 2528/1468/474 2531/1466/474 2530/1504/474
f 2529/1465/647 2531/1466/647 2532/1469/647
f 2534/1501/367 2538/1502/367 2540/1505/367
f 2535/1474/648 2538/1472/648 2537/1506/648
f 2536/1471/369 2538/1472/369 2539/1475/369
f 2541/1507/649 2545/1508/649 2547/1509/649
f 2542/1510/650 2545/1511/650 2544/1512/650
f 2543/1513/651 2545/1514/651 2546/1515/651
f 2548/1516/652 2552/1517/652 2554/1518/652
f 2549/1519/653 2552/1520/653 2551/1521/653
f 2550/1522/654 2552/1523/654 2553/1524/654
f 2555/1525/655 2559/1526/655 2561/1527/655
f 2556/1528/656 2559/1529/656 2558/1530/656
f 2557/1531/657 2559/1532/657 2560/1533/657
f 2562/1534/658 2566/1535/658 2568/1536/658
f 2563/1537/659 2566/1538/659 2565/1539/659
f 2564/1540/660 2566/1541/660 2567/1542/660
f 2569/1543/661 2573/1544/661 2575/1545/661
f 2570/1546/662 2573/1547/662 2572/1548/662
f 2571/1549/663 2573/1550/663 2574/1551/663
f 2576/1552/664 2580/1553/664 2582/1554/664
f 2577/1555/665 2580/1556/665 2579/1557/665
f 2578/1558/666 2580/1559/666 2581/1560/666
f 2583/1561/667 2587/1562/667 2589/1563/667
f 2584/1564/668 2587/1565/668 2586/1566/668
f 2585/1567/669 2587/1568/669 2588/1569/669
f 2590/1570/670 2594/1571/670 2596/1572/670
f 2591/1573/671 2594/1574/671 2593/1575/671
f 2592/1576/672 2594/1577/672 2595/1578/672
f 2597/1579/673 2601/1580/673 2603/1581/673
f 2598/1582/674 2601/1583/674 2600/1584/674
f 2599/1585/675 2601/1586/675 2602/1587/675
f 2604/1588/676 2608/1589/676 2610/1590/676
f 2605/1591/677 2608/1592/677 2607/1593/677
f 2606/1594/678 2608/1595/678 2609/1596/678
f 2611/1597/679 2615/1598/679 2617/1599/679
f 2612/1600/680 2615/1601/680 2614/1602/680
f 2613/1603/681 2615/1604/681 2616/1605/681
f 2618/1606/682 2622/1607/682 2624/1608/682
f 2619/1609/683 2622/1610/683 2621/1611/683
f 2620/1612/684 2622/1613/684 2623/1614/684
f 2625/1615/685 2629/1616/685 2631/1617/685
f 2626/1618/686 2629/1619/686 2628/1620/686
f 2627/1621/687 2629/1622/687 2630/1623/687
f 2632/1624/688 2636/1625/688 2638/1626/688
f 2633/1627/689 2636/1628/689 2635/1629/689
f 2634/1630/690 2636/1631/690 2637/1632/690
f 2639/1633/691 2643/1634/691 2645/1635/691
f 2640/1636/692 2643/1637/692 2642/1638/692
f 2641/1639/693 2643/1640/693 2644/1641/693
f 2646/1642/694 2650/1643/694 2652/1644/694
f 2647/1645/695 2650/1646/695 2649/1647/695
f 2648/1648/696 2650/1649/696 2651/1650/696
f 2653/1651/697 2657/1652/697 2659/1653/697
f 2654/1654/698 2657/1655/698 2656/1656/698
f 2655/1657/699 2657/1658/699 2658/1659/699
f 2660/1660/700 2664/1661/700 2666/1662/700
f 2661/1663/701 2664/1664/701 2663/1665/701
f 2662/1666/702 2664/1667/702 2665/1668/702
f 2667/1669/703 2671/1670/703 2673/1671/703
f 2668/1672/704 2671/1673/704 2670/1674/704
f 2669/1675/705 2671/1676/705 2672/1677/705
f 2674/1678/706 2678/1679/706 2680/1680/706
f 2675/1681/707 2678/1682/707 2677/1683/707
f 2676/1684/708 2678/1685/708 2679/1686/708
f 2681/1687/709 2685/1688/709 2687/1689/709
f 2682/1690/710 2685/1691/710 2684/1692/710
f 2683/1693/711 2685/1694/711 2686/1695/711
f 2688/1696/712 2692/1697/712 2694/1698/712
f 2689/1699/713 2692/1700/713 2691/1701/713
f 2690/1702/714 2692/1703/714 2693/1704/714
f 2695/1705/715 2699/1706/715 2701/1707/715
f 2696/1708/716 2699/1709/716 2698/1710/716
f 2697/1711/717 2699/1712/717 2700/1713/717
f 2702/1714/718 2706/1715/718 2708/1716/718
f 2703/1717/719 2706/1718/719 2705/1719/719
f 2704/1720/720 2706/1721/720 2707/1722/720
f 2709/1723/721 2713/1724/721 2715/1725/721
f 2710/1726/722 2713/1727/722 2712/1728/722
f 2711/1729/723 2713/1730/723 2714/1731/723
f 2716/1732/724 2720/1733/724 2722/1734/724
f 2717/1735/725 2720/1736/725 2719/1737/725
f 2718/1738/726 2720/1739/726 2721/1740/726
f 2723/1741/727 2727/1742/727 2729/1743/727
f 2724/1744/728 2727/1745/728 2726/1746/728
f 2725/1747/729 2727/1748/729 2728/1749/729
f 2730/1750/730 2734/1751/730 2736/1752/730
f 2731/1753/731 2734/1754/731 2733/1755/731
f 2732/1756/732 2734/1757/732 2735/1758/732
f 2737/1759/733 2741/1760/733 2743/1761/733
f 2738/1762/734 2741/1763/734 2740/1764/734
f 2739/1765/735 2741/1766/735 2742/1767/735
f 2744/1768/736 2748/1769/736 2750/1770/736
f 2745/1771/737 2748/1772/737 2747/1773/737
f 2746/1774/738 2748/1775/738 2749/1776/738
f 2751/1777/739 2755/1778/739 2757/1779/739
f 2752/1780/740 2755/1781/740 2754/1782/740
f 2753/1783/741 2755/1784/741 2756/1785/741
f 2758/1786/742 2762/1787/742 2764/1788/742
f 2759/1789/743 2762/1790/743 2761/1791/743
f 2760/1792/744 2762/1793/744 2763/1794/744
f 2473/1454/1504 2488/4393/1504 2477/4394/1504
f 2488/1470/2203 2471/1448/2203 2477/1450/2203
f 2494/1457/1871 2481/1459/1871 2498/4395/1871
f 2498/1470/1507 2478/1448/1507 2492/1462/1507
f 2472/1451/1508 2483/1461/1508 2476/1455/1508
f 2483/1461/1509 2473/1454/1509 2476/1455/1509
f 2487/1468/1510 2497/1475/1510 2493/1471/1510
f 2497/1475/1872 2486/1465/1872 2494/1474/1872
f 2487/1468/1512 2502/1480/1512 2491/1504/1512
f 2502/4396/1873 2485/1462/1873 2491/1464/1873
f 2508/1471/2204 2495/1473/2204 2512/4397/2204
f 2495/4398/1515 2506/1476/1515 2512/1484/1515
f 2501/1481/2205 2511/4399/2205 2507/1461/2205
f 2511/1488/1517 2500/1468/1517 2508/1471/1517
f 2514/1492/2206 2505/4400/2206 2501/1481/2206
f 2505/1478/1876 2513/1489/1876 2499/1476/1876
f 2522/1498/1877 2509/1486/1877 2526/4401/1877
f 2526/1496/1521 2506/1476/1521 2520/1489/1521
f 2515/1468/1522 2525/4402/1522 2521/1471/1522
f 2525/1500/1878 2514/1492/1878 2522/1498/1878
f 2515/1468/1879 2530/1504/1879 2519/4403/1879
f 2530/1505/1525 2513/1489/1525 2519/1491/1525
f 2536/1471/2207 2523/1497/2207 2540/1473/2207
f 2523/4404/1881 2534/1501/1881 2540/1505/1881
f 2529/1465/2208 2539/1475/2208 2535/1474/2208
f 2539/1475/1529 2528/1468/1529 2536/1471/1529
f 2529/1451/1530 2474/1453/1530 2533/4405/1530
f 2533/1503/1531 2471/1448/1531 2527/1501/1531
f 2480/1460/1882 2537/4406/1882 2484/4407/1882
f 2537/1503/2209 2478/1448/2209 2484/1456/2209
f 2555/1525/2210 2547/1509/2210 2558/4408/2210
f 2547/4409/2211 2556/1528/2211 2558/1530/2211
f 2542/1510/2212 2554/1518/2212 2546/4410/2212
f 2554/4411/2213 2543/1513/2213 2546/1515/2213
f 2549/1519/2214 2568/1536/2214 2553/4412/2214
f 2553/1524/2215 2564/1540/2215 2550/1522/2215
f 2557/1531/2216 2567/4413/2216 2563/1537/2216
f 2560/4414/2217 2564/1540/2217 2567/1542/2217
f 2555/1525/2218 2586/4415/2218 2583/1561/2218
f 2586/1566/2219 2557/1531/2219 2584/1564/2219
f 2590/1570/2220 2565/4416/2220 2562/1534/2220
f 2565/1539/2221 2592/1576/2221 2563/1537/2221
f 2591/1573/2222 2588/1569/2222 2595/4417/2222
f 2588/4418/2223 2592/1576/2223 2595/1578/2223
f 2569/1543/2224 2589/1563/2224 2572/4419/2224
f 2589/4420/2225 2570/1546/2225 2572/1548/2225
f 2576/1552/2226 2593/4421/2226 2590/1570/2226
f 2582/4422/2227 2591/1573/2227 2593/1575/2227
f 2571/1549/2228 2581/4423/2228 2577/1555/2228
f 2581/1560/2229 2570/1546/2229 2578/1558/2229
f 2541/1507/2230 2575/1545/2230 2544/4424/2230
f 2544/1512/2231 2571/1549/2231 2542/1510/2231
f 2576/1552/2232 2551/1521/2232 2579/4425/2232
f 2579/1557/2233 2548/1516/2233 2577/1555/2233
f 2597/1579/2234 2614/4426/2234 2611/1597/2234
f 2603/4427/2235 2612/1600/2235 2614/1602/2235
f 2598/1582/2236 2610/1590/2236 2602/4428/2236
f 2610/4429/2237 2599/1585/2237 2602/1587/2237
f 2605/1591/2238 2624/1608/2238 2609/4430/2238
f 2624/4431/2239 2606/1594/2239 2609/1596/2239
f 2613/1603/2240 2623/4432/2240 2619/1609/2240
f 2623/1614/2241 2612/1600/2241 2620/1612/2241
f 2611/1597/2242 2642/4433/2242 2639/1633/2242
f 2642/1638/2243 2613/1603/2243 2640/1636/2243
f 2646/1642/2244 2621/4434/2244 2618/1606/2244
f 2652/4435/2245 2619/1609/2245 2621/1611/2245
f 2641/1639/2246 2651/4436/2246 2647/1645/2246
f 2651/1650/2247 2640/1636/2247 2648/1648/2247
f 2625/1615/2248 2645/1635/2248 2628/4437/2248
f 2645/4438/2249 2626/1618/2249 2628/1620/2249
f 2632/1624/2250 2649/4439/2250 2646/1642/2250
f 2638/4440/2251 2647/1645/2251 2649/1647/2251
f 2627/1621/2252 2637/4441/2252 2633/1627/2252
f 2637/1632/2253 2626/1618/2253 2634/1630/2253
f 2597/1579/2254 2631/1617/2254 2600/4442/2254
f 2631/4443/2255 2598/1582/2255 2600/1584/2255
f 2605/1591/2256 2635/4444/2256 2632/1624/2256
f 2635/1629/2257 2604/1588/2257 2633/1627/2257
f 2667/1669/2258 2659/1653/2258 2670/4445/2258
f 2670/1674/2259 2655/1657/2259 2668/1672/2259
f 2654/1654/2260 2666/1662/2260 2658/4446/2260
f 2666/4447/2261 2655/1657/2261 2658/1659/2261
f 2674/1678/2262 2665/4448/2262 2661/1663/2262
f 2665/1668/2263 2676/1684/2263 2662/1666/2263
f 2675/1681/2264 2672/1677/2264 2679/4449/2264
f 2672/4450/2265 2676/1684/2265 2679/1686/2265
f 2695/1705/2266 2673/1671/2266 2698/4451/2266
f 2698/1710/2267 2669/1675/2267 2696/1708/2267
f 2674/1678/2268 2708/1716/2268 2677/4452/2268
f 2677/1683/2269 2704/1720/2269 2675/1681/2269
f 2703/1717/2270 2700/1713/2270 2707/4453/2270
f 2700/4454/2271 2704/1720/2271 2707/1722/2271
f 2695/1705/2272 2684/4455/2272 2681/1687/2272
f 2684/1692/2273 2697/1711/2273 2682/1690/2273
f 2688/1696/2274 2705/4456/2274 2702/1714/2274
f 2694/4457/2275 2703/1717/2275 2705/1719/2275
f 2683/1693/2276 2693/4458/2276 2689/1699/2276
f 2693/1704/2277 2682/1690/2277 2690/1702/2277
f 2681/1687/2278 2656/4459/2278 2653/1651/2278
f 2687/4460/2279 2654/1654/2279 2656/1656/2279
f 2661/1663/2280 2691/4461/2280 2688/1696/2280
f 2663/4462/2281 2689/1699/2281 2691/1701/2281
f 2723/1741/2282 2715/1725/2282 2726/4463/2282
f 2715/4464/2283 2724/1744/2283 2726/1746/2283
f 2710/1726/2284 2722/1734/2284 2714/4465/2284
f 2722/4466/2285 2711/1729/2285 2714/1731/2285
f 2730/1750/2286 2721/4467/2286 2717/1735/2286
f 2736/4468/2287 2718/1738/2287 2721/1740/2287
f 2725/1747/2288 2735/4469/2288 2731/1753/2288
f 2735/1758/2289 2724/1744/2289 2732/1756/2289
f 2751/1777/2290 2729/1743/2290 2754/4470/2290
f 2754/1782/2291 2725/1747/2291 2752/1780/2291
f 2730/1750/2292 2764/1788/2292 2733/4471/2292
f 2764/4472/2293 2731/1753/2293 2733/1755/2293
f 2759/1789/2294 2756/1785/2294 2763/4473/2294
f 2756/4474/2295 2760/1792/2295 2763/1794/2295
f 2751/1777/2296 2740/4475/2296 2737/1759/2296
f 2757/4476/2297 2738/1762/2297 2740/1764/2297
f 2744/1768/2298 2761/4477/2298 2758/1786/2298
f 2750/4478/2299 2759/1789/2299 2761/1791/2299
f 2739/1765/2300 2749/4479/2300 2745/1771/2300
f 2749/1776/2301 2738/1762/2301 2746/1774/2301
f 2709/1723/2302 2743/1761/2302 2712/4480/2302
f 2712/1728/2303 2739/1765/2303 2710/1726/2303
f 2744/1768/2304 2719/1737/2304 2747/4481/2304
f 2747/1773/2305 2716/1732/2305 2745/1771/2305
f 2485/1462/2840 2513/1489/2840 2527/1501/2840
f 2473/5171/2843 2494/5171/2843 2486/5171/2843
f 2529/5172/2843 2480/5172/2843 2472/5172/2843
f 2478/1448/2843 2534/1501/2843 2520/1489/2843
f 2493/5173/2856 2500/5174/2856 2487/5174/2856
f 2507/1461/2856 2514/1492/2856 2501/1481/2856
f 2521/5175/2843 2528/5176/2843 2515/5176/2843
f 2583/1561/3113 2541/1507/3113 2555/1525/3113
f 2550/1522/3114 2556/1528/3114 2543/1513/3114
f 2571/1549/3115 2548/1516/3115 2542/1510/3115
f 2562/1534/3116 2576/1552/3116 2590/1570/3116
f 2563/1537/3117 2584/1564/3117 2557/1531/3117
f 2591/1573/3118 2570/1546/3118 2585/1567/3118
f 2611/1597/3119 2625/1615/3119 2597/1579/3119
f 2606/1594/3120 2612/1600/3120 2599/1585/3120
f 2633/1627/3121 2598/1582/3121 2627/1621/3121
f 2618/1606/3122 2632/1624/3122 2646/1642/3122
f 2613/1603/3123 2648/1648/3123 2640/1636/3123
f 2647/1645/3124 2626/1618/3124 2641/1639/3124
f 2667/1669/3125 2681/1687/3125 2653/1651/3125
f 2662/1666/3126 2668/1672/3126 2655/1657/3126
f 2683/1693/3127 2660/1660/3127 2654/1654/3127
f 2702/1714/3128 2661/1663/3128 2688/1696/3128
f 2675/1681/3129 2696/1708/3129 2669/1675/3129
f 2703/1717/3130 2682/1690/3130 2697/1711/3130
f 2751/1777/3131 2709/1723/3131 2723/1741/3131
f 2711/1729/3132 2732/1756/3132 2724/1744/3132
f 2745/1771/3133 2710/1726/3133 2739/1765/3133
f 2730/1750/3134 2744/1768/3134 2758/1786/3134
f 2731/1753/3135 2752/1780/3135 2725/1747/3135
f 2759/1789/3136 2738/1762/3136 2753/1783/3136
f 2471/1448/3654 2474/1456/3654 2475/1449/3654
f 2472/1451/3529 2476/1455/3529 2475/1452/3529
f 2473/1454/3794 2477/4394/3794 2475/1452/3794
f 2478/1448/3795 2481/1450/3795 2482/1449/3795
f 2479/1457/3532 2483/1461/3532 2482/1458/3532
f 2480/1460/3533 2484/4407/3533 2482/1458/3533
f 2485/1462/3796 2488/1470/3796 2489/1463/3796
f 2486/1465/3797 2490/1469/3797 2489/1466/3797
f 2487/1468/3536 2491/1504/3536 2489/1466/3536
f 2492/1462/3798 2495/4398/3798 2496/1463/3798
f 2493/1471/3538 2497/1475/3538 2496/1472/3538
f 2494/1474/3539 2498/1506/3539 2496/1472/3539
f 2499/1476/3659 2502/4396/3659 2503/1477/3659
f 2500/1468/3541 2504/5347/3541 2503/1479/3541
f 2501/1481/3660 2505/4400/3660 2503/1482/3660
f 2506/1476/3543 2509/1478/3543 2510/1477/3543
f 2507/1461/3544 2511/4399/3544 2510/1485/3544
f 2508/1471/3799 2512/4397/3799 2510/1487/3799
f 2513/1489/3800 2516/1496/3800 2517/1490/3800
f 2514/1492/3547 2518/5348/3547 2517/1493/3547
f 2515/1468/3801 2519/4403/3801 2517/1479/3801
f 2520/1489/3549 2523/4404/3549 2524/1490/3549
f 2521/1471/3550 2525/4402/3550 2524/1487/3550
f 2522/1498/3551 2526/4401/3551 2524/1499/3551
f 2527/1501/3802 2530/1505/3802 2531/1502/3802
f 2528/1468/3803 2532/1469/3803 2531/1466/3803
f 2529/1465/3554 2533/1467/3554 2531/1466/3554
f 2534/1501/3804 2537/1503/3804 2538/1502/3804
f 2535/1474/3664 2539/1475/3664 2538/1472/3664
f 2536/1471/3665 2540/1473/3665 2538/1472/3665
f 2541/1507/3805 2544/4424/3805 2545/1508/3805
f 2542/1510/3806 2546/4410/3806 2545/1511/3806
f 2543/1513/3807 2547/4409/3807 2545/1514/3807
f 2548/1516/3808 2551/5349/3808 2552/1517/3808
f 2549/1519/3809 2553/4412/3809 2552/1520/3809
f 2550/1522/3810 2554/4411/3810 2552/1523/3810
f 2555/1525/3811 2558/4408/3811 2559/1526/3811
f 2556/1528/3812 2560/4414/3812 2559/1529/3812
f 2557/1531/3813 2561/5350/3813 2559/1532/3813
f 2562/1534/3814 2565/4416/3814 2566/1535/3814
f 2563/1537/3815 2567/4413/3815 2566/1538/3815
f 2564/1540/3816 2568/5351/3816 2566/1541/3816
f 2569/1543/3817 2572/4419/3817 2573/1544/3817
f 2570/1546/3818 2574/5352/3818 2573/1547/3818
f 2571/1549/3819 2575/5353/3819 2573/1550/3819
f 2576/1552/3820 2579/4425/3820 2580/1553/3820
f 2577/1555/3821 2581/4423/3821 2580/1556/3821
f 2578/1558/3822 2582/4422/3822 2580/1559/3822
f 2583/1561/3823 2586/4415/3823 2587/1562/3823
f 2584/1564/3824 2588/4418/3824 2587/1565/3824
f 2585/1567/3825 2589/4420/3825 2587/1568/3825
f 2590/1570/3826 2593/4421/3826 2594/1571/3826
f 2591/1573/3827 2595/4417/3827 2594/1574/3827
f 2592/1576/3828 2596/5354/3828 2594/1577/3828
f 2597/1579/3829 2600/4442/3829 2601/1580/3829
f 2598/1582/3830 2602/4428/3830 2601/1583/3830
f 2599/1585/3831 2603/4427/3831 2601/1586/3831
f 2604/1588/3832 2607/5355/3832 2608/1589/3832
f 2605/1591/3833 2609/4430/3833 2608/1592/3833
f 2606/1594/3834 2610/4429/3834 2608/1595/3834
f 2611/1597/3835 2614/4426/3835 2615/1598/3835
f 2612/1600/3836 2616/5356/3836 2615/1601/3836
f 2613/1603/3837 2617/5357/3837 2615/1604/3837
f 2618/1606/3838 2621/4434/3838 2622/1607/3838
f 2619/1609/3839 2623/4432/3839 2622/1610/3839
f 2620/1612/3840 2624/4431/3840 2622/1613/3840
f 2625/1615/3841 2628/4437/3841 2629/1616/3841
f 2626/1618/3842 2630/5358/3842 2629/1619/3842
f 2627/1621/3843 2631/4443/3843 2629/1622/3843
f 2632/1624/3844 2635/4444/3844 2636/1625/3844
f 2633/1627/3845 2637/4441/3845 2636/1628/3845
f 2634/1630/3846 2638/4440/3846 2636/1631/3846
f 2639/1633/3847 2642/4433/3847 2643/1634/3847
f 2640/1636/3848 2644/5359/3848 2643/1637/3848
f 2641/1639/3849 2645/4438/3849 2643/1640/3849
f 2646/1642/3850 2649/4439/3850 2650/1643/3850
f 2647/1645/3851 2651/4436/3851 2650/1646/3851
f 2648/1648/3852 2652/4435/3852 2650/1649/3852
f 2653/1651/3853 2656/4459/3853 2657/1652/3853
f 2654/1654/3854 2658/4446/3854 2657/1655/3854
f 2655/1657/3855 2659/5360/3855 2657/1658/3855
f 2660/1660/3856 2663/4462/3856 2664/1661/3856
f 2661/1663/3857 2665/4448/3857 2664/1664/3857
f 2662/1666/3858 2666/4447/3858 2664/1667/3858
f 2667/1669/3859 2670/4445/3859 2671/1670/3859
f 2668/1672/3860 2672/4450/3860 2671/1673/3860
f 2669/1675/3861 2673/5361/3861 2671/1676/3861
f 2674/1678/3862 2677/4452/3862 2678/1679/3862
f 2675/1681/3863 2679/4449/3863 2678/1682/3863
f 2676/1684/3864 2680/5362/3864 2678/1685/3864
f 2681/1687/3865 2684/4455/3865 2685/1688/3865
f 2682/1690/3866 2686/5363/3866 2685/1691/3866
f 2683/1693/3867 2687/4460/3867 2685/1694/3867
f 2688/1696/3868 2691/4461/3868 2692/1697/3868
f 2689/1699/3869 2693/4458/3869 2692/1700/3869
f 2690/1702/3870 2694/4457/3870 2692/1703/3870
f 2695/1705/3871 2698/4451/3871 2699/1706/3871
f 2696/1708/3872 2700/4454/3872 2699/1709/3872
f 2697/1711/3873 2701/5364/3873 2699/1712/3873
f 2702/1714/3874 2705/4456/3874 2706/1715/3874
f 2703/1717/3875 2707/4453/3875 2706/1718/3875
f 2704/1720/3876 2708/5365/3876 2706/1721/3876
f 2709/1723/3877 2712/4480/3877 2713/1724/3877
f 2710/1726/3878 2714/4465/3878 2713/1727/3878
f 2711/1729/3879 2715/4464/3879 2713/1730/3879
f 2716/1732/3880 2719/5366/3880 2720/1733/3880
f 2717/1735/3881 2721/4467/3881 2720/1736/3881
f 2718/1738/3882 2722/4466/3882 2720/1739/3882
f 2723/1741/3883 2726/4463/3883 2727/1742/3883
f 2724/1744/3884 2728/5367/3884 2727/1745/3884
f 2725/1747/3885 2729/5368/3885 2727/1748/3885
f 2730/1750/3886 2733/4471/3886 2734/1751/3886
f 2731/1753/3887 2735/4469/3887 2734/1754/3887
f 2732/1756/3888 2736/4468/3888 2734/1757/3888
f 2737/1759/3889 2740/4475/3889 2741/1760/3889
f 2738/1762/3890 2742/5369/3890 2741/1763/3890
f 2739/1765/3891 2743/5370/3891 2741/1766/3891
f 2744/1768/3892 2747/4481/3892 2748/1769/3892
f 2745/1771/3893 2749/4479/3893 2748/1772/3893
f 2746/1774/3894 2750/4478/3894 2748/1775/3894
f 2751/1777/3895 2754/4470/3895 2755/1778/3895
f 2752/1780/3896 2756/4474/3896 2755/1781/3896
f 2753/1783/3897 2757/4476/3897 2755/1784/3897
f 2758/1786/3898 2761/4477/3898 2762/1787/3898
f 2759/1789/3899 2763/4473/3899 2762/1790/3899
f 2760/1792/3900 2764/4472/3900 2762/1793/3900
f 2473/5171/2843 2486/5171/2843 2488/1470/2843
f 2488/1470/1505 2485/1462/1505 2471/1448/1505
f 2494/5171/2843 2479/5171/2843 2481/1450/2843
f 2498/1470/4605 2481/1450/4605 2478/1448/4605
f 2472/1451/1508 2480/1460/1508 2483/1461/1508
f 2483/1461/1509 2479/1457/1509 2473/1454/1509
f 2487/1468/1510 2490/1469/1510 2497/1475/1510
f 2497/1475/1872 2490/1469/1872 2486/1465/1872
f 2487/5174/2856 2500/5174/2856 2502/5617/2856
f 2502/4396/1873 2499/1476/1873 2485/1462/1873
f 2508/5173/2856 2493/5173/2856 2495/5618/2856
f 2495/4398/1875 2492/1462/1875 2506/1476/1875
f 2501/1481/1516 2504/1483/1516 2511/4399/1516
f 2511/1488/1517 2504/5347/1517 2500/1468/1517
f 2514/1492/1518 2516/1494/1518 2505/4400/1518
f 2505/1478/4606 2516/1496/4606 2513/1489/4606
f 2522/1498/4607 2507/1461/4607 2509/1486/4607
f 2526/1496/1521 2509/1478/1521 2506/1476/1521
f 2515/1468/1522 2518/1495/1522 2525/4402/1522
f 2525/1500/1523 2518/5348/1523 2514/1492/1523
f 2515/5176/2843 2528/5176/2843 2530/5619/2843
f 2530/1505/1525 2527/1501/1525 2513/1489/1525
f 2536/5175/2856 2521/5175/2856 2523/5620/2856
f 2523/4404/1881 2520/1489/1881 2534/1501/1881
f 2529/1465/2208 2532/1469/2208 2539/1475/2208
f 2539/1475/1529 2532/1469/1529 2528/1468/1529
f 2529/5172/2843 2472/5172/2843 2474/1456/2843
f 2533/1503/4608 2474/1456/4608 2471/1448/4608
f 2480/5172/2843 2535/5172/2843 2537/1503/2843
f 2537/1503/1533 2534/1501/1533 2478/1448/1533
f 2555/1525/2210 2541/1507/2210 2547/1509/2210
f 2547/4409/2211 2543/1513/2211 2556/1528/2211
f 2542/1510/2212 2548/1516/2212 2554/1518/2212
f 2554/4411/2213 2550/1522/2213 2543/1513/2213
f 2549/1519/2214 2562/1534/2214 2568/1536/2214
f 2553/1524/4609 2568/5351/4609 2564/1540/4609
f 2557/1531/2216 2560/1533/2216 2567/4413/2216
f 2560/4414/2217 2556/1528/2217 2564/1540/2217
f 2555/1525/4610 2561/1527/4610 2586/4415/4610
f 2586/1566/2219 2561/5350/2219 2557/1531/2219
f 2590/1570/2220 2596/1572/2220 2565/4416/2220
f 2565/1539/2221 2596/5354/2221 2592/1576/2221
f 2591/1573/2222 2585/1567/2222 2588/1569/2222
f 2588/4418/2223 2584/1564/2223 2592/1576/2223
f 2569/1543/2224 2583/1561/2224 2589/1563/2224
f 2589/4420/4611 2585/1567/4611 2570/1546/4611
f 2576/1552/4612 2582/1554/4612 2593/4421/4612
f 2582/4422/2227 2578/1558/2227 2591/1573/2227
f 2571/1549/2228 2574/1551/2228 2581/4423/2228
f 2581/1560/2229 2574/5352/2229 2570/1546/2229
f 2541/1507/2230 2569/1543/2230 2575/1545/2230
f 2544/1512/2231 2575/5353/2231 2571/1549/2231
f 2576/1552/2232 2549/1519/2232 2551/1521/2232
f 2579/1557/2233 2551/5349/2233 2548/1516/2233
f 2597/1579/4613 2603/1581/4613 2614/4426/4613
f 2603/4427/4614 2599/1585/4614 2612/1600/4614
f 2598/1582/2236 2604/1588/2236 2610/1590/2236
f 2610/4429/2237 2606/1594/2237 2599/1585/2237
f 2605/1591/4615 2618/1606/4615 2624/1608/4615
f 2624/4431/2239 2620/1612/2239 2606/1594/2239
f 2613/1603/2240 2616/1605/2240 2623/4432/2240
f 2623/1614/2241 2616/5356/2241 2612/1600/2241
f 2611/1597/2242 2617/1599/2242 2642/4433/2242
f 2642/1638/2243 2617/5357/2243 2613/1603/2243
f 2646/1642/2244 2652/1644/2244 2621/4434/2244
f 2652/4435/2245 2648/1648/2245 2619/1609/2245
f 2641/1639/2246 2644/1641/2246 2651/4436/2246
f 2651/1650/2247 2644/5359/2247 2640/1636/2247
f 2625/1615/2248 2639/1633/2248 2645/1635/2248
f 2645/4438/2249 2641/1639/2249 2626/1618/2249
f 2632/1624/2250 2638/1626/2250 2649/4439/2250
f 2638/4440/2251 2634/1630/2251 2647/1645/2251
f 2627/1621/2252 2630/1623/2252 2637/4441/2252
f 2637/1632/2253 2630/5358/2253 2626/1618/2253
f 2597/1579/2254 2625/1615/2254 2631/1617/2254
f 2631/4443/4616 2627/1621/4616 2598/1582/4616
f 2605/1591/2256 2607/1593/2256 2635/4444/2256
f 2635/1629/2257 2607/5355/2257 2604/1588/2257
f 2667/1669/4617 2653/1651/4617 2659/1653/4617
f 2670/1674/2259 2659/5360/2259 2655/1657/2259
f 2654/1654/2260 2660/1660/2260 2666/1662/2260
f 2666/4447/2261 2662/1666/2261 2655/1657/2261
f 2674/1678/2262 2680/1680/2262 2665/4448/2262
f 2665/1668/4618 2680/5362/4618 2676/1684/4618
f 2675/1681/4619 2669/1675/4619 2672/1677/4619
f 2672/4450/2265 2668/1672/2265 2676/1684/2265
f 2695/1705/4620 2667/1669/4620 2673/1671/4620
f 2698/1710/2267 2673/5361/2267 2669/1675/2267
f 2674/1678/4621 2702/1714/4621 2708/1716/4621
f 2677/1683/2269 2708/5365/2269 2704/1720/2269
f 2703/1717/2270 2697/1711/2270 2700/1713/2270
f 2700/4454/2271 2696/1708/2271 2704/1720/2271
f 2695/1705/2272 2701/1707/2272 2684/4455/2272
f 2684/1692/2273 2701/5364/2273 2697/1711/2273
f 2688/1696/2274 2694/1698/2274 2705/4456/2274
f 2694/4457/2275 2690/1702/2275 2703/1717/2275
f 2683/1693/2276 2686/1695/2276 2693/4458/2276
f 2693/1704/2277 2686/5363/2277 2682/1690/2277
f 2681/1687/4622 2687/1689/4622 2656/4459/4622
f 2687/4460/2279 2683/1693/2279 2654/1654/2279
f 2661/1663/4623 2663/1665/4623 2691/4461/4623
f 2663/4462/2281 2660/1660/2281 2689/1699/2281
f 2723/1741/4624 2709/1723/4624 2715/1725/4624
f 2715/4464/2283 2711/1729/2283 2724/1744/2283
f 2710/1726/2284 2716/1732/2284 2722/1734/2284
f 2722/4466/2285 2718/1738/2285 2711/1729/2285
f 2730/1750/2286 2736/1752/2286 2721/4467/2286
f 2736/4468/2287 2732/1756/2287 2718/1738/2287
f 2725/1747/2288 2728/1749/2288 2735/4469/2288
f 2735/1758/2289 2728/5367/2289 2724/1744/2289
f 2751/1777/2290 2723/1741/2290 2729/1743/2290
f 2754/1782/2291 2729/5368/2291 2725/1747/2291
f 2730/1750/2292 2758/1786/2292 2764/1788/2292
f 2764/4472/2293 2760/1792/2293 2731/1753/2293
f 2759/1789/2294 2753/1783/2294 2756/1785/2294
f 2756/4474/4625 2752/1780/4625 2760/1792/4625
f 2751/1777/2296 2757/1779/2296 2740/4475/2296
f 2757/4476/4626 2753/1783/4626 2738/1762/4626
f 2744/1768/4627 2750/1770/4627 2761/4477/4627
f 2750/4478/2299 2746/1774/2299 2759/1789/2299
f 2739/1765/2300 2742/1767/2300 2749/4479/2300
f 2749/1776/2301 2742/5369/2301 2738/1762/2301
f 2709/1723/2302 2737/1759/2302 2743/1761/2302
f 2712/1728/2303 2743/5370/2303 2739/1765/2303
f 2744/1768/4628 2717/1735/4628 2719/1737/4628
f 2747/1773/2305 2719/5366/2305 2716/1732/2305
f 2527/1501/2840 2471/1448/2840 2485/1462/2840
f 2485/1462/2840 2499/1476/2840 2513/1489/2840
f 2473/5171/2843 2479/5171/2843 2494/5171/2843
f 2529/5172/2843 2535/5172/2843 2480/5172/2843
f 2506/1476/2843 2492/1462/2843 2520/1489/2843
f 2492/1462/2843 2478/1448/2843 2520/1489/2843
f 2493/5173/2856 2508/5173/2856 2500/5174/2856
f 2507/1461/2856 2522/1498/2856 2514/1492/2856
f 2521/5175/2843 2536/5175/2843 2528/5176/2843
f 2583/1561/3113 2569/1543/3113 2541/1507/3113
f 2550/1522/3114 2564/1540/3114 2556/1528/3114
f 2571/1549/3115 2577/1555/3115 2548/1516/3115
f 2562/1534/3116 2549/1519/3116 2576/1552/3116
f 2563/1537/3117 2592/1576/3117 2584/1564/3117
f 2591/1573/3118 2578/1558/3118 2570/1546/3118
f 2611/1597/3119 2639/1633/3119 2625/1615/3119
f 2606/1594/3120 2620/1612/3120 2612/1600/3120
f 2633/1627/3121 2604/1588/3121 2598/1582/3121
f 2618/1606/3122 2605/1591/3122 2632/1624/3122
f 2613/1603/3123 2619/1609/3123 2648/1648/3123
f 2647/1645/3124 2634/1630/3124 2626/1618/3124
f 2667/1669/3125 2695/1705/3125 2681/1687/3125
f 2662/1666/3126 2676/1684/3126 2668/1672/3126
f 2683/1693/3127 2689/1699/3127 2660/1660/3127
f 2702/1714/3128 2674/1678/3128 2661/1663/3128
f 2675/1681/3129 2704/1720/3129 2696/1708/3129
f 2703/1717/3130 2690/1702/3130 2682/1690/3130
f 2751/1777/3131 2737/1759/3131 2709/1723/3131
f 2711/1729/3132 2718/1738/3132 2732/1756/3132
f 2745/1771/3133 2716/1732/3133 2710/1726/3133
f 2730/1750/3134 2717/1735/3134 2744/1768/3134
f 2731/1753/3135 2760/1792/3135 2752/1780/3135
f 2759/1789/3136 2746/1774/3136 2738/1762/3136
